id,document_id,source_page_url,locator,raw_link_label,source_attribute
1,1,https://olimpicos.net/ipho/index.html,article[0]/material[0],Theory instructions,href
2,2,https://olimpicos.net/ipho/index.html,article[0]/material[1],Problem,href
3,3,https://olimpicos.net/ipho/index.html,article[0]/material[2],Solution,href
4,4,https://olimpicos.net/ipho/index.html,article[0]/material[3],Marking scheme,href
5,5,https://olimpicos.net/ipho/index.html,article[0]/material[4],LaTeX source (.zip),href
6,6,https://olimpicos.net/ipho/index.html,article[0]/material[5],LaTeX PDF,href
7,7,https://olimpicos.net/ipho/index.html,article[0]/material[6],LaTeX solution PDF,href
8,8,https://olimpicos.net/ipho/index.html,article[0]/material[7],LaTeX transcription (.tex),data-x
9,6,https://olimpicos.net/ipho/index.html,article[0]/material[7],LaTeX PDF,data-tp
10,7,https://olimpicos.net/ipho/index.html,article[0]/material[7],LaTeX solution PDF,data-ts
11,5,https://olimpicos.net/ipho/index.html,article[0]/material[7],LaTeX source (.zip),data-z
12,9,https://olimpicos.net/ipho/index.html,article[0]/material[8],Problem,href
13,10,https://olimpicos.net/ipho/index.html,article[0]/material[9],Solution,href
14,11,https://olimpicos.net/ipho/index.html,article[0]/material[10],Marking scheme,href
15,12,https://olimpicos.net/ipho/index.html,article[0]/material[11],LaTeX source (.zip),href
16,13,https://olimpicos.net/ipho/index.html,article[0]/material[12],LaTeX PDF,href
17,14,https://olimpicos.net/ipho/index.html,article[0]/material[13],LaTeX solution PDF,href
18,15,https://olimpicos.net/ipho/index.html,article[0]/material[14],LaTeX transcription (.tex),data-x
19,13,https://olimpicos.net/ipho/index.html,article[0]/material[14],LaTeX PDF,data-tp
20,14,https://olimpicos.net/ipho/index.html,article[0]/material[14],LaTeX solution PDF,data-ts
21,12,https://olimpicos.net/ipho/index.html,article[0]/material[14],LaTeX source (.zip),data-z
22,16,https://olimpicos.net/ipho/index.html,article[0]/material[15],Problem,href
23,17,https://olimpicos.net/ipho/index.html,article[0]/material[16],Solution,href
24,18,https://olimpicos.net/ipho/index.html,article[0]/material[17],Marking scheme,href
25,19,https://olimpicos.net/ipho/index.html,article[0]/material[18],LaTeX source (.zip),href
26,20,https://olimpicos.net/ipho/index.html,article[0]/material[19],LaTeX PDF,href
27,21,https://olimpicos.net/ipho/index.html,article[0]/material[20],LaTeX solution PDF,href
28,22,https://olimpicos.net/ipho/index.html,article[0]/material[21],LaTeX transcription (.tex),data-x
29,20,https://olimpicos.net/ipho/index.html,article[0]/material[21],LaTeX PDF,data-tp
30,21,https://olimpicos.net/ipho/index.html,article[0]/material[21],LaTeX solution PDF,data-ts
31,19,https://olimpicos.net/ipho/index.html,article[0]/material[21],LaTeX source (.zip),data-z
32,23,https://olimpicos.net/ipho/index.html,article[0]/material[22],Problem,href
33,24,https://olimpicos.net/ipho/index.html,article[0]/material[23],Solution,href
34,25,https://olimpicos.net/ipho/index.html,article[0]/material[24],LaTeX source (.zip),href
35,26,https://olimpicos.net/ipho/index.html,article[0]/material[25],LaTeX PDF,href
36,27,https://olimpicos.net/ipho/index.html,article[0]/material[26],LaTeX solution PDF,href
37,28,https://olimpicos.net/ipho/index.html,article[0]/material[27],LaTeX transcription (.tex),data-x
38,26,https://olimpicos.net/ipho/index.html,article[0]/material[27],LaTeX PDF,data-tp
39,27,https://olimpicos.net/ipho/index.html,article[0]/material[27],LaTeX solution PDF,data-ts
40,25,https://olimpicos.net/ipho/index.html,article[0]/material[27],LaTeX source (.zip),data-z
41,23,https://olimpicos.net/ipho/index.html,article[0]/material[28],Problem,href
42,24,https://olimpicos.net/ipho/index.html,article[0]/material[29],Solution,href
43,25,https://olimpicos.net/ipho/index.html,article[0]/material[30],LaTeX source (.zip),href
44,26,https://olimpicos.net/ipho/index.html,article[0]/material[31],LaTeX PDF,href
45,27,https://olimpicos.net/ipho/index.html,article[0]/material[32],LaTeX solution PDF,href
46,28,https://olimpicos.net/ipho/index.html,article[0]/material[33],LaTeX transcription (.tex),data-x
47,26,https://olimpicos.net/ipho/index.html,article[0]/material[33],LaTeX PDF,data-tp
48,27,https://olimpicos.net/ipho/index.html,article[0]/material[33],LaTeX solution PDF,data-ts
49,25,https://olimpicos.net/ipho/index.html,article[0]/material[33],LaTeX source (.zip),data-z
50,29,https://olimpicos.net/ipho/index.html,article[1]/material[0],Theory instructions,href
51,30,https://olimpicos.net/ipho/index.html,article[1]/material[1],Experiment instructions,href
52,31,https://olimpicos.net/ipho/index.html,article[1]/material[2],Results,href
53,32,https://olimpicos.net/ipho/index.html,article[1]/material[3],Minutes,href
54,33,https://olimpicos.net/ipho/index.html,article[1]/material[4],Problem,href
55,34,https://olimpicos.net/ipho/index.html,article[1]/material[5],Solution,href
56,35,https://olimpicos.net/ipho/index.html,article[1]/material[6],Answer sheet,href
57,36,https://olimpicos.net/ipho/index.html,article[1]/material[7],LaTeX source (.zip),href
58,37,https://olimpicos.net/ipho/index.html,article[1]/material[8],LaTeX PDF,href
59,38,https://olimpicos.net/ipho/index.html,article[1]/material[9],LaTeX transcription (.tex),data-x
60,37,https://olimpicos.net/ipho/index.html,article[1]/material[9],LaTeX PDF,data-tp
61,36,https://olimpicos.net/ipho/index.html,article[1]/material[9],LaTeX source (.zip),data-z
62,39,https://olimpicos.net/ipho/index.html,article[1]/material[10],Problem,href
63,40,https://olimpicos.net/ipho/index.html,article[1]/material[11],Solution,href
64,41,https://olimpicos.net/ipho/index.html,article[1]/material[12],Answer sheet,href
65,42,https://olimpicos.net/ipho/index.html,article[1]/material[13],LaTeX source (.zip),href
66,43,https://olimpicos.net/ipho/index.html,article[1]/material[14],LaTeX PDF,href
67,44,https://olimpicos.net/ipho/index.html,article[1]/material[15],LaTeX solution PDF,href
68,45,https://olimpicos.net/ipho/index.html,article[1]/material[16],LaTeX transcription (.tex),data-x
69,43,https://olimpicos.net/ipho/index.html,article[1]/material[16],LaTeX PDF,data-tp
70,44,https://olimpicos.net/ipho/index.html,article[1]/material[16],LaTeX solution PDF,data-ts
71,42,https://olimpicos.net/ipho/index.html,article[1]/material[16],LaTeX source (.zip),data-z
72,46,https://olimpicos.net/ipho/index.html,article[1]/material[17],Problem,href
73,47,https://olimpicos.net/ipho/index.html,article[1]/material[18],Solution,href
74,48,https://olimpicos.net/ipho/index.html,article[1]/material[19],Answer sheet,href
75,49,https://olimpicos.net/ipho/index.html,article[1]/material[20],LaTeX source (.zip),href
76,50,https://olimpicos.net/ipho/index.html,article[1]/material[21],LaTeX PDF,href
77,51,https://olimpicos.net/ipho/index.html,article[1]/material[22],LaTeX transcription (.tex),data-x
78,50,https://olimpicos.net/ipho/index.html,article[1]/material[22],LaTeX PDF,data-tp
79,49,https://olimpicos.net/ipho/index.html,article[1]/material[22],LaTeX source (.zip),data-z
80,52,https://olimpicos.net/ipho/index.html,article[1]/material[23],Problem,href
81,53,https://olimpicos.net/ipho/index.html,article[1]/material[24],Solution,href
82,54,https://olimpicos.net/ipho/index.html,article[1]/material[25],Answer sheet,href
83,55,https://olimpicos.net/ipho/index.html,article[1]/material[26],LaTeX source (.zip),href
84,56,https://olimpicos.net/ipho/index.html,article[1]/material[27],LaTeX PDF,href
85,57,https://olimpicos.net/ipho/index.html,article[1]/material[28],LaTeX solution PDF,href
86,58,https://olimpicos.net/ipho/index.html,article[1]/material[29],LaTeX transcription (.tex),data-x
87,56,https://olimpicos.net/ipho/index.html,article[1]/material[29],LaTeX PDF,data-tp
88,57,https://olimpicos.net/ipho/index.html,article[1]/material[29],LaTeX solution PDF,data-ts
89,55,https://olimpicos.net/ipho/index.html,article[1]/material[29],LaTeX source (.zip),data-z
90,59,https://olimpicos.net/ipho/index.html,article[1]/material[30],Problem,href
91,60,https://olimpicos.net/ipho/index.html,article[1]/material[31],Solution,href
92,61,https://olimpicos.net/ipho/index.html,article[1]/material[32],Answer sheet,href
93,62,https://olimpicos.net/ipho/index.html,article[1]/material[33],LaTeX source (.zip),href
94,63,https://olimpicos.net/ipho/index.html,article[1]/material[34],LaTeX PDF,href
95,64,https://olimpicos.net/ipho/index.html,article[1]/material[35],LaTeX solution PDF,href
96,65,https://olimpicos.net/ipho/index.html,article[1]/material[36],LaTeX transcription (.tex),data-x
97,63,https://olimpicos.net/ipho/index.html,article[1]/material[36],LaTeX PDF,data-tp
98,64,https://olimpicos.net/ipho/index.html,article[1]/material[36],LaTeX solution PDF,data-ts
99,62,https://olimpicos.net/ipho/index.html,article[1]/material[36],LaTeX source (.zip),data-z
100,66,https://olimpicos.net/ipho/index.html,article[1]/material[37],Problem,href
101,67,https://olimpicos.net/ipho/index.html,article[1]/material[38],Answer sheet,href
102,68,https://olimpicos.net/ipho/index.html,article[1]/material[39],LaTeX source (.zip),href
103,69,https://olimpicos.net/ipho/index.html,article[1]/material[40],LaTeX PDF,href
104,70,https://olimpicos.net/ipho/index.html,article[1]/material[41],LaTeX transcription (.tex),data-x
105,69,https://olimpicos.net/ipho/index.html,article[1]/material[41],LaTeX PDF,data-tp
106,68,https://olimpicos.net/ipho/index.html,article[1]/material[41],LaTeX source (.zip),data-z
107,66,https://olimpicos.net/ipho/index.html,article[1]/material[42],Problem,href
108,67,https://olimpicos.net/ipho/index.html,article[1]/material[43],Answer sheet,href
109,68,https://olimpicos.net/ipho/index.html,article[1]/material[44],LaTeX source (.zip),href
110,69,https://olimpicos.net/ipho/index.html,article[1]/material[45],LaTeX PDF,href
111,70,https://olimpicos.net/ipho/index.html,article[1]/material[46],LaTeX transcription (.tex),data-x
112,69,https://olimpicos.net/ipho/index.html,article[1]/material[46],LaTeX PDF,data-tp
113,68,https://olimpicos.net/ipho/index.html,article[1]/material[46],LaTeX source (.zip),data-z
114,71,https://olimpicos.net/ipho/index.html,article[2]/material[0],Minutes,href
115,72,https://olimpicos.net/ipho/index.html,article[2]/material[1],Problem,href
116,73,https://olimpicos.net/ipho/index.html,article[2]/material[2],Solution,href
117,74,https://olimpicos.net/ipho/index.html,article[2]/material[3],Answer sheet,href
118,75,https://olimpicos.net/ipho/index.html,article[2]/material[4],Marking scheme,href
119,76,https://olimpicos.net/ipho/index.html,article[2]/material[5],Presentation,href
120,77,https://olimpicos.net/ipho/index.html,article[2]/material[6],LaTeX source (.zip),href
121,78,https://olimpicos.net/ipho/index.html,article[2]/material[7],LaTeX PDF,href
122,79,https://olimpicos.net/ipho/index.html,article[2]/material[8],LaTeX transcription (.tex),data-x
123,78,https://olimpicos.net/ipho/index.html,article[2]/material[8],LaTeX PDF,data-tp
124,77,https://olimpicos.net/ipho/index.html,article[2]/material[8],LaTeX source (.zip),data-z
125,80,https://olimpicos.net/ipho/index.html,article[2]/material[9],Problem,href
126,81,https://olimpicos.net/ipho/index.html,article[2]/material[10],Solution,href
127,82,https://olimpicos.net/ipho/index.html,article[2]/material[11],Answer sheet,href
128,83,https://olimpicos.net/ipho/index.html,article[2]/material[12],Marking scheme,href
129,84,https://olimpicos.net/ipho/index.html,article[2]/material[13],Presentation,href
130,85,https://olimpicos.net/ipho/index.html,article[2]/material[14],LaTeX source (.zip),href
131,86,https://olimpicos.net/ipho/index.html,article[2]/material[15],LaTeX PDF,href
132,87,https://olimpicos.net/ipho/index.html,article[2]/material[16],LaTeX transcription (.tex),data-x
133,86,https://olimpicos.net/ipho/index.html,article[2]/material[16],LaTeX PDF,data-tp
134,85,https://olimpicos.net/ipho/index.html,article[2]/material[16],LaTeX source (.zip),data-z
135,88,https://olimpicos.net/ipho/index.html,article[2]/material[17],Problem,href
136,89,https://olimpicos.net/ipho/index.html,article[2]/material[18],Solution,href
137,90,https://olimpicos.net/ipho/index.html,article[2]/material[19],Answer sheet,href
138,91,https://olimpicos.net/ipho/index.html,article[2]/material[20],Marking scheme,href
139,92,https://olimpicos.net/ipho/index.html,article[2]/material[21],Presentation,href
140,93,https://olimpicos.net/ipho/index.html,article[2]/material[22],Problem,href
141,94,https://olimpicos.net/ipho/index.html,article[2]/material[23],Solution,href
142,95,https://olimpicos.net/ipho/index.html,article[2]/material[24],Answer sheet,href
143,96,https://olimpicos.net/ipho/index.html,article[2]/material[25],Marking scheme,href
144,97,https://olimpicos.net/ipho/index.html,article[2]/material[26],Presentation,href
145,98,https://olimpicos.net/ipho/index.html,article[2]/material[27],Problem,href
146,99,https://olimpicos.net/ipho/index.html,article[2]/material[28],Solution,href
147,100,https://olimpicos.net/ipho/index.html,article[2]/material[29],Answer sheet,href
148,101,https://olimpicos.net/ipho/index.html,article[2]/material[30],Marking scheme,href
149,102,https://olimpicos.net/ipho/index.html,article[2]/material[31],Presentation,href
150,103,https://olimpicos.net/ipho/index.html,article[3]/material[0],Theory instructions,href
151,104,https://olimpicos.net/ipho/index.html,article[3]/material[1],Experiment instructions,href
152,105,https://olimpicos.net/ipho/index.html,article[3]/material[2],Minutes,href
153,106,https://olimpicos.net/ipho/index.html,article[3]/material[3],Problem,href
154,107,https://olimpicos.net/ipho/index.html,article[3]/material[4],Solution,href
155,108,https://olimpicos.net/ipho/index.html,article[3]/material[5],Answer sheet,href
156,109,https://olimpicos.net/ipho/index.html,article[3]/material[6],Marking scheme,href
157,110,https://olimpicos.net/ipho/index.html,article[3]/material[7],Problem,href
158,111,https://olimpicos.net/ipho/index.html,article[3]/material[8],Solution,href
159,112,https://olimpicos.net/ipho/index.html,article[3]/material[9],Answer sheet,href
160,113,https://olimpicos.net/ipho/index.html,article[3]/material[10],Marking scheme,href
161,114,https://olimpicos.net/ipho/index.html,article[3]/material[11],Problem,href
162,115,https://olimpicos.net/ipho/index.html,article[3]/material[12],Solution,href
163,116,https://olimpicos.net/ipho/index.html,article[3]/material[13],Answer sheet,href
164,117,https://olimpicos.net/ipho/index.html,article[3]/material[14],Marking scheme,href
165,118,https://olimpicos.net/ipho/index.html,article[3]/material[15],Problem,href
166,119,https://olimpicos.net/ipho/index.html,article[3]/material[16],Solution,href
167,120,https://olimpicos.net/ipho/index.html,article[3]/material[17],Answer sheet,href
168,121,https://olimpicos.net/ipho/index.html,article[3]/material[18],Marking scheme,href
169,122,https://olimpicos.net/ipho/index.html,article[3]/material[19],Problem,href
170,123,https://olimpicos.net/ipho/index.html,article[3]/material[20],Solution,href
171,124,https://olimpicos.net/ipho/index.html,article[3]/material[21],Answer sheet,href
172,125,https://olimpicos.net/ipho/index.html,article[3]/material[22],Marking scheme,href
173,126,https://olimpicos.net/ipho/index.html,article[4]/material[0],Theory instructions,href
174,127,https://olimpicos.net/ipho/index.html,article[4]/material[1],Experiment instructions,href
175,128,https://olimpicos.net/ipho/index.html,article[4]/material[2],Minutes,href
176,129,https://olimpicos.net/ipho/index.html,article[4]/material[3],Extraordinary minutes,href
177,130,https://olimpicos.net/ipho/index.html,article[4]/material[4],Experiment data (zip),href
178,131,https://olimpicos.net/ipho/index.html,article[4]/material[5],Results (Excel),href
179,132,https://olimpicos.net/ipho/index.html,article[4]/material[6],Problem,href
180,133,https://olimpicos.net/ipho/index.html,article[4]/material[7],Solution,href
181,134,https://olimpicos.net/ipho/index.html,article[4]/material[8],Answer sheet,href
182,135,https://olimpicos.net/ipho/index.html,article[4]/material[9],Problem,href
183,136,https://olimpicos.net/ipho/index.html,article[4]/material[10],Solution,href
184,137,https://olimpicos.net/ipho/index.html,article[4]/material[11],Answer sheet,href
185,138,https://olimpicos.net/ipho/index.html,article[4]/material[12],Problem,href
186,139,https://olimpicos.net/ipho/index.html,article[4]/material[13],Solution,href
187,140,https://olimpicos.net/ipho/index.html,article[4]/material[14],Answer sheet,href
188,141,https://olimpicos.net/ipho/index.html,article[4]/material[15],Problem,href
189,142,https://olimpicos.net/ipho/index.html,article[4]/material[16],Solution,href
190,143,https://olimpicos.net/ipho/index.html,article[4]/material[17],Answer sheet,href
191,144,https://olimpicos.net/ipho/index.html,article[4]/material[18],Problem,href
192,145,https://olimpicos.net/ipho/index.html,article[4]/material[19],Solution,href
193,146,https://olimpicos.net/ipho/index.html,article[4]/material[20],Answer sheet,href
194,147,https://olimpicos.net/ipho/index.html,article[5]/material[0],Experiment instructions,href
195,148,https://olimpicos.net/ipho/index.html,article[5]/material[1],Minutes,href
196,149,https://olimpicos.net/ipho/index.html,article[5]/material[2],Proceedings,href
197,150,https://olimpicos.net/ipho/index.html,article[5]/material[3],Experiment data (zip),href
198,151,https://olimpicos.net/ipho/index.html,article[5]/material[4],Problem,href
199,152,https://olimpicos.net/ipho/index.html,article[5]/material[5],Solution,href
200,153,https://olimpicos.net/ipho/index.html,article[5]/material[6],Answer sheet,href
201,154,https://olimpicos.net/ipho/index.html,article[5]/material[7],Problem,href
202,155,https://olimpicos.net/ipho/index.html,article[5]/material[8],Solution,href
203,156,https://olimpicos.net/ipho/index.html,article[5]/material[9],Answer sheet,href
204,157,https://olimpicos.net/ipho/index.html,article[5]/material[10],Problem,href
205,158,https://olimpicos.net/ipho/index.html,article[5]/material[11],Solution,href
206,159,https://olimpicos.net/ipho/index.html,article[5]/material[12],Answer sheet,href
207,160,https://olimpicos.net/ipho/index.html,article[5]/material[13],Problem,href
208,161,https://olimpicos.net/ipho/index.html,article[5]/material[14],Solution,href
209,162,https://olimpicos.net/ipho/index.html,article[5]/material[15],Answer sheet,href
210,163,https://olimpicos.net/ipho/index.html,article[5]/material[16],Problem,href
211,164,https://olimpicos.net/ipho/index.html,article[5]/material[17],Solution,href
212,165,https://olimpicos.net/ipho/index.html,article[5]/material[18],Answer sheet,href
213,166,https://olimpicos.net/ipho/index.html,article[6]/material[0],Problem,href
214,167,https://olimpicos.net/ipho/index.html,article[6]/material[1],Solution,href
215,168,https://olimpicos.net/ipho/index.html,article[6]/material[2],Problem,href
216,169,https://olimpicos.net/ipho/index.html,article[6]/material[3],Solution,href
217,170,https://olimpicos.net/ipho/index.html,article[6]/material[4],Problem,href
218,171,https://olimpicos.net/ipho/index.html,article[6]/material[5],Solution,href
219,172,https://olimpicos.net/ipho/index.html,article[6]/material[6],Problem,href
220,173,https://olimpicos.net/ipho/index.html,article[6]/material[7],Solution,href
221,174,https://olimpicos.net/ipho/index.html,article[6]/material[8],Answer sheet,href
222,175,https://olimpicos.net/ipho/index.html,article[6]/material[9],Appendix,href
223,176,https://olimpicos.net/ipho/index.html,article[6]/material[10],Instructions,href
224,172,https://olimpicos.net/ipho/index.html,article[6]/material[11],Problem,href
225,173,https://olimpicos.net/ipho/index.html,article[6]/material[12],Solution,href
226,174,https://olimpicos.net/ipho/index.html,article[6]/material[13],Answer sheet,href
227,175,https://olimpicos.net/ipho/index.html,article[6]/material[14],Appendix,href
228,176,https://olimpicos.net/ipho/index.html,article[6]/material[15],Instructions,href
229,177,https://olimpicos.net/ipho/index.html,article[7]/material[0],Minutes,href
230,178,https://olimpicos.net/ipho/index.html,article[7]/material[1],Problem,href
231,179,https://olimpicos.net/ipho/index.html,article[7]/material[2],Solution,href
232,180,https://olimpicos.net/ipho/index.html,article[7]/material[3],Marking scheme,href
233,181,https://olimpicos.net/ipho/index.html,article[7]/material[4],Presentation,href
234,182,https://olimpicos.net/ipho/index.html,article[7]/material[5],Problem,href
235,183,https://olimpicos.net/ipho/index.html,article[7]/material[6],Solution,href
236,184,https://olimpicos.net/ipho/index.html,article[7]/material[7],Marking scheme,href
237,185,https://olimpicos.net/ipho/index.html,article[7]/material[8],Presentation,href
238,186,https://olimpicos.net/ipho/index.html,article[7]/material[9],Problem,href
239,187,https://olimpicos.net/ipho/index.html,article[7]/material[10],Solution,href
240,188,https://olimpicos.net/ipho/index.html,article[7]/material[11],Marking scheme,href
241,189,https://olimpicos.net/ipho/index.html,article[7]/material[12],Presentation,href
242,190,https://olimpicos.net/ipho/index.html,article[7]/material[13],Problem,href
243,191,https://olimpicos.net/ipho/index.html,article[7]/material[14],Solution,href
244,192,https://olimpicos.net/ipho/index.html,article[7]/material[15],Marking scheme,href
245,193,https://olimpicos.net/ipho/index.html,article[7]/material[16],Presentation,href
246,194,https://olimpicos.net/ipho/index.html,article[7]/material[17],Calibration,href
247,195,https://olimpicos.net/ipho/index.html,article[7]/material[18],Answer sheet,href
248,196,https://olimpicos.net/ipho/index.html,article[7]/material[19],Problem,href
249,197,https://olimpicos.net/ipho/index.html,article[7]/material[20],Solution,href
250,198,https://olimpicos.net/ipho/index.html,article[7]/material[21],Marking scheme,href
251,199,https://olimpicos.net/ipho/index.html,article[7]/material[22],Presentation,href
252,200,https://olimpicos.net/ipho/index.html,article[7]/material[23],Answer sheet,href
253,201,https://olimpicos.net/ipho/index.html,article[8]/material[0],Minutes,href
254,202,https://olimpicos.net/ipho/index.html,article[8]/material[1],Problem,href
255,203,https://olimpicos.net/ipho/index.html,article[8]/material[2],Solution,href
256,204,https://olimpicos.net/ipho/index.html,article[8]/material[3],Answer sheet,href
257,205,https://olimpicos.net/ipho/index.html,article[8]/material[4],Marking scheme,href
258,206,https://olimpicos.net/ipho/index.html,article[8]/material[5],Problem,href
259,207,https://olimpicos.net/ipho/index.html,article[8]/material[6],Solution,href
260,208,https://olimpicos.net/ipho/index.html,article[8]/material[7],Answer sheet,href
261,209,https://olimpicos.net/ipho/index.html,article[8]/material[8],Marking scheme,href
262,210,https://olimpicos.net/ipho/index.html,article[8]/material[9],Problem,href
263,211,https://olimpicos.net/ipho/index.html,article[8]/material[10],Solution,href
264,212,https://olimpicos.net/ipho/index.html,article[8]/material[11],Answer sheet,href
265,213,https://olimpicos.net/ipho/index.html,article[8]/material[12],Marking scheme,href
266,214,https://olimpicos.net/ipho/index.html,article[8]/material[13],Problem,href
267,215,https://olimpicos.net/ipho/index.html,article[8]/material[14],Solution,href
268,216,https://olimpicos.net/ipho/index.html,article[8]/material[15],Answer sheet,href
269,217,https://olimpicos.net/ipho/index.html,article[8]/material[16],Marking scheme,href
270,218,https://olimpicos.net/ipho/index.html,article[8]/material[17],Problem,href
271,219,https://olimpicos.net/ipho/index.html,article[8]/material[18],Solution,href
272,220,https://olimpicos.net/ipho/index.html,article[8]/material[19],Answer sheet,href
273,221,https://olimpicos.net/ipho/index.html,article[8]/material[20],Marking scheme,href
274,222,https://olimpicos.net/ipho/index.html,article[9]/material[0],Theory instructions,href
275,223,https://olimpicos.net/ipho/index.html,article[9]/material[1],Experiment instructions,href
276,224,https://olimpicos.net/ipho/index.html,article[9]/material[2],Minutes,href
277,225,https://olimpicos.net/ipho/index.html,article[9]/material[3],Problem,href
278,226,https://olimpicos.net/ipho/index.html,article[9]/material[4],Solution,href
279,227,https://olimpicos.net/ipho/index.html,article[9]/material[5],Answer sheet,href
280,228,https://olimpicos.net/ipho/index.html,article[9]/material[6],Problem,href
281,229,https://olimpicos.net/ipho/index.html,article[9]/material[7],Solution,href
282,230,https://olimpicos.net/ipho/index.html,article[9]/material[8],Answer sheet,href
283,231,https://olimpicos.net/ipho/index.html,article[9]/material[9],Problem,href
284,232,https://olimpicos.net/ipho/index.html,article[9]/material[10],Solution,href
285,233,https://olimpicos.net/ipho/index.html,article[9]/material[11],Answer sheet,href
286,234,https://olimpicos.net/ipho/index.html,article[9]/material[12],Problem,href
287,235,https://olimpicos.net/ipho/index.html,article[9]/material[13],Solution,href
288,236,https://olimpicos.net/ipho/index.html,article[9]/material[14],Answer sheet,href
289,237,https://olimpicos.net/ipho/index.html,article[9]/material[15],Problem,href
290,238,https://olimpicos.net/ipho/index.html,article[9]/material[16],Solution,href
291,239,https://olimpicos.net/ipho/index.html,article[9]/material[17],Answer sheet,href
292,240,https://olimpicos.net/ipho/index.html,article[10]/material[0],Theory instructions,href
293,241,https://olimpicos.net/ipho/index.html,article[10]/material[1],Experiment instructions,href
294,242,https://olimpicos.net/ipho/index.html,article[10]/material[2],Results,href
295,243,https://olimpicos.net/ipho/index.html,article[10]/material[3],Minutes,href
296,244,https://olimpicos.net/ipho/index.html,article[10]/material[4],Problem,href
297,245,https://olimpicos.net/ipho/index.html,article[10]/material[5],Solution,href
298,246,https://olimpicos.net/ipho/index.html,article[10]/material[6],Answer sheet,href
299,247,https://olimpicos.net/ipho/index.html,article[10]/material[7],Presentation,href
300,248,https://olimpicos.net/ipho/index.html,article[10]/material[8],Problem,href
301,249,https://olimpicos.net/ipho/index.html,article[10]/material[9],Solution,href
302,250,https://olimpicos.net/ipho/index.html,article[10]/material[10],Answer sheet,href
303,251,https://olimpicos.net/ipho/index.html,article[10]/material[11],Presentation,href
304,252,https://olimpicos.net/ipho/index.html,article[10]/material[12],Problem,href
305,253,https://olimpicos.net/ipho/index.html,article[10]/material[13],Solution,href
306,254,https://olimpicos.net/ipho/index.html,article[10]/material[14],Answer sheet,href
307,255,https://olimpicos.net/ipho/index.html,article[10]/material[15],Presentation,href
308,256,https://olimpicos.net/ipho/index.html,article[10]/material[16],Problem,href
309,257,https://olimpicos.net/ipho/index.html,article[10]/material[17],Solution,href
310,258,https://olimpicos.net/ipho/index.html,article[10]/material[18],Answer sheet,href
311,259,https://olimpicos.net/ipho/index.html,article[10]/material[19],Marking scheme,href
312,260,https://olimpicos.net/ipho/index.html,article[10]/material[20],Presentation,href
313,261,https://olimpicos.net/ipho/index.html,article[10]/material[21],Calibration,href
314,262,https://olimpicos.net/ipho/index.html,article[10]/material[22],Problem,href
315,263,https://olimpicos.net/ipho/index.html,article[10]/material[23],Solution,href
316,264,https://olimpicos.net/ipho/index.html,article[10]/material[24],Answer sheet,href
317,265,https://olimpicos.net/ipho/index.html,article[10]/material[25],Marking scheme,href
318,266,https://olimpicos.net/ipho/index.html,article[10]/material[26],Presentation,href
319,267,https://olimpicos.net/ipho/index.html,article[11]/material[0],Results,href
320,268,https://olimpicos.net/ipho/index.html,article[11]/material[1],Minutes,href
321,269,https://olimpicos.net/ipho/index.html,article[11]/material[2],Problem,href
322,270,https://olimpicos.net/ipho/index.html,article[11]/material[3],Solution,href
323,271,https://olimpicos.net/ipho/index.html,article[11]/material[4],Problem,href
324,272,https://olimpicos.net/ipho/index.html,article[11]/material[5],Solution,href
325,273,https://olimpicos.net/ipho/index.html,article[11]/material[6],Problem,href
326,274,https://olimpicos.net/ipho/index.html,article[11]/material[7],Solution,href
327,275,https://olimpicos.net/ipho/index.html,article[11]/material[8],Problem,href
328,276,https://olimpicos.net/ipho/index.html,article[11]/material[9],Solution,href
329,277,https://olimpicos.net/ipho/index.html,article[11]/material[10],Problem,href
330,278,https://olimpicos.net/ipho/index.html,article[11]/material[11],Solution,href
331,279,https://olimpicos.net/ipho/index.html,article[11]/material[12],LaTeX source (.zip),href
332,280,https://olimpicos.net/ipho/index.html,article[11]/material[13],LaTeX PDF,href
333,281,https://olimpicos.net/ipho/index.html,article[11]/material[14],LaTeX transcription (.tex),data-x
334,280,https://olimpicos.net/ipho/index.html,article[11]/material[14],LaTeX PDF,data-tp
335,279,https://olimpicos.net/ipho/index.html,article[11]/material[14],LaTeX source (.zip),data-z
336,282,https://olimpicos.net/ipho/index.html,article[12]/material[0],Minutes,href
337,283,https://olimpicos.net/ipho/index.html,article[12]/material[1],Problem,href
338,284,https://olimpicos.net/ipho/index.html,article[12]/material[2],Solution,href
339,285,https://olimpicos.net/ipho/index.html,article[12]/material[3],Presentation,href
340,286,https://olimpicos.net/ipho/index.html,article[12]/material[4],Problem,href
341,287,https://olimpicos.net/ipho/index.html,article[12]/material[5],Solution,href
342,288,https://olimpicos.net/ipho/index.html,article[12]/material[6],Presentation,href
343,289,https://olimpicos.net/ipho/index.html,article[12]/material[7],Problem,href
344,290,https://olimpicos.net/ipho/index.html,article[12]/material[8],Solution,href
345,291,https://olimpicos.net/ipho/index.html,article[12]/material[9],Presentation,href
346,292,https://olimpicos.net/ipho/index.html,article[12]/material[10],Problem,href
347,293,https://olimpicos.net/ipho/index.html,article[12]/material[11],Solution,href
348,292,https://olimpicos.net/ipho/index.html,article[12]/material[12],Problem,href
349,293,https://olimpicos.net/ipho/index.html,article[12]/material[13],Solution,href
350,294,https://olimpicos.net/ipho/index.html,article[13]/material[0],Theory instructions,href
351,295,https://olimpicos.net/ipho/index.html,article[13]/material[1],Results,href
352,296,https://olimpicos.net/ipho/index.html,article[13]/material[2],Minutes,href
353,297,https://olimpicos.net/ipho/index.html,article[13]/material[3],Problem,href
354,298,https://olimpicos.net/ipho/index.html,article[13]/material[4],Solution,href
355,299,https://olimpicos.net/ipho/index.html,article[13]/material[5],Problem,href
356,300,https://olimpicos.net/ipho/index.html,article[13]/material[6],Solution,href
357,301,https://olimpicos.net/ipho/index.html,article[13]/material[7],Problem,href
358,302,https://olimpicos.net/ipho/index.html,article[13]/material[8],Solution,href
359,303,https://olimpicos.net/ipho/index.html,article[13]/material[9],Problem,href
360,304,https://olimpicos.net/ipho/index.html,article[13]/material[10],Solution,href
361,305,https://olimpicos.net/ipho/index.html,article[13]/material[11],Problem,href
362,306,https://olimpicos.net/ipho/index.html,article[13]/material[12],Solution,href
363,307,https://olimpicos.net/ipho/index.html,article[14]/material[0],Minutes,href
364,308,https://olimpicos.net/ipho/index.html,article[14]/material[1],Results (Excel),href
365,309,https://olimpicos.net/ipho/index.html,article[14]/material[2],Problem,href
366,310,https://olimpicos.net/ipho/index.html,article[14]/material[3],Solution,href
367,311,https://olimpicos.net/ipho/index.html,article[14]/material[4],Problem,href
368,312,https://olimpicos.net/ipho/index.html,article[14]/material[5],Solution,href
369,313,https://olimpicos.net/ipho/index.html,article[14]/material[6],Problem,href
370,314,https://olimpicos.net/ipho/index.html,article[14]/material[7],Solution,href
371,315,https://olimpicos.net/ipho/index.html,article[14]/material[8],Problem,href
372,316,https://olimpicos.net/ipho/index.html,article[14]/material[9],Solution,href
373,317,https://olimpicos.net/ipho/index.html,article[14]/material[10],Problem,href
374,318,https://olimpicos.net/ipho/index.html,article[14]/material[11],Solution,href
375,319,https://olimpicos.net/ipho/index.html,article[15]/material[0],Minutes,href
376,320,https://olimpicos.net/ipho/index.html,article[15]/material[1],Problem,href
377,321,https://olimpicos.net/ipho/index.html,article[15]/material[2],Solution,href
378,322,https://olimpicos.net/ipho/index.html,article[15]/material[3],Answer sheet,href
379,323,https://olimpicos.net/ipho/index.html,article[15]/material[4],Problem,href
380,324,https://olimpicos.net/ipho/index.html,article[15]/material[5],Solution,href
381,325,https://olimpicos.net/ipho/index.html,article[15]/material[6],Answer sheet,href
382,326,https://olimpicos.net/ipho/index.html,article[15]/material[7],Problem,href
383,327,https://olimpicos.net/ipho/index.html,article[15]/material[8],Solution,href
384,328,https://olimpicos.net/ipho/index.html,article[15]/material[9],Answer sheet,href
385,329,https://olimpicos.net/ipho/index.html,article[15]/material[10],Problem,href
386,330,https://olimpicos.net/ipho/index.html,article[15]/material[11],Solution,href
387,331,https://olimpicos.net/ipho/index.html,article[15]/material[12],Answer sheet,href
388,332,https://olimpicos.net/ipho/index.html,article[15]/material[13],Problem,href
389,333,https://olimpicos.net/ipho/index.html,article[15]/material[14],Solution,href
390,334,https://olimpicos.net/ipho/index.html,article[15]/material[15],Answer sheet,href
391,335,https://olimpicos.net/ipho/index.html,article[16]/material[0],Theory instructions,href
392,336,https://olimpicos.net/ipho/index.html,article[16]/material[1],Experiment instructions,href
393,337,https://olimpicos.net/ipho/index.html,article[16]/material[2],Minutes,href
394,338,https://olimpicos.net/ipho/index.html,article[16]/material[3],Problem,href
395,339,https://olimpicos.net/ipho/index.html,article[16]/material[4],Solution,href
396,340,https://olimpicos.net/ipho/index.html,article[16]/material[5],Answer sheet,href
397,341,https://olimpicos.net/ipho/index.html,article[16]/material[6],Problem,href
398,342,https://olimpicos.net/ipho/index.html,article[16]/material[7],Solution,href
399,343,https://olimpicos.net/ipho/index.html,article[16]/material[8],Answer sheet,href
400,344,https://olimpicos.net/ipho/index.html,article[16]/material[9],Problem,href
401,345,https://olimpicos.net/ipho/index.html,article[16]/material[10],Solution,href
402,346,https://olimpicos.net/ipho/index.html,article[16]/material[11],Answer sheet,href
403,347,https://olimpicos.net/ipho/index.html,article[16]/material[12],Problem,href
404,348,https://olimpicos.net/ipho/index.html,article[16]/material[13],Solution,href
405,349,https://olimpicos.net/ipho/index.html,article[16]/material[14],Answer sheet,href
406,350,https://olimpicos.net/ipho/index.html,article[16]/material[15],Problem,href
407,351,https://olimpicos.net/ipho/index.html,article[16]/material[16],Solution,href
408,352,https://olimpicos.net/ipho/index.html,article[16]/material[17],Answer sheet,href
409,353,https://olimpicos.net/ipho/index.html,article[17]/material[0],Minutes,href
410,354,https://olimpicos.net/ipho/index.html,article[17]/material[1],Problem,href
411,355,https://olimpicos.net/ipho/index.html,article[17]/material[2],Solution,href
412,356,https://olimpicos.net/ipho/index.html,article[17]/material[3],Answer sheet,href
413,357,https://olimpicos.net/ipho/index.html,article[17]/material[4],Problem,href
414,358,https://olimpicos.net/ipho/index.html,article[17]/material[5],Solution,href
415,359,https://olimpicos.net/ipho/index.html,article[17]/material[6],Answer sheet,href
416,360,https://olimpicos.net/ipho/index.html,article[17]/material[7],Problem,href
417,361,https://olimpicos.net/ipho/index.html,article[17]/material[8],Solution,href
418,362,https://olimpicos.net/ipho/index.html,article[17]/material[9],Answer sheet,href
419,363,https://olimpicos.net/ipho/index.html,article[17]/material[10],Problem,href
420,364,https://olimpicos.net/ipho/index.html,article[17]/material[11],Solution,href
421,365,https://olimpicos.net/ipho/index.html,article[17]/material[12],Answer sheet,href
422,366,https://olimpicos.net/ipho/index.html,article[17]/material[13],Problem,href
423,367,https://olimpicos.net/ipho/index.html,article[17]/material[14],Solution,href
424,368,https://olimpicos.net/ipho/index.html,article[17]/material[15],Answer sheet,href
425,369,https://olimpicos.net/ipho/index.html,article[18]/material[0],Minutes,href
426,370,https://olimpicos.net/ipho/index.html,article[18]/material[1],Problem,href
427,371,https://olimpicos.net/ipho/index.html,article[18]/material[2],Solution,href
428,372,https://olimpicos.net/ipho/index.html,article[18]/material[3],Problem,href
429,373,https://olimpicos.net/ipho/index.html,article[18]/material[4],Solution,href
430,374,https://olimpicos.net/ipho/index.html,article[18]/material[5],Problem,href
431,375,https://olimpicos.net/ipho/index.html,article[18]/material[6],Solution,href
432,376,https://olimpicos.net/ipho/index.html,article[18]/material[7],Problem,href
433,377,https://olimpicos.net/ipho/index.html,article[18]/material[8],Solution,href
434,376,https://olimpicos.net/ipho/index.html,article[18]/material[9],Problem,href
435,377,https://olimpicos.net/ipho/index.html,article[18]/material[10],Solution,href
436,378,https://olimpicos.net/ipho/index.html,article[19]/material[0],Experiment instructions,href
437,379,https://olimpicos.net/ipho/index.html,article[19]/material[1],Minutes,href
438,380,https://olimpicos.net/ipho/index.html,article[19]/material[2],Problem,href
439,381,https://olimpicos.net/ipho/index.html,article[19]/material[3],Solution,href
440,382,https://olimpicos.net/ipho/index.html,article[19]/material[4],Problem,href
441,383,https://olimpicos.net/ipho/index.html,article[19]/material[5],Solution,href
442,384,https://olimpicos.net/ipho/index.html,article[19]/material[6],Problem,href
443,385,https://olimpicos.net/ipho/index.html,article[19]/material[7],Solution,href
444,386,https://olimpicos.net/ipho/index.html,article[19]/material[8],Problem,href
445,387,https://olimpicos.net/ipho/index.html,article[19]/material[9],Solution,href
446,386,https://olimpicos.net/ipho/index.html,article[19]/material[10],Problem,href
447,387,https://olimpicos.net/ipho/index.html,article[19]/material[11],Solution,href
448,388,https://olimpicos.net/ipho/index.html,article[20]/material[0],Minutes,href
449,389,https://olimpicos.net/ipho/index.html,article[20]/material[1],Problem,href
450,390,https://olimpicos.net/ipho/index.html,article[20]/material[2],Solution,href
451,391,https://olimpicos.net/ipho/index.html,article[20]/material[3],Problem,href
452,392,https://olimpicos.net/ipho/index.html,article[20]/material[4],Solution,href
453,393,https://olimpicos.net/ipho/index.html,article[20]/material[5],Problem,href
454,394,https://olimpicos.net/ipho/index.html,article[20]/material[6],Solution,href
455,395,https://olimpicos.net/ipho/index.html,article[20]/material[7],Problem,href
456,396,https://olimpicos.net/ipho/index.html,article[20]/material[8],Solution,href
457,395,https://olimpicos.net/ipho/index.html,article[20]/material[9],Problem,href
458,396,https://olimpicos.net/ipho/index.html,article[20]/material[10],Solution,href
459,397,https://olimpicos.net/ipho/index.html,article[21]/material[0],Minutes,href
460,398,https://olimpicos.net/ipho/index.html,article[21]/material[1],Problem,href
461,399,https://olimpicos.net/ipho/index.html,article[21]/material[2],Solution,href
462,400,https://olimpicos.net/ipho/index.html,article[21]/material[3],Problem,href
463,401,https://olimpicos.net/ipho/index.html,article[21]/material[4],Solution,href
464,402,https://olimpicos.net/ipho/index.html,article[21]/material[5],Problem,href
465,403,https://olimpicos.net/ipho/index.html,article[21]/material[6],Solution,href
466,404,https://olimpicos.net/ipho/index.html,article[21]/material[7],Problem,href
467,405,https://olimpicos.net/ipho/index.html,article[21]/material[8],Solution,href
468,404,https://olimpicos.net/ipho/index.html,article[21]/material[9],Problem,href
469,405,https://olimpicos.net/ipho/index.html,article[21]/material[10],Solution,href
470,406,https://olimpicos.net/ipho/index.html,article[22]/material[0],Minutes,href
471,407,https://olimpicos.net/ipho/index.html,article[22]/material[1],Problem,href
472,408,https://olimpicos.net/ipho/index.html,article[22]/material[2],Solution,href
473,409,https://olimpicos.net/ipho/index.html,article[22]/material[3],Answer sheet,href
474,410,https://olimpicos.net/ipho/index.html,article[22]/material[4],Problem,href
475,411,https://olimpicos.net/ipho/index.html,article[22]/material[5],Solution,href
476,412,https://olimpicos.net/ipho/index.html,article[22]/material[6],Answer sheet,href
477,413,https://olimpicos.net/ipho/index.html,article[22]/material[7],Problem,href
478,414,https://olimpicos.net/ipho/index.html,article[22]/material[8],Solution,href
479,415,https://olimpicos.net/ipho/index.html,article[22]/material[9],Answer sheet,href
480,416,https://olimpicos.net/ipho/index.html,article[22]/material[10],Problem,href
481,417,https://olimpicos.net/ipho/index.html,article[22]/material[11],Solution,href
482,418,https://olimpicos.net/ipho/index.html,article[22]/material[12],Answer sheet,href
483,416,https://olimpicos.net/ipho/index.html,article[22]/material[13],Problem,href
484,417,https://olimpicos.net/ipho/index.html,article[22]/material[14],Solution,href
485,418,https://olimpicos.net/ipho/index.html,article[22]/material[15],Answer sheet,href
486,419,https://olimpicos.net/ipho/index.html,article[23]/material[0],Minutes,href
487,420,https://olimpicos.net/ipho/index.html,article[23]/material[1],Problem,href
488,421,https://olimpicos.net/ipho/index.html,article[23]/material[2],Solution,href
489,422,https://olimpicos.net/ipho/index.html,article[23]/material[3],Problem,href
490,423,https://olimpicos.net/ipho/index.html,article[23]/material[4],Solution,href
491,424,https://olimpicos.net/ipho/index.html,article[23]/material[5],Problem,href
492,425,https://olimpicos.net/ipho/index.html,article[23]/material[6],Solution,href
493,426,https://olimpicos.net/ipho/index.html,article[23]/material[7],Problem,href
494,427,https://olimpicos.net/ipho/index.html,article[23]/material[8],Solution,href
495,426,https://olimpicos.net/ipho/index.html,article[23]/material[9],Problem,href
496,427,https://olimpicos.net/ipho/index.html,article[23]/material[10],Solution,href
497,428,https://olimpicos.net/ipho/index.html,article[24]/material[0],Theory instructions,href
498,429,https://olimpicos.net/ipho/index.html,article[24]/material[1],Experiment instructions,href
499,430,https://olimpicos.net/ipho/index.html,article[24]/material[2],Minutes,href
500,431,https://olimpicos.net/ipho/index.html,article[24]/material[3],Problem,href
501,432,https://olimpicos.net/ipho/index.html,article[24]/material[4],Solution,href
502,433,https://olimpicos.net/ipho/index.html,article[24]/material[5],Problem,href
503,434,https://olimpicos.net/ipho/index.html,article[24]/material[6],Solution,href
504,435,https://olimpicos.net/ipho/index.html,article[24]/material[7],Problem,href
505,436,https://olimpicos.net/ipho/index.html,article[24]/material[8],Solution,href
506,437,https://olimpicos.net/ipho/index.html,article[24]/material[9],Problem,href
507,438,https://olimpicos.net/ipho/index.html,article[24]/material[10],Solution,href
508,439,https://olimpicos.net/ipho/index.html,article[24]/material[11],Problem,href
509,440,https://olimpicos.net/ipho/index.html,article[24]/material[12],Solution,href
510,441,https://olimpicos.net/ipho/index.html,article[25]/material[0],Minutes,href
511,442,https://olimpicos.net/ipho/index.html,article[25]/material[1],Problem,href
512,443,https://olimpicos.net/ipho/index.html,article[25]/material[2],Solution,href
513,444,https://olimpicos.net/ipho/index.html,article[25]/material[3],Problem,href
514,445,https://olimpicos.net/ipho/index.html,article[25]/material[4],Solution,href
515,446,https://olimpicos.net/ipho/index.html,article[25]/material[5],Problem,href
516,447,https://olimpicos.net/ipho/index.html,article[25]/material[6],Solution,href
517,448,https://olimpicos.net/ipho/index.html,article[25]/material[7],Problem,href
518,449,https://olimpicos.net/ipho/index.html,article[25]/material[8],Solution,href
519,448,https://olimpicos.net/ipho/index.html,article[25]/material[9],Problem,href
520,449,https://olimpicos.net/ipho/index.html,article[25]/material[10],Solution,href
521,450,https://olimpicos.net/ipho/index.html,article[26]/material[0],Minutes,href
522,451,https://olimpicos.net/ipho/index.html,article[26]/material[1],Problem,href
523,452,https://olimpicos.net/ipho/index.html,article[26]/material[2],Solution,href
524,453,https://olimpicos.net/ipho/index.html,article[26]/material[3],Problem,href
525,454,https://olimpicos.net/ipho/index.html,article[26]/material[4],Solution,href
526,455,https://olimpicos.net/ipho/index.html,article[26]/material[5],Problem,href
527,456,https://olimpicos.net/ipho/index.html,article[26]/material[6],Solution,href
528,457,https://olimpicos.net/ipho/index.html,article[26]/material[7],Problem,href
529,458,https://olimpicos.net/ipho/index.html,article[26]/material[8],Problem,href
530,459,https://olimpicos.net/ipho/index.html,article[27]/material[0],Minutes,href
531,460,https://olimpicos.net/ipho/index.html,article[27]/material[1],Problem,href
532,461,https://olimpicos.net/ipho/index.html,article[27]/material[2],Solution,href
533,462,https://olimpicos.net/ipho/index.html,article[27]/material[3],Problem,href
534,463,https://olimpicos.net/ipho/index.html,article[27]/material[4],Solution,href
535,464,https://olimpicos.net/ipho/index.html,article[27]/material[5],Problem,href
536,465,https://olimpicos.net/ipho/index.html,article[27]/material[6],Solution,href
537,466,https://olimpicos.net/ipho/index.html,article[27]/material[7],Problem,href
538,467,https://olimpicos.net/ipho/index.html,article[27]/material[8],Solution,href
539,466,https://olimpicos.net/ipho/index.html,article[27]/material[9],Problem,href
540,467,https://olimpicos.net/ipho/index.html,article[27]/material[10],Solution,href
541,468,https://olimpicos.net/ipho/index.html,article[28]/material[0],Minutes,href
542,469,https://olimpicos.net/ipho/index.html,article[28]/material[1],Problem,href
543,470,https://olimpicos.net/ipho/index.html,article[28]/material[2],Solution,href
544,471,https://olimpicos.net/ipho/index.html,article[28]/material[3],Problem,href
545,472,https://olimpicos.net/ipho/index.html,article[28]/material[4],Solution,href
546,473,https://olimpicos.net/ipho/index.html,article[28]/material[5],Problem,href
547,474,https://olimpicos.net/ipho/index.html,article[28]/material[6],Solution,href
548,475,https://olimpicos.net/ipho/index.html,article[28]/material[7],Problem,href
549,475,https://olimpicos.net/ipho/index.html,article[28]/material[8],Problem,href
550,476,https://olimpicos.net/ipho/index.html,article[29]/material[0],Problem,href
551,477,https://olimpicos.net/ipho/index.html,article[29]/material[1],Solution,href
552,478,https://olimpicos.net/ipho/index.html,article[29]/material[2],Problem,href
553,479,https://olimpicos.net/ipho/index.html,article[29]/material[3],Solution,href
554,480,https://olimpicos.net/ipho/index.html,article[29]/material[4],Problem,href
555,481,https://olimpicos.net/ipho/index.html,article[29]/material[5],Solution,href
556,482,https://olimpicos.net/ipho/index.html,article[29]/material[6],Problem,href
557,483,https://olimpicos.net/ipho/index.html,article[29]/material[7],Solution,href
558,482,https://olimpicos.net/ipho/index.html,article[29]/material[8],Problem,href
559,483,https://olimpicos.net/ipho/index.html,article[29]/material[9],Solution,href
560,484,https://olimpicos.net/ipho/index.html,article[30]/material[0],Problem,href
561,485,https://olimpicos.net/ipho/index.html,article[30]/material[1],Solution,href
562,486,https://olimpicos.net/ipho/index.html,article[30]/material[2],Problem,href
563,487,https://olimpicos.net/ipho/index.html,article[30]/material[3],Solution,href
564,488,https://olimpicos.net/ipho/index.html,article[30]/material[4],Problem,href
565,489,https://olimpicos.net/ipho/index.html,article[30]/material[5],Solution,href
566,490,https://olimpicos.net/ipho/index.html,article[30]/material[6],Problem,href
567,491,https://olimpicos.net/ipho/index.html,article[30]/material[7],Solution,href
568,490,https://olimpicos.net/ipho/index.html,article[30]/material[8],Problem,href
569,491,https://olimpicos.net/ipho/index.html,article[30]/material[9],Solution,href
570,492,https://olimpicos.net/ipho/index.html,article[31]/material[0],Comments,href
571,493,https://olimpicos.net/ipho/index.html,article[31]/material[1],Problem,href
572,494,https://olimpicos.net/ipho/index.html,article[31]/material[2],Solution,href
573,495,https://olimpicos.net/ipho/index.html,article[31]/material[3],Problem,href
574,496,https://olimpicos.net/ipho/index.html,article[31]/material[4],Solution,href
575,497,https://olimpicos.net/ipho/index.html,article[31]/material[5],Problem,href
576,498,https://olimpicos.net/ipho/index.html,article[31]/material[6],Solution,href
577,499,https://olimpicos.net/ipho/index.html,article[31]/material[7],Problem,href
578,500,https://olimpicos.net/ipho/index.html,article[31]/material[8],Solution,href
579,501,https://olimpicos.net/ipho/index.html,article[31]/material[9],Problem,href
580,502,https://olimpicos.net/ipho/index.html,article[31]/material[10],Solution,href
581,503,https://olimpicos.net/ipho/index.html,article[32]/material[0],Problem,href
582,504,https://olimpicos.net/ipho/index.html,article[32]/material[1],Solution,href
583,505,https://olimpicos.net/ipho/index.html,article[32]/material[2],Problem,href
584,506,https://olimpicos.net/ipho/index.html,article[32]/material[3],Solution,href
585,507,https://olimpicos.net/ipho/index.html,article[32]/material[4],Problem,href
586,508,https://olimpicos.net/ipho/index.html,article[32]/material[5],Solution,href
587,509,https://olimpicos.net/ipho/index.html,article[32]/material[6],Problem,href
588,510,https://olimpicos.net/ipho/index.html,article[32]/material[7],Solution,href
589,511,https://olimpicos.net/ipho/index.html,article[32]/material[8],Problem,href
590,512,https://olimpicos.net/ipho/index.html,article[32]/material[9],Solution,href
591,513,https://olimpicos.net/ipho/index.html,article[33]/material[0],Problem,href
592,514,https://olimpicos.net/ipho/index.html,article[33]/material[1],Solution,href
593,515,https://olimpicos.net/ipho/index.html,article[33]/material[2],Problem,href
594,516,https://olimpicos.net/ipho/index.html,article[33]/material[3],Solution,href
595,517,https://olimpicos.net/ipho/index.html,article[33]/material[4],Problem,href
596,518,https://olimpicos.net/ipho/index.html,article[33]/material[5],Solution,href
597,519,https://olimpicos.net/ipho/index.html,article[33]/material[6],Problem,href
598,520,https://olimpicos.net/ipho/index.html,article[33]/material[7],Solution,href
599,521,https://olimpicos.net/ipho/index.html,article[33]/material[8],Problem,href
600,522,https://olimpicos.net/ipho/index.html,article[33]/material[9],Solution,href
601,523,https://olimpicos.net/ipho/index.html,article[34]/material[0],Problem,href
602,524,https://olimpicos.net/ipho/index.html,article[34]/material[1],Solution,href
603,525,https://olimpicos.net/ipho/index.html,article[34]/material[2],Problem,href
604,526,https://olimpicos.net/ipho/index.html,article[34]/material[3],Solution,href
605,527,https://olimpicos.net/ipho/index.html,article[34]/material[4],Problem,href
606,528,https://olimpicos.net/ipho/index.html,article[34]/material[5],Solution,href
607,529,https://olimpicos.net/ipho/index.html,article[34]/material[6],Problem,href
608,530,https://olimpicos.net/ipho/index.html,article[34]/material[7],Solution,href
609,531,https://olimpicos.net/ipho/index.html,article[34]/material[8],Problem,href
610,532,https://olimpicos.net/ipho/index.html,article[34]/material[9],Solution,href
611,533,https://olimpicos.net/ipho/index.html,article[35]/material[0],Problem,href
612,534,https://olimpicos.net/ipho/index.html,article[35]/material[1],Solution,href
613,535,https://olimpicos.net/ipho/index.html,article[35]/material[2],Problem,href
614,536,https://olimpicos.net/ipho/index.html,article[35]/material[3],Solution,href
615,537,https://olimpicos.net/ipho/index.html,article[35]/material[4],Problem,href
616,538,https://olimpicos.net/ipho/index.html,article[35]/material[5],Solution,href
617,539,https://olimpicos.net/ipho/index.html,article[35]/material[6],Problem,href
618,540,https://olimpicos.net/ipho/index.html,article[35]/material[7],Solution,href
619,539,https://olimpicos.net/ipho/index.html,article[35]/material[8],Problem,href
620,540,https://olimpicos.net/ipho/index.html,article[35]/material[9],Solution,href
621,541,https://olimpicos.net/ipho/index.html,article[36]/material[0],Problem,href
622,542,https://olimpicos.net/ipho/index.html,article[36]/material[1],Solution,href
623,543,https://olimpicos.net/ipho/index.html,article[36]/material[2],Problem,href
624,544,https://olimpicos.net/ipho/index.html,article[36]/material[3],Solution,href
625,545,https://olimpicos.net/ipho/index.html,article[36]/material[4],Problem,href
626,546,https://olimpicos.net/ipho/index.html,article[36]/material[5],Solution,href
627,547,https://olimpicos.net/ipho/index.html,article[36]/material[6],Problem,href
628,548,https://olimpicos.net/ipho/index.html,article[36]/material[7],Solution,href
629,549,https://olimpicos.net/ipho/index.html,article[36]/material[8],Problem,href
630,550,https://olimpicos.net/ipho/index.html,article[36]/material[9],Solution,href
631,551,https://olimpicos.net/ipho/index.html,article[37]/material[0],Problem,href
632,552,https://olimpicos.net/ipho/index.html,article[37]/material[1],Solution,href
633,553,https://olimpicos.net/ipho/index.html,article[37]/material[2],Problem,href
634,554,https://olimpicos.net/ipho/index.html,article[37]/material[3],Solution,href
635,555,https://olimpicos.net/ipho/index.html,article[37]/material[4],Problem,href
636,556,https://olimpicos.net/ipho/index.html,article[37]/material[5],Solution,href
637,557,https://olimpicos.net/ipho/index.html,article[37]/material[6],Problem,href
638,558,https://olimpicos.net/ipho/index.html,article[37]/material[7],Solution,href
639,557,https://olimpicos.net/ipho/index.html,article[37]/material[8],Problem,href
640,558,https://olimpicos.net/ipho/index.html,article[37]/material[9],Solution,href
641,559,https://olimpicos.net/ipho/index.html,article[38]/material[0],Problem,href
642,560,https://olimpicos.net/ipho/index.html,article[38]/material[1],Solution,href
643,561,https://olimpicos.net/ipho/index.html,article[38]/material[2],Problem,href
644,562,https://olimpicos.net/ipho/index.html,article[38]/material[3],Solution,href
645,563,https://olimpicos.net/ipho/index.html,article[38]/material[4],Problem,href
646,564,https://olimpicos.net/ipho/index.html,article[38]/material[5],Solution,href
647,565,https://olimpicos.net/ipho/index.html,article[38]/material[6],Problem,href
648,566,https://olimpicos.net/ipho/index.html,article[38]/material[7],Solution,href
649,567,https://olimpicos.net/ipho/index.html,article[38]/material[8],Problem,href
650,568,https://olimpicos.net/ipho/index.html,article[38]/material[9],Solution,href
651,569,https://olimpicos.net/ipho/index.html,article[39]/material[0],Problem,href
652,570,https://olimpicos.net/ipho/index.html,article[39]/material[1],Solution,href
653,571,https://olimpicos.net/ipho/index.html,article[39]/material[2],Problem,href
654,572,https://olimpicos.net/ipho/index.html,article[39]/material[3],Solution,href
655,573,https://olimpicos.net/ipho/index.html,article[39]/material[4],Problem,href
656,574,https://olimpicos.net/ipho/index.html,article[39]/material[5],Solution,href
657,575,https://olimpicos.net/ipho/index.html,article[39]/material[6],Problem,href
658,576,https://olimpicos.net/ipho/index.html,article[39]/material[7],Solution,href
659,575,https://olimpicos.net/ipho/index.html,article[39]/material[8],Problem,href
660,576,https://olimpicos.net/ipho/index.html,article[39]/material[9],Solution,href
661,577,https://olimpicos.net/ipho/index.html,article[40]/material[0],Problem,href
662,578,https://olimpicos.net/ipho/index.html,article[40]/material[1],Solution,href
663,579,https://olimpicos.net/ipho/index.html,article[40]/material[2],Problem,href
664,580,https://olimpicos.net/ipho/index.html,article[40]/material[3],Solution,href
665,581,https://olimpicos.net/ipho/index.html,article[40]/material[4],Problem,href
666,582,https://olimpicos.net/ipho/index.html,article[40]/material[5],Solution,href
667,583,https://olimpicos.net/ipho/index.html,article[40]/material[6],Problem,href
668,584,https://olimpicos.net/ipho/index.html,article[40]/material[7],Solution,href
669,585,https://olimpicos.net/ipho/index.html,article[40]/material[8],Problem,href
670,586,https://olimpicos.net/ipho/index.html,article[40]/material[9],Solution,href
671,587,https://olimpicos.net/ipho/index.html,article[41]/material[0],Problem,href
672,588,https://olimpicos.net/ipho/index.html,article[41]/material[1],Solution,href
673,589,https://olimpicos.net/ipho/index.html,article[41]/material[2],LaTeX source (.zip),href
674,590,https://olimpicos.net/ipho/index.html,article[41]/material[3],LaTeX PDF,href
675,591,https://olimpicos.net/ipho/index.html,article[41]/material[4],LaTeX transcription (.tex),data-x
676,590,https://olimpicos.net/ipho/index.html,article[41]/material[4],LaTeX PDF,data-tp
677,589,https://olimpicos.net/ipho/index.html,article[41]/material[4],LaTeX source (.zip),data-z
678,592,https://olimpicos.net/ipho/index.html,article[41]/material[5],Problem,href
679,593,https://olimpicos.net/ipho/index.html,article[41]/material[6],Solution,href
680,594,https://olimpicos.net/ipho/index.html,article[41]/material[7],Problem,href
681,595,https://olimpicos.net/ipho/index.html,article[41]/material[8],Solution,href
682,596,https://olimpicos.net/ipho/index.html,article[41]/material[9],Problem,href
683,597,https://olimpicos.net/ipho/index.html,article[41]/material[10],Solution,href
684,598,https://olimpicos.net/ipho/index.html,article[41]/material[11],Problem,href
685,599,https://olimpicos.net/ipho/index.html,article[41]/material[12],Solution,href
686,600,https://olimpicos.net/ipho/index.html,article[42]/material[0],Problem,href
687,601,https://olimpicos.net/ipho/index.html,article[42]/material[1],Solution,href
688,602,https://olimpicos.net/ipho/index.html,article[42]/material[2],Problem,href
689,603,https://olimpicos.net/ipho/index.html,article[42]/material[3],Solution,href
690,604,https://olimpicos.net/ipho/index.html,article[42]/material[4],Problem,href
691,605,https://olimpicos.net/ipho/index.html,article[42]/material[5],Solution,href
692,606,https://olimpicos.net/ipho/index.html,article[42]/material[6],Problem,href
693,607,https://olimpicos.net/ipho/index.html,article[42]/material[7],Solution,href
694,608,https://olimpicos.net/ipho/index.html,article[42]/material[8],Problem,href
695,609,https://olimpicos.net/ipho/index.html,article[42]/material[9],Solution,href
696,610,https://olimpicos.net/ipho/index.html,article[43]/material[0],Problem,href
697,611,https://olimpicos.net/ipho/index.html,article[43]/material[1],Solution,href
698,612,https://olimpicos.net/ipho/index.html,article[43]/material[2],Marking scheme,href
699,613,https://olimpicos.net/ipho/index.html,article[43]/material[3],Problem,href
700,614,https://olimpicos.net/ipho/index.html,article[43]/material[4],Solution,href
701,615,https://olimpicos.net/ipho/index.html,article[43]/material[5],Marking scheme,href
702,616,https://olimpicos.net/ipho/index.html,article[43]/material[6],Problem,href
703,617,https://olimpicos.net/ipho/index.html,article[43]/material[7],Solution,href
704,618,https://olimpicos.net/ipho/index.html,article[43]/material[8],Marking scheme,href
705,619,https://olimpicos.net/ipho/index.html,article[43]/material[9],Problem,href
706,620,https://olimpicos.net/ipho/index.html,article[43]/material[10],Solution,href
707,621,https://olimpicos.net/ipho/index.html,article[43]/material[11],Marking scheme,href
708,622,https://olimpicos.net/ipho/index.html,article[43]/material[12],Problem,href
709,623,https://olimpicos.net/ipho/index.html,article[43]/material[13],Solution,href
710,624,https://olimpicos.net/ipho/index.html,article[44]/material[0],Problem,href
711,625,https://olimpicos.net/ipho/index.html,article[44]/material[1],Solution,href
712,626,https://olimpicos.net/ipho/index.html,article[44]/material[2],Problem,href
713,627,https://olimpicos.net/ipho/index.html,article[44]/material[3],Solution,href
714,628,https://olimpicos.net/ipho/index.html,article[44]/material[4],Problem,href
715,629,https://olimpicos.net/ipho/index.html,article[44]/material[5],Solution,href
716,630,https://olimpicos.net/ipho/index.html,article[44]/material[6],Problem,href
717,631,https://olimpicos.net/ipho/index.html,article[44]/material[7],Solution,href
718,632,https://olimpicos.net/ipho/index.html,article[44]/material[8],Problem,href
719,633,https://olimpicos.net/ipho/index.html,article[44]/material[9],Solution,href
720,634,https://olimpicos.net/ipho/index.html,article[45]/material[0],Problem,href
721,635,https://olimpicos.net/ipho/index.html,article[45]/material[1],Solution,href
722,636,https://olimpicos.net/ipho/index.html,article[45]/material[2],Problem,href
723,637,https://olimpicos.net/ipho/index.html,article[45]/material[3],Solution,href
724,638,https://olimpicos.net/ipho/index.html,article[45]/material[4],Problem,href
725,639,https://olimpicos.net/ipho/index.html,article[45]/material[5],Solution,href
726,640,https://olimpicos.net/ipho/index.html,article[45]/material[6],Problem,href
727,641,https://olimpicos.net/ipho/index.html,article[45]/material[7],Solution,href
728,640,https://olimpicos.net/ipho/index.html,article[45]/material[8],Problem,href
729,641,https://olimpicos.net/ipho/index.html,article[45]/material[9],Solution,href
730,642,https://olimpicos.net/ipho/index.html,article[46]/material[0],Problem,href
731,643,https://olimpicos.net/ipho/index.html,article[46]/material[1],Solution,href
732,644,https://olimpicos.net/ipho/index.html,article[46]/material[2],Problem,href
733,645,https://olimpicos.net/ipho/index.html,article[46]/material[3],Solution,href
734,646,https://olimpicos.net/ipho/index.html,article[46]/material[4],Problem,href
735,647,https://olimpicos.net/ipho/index.html,article[46]/material[5],Solution,href
736,648,https://olimpicos.net/ipho/index.html,article[46]/material[6],Problem,href
737,649,https://olimpicos.net/ipho/index.html,article[46]/material[7],Solution,href
738,648,https://olimpicos.net/ipho/index.html,article[46]/material[8],Problem,href
739,649,https://olimpicos.net/ipho/index.html,article[46]/material[9],Solution,href
740,650,https://olimpicos.net/ipho/index.html,article[47]/material[0],Problem,href
741,651,https://olimpicos.net/ipho/index.html,article[47]/material[1],Solution,href
742,652,https://olimpicos.net/ipho/index.html,article[47]/material[2],Problem,href
743,653,https://olimpicos.net/ipho/index.html,article[47]/material[3],Solution,href
744,654,https://olimpicos.net/ipho/index.html,article[47]/material[4],Problem,href
745,655,https://olimpicos.net/ipho/index.html,article[47]/material[5],Solution,href
746,656,https://olimpicos.net/ipho/index.html,article[48]/material[0],Problem,href
747,657,https://olimpicos.net/ipho/index.html,article[48]/material[1],Solution,href
748,658,https://olimpicos.net/ipho/index.html,article[48]/material[2],Problem,href
749,659,https://olimpicos.net/ipho/index.html,article[48]/material[3],Solution,href
750,660,https://olimpicos.net/ipho/index.html,article[48]/material[4],Problem,href
751,661,https://olimpicos.net/ipho/index.html,article[48]/material[5],Solution,href
752,662,https://olimpicos.net/ipho/index.html,article[48]/material[6],Problem,href
753,663,https://olimpicos.net/ipho/index.html,article[48]/material[7],Solution,href
754,662,https://olimpicos.net/ipho/index.html,article[48]/material[8],Problem,href
755,663,https://olimpicos.net/ipho/index.html,article[48]/material[9],Solution,href
756,664,https://olimpicos.net/ipho/index.html,article[49]/material[0],Problem,href
757,665,https://olimpicos.net/ipho/index.html,article[49]/material[1],Solution,href
758,666,https://olimpicos.net/ipho/index.html,article[49]/material[2],Problem,href
759,667,https://olimpicos.net/ipho/index.html,article[49]/material[3],Solution,href
760,668,https://olimpicos.net/ipho/index.html,article[49]/material[4],Problem,href
761,669,https://olimpicos.net/ipho/index.html,article[49]/material[5],Solution,href
762,670,https://olimpicos.net/ipho/index.html,article[49]/material[6],Problem,href
763,671,https://olimpicos.net/ipho/index.html,article[49]/material[7],Solution,href
764,670,https://olimpicos.net/ipho/index.html,article[49]/material[8],Problem,href
765,671,https://olimpicos.net/ipho/index.html,article[49]/material[9],Solution,href
766,672,https://olimpicos.net/ipho/index.html,article[50]/material[0],Problem,href
767,673,https://olimpicos.net/ipho/index.html,article[50]/material[1],Solution,href
768,674,https://olimpicos.net/ipho/index.html,article[50]/material[2],Problem,href
769,675,https://olimpicos.net/ipho/index.html,article[50]/material[3],Solution,href
770,676,https://olimpicos.net/ipho/index.html,article[50]/material[4],Problem,href
771,677,https://olimpicos.net/ipho/index.html,article[50]/material[5],Solution,href
772,678,https://olimpicos.net/ipho/index.html,article[50]/material[6],Problem,href
773,679,https://olimpicos.net/ipho/index.html,article[50]/material[7],Solution,href
774,678,https://olimpicos.net/ipho/index.html,article[50]/material[8],Problem,href
775,679,https://olimpicos.net/ipho/index.html,article[50]/material[9],Solution,href
776,680,https://olimpicos.net/ipho/index.html,article[51]/material[0],Problem,href
777,681,https://olimpicos.net/ipho/index.html,article[51]/material[1],Solution,href
778,682,https://olimpicos.net/ipho/index.html,article[51]/material[2],Problem,href
779,683,https://olimpicos.net/ipho/index.html,article[51]/material[3],Solution,href
780,684,https://olimpicos.net/ipho/index.html,article[51]/material[4],Problem,href
781,685,https://olimpicos.net/ipho/index.html,article[51]/material[5],Solution,href
782,686,https://olimpicos.net/ipho/index.html,article[51]/material[6],Problem,href
783,687,https://olimpicos.net/ipho/index.html,article[51]/material[7],Solution,href
784,688,https://olimpicos.net/ipho/index.html,article[51]/material[8],Problem,href
785,689,https://olimpicos.net/ipho/index.html,article[51]/material[9],Solution,href
786,688,https://olimpicos.net/ipho/index.html,article[51]/material[10],Problem,href
787,689,https://olimpicos.net/ipho/index.html,article[51]/material[11],Solution,href
788,690,https://olimpicos.net/ipho/index.html,article[52]/material[0],Problem,href
789,691,https://olimpicos.net/ipho/index.html,article[52]/material[1],Solution,href
790,692,https://olimpicos.net/ipho/index.html,article[52]/material[2],Problem,href
791,693,https://olimpicos.net/ipho/index.html,article[52]/material[3],Solution,href
792,694,https://olimpicos.net/ipho/index.html,article[52]/material[4],Problem,href
793,695,https://olimpicos.net/ipho/index.html,article[52]/material[5],Solution,href
794,696,https://olimpicos.net/ipho/index.html,article[52]/material[6],Problem,href
795,697,https://olimpicos.net/ipho/index.html,article[52]/material[7],Solution,href
796,698,https://olimpicos.net/ipho/index.html,article[52]/material[8],Problem,href
797,699,https://olimpicos.net/ipho/index.html,article[52]/material[9],Solution,href
798,698,https://olimpicos.net/ipho/index.html,article[52]/material[10],Problem,href
799,699,https://olimpicos.net/ipho/index.html,article[52]/material[11],Solution,href
800,700,https://olimpicos.net/ipho/index.html,article[53]/material[0],Problem,href
801,701,https://olimpicos.net/ipho/index.html,article[53]/material[1],Solution,href
802,702,https://olimpicos.net/ipho/index.html,article[53]/material[2],Problem,href
803,703,https://olimpicos.net/ipho/index.html,article[53]/material[3],Solution,href
804,704,https://olimpicos.net/ipho/index.html,article[53]/material[4],Problem,href
805,705,https://olimpicos.net/ipho/index.html,article[53]/material[5],Solution,href
806,706,https://olimpicos.net/ipho/index.html,article[53]/material[6],Problem,href
807,707,https://olimpicos.net/ipho/index.html,article[53]/material[7],Solution,href
808,708,https://olimpicos.net/ipho/index.html,article[53]/material[8],Problem,href
809,709,https://olimpicos.net/ipho/index.html,article[53]/material[9],Solution,href
810,708,https://olimpicos.net/ipho/index.html,article[53]/material[10],Problem,href
811,709,https://olimpicos.net/ipho/index.html,article[53]/material[11],Solution,href
812,710,https://olimpicos.net/ipho/index.html,article[54]/material[0],Problem,href
813,711,https://olimpicos.net/ipho/index.html,article[54]/material[1],Solution,href
814,712,https://olimpicos.net/ipho/index.html,article[54]/material[2],Problem,href
815,713,https://olimpicos.net/ipho/index.html,article[54]/material[3],Solution,href
816,714,https://olimpicos.net/ipho/index.html,article[54]/material[4],Problem,href
817,715,https://olimpicos.net/ipho/index.html,article[54]/material[5],Solution,href
818,716,https://olimpicos.net/ipho/index.html,article[54]/material[6],Problem,href
819,717,https://olimpicos.net/ipho/index.html,article[54]/material[7],Solution,href
820,718,https://olimpicos.net/ipho/index.html,article[55]/material[0],Problem,href
821,719,https://olimpicos.net/ipho/index.html,article[55]/material[1],Solution,href
822,720,https://olimpicos.net/ipho/index.html,article[55]/material[2],Problem,href
823,721,https://olimpicos.net/ipho/index.html,article[55]/material[3],Solution,href
824,722,https://olimpicos.net/ipho/index.html,article[55]/material[4],Problem,href
825,723,https://olimpicos.net/ipho/index.html,article[55]/material[5],Solution,href
826,724,https://olimpicos.net/ipho/index.html,article[55]/material[6],Problem,href
827,725,https://olimpicos.net/ipho/index.html,article[55]/material[7],Solution,href
828,724,https://olimpicos.net/ipho/index.html,article[55]/material[8],Problem,href
829,725,https://olimpicos.net/ipho/index.html,article[55]/material[9],Solution,href
830,726,https://olimpicos.net/ipho/index.html,article[56]/material[0],Problem,href
831,727,https://olimpicos.net/ipho/index.html,article[56]/material[1],Solution,href
832,728,https://olimpicos.net/ipho/index.html,article[56]/material[2],LaTeX transcription (.tex),data-x
833,729,https://olimpicos.net/ipho/index.html,article[56]/material[3],Problem,href
834,730,https://olimpicos.net/ipho/index.html,article[56]/material[4],Solution,href
835,731,https://olimpicos.net/ipho/index.html,article[56]/material[5],LaTeX transcription (.tex),data-x
836,732,https://olimpicos.net/ipho/index.html,article[56]/material[6],Problem,href
837,733,https://olimpicos.net/ipho/index.html,article[56]/material[7],Solution,href
838,734,https://olimpicos.net/ipho/index.html,article[56]/material[8],LaTeX transcription (.tex),data-x
839,735,https://olimpicos.net/ipho/index.html,article[56]/material[9],Problem,href
840,736,https://olimpicos.net/ipho/index.html,article[56]/material[10],Solution,href
841,737,https://olimpicos.net/ipho/index.html,article[56]/material[11],LaTeX transcription (.tex),data-x
842,738,https://olimpicos.net/ipho/index.html,article[56]/material[12],Problem,href
843,739,https://olimpicos.net/ipho/index.html,article[56]/material[13],Solution,href
844,740,https://olimpicos.net/ipho/index.html,article[56]/material[14],LaTeX transcription (.tex),data-x
845,738,https://olimpicos.net/ipho/index.html,article[56]/material[15],Problem,href
846,739,https://olimpicos.net/ipho/index.html,article[56]/material[16],Solution,href
847,740,https://olimpicos.net/ipho/index.html,article[56]/material[17],LaTeX transcription (.tex),data-x
848,743,https://olimpicos.net/eupho/index.html,article[0]/material[0],Results,href
849,744,https://olimpicos.net/eupho/index.html,article[0]/material[1],Full paper,href
850,745,https://olimpicos.net/eupho/index.html,article[0]/material[2],All solutions,href
851,746,https://olimpicos.net/eupho/index.html,article[0]/material[3],Problem,href
852,747,https://olimpicos.net/eupho/index.html,article[0]/material[4],Solution,href
853,748,https://olimpicos.net/eupho/index.html,article[0]/material[5],LaTeX source (.zip),href
854,749,https://olimpicos.net/eupho/index.html,article[0]/material[6],LaTeX PDF,href
855,750,https://olimpicos.net/eupho/index.html,article[0]/material[7],LaTeX transcription (.tex),data-x
856,749,https://olimpicos.net/eupho/index.html,article[0]/material[7],LaTeX PDF,data-tp
857,748,https://olimpicos.net/eupho/index.html,article[0]/material[7],LaTeX source (.zip),data-z
858,751,https://olimpicos.net/eupho/index.html,article[0]/material[8],Problem,href
859,752,https://olimpicos.net/eupho/index.html,article[0]/material[9],Solution,href
860,753,https://olimpicos.net/eupho/index.html,article[0]/material[10],LaTeX source (.zip),href
861,754,https://olimpicos.net/eupho/index.html,article[0]/material[11],LaTeX PDF,href
862,755,https://olimpicos.net/eupho/index.html,article[0]/material[12],LaTeX transcription (.tex),data-x
863,754,https://olimpicos.net/eupho/index.html,article[0]/material[12],LaTeX PDF,data-tp
864,753,https://olimpicos.net/eupho/index.html,article[0]/material[12],LaTeX source (.zip),data-z
865,756,https://olimpicos.net/eupho/index.html,article[0]/material[13],Problem,href
866,757,https://olimpicos.net/eupho/index.html,article[0]/material[14],Solution,href
867,758,https://olimpicos.net/eupho/index.html,article[0]/material[15],LaTeX source (.zip),href
868,759,https://olimpicos.net/eupho/index.html,article[0]/material[16],LaTeX PDF,href
869,760,https://olimpicos.net/eupho/index.html,article[0]/material[17],LaTeX transcription (.tex),data-x
870,759,https://olimpicos.net/eupho/index.html,article[0]/material[17],LaTeX PDF,data-tp
871,758,https://olimpicos.net/eupho/index.html,article[0]/material[17],LaTeX source (.zip),data-z
872,761,https://olimpicos.net/eupho/index.html,article[0]/material[18],Problem,href
873,762,https://olimpicos.net/eupho/index.html,article[0]/material[19],Solution,href
874,763,https://olimpicos.net/eupho/index.html,article[0]/material[20],LaTeX source (.zip),href
875,764,https://olimpicos.net/eupho/index.html,article[0]/material[21],LaTeX PDF,href
876,765,https://olimpicos.net/eupho/index.html,article[0]/material[22],LaTeX transcription (.tex),data-x
877,764,https://olimpicos.net/eupho/index.html,article[0]/material[22],LaTeX PDF,data-tp
878,763,https://olimpicos.net/eupho/index.html,article[0]/material[22],LaTeX source (.zip),data-z
879,761,https://olimpicos.net/eupho/index.html,article[0]/material[23],Problem,href
880,762,https://olimpicos.net/eupho/index.html,article[0]/material[24],Solution,href
881,763,https://olimpicos.net/eupho/index.html,article[0]/material[25],LaTeX source (.zip),href
882,764,https://olimpicos.net/eupho/index.html,article[0]/material[26],LaTeX PDF,href
883,765,https://olimpicos.net/eupho/index.html,article[0]/material[27],LaTeX transcription (.tex),data-x
884,764,https://olimpicos.net/eupho/index.html,article[0]/material[27],LaTeX PDF,data-tp
885,763,https://olimpicos.net/eupho/index.html,article[0]/material[27],LaTeX source (.zip),data-z
886,766,https://olimpicos.net/eupho/index.html,article[1]/material[0],Results,href
887,767,https://olimpicos.net/eupho/index.html,article[1]/material[1],Full paper,href
888,768,https://olimpicos.net/eupho/index.html,article[1]/material[2],All solutions,href
889,769,https://olimpicos.net/eupho/index.html,article[1]/material[3],Problem,href
890,770,https://olimpicos.net/eupho/index.html,article[1]/material[4],Solution,href
891,771,https://olimpicos.net/eupho/index.html,article[1]/material[5],LaTeX source (.zip),href
892,772,https://olimpicos.net/eupho/index.html,article[1]/material[6],LaTeX PDF,href
893,773,https://olimpicos.net/eupho/index.html,article[1]/material[7],LaTeX transcription (.tex),data-x
894,772,https://olimpicos.net/eupho/index.html,article[1]/material[7],LaTeX PDF,data-tp
895,771,https://olimpicos.net/eupho/index.html,article[1]/material[7],LaTeX source (.zip),data-z
896,774,https://olimpicos.net/eupho/index.html,article[1]/material[8],Problem,href
897,775,https://olimpicos.net/eupho/index.html,article[1]/material[9],Solution,href
898,776,https://olimpicos.net/eupho/index.html,article[1]/material[10],LaTeX source (.zip),href
899,777,https://olimpicos.net/eupho/index.html,article[1]/material[11],LaTeX PDF,href
900,778,https://olimpicos.net/eupho/index.html,article[1]/material[12],LaTeX transcription (.tex),data-x
901,777,https://olimpicos.net/eupho/index.html,article[1]/material[12],LaTeX PDF,data-tp
902,776,https://olimpicos.net/eupho/index.html,article[1]/material[12],LaTeX source (.zip),data-z
903,779,https://olimpicos.net/eupho/index.html,article[1]/material[13],Problem,href
904,780,https://olimpicos.net/eupho/index.html,article[1]/material[14],Solution,href
905,781,https://olimpicos.net/eupho/index.html,article[1]/material[15],LaTeX source (.zip),href
906,782,https://olimpicos.net/eupho/index.html,article[1]/material[16],LaTeX PDF,href
907,783,https://olimpicos.net/eupho/index.html,article[1]/material[17],LaTeX transcription (.tex),data-x
908,782,https://olimpicos.net/eupho/index.html,article[1]/material[17],LaTeX PDF,data-tp
909,781,https://olimpicos.net/eupho/index.html,article[1]/material[17],LaTeX source (.zip),data-z
910,784,https://olimpicos.net/eupho/index.html,article[1]/material[18],Full paper,href
911,785,https://olimpicos.net/eupho/index.html,article[1]/material[19],All solutions,href
912,786,https://olimpicos.net/eupho/index.html,article[1]/material[20],Problem,href
913,787,https://olimpicos.net/eupho/index.html,article[1]/material[21],Solution,href
914,788,https://olimpicos.net/eupho/index.html,article[1]/material[22],LaTeX source (.zip),href
915,789,https://olimpicos.net/eupho/index.html,article[1]/material[23],LaTeX PDF,href
916,790,https://olimpicos.net/eupho/index.html,article[1]/material[24],LaTeX transcription (.tex),data-x
917,789,https://olimpicos.net/eupho/index.html,article[1]/material[24],LaTeX PDF,data-tp
918,788,https://olimpicos.net/eupho/index.html,article[1]/material[24],LaTeX source (.zip),data-z
919,791,https://olimpicos.net/eupho/index.html,article[1]/material[25],Problem,href
920,792,https://olimpicos.net/eupho/index.html,article[1]/material[26],Solution,href
921,793,https://olimpicos.net/eupho/index.html,article[1]/material[27],LaTeX source (.zip),href
922,794,https://olimpicos.net/eupho/index.html,article[1]/material[28],LaTeX PDF,href
923,795,https://olimpicos.net/eupho/index.html,article[1]/material[29],LaTeX transcription (.tex),data-x
924,794,https://olimpicos.net/eupho/index.html,article[1]/material[29],LaTeX PDF,data-tp
925,793,https://olimpicos.net/eupho/index.html,article[1]/material[29],LaTeX source (.zip),data-z
926,796,https://olimpicos.net/eupho/index.html,article[2]/material[0],Results,href
927,797,https://olimpicos.net/eupho/index.html,article[2]/material[1],Full paper,href
928,798,https://olimpicos.net/eupho/index.html,article[2]/material[2],All solutions,href
929,799,https://olimpicos.net/eupho/index.html,article[2]/material[3],Problem,href
930,800,https://olimpicos.net/eupho/index.html,article[2]/material[4],Solution,href
931,801,https://olimpicos.net/eupho/index.html,article[2]/material[5],LaTeX source (.zip),href
932,802,https://olimpicos.net/eupho/index.html,article[2]/material[6],LaTeX PDF,href
933,803,https://olimpicos.net/eupho/index.html,article[2]/material[7],LaTeX transcription (.tex),data-x
934,802,https://olimpicos.net/eupho/index.html,article[2]/material[7],LaTeX PDF,data-tp
935,801,https://olimpicos.net/eupho/index.html,article[2]/material[7],LaTeX source (.zip),data-z
936,804,https://olimpicos.net/eupho/index.html,article[2]/material[8],Problem,href
937,805,https://olimpicos.net/eupho/index.html,article[2]/material[9],Solution,href
938,806,https://olimpicos.net/eupho/index.html,article[2]/material[10],LaTeX source (.zip),href
939,807,https://olimpicos.net/eupho/index.html,article[2]/material[11],LaTeX PDF,href
940,808,https://olimpicos.net/eupho/index.html,article[2]/material[12],LaTeX transcription (.tex),data-x
941,807,https://olimpicos.net/eupho/index.html,article[2]/material[12],LaTeX PDF,data-tp
942,806,https://olimpicos.net/eupho/index.html,article[2]/material[12],LaTeX source (.zip),data-z
943,809,https://olimpicos.net/eupho/index.html,article[2]/material[13],Problem,href
944,810,https://olimpicos.net/eupho/index.html,article[2]/material[14],Solution,href
945,811,https://olimpicos.net/eupho/index.html,article[2]/material[15],LaTeX source (.zip),href
946,812,https://olimpicos.net/eupho/index.html,article[2]/material[16],LaTeX PDF,href
947,813,https://olimpicos.net/eupho/index.html,article[2]/material[17],LaTeX transcription (.tex),data-x
948,812,https://olimpicos.net/eupho/index.html,article[2]/material[17],LaTeX PDF,data-tp
949,811,https://olimpicos.net/eupho/index.html,article[2]/material[17],LaTeX source (.zip),data-z
950,814,https://olimpicos.net/eupho/index.html,article[2]/material[18],Problem,href
951,815,https://olimpicos.net/eupho/index.html,article[2]/material[19],Solution,href
952,816,https://olimpicos.net/eupho/index.html,article[2]/material[20],LaTeX source (.zip),href
953,817,https://olimpicos.net/eupho/index.html,article[2]/material[21],LaTeX PDF,href
954,818,https://olimpicos.net/eupho/index.html,article[2]/material[22],LaTeX transcription (.tex),data-x
955,817,https://olimpicos.net/eupho/index.html,article[2]/material[22],LaTeX PDF,data-tp
956,816,https://olimpicos.net/eupho/index.html,article[2]/material[22],LaTeX source (.zip),data-z
957,814,https://olimpicos.net/eupho/index.html,article[2]/material[23],Problem,href
958,815,https://olimpicos.net/eupho/index.html,article[2]/material[24],Solution,href
959,816,https://olimpicos.net/eupho/index.html,article[2]/material[25],LaTeX source (.zip),href
960,817,https://olimpicos.net/eupho/index.html,article[2]/material[26],LaTeX PDF,href
961,818,https://olimpicos.net/eupho/index.html,article[2]/material[27],LaTeX transcription (.tex),data-x
962,817,https://olimpicos.net/eupho/index.html,article[2]/material[27],LaTeX PDF,data-tp
963,816,https://olimpicos.net/eupho/index.html,article[2]/material[27],LaTeX source (.zip),data-z
964,819,https://olimpicos.net/eupho/index.html,article[3]/material[0],Results,href
965,820,https://olimpicos.net/eupho/index.html,article[3]/material[1],Full paper,href
966,821,https://olimpicos.net/eupho/index.html,article[3]/material[2],All solutions,href
967,822,https://olimpicos.net/eupho/index.html,article[3]/material[3],Problem,href
968,823,https://olimpicos.net/eupho/index.html,article[3]/material[4],Solution,href
969,824,https://olimpicos.net/eupho/index.html,article[3]/material[5],LaTeX source (.zip),href
970,825,https://olimpicos.net/eupho/index.html,article[3]/material[6],LaTeX PDF,href
971,826,https://olimpicos.net/eupho/index.html,article[3]/material[7],LaTeX transcription (.tex),data-x
972,825,https://olimpicos.net/eupho/index.html,article[3]/material[7],LaTeX PDF,data-tp
973,824,https://olimpicos.net/eupho/index.html,article[3]/material[7],LaTeX source (.zip),data-z
974,827,https://olimpicos.net/eupho/index.html,article[3]/material[8],Problem,href
975,828,https://olimpicos.net/eupho/index.html,article[3]/material[9],Solution,href
976,829,https://olimpicos.net/eupho/index.html,article[3]/material[10],LaTeX source (.zip),href
977,830,https://olimpicos.net/eupho/index.html,article[3]/material[11],LaTeX PDF,href
978,831,https://olimpicos.net/eupho/index.html,article[3]/material[12],LaTeX transcription (.tex),data-x
979,830,https://olimpicos.net/eupho/index.html,article[3]/material[12],LaTeX PDF,data-tp
980,829,https://olimpicos.net/eupho/index.html,article[3]/material[12],LaTeX source (.zip),data-z
981,832,https://olimpicos.net/eupho/index.html,article[3]/material[13],Problem,href
982,833,https://olimpicos.net/eupho/index.html,article[3]/material[14],Solution,href
983,834,https://olimpicos.net/eupho/index.html,article[3]/material[15],LaTeX source (.zip),href
984,835,https://olimpicos.net/eupho/index.html,article[3]/material[16],LaTeX PDF,href
985,836,https://olimpicos.net/eupho/index.html,article[3]/material[17],LaTeX transcription (.tex),data-x
986,835,https://olimpicos.net/eupho/index.html,article[3]/material[17],LaTeX PDF,data-tp
987,834,https://olimpicos.net/eupho/index.html,article[3]/material[17],LaTeX source (.zip),data-z
988,837,https://olimpicos.net/eupho/index.html,article[3]/material[18],Full paper,href
989,838,https://olimpicos.net/eupho/index.html,article[3]/material[19],All solutions,href
990,839,https://olimpicos.net/eupho/index.html,article[3]/material[20],Problem,href
991,840,https://olimpicos.net/eupho/index.html,article[3]/material[21],Solution,href
992,841,https://olimpicos.net/eupho/index.html,article[3]/material[22],LaTeX source (.zip),href
993,842,https://olimpicos.net/eupho/index.html,article[3]/material[23],LaTeX PDF,href
994,843,https://olimpicos.net/eupho/index.html,article[3]/material[24],LaTeX transcription (.tex),data-x
995,842,https://olimpicos.net/eupho/index.html,article[3]/material[24],LaTeX PDF,data-tp
996,841,https://olimpicos.net/eupho/index.html,article[3]/material[24],LaTeX source (.zip),data-z
997,844,https://olimpicos.net/eupho/index.html,article[3]/material[25],Problem,href
998,845,https://olimpicos.net/eupho/index.html,article[3]/material[26],Solution,href
999,846,https://olimpicos.net/eupho/index.html,article[3]/material[27],LaTeX source (.zip),href
1000,847,https://olimpicos.net/eupho/index.html,article[3]/material[28],LaTeX PDF,href
1001,848,https://olimpicos.net/eupho/index.html,article[3]/material[29],LaTeX transcription (.tex),data-x
1002,847,https://olimpicos.net/eupho/index.html,article[3]/material[29],LaTeX PDF,data-tp
1003,846,https://olimpicos.net/eupho/index.html,article[3]/material[29],LaTeX source (.zip),data-z
1004,849,https://olimpicos.net/eupho/index.html,article[4]/material[0],Results,href
1005,850,https://olimpicos.net/eupho/index.html,article[4]/material[1],Full paper,href
1006,851,https://olimpicos.net/eupho/index.html,article[4]/material[2],All solutions,href
1007,852,https://olimpicos.net/eupho/index.html,article[4]/material[3],Problem,href
1008,853,https://olimpicos.net/eupho/index.html,article[4]/material[4],Solution,href
1009,854,https://olimpicos.net/eupho/index.html,article[4]/material[5],LaTeX source (.zip),href
1010,855,https://olimpicos.net/eupho/index.html,article[4]/material[6],LaTeX PDF,href
1011,856,https://olimpicos.net/eupho/index.html,article[4]/material[7],LaTeX transcription (.tex),data-x
1012,855,https://olimpicos.net/eupho/index.html,article[4]/material[7],LaTeX PDF,data-tp
1013,854,https://olimpicos.net/eupho/index.html,article[4]/material[7],LaTeX source (.zip),data-z
1014,857,https://olimpicos.net/eupho/index.html,article[4]/material[8],Problem,href
1015,858,https://olimpicos.net/eupho/index.html,article[4]/material[9],Solution,href
1016,859,https://olimpicos.net/eupho/index.html,article[4]/material[10],LaTeX source (.zip),href
1017,860,https://olimpicos.net/eupho/index.html,article[4]/material[11],LaTeX PDF,href
1018,861,https://olimpicos.net/eupho/index.html,article[4]/material[12],LaTeX transcription (.tex),data-x
1019,860,https://olimpicos.net/eupho/index.html,article[4]/material[12],LaTeX PDF,data-tp
1020,859,https://olimpicos.net/eupho/index.html,article[4]/material[12],LaTeX source (.zip),data-z
1021,862,https://olimpicos.net/eupho/index.html,article[4]/material[13],Problem,href
1022,863,https://olimpicos.net/eupho/index.html,article[4]/material[14],Solution,href
1023,864,https://olimpicos.net/eupho/index.html,article[4]/material[15],LaTeX source (.zip),href
1024,865,https://olimpicos.net/eupho/index.html,article[4]/material[16],LaTeX PDF,href
1025,866,https://olimpicos.net/eupho/index.html,article[4]/material[17],LaTeX transcription (.tex),data-x
1026,865,https://olimpicos.net/eupho/index.html,article[4]/material[17],LaTeX PDF,data-tp
1027,864,https://olimpicos.net/eupho/index.html,article[4]/material[17],LaTeX source (.zip),data-z
1028,867,https://olimpicos.net/eupho/index.html,article[4]/material[18],Problem,href
1029,868,https://olimpicos.net/eupho/index.html,article[4]/material[19],Solution,href
1030,869,https://olimpicos.net/eupho/index.html,article[4]/material[20],LaTeX source (.zip),href
1031,870,https://olimpicos.net/eupho/index.html,article[4]/material[21],LaTeX PDF,href
1032,871,https://olimpicos.net/eupho/index.html,article[4]/material[22],LaTeX transcription (.tex),data-x
1033,870,https://olimpicos.net/eupho/index.html,article[4]/material[22],LaTeX PDF,data-tp
1034,869,https://olimpicos.net/eupho/index.html,article[4]/material[22],LaTeX source (.zip),data-z
1035,867,https://olimpicos.net/eupho/index.html,article[4]/material[23],Problem,href
1036,868,https://olimpicos.net/eupho/index.html,article[4]/material[24],Solution,href
1037,869,https://olimpicos.net/eupho/index.html,article[4]/material[25],LaTeX source (.zip),href
1038,870,https://olimpicos.net/eupho/index.html,article[4]/material[26],LaTeX PDF,href
1039,871,https://olimpicos.net/eupho/index.html,article[4]/material[27],LaTeX transcription (.tex),data-x
1040,870,https://olimpicos.net/eupho/index.html,article[4]/material[27],LaTeX PDF,data-tp
1041,869,https://olimpicos.net/eupho/index.html,article[4]/material[27],LaTeX source (.zip),data-z
1042,872,https://olimpicos.net/eupho/index.html,article[5]/material[0],Results,href
1043,873,https://olimpicos.net/eupho/index.html,article[5]/material[1],Experiment data (zip),href
1044,874,https://olimpicos.net/eupho/index.html,article[5]/material[2],Problem,href
1045,875,https://olimpicos.net/eupho/index.html,article[5]/material[3],Solution,href
1046,876,https://olimpicos.net/eupho/index.html,article[5]/material[4],LaTeX source (.zip),href
1047,877,https://olimpicos.net/eupho/index.html,article[5]/material[5],LaTeX PDF,href
1048,878,https://olimpicos.net/eupho/index.html,article[5]/material[6],LaTeX transcription (.tex),data-x
1049,877,https://olimpicos.net/eupho/index.html,article[5]/material[6],LaTeX PDF,data-tp
1050,876,https://olimpicos.net/eupho/index.html,article[5]/material[6],LaTeX source (.zip),data-z
1051,879,https://olimpicos.net/eupho/index.html,article[5]/material[7],Problem,href
1052,880,https://olimpicos.net/eupho/index.html,article[5]/material[8],Solution,href
1053,881,https://olimpicos.net/eupho/index.html,article[5]/material[9],LaTeX source (.zip),href
1054,882,https://olimpicos.net/eupho/index.html,article[5]/material[10],LaTeX PDF,href
1055,883,https://olimpicos.net/eupho/index.html,article[5]/material[11],LaTeX transcription (.tex),data-x
1056,882,https://olimpicos.net/eupho/index.html,article[5]/material[11],LaTeX PDF,data-tp
1057,881,https://olimpicos.net/eupho/index.html,article[5]/material[11],LaTeX source (.zip),data-z
1058,884,https://olimpicos.net/eupho/index.html,article[5]/material[12],Problem,href
1059,885,https://olimpicos.net/eupho/index.html,article[5]/material[13],Solution,href
1060,886,https://olimpicos.net/eupho/index.html,article[5]/material[14],LaTeX source (.zip),href
1061,887,https://olimpicos.net/eupho/index.html,article[5]/material[15],LaTeX PDF,href
1062,888,https://olimpicos.net/eupho/index.html,article[5]/material[16],LaTeX transcription (.tex),data-x
1063,887,https://olimpicos.net/eupho/index.html,article[5]/material[16],LaTeX PDF,data-tp
1064,886,https://olimpicos.net/eupho/index.html,article[5]/material[16],LaTeX source (.zip),data-z
1065,889,https://olimpicos.net/eupho/index.html,article[5]/material[17],Full paper,href
1066,890,https://olimpicos.net/eupho/index.html,article[5]/material[18],All solutions,href
1067,891,https://olimpicos.net/eupho/index.html,article[5]/material[19],Problem,href
1068,892,https://olimpicos.net/eupho/index.html,article[5]/material[20],Solution,href
1069,893,https://olimpicos.net/eupho/index.html,article[5]/material[21],LaTeX source (.zip),href
1070,894,https://olimpicos.net/eupho/index.html,article[5]/material[22],LaTeX PDF,href
1071,895,https://olimpicos.net/eupho/index.html,article[5]/material[23],LaTeX transcription (.tex),data-x
1072,894,https://olimpicos.net/eupho/index.html,article[5]/material[23],LaTeX PDF,data-tp
1073,893,https://olimpicos.net/eupho/index.html,article[5]/material[23],LaTeX source (.zip),data-z
1074,896,https://olimpicos.net/eupho/index.html,article[5]/material[24],Problem,href
1075,897,https://olimpicos.net/eupho/index.html,article[5]/material[25],Solution,href
1076,898,https://olimpicos.net/eupho/index.html,article[5]/material[26],LaTeX source (.zip),href
1077,899,https://olimpicos.net/eupho/index.html,article[5]/material[27],LaTeX PDF,href
1078,900,https://olimpicos.net/eupho/index.html,article[5]/material[28],LaTeX transcription (.tex),data-x
1079,899,https://olimpicos.net/eupho/index.html,article[5]/material[28],LaTeX PDF,data-tp
1080,898,https://olimpicos.net/eupho/index.html,article[5]/material[28],LaTeX source (.zip),data-z
1081,901,https://olimpicos.net/eupho/index.html,article[6]/material[0],Results,href
1082,902,https://olimpicos.net/eupho/index.html,article[6]/material[1],Experiment data (zip),href
1083,903,https://olimpicos.net/eupho/index.html,article[6]/material[2],Problem,href
1084,904,https://olimpicos.net/eupho/index.html,article[6]/material[3],Solution,href
1085,905,https://olimpicos.net/eupho/index.html,article[6]/material[4],LaTeX source (.zip),href
1086,906,https://olimpicos.net/eupho/index.html,article[6]/material[5],LaTeX PDF,href
1087,907,https://olimpicos.net/eupho/index.html,article[6]/material[6],LaTeX transcription (.tex),data-x
1088,906,https://olimpicos.net/eupho/index.html,article[6]/material[6],LaTeX PDF,data-tp
1089,905,https://olimpicos.net/eupho/index.html,article[6]/material[6],LaTeX source (.zip),data-z
1090,908,https://olimpicos.net/eupho/index.html,article[6]/material[7],Problem,href
1091,909,https://olimpicos.net/eupho/index.html,article[6]/material[8],Solution,href
1092,910,https://olimpicos.net/eupho/index.html,article[6]/material[9],LaTeX source (.zip),href
1093,911,https://olimpicos.net/eupho/index.html,article[6]/material[10],LaTeX PDF,href
1094,912,https://olimpicos.net/eupho/index.html,article[6]/material[11],LaTeX transcription (.tex),data-x
1095,911,https://olimpicos.net/eupho/index.html,article[6]/material[11],LaTeX PDF,data-tp
1096,910,https://olimpicos.net/eupho/index.html,article[6]/material[11],LaTeX source (.zip),data-z
1097,913,https://olimpicos.net/eupho/index.html,article[6]/material[12],Problem,href
1098,914,https://olimpicos.net/eupho/index.html,article[6]/material[13],Solution,href
1099,915,https://olimpicos.net/eupho/index.html,article[6]/material[14],LaTeX source (.zip),href
1100,916,https://olimpicos.net/eupho/index.html,article[6]/material[15],LaTeX PDF,href
1101,917,https://olimpicos.net/eupho/index.html,article[6]/material[16],LaTeX transcription (.tex),data-x
1102,916,https://olimpicos.net/eupho/index.html,article[6]/material[16],LaTeX PDF,data-tp
1103,915,https://olimpicos.net/eupho/index.html,article[6]/material[16],LaTeX source (.zip),data-z
1104,918,https://olimpicos.net/eupho/index.html,article[6]/material[17],Full paper,href
1105,919,https://olimpicos.net/eupho/index.html,article[6]/material[18],All solutions,href
1106,920,https://olimpicos.net/eupho/index.html,article[6]/material[19],Problem,href
1107,921,https://olimpicos.net/eupho/index.html,article[6]/material[20],Solution,href
1108,922,https://olimpicos.net/eupho/index.html,article[6]/material[21],LaTeX source (.zip),href
1109,923,https://olimpicos.net/eupho/index.html,article[6]/material[22],LaTeX PDF,href
1110,924,https://olimpicos.net/eupho/index.html,article[6]/material[23],LaTeX transcription (.tex),data-x
1111,923,https://olimpicos.net/eupho/index.html,article[6]/material[23],LaTeX PDF,data-tp
1112,922,https://olimpicos.net/eupho/index.html,article[6]/material[23],LaTeX source (.zip),data-z
1113,925,https://olimpicos.net/eupho/index.html,article[6]/material[24],Problem,href
1114,926,https://olimpicos.net/eupho/index.html,article[6]/material[25],Solution,href
1115,927,https://olimpicos.net/eupho/index.html,article[6]/material[26],LaTeX source (.zip),href
1116,928,https://olimpicos.net/eupho/index.html,article[6]/material[27],LaTeX PDF,href
1117,929,https://olimpicos.net/eupho/index.html,article[6]/material[28],LaTeX transcription (.tex),data-x
1118,928,https://olimpicos.net/eupho/index.html,article[6]/material[28],LaTeX PDF,data-tp
1119,927,https://olimpicos.net/eupho/index.html,article[6]/material[28],LaTeX source (.zip),data-z
1120,930,https://olimpicos.net/eupho/index.html,article[7]/material[0],Theory Marking Scheme,href
1121,931,https://olimpicos.net/eupho/index.html,article[7]/material[1],Results,href
1122,932,https://olimpicos.net/eupho/index.html,article[7]/material[2],Problem,href
1123,933,https://olimpicos.net/eupho/index.html,article[7]/material[3],Solution,href
1124,934,https://olimpicos.net/eupho/index.html,article[7]/material[4],LaTeX source (.zip),href
1125,935,https://olimpicos.net/eupho/index.html,article[7]/material[5],LaTeX PDF,href
1126,936,https://olimpicos.net/eupho/index.html,article[7]/material[6],LaTeX transcription (.tex),data-x
1127,935,https://olimpicos.net/eupho/index.html,article[7]/material[6],LaTeX PDF,data-tp
1128,934,https://olimpicos.net/eupho/index.html,article[7]/material[6],LaTeX source (.zip),data-z
1129,937,https://olimpicos.net/eupho/index.html,article[7]/material[7],Problem,href
1130,938,https://olimpicos.net/eupho/index.html,article[7]/material[8],Solution,href
1131,939,https://olimpicos.net/eupho/index.html,article[7]/material[9],LaTeX source (.zip),href
1132,940,https://olimpicos.net/eupho/index.html,article[7]/material[10],LaTeX PDF,href
1133,941,https://olimpicos.net/eupho/index.html,article[7]/material[11],LaTeX transcription (.tex),data-x
1134,940,https://olimpicos.net/eupho/index.html,article[7]/material[11],LaTeX PDF,data-tp
1135,939,https://olimpicos.net/eupho/index.html,article[7]/material[11],LaTeX source (.zip),data-z
1136,942,https://olimpicos.net/eupho/index.html,article[7]/material[12],Problem,href
1137,943,https://olimpicos.net/eupho/index.html,article[7]/material[13],Solution,href
1138,944,https://olimpicos.net/eupho/index.html,article[7]/material[14],LaTeX source (.zip),href
1139,945,https://olimpicos.net/eupho/index.html,article[7]/material[15],LaTeX PDF,href
1140,946,https://olimpicos.net/eupho/index.html,article[7]/material[16],LaTeX transcription (.tex),data-x
1141,945,https://olimpicos.net/eupho/index.html,article[7]/material[16],LaTeX PDF,data-tp
1142,944,https://olimpicos.net/eupho/index.html,article[7]/material[16],LaTeX source (.zip),data-z
1143,947,https://olimpicos.net/eupho/index.html,article[7]/material[17],Problem,href
1144,948,https://olimpicos.net/eupho/index.html,article[7]/material[18],LaTeX source (.zip),href
1145,949,https://olimpicos.net/eupho/index.html,article[7]/material[19],LaTeX PDF,href
1146,950,https://olimpicos.net/eupho/index.html,article[7]/material[20],LaTeX transcription (.tex),data-x
1147,949,https://olimpicos.net/eupho/index.html,article[7]/material[20],LaTeX PDF,data-tp
1148,948,https://olimpicos.net/eupho/index.html,article[7]/material[20],LaTeX source (.zip),data-z
1149,947,https://olimpicos.net/eupho/index.html,article[7]/material[21],Problem,href
1150,948,https://olimpicos.net/eupho/index.html,article[7]/material[22],LaTeX source (.zip),href
1151,949,https://olimpicos.net/eupho/index.html,article[7]/material[23],LaTeX PDF,href
1152,950,https://olimpicos.net/eupho/index.html,article[7]/material[24],LaTeX transcription (.tex),data-x
1153,949,https://olimpicos.net/eupho/index.html,article[7]/material[24],LaTeX PDF,data-tp
1154,948,https://olimpicos.net/eupho/index.html,article[7]/material[24],LaTeX source (.zip),data-z
1155,951,https://olimpicos.net/eupho/index.html,article[8]/material[0],Theory Marking Scheme,href
1156,952,https://olimpicos.net/eupho/index.html,article[8]/material[1],Experiment Marking Scheme,href
1157,953,https://olimpicos.net/eupho/index.html,article[8]/material[2],Results,href
1158,954,https://olimpicos.net/eupho/index.html,article[8]/material[3],Problem,href
1159,955,https://olimpicos.net/eupho/index.html,article[8]/material[4],Solution,href
1160,956,https://olimpicos.net/eupho/index.html,article[8]/material[5],LaTeX source (.zip),href
1161,957,https://olimpicos.net/eupho/index.html,article[8]/material[6],LaTeX PDF,href
1162,958,https://olimpicos.net/eupho/index.html,article[8]/material[7],LaTeX transcription (.tex),data-x
1163,957,https://olimpicos.net/eupho/index.html,article[8]/material[7],LaTeX PDF,data-tp
1164,956,https://olimpicos.net/eupho/index.html,article[8]/material[7],LaTeX source (.zip),data-z
1165,959,https://olimpicos.net/eupho/index.html,article[8]/material[8],Problem,href
1166,960,https://olimpicos.net/eupho/index.html,article[8]/material[9],Solution,href
1167,961,https://olimpicos.net/eupho/index.html,article[8]/material[10],LaTeX source (.zip),href
1168,962,https://olimpicos.net/eupho/index.html,article[8]/material[11],LaTeX PDF,href
1169,963,https://olimpicos.net/eupho/index.html,article[8]/material[12],LaTeX transcription (.tex),data-x
1170,962,https://olimpicos.net/eupho/index.html,article[8]/material[12],LaTeX PDF,data-tp
1171,961,https://olimpicos.net/eupho/index.html,article[8]/material[12],LaTeX source (.zip),data-z
1172,964,https://olimpicos.net/eupho/index.html,article[8]/material[13],Problem,href
1173,965,https://olimpicos.net/eupho/index.html,article[8]/material[14],Solution,href
1174,966,https://olimpicos.net/eupho/index.html,article[8]/material[15],LaTeX source (.zip),href
1175,967,https://olimpicos.net/eupho/index.html,article[8]/material[16],LaTeX PDF,href
1176,968,https://olimpicos.net/eupho/index.html,article[8]/material[17],LaTeX transcription (.tex),data-x
1177,967,https://olimpicos.net/eupho/index.html,article[8]/material[17],LaTeX PDF,data-tp
1178,966,https://olimpicos.net/eupho/index.html,article[8]/material[17],LaTeX source (.zip),data-z
1179,969,https://olimpicos.net/eupho/index.html,article[8]/material[18],Problem,href
1180,970,https://olimpicos.net/eupho/index.html,article[8]/material[19],Solution,href
1181,971,https://olimpicos.net/eupho/index.html,article[8]/material[20],LaTeX source (.zip),href
1182,972,https://olimpicos.net/eupho/index.html,article[8]/material[21],LaTeX PDF,href
1183,973,https://olimpicos.net/eupho/index.html,article[8]/material[22],LaTeX transcription (.tex),data-x
1184,972,https://olimpicos.net/eupho/index.html,article[8]/material[22],LaTeX PDF,data-tp
1185,971,https://olimpicos.net/eupho/index.html,article[8]/material[22],LaTeX source (.zip),data-z
1186,969,https://olimpicos.net/eupho/index.html,article[8]/material[23],Problem,href
1187,970,https://olimpicos.net/eupho/index.html,article[8]/material[24],Solution,href
1188,971,https://olimpicos.net/eupho/index.html,article[8]/material[25],LaTeX source (.zip),href
1189,972,https://olimpicos.net/eupho/index.html,article[8]/material[26],LaTeX PDF,href
1190,973,https://olimpicos.net/eupho/index.html,article[8]/material[27],LaTeX transcription (.tex),data-x
1191,972,https://olimpicos.net/eupho/index.html,article[8]/material[27],LaTeX PDF,data-tp
1192,971,https://olimpicos.net/eupho/index.html,article[8]/material[27],LaTeX source (.zip),data-z
1193,974,https://olimpicos.net/eupho/index.html,article[9]/material[0],Results,href
1194,975,https://olimpicos.net/eupho/index.html,article[9]/material[1],Problem,href
1195,976,https://olimpicos.net/eupho/index.html,article[9]/material[2],Solution,href
1196,977,https://olimpicos.net/eupho/index.html,article[9]/material[3],LaTeX source (.zip),href
1197,978,https://olimpicos.net/eupho/index.html,article[9]/material[4],LaTeX PDF,href
1198,979,https://olimpicos.net/eupho/index.html,article[9]/material[5],LaTeX solution PDF,href
1199,980,https://olimpicos.net/eupho/index.html,article[9]/material[6],LaTeX transcription (.tex),data-x
1200,978,https://olimpicos.net/eupho/index.html,article[9]/material[6],LaTeX PDF,data-tp
1201,979,https://olimpicos.net/eupho/index.html,article[9]/material[6],LaTeX solution PDF,data-ts
1202,977,https://olimpicos.net/eupho/index.html,article[9]/material[6],LaTeX source (.zip),data-z
1203,981,https://olimpicos.net/eupho/index.html,article[9]/material[7],Problem,href
1204,982,https://olimpicos.net/eupho/index.html,article[9]/material[8],Solution,href
1205,983,https://olimpicos.net/eupho/index.html,article[9]/material[9],LaTeX source (.zip),href
1206,984,https://olimpicos.net/eupho/index.html,article[9]/material[10],LaTeX PDF,href
1207,985,https://olimpicos.net/eupho/index.html,article[9]/material[11],LaTeX solution PDF,href
1208,986,https://olimpicos.net/eupho/index.html,article[9]/material[12],LaTeX transcription (.tex),data-x
1209,984,https://olimpicos.net/eupho/index.html,article[9]/material[12],LaTeX PDF,data-tp
1210,985,https://olimpicos.net/eupho/index.html,article[9]/material[12],LaTeX solution PDF,data-ts
1211,983,https://olimpicos.net/eupho/index.html,article[9]/material[12],LaTeX source (.zip),data-z
1212,987,https://olimpicos.net/eupho/index.html,article[9]/material[13],Problem,href
1213,988,https://olimpicos.net/eupho/index.html,article[9]/material[14],Solution,href
1214,989,https://olimpicos.net/eupho/index.html,article[9]/material[15],LaTeX source (.zip),href
1215,990,https://olimpicos.net/eupho/index.html,article[9]/material[16],LaTeX PDF,href
1216,991,https://olimpicos.net/eupho/index.html,article[9]/material[17],LaTeX solution PDF,href
1217,992,https://olimpicos.net/eupho/index.html,article[9]/material[18],LaTeX transcription (.tex),data-x
1218,990,https://olimpicos.net/eupho/index.html,article[9]/material[18],LaTeX PDF,data-tp
1219,991,https://olimpicos.net/eupho/index.html,article[9]/material[18],LaTeX solution PDF,data-ts
1220,989,https://olimpicos.net/eupho/index.html,article[9]/material[18],LaTeX source (.zip),data-z
1221,993,https://olimpicos.net/eupho/index.html,article[9]/material[19],Problem,href
1222,994,https://olimpicos.net/eupho/index.html,article[9]/material[20],Solution,href
1223,995,https://olimpicos.net/eupho/index.html,article[9]/material[21],LaTeX source (.zip),href
1224,996,https://olimpicos.net/eupho/index.html,article[9]/material[22],LaTeX PDF,href
1225,997,https://olimpicos.net/eupho/index.html,article[9]/material[23],LaTeX transcription (.tex),data-x
1226,996,https://olimpicos.net/eupho/index.html,article[9]/material[23],LaTeX PDF,data-tp
1227,995,https://olimpicos.net/eupho/index.html,article[9]/material[23],LaTeX source (.zip),data-z
1228,993,https://olimpicos.net/eupho/index.html,article[9]/material[24],Problem,href
1229,994,https://olimpicos.net/eupho/index.html,article[9]/material[25],Solution,href
1230,995,https://olimpicos.net/eupho/index.html,article[9]/material[26],LaTeX source (.zip),href
1231,996,https://olimpicos.net/eupho/index.html,article[9]/material[27],LaTeX PDF,href
1232,997,https://olimpicos.net/eupho/index.html,article[9]/material[28],LaTeX transcription (.tex),data-x
1233,996,https://olimpicos.net/eupho/index.html,article[9]/material[28],LaTeX PDF,data-tp
1234,995,https://olimpicos.net/eupho/index.html,article[9]/material[28],LaTeX source (.zip),data-z
1235,999,https://olimpicos.net/apho/index.html,article[0]/material[0],Results,href
1236,1000,https://olimpicos.net/apho/index.html,article[0]/material[1],Problem,href
1237,1001,https://olimpicos.net/apho/index.html,article[0]/material[2],Solution,href
1238,1002,https://olimpicos.net/apho/index.html,article[0]/material[3],LaTeX source (.zip),href
1239,1003,https://olimpicos.net/apho/index.html,article[0]/material[4],LaTeX PDF,href
1240,1004,https://olimpicos.net/apho/index.html,article[0]/material[5],LaTeX transcription (.tex),data-x
1241,1003,https://olimpicos.net/apho/index.html,article[0]/material[5],LaTeX PDF,data-tp
1242,1002,https://olimpicos.net/apho/index.html,article[0]/material[5],LaTeX source (.zip),data-z
1243,1005,https://olimpicos.net/apho/index.html,article[0]/material[6],Problem,href
1244,1006,https://olimpicos.net/apho/index.html,article[0]/material[7],Solution,href
1245,1007,https://olimpicos.net/apho/index.html,article[0]/material[8],LaTeX source (.zip),href
1246,1008,https://olimpicos.net/apho/index.html,article[0]/material[9],LaTeX PDF,href
1247,1009,https://olimpicos.net/apho/index.html,article[0]/material[10],LaTeX transcription (.tex),data-x
1248,1008,https://olimpicos.net/apho/index.html,article[0]/material[10],LaTeX PDF,data-tp
1249,1007,https://olimpicos.net/apho/index.html,article[0]/material[10],LaTeX source (.zip),data-z
1250,1010,https://olimpicos.net/apho/index.html,article[0]/material[11],Problem,href
1251,1011,https://olimpicos.net/apho/index.html,article[0]/material[12],Solution,href
1252,1012,https://olimpicos.net/apho/index.html,article[0]/material[13],Problem,href
1253,1013,https://olimpicos.net/apho/index.html,article[0]/material[14],Solution,href
1254,1014,https://olimpicos.net/apho/index.html,article[0]/material[15],Problem,href
1255,1015,https://olimpicos.net/apho/index.html,article[0]/material[16],Solution,href
1256,1016,https://olimpicos.net/apho/index.html,article[1]/material[0],Results,href
1257,1017,https://olimpicos.net/apho/index.html,article[1]/material[1],Problem,href
1258,1018,https://olimpicos.net/apho/index.html,article[1]/material[2],Solution,href
1259,1019,https://olimpicos.net/apho/index.html,article[1]/material[3],Answer sheet,href
1260,1020,https://olimpicos.net/apho/index.html,article[1]/material[4],LaTeX source (.zip),href
1261,1021,https://olimpicos.net/apho/index.html,article[1]/material[5],LaTeX PDF,href
1262,1022,https://olimpicos.net/apho/index.html,article[1]/material[6],LaTeX transcription (.tex),data-x
1263,1021,https://olimpicos.net/apho/index.html,article[1]/material[6],LaTeX PDF,data-tp
1264,1020,https://olimpicos.net/apho/index.html,article[1]/material[6],LaTeX source (.zip),data-z
1265,1023,https://olimpicos.net/apho/index.html,article[1]/material[7],Problem,href
1266,1024,https://olimpicos.net/apho/index.html,article[1]/material[8],Solution,href
1267,1025,https://olimpicos.net/apho/index.html,article[1]/material[9],Answer sheet,href
1268,1026,https://olimpicos.net/apho/index.html,article[1]/material[10],LaTeX source (.zip),href
1269,1027,https://olimpicos.net/apho/index.html,article[1]/material[11],LaTeX PDF,href
1270,1028,https://olimpicos.net/apho/index.html,article[1]/material[12],LaTeX transcription (.tex),data-x
1271,1027,https://olimpicos.net/apho/index.html,article[1]/material[12],LaTeX PDF,data-tp
1272,1026,https://olimpicos.net/apho/index.html,article[1]/material[12],LaTeX source (.zip),data-z
1273,1029,https://olimpicos.net/apho/index.html,article[1]/material[13],Problem,href
1274,1030,https://olimpicos.net/apho/index.html,article[1]/material[14],Solution,href
1275,1031,https://olimpicos.net/apho/index.html,article[1]/material[15],Answer sheet,href
1276,1032,https://olimpicos.net/apho/index.html,article[1]/material[16],Handwritten solution,href
1277,1033,https://olimpicos.net/apho/index.html,article[1]/material[17],Problem,href
1278,1034,https://olimpicos.net/apho/index.html,article[1]/material[18],Solution,href
1279,1035,https://olimpicos.net/apho/index.html,article[1]/material[19],Answer sheet,href
1280,1036,https://olimpicos.net/apho/index.html,article[1]/material[20],Marking scheme,href
1281,1033,https://olimpicos.net/apho/index.html,article[1]/material[21],Problem,href
1282,1034,https://olimpicos.net/apho/index.html,article[1]/material[22],Solution,href
1283,1035,https://olimpicos.net/apho/index.html,article[1]/material[23],Answer sheet,href
1284,1036,https://olimpicos.net/apho/index.html,article[1]/material[24],Marking scheme,href
1285,1037,https://olimpicos.net/apho/index.html,article[2]/material[0],Problem,href
1286,1038,https://olimpicos.net/apho/index.html,article[2]/material[1],Solution,href
1287,1039,https://olimpicos.net/apho/index.html,article[2]/material[2],Problem,href
1288,1040,https://olimpicos.net/apho/index.html,article[2]/material[3],Solution,href
1289,1041,https://olimpicos.net/apho/index.html,article[2]/material[4],Problem,href
1290,1042,https://olimpicos.net/apho/index.html,article[2]/material[5],Solution,href
1291,1043,https://olimpicos.net/apho/index.html,article[2]/material[6],Problem,href
1292,1044,https://olimpicos.net/apho/index.html,article[2]/material[7],Solution,href
1293,1043,https://olimpicos.net/apho/index.html,article[2]/material[8],Problem,href
1294,1044,https://olimpicos.net/apho/index.html,article[2]/material[9],Solution,href
1295,1045,https://olimpicos.net/apho/index.html,article[3]/material[0],Experiment instructions,href
1296,1046,https://olimpicos.net/apho/index.html,article[3]/material[1],Problem,href
1297,1047,https://olimpicos.net/apho/index.html,article[3]/material[2],Solution,href
1298,1048,https://olimpicos.net/apho/index.html,article[3]/material[3],Marking scheme,href
1299,1049,https://olimpicos.net/apho/index.html,article[3]/material[4],Problem,href
1300,1050,https://olimpicos.net/apho/index.html,article[3]/material[5],Solution,href
1301,1051,https://olimpicos.net/apho/index.html,article[3]/material[6],Marking scheme,href
1302,1052,https://olimpicos.net/apho/index.html,article[3]/material[7],Problem,href
1303,1053,https://olimpicos.net/apho/index.html,article[3]/material[8],Solution,href
1304,1054,https://olimpicos.net/apho/index.html,article[3]/material[9],Marking scheme,href
1305,1055,https://olimpicos.net/apho/index.html,article[3]/material[10],Problem,href
1306,1056,https://olimpicos.net/apho/index.html,article[3]/material[11],Solution,href
1307,1057,https://olimpicos.net/apho/index.html,article[3]/material[12],Problem,href
1308,1058,https://olimpicos.net/apho/index.html,article[3]/material[13],Solution,href
1309,1059,https://olimpicos.net/apho/index.html,article[4]/material[0],Theory instructions,href
1310,1060,https://olimpicos.net/apho/index.html,article[4]/material[1],Experiment instructions,href
1311,1061,https://olimpicos.net/apho/index.html,article[4]/material[2],Experimental Presentation,href
1312,1062,https://olimpicos.net/apho/index.html,article[4]/material[3],Results,href
1313,1063,https://olimpicos.net/apho/index.html,article[4]/material[4],Problem,href
1314,1064,https://olimpicos.net/apho/index.html,article[4]/material[5],Solution,href
1315,1065,https://olimpicos.net/apho/index.html,article[4]/material[6],Answer sheet,href
1316,1066,https://olimpicos.net/apho/index.html,article[4]/material[7],LaTeX source (.zip),href
1317,1067,https://olimpicos.net/apho/index.html,article[4]/material[8],LaTeX PDF,href
1318,1068,https://olimpicos.net/apho/index.html,article[4]/material[9],LaTeX transcription (.tex),data-x
1319,1067,https://olimpicos.net/apho/index.html,article[4]/material[9],LaTeX PDF,data-tp
1320,1066,https://olimpicos.net/apho/index.html,article[4]/material[9],LaTeX source (.zip),data-z
1321,1069,https://olimpicos.net/apho/index.html,article[4]/material[10],Problem,href
1322,1070,https://olimpicos.net/apho/index.html,article[4]/material[11],Solution,href
1323,1071,https://olimpicos.net/apho/index.html,article[4]/material[12],Answer sheet,href
1324,1072,https://olimpicos.net/apho/index.html,article[4]/material[13],LaTeX source (.zip),href
1325,1073,https://olimpicos.net/apho/index.html,article[4]/material[14],LaTeX PDF,href
1326,1074,https://olimpicos.net/apho/index.html,article[4]/material[15],LaTeX transcription (.tex),data-x
1327,1073,https://olimpicos.net/apho/index.html,article[4]/material[15],LaTeX PDF,data-tp
1328,1072,https://olimpicos.net/apho/index.html,article[4]/material[15],LaTeX source (.zip),data-z
1329,1075,https://olimpicos.net/apho/index.html,article[4]/material[16],Problem,href
1330,1076,https://olimpicos.net/apho/index.html,article[4]/material[17],Solution,href
1331,1077,https://olimpicos.net/apho/index.html,article[4]/material[18],Answer sheet,href
1332,1078,https://olimpicos.net/apho/index.html,article[4]/material[19],LaTeX source (.zip),href
1333,1079,https://olimpicos.net/apho/index.html,article[4]/material[20],LaTeX PDF,href
1334,1080,https://olimpicos.net/apho/index.html,article[4]/material[21],LaTeX transcription (.tex),data-x
1335,1079,https://olimpicos.net/apho/index.html,article[4]/material[21],LaTeX PDF,data-tp
1336,1078,https://olimpicos.net/apho/index.html,article[4]/material[21],LaTeX source (.zip),data-z
1337,1081,https://olimpicos.net/apho/index.html,article[4]/material[22],Problem,href
1338,1082,https://olimpicos.net/apho/index.html,article[4]/material[23],Solution,href
1339,1083,https://olimpicos.net/apho/index.html,article[4]/material[24],Answer sheet,href
1340,1084,https://olimpicos.net/apho/index.html,article[4]/material[25],Marking scheme,href
1341,1085,https://olimpicos.net/apho/index.html,article[4]/material[26],Problem,href
1342,1086,https://olimpicos.net/apho/index.html,article[4]/material[27],Solution,href
1343,1087,https://olimpicos.net/apho/index.html,article[4]/material[28],Answer sheet,href
1344,1088,https://olimpicos.net/apho/index.html,article[4]/material[29],Marking scheme,href
1345,1089,https://olimpicos.net/apho/index.html,article[5]/material[0],Experiment instructions,href
1346,1090,https://olimpicos.net/apho/index.html,article[5]/material[1],Experiment data (zip),href
1347,1091,https://olimpicos.net/apho/index.html,article[5]/material[2],Problem,href
1348,1092,https://olimpicos.net/apho/index.html,article[5]/material[3],Solution,href
1349,1093,https://olimpicos.net/apho/index.html,article[5]/material[4],Answer sheet,href
1350,1094,https://olimpicos.net/apho/index.html,article[5]/material[5],Marking scheme,href
1351,1095,https://olimpicos.net/apho/index.html,article[5]/material[6],Problem,href
1352,1096,https://olimpicos.net/apho/index.html,article[5]/material[7],Solution,href
1353,1097,https://olimpicos.net/apho/index.html,article[5]/material[8],Answer sheet,href
1354,1098,https://olimpicos.net/apho/index.html,article[5]/material[9],Marking scheme,href
1355,1099,https://olimpicos.net/apho/index.html,article[5]/material[10],Problem,href
1356,1100,https://olimpicos.net/apho/index.html,article[5]/material[11],Solution,href
1357,1101,https://olimpicos.net/apho/index.html,article[5]/material[12],Answer sheet,href
1358,1102,https://olimpicos.net/apho/index.html,article[5]/material[13],Marking scheme,href
1359,1103,https://olimpicos.net/apho/index.html,article[5]/material[14],Problem,href
1360,1104,https://olimpicos.net/apho/index.html,article[5]/material[15],Solution,href
1361,1105,https://olimpicos.net/apho/index.html,article[5]/material[16],Answer sheet,href
1362,1106,https://olimpicos.net/apho/index.html,article[5]/material[17],Marking scheme,href
1363,1107,https://olimpicos.net/apho/index.html,article[5]/material[18],Problem,href
1364,1108,https://olimpicos.net/apho/index.html,article[5]/material[19],Solution,href
1365,1109,https://olimpicos.net/apho/index.html,article[5]/material[20],Answer sheet,href
1366,1110,https://olimpicos.net/apho/index.html,article[5]/material[21],Marking scheme,href
1367,1111,https://olimpicos.net/apho/index.html,article[6]/material[0],Theory instructions,href
1368,1112,https://olimpicos.net/apho/index.html,article[6]/material[1],Experiment instructions,href
1369,1113,https://olimpicos.net/apho/index.html,article[6]/material[2],Results,href
1370,1114,https://olimpicos.net/apho/index.html,article[6]/material[3],Proceedings,href
1371,1115,https://olimpicos.net/apho/index.html,article[6]/material[4],Problem,href
1372,1116,https://olimpicos.net/apho/index.html,article[6]/material[5],Solution,href
1373,1117,https://olimpicos.net/apho/index.html,article[6]/material[6],Answer sheet,href
1374,1118,https://olimpicos.net/apho/index.html,article[6]/material[7],Marking scheme,href
1375,1119,https://olimpicos.net/apho/index.html,article[6]/material[8],Problem,href
1376,1120,https://olimpicos.net/apho/index.html,article[6]/material[9],Solution,href
1377,1121,https://olimpicos.net/apho/index.html,article[6]/material[10],Answer sheet,href
1378,1122,https://olimpicos.net/apho/index.html,article[6]/material[11],Marking scheme,href
1379,1123,https://olimpicos.net/apho/index.html,article[6]/material[12],Problem,href
1380,1124,https://olimpicos.net/apho/index.html,article[6]/material[13],Solution,href
1381,1125,https://olimpicos.net/apho/index.html,article[6]/material[14],Answer sheet,href
1382,1126,https://olimpicos.net/apho/index.html,article[6]/material[15],Marking scheme,href
1383,1127,https://olimpicos.net/apho/index.html,article[6]/material[16],Problem,href
1384,1128,https://olimpicos.net/apho/index.html,article[6]/material[17],Solution,href
1385,1129,https://olimpicos.net/apho/index.html,article[6]/material[18],Answer sheet,href
1386,1130,https://olimpicos.net/apho/index.html,article[6]/material[19],Marking scheme,href
1387,1131,https://olimpicos.net/apho/index.html,article[6]/material[20],Problem,href
1388,1132,https://olimpicos.net/apho/index.html,article[6]/material[21],Solution,href
1389,1133,https://olimpicos.net/apho/index.html,article[6]/material[22],Answer sheet,href
1390,1134,https://olimpicos.net/apho/index.html,article[6]/material[23],Marking scheme,href
1391,1135,https://olimpicos.net/apho/index.html,article[7]/material[0],Problem,href
1392,1136,https://olimpicos.net/apho/index.html,article[7]/material[1],Solution,href
1393,1137,https://olimpicos.net/apho/index.html,article[7]/material[2],Problem,href
1394,1138,https://olimpicos.net/apho/index.html,article[7]/material[3],Solution,href
1395,1139,https://olimpicos.net/apho/index.html,article[7]/material[4],Problem,href
1396,1140,https://olimpicos.net/apho/index.html,article[7]/material[5],Solution,href
1397,1141,https://olimpicos.net/apho/index.html,article[7]/material[6],Problem,href
1398,1142,https://olimpicos.net/apho/index.html,article[7]/material[7],Solution,href
1399,1143,https://olimpicos.net/apho/index.html,article[7]/material[8],Answer sheet,href
1400,1141,https://olimpicos.net/apho/index.html,article[7]/material[9],Problem,href
1401,1142,https://olimpicos.net/apho/index.html,article[7]/material[10],Solution,href
1402,1143,https://olimpicos.net/apho/index.html,article[7]/material[11],Answer sheet,href
1403,1144,https://olimpicos.net/apho/index.html,article[8]/material[0],Minutes,href
1404,1145,https://olimpicos.net/apho/index.html,article[8]/material[1],Problem,href
1405,1146,https://olimpicos.net/apho/index.html,article[8]/material[2],Solution,href
1406,1147,https://olimpicos.net/apho/index.html,article[8]/material[3],Answer sheet,href
1407,1148,https://olimpicos.net/apho/index.html,article[8]/material[4],Marking scheme,href
1408,1149,https://olimpicos.net/apho/index.html,article[8]/material[5],LaTeX source (.zip),href
1409,1150,https://olimpicos.net/apho/index.html,article[8]/material[6],LaTeX PDF,href
1410,1151,https://olimpicos.net/apho/index.html,article[8]/material[7],LaTeX solution PDF,href
1411,1152,https://olimpicos.net/apho/index.html,article[8]/material[8],LaTeX transcription (.tex),data-x
1412,1150,https://olimpicos.net/apho/index.html,article[8]/material[8],LaTeX PDF,data-tp
1413,1151,https://olimpicos.net/apho/index.html,article[8]/material[8],LaTeX solution PDF,data-ts
1414,1149,https://olimpicos.net/apho/index.html,article[8]/material[8],LaTeX source (.zip),data-z
1415,1153,https://olimpicos.net/apho/index.html,article[8]/material[9],Problem,href
1416,1154,https://olimpicos.net/apho/index.html,article[8]/material[10],Solution,href
1417,1155,https://olimpicos.net/apho/index.html,article[8]/material[11],Answer sheet,href
1418,1156,https://olimpicos.net/apho/index.html,article[8]/material[12],Marking scheme,href
1419,1157,https://olimpicos.net/apho/index.html,article[8]/material[13],LaTeX source (.zip),href
1420,1158,https://olimpicos.net/apho/index.html,article[8]/material[14],LaTeX PDF,href
1421,1159,https://olimpicos.net/apho/index.html,article[8]/material[15],LaTeX solution PDF,href
1422,1160,https://olimpicos.net/apho/index.html,article[8]/material[16],LaTeX transcription (.tex),data-x
1423,1158,https://olimpicos.net/apho/index.html,article[8]/material[16],LaTeX PDF,data-tp
1424,1159,https://olimpicos.net/apho/index.html,article[8]/material[16],LaTeX solution PDF,data-ts
1425,1157,https://olimpicos.net/apho/index.html,article[8]/material[16],LaTeX source (.zip),data-z
1426,1161,https://olimpicos.net/apho/index.html,article[8]/material[17],Problem,href
1427,1162,https://olimpicos.net/apho/index.html,article[8]/material[18],Solution,href
1428,1163,https://olimpicos.net/apho/index.html,article[8]/material[19],Answer sheet,href
1429,1164,https://olimpicos.net/apho/index.html,article[8]/material[20],Marking scheme,href
1430,1165,https://olimpicos.net/apho/index.html,article[8]/material[21],LaTeX source (.zip),href
1431,1166,https://olimpicos.net/apho/index.html,article[8]/material[22],LaTeX PDF,href
1432,1167,https://olimpicos.net/apho/index.html,article[8]/material[23],LaTeX transcription (.tex),data-x
1433,1166,https://olimpicos.net/apho/index.html,article[8]/material[23],LaTeX PDF,data-tp
1434,1165,https://olimpicos.net/apho/index.html,article[8]/material[23],LaTeX source (.zip),data-z
1435,1168,https://olimpicos.net/apho/index.html,article[8]/material[24],Problem,href
1436,1169,https://olimpicos.net/apho/index.html,article[8]/material[25],Solution,href
1437,1170,https://olimpicos.net/apho/index.html,article[8]/material[26],Answer sheet,href
1438,1171,https://olimpicos.net/apho/index.html,article[8]/material[27],Marking scheme,href
1439,1172,https://olimpicos.net/apho/index.html,article[8]/material[28],LaTeX source (.zip),href
1440,1173,https://olimpicos.net/apho/index.html,article[8]/material[29],LaTeX PDF,href
1441,1174,https://olimpicos.net/apho/index.html,article[8]/material[30],LaTeX transcription (.tex),data-x
1442,1173,https://olimpicos.net/apho/index.html,article[8]/material[30],LaTeX PDF,data-tp
1443,1172,https://olimpicos.net/apho/index.html,article[8]/material[30],LaTeX source (.zip),data-z
1444,1168,https://olimpicos.net/apho/index.html,article[8]/material[31],Problem,href
1445,1169,https://olimpicos.net/apho/index.html,article[8]/material[32],Solution,href
1446,1170,https://olimpicos.net/apho/index.html,article[8]/material[33],Answer sheet,href
1447,1171,https://olimpicos.net/apho/index.html,article[8]/material[34],Marking scheme,href
1448,1172,https://olimpicos.net/apho/index.html,article[8]/material[35],LaTeX source (.zip),href
1449,1173,https://olimpicos.net/apho/index.html,article[8]/material[36],LaTeX PDF,href
1450,1174,https://olimpicos.net/apho/index.html,article[8]/material[37],LaTeX transcription (.tex),data-x
1451,1173,https://olimpicos.net/apho/index.html,article[8]/material[37],LaTeX PDF,data-tp
1452,1172,https://olimpicos.net/apho/index.html,article[8]/material[37],LaTeX source (.zip),data-z
1453,1175,https://olimpicos.net/apho/index.html,article[9]/material[0],Theory instructions,href
1454,1176,https://olimpicos.net/apho/index.html,article[9]/material[1],Minutes,href
1455,1177,https://olimpicos.net/apho/index.html,article[9]/material[2],Problem,href
1456,1178,https://olimpicos.net/apho/index.html,article[9]/material[3],Solution,href
1457,1179,https://olimpicos.net/apho/index.html,article[9]/material[4],Answer sheet,href
1458,1180,https://olimpicos.net/apho/index.html,article[9]/material[5],Presentation,href
1459,1181,https://olimpicos.net/apho/index.html,article[9]/material[6],LaTeX source (.zip),href
1460,1182,https://olimpicos.net/apho/index.html,article[9]/material[7],LaTeX PDF,href
1461,1183,https://olimpicos.net/apho/index.html,article[9]/material[8],LaTeX solution PDF,href
1462,1184,https://olimpicos.net/apho/index.html,article[9]/material[9],LaTeX transcription (.tex),data-x
1463,1182,https://olimpicos.net/apho/index.html,article[9]/material[9],LaTeX PDF,data-tp
1464,1183,https://olimpicos.net/apho/index.html,article[9]/material[9],LaTeX solution PDF,data-ts
1465,1181,https://olimpicos.net/apho/index.html,article[9]/material[9],LaTeX source (.zip),data-z
1466,1185,https://olimpicos.net/apho/index.html,article[9]/material[10],Problem,href
1467,1186,https://olimpicos.net/apho/index.html,article[9]/material[11],Solution,href
1468,1187,https://olimpicos.net/apho/index.html,article[9]/material[12],Answer sheet,href
1469,1188,https://olimpicos.net/apho/index.html,article[9]/material[13],Presentation,href
1470,1189,https://olimpicos.net/apho/index.html,article[9]/material[14],LaTeX source (.zip),href
1471,1190,https://olimpicos.net/apho/index.html,article[9]/material[15],LaTeX PDF,href
1472,1191,https://olimpicos.net/apho/index.html,article[9]/material[16],LaTeX solution PDF,href
1473,1192,https://olimpicos.net/apho/index.html,article[9]/material[17],LaTeX transcription (.tex),data-x
1474,1190,https://olimpicos.net/apho/index.html,article[9]/material[17],LaTeX PDF,data-tp
1475,1191,https://olimpicos.net/apho/index.html,article[9]/material[17],LaTeX solution PDF,data-ts
1476,1189,https://olimpicos.net/apho/index.html,article[9]/material[17],LaTeX source (.zip),data-z
1477,1193,https://olimpicos.net/apho/index.html,article[9]/material[18],Problem,href
1478,1194,https://olimpicos.net/apho/index.html,article[9]/material[19],Solution,href
1479,1195,https://olimpicos.net/apho/index.html,article[9]/material[20],Answer sheet,href
1480,1196,https://olimpicos.net/apho/index.html,article[9]/material[21],Presentation,href
1481,1197,https://olimpicos.net/apho/index.html,article[9]/material[22],LaTeX source (.zip),href
1482,1198,https://olimpicos.net/apho/index.html,article[9]/material[23],LaTeX PDF,href
1483,1199,https://olimpicos.net/apho/index.html,article[9]/material[24],LaTeX solution PDF,href
1484,1200,https://olimpicos.net/apho/index.html,article[9]/material[25],LaTeX transcription (.tex),data-x
1485,1198,https://olimpicos.net/apho/index.html,article[9]/material[25],LaTeX PDF,data-tp
1486,1199,https://olimpicos.net/apho/index.html,article[9]/material[25],LaTeX solution PDF,data-ts
1487,1197,https://olimpicos.net/apho/index.html,article[9]/material[25],LaTeX source (.zip),data-z
1488,1201,https://olimpicos.net/apho/index.html,article[9]/material[26],Problem,href
1489,1202,https://olimpicos.net/apho/index.html,article[9]/material[27],Solution,href
1490,1203,https://olimpicos.net/apho/index.html,article[9]/material[28],Answer sheet,href
1491,1204,https://olimpicos.net/apho/index.html,article[9]/material[29],Presentation,href
1492,1205,https://olimpicos.net/apho/index.html,article[9]/material[30],Alignment Chart,href
1493,1206,https://olimpicos.net/apho/index.html,article[9]/material[31],LaTeX source (.zip),href
1494,1207,https://olimpicos.net/apho/index.html,article[9]/material[32],LaTeX PDF,href
1495,1208,https://olimpicos.net/apho/index.html,article[9]/material[33],LaTeX solution PDF,href
1496,1209,https://olimpicos.net/apho/index.html,article[9]/material[34],LaTeX transcription (.tex),data-x
1497,1207,https://olimpicos.net/apho/index.html,article[9]/material[34],LaTeX PDF,data-tp
1498,1208,https://olimpicos.net/apho/index.html,article[9]/material[34],LaTeX solution PDF,data-ts
1499,1206,https://olimpicos.net/apho/index.html,article[9]/material[34],LaTeX source (.zip),data-z
1500,1210,https://olimpicos.net/apho/index.html,article[9]/material[35],Problem,href
1501,1211,https://olimpicos.net/apho/index.html,article[9]/material[36],Solution,href
1502,1212,https://olimpicos.net/apho/index.html,article[9]/material[37],Answer sheet,href
1503,1213,https://olimpicos.net/apho/index.html,article[9]/material[38],Presentation,href
1504,1214,https://olimpicos.net/apho/index.html,article[9]/material[39],LaTeX source (.zip),href
1505,1215,https://olimpicos.net/apho/index.html,article[9]/material[40],LaTeX PDF,href
1506,1216,https://olimpicos.net/apho/index.html,article[9]/material[41],LaTeX solution PDF,href
1507,1217,https://olimpicos.net/apho/index.html,article[9]/material[42],LaTeX transcription (.tex),data-x
1508,1215,https://olimpicos.net/apho/index.html,article[9]/material[42],LaTeX PDF,data-tp
1509,1216,https://olimpicos.net/apho/index.html,article[9]/material[42],LaTeX solution PDF,data-ts
1510,1214,https://olimpicos.net/apho/index.html,article[9]/material[42],LaTeX source (.zip),data-z
1511,1218,https://olimpicos.net/apho/index.html,article[10]/material[0],Minutes,href
1512,1219,https://olimpicos.net/apho/index.html,article[10]/material[1],Problem,href
1513,1220,https://olimpicos.net/apho/index.html,article[10]/material[2],Solution,href
1514,1221,https://olimpicos.net/apho/index.html,article[10]/material[3],Answer sheet,href
1515,1222,https://olimpicos.net/apho/index.html,article[10]/material[4],Problem,href
1516,1223,https://olimpicos.net/apho/index.html,article[10]/material[5],Solution,href
1517,1224,https://olimpicos.net/apho/index.html,article[10]/material[6],Answer sheet,href
1518,1225,https://olimpicos.net/apho/index.html,article[10]/material[7],Problem,href
1519,1226,https://olimpicos.net/apho/index.html,article[10]/material[8],Solution,href
1520,1227,https://olimpicos.net/apho/index.html,article[10]/material[9],Answer sheet,href
1521,1228,https://olimpicos.net/apho/index.html,article[10]/material[10],Problem,href
1522,1229,https://olimpicos.net/apho/index.html,article[10]/material[11],Solution,href
1523,1230,https://olimpicos.net/apho/index.html,article[10]/material[12],Answer sheet,href
1524,1228,https://olimpicos.net/apho/index.html,article[10]/material[13],Problem,href
1525,1229,https://olimpicos.net/apho/index.html,article[10]/material[14],Solution,href
1526,1230,https://olimpicos.net/apho/index.html,article[10]/material[15],Answer sheet,href
1527,1231,https://olimpicos.net/apho/index.html,article[11]/material[0],Minutes,href
1528,1232,https://olimpicos.net/apho/index.html,article[11]/material[1],Problem,href
1529,1233,https://olimpicos.net/apho/index.html,article[11]/material[2],Solution,href
1530,1234,https://olimpicos.net/apho/index.html,article[11]/material[3],Answer sheet,href
1531,1235,https://olimpicos.net/apho/index.html,article[11]/material[4],Problem,href
1532,1236,https://olimpicos.net/apho/index.html,article[11]/material[5],Solution,href
1533,1237,https://olimpicos.net/apho/index.html,article[11]/material[6],Answer sheet,href
1534,1238,https://olimpicos.net/apho/index.html,article[11]/material[7],Problem,href
1535,1239,https://olimpicos.net/apho/index.html,article[11]/material[8],Solution,href
1536,1240,https://olimpicos.net/apho/index.html,article[11]/material[9],Answer sheet,href
1537,1241,https://olimpicos.net/apho/index.html,article[11]/material[10],Problem,href
1538,1242,https://olimpicos.net/apho/index.html,article[11]/material[11],Solution,href
1539,1243,https://olimpicos.net/apho/index.html,article[11]/material[12],Answer sheet,href
1540,1241,https://olimpicos.net/apho/index.html,article[11]/material[13],Problem,href
1541,1242,https://olimpicos.net/apho/index.html,article[11]/material[14],Solution,href
1542,1243,https://olimpicos.net/apho/index.html,article[11]/material[15],Answer sheet,href
1543,1244,https://olimpicos.net/apho/index.html,article[12]/material[0],Minutes,href
1544,1245,https://olimpicos.net/apho/index.html,article[12]/material[1],Problem,href
1545,1246,https://olimpicos.net/apho/index.html,article[12]/material[2],Solution,href
1546,1247,https://olimpicos.net/apho/index.html,article[12]/material[3],Answer sheet,href
1547,1248,https://olimpicos.net/apho/index.html,article[12]/material[4],Problem,href
1548,1249,https://olimpicos.net/apho/index.html,article[12]/material[5],Solution,href
1549,1250,https://olimpicos.net/apho/index.html,article[12]/material[6],Answer sheet,href
1550,1251,https://olimpicos.net/apho/index.html,article[12]/material[7],Problem,href
1551,1252,https://olimpicos.net/apho/index.html,article[12]/material[8],Solution,href
1552,1253,https://olimpicos.net/apho/index.html,article[12]/material[9],Answer sheet,href
1553,1254,https://olimpicos.net/apho/index.html,article[12]/material[10],Problem,href
1554,1255,https://olimpicos.net/apho/index.html,article[12]/material[11],Solution,href
1555,1254,https://olimpicos.net/apho/index.html,article[12]/material[12],Problem,href
1556,1255,https://olimpicos.net/apho/index.html,article[12]/material[13],Solution,href
1557,1256,https://olimpicos.net/apho/index.html,article[13]/material[0],Minutes,href
1558,1257,https://olimpicos.net/apho/index.html,article[13]/material[1],Problem,href
1559,1258,https://olimpicos.net/apho/index.html,article[13]/material[2],Solution,href
1560,1259,https://olimpicos.net/apho/index.html,article[13]/material[3],Problem,href
1561,1260,https://olimpicos.net/apho/index.html,article[13]/material[4],Solution,href
1562,1261,https://olimpicos.net/apho/index.html,article[13]/material[5],Problem,href
1563,1262,https://olimpicos.net/apho/index.html,article[13]/material[6],Solution,href
1564,1263,https://olimpicos.net/apho/index.html,article[13]/material[7],Problem,href
1565,1264,https://olimpicos.net/apho/index.html,article[13]/material[8],Solution,href
1566,1265,https://olimpicos.net/apho/index.html,article[13]/material[9],Marking scheme,href
1567,1266,https://olimpicos.net/apho/index.html,article[13]/material[10],Problem,href
1568,1267,https://olimpicos.net/apho/index.html,article[13]/material[11],Solution,href
1569,1268,https://olimpicos.net/apho/index.html,article[13]/material[12],Answer sheet,href
1570,1269,https://olimpicos.net/apho/index.html,article[13]/material[13],Marking scheme,href
1571,1270,https://olimpicos.net/apho/index.html,article[14]/material[0],Minutes,href
1572,1271,https://olimpicos.net/apho/index.html,article[14]/material[1],Problem,href
1573,1272,https://olimpicos.net/apho/index.html,article[14]/material[2],Solution,href
1574,1273,https://olimpicos.net/apho/index.html,article[14]/material[3],Answer sheet,href
1575,1274,https://olimpicos.net/apho/index.html,article[14]/material[4],Marking scheme,href
1576,1275,https://olimpicos.net/apho/index.html,article[14]/material[5],Problem,href
1577,1276,https://olimpicos.net/apho/index.html,article[14]/material[6],Solution,href
1578,1277,https://olimpicos.net/apho/index.html,article[14]/material[7],Answer sheet,href
1579,1278,https://olimpicos.net/apho/index.html,article[14]/material[8],Marking scheme,href
1580,1279,https://olimpicos.net/apho/index.html,article[14]/material[9],Problem,href
1581,1280,https://olimpicos.net/apho/index.html,article[14]/material[10],Solution,href
1582,1281,https://olimpicos.net/apho/index.html,article[14]/material[11],Answer sheet,href
1583,1282,https://olimpicos.net/apho/index.html,article[14]/material[12],Marking scheme,href
1584,1283,https://olimpicos.net/apho/index.html,article[14]/material[13],Problem,href
1585,1284,https://olimpicos.net/apho/index.html,article[14]/material[14],Solution,href
1586,1285,https://olimpicos.net/apho/index.html,article[14]/material[15],Answer sheet,href
1587,1286,https://olimpicos.net/apho/index.html,article[14]/material[16],Marking scheme,href
1588,1287,https://olimpicos.net/apho/index.html,article[14]/material[17],Problem,href
1589,1288,https://olimpicos.net/apho/index.html,article[14]/material[18],Solution,href
1590,1289,https://olimpicos.net/apho/index.html,article[14]/material[19],Answer sheet,href
1591,1290,https://olimpicos.net/apho/index.html,article[14]/material[20],Marking scheme,href
1592,1291,https://olimpicos.net/apho/index.html,article[15]/material[0],Minutes,href
1593,1292,https://olimpicos.net/apho/index.html,article[15]/material[1],Problem,href
1594,1293,https://olimpicos.net/apho/index.html,article[15]/material[2],Solution,href
1595,1294,https://olimpicos.net/apho/index.html,article[15]/material[3],Answer sheet,href
1596,1295,https://olimpicos.net/apho/index.html,article[15]/material[4],Marking scheme,href
1597,1296,https://olimpicos.net/apho/index.html,article[15]/material[5],Problem,href
1598,1297,https://olimpicos.net/apho/index.html,article[15]/material[6],Solution,href
1599,1298,https://olimpicos.net/apho/index.html,article[15]/material[7],Answer sheet,href
1600,1299,https://olimpicos.net/apho/index.html,article[15]/material[8],Marking scheme,href
1601,1300,https://olimpicos.net/apho/index.html,article[15]/material[9],Problem,href
1602,1301,https://olimpicos.net/apho/index.html,article[15]/material[10],Solution,href
1603,1302,https://olimpicos.net/apho/index.html,article[15]/material[11],Answer sheet,href
1604,1303,https://olimpicos.net/apho/index.html,article[15]/material[12],Marking scheme,href
1605,1304,https://olimpicos.net/apho/index.html,article[15]/material[13],Problem,href
1606,1305,https://olimpicos.net/apho/index.html,article[15]/material[14],Solution,href
1607,1306,https://olimpicos.net/apho/index.html,article[15]/material[15],Answer sheet,href
1608,1307,https://olimpicos.net/apho/index.html,article[15]/material[16],Marking scheme,href
1609,1308,https://olimpicos.net/apho/index.html,article[15]/material[17],Problem,href
1610,1309,https://olimpicos.net/apho/index.html,article[15]/material[18],Solution,href
1611,1310,https://olimpicos.net/apho/index.html,article[15]/material[19],Answer sheet,href
1612,1311,https://olimpicos.net/apho/index.html,article[15]/material[20],Marking scheme,href
1613,1312,https://olimpicos.net/apho/index.html,article[16]/material[0],Experiment Marking Scheme,href
1614,1313,https://olimpicos.net/apho/index.html,article[16]/material[1],Problem,href
1615,1314,https://olimpicos.net/apho/index.html,article[16]/material[2],Solution,href
1616,1315,https://olimpicos.net/apho/index.html,article[16]/material[3],Problem,href
1617,1316,https://olimpicos.net/apho/index.html,article[16]/material[4],Solution,href
1618,1317,https://olimpicos.net/apho/index.html,article[16]/material[5],Problem,href
1619,1318,https://olimpicos.net/apho/index.html,article[16]/material[6],Solution,href
1620,1319,https://olimpicos.net/apho/index.html,article[16]/material[7],Problem,href
1621,1320,https://olimpicos.net/apho/index.html,article[16]/material[8],Solution,href
1622,1321,https://olimpicos.net/apho/index.html,article[16]/material[9],Problem,href
1623,1322,https://olimpicos.net/apho/index.html,article[16]/material[10],Solution,href
1624,1323,https://olimpicos.net/apho/index.html,article[17]/material[0],Minutes,href
1625,1324,https://olimpicos.net/apho/index.html,article[17]/material[1],Problem,href
1626,1325,https://olimpicos.net/apho/index.html,article[17]/material[2],Solution,href
1627,1326,https://olimpicos.net/apho/index.html,article[17]/material[3],Problem,href
1628,1327,https://olimpicos.net/apho/index.html,article[17]/material[4],Solution,href
1629,1328,https://olimpicos.net/apho/index.html,article[17]/material[5],Problem,href
1630,1329,https://olimpicos.net/apho/index.html,article[17]/material[6],Solution,href
1631,1330,https://olimpicos.net/apho/index.html,article[17]/material[7],Problem,href
1632,1330,https://olimpicos.net/apho/index.html,article[17]/material[8],Problem,href
1633,1331,https://olimpicos.net/apho/index.html,article[18]/material[0],Minutes,href
1634,1332,https://olimpicos.net/apho/index.html,article[18]/material[1],Problem,href
1635,1333,https://olimpicos.net/apho/index.html,article[18]/material[2],Solution,href
1636,1334,https://olimpicos.net/apho/index.html,article[18]/material[3],Problem,href
1637,1335,https://olimpicos.net/apho/index.html,article[18]/material[4],Solution,href
1638,1336,https://olimpicos.net/apho/index.html,article[18]/material[5],Problem,href
1639,1337,https://olimpicos.net/apho/index.html,article[18]/material[6],Solution,href
1640,1338,https://olimpicos.net/apho/index.html,article[18]/material[7],Problem,href
1641,1339,https://olimpicos.net/apho/index.html,article[18]/material[8],Solution,href
1642,1340,https://olimpicos.net/apho/index.html,article[18]/material[9],Problem,href
1643,1341,https://olimpicos.net/apho/index.html,article[18]/material[10],Solution,href
1644,1342,https://olimpicos.net/apho/index.html,article[19]/material[0],Minutes,href
1645,1343,https://olimpicos.net/apho/index.html,article[19]/material[1],Problem,href
1646,1344,https://olimpicos.net/apho/index.html,article[19]/material[2],Solution,href
1647,1345,https://olimpicos.net/apho/index.html,article[19]/material[3],Problem,href
1648,1346,https://olimpicos.net/apho/index.html,article[19]/material[4],Solution,href
1649,1347,https://olimpicos.net/apho/index.html,article[19]/material[5],Problem,href
1650,1348,https://olimpicos.net/apho/index.html,article[19]/material[6],Solution,href
1651,1349,https://olimpicos.net/apho/index.html,article[19]/material[7],Problem,href
1652,1350,https://olimpicos.net/apho/index.html,article[19]/material[8],Solution,href
1653,1349,https://olimpicos.net/apho/index.html,article[19]/material[9],Problem,href
1654,1350,https://olimpicos.net/apho/index.html,article[19]/material[10],Solution,href
1655,1351,https://olimpicos.net/apho/index.html,article[20]/material[0],Minutes,href
1656,1352,https://olimpicos.net/apho/index.html,article[20]/material[1],Problem,href
1657,1353,https://olimpicos.net/apho/index.html,article[20]/material[2],Solution,href
1658,1354,https://olimpicos.net/apho/index.html,article[20]/material[3],Problem,href
1659,1355,https://olimpicos.net/apho/index.html,article[20]/material[4],Solution,href
1660,1356,https://olimpicos.net/apho/index.html,article[20]/material[5],Problem,href
1661,1357,https://olimpicos.net/apho/index.html,article[20]/material[6],Solution,href
1662,1358,https://olimpicos.net/apho/index.html,article[20]/material[7],Problems,href
1663,1359,https://olimpicos.net/apho/index.html,article[20]/material[8],Solutions,href
1664,1360,https://olimpicos.net/apho/index.html,article[21]/material[0],Minutes,href
1665,1361,https://olimpicos.net/apho/index.html,article[21]/material[1],Problem,href
1666,1362,https://olimpicos.net/apho/index.html,article[21]/material[2],Solution,href
1667,1363,https://olimpicos.net/apho/index.html,article[21]/material[3],Problem,href
1668,1364,https://olimpicos.net/apho/index.html,article[21]/material[4],Solution,href
1669,1365,https://olimpicos.net/apho/index.html,article[21]/material[5],Problem,href
1670,1366,https://olimpicos.net/apho/index.html,article[21]/material[6],Solution,href
1671,1367,https://olimpicos.net/apho/index.html,article[21]/material[7],Problem,href
1672,1368,https://olimpicos.net/apho/index.html,article[21]/material[8],Solution,href
1673,1369,https://olimpicos.net/apho/index.html,article[21]/material[9],Problem,href
1674,1370,https://olimpicos.net/apho/index.html,article[21]/material[10],Solution,href
1675,1371,https://olimpicos.net/apho/index.html,article[22]/material[0],Minutes,href
1676,1372,https://olimpicos.net/apho/index.html,article[22]/material[1],Problem,href
1677,1373,https://olimpicos.net/apho/index.html,article[22]/material[2],Solution,href
1678,1374,https://olimpicos.net/apho/index.html,article[22]/material[3],Problem,href
1679,1375,https://olimpicos.net/apho/index.html,article[22]/material[4],Solution,href
1680,1376,https://olimpicos.net/apho/index.html,article[22]/material[5],Problem,href
1681,1377,https://olimpicos.net/apho/index.html,article[22]/material[6],Solution,href
1682,1378,https://olimpicos.net/apho/index.html,article[22]/material[7],Problem,href
1683,1379,https://olimpicos.net/apho/index.html,article[22]/material[8],Solution,href
1684,1380,https://olimpicos.net/apho/index.html,article[22]/material[9],Problem,href
1685,1381,https://olimpicos.net/apho/index.html,article[22]/material[10],Solution,href
1686,1382,https://olimpicos.net/apho/index.html,article[23]/material[0],Minutes,href
1687,1383,https://olimpicos.net/apho/index.html,article[23]/material[1],Problem,href
1688,1384,https://olimpicos.net/apho/index.html,article[23]/material[2],Solution,href
1689,1385,https://olimpicos.net/apho/index.html,article[23]/material[3],Problem,href
1690,1386,https://olimpicos.net/apho/index.html,article[23]/material[4],Solution,href
1691,1387,https://olimpicos.net/apho/index.html,article[23]/material[5],Problem,href
1692,1388,https://olimpicos.net/apho/index.html,article[23]/material[6],Solution,href
1693,1389,https://olimpicos.net/apho/index.html,article[23]/material[7],Problem,href
1694,1390,https://olimpicos.net/apho/index.html,article[23]/material[8],Answer sheet,href
1695,1391,https://olimpicos.net/apho/index.html,article[23]/material[9],Problem,href
1696,1392,https://olimpicos.net/apho/index.html,article[23]/material[10],Solution,href
1697,1393,https://olimpicos.net/apho/index.html,article[24]/material[0],Minutes,href
1698,1394,https://olimpicos.net/apho/index.html,article[24]/material[1],Problem,href
1699,1395,https://olimpicos.net/apho/index.html,article[24]/material[2],Solution,href
1700,1396,https://olimpicos.net/apho/index.html,article[24]/material[3],Answer sheet,href
1701,1397,https://olimpicos.net/apho/index.html,article[24]/material[4],Marking scheme,href
1702,1398,https://olimpicos.net/apho/index.html,article[24]/material[5],Problem,href
1703,1399,https://olimpicos.net/apho/index.html,article[24]/material[6],Solution,href
1704,1400,https://olimpicos.net/apho/index.html,article[24]/material[7],Answer sheet,href
1705,1401,https://olimpicos.net/apho/index.html,article[24]/material[8],Marking scheme,href
1706,1402,https://olimpicos.net/apho/index.html,article[24]/material[9],Problem,href
1707,1403,https://olimpicos.net/apho/index.html,article[24]/material[10],Solution,href
1708,1404,https://olimpicos.net/apho/index.html,article[24]/material[11],Answer sheet,href
1709,1405,https://olimpicos.net/apho/index.html,article[24]/material[12],Marking scheme,href
1710,1406,https://olimpicos.net/apho/index.html,article[24]/material[13],Problem,href
1711,1407,https://olimpicos.net/apho/index.html,article[24]/material[14],Solution,href
1712,1408,https://olimpicos.net/apho/index.html,article[24]/material[15],Marking scheme,href
1713,1406,https://olimpicos.net/apho/index.html,article[24]/material[16],Problem,href
1714,1407,https://olimpicos.net/apho/index.html,article[24]/material[17],Solution,href
1715,1408,https://olimpicos.net/apho/index.html,article[24]/material[18],Marking scheme,href
1716,1409,https://olimpicos.net/apho/index.html,article[25]/material[0],Minutes,href
1717,1410,https://olimpicos.net/apho/index.html,article[25]/material[1],Problem,href
1718,1411,https://olimpicos.net/apho/index.html,article[25]/material[2],Solution,href
1719,1412,https://olimpicos.net/apho/index.html,article[25]/material[3],Problem,href
1720,1413,https://olimpicos.net/apho/index.html,article[25]/material[4],Solution,href
1721,1414,https://olimpicos.net/apho/index.html,article[25]/material[5],Problem,href
1722,1415,https://olimpicos.net/apho/index.html,article[25]/material[6],Solution,href
1723,1416,https://olimpicos.net/apho/index.html,article[25]/material[7],Problems,href
1724,1417,https://olimpicos.net/apho/index.html,article[25]/material[8],Solutions,href
1725,1419,https://olimpicos.net/nbpho/index.html,article[0]/material[0],Results,href
1726,1420,https://olimpicos.net/nbpho/index.html,article[0]/material[1],Full paper,href
1727,1421,https://olimpicos.net/nbpho/index.html,article[0]/material[2],All solutions,href
1728,1422,https://olimpicos.net/nbpho/index.html,article[0]/material[3],Problem,href
1729,1423,https://olimpicos.net/nbpho/index.html,article[0]/material[4],Solution,href
1730,1424,https://olimpicos.net/nbpho/index.html,article[0]/material[5],LaTeX source (.zip),href
1731,1425,https://olimpicos.net/nbpho/index.html,article[0]/material[6],LaTeX PDF,href
1732,1426,https://olimpicos.net/nbpho/index.html,article[0]/material[7],LaTeX transcription (.tex),data-x
1733,1425,https://olimpicos.net/nbpho/index.html,article[0]/material[7],LaTeX PDF,data-tp
1734,1424,https://olimpicos.net/nbpho/index.html,article[0]/material[7],LaTeX source (.zip),data-z
1735,1427,https://olimpicos.net/nbpho/index.html,article[0]/material[8],Problem,href
1736,1428,https://olimpicos.net/nbpho/index.html,article[0]/material[9],Solution,href
1737,1429,https://olimpicos.net/nbpho/index.html,article[0]/material[10],Problem,href
1738,1430,https://olimpicos.net/nbpho/index.html,article[0]/material[11],Solution,href
1739,1431,https://olimpicos.net/nbpho/index.html,article[0]/material[12],LaTeX source (.zip),href
1740,1432,https://olimpicos.net/nbpho/index.html,article[0]/material[13],LaTeX PDF,href
1741,1433,https://olimpicos.net/nbpho/index.html,article[0]/material[14],LaTeX transcription (.tex),data-x
1742,1432,https://olimpicos.net/nbpho/index.html,article[0]/material[14],LaTeX PDF,data-tp
1743,1431,https://olimpicos.net/nbpho/index.html,article[0]/material[14],LaTeX source (.zip),data-z
1744,1434,https://olimpicos.net/nbpho/index.html,article[0]/material[15],Problem,href
1745,1435,https://olimpicos.net/nbpho/index.html,article[0]/material[16],Solution,href
1746,1436,https://olimpicos.net/nbpho/index.html,article[0]/material[17],Problem,href
1747,1437,https://olimpicos.net/nbpho/index.html,article[0]/material[18],Solution,href
1748,1438,https://olimpicos.net/nbpho/index.html,article[0]/material[19],Problem,href
1749,1439,https://olimpicos.net/nbpho/index.html,article[0]/material[20],Solution,href
1750,1440,https://olimpicos.net/nbpho/index.html,article[0]/material[21],LaTeX source (.zip),href
1751,1441,https://olimpicos.net/nbpho/index.html,article[0]/material[22],LaTeX PDF,href
1752,1442,https://olimpicos.net/nbpho/index.html,article[0]/material[23],LaTeX transcription (.tex),data-x
1753,1441,https://olimpicos.net/nbpho/index.html,article[0]/material[23],LaTeX PDF,data-tp
1754,1440,https://olimpicos.net/nbpho/index.html,article[0]/material[23],LaTeX source (.zip),data-z
1755,1443,https://olimpicos.net/nbpho/index.html,article[0]/material[24],Problem,href
1756,1444,https://olimpicos.net/nbpho/index.html,article[0]/material[25],Solution,href
1757,1445,https://olimpicos.net/nbpho/index.html,article[0]/material[26],LaTeX transcription (.tex),data-x
1758,1446,https://olimpicos.net/nbpho/index.html,article[0]/material[27],Problem,href
1759,1447,https://olimpicos.net/nbpho/index.html,article[0]/material[28],Solution,href
1760,1448,https://olimpicos.net/nbpho/index.html,article[0]/material[29],Problem,href
1761,1449,https://olimpicos.net/nbpho/index.html,article[0]/material[30],Solution,href
1762,1450,https://olimpicos.net/nbpho/index.html,article[0]/material[31],Problem,href
1763,1451,https://olimpicos.net/nbpho/index.html,article[0]/material[32],Solution,href
1764,1452,https://olimpicos.net/nbpho/index.html,article[1]/material[0],Results,href
1765,1453,https://olimpicos.net/nbpho/index.html,article[1]/material[1],Full paper,href
1766,1454,https://olimpicos.net/nbpho/index.html,article[1]/material[2],All solutions,href
1767,1455,https://olimpicos.net/nbpho/index.html,article[1]/material[3],Problem,href
1768,1456,https://olimpicos.net/nbpho/index.html,article[1]/material[4],Solution,href
1769,1457,https://olimpicos.net/nbpho/index.html,article[1]/material[5],Problem,href
1770,1458,https://olimpicos.net/nbpho/index.html,article[1]/material[6],Solution,href
1771,1459,https://olimpicos.net/nbpho/index.html,article[1]/material[7],Problem,href
1772,1460,https://olimpicos.net/nbpho/index.html,article[1]/material[8],Solution,href
1773,1461,https://olimpicos.net/nbpho/index.html,article[1]/material[9],Problem,href
1774,1462,https://olimpicos.net/nbpho/index.html,article[1]/material[10],Solution,href
1775,1463,https://olimpicos.net/nbpho/index.html,article[1]/material[11],Problem,href
1776,1464,https://olimpicos.net/nbpho/index.html,article[1]/material[12],Solution,href
1777,1465,https://olimpicos.net/nbpho/index.html,article[1]/material[13],Problem,href
1778,1466,https://olimpicos.net/nbpho/index.html,article[1]/material[14],Solution,href
1779,1467,https://olimpicos.net/nbpho/index.html,article[1]/material[15],Problem,href
1780,1468,https://olimpicos.net/nbpho/index.html,article[1]/material[16],Solution,href
1781,1469,https://olimpicos.net/nbpho/index.html,article[1]/material[17],Problem,href
1782,1470,https://olimpicos.net/nbpho/index.html,article[1]/material[18],Solution,href
1783,1471,https://olimpicos.net/nbpho/index.html,article[1]/material[19],Problem,href
1784,1472,https://olimpicos.net/nbpho/index.html,article[1]/material[20],Solution,href
1785,1473,https://olimpicos.net/nbpho/index.html,article[2]/material[0],Results,href
1786,1474,https://olimpicos.net/nbpho/index.html,article[2]/material[1],Full paper,href
1787,1475,https://olimpicos.net/nbpho/index.html,article[2]/material[2],All solutions,href
1788,1476,https://olimpicos.net/nbpho/index.html,article[2]/material[3],Problem,href
1789,1477,https://olimpicos.net/nbpho/index.html,article[2]/material[4],Solution,href
1790,1478,https://olimpicos.net/nbpho/index.html,article[2]/material[5],Problem,href
1791,1479,https://olimpicos.net/nbpho/index.html,article[2]/material[6],Solution,href
1792,1480,https://olimpicos.net/nbpho/index.html,article[2]/material[7],Problem,href
1793,1481,https://olimpicos.net/nbpho/index.html,article[2]/material[8],Solution,href
1794,1482,https://olimpicos.net/nbpho/index.html,article[2]/material[9],Problem,href
1795,1483,https://olimpicos.net/nbpho/index.html,article[2]/material[10],Solution,href
1796,1484,https://olimpicos.net/nbpho/index.html,article[2]/material[11],Problem,href
1797,1485,https://olimpicos.net/nbpho/index.html,article[2]/material[12],Solution,href
1798,1486,https://olimpicos.net/nbpho/index.html,article[2]/material[13],Problem,href
1799,1487,https://olimpicos.net/nbpho/index.html,article[2]/material[14],Solution,href
1800,1488,https://olimpicos.net/nbpho/index.html,article[2]/material[15],Problem,href
1801,1489,https://olimpicos.net/nbpho/index.html,article[2]/material[16],Solution,href
1802,1490,https://olimpicos.net/nbpho/index.html,article[2]/material[17],Problem,href
1803,1491,https://olimpicos.net/nbpho/index.html,article[2]/material[18],Solution,href
1804,1492,https://olimpicos.net/nbpho/index.html,article[2]/material[19],Problem,href
1805,1493,https://olimpicos.net/nbpho/index.html,article[2]/material[20],Solution,href
1806,1494,https://olimpicos.net/nbpho/index.html,article[2]/material[21],Problem,href
1807,1495,https://olimpicos.net/nbpho/index.html,article[2]/material[22],Solution,href
1808,1496,https://olimpicos.net/nbpho/index.html,article[3]/material[0],Results,href
1809,1497,https://olimpicos.net/nbpho/index.html,article[3]/material[1],Full paper,href
1810,1498,https://olimpicos.net/nbpho/index.html,article[3]/material[2],All solutions,href
1811,1499,https://olimpicos.net/nbpho/index.html,article[3]/material[3],Problem,href
1812,1500,https://olimpicos.net/nbpho/index.html,article[3]/material[4],Solution,href
1813,1501,https://olimpicos.net/nbpho/index.html,article[3]/material[5],LaTeX source (.zip),href
1814,1502,https://olimpicos.net/nbpho/index.html,article[3]/material[6],LaTeX PDF,href
1815,1503,https://olimpicos.net/nbpho/index.html,article[3]/material[7],LaTeX solution PDF,href
1816,1504,https://olimpicos.net/nbpho/index.html,article[3]/material[8],LaTeX transcription (.tex),data-x
1817,1502,https://olimpicos.net/nbpho/index.html,article[3]/material[8],LaTeX PDF,data-tp
1818,1503,https://olimpicos.net/nbpho/index.html,article[3]/material[8],LaTeX solution PDF,data-ts
1819,1501,https://olimpicos.net/nbpho/index.html,article[3]/material[8],LaTeX source (.zip),data-z
1820,1505,https://olimpicos.net/nbpho/index.html,article[3]/material[9],Problem,href
1821,1506,https://olimpicos.net/nbpho/index.html,article[3]/material[10],Solution,href
1822,1507,https://olimpicos.net/nbpho/index.html,article[3]/material[11],LaTeX source (.zip),href
1823,1508,https://olimpicos.net/nbpho/index.html,article[3]/material[12],LaTeX PDF,href
1824,1509,https://olimpicos.net/nbpho/index.html,article[3]/material[13],LaTeX solution PDF,href
1825,1510,https://olimpicos.net/nbpho/index.html,article[3]/material[14],LaTeX transcription (.tex),data-x
1826,1508,https://olimpicos.net/nbpho/index.html,article[3]/material[14],LaTeX PDF,data-tp
1827,1509,https://olimpicos.net/nbpho/index.html,article[3]/material[14],LaTeX solution PDF,data-ts
1828,1507,https://olimpicos.net/nbpho/index.html,article[3]/material[14],LaTeX source (.zip),data-z
1829,1511,https://olimpicos.net/nbpho/index.html,article[3]/material[15],Problem,href
1830,1512,https://olimpicos.net/nbpho/index.html,article[3]/material[16],Solution,href
1831,1513,https://olimpicos.net/nbpho/index.html,article[3]/material[17],LaTeX source (.zip),href
1832,1514,https://olimpicos.net/nbpho/index.html,article[3]/material[18],LaTeX PDF,href
1833,1515,https://olimpicos.net/nbpho/index.html,article[3]/material[19],LaTeX transcription (.tex),data-x
1834,1514,https://olimpicos.net/nbpho/index.html,article[3]/material[19],LaTeX PDF,data-tp
1835,1513,https://olimpicos.net/nbpho/index.html,article[3]/material[19],LaTeX source (.zip),data-z
1836,1516,https://olimpicos.net/nbpho/index.html,article[3]/material[20],Problem,href
1837,1517,https://olimpicos.net/nbpho/index.html,article[3]/material[21],Solution,href
1838,1518,https://olimpicos.net/nbpho/index.html,article[3]/material[22],LaTeX source (.zip),href
1839,1519,https://olimpicos.net/nbpho/index.html,article[3]/material[23],LaTeX PDF,href
1840,1520,https://olimpicos.net/nbpho/index.html,article[3]/material[24],LaTeX transcription (.tex),data-x
1841,1519,https://olimpicos.net/nbpho/index.html,article[3]/material[24],LaTeX PDF,data-tp
1842,1518,https://olimpicos.net/nbpho/index.html,article[3]/material[24],LaTeX source (.zip),data-z
1843,1521,https://olimpicos.net/nbpho/index.html,article[3]/material[25],Problem,href
1844,1522,https://olimpicos.net/nbpho/index.html,article[3]/material[26],Solution,href
1845,1523,https://olimpicos.net/nbpho/index.html,article[3]/material[27],LaTeX source (.zip),href
1846,1524,https://olimpicos.net/nbpho/index.html,article[3]/material[28],LaTeX PDF,href
1847,1525,https://olimpicos.net/nbpho/index.html,article[3]/material[29],LaTeX transcription (.tex),data-x
1848,1524,https://olimpicos.net/nbpho/index.html,article[3]/material[29],LaTeX PDF,data-tp
1849,1523,https://olimpicos.net/nbpho/index.html,article[3]/material[29],LaTeX source (.zip),data-z
1850,1526,https://olimpicos.net/nbpho/index.html,article[3]/material[30],Problem,href
1851,1527,https://olimpicos.net/nbpho/index.html,article[3]/material[31],Solution,href
1852,1528,https://olimpicos.net/nbpho/index.html,article[3]/material[32],LaTeX source (.zip),href
1853,1529,https://olimpicos.net/nbpho/index.html,article[3]/material[33],LaTeX PDF,href
1854,1530,https://olimpicos.net/nbpho/index.html,article[3]/material[34],LaTeX transcription (.tex),data-x
1855,1529,https://olimpicos.net/nbpho/index.html,article[3]/material[34],LaTeX PDF,data-tp
1856,1528,https://olimpicos.net/nbpho/index.html,article[3]/material[34],LaTeX source (.zip),data-z
1857,1531,https://olimpicos.net/nbpho/index.html,article[3]/material[35],Problem,href
1858,1532,https://olimpicos.net/nbpho/index.html,article[3]/material[36],Solution,href
1859,1533,https://olimpicos.net/nbpho/index.html,article[3]/material[37],LaTeX source (.zip),href
1860,1534,https://olimpicos.net/nbpho/index.html,article[3]/material[38],LaTeX PDF,href
1861,1535,https://olimpicos.net/nbpho/index.html,article[3]/material[39],LaTeX transcription (.tex),data-x
1862,1534,https://olimpicos.net/nbpho/index.html,article[3]/material[39],LaTeX PDF,data-tp
1863,1533,https://olimpicos.net/nbpho/index.html,article[3]/material[39],LaTeX source (.zip),data-z
1864,1536,https://olimpicos.net/nbpho/index.html,article[3]/material[40],Problem,href
1865,1537,https://olimpicos.net/nbpho/index.html,article[3]/material[41],Solution,href
1866,1538,https://olimpicos.net/nbpho/index.html,article[3]/material[42],LaTeX source (.zip),href
1867,1539,https://olimpicos.net/nbpho/index.html,article[3]/material[43],LaTeX PDF,href
1868,1540,https://olimpicos.net/nbpho/index.html,article[3]/material[44],LaTeX transcription (.tex),data-x
1869,1539,https://olimpicos.net/nbpho/index.html,article[3]/material[44],LaTeX PDF,data-tp
1870,1538,https://olimpicos.net/nbpho/index.html,article[3]/material[44],LaTeX source (.zip),data-z
1871,1541,https://olimpicos.net/nbpho/index.html,article[3]/material[45],Problem,href
1872,1542,https://olimpicos.net/nbpho/index.html,article[3]/material[46],Solution,href
1873,1543,https://olimpicos.net/nbpho/index.html,article[3]/material[47],LaTeX source (.zip),href
1874,1544,https://olimpicos.net/nbpho/index.html,article[3]/material[48],LaTeX PDF,href
1875,1545,https://olimpicos.net/nbpho/index.html,article[3]/material[49],LaTeX transcription (.tex),data-x
1876,1544,https://olimpicos.net/nbpho/index.html,article[3]/material[49],LaTeX PDF,data-tp
1877,1543,https://olimpicos.net/nbpho/index.html,article[3]/material[49],LaTeX source (.zip),data-z
1878,1546,https://olimpicos.net/nbpho/index.html,article[4]/material[0],Results,href
1879,1547,https://olimpicos.net/nbpho/index.html,article[4]/material[1],Full paper,href
1880,1548,https://olimpicos.net/nbpho/index.html,article[4]/material[2],All solutions,href
1881,1549,https://olimpicos.net/nbpho/index.html,article[4]/material[3],Problem,href
1882,1550,https://olimpicos.net/nbpho/index.html,article[4]/material[4],Solution,href
1883,1551,https://olimpicos.net/nbpho/index.html,article[4]/material[5],LaTeX source (.zip),href
1884,1552,https://olimpicos.net/nbpho/index.html,article[4]/material[6],LaTeX PDF,href
1885,1553,https://olimpicos.net/nbpho/index.html,article[4]/material[7],LaTeX solution PDF,href
1886,1554,https://olimpicos.net/nbpho/index.html,article[4]/material[8],LaTeX transcription (.tex),data-x
1887,1552,https://olimpicos.net/nbpho/index.html,article[4]/material[8],LaTeX PDF,data-tp
1888,1553,https://olimpicos.net/nbpho/index.html,article[4]/material[8],LaTeX solution PDF,data-ts
1889,1551,https://olimpicos.net/nbpho/index.html,article[4]/material[8],LaTeX source (.zip),data-z
1890,1555,https://olimpicos.net/nbpho/index.html,article[4]/material[9],Problem,href
1891,1556,https://olimpicos.net/nbpho/index.html,article[4]/material[10],Solution,href
1892,1557,https://olimpicos.net/nbpho/index.html,article[4]/material[11],LaTeX source (.zip),href
1893,1558,https://olimpicos.net/nbpho/index.html,article[4]/material[12],LaTeX PDF,href
1894,1559,https://olimpicos.net/nbpho/index.html,article[4]/material[13],LaTeX solution PDF,href
1895,1560,https://olimpicos.net/nbpho/index.html,article[4]/material[14],LaTeX transcription (.tex),data-x
1896,1558,https://olimpicos.net/nbpho/index.html,article[4]/material[14],LaTeX PDF,data-tp
1897,1559,https://olimpicos.net/nbpho/index.html,article[4]/material[14],LaTeX solution PDF,data-ts
1898,1557,https://olimpicos.net/nbpho/index.html,article[4]/material[14],LaTeX source (.zip),data-z
1899,1561,https://olimpicos.net/nbpho/index.html,article[4]/material[15],Problem,href
1900,1562,https://olimpicos.net/nbpho/index.html,article[4]/material[16],Solution,href
1901,1563,https://olimpicos.net/nbpho/index.html,article[4]/material[17],LaTeX source (.zip),href
1902,1564,https://olimpicos.net/nbpho/index.html,article[4]/material[18],LaTeX PDF,href
1903,1565,https://olimpicos.net/nbpho/index.html,article[4]/material[19],LaTeX solution PDF,href
1904,1566,https://olimpicos.net/nbpho/index.html,article[4]/material[20],LaTeX transcription (.tex),data-x
1905,1564,https://olimpicos.net/nbpho/index.html,article[4]/material[20],LaTeX PDF,data-tp
1906,1565,https://olimpicos.net/nbpho/index.html,article[4]/material[20],LaTeX solution PDF,data-ts
1907,1563,https://olimpicos.net/nbpho/index.html,article[4]/material[20],LaTeX source (.zip),data-z
1908,1567,https://olimpicos.net/nbpho/index.html,article[4]/material[21],Problem,href
1909,1568,https://olimpicos.net/nbpho/index.html,article[4]/material[22],Solution,href
1910,1569,https://olimpicos.net/nbpho/index.html,article[4]/material[23],LaTeX source (.zip),href
1911,1570,https://olimpicos.net/nbpho/index.html,article[4]/material[24],LaTeX PDF,href
1912,1571,https://olimpicos.net/nbpho/index.html,article[4]/material[25],LaTeX solution PDF,href
1913,1572,https://olimpicos.net/nbpho/index.html,article[4]/material[26],LaTeX transcription (.tex),data-x
1914,1570,https://olimpicos.net/nbpho/index.html,article[4]/material[26],LaTeX PDF,data-tp
1915,1571,https://olimpicos.net/nbpho/index.html,article[4]/material[26],LaTeX solution PDF,data-ts
1916,1569,https://olimpicos.net/nbpho/index.html,article[4]/material[26],LaTeX source (.zip),data-z
1917,1573,https://olimpicos.net/nbpho/index.html,article[4]/material[27],Problem,href
1918,1574,https://olimpicos.net/nbpho/index.html,article[4]/material[28],Solution,href
1919,1575,https://olimpicos.net/nbpho/index.html,article[4]/material[29],LaTeX source (.zip),href
1920,1576,https://olimpicos.net/nbpho/index.html,article[4]/material[30],LaTeX PDF,href
1921,1577,https://olimpicos.net/nbpho/index.html,article[4]/material[31],LaTeX solution PDF,href
1922,1578,https://olimpicos.net/nbpho/index.html,article[4]/material[32],LaTeX transcription (.tex),data-x
1923,1576,https://olimpicos.net/nbpho/index.html,article[4]/material[32],LaTeX PDF,data-tp
1924,1577,https://olimpicos.net/nbpho/index.html,article[4]/material[32],LaTeX solution PDF,data-ts
1925,1575,https://olimpicos.net/nbpho/index.html,article[4]/material[32],LaTeX source (.zip),data-z
1926,1579,https://olimpicos.net/nbpho/index.html,article[4]/material[33],Problem,href
1927,1580,https://olimpicos.net/nbpho/index.html,article[4]/material[34],Solution,href
1928,1581,https://olimpicos.net/nbpho/index.html,article[4]/material[35],LaTeX source (.zip),href
1929,1582,https://olimpicos.net/nbpho/index.html,article[4]/material[36],LaTeX PDF,href
1930,1583,https://olimpicos.net/nbpho/index.html,article[4]/material[37],LaTeX solution PDF,href
1931,1584,https://olimpicos.net/nbpho/index.html,article[4]/material[38],LaTeX transcription (.tex),data-x
1932,1582,https://olimpicos.net/nbpho/index.html,article[4]/material[38],LaTeX PDF,data-tp
1933,1583,https://olimpicos.net/nbpho/index.html,article[4]/material[38],LaTeX solution PDF,data-ts
1934,1581,https://olimpicos.net/nbpho/index.html,article[4]/material[38],LaTeX source (.zip),data-z
1935,1585,https://olimpicos.net/nbpho/index.html,article[4]/material[39],Problem,href
1936,1586,https://olimpicos.net/nbpho/index.html,article[4]/material[40],Solution,href
1937,1587,https://olimpicos.net/nbpho/index.html,article[4]/material[41],LaTeX source (.zip),href
1938,1588,https://olimpicos.net/nbpho/index.html,article[4]/material[42],LaTeX PDF,href
1939,1589,https://olimpicos.net/nbpho/index.html,article[4]/material[43],LaTeX solution PDF,href
1940,1590,https://olimpicos.net/nbpho/index.html,article[4]/material[44],LaTeX transcription (.tex),data-x
1941,1588,https://olimpicos.net/nbpho/index.html,article[4]/material[44],LaTeX PDF,data-tp
1942,1589,https://olimpicos.net/nbpho/index.html,article[4]/material[44],LaTeX solution PDF,data-ts
1943,1587,https://olimpicos.net/nbpho/index.html,article[4]/material[44],LaTeX source (.zip),data-z
1944,1591,https://olimpicos.net/nbpho/index.html,article[4]/material[45],Problem,href
1945,1592,https://olimpicos.net/nbpho/index.html,article[4]/material[46],Solution,href
1946,1593,https://olimpicos.net/nbpho/index.html,article[4]/material[47],LaTeX source (.zip),href
1947,1594,https://olimpicos.net/nbpho/index.html,article[4]/material[48],LaTeX PDF,href
1948,1595,https://olimpicos.net/nbpho/index.html,article[4]/material[49],LaTeX solution PDF,href
1949,1596,https://olimpicos.net/nbpho/index.html,article[4]/material[50],LaTeX transcription (.tex),data-x
1950,1594,https://olimpicos.net/nbpho/index.html,article[4]/material[50],LaTeX PDF,data-tp
1951,1595,https://olimpicos.net/nbpho/index.html,article[4]/material[50],LaTeX solution PDF,data-ts
1952,1593,https://olimpicos.net/nbpho/index.html,article[4]/material[50],LaTeX source (.zip),data-z
1953,1597,https://olimpicos.net/nbpho/index.html,article[4]/material[51],Problem,href
1954,1598,https://olimpicos.net/nbpho/index.html,article[4]/material[52],Solution,href
1955,1599,https://olimpicos.net/nbpho/index.html,article[4]/material[53],LaTeX source (.zip),href
1956,1600,https://olimpicos.net/nbpho/index.html,article[4]/material[54],LaTeX PDF,href
1957,1601,https://olimpicos.net/nbpho/index.html,article[4]/material[55],LaTeX solution PDF,href
1958,1602,https://olimpicos.net/nbpho/index.html,article[4]/material[56],LaTeX transcription (.tex),data-x
1959,1600,https://olimpicos.net/nbpho/index.html,article[4]/material[56],LaTeX PDF,data-tp
1960,1601,https://olimpicos.net/nbpho/index.html,article[4]/material[56],LaTeX solution PDF,data-ts
1961,1599,https://olimpicos.net/nbpho/index.html,article[4]/material[56],LaTeX source (.zip),data-z
1962,1603,https://olimpicos.net/nbpho/index.html,article[5]/material[0],Results,href
1963,1604,https://olimpicos.net/nbpho/index.html,article[5]/material[1],Problem,href
1964,1605,https://olimpicos.net/nbpho/index.html,article[5]/material[2],Solution,href
1965,1606,https://olimpicos.net/nbpho/index.html,article[5]/material[3],Problem,href
1966,1607,https://olimpicos.net/nbpho/index.html,article[5]/material[4],Solution,href
1967,1608,https://olimpicos.net/nbpho/index.html,article[5]/material[5],Problem,href
1968,1609,https://olimpicos.net/nbpho/index.html,article[5]/material[6],Solution,href
1969,1610,https://olimpicos.net/nbpho/index.html,article[5]/material[7],Problem,href
1970,1611,https://olimpicos.net/nbpho/index.html,article[5]/material[8],Solution,href
1971,1612,https://olimpicos.net/nbpho/index.html,article[6]/material[0],Results,href
1972,1613,https://olimpicos.net/nbpho/index.html,article[6]/material[1],Problem,href
1973,1614,https://olimpicos.net/nbpho/index.html,article[6]/material[2],Solution,href
1974,1615,https://olimpicos.net/nbpho/index.html,article[6]/material[3],Problem,href
1975,1616,https://olimpicos.net/nbpho/index.html,article[6]/material[4],Solution,href
1976,1617,https://olimpicos.net/nbpho/index.html,article[6]/material[5],Problem,href
1977,1618,https://olimpicos.net/nbpho/index.html,article[6]/material[6],Solution,href
1978,1619,https://olimpicos.net/nbpho/index.html,article[6]/material[7],Problem,href
1979,1620,https://olimpicos.net/nbpho/index.html,article[6]/material[8],Solution,href
1980,1621,https://olimpicos.net/nbpho/index.html,article[6]/material[9],Problem,href
1981,1622,https://olimpicos.net/nbpho/index.html,article[6]/material[10],Solution,href
1982,1623,https://olimpicos.net/nbpho/index.html,article[7]/material[0],Results,href
1983,1624,https://olimpicos.net/nbpho/index.html,article[7]/material[1],Problem,href
1984,1625,https://olimpicos.net/nbpho/index.html,article[7]/material[2],Solution,href
1985,1626,https://olimpicos.net/nbpho/index.html,article[7]/material[3],Problem,href
1986,1627,https://olimpicos.net/nbpho/index.html,article[7]/material[4],Solution,href
1987,1628,https://olimpicos.net/nbpho/index.html,article[7]/material[5],Problem,href
1988,1629,https://olimpicos.net/nbpho/index.html,article[7]/material[6],Solution,href
1989,1630,https://olimpicos.net/nbpho/index.html,article[7]/material[7],Problem,href
1990,1631,https://olimpicos.net/nbpho/index.html,article[7]/material[8],Solution,href
1991,1632,https://olimpicos.net/nbpho/index.html,article[7]/material[9],Problem,href
1992,1633,https://olimpicos.net/nbpho/index.html,article[7]/material[10],Solution,href
1993,1634,https://olimpicos.net/nbpho/index.html,article[7]/material[11],Problem,href
1994,1635,https://olimpicos.net/nbpho/index.html,article[7]/material[12],Solution,href
1995,1636,https://olimpicos.net/nbpho/index.html,article[7]/material[13],Problem,href
1996,1637,https://olimpicos.net/nbpho/index.html,article[7]/material[14],Solution,href
1997,1638,https://olimpicos.net/nbpho/index.html,article[7]/material[15],Problem,href
1998,1639,https://olimpicos.net/nbpho/index.html,article[7]/material[16],Solution,href
1999,1640,https://olimpicos.net/nbpho/index.html,article[8]/material[0],Results,href
2000,1641,https://olimpicos.net/nbpho/index.html,article[8]/material[1],Problem,href
2001,1642,https://olimpicos.net/nbpho/index.html,article[8]/material[2],Solution,href
2002,1643,https://olimpicos.net/nbpho/index.html,article[8]/material[3],Problem,href
2003,1644,https://olimpicos.net/nbpho/index.html,article[8]/material[4],Solution,href
2004,1645,https://olimpicos.net/nbpho/index.html,article[8]/material[5],Problem,href
2005,1646,https://olimpicos.net/nbpho/index.html,article[8]/material[6],Solution,href
2006,1647,https://olimpicos.net/nbpho/index.html,article[8]/material[7],Problem,href
2007,1648,https://olimpicos.net/nbpho/index.html,article[8]/material[8],Solution,href
2008,1649,https://olimpicos.net/nbpho/index.html,article[8]/material[9],Problem,href
2009,1650,https://olimpicos.net/nbpho/index.html,article[8]/material[10],Solution,href
2010,1651,https://olimpicos.net/nbpho/index.html,article[8]/material[11],Problem,href
2011,1652,https://olimpicos.net/nbpho/index.html,article[8]/material[12],Solution,href
2012,1653,https://olimpicos.net/nbpho/index.html,article[8]/material[13],Problem,href
2013,1654,https://olimpicos.net/nbpho/index.html,article[8]/material[14],Solution,href
2014,1655,https://olimpicos.net/nbpho/index.html,article[8]/material[15],Problem,href
2015,1656,https://olimpicos.net/nbpho/index.html,article[8]/material[16],Solution,href
2016,1657,https://olimpicos.net/nbpho/index.html,article[8]/material[17],Problem,href
2017,1658,https://olimpicos.net/nbpho/index.html,article[8]/material[18],Solution,href
2018,1659,https://olimpicos.net/nbpho/index.html,article[9]/material[0],Results,href
2019,1660,https://olimpicos.net/nbpho/index.html,article[9]/material[1],Problem,href
2020,1661,https://olimpicos.net/nbpho/index.html,article[9]/material[2],Solution,href
2021,1662,https://olimpicos.net/nbpho/index.html,article[9]/material[3],Problem,href
2022,1663,https://olimpicos.net/nbpho/index.html,article[9]/material[4],Solution,href
2023,1664,https://olimpicos.net/nbpho/index.html,article[9]/material[5],Problem,href
2024,1665,https://olimpicos.net/nbpho/index.html,article[9]/material[6],Solution,href
2025,1666,https://olimpicos.net/nbpho/index.html,article[9]/material[7],Problem,href
2026,1667,https://olimpicos.net/nbpho/index.html,article[9]/material[8],Solution,href
2027,1668,https://olimpicos.net/nbpho/index.html,article[9]/material[9],Problem,href
2028,1669,https://olimpicos.net/nbpho/index.html,article[9]/material[10],Solution,href
2029,1670,https://olimpicos.net/nbpho/index.html,article[9]/material[11],Problem,href
2030,1671,https://olimpicos.net/nbpho/index.html,article[9]/material[12],Solution,href
2031,1672,https://olimpicos.net/nbpho/index.html,article[9]/material[13],Problem,href
2032,1673,https://olimpicos.net/nbpho/index.html,article[9]/material[14],Solution,href
2033,1674,https://olimpicos.net/nbpho/index.html,article[9]/material[15],Problem,href
2034,1675,https://olimpicos.net/nbpho/index.html,article[9]/material[16],Solution,href
2035,1676,https://olimpicos.net/nbpho/index.html,article[9]/material[17],Problem,href
2036,1677,https://olimpicos.net/nbpho/index.html,article[9]/material[18],Solution,href
2037,1678,https://olimpicos.net/nbpho/index.html,article[9]/material[19],Problem,href
2038,1679,https://olimpicos.net/nbpho/index.html,article[9]/material[20],Solution,href
2039,1680,https://olimpicos.net/nbpho/index.html,article[10]/material[0],Results,href
2040,1681,https://olimpicos.net/nbpho/index.html,article[10]/material[1],Problem,href
2041,1682,https://olimpicos.net/nbpho/index.html,article[10]/material[2],Solution,href
2042,1683,https://olimpicos.net/nbpho/index.html,article[10]/material[3],Problem,href
2043,1684,https://olimpicos.net/nbpho/index.html,article[10]/material[4],Solution,href
2044,1685,https://olimpicos.net/nbpho/index.html,article[10]/material[5],Problem,href
2045,1686,https://olimpicos.net/nbpho/index.html,article[10]/material[6],Solution,href
2046,1687,https://olimpicos.net/nbpho/index.html,article[10]/material[7],Problem,href
2047,1688,https://olimpicos.net/nbpho/index.html,article[10]/material[8],Solution,href
2048,1689,https://olimpicos.net/nbpho/index.html,article[10]/material[9],Problem,href
2049,1690,https://olimpicos.net/nbpho/index.html,article[10]/material[10],Solution,href
2050,1691,https://olimpicos.net/nbpho/index.html,article[10]/material[11],Problem,href
2051,1692,https://olimpicos.net/nbpho/index.html,article[10]/material[12],Solution,href
2052,1693,https://olimpicos.net/nbpho/index.html,article[10]/material[13],Problem,href
2053,1694,https://olimpicos.net/nbpho/index.html,article[10]/material[14],Solution,href
2054,1695,https://olimpicos.net/nbpho/index.html,article[10]/material[15],Problem,href
2055,1696,https://olimpicos.net/nbpho/index.html,article[10]/material[16],Solution,href
2056,1697,https://olimpicos.net/nbpho/index.html,article[10]/material[17],Problem,href
2057,1698,https://olimpicos.net/nbpho/index.html,article[10]/material[18],Solution,href
2058,1699,https://olimpicos.net/nbpho/index.html,article[10]/material[19],Problem,href
2059,1700,https://olimpicos.net/nbpho/index.html,article[10]/material[20],Solution,href
2060,1701,https://olimpicos.net/nbpho/index.html,article[11]/material[0],Results,href
2061,1702,https://olimpicos.net/nbpho/index.html,article[11]/material[1],Problem,href
2062,1703,https://olimpicos.net/nbpho/index.html,article[11]/material[2],Solution,href
2063,1704,https://olimpicos.net/nbpho/index.html,article[11]/material[3],Problem,href
2064,1705,https://olimpicos.net/nbpho/index.html,article[11]/material[4],Solution,href
2065,1706,https://olimpicos.net/nbpho/index.html,article[11]/material[5],Problem,href
2066,1707,https://olimpicos.net/nbpho/index.html,article[11]/material[6],Solution,href
2067,1708,https://olimpicos.net/nbpho/index.html,article[11]/material[7],Problem,href
2068,1709,https://olimpicos.net/nbpho/index.html,article[11]/material[8],Solution,href
2069,1710,https://olimpicos.net/nbpho/index.html,article[11]/material[9],Problem,href
2070,1711,https://olimpicos.net/nbpho/index.html,article[11]/material[10],Solution,href
2071,1712,https://olimpicos.net/nbpho/index.html,article[11]/material[11],Problem,href
2072,1713,https://olimpicos.net/nbpho/index.html,article[11]/material[12],Solution,href
2073,1714,https://olimpicos.net/nbpho/index.html,article[11]/material[13],Problem,href
2074,1715,https://olimpicos.net/nbpho/index.html,article[11]/material[14],Solution,href
2075,1716,https://olimpicos.net/nbpho/index.html,article[11]/material[15],Problem,href
2076,1717,https://olimpicos.net/nbpho/index.html,article[11]/material[16],Solution,href
2077,1718,https://olimpicos.net/nbpho/index.html,article[11]/material[17],Problem,href
2078,1719,https://olimpicos.net/nbpho/index.html,article[11]/material[18],Solution,href
2079,1720,https://olimpicos.net/nbpho/index.html,article[11]/material[19],Problem,href
2080,1721,https://olimpicos.net/nbpho/index.html,article[11]/material[20],Solution,href
2081,1722,https://olimpicos.net/nbpho/index.html,article[12]/material[0],Results,href
2082,1723,https://olimpicos.net/nbpho/index.html,article[12]/material[1],Problem,href
2083,1724,https://olimpicos.net/nbpho/index.html,article[12]/material[2],Solution,href
2084,1725,https://olimpicos.net/nbpho/index.html,article[12]/material[3],Problem,href
2085,1726,https://olimpicos.net/nbpho/index.html,article[12]/material[4],Solution,href
2086,1727,https://olimpicos.net/nbpho/index.html,article[12]/material[5],Problem,href
2087,1728,https://olimpicos.net/nbpho/index.html,article[12]/material[6],Solution,href
2088,1729,https://olimpicos.net/nbpho/index.html,article[12]/material[7],Problem,href
2089,1730,https://olimpicos.net/nbpho/index.html,article[12]/material[8],Solution,href
2090,1731,https://olimpicos.net/nbpho/index.html,article[12]/material[9],Problem,href
2091,1732,https://olimpicos.net/nbpho/index.html,article[12]/material[10],Solution,href
2092,1733,https://olimpicos.net/nbpho/index.html,article[12]/material[11],Problem,href
2093,1734,https://olimpicos.net/nbpho/index.html,article[12]/material[12],Solution,href
2094,1735,https://olimpicos.net/nbpho/index.html,article[12]/material[13],Problem,href
2095,1736,https://olimpicos.net/nbpho/index.html,article[12]/material[14],Solution,href
2096,1737,https://olimpicos.net/nbpho/index.html,article[12]/material[15],Problem,href
2097,1738,https://olimpicos.net/nbpho/index.html,article[12]/material[16],Solution,href
2098,1739,https://olimpicos.net/nbpho/index.html,article[12]/material[17],Problem,href
2099,1740,https://olimpicos.net/nbpho/index.html,article[12]/material[18],Solution,href
2100,1741,https://olimpicos.net/nbpho/index.html,article[12]/material[19],Problem,href
2101,1742,https://olimpicos.net/nbpho/index.html,article[12]/material[20],Solution,href
2102,1743,https://olimpicos.net/nbpho/index.html,article[13]/material[0],Results,href
2103,1744,https://olimpicos.net/nbpho/index.html,article[13]/material[1],Problem,href
2104,1745,https://olimpicos.net/nbpho/index.html,article[13]/material[2],Solution,href
2105,1746,https://olimpicos.net/nbpho/index.html,article[13]/material[3],Problem,href
2106,1747,https://olimpicos.net/nbpho/index.html,article[13]/material[4],Solution,href
2107,1748,https://olimpicos.net/nbpho/index.html,article[13]/material[5],Problem,href
2108,1749,https://olimpicos.net/nbpho/index.html,article[13]/material[6],Solution,href
2109,1750,https://olimpicos.net/nbpho/index.html,article[13]/material[7],Problem,href
2110,1751,https://olimpicos.net/nbpho/index.html,article[13]/material[8],Solution,href
2111,1752,https://olimpicos.net/nbpho/index.html,article[13]/material[9],Problem,href
2112,1753,https://olimpicos.net/nbpho/index.html,article[13]/material[10],Solution,href
2113,1754,https://olimpicos.net/nbpho/index.html,article[13]/material[11],Problem,href
2114,1755,https://olimpicos.net/nbpho/index.html,article[13]/material[12],Solution,href
2115,1756,https://olimpicos.net/nbpho/index.html,article[13]/material[13],Problem,href
2116,1757,https://olimpicos.net/nbpho/index.html,article[13]/material[14],Solution,href
2117,1758,https://olimpicos.net/nbpho/index.html,article[13]/material[15],Problem,href
2118,1759,https://olimpicos.net/nbpho/index.html,article[13]/material[16],Solution,href
2119,1760,https://olimpicos.net/nbpho/index.html,article[13]/material[17],Problem,href
2120,1761,https://olimpicos.net/nbpho/index.html,article[13]/material[18],Solution,href
2121,1762,https://olimpicos.net/nbpho/index.html,article[13]/material[19],Problem,href
2122,1763,https://olimpicos.net/nbpho/index.html,article[13]/material[20],Solution,href
2123,1764,https://olimpicos.net/nbpho/index.html,article[14]/material[0],Results,href
2124,1765,https://olimpicos.net/nbpho/index.html,article[14]/material[1],Problem,href
2125,1766,https://olimpicos.net/nbpho/index.html,article[14]/material[2],Solution,href
2126,1767,https://olimpicos.net/nbpho/index.html,article[14]/material[3],Problem,href
2127,1768,https://olimpicos.net/nbpho/index.html,article[14]/material[4],Solution,href
2128,1769,https://olimpicos.net/nbpho/index.html,article[14]/material[5],Problem,href
2129,1770,https://olimpicos.net/nbpho/index.html,article[14]/material[6],Solution,href
2130,1771,https://olimpicos.net/nbpho/index.html,article[14]/material[7],Problem,href
2131,1772,https://olimpicos.net/nbpho/index.html,article[14]/material[8],Solution,href
2132,1773,https://olimpicos.net/nbpho/index.html,article[14]/material[9],Problem,href
2133,1774,https://olimpicos.net/nbpho/index.html,article[14]/material[10],Solution,href
2134,1775,https://olimpicos.net/nbpho/index.html,article[14]/material[11],Problem,href
2135,1776,https://olimpicos.net/nbpho/index.html,article[14]/material[12],Solution,href
2136,1777,https://olimpicos.net/nbpho/index.html,article[14]/material[13],Problem,href
2137,1778,https://olimpicos.net/nbpho/index.html,article[14]/material[14],Solution,href
2138,1779,https://olimpicos.net/nbpho/index.html,article[14]/material[15],Problem,href
2139,1780,https://olimpicos.net/nbpho/index.html,article[14]/material[16],Solution,href
2140,1781,https://olimpicos.net/nbpho/index.html,article[14]/material[17],Problem,href
2141,1782,https://olimpicos.net/nbpho/index.html,article[14]/material[18],Solution,href
2142,1783,https://olimpicos.net/nbpho/index.html,article[14]/material[19],Problem,href
2143,1784,https://olimpicos.net/nbpho/index.html,article[14]/material[20],Solution,href
2144,1785,https://olimpicos.net/nbpho/index.html,article[15]/material[0],Results,href
2145,1786,https://olimpicos.net/nbpho/index.html,article[15]/material[1],Problem,href
2146,1787,https://olimpicos.net/nbpho/index.html,article[15]/material[2],Solution,href
2147,1788,https://olimpicos.net/nbpho/index.html,article[15]/material[3],Problem,href
2148,1789,https://olimpicos.net/nbpho/index.html,article[15]/material[4],Solution,href
2149,1790,https://olimpicos.net/nbpho/index.html,article[15]/material[5],Problem,href
2150,1791,https://olimpicos.net/nbpho/index.html,article[15]/material[6],Solution,href
2151,1792,https://olimpicos.net/nbpho/index.html,article[15]/material[7],Problem,href
2152,1793,https://olimpicos.net/nbpho/index.html,article[15]/material[8],Solution,href
2153,1794,https://olimpicos.net/nbpho/index.html,article[15]/material[9],Problem,href
2154,1795,https://olimpicos.net/nbpho/index.html,article[15]/material[10],Solution,href
2155,1796,https://olimpicos.net/nbpho/index.html,article[15]/material[11],Problem,href
2156,1797,https://olimpicos.net/nbpho/index.html,article[15]/material[12],Solution,href
2157,1798,https://olimpicos.net/nbpho/index.html,article[15]/material[13],Problem,href
2158,1799,https://olimpicos.net/nbpho/index.html,article[15]/material[14],Solution,href
2159,1800,https://olimpicos.net/nbpho/index.html,article[15]/material[15],Problem,href
2160,1801,https://olimpicos.net/nbpho/index.html,article[15]/material[16],Solution,href
2161,1802,https://olimpicos.net/nbpho/index.html,article[15]/material[17],Problem,href
2162,1803,https://olimpicos.net/nbpho/index.html,article[15]/material[18],Solution,href
2163,1804,https://olimpicos.net/nbpho/index.html,article[16]/material[0],Results,href
2164,1805,https://olimpicos.net/nbpho/index.html,article[16]/material[1],Problem,href
2165,1806,https://olimpicos.net/nbpho/index.html,article[16]/material[2],Solution,href
2166,1807,https://olimpicos.net/nbpho/index.html,article[16]/material[3],Problem,href
2167,1808,https://olimpicos.net/nbpho/index.html,article[16]/material[4],Solution,href
2168,1809,https://olimpicos.net/nbpho/index.html,article[16]/material[5],Problem,href
2169,1810,https://olimpicos.net/nbpho/index.html,article[16]/material[6],Solution,href
2170,1811,https://olimpicos.net/nbpho/index.html,article[16]/material[7],Problem,href
2171,1812,https://olimpicos.net/nbpho/index.html,article[16]/material[8],Solution,href
2172,1813,https://olimpicos.net/nbpho/index.html,article[16]/material[9],Problem,href
2173,1814,https://olimpicos.net/nbpho/index.html,article[16]/material[10],Solution,href
2174,1815,https://olimpicos.net/nbpho/index.html,article[16]/material[11],Problem,href
2175,1816,https://olimpicos.net/nbpho/index.html,article[16]/material[12],Solution,href
2176,1817,https://olimpicos.net/nbpho/index.html,article[16]/material[13],Problem,href
2177,1818,https://olimpicos.net/nbpho/index.html,article[16]/material[14],Solution,href
2178,1819,https://olimpicos.net/nbpho/index.html,article[16]/material[15],Problem,href
2179,1820,https://olimpicos.net/nbpho/index.html,article[16]/material[16],Solution,href
2180,1821,https://olimpicos.net/nbpho/index.html,article[16]/material[17],Problem,href
2181,1822,https://olimpicos.net/nbpho/index.html,article[16]/material[18],Solution,href
2182,1823,https://olimpicos.net/nbpho/index.html,article[16]/material[19],Problem,href
2183,1824,https://olimpicos.net/nbpho/index.html,article[16]/material[20],Solution,href
2184,1825,https://olimpicos.net/nbpho/index.html,article[16]/material[21],Problem,href
2185,1826,https://olimpicos.net/nbpho/index.html,article[16]/material[22],Solution,href
2186,1827,https://olimpicos.net/nbpho/index.html,article[17]/material[0],Results,href
2187,1828,https://olimpicos.net/nbpho/index.html,article[17]/material[1],Problem,href
2188,1829,https://olimpicos.net/nbpho/index.html,article[17]/material[2],Solution,href
2189,1830,https://olimpicos.net/nbpho/index.html,article[17]/material[3],Problem,href
2190,1831,https://olimpicos.net/nbpho/index.html,article[17]/material[4],Solution,href
2191,1832,https://olimpicos.net/nbpho/index.html,article[17]/material[5],Problem,href
2192,1833,https://olimpicos.net/nbpho/index.html,article[17]/material[6],Solution,href
2193,1834,https://olimpicos.net/nbpho/index.html,article[17]/material[7],Problem,href
2194,1835,https://olimpicos.net/nbpho/index.html,article[17]/material[8],Solution,href
2195,1836,https://olimpicos.net/nbpho/index.html,article[17]/material[9],Problem,href
2196,1837,https://olimpicos.net/nbpho/index.html,article[17]/material[10],Solution,href
2197,1838,https://olimpicos.net/nbpho/index.html,article[17]/material[11],Problem,href
2198,1839,https://olimpicos.net/nbpho/index.html,article[17]/material[12],Solution,href
2199,1840,https://olimpicos.net/nbpho/index.html,article[17]/material[13],Problem,href
2200,1841,https://olimpicos.net/nbpho/index.html,article[17]/material[14],Solution,href
2201,1842,https://olimpicos.net/nbpho/index.html,article[17]/material[15],Problem,href
2202,1843,https://olimpicos.net/nbpho/index.html,article[17]/material[16],Solution,href
2203,1844,https://olimpicos.net/nbpho/index.html,article[17]/material[17],Problem,href
2204,1845,https://olimpicos.net/nbpho/index.html,article[17]/material[18],Solution,href
2205,1846,https://olimpicos.net/nbpho/index.html,article[17]/material[19],Problem,href
2206,1847,https://olimpicos.net/nbpho/index.html,article[17]/material[20],Solution,href
2207,1848,https://olimpicos.net/nbpho/index.html,article[18]/material[0],Results,href
2208,1849,https://olimpicos.net/nbpho/index.html,article[18]/material[1],Problem,href
2209,1850,https://olimpicos.net/nbpho/index.html,article[18]/material[2],Solution,href
2210,1851,https://olimpicos.net/nbpho/index.html,article[18]/material[3],Problem,href
2211,1852,https://olimpicos.net/nbpho/index.html,article[18]/material[4],Solution,href
2212,1853,https://olimpicos.net/nbpho/index.html,article[18]/material[5],Problem,href
2213,1854,https://olimpicos.net/nbpho/index.html,article[18]/material[6],Solution,href
2214,1855,https://olimpicos.net/nbpho/index.html,article[18]/material[7],Problem,href
2215,1856,https://olimpicos.net/nbpho/index.html,article[18]/material[8],Solution,href
2216,1857,https://olimpicos.net/nbpho/index.html,article[18]/material[9],Problem,href
2217,1858,https://olimpicos.net/nbpho/index.html,article[18]/material[10],Solution,href
2218,1859,https://olimpicos.net/nbpho/index.html,article[18]/material[11],Problem,href
2219,1860,https://olimpicos.net/nbpho/index.html,article[18]/material[12],Solution,href
2220,1861,https://olimpicos.net/nbpho/index.html,article[18]/material[13],Problem,href
2221,1862,https://olimpicos.net/nbpho/index.html,article[18]/material[14],Solution,href
2222,1863,https://olimpicos.net/nbpho/index.html,article[18]/material[15],Problem,href
2223,1864,https://olimpicos.net/nbpho/index.html,article[18]/material[16],Solution,href
2224,1865,https://olimpicos.net/nbpho/index.html,article[18]/material[17],Problem,href
2225,1866,https://olimpicos.net/nbpho/index.html,article[18]/material[18],Solution,href
2226,1867,https://olimpicos.net/nbpho/index.html,article[18]/material[19],Problem,href
2227,1868,https://olimpicos.net/nbpho/index.html,article[18]/material[20],Solution,href
2228,1869,https://olimpicos.net/nbpho/index.html,article[19]/material[0],Results,href
2229,1870,https://olimpicos.net/nbpho/index.html,article[19]/material[1],Problem,href
2230,1871,https://olimpicos.net/nbpho/index.html,article[19]/material[2],Solution,href
2231,1872,https://olimpicos.net/nbpho/index.html,article[19]/material[3],Problem,href
2232,1873,https://olimpicos.net/nbpho/index.html,article[19]/material[4],Solution,href
2233,1874,https://olimpicos.net/nbpho/index.html,article[19]/material[5],Problem,href
2234,1875,https://olimpicos.net/nbpho/index.html,article[19]/material[6],Solution,href
2235,1876,https://olimpicos.net/nbpho/index.html,article[19]/material[7],Problem,href
2236,1877,https://olimpicos.net/nbpho/index.html,article[19]/material[8],Solution,href
2237,1878,https://olimpicos.net/nbpho/index.html,article[19]/material[9],Problem,href
2238,1879,https://olimpicos.net/nbpho/index.html,article[19]/material[10],Solution,href
2239,1880,https://olimpicos.net/nbpho/index.html,article[19]/material[11],Problem,href
2240,1881,https://olimpicos.net/nbpho/index.html,article[19]/material[12],Solution,href
2241,1882,https://olimpicos.net/nbpho/index.html,article[19]/material[13],Problem,href
2242,1883,https://olimpicos.net/nbpho/index.html,article[19]/material[14],Solution,href
2243,1884,https://olimpicos.net/nbpho/index.html,article[19]/material[15],Problem,href
2244,1885,https://olimpicos.net/nbpho/index.html,article[19]/material[16],Solution,href
2245,1886,https://olimpicos.net/nbpho/index.html,article[20]/material[0],Results,href
2246,1887,https://olimpicos.net/nbpho/index.html,article[20]/material[1],Problem,href
2247,1888,https://olimpicos.net/nbpho/index.html,article[20]/material[2],Solution,href
2248,1889,https://olimpicos.net/nbpho/index.html,article[20]/material[3],Problem,href
2249,1890,https://olimpicos.net/nbpho/index.html,article[20]/material[4],Solution,href
2250,1891,https://olimpicos.net/nbpho/index.html,article[20]/material[5],Problem,href
2251,1892,https://olimpicos.net/nbpho/index.html,article[20]/material[6],Solution,href
2252,1893,https://olimpicos.net/nbpho/index.html,article[20]/material[7],Problem,href
2253,1894,https://olimpicos.net/nbpho/index.html,article[20]/material[8],Solution,href
2254,1895,https://olimpicos.net/nbpho/index.html,article[20]/material[9],Problem,href
2255,1896,https://olimpicos.net/nbpho/index.html,article[20]/material[10],Solution,href
2256,1897,https://olimpicos.net/nbpho/index.html,article[20]/material[11],Problem,href
2257,1898,https://olimpicos.net/nbpho/index.html,article[20]/material[12],Solution,href
2258,1899,https://olimpicos.net/nbpho/index.html,article[20]/material[13],Problem,href
2259,1900,https://olimpicos.net/nbpho/index.html,article[20]/material[14],Solution,href
2260,1901,https://olimpicos.net/nbpho/index.html,article[20]/material[15],Problem,href
2261,1902,https://olimpicos.net/nbpho/index.html,article[20]/material[16],Solution,href
2262,1903,https://olimpicos.net/nbpho/index.html,article[21]/material[0],Results,href
2263,1904,https://olimpicos.net/nbpho/index.html,article[21]/material[1],Problem,href
2264,1905,https://olimpicos.net/nbpho/index.html,article[21]/material[2],Solution,href
2265,1906,https://olimpicos.net/nbpho/index.html,article[21]/material[3],Problem,href
2266,1907,https://olimpicos.net/nbpho/index.html,article[21]/material[4],Solution,href
2267,1908,https://olimpicos.net/nbpho/index.html,article[21]/material[5],Problem,href
2268,1909,https://olimpicos.net/nbpho/index.html,article[21]/material[6],Solution,href
2269,1910,https://olimpicos.net/nbpho/index.html,article[21]/material[7],Problem,href
2270,1911,https://olimpicos.net/nbpho/index.html,article[21]/material[8],Solution,href
2271,1912,https://olimpicos.net/nbpho/index.html,article[21]/material[9],Problem,href
2272,1913,https://olimpicos.net/nbpho/index.html,article[21]/material[10],Solution,href
2273,1914,https://olimpicos.net/nbpho/index.html,article[21]/material[11],Problem,href
2274,1915,https://olimpicos.net/nbpho/index.html,article[21]/material[12],Solution,href
2275,1916,https://olimpicos.net/nbpho/index.html,article[21]/material[13],Problem,href
2276,1917,https://olimpicos.net/nbpho/index.html,article[21]/material[14],Solution,href
2277,1918,https://olimpicos.net/nbpho/index.html,article[21]/material[15],Problem,href
2278,1919,https://olimpicos.net/nbpho/index.html,article[21]/material[16],Solution,href
2279,1920,https://olimpicos.net/nbpho/index.html,article[21]/material[17],Problem,href
2280,1921,https://olimpicos.net/nbpho/index.html,article[21]/material[18],Solution,href
2281,1922,https://olimpicos.net/nbpho/index.html,article[22]/material[0],Results,href
2282,1923,https://olimpicos.net/nbpho/index.html,article[22]/material[1],Problem,href
2283,1924,https://olimpicos.net/nbpho/index.html,article[22]/material[2],Solution,href
2284,1925,https://olimpicos.net/nbpho/index.html,article[22]/material[3],Problem,href
2285,1926,https://olimpicos.net/nbpho/index.html,article[22]/material[4],Solution,href
2286,1927,https://olimpicos.net/nbpho/index.html,article[22]/material[5],Problem,href
2287,1928,https://olimpicos.net/nbpho/index.html,article[22]/material[6],Solution,href
2288,1929,https://olimpicos.net/nbpho/index.html,article[22]/material[7],Problem,href
2289,1930,https://olimpicos.net/nbpho/index.html,article[22]/material[8],Solution,href
2290,1931,https://olimpicos.net/nbpho/index.html,article[22]/material[9],Problem,href
2291,1932,https://olimpicos.net/nbpho/index.html,article[22]/material[10],Solution,href
2292,1933,https://olimpicos.net/nbpho/index.html,article[22]/material[11],Problem,href
2293,1934,https://olimpicos.net/nbpho/index.html,article[22]/material[12],Solution,href
2294,1935,https://olimpicos.net/nbpho/index.html,article[22]/material[13],Problem,href
2295,1936,https://olimpicos.net/nbpho/index.html,article[22]/material[14],Solution,href
2296,1937,https://olimpicos.net/nbpho/index.html,article[22]/material[15],Problem,href
2297,1938,https://olimpicos.net/nbpho/index.html,article[22]/material[16],Solution,href
2298,1939,https://olimpicos.net/nbpho/index.html,article[22]/material[17],Problem,href
2299,1940,https://olimpicos.net/nbpho/index.html,article[22]/material[18],Solution,href
2300,1941,https://olimpicos.net/nbpho/index.html,article[23]/material[0],Results,href
2301,1942,https://olimpicos.net/nbpho/index.html,article[23]/material[1],Problem,href
2302,1943,https://olimpicos.net/nbpho/index.html,article[23]/material[2],Solution,href
2303,1944,https://olimpicos.net/nbpho/index.html,article[23]/material[3],Problem,href
2304,1945,https://olimpicos.net/nbpho/index.html,article[23]/material[4],Solution,href
2305,1946,https://olimpicos.net/nbpho/index.html,article[23]/material[5],Problem,href
2306,1947,https://olimpicos.net/nbpho/index.html,article[23]/material[6],Solution,href
2307,1948,https://olimpicos.net/nbpho/index.html,article[23]/material[7],Problem,href
2308,1949,https://olimpicos.net/nbpho/index.html,article[23]/material[8],Solution,href
2309,1950,https://olimpicos.net/nbpho/index.html,article[23]/material[9],Problem,href
2310,1951,https://olimpicos.net/nbpho/index.html,article[23]/material[10],Solution,href
2311,1952,https://olimpicos.net/nbpho/index.html,article[23]/material[11],Problem,href
2312,1953,https://olimpicos.net/nbpho/index.html,article[23]/material[12],Solution,href
2313,1954,https://olimpicos.net/nbpho/index.html,article[23]/material[13],Problem,href
2314,1955,https://olimpicos.net/nbpho/index.html,article[23]/material[14],Solution,href
2315,1956,https://olimpicos.net/nbpho/index.html,article[23]/material[15],Problem,href
2316,1957,https://olimpicos.net/nbpho/index.html,article[23]/material[16],Solution,href
2317,1959,https://olimpicos.net/oibf/index.html,article[0]/material[0],Problems,href
2318,1960,https://olimpicos.net/oibf/index.html,article[0]/material[1],Problem,href
2319,1961,https://olimpicos.net/oibf/index.html,article[1]/material[0],Problem,href
2320,1962,https://olimpicos.net/oibf/index.html,article[1]/material[1],Solution,href
2321,1963,https://olimpicos.net/oibf/index.html,article[1]/material[2],Problem,href
2322,1964,https://olimpicos.net/oibf/index.html,article[1]/material[3],Solution,href
2323,1965,https://olimpicos.net/oibf/index.html,article[1]/material[4],Problem,href
2324,1966,https://olimpicos.net/oibf/index.html,article[1]/material[5],Solution,href
2325,1967,https://olimpicos.net/oibf/index.html,article[1]/material[6],Problem,href
2326,1968,https://olimpicos.net/oibf/index.html,article[1]/material[7],Solution,href
2327,1969,https://olimpicos.net/oibf/index.html,article[1]/material[8],Problem,href
2328,1970,https://olimpicos.net/oibf/index.html,article[1]/material[9],Solution,href
2329,1971,https://olimpicos.net/oibf/index.html,article[2]/material[0],Problems,href
2330,1972,https://olimpicos.net/oibf/index.html,article[2]/material[1],Problem,href
2331,1973,https://olimpicos.net/oibf/index.html,article[3]/material[0],Problems,href
2332,1974,https://olimpicos.net/oibf/index.html,article[3]/material[1],Solutions,href
2333,1975,https://olimpicos.net/oibf/index.html,article[4]/material[0],Problem,href
2334,1976,https://olimpicos.net/oibf/index.html,article[4]/material[1],Solution,href
2335,1977,https://olimpicos.net/oibf/index.html,article[4]/material[2],Problem,href
2336,1978,https://olimpicos.net/oibf/index.html,article[4]/material[3],Solution,href
2337,1979,https://olimpicos.net/oibf/index.html,article[4]/material[4],Problem,href
2338,1980,https://olimpicos.net/oibf/index.html,article[4]/material[5],Solution,href
2339,1981,https://olimpicos.net/oibf/index.html,article[4]/material[6],Problem,href
2340,1982,https://olimpicos.net/oibf/index.html,article[4]/material[7],Solution,href
2341,1983,https://olimpicos.net/oibf/index.html,article[4]/material[8],Problem,href
2342,1984,https://olimpicos.net/oibf/index.html,article[4]/material[9],Solution,href
2343,1985,https://olimpicos.net/oibf/index.html,article[5]/material[0],Problem,href
2344,1986,https://olimpicos.net/oibf/index.html,article[5]/material[1],Solution,href
2345,1987,https://olimpicos.net/oibf/index.html,article[5]/material[2],Problem,href
2346,1988,https://olimpicos.net/oibf/index.html,article[5]/material[3],Solution,href
2347,1989,https://olimpicos.net/oibf/index.html,article[5]/material[4],Problem,href
2348,1990,https://olimpicos.net/oibf/index.html,article[5]/material[5],Solution,href
2349,1991,https://olimpicos.net/oibf/index.html,article[5]/material[6],Problem,href
2350,1992,https://olimpicos.net/oibf/index.html,article[5]/material[7],Solution,href
2351,1993,https://olimpicos.net/oibf/index.html,article[5]/material[8],Problem,href
2352,1994,https://olimpicos.net/oibf/index.html,article[5]/material[9],Solution,href
2353,1995,https://olimpicos.net/oibf/index.html,article[6]/material[0],Problem,href
2354,1996,https://olimpicos.net/oibf/index.html,article[6]/material[1],Problem,href
2355,1997,https://olimpicos.net/oibf/index.html,article[6]/material[2],Problem,href
2356,1998,https://olimpicos.net/oibf/index.html,article[6]/material[3],Problem,href
2357,1999,https://olimpicos.net/oibf/index.html,article[6]/material[4],Problem,href
2358,2000,https://olimpicos.net/oibf/index.html,article[6]/material[5],Problem,href
2359,2001,https://olimpicos.net/oibf/index.html,article[7]/material[0],Problem,href
2360,2002,https://olimpicos.net/oibf/index.html,article[7]/material[1],Solution,href
2361,2003,https://olimpicos.net/oibf/index.html,article[7]/material[2],Problem,href
2362,2004,https://olimpicos.net/oibf/index.html,article[7]/material[3],Solution,href
2363,2005,https://olimpicos.net/oibf/index.html,article[7]/material[4],Problem,href
2364,2006,https://olimpicos.net/oibf/index.html,article[7]/material[5],Solution,href
2365,2007,https://olimpicos.net/oibf/index.html,article[7]/material[6],Problem,href
2366,2008,https://olimpicos.net/oibf/index.html,article[7]/material[7],Problem,href
2367,2009,https://olimpicos.net/oibf/index.html,article[8]/material[0],Problem,href
2368,2010,https://olimpicos.net/oibf/index.html,article[8]/material[1],Solution,href
2369,2011,https://olimpicos.net/oibf/index.html,article[8]/material[2],Problem,href
2370,2012,https://olimpicos.net/oibf/index.html,article[8]/material[3],Solution,href
2371,2013,https://olimpicos.net/oibf/index.html,article[8]/material[4],Problem,href
2372,2014,https://olimpicos.net/oibf/index.html,article[8]/material[5],Solution,href
2373,2015,https://olimpicos.net/oibf/index.html,article[8]/material[6],Problem,href
2374,2016,https://olimpicos.net/oibf/index.html,article[9]/material[0],Problems,href
2375,2017,https://olimpicos.net/oibf/index.html,article[9]/material[1],Solutions,href
2376,2018,https://olimpicos.net/oibf/index.html,article[9]/material[2],Problem,href
2377,2019,https://olimpicos.net/oibf/index.html,article[10]/material[0],Problem,href
2378,2020,https://olimpicos.net/oibf/index.html,article[10]/material[1],Problem,href
2379,2021,https://olimpicos.net/oibf/index.html,article[10]/material[2],Problem,href
2380,2022,https://olimpicos.net/oibf/index.html,article[10]/material[3],Problem,href
2381,2023,https://olimpicos.net/oibf/index.html,article[10]/material[4],Problem,href
2382,2024,https://olimpicos.net/oibf/index.html,article[11]/material[0],Problems,href
2383,2025,https://olimpicos.net/oibf/index.html,article[11]/material[1],Solutions,href
2384,2026,https://olimpicos.net/oibf/index.html,article[12]/material[0],Problems,href
2385,2027,https://olimpicos.net/oibf/index.html,article[12]/material[1],Problem,href
2386,2028,https://olimpicos.net/oibf/index.html,article[13]/material[0],Problems,href
2387,2029,https://olimpicos.net/oibf/index.html,article[13]/material[1],Problem,href
2388,2030,https://olimpicos.net/oibf/index.html,article[14]/material[0],Problems,href
2389,2031,https://olimpicos.net/oibf/index.html,article[14]/material[1],Solutions,href
2390,2032,https://olimpicos.net/oibf/index.html,article[14]/material[2],Problem,href
2391,2033,https://olimpicos.net/oibf/index.html,article[15]/material[0],Problem,href
2392,2034,https://olimpicos.net/oibf/index.html,article[15]/material[1],Solution,href
2393,2035,https://olimpicos.net/oibf/index.html,article[15]/material[2],Problem,href
2394,2036,https://olimpicos.net/oibf/index.html,article[15]/material[3],Solution,href
2395,2037,https://olimpicos.net/oibf/index.html,article[15]/material[4],Problem,href
2396,2038,https://olimpicos.net/oibf/index.html,article[15]/material[5],Solution,href
2397,2039,https://olimpicos.net/oibf/index.html,article[15]/material[6],Problem,href
2398,2040,https://olimpicos.net/oibf/index.html,article[16]/material[0],Problems,href
2399,2041,https://olimpicos.net/oibf/index.html,article[16]/material[1],Problem,href
2400,2042,https://olimpicos.net/oibf/index.html,article[17]/material[0],Problems,href
2401,2043,https://olimpicos.net/oibf/index.html,article[17]/material[1],Solutions,href
2402,2044,https://olimpicos.net/oibf/index.html,article[17]/material[2],Problems,href
2403,2045,https://olimpicos.net/oibf/index.html,article[17]/material[3],Solutions,href
2404,2046,https://olimpicos.net/oibf/index.html,article[18]/material[0],Problems,href
2405,2047,https://olimpicos.net/oibf/index.html,article[18]/material[1],Problems,href
2406,2048,https://olimpicos.net/oibf/index.html,article[19]/material[0],Problems,href
2407,2049,https://olimpicos.net/oibf/index.html,article[19]/material[1],Problem,href
2408,2050,https://olimpicos.net/oibf/index.html,article[19]/material[2],Problem,href
2409,2051,https://olimpicos.net/oibf/index.html,article[20]/material[0],Problems,href
2410,2052,https://olimpicos.net/oibf/index.html,article[20]/material[1],Problem,href
2411,2053,https://olimpicos.net/oibf/index.html,article[21]/material[0],Problems,href
2412,2054,https://olimpicos.net/oibf/index.html,article[21]/material[1],Problem,href
2413,2055,https://olimpicos.net/oibf/index.html,article[22]/material[0],Problems,href
2414,2056,https://olimpicos.net/oibf/index.html,article[22]/material[1],Problem,href
2415,2057,https://olimpicos.net/oibf/index.html,article[23]/material[0],Problems,href
2416,2058,https://olimpicos.net/oibf/index.html,article[23]/material[1],Problems,href
2417,2059,https://olimpicos.net/oibf/index.html,article[24]/material[0],Problems,href
2418,2060,https://olimpicos.net/oibf/index.html,article[24]/material[1],Problems,href
2419,2061,https://olimpicos.net/oibf/index.html,article[25]/material[0],Problems,href
2420,2062,https://olimpicos.net/oibf/index.html,article[25]/material[1],Problems,href
2421,2063,https://olimpicos.net/oibf/index.html,article[26]/material[0],Problems,href
2422,2064,https://olimpicos.net/oibf/index.html,article[26]/material[1],Problems,href
2423,2065,https://olimpicos.net/oibf/index.html,article[27]/material[0],Problems,href
2424,2066,https://olimpicos.net/oibf/index.html,article[27]/material[1],Problem,href
2425,2068,https://olimpicos.net/rmph/index.html,article[0]/material[0],Problem,href
2426,2069,https://olimpicos.net/rmph/index.html,article[0]/material[1],Solution,href
2427,2070,https://olimpicos.net/rmph/index.html,article[0]/material[2],Problem,href
2428,2071,https://olimpicos.net/rmph/index.html,article[0]/material[3],Solution,href
2429,2072,https://olimpicos.net/rmph/index.html,article[0]/material[4],Problem,href
2430,2073,https://olimpicos.net/rmph/index.html,article[0]/material[5],Solution,href
2431,2074,https://olimpicos.net/rmph/index.html,article[0]/material[6],Problem,href
2432,2075,https://olimpicos.net/rmph/index.html,article[0]/material[7],Solution,href
2433,2076,https://olimpicos.net/rmph/index.html,article[1]/material[0],Results,href
2434,2077,https://olimpicos.net/rmph/index.html,article[1]/material[1],Problem,href
2435,2078,https://olimpicos.net/rmph/index.html,article[1]/material[2],Solution,href
2436,2079,https://olimpicos.net/rmph/index.html,article[1]/material[3],Problem,href
2437,2080,https://olimpicos.net/rmph/index.html,article[1]/material[4],Solution,href
2438,2081,https://olimpicos.net/rmph/index.html,article[1]/material[5],Problem,href
2439,2082,https://olimpicos.net/rmph/index.html,article[1]/material[6],Solution,href
2440,2083,https://olimpicos.net/rmph/index.html,article[1]/material[7],Problem,href
2441,2084,https://olimpicos.net/rmph/index.html,article[2]/material[0],Problem,href
2442,2085,https://olimpicos.net/rmph/index.html,article[2]/material[1],Solution,href
2443,2086,https://olimpicos.net/rmph/index.html,article[2]/material[2],Problem,href
2444,2087,https://olimpicos.net/rmph/index.html,article[2]/material[3],Solution,href
2445,2088,https://olimpicos.net/rmph/index.html,article[2]/material[4],Problem,href
2446,2089,https://olimpicos.net/rmph/index.html,article[2]/material[5],Solution,href
2447,2090,https://olimpicos.net/rmph/index.html,article[2]/material[6],Problem,href
2448,2091,https://olimpicos.net/rmph/index.html,article[2]/material[7],Solution,href
2449,2090,https://olimpicos.net/rmph/index.html,article[2]/material[8],Problem,href
2450,2091,https://olimpicos.net/rmph/index.html,article[2]/material[9],Solution,href
2451,2092,https://olimpicos.net/rmph/index.html,article[3]/material[0],Problem,href
2452,2093,https://olimpicos.net/rmph/index.html,article[3]/material[1],Solution,href
2453,2094,https://olimpicos.net/rmph/index.html,article[3]/material[2],Problem,href
2454,2095,https://olimpicos.net/rmph/index.html,article[3]/material[3],Solution,href
2455,2096,https://olimpicos.net/rmph/index.html,article[3]/material[4],Solution (A),href
2456,2097,https://olimpicos.net/rmph/index.html,article[3]/material[5],Solution (B),href
2457,2098,https://olimpicos.net/rmph/index.html,article[3]/material[6],Problem,href
2458,2099,https://olimpicos.net/rmph/index.html,article[3]/material[7],Solution,href
2459,2100,https://olimpicos.net/rmph/index.html,article[3]/material[8],Problem,href
2460,2100,https://olimpicos.net/rmph/index.html,article[3]/material[9],Problem,href
2461,2101,https://olimpicos.net/rmph/index.html,article[4]/material[0],Problem,href
2462,2102,https://olimpicos.net/rmph/index.html,article[4]/material[1],Solution,href
2463,2103,https://olimpicos.net/rmph/index.html,article[4]/material[2],Problem,href
2464,2104,https://olimpicos.net/rmph/index.html,article[4]/material[3],Solution,href
2465,2105,https://olimpicos.net/rmph/index.html,article[4]/material[4],Problem,href
2466,2106,https://olimpicos.net/rmph/index.html,article[4]/material[5],Solution,href
2467,2107,https://olimpicos.net/rmph/index.html,article[4]/material[6],Problem,href
2468,2108,https://olimpicos.net/rmph/index.html,article[4]/material[7],Solution,href
2469,2109,https://olimpicos.net/rmph/index.html,article[4]/material[8],Problem,href
2470,2110,https://olimpicos.net/rmph/index.html,article[4]/material[9],Solution,href
2471,2109,https://olimpicos.net/rmph/index.html,article[4]/material[10],Problem,href
2472,2110,https://olimpicos.net/rmph/index.html,article[4]/material[11],Solution,href
2473,2111,https://olimpicos.net/rmph/index.html,article[5]/material[0],Problem,href
2474,2112,https://olimpicos.net/rmph/index.html,article[5]/material[1],Problem,href
2475,2113,https://olimpicos.net/rmph/index.html,article[5]/material[2],Problem,href
2476,2114,https://olimpicos.net/rmph/index.html,article[6]/material[0],Problem,href
2477,2115,https://olimpicos.net/rmph/index.html,article[6]/material[1],Solution,href
2478,2116,https://olimpicos.net/rmph/index.html,article[6]/material[2],Problem,href
2479,2117,https://olimpicos.net/rmph/index.html,article[6]/material[3],Solution,href
2480,2118,https://olimpicos.net/rmph/index.html,article[6]/material[4],Problem,href
2481,2119,https://olimpicos.net/rmph/index.html,article[6]/material[5],Solution,href
2482,2120,https://olimpicos.net/rmph/index.html,article[6]/material[6],Problem,href
2483,2121,https://olimpicos.net/rmph/index.html,article[6]/material[7],Solution,href
2484,2122,https://olimpicos.net/rmph/index.html,article[6]/material[8],Problem,href
2485,2123,https://olimpicos.net/rmph/index.html,article[6]/material[9],Solution,href
2486,2124,https://olimpicos.net/rmph/index.html,article[7]/material[0],Problem,href
2487,2125,https://olimpicos.net/rmph/index.html,article[7]/material[1],Solution,href
2488,2126,https://olimpicos.net/rmph/index.html,article[7]/material[2],Marking scheme,href
2489,2127,https://olimpicos.net/rmph/index.html,article[7]/material[3],Problem,href
2490,2128,https://olimpicos.net/rmph/index.html,article[7]/material[4],Solution,href
2491,2129,https://olimpicos.net/rmph/index.html,article[7]/material[5],Marking scheme,href
2492,2130,https://olimpicos.net/rmph/index.html,article[7]/material[6],Problem,href
2493,2131,https://olimpicos.net/rmph/index.html,article[7]/material[7],Solution,href
2494,2132,https://olimpicos.net/rmph/index.html,article[7]/material[8],Problem,href
2495,2133,https://olimpicos.net/rmph/index.html,article[7]/material[9],Solution,href
2496,2134,https://olimpicos.net/rmph/index.html,article[7]/material[10],Problem,href
2497,2135,https://olimpicos.net/rmph/index.html,article[7]/material[11],Solution,href
2498,2136,https://olimpicos.net/rmph/index.html,article[8]/material[0],Problem,href
2499,2137,https://olimpicos.net/rmph/index.html,article[8]/material[1],Solution,href
2500,2138,https://olimpicos.net/rmph/index.html,article[8]/material[2],Problem,href
2501,2139,https://olimpicos.net/rmph/index.html,article[8]/material[3],Solution,href
2502,2140,https://olimpicos.net/rmph/index.html,article[8]/material[4],Problem,href
2503,2141,https://olimpicos.net/rmph/index.html,article[8]/material[5],Solution,href
2504,2142,https://olimpicos.net/rmph/index.html,article[8]/material[6],Problem,href
2505,2143,https://olimpicos.net/rmph/index.html,article[8]/material[7],Solution,href
2506,2144,https://olimpicos.net/rmph/index.html,article[8]/material[8],Problem,href
2507,2145,https://olimpicos.net/rmph/index.html,article[8]/material[9],Solution,href
2508,2147,https://olimpicos.net/wopho/index.html,article[0]/material[0],Problem,href
2509,2148,https://olimpicos.net/wopho/index.html,article[0]/material[1],Solution,href
2510,2149,https://olimpicos.net/wopho/index.html,article[0]/material[2],Problem,href
2511,2150,https://olimpicos.net/wopho/index.html,article[0]/material[3],Solution,href
2512,2151,https://olimpicos.net/wopho/index.html,article[0]/material[4],Problem,href
2513,2152,https://olimpicos.net/wopho/index.html,article[0]/material[5],Solution,href
2514,2153,https://olimpicos.net/wopho/index.html,article[0]/material[6],Problem,href
2515,2154,https://olimpicos.net/wopho/index.html,article[0]/material[7],Solution,href
2516,2155,https://olimpicos.net/wopho/index.html,article[0]/material[8],Problem,href
2517,2156,https://olimpicos.net/wopho/index.html,article[0]/material[9],Solution,href
2518,2157,https://olimpicos.net/wopho/index.html,article[0]/material[10],Problem,href
2519,2158,https://olimpicos.net/wopho/index.html,article[0]/material[11],Solution,href
2520,2159,https://olimpicos.net/wopho/index.html,article[0]/material[12],Problem,href
2521,2160,https://olimpicos.net/wopho/index.html,article[0]/material[13],Solution,href
2522,2161,https://olimpicos.net/wopho/index.html,article[0]/material[14],Problem,href
2523,2162,https://olimpicos.net/wopho/index.html,article[0]/material[15],Solution,href
2524,2163,https://olimpicos.net/wopho/index.html,article[0]/material[16],Problem,href
2525,2164,https://olimpicos.net/wopho/index.html,article[0]/material[17],Solution,href
2526,2165,https://olimpicos.net/wopho/index.html,article[0]/material[18],Problem,href
2527,2166,https://olimpicos.net/wopho/index.html,article[0]/material[19],Solution,href
2528,2167,https://olimpicos.net/wopho/index.html,article[1]/material[0],Problem,href
2529,2168,https://olimpicos.net/wopho/index.html,article[1]/material[1],Problem,href
2530,2169,https://olimpicos.net/wopho/index.html,article[1]/material[2],Problem,href
2531,2170,https://olimpicos.net/wopho/index.html,article[1]/material[3],Problem,href
2532,2171,https://olimpicos.net/wopho/index.html,article[1]/material[4],Problem,href
2533,2172,https://olimpicos.net/wopho/index.html,article[1]/material[5],Solution,href
2534,2173,https://olimpicos.net/wopho/index.html,article[1]/material[6],Problem,href
2535,2174,https://olimpicos.net/wopho/index.html,article[1]/material[7],Problem,href
2536,2175,https://olimpicos.net/wopho/index.html,article[1]/material[8],Solution,href
2537,2176,https://olimpicos.net/wopho/index.html,article[1]/material[9],Problem,href
2538,2177,https://olimpicos.net/wopho/index.html,article[1]/material[10],Solution,href
2539,2178,https://olimpicos.net/wopho/index.html,article[1]/material[11],Problem,href
2540,2179,https://olimpicos.net/wopho/index.html,article[1]/material[12],Problem,href
2541,2180,https://olimpicos.net/wopho/index.html,article[1]/material[13],Solution,href
2542,2181,https://olimpicos.net/wopho/index.html,article[1]/material[14],Problem,href
2543,2182,https://olimpicos.net/wopho/index.html,article[1]/material[15],Solution,href
2544,2183,https://olimpicos.net/wopho/index.html,article[1]/material[16],Problem,href
2545,2184,https://olimpicos.net/wopho/index.html,article[1]/material[17],Solution,href
2546,2185,https://olimpicos.net/wopho/index.html,article[1]/material[18],Problem,href
2547,2186,https://olimpicos.net/wopho/index.html,article[1]/material[19],Solution,href
2548,2187,https://olimpicos.net/wopho/index.html,article[2]/material[0],Problem,href
2549,2188,https://olimpicos.net/wopho/index.html,article[2]/material[1],Problem,href
2550,2189,https://olimpicos.net/wopho/index.html,article[2]/material[2],Problem,href
2551,2190,https://olimpicos.net/wopho/index.html,article[2]/material[3],Problem,href
2552,2191,https://olimpicos.net/wopho/index.html,article[2]/material[4],Problem,href
2553,2192,https://olimpicos.net/wopho/index.html,article[2]/material[5],Problem,href
2554,2193,https://olimpicos.net/wopho/index.html,article[2]/material[6],Problem,href
2555,2194,https://olimpicos.net/wopho/index.html,article[2]/material[7],Problem,href
2556,2195,https://olimpicos.net/wopho/index.html,article[2]/material[8],Problem,href
2557,2196,https://olimpicos.net/wopho/index.html,article[2]/material[9],Problem,href
2558,2197,https://olimpicos.net/wopho/index.html,article[2]/material[10],Problem,href
2559,2198,https://olimpicos.net/wopho/index.html,article[2]/material[11],Solution,href
2560,2199,https://olimpicos.net/wopho/index.html,article[2]/material[12],Problem,href
2561,2200,https://olimpicos.net/wopho/index.html,article[2]/material[13],Solution,href
2562,2201,https://olimpicos.net/wopho/index.html,article[2]/material[14],Problem,href
2563,2202,https://olimpicos.net/wopho/index.html,article[2]/material[15],Solution,href
2564,2204,https://olimpicos.net/gpho/index.html,article[0]/material[0],Results,href
2565,2205,https://olimpicos.net/gpho/index.html,article[0]/material[1],Problems,href
2566,2206,https://olimpicos.net/gpho/index.html,article[0]/material[2],Solutions,href
2567,2207,https://olimpicos.net/gpho/index.html,article[0]/material[3],Problem,href
2568,2208,https://olimpicos.net/gpho/index.html,article[0]/material[4],Solution,href
2569,2207,https://olimpicos.net/gpho/index.html,article[0]/material[5],Problem,href
2570,2208,https://olimpicos.net/gpho/index.html,article[0]/material[6],Solution,href
2571,2209,https://olimpicos.net/gpho/index.html,article[1]/material[0],Theory Answer Sheets,href
2572,2210,https://olimpicos.net/gpho/index.html,article[1]/material[1],Experiment Answer Sheets,href
2573,2211,https://olimpicos.net/gpho/index.html,article[1]/material[2],Results,href
2574,2212,https://olimpicos.net/gpho/index.html,article[1]/material[3],Problems,href
2575,2213,https://olimpicos.net/gpho/index.html,article[1]/material[4],Solutions,href
2576,2214,https://olimpicos.net/gpho/index.html,article[1]/material[5],Problem,href
2577,2215,https://olimpicos.net/gpho/index.html,article[1]/material[6],Solution,href
2578,2214,https://olimpicos.net/gpho/index.html,article[1]/material[7],Problem,href
2579,2215,https://olimpicos.net/gpho/index.html,article[1]/material[8],Solution,href
2580,2216,https://olimpicos.net/gpho/index.html,article[2]/material[0],Theory Answer Sheets,href
2581,2217,https://olimpicos.net/gpho/index.html,article[2]/material[1],Experiment Answer Sheets,href
2582,2218,https://olimpicos.net/gpho/index.html,article[2]/material[2],Problems,href
2583,2219,https://olimpicos.net/gpho/index.html,article[2]/material[3],Solutions,href
2584,2220,https://olimpicos.net/gpho/index.html,article[2]/material[4],Problem,href
2585,2221,https://olimpicos.net/gpho/index.html,article[2]/material[5],Solution,href
2586,2220,https://olimpicos.net/gpho/index.html,article[2]/material[6],Problem,href
2587,2221,https://olimpicos.net/gpho/index.html,article[2]/material[7],Solution,href
2588,2222,https://olimpicos.net/gpho/index.html,article[3]/material[0],Theory Answer Sheets,href
2589,2223,https://olimpicos.net/gpho/index.html,article[3]/material[1],Experiment Answer Sheets,href
2590,2224,https://olimpicos.net/gpho/index.html,article[3]/material[2],Problems,href
2591,2225,https://olimpicos.net/gpho/index.html,article[3]/material[3],Solutions,href
2592,2226,https://olimpicos.net/gpho/index.html,article[3]/material[4],Problems,href
2593,2227,https://olimpicos.net/gpho/index.html,article[3]/material[5],Solutions,href
2594,2230,https://olimpicos.net/izho/index.html,article[0]/material[0],Problem,href
2595,2231,https://olimpicos.net/izho/index.html,article[0]/material[1],Solution,href
2596,2230,https://olimpicos.net/izho/index.html,article[0]/material[2],Problem,href
2597,2231,https://olimpicos.net/izho/index.html,article[0]/material[3],Solution,href
2598,2232,https://olimpicos.net/izho/index.html,article[0]/material[4],Problem,href
2599,2233,https://olimpicos.net/izho/index.html,article[0]/material[5],Solution,href
2600,2232,https://olimpicos.net/izho/index.html,article[0]/material[6],Problem,href
2601,2233,https://olimpicos.net/izho/index.html,article[0]/material[7],Solution,href
2602,2234,https://olimpicos.net/izho/index.html,article[1]/material[0],Problem,href
2603,2235,https://olimpicos.net/izho/index.html,article[1]/material[1],Solution,href
2604,2234,https://olimpicos.net/izho/index.html,article[1]/material[2],Problem,href
2605,2235,https://olimpicos.net/izho/index.html,article[1]/material[3],Solution,href
2606,2236,https://olimpicos.net/izho/index.html,article[1]/material[4],Problem,href
2607,2237,https://olimpicos.net/izho/index.html,article[1]/material[5],Solution,href
2608,2236,https://olimpicos.net/izho/index.html,article[1]/material[6],Problem,href
2609,2237,https://olimpicos.net/izho/index.html,article[1]/material[7],Solution,href
2610,2238,https://olimpicos.net/izho/index.html,article[2]/material[0],Problem,href
2611,2239,https://olimpicos.net/izho/index.html,article[2]/material[1],Solution,href
2612,2238,https://olimpicos.net/izho/index.html,article[2]/material[2],Problem,href
2613,2239,https://olimpicos.net/izho/index.html,article[2]/material[3],Solution,href
2614,2240,https://olimpicos.net/izho/index.html,article[2]/material[4],Problem,href
2615,2241,https://olimpicos.net/izho/index.html,article[2]/material[5],Solution,href
2616,2240,https://olimpicos.net/izho/index.html,article[2]/material[6],Problem,href
2617,2241,https://olimpicos.net/izho/index.html,article[2]/material[7],Solution,href
2618,2242,https://olimpicos.net/izho/index.html,article[3]/material[0],Problem,href
2619,2243,https://olimpicos.net/izho/index.html,article[3]/material[1],Solution,href
2620,2242,https://olimpicos.net/izho/index.html,article[3]/material[2],Problem,href
2621,2243,https://olimpicos.net/izho/index.html,article[3]/material[3],Solution,href
2622,2244,https://olimpicos.net/izho/index.html,article[3]/material[4],Problem,href
2623,2245,https://olimpicos.net/izho/index.html,article[3]/material[5],Solution,href
2624,2244,https://olimpicos.net/izho/index.html,article[3]/material[6],Problem,href
2625,2245,https://olimpicos.net/izho/index.html,article[3]/material[7],Solution,href
2626,2246,https://olimpicos.net/izho/index.html,article[4]/material[0],Problem,href
2627,2247,https://olimpicos.net/izho/index.html,article[4]/material[1],Solution,href
2628,2246,https://olimpicos.net/izho/index.html,article[4]/material[2],Problem,href
2629,2247,https://olimpicos.net/izho/index.html,article[4]/material[3],Solution,href
2630,2248,https://olimpicos.net/izho/index.html,article[4]/material[4],Problem,href
2631,2249,https://olimpicos.net/izho/index.html,article[4]/material[5],Solution,href
2632,2248,https://olimpicos.net/izho/index.html,article[4]/material[6],Problem,href
2633,2249,https://olimpicos.net/izho/index.html,article[4]/material[7],Solution,href
2634,2250,https://olimpicos.net/izho/index.html,article[5]/material[0],Problem,href
2635,2251,https://olimpicos.net/izho/index.html,article[5]/material[1],Solution,href
2636,2250,https://olimpicos.net/izho/index.html,article[5]/material[2],Problem,href
2637,2251,https://olimpicos.net/izho/index.html,article[5]/material[3],Solution,href
2638,2252,https://olimpicos.net/izho/index.html,article[5]/material[4],Problem,href
2639,2253,https://olimpicos.net/izho/index.html,article[5]/material[5],Solution,href
2640,2252,https://olimpicos.net/izho/index.html,article[5]/material[6],Problem,href
2641,2253,https://olimpicos.net/izho/index.html,article[5]/material[7],Solution,href
2642,2254,https://olimpicos.net/izho/index.html,article[6]/material[0],Problem,href
2643,2255,https://olimpicos.net/izho/index.html,article[6]/material[1],Solution,href
2644,2254,https://olimpicos.net/izho/index.html,article[6]/material[2],Problem,href
2645,2255,https://olimpicos.net/izho/index.html,article[6]/material[3],Solution,href
2646,2256,https://olimpicos.net/izho/index.html,article[6]/material[4],Problem,href
2647,2257,https://olimpicos.net/izho/index.html,article[6]/material[5],Solution,href
2648,2256,https://olimpicos.net/izho/index.html,article[6]/material[6],Problem,href
2649,2257,https://olimpicos.net/izho/index.html,article[6]/material[7],Solution,href
2650,2258,https://olimpicos.net/izho/index.html,article[7]/material[0],Problem,href
2651,2259,https://olimpicos.net/izho/index.html,article[7]/material[1],Solution,href
2652,2258,https://olimpicos.net/izho/index.html,article[7]/material[2],Problem,href
2653,2259,https://olimpicos.net/izho/index.html,article[7]/material[3],Solution,href
2654,2260,https://olimpicos.net/izho/index.html,article[7]/material[4],Problem,href
2655,2261,https://olimpicos.net/izho/index.html,article[7]/material[5],Solution,href
2656,2260,https://olimpicos.net/izho/index.html,article[7]/material[6],Problem,href
2657,2261,https://olimpicos.net/izho/index.html,article[7]/material[7],Solution,href
2658,2262,https://olimpicos.net/izho/index.html,article[8]/material[0],Problem,href
2659,2263,https://olimpicos.net/izho/index.html,article[8]/material[1],Solution,href
2660,2262,https://olimpicos.net/izho/index.html,article[8]/material[2],Problem,href
2661,2263,https://olimpicos.net/izho/index.html,article[8]/material[3],Solution,href
2662,2264,https://olimpicos.net/izho/index.html,article[9]/material[0],Problem,href
2663,2265,https://olimpicos.net/izho/index.html,article[9]/material[1],Solution,href
2664,2264,https://olimpicos.net/izho/index.html,article[9]/material[2],Problem,href
2665,2265,https://olimpicos.net/izho/index.html,article[9]/material[3],Solution,href
2666,2266,https://olimpicos.net/izho/index.html,article[9]/material[4],Problem,href
2667,2267,https://olimpicos.net/izho/index.html,article[9]/material[5],Solution,href
2668,2266,https://olimpicos.net/izho/index.html,article[9]/material[6],Problem,href
2669,2267,https://olimpicos.net/izho/index.html,article[9]/material[7],Solution,href
2670,2268,https://olimpicos.net/izho/index.html,article[10]/material[0],Problem,href
2671,2269,https://olimpicos.net/izho/index.html,article[10]/material[1],Solution,href
2672,2268,https://olimpicos.net/izho/index.html,article[10]/material[2],Problem,href
2673,2269,https://olimpicos.net/izho/index.html,article[10]/material[3],Solution,href
2674,2270,https://olimpicos.net/izho/index.html,article[10]/material[4],Problem,href
2675,2271,https://olimpicos.net/izho/index.html,article[10]/material[5],Solution,href
2676,2270,https://olimpicos.net/izho/index.html,article[10]/material[6],Problem,href
2677,2271,https://olimpicos.net/izho/index.html,article[10]/material[7],Solution,href
2678,2272,https://olimpicos.net/izho/index.html,article[11]/material[0],Problem,href
2679,2273,https://olimpicos.net/izho/index.html,article[11]/material[1],Solution,href
2680,2272,https://olimpicos.net/izho/index.html,article[11]/material[2],Problem,href
2681,2273,https://olimpicos.net/izho/index.html,article[11]/material[3],Solution,href
2682,2274,https://olimpicos.net/izho/index.html,article[11]/material[4],Problem,href
2683,2275,https://olimpicos.net/izho/index.html,article[11]/material[5],Solution,href
2684,2274,https://olimpicos.net/izho/index.html,article[11]/material[6],Problem,href
2685,2275,https://olimpicos.net/izho/index.html,article[11]/material[7],Solution,href
2686,2276,https://olimpicos.net/izho/index.html,article[12]/material[0],Problem,href
2687,2277,https://olimpicos.net/izho/index.html,article[12]/material[1],Solution,href
2688,2276,https://olimpicos.net/izho/index.html,article[12]/material[2],Problem,href
2689,2277,https://olimpicos.net/izho/index.html,article[12]/material[3],Solution,href
2690,2278,https://olimpicos.net/izho/index.html,article[12]/material[4],Problem,href
2691,2279,https://olimpicos.net/izho/index.html,article[12]/material[5],Solution,href
2692,2278,https://olimpicos.net/izho/index.html,article[12]/material[6],Problem,href
2693,2279,https://olimpicos.net/izho/index.html,article[12]/material[7],Solution,href
2694,2280,https://olimpicos.net/izho/index.html,article[13]/material[0],Problem,href
2695,2281,https://olimpicos.net/izho/index.html,article[13]/material[1],Solution,href
2696,2280,https://olimpicos.net/izho/index.html,article[13]/material[2],Problem,href
2697,2281,https://olimpicos.net/izho/index.html,article[13]/material[3],Solution,href
2698,2282,https://olimpicos.net/izho/index.html,article[14]/material[0],Problem,href
2699,2283,https://olimpicos.net/izho/index.html,article[14]/material[1],Solution,href
2700,2282,https://olimpicos.net/izho/index.html,article[14]/material[2],Problem,href
2701,2283,https://olimpicos.net/izho/index.html,article[14]/material[3],Solution,href
2702,2284,https://olimpicos.net/izho/index.html,article[14]/material[4],Problem,href
2703,2285,https://olimpicos.net/izho/index.html,article[14]/material[5],Solution,href
2704,2284,https://olimpicos.net/izho/index.html,article[14]/material[6],Problem,href
2705,2285,https://olimpicos.net/izho/index.html,article[14]/material[7],Solution,href
2706,2286,https://olimpicos.net/izho/index.html,article[15]/material[0],Problem,href
2707,2287,https://olimpicos.net/izho/index.html,article[15]/material[1],Solution,href
2708,2286,https://olimpicos.net/izho/index.html,article[15]/material[2],Problem,href
2709,2287,https://olimpicos.net/izho/index.html,article[15]/material[3],Solution,href
2710,2288,https://olimpicos.net/izho/index.html,article[15]/material[4],Problem,href
2711,2289,https://olimpicos.net/izho/index.html,article[15]/material[5],Solution,href
2712,2288,https://olimpicos.net/izho/index.html,article[15]/material[6],Problem,href
2713,2289,https://olimpicos.net/izho/index.html,article[15]/material[7],Solution,href
2714,2290,https://olimpicos.net/izho/index.html,article[16]/material[0],Problem,href
2715,2291,https://olimpicos.net/izho/index.html,article[16]/material[1],Solution,href
2716,2290,https://olimpicos.net/izho/index.html,article[16]/material[2],Problem,href
2717,2291,https://olimpicos.net/izho/index.html,article[16]/material[3],Solution,href
2718,2292,https://olimpicos.net/izho/index.html,article[16]/material[4],Problem,href
2719,2293,https://olimpicos.net/izho/index.html,article[16]/material[5],Solution,href
2720,2292,https://olimpicos.net/izho/index.html,article[16]/material[6],Problem,href
2721,2293,https://olimpicos.net/izho/index.html,article[16]/material[7],Solution,href
2722,2295,https://olimpicos.net/ispho/index.html,article[0]/material[0],Instructions for Excel,href
2723,2296,https://olimpicos.net/ispho/index.html,article[0]/material[1],Problem,href
2724,2297,https://olimpicos.net/ispho/index.html,article[0]/material[2],Solution,href
2725,2298,https://olimpicos.net/ispho/index.html,article[0]/material[3],Answer sheet,href
2726,2299,https://olimpicos.net/ispho/index.html,article[0]/material[4],Marking scheme,href
2727,2300,https://olimpicos.net/ispho/index.html,article[0]/material[5],Problem,href
2728,2301,https://olimpicos.net/ispho/index.html,article[0]/material[6],Solution,href
2729,2302,https://olimpicos.net/ispho/index.html,article[0]/material[7],Answer sheet,href
2730,2303,https://olimpicos.net/ispho/index.html,article[0]/material[8],Marking scheme,href
2731,2304,https://olimpicos.net/ispho/index.html,article[0]/material[9],Problem,href
2732,2305,https://olimpicos.net/ispho/index.html,article[0]/material[10],Solution,href
2733,2306,https://olimpicos.net/ispho/index.html,article[0]/material[11],Answer sheet,href
2734,2307,https://olimpicos.net/ispho/index.html,article[0]/material[12],Marking scheme,href
2735,2308,https://olimpicos.net/ispho/index.html,article[0]/material[13],Problem,href
2736,2309,https://olimpicos.net/ispho/index.html,article[0]/material[14],Answer sheet,href
2737,2308,https://olimpicos.net/ispho/index.html,article[0]/material[15],Problem,href
2738,2309,https://olimpicos.net/ispho/index.html,article[0]/material[16],Answer sheet,href
2739,2310,https://olimpicos.net/ispho/index.html,article[1]/material[0],Problems and solutions,href
2740,2311,https://olimpicos.net/ispho/index.html,article[1]/material[1],Problems and solutions,href
2741,2312,https://olimpicos.net/ispho/index.html,article[1]/material[2],Problems and solutions,href
2742,2313,https://olimpicos.net/ispho/index.html,article[1]/material[3],Problems and solutions,href
2743,2313,https://olimpicos.net/ispho/index.html,article[1]/material[4],Problems and solutions,href
2744,2314,https://olimpicos.net/ispho/index.html,article[2]/material[0],Problem,href
2745,2315,https://olimpicos.net/ispho/index.html,article[2]/material[1],Solution,href
2746,2316,https://olimpicos.net/ispho/index.html,article[2]/material[2],Problem,href
2747,2317,https://olimpicos.net/ispho/index.html,article[2]/material[3],Solution,href
2748,2318,https://olimpicos.net/ispho/index.html,article[2]/material[4],Problem,href
2749,2319,https://olimpicos.net/ispho/index.html,article[2]/material[5],Solution,href
2750,2320,https://olimpicos.net/ispho/index.html,article[2]/material[6],Problem,href
2751,2321,https://olimpicos.net/ispho/index.html,article[2]/material[7],Solution,href
2752,2320,https://olimpicos.net/ispho/index.html,article[2]/material[8],Problem,href
2753,2321,https://olimpicos.net/ispho/index.html,article[2]/material[9],Solution,href
2754,2322,https://olimpicos.net/ispho/index.html,article[3]/material[0],Problem,href
2755,2323,https://olimpicos.net/ispho/index.html,article[3]/material[1],Solution,href
2756,2324,https://olimpicos.net/ispho/index.html,article[3]/material[2],Problem,href
2757,2325,https://olimpicos.net/ispho/index.html,article[3]/material[3],Solution,href
2758,2326,https://olimpicos.net/ispho/index.html,article[3]/material[4],Problem,href
2759,2327,https://olimpicos.net/ispho/index.html,article[3]/material[5],Solution,href
2760,2329,https://olimpicos.net/usapho/index.html,article[0]/material[0],Problems,href
2761,2330,https://olimpicos.net/usapho/index.html,article[0]/material[1],Solutions,href
2762,2331,https://olimpicos.net/usapho/index.html,article[0]/material[2],Problems,href
2763,2332,https://olimpicos.net/usapho/index.html,article[0]/material[3],Solutions,href
2764,2333,https://olimpicos.net/usapho/index.html,article[1]/material[0],Problems,href
2765,2334,https://olimpicos.net/usapho/index.html,article[1]/material[1],Solutions,href
2766,2335,https://olimpicos.net/usapho/index.html,article[1]/material[2],Problems,href
2767,2336,https://olimpicos.net/usapho/index.html,article[1]/material[3],Solutions,href
2768,2337,https://olimpicos.net/usapho/index.html,article[2]/material[0],Problems,href
2769,2338,https://olimpicos.net/usapho/index.html,article[2]/material[1],Solutions,href
2770,2339,https://olimpicos.net/usapho/index.html,article[2]/material[2],Problems,href
2771,2340,https://olimpicos.net/usapho/index.html,article[2]/material[3],Solutions,href
2772,2341,https://olimpicos.net/usapho/index.html,article[3]/material[0],Problems,href
2773,2342,https://olimpicos.net/usapho/index.html,article[3]/material[1],Solutions,href
2774,2343,https://olimpicos.net/usapho/index.html,article[3]/material[2],Problems,href
2775,2344,https://olimpicos.net/usapho/index.html,article[3]/material[3],Solutions,href
2776,2345,https://olimpicos.net/usapho/index.html,article[4]/material[0],Problems,href
2777,2346,https://olimpicos.net/usapho/index.html,article[4]/material[1],Solutions,href
2778,2347,https://olimpicos.net/usapho/index.html,article[4]/material[2],Problems,href
2779,2348,https://olimpicos.net/usapho/index.html,article[4]/material[3],Solutions,href
2780,2349,https://olimpicos.net/usapho/index.html,article[4]/material[4],Problems,href
2781,2350,https://olimpicos.net/usapho/index.html,article[4]/material[5],Solutions,href
2782,2351,https://olimpicos.net/usapho/index.html,article[4]/material[6],Problems,href
2783,2352,https://olimpicos.net/usapho/index.html,article[4]/material[7],Solutions,href
2784,2353,https://olimpicos.net/usapho/index.html,article[4]/material[8],Problem,href
2785,2354,https://olimpicos.net/usapho/index.html,article[4]/material[9],Solution,href
2786,2353,https://olimpicos.net/usapho/index.html,article[4]/material[10],Problem,href
2787,2354,https://olimpicos.net/usapho/index.html,article[4]/material[11],Solution,href
2788,2355,https://olimpicos.net/usapho/index.html,article[5]/material[0],Problems,href
2789,2356,https://olimpicos.net/usapho/index.html,article[5]/material[1],Solutions,href
2790,2357,https://olimpicos.net/usapho/index.html,article[5]/material[2],Problems,href
2791,2358,https://olimpicos.net/usapho/index.html,article[5]/material[3],Solutions,href
2792,2359,https://olimpicos.net/usapho/index.html,article[5]/material[4],Problems,href
2793,2360,https://olimpicos.net/usapho/index.html,article[5]/material[5],Solutions,href
2794,2361,https://olimpicos.net/usapho/index.html,article[6]/material[0],Problems,href
2795,2362,https://olimpicos.net/usapho/index.html,article[6]/material[1],Solutions,href
2796,2363,https://olimpicos.net/usapho/index.html,article[6]/material[2],Problems,href
2797,2364,https://olimpicos.net/usapho/index.html,article[6]/material[3],Solutions,href
2798,2365,https://olimpicos.net/usapho/index.html,article[6]/material[4],Problems,href
2799,2366,https://olimpicos.net/usapho/index.html,article[6]/material[5],Solutions,href
2800,2367,https://olimpicos.net/usapho/index.html,article[7]/material[0],Problems,href
2801,2368,https://olimpicos.net/usapho/index.html,article[7]/material[1],Solutions,href
2802,2369,https://olimpicos.net/usapho/index.html,article[7]/material[2],Problems,href
2803,2370,https://olimpicos.net/usapho/index.html,article[7]/material[3],Solutions,href
2804,2371,https://olimpicos.net/usapho/index.html,article[7]/material[4],Problems,href
2805,2372,https://olimpicos.net/usapho/index.html,article[7]/material[5],Solutions,href
2806,2373,https://olimpicos.net/usapho/index.html,article[8]/material[0],Problems,href
2807,2374,https://olimpicos.net/usapho/index.html,article[8]/material[1],Solutions,href
2808,2375,https://olimpicos.net/usapho/index.html,article[8]/material[2],Problems,href
2809,2376,https://olimpicos.net/usapho/index.html,article[8]/material[3],Solutions,href
2810,2377,https://olimpicos.net/usapho/index.html,article[8]/material[4],Problems,href
2811,2378,https://olimpicos.net/usapho/index.html,article[8]/material[5],Solutions,href
2812,2379,https://olimpicos.net/usapho/index.html,article[9]/material[0],Problems,href
2813,2380,https://olimpicos.net/usapho/index.html,article[9]/material[1],Solutions,href
2814,2381,https://olimpicos.net/usapho/index.html,article[9]/material[2],Problems,href
2815,2382,https://olimpicos.net/usapho/index.html,article[9]/material[3],Solutions,href
2816,2383,https://olimpicos.net/usapho/index.html,article[10]/material[0],Problems,href
2817,2384,https://olimpicos.net/usapho/index.html,article[10]/material[1],Solutions,href
2818,2385,https://olimpicos.net/usapho/index.html,article[10]/material[2],Problems,href
2819,2386,https://olimpicos.net/usapho/index.html,article[10]/material[3],Solutions,href
2820,2387,https://olimpicos.net/usapho/index.html,article[11]/material[0],Problems,href
2821,2388,https://olimpicos.net/usapho/index.html,article[11]/material[1],Solutions,href
2822,2389,https://olimpicos.net/usapho/index.html,article[11]/material[2],Problems,href
2823,2390,https://olimpicos.net/usapho/index.html,article[11]/material[3],Solutions,href
2824,2391,https://olimpicos.net/usapho/index.html,article[12]/material[0],Problems,href
2825,2392,https://olimpicos.net/usapho/index.html,article[12]/material[1],Solutions,href
2826,2393,https://olimpicos.net/usapho/index.html,article[12]/material[2],Problems,href
2827,2394,https://olimpicos.net/usapho/index.html,article[12]/material[3],Solutions,href
2828,2395,https://olimpicos.net/usapho/index.html,article[13]/material[0],Problems,href
2829,2396,https://olimpicos.net/usapho/index.html,article[13]/material[1],Solutions,href
2830,2397,https://olimpicos.net/usapho/index.html,article[13]/material[2],Problems,href
2831,2398,https://olimpicos.net/usapho/index.html,article[13]/material[3],Solutions,href
2832,2399,https://olimpicos.net/usapho/index.html,article[14]/material[0],Problems,href
2833,2400,https://olimpicos.net/usapho/index.html,article[14]/material[1],Solutions,href
2834,2401,https://olimpicos.net/usapho/index.html,article[14]/material[2],Problems,href
2835,2402,https://olimpicos.net/usapho/index.html,article[14]/material[3],Solutions,href
2836,2403,https://olimpicos.net/usapho/index.html,article[15]/material[0],Problems,href
2837,2404,https://olimpicos.net/usapho/index.html,article[15]/material[1],Solutions,href
2838,2405,https://olimpicos.net/usapho/index.html,article[15]/material[2],Problems,href
2839,2406,https://olimpicos.net/usapho/index.html,article[15]/material[3],Solutions,href
2840,2407,https://olimpicos.net/usapho/index.html,article[16]/material[0],Problems,href
2841,2408,https://olimpicos.net/usapho/index.html,article[16]/material[1],Solutions,href
2842,2409,https://olimpicos.net/usapho/index.html,article[16]/material[2],Problems,href
2843,2410,https://olimpicos.net/usapho/index.html,article[16]/material[3],Solutions,href
2844,2411,https://olimpicos.net/usapho/index.html,article[17]/material[0],Problems,href
2845,2412,https://olimpicos.net/usapho/index.html,article[17]/material[1],Solutions,href
2846,2413,https://olimpicos.net/usapho/index.html,article[17]/material[2],Problems,href
2847,2414,https://olimpicos.net/usapho/index.html,article[17]/material[3],Solutions,href
2848,2415,https://olimpicos.net/usapho/index.html,article[17]/material[4],Problems,href
2849,2416,https://olimpicos.net/usapho/index.html,article[17]/material[5],Solutions,href
2850,2417,https://olimpicos.net/usapho/index.html,article[18]/material[0],Problems,href
2851,2418,https://olimpicos.net/usapho/index.html,article[18]/material[1],Solutions,href
2852,2419,https://olimpicos.net/usapho/index.html,article[18]/material[2],Problems,href
2853,2420,https://olimpicos.net/usapho/index.html,article[18]/material[3],Solutions,href
2854,2421,https://olimpicos.net/usapho/index.html,article[18]/material[4],Problems,href
2855,2422,https://olimpicos.net/usapho/index.html,article[18]/material[5],Solutions,href
2856,2423,https://olimpicos.net/usapho/index.html,article[19]/material[0],Problems,href
2857,2424,https://olimpicos.net/usapho/index.html,article[19]/material[1],Solutions,href
2858,2425,https://olimpicos.net/usapho/index.html,article[19]/material[2],Problems,href
2859,2426,https://olimpicos.net/usapho/index.html,article[19]/material[3],Solutions,href
2860,2429,https://olimpicos.net/usatst/index.html,article[0]/material[0],Problem,href
2861,2430,https://olimpicos.net/usatst/index.html,article[0]/material[1],Solution,href
2862,2429,https://olimpicos.net/usatst/index.html,article[0]/material[2],Problem,href
2863,2430,https://olimpicos.net/usatst/index.html,article[0]/material[3],Solution,href
2864,2431,https://olimpicos.net/usatst/index.html,article[0]/material[4],Problem,href
2865,2432,https://olimpicos.net/usatst/index.html,article[0]/material[5],Solution,href
2866,2431,https://olimpicos.net/usatst/index.html,article[0]/material[6],Problem,href
2867,2432,https://olimpicos.net/usatst/index.html,article[0]/material[7],Solution,href
2868,2433,https://olimpicos.net/usatst/index.html,article[1]/material[0],Problem,href
2869,2434,https://olimpicos.net/usatst/index.html,article[1]/material[1],Solution,href
2870,2433,https://olimpicos.net/usatst/index.html,article[1]/material[2],Problem,href
2871,2434,https://olimpicos.net/usatst/index.html,article[1]/material[3],Solution,href
2872,2436,https://olimpicos.net/cpho-f/index.html,article[0]/material[0],Problem,href
2873,2437,https://olimpicos.net/cpho-f/index.html,article[1]/material[0],Problem,href
2874,2438,https://olimpicos.net/cpho-f/index.html,article[1]/material[1],Solution,href
2875,2439,https://olimpicos.net/cpho-f/index.html,article[2]/material[0],Problem,href
2876,2440,https://olimpicos.net/cpho-f/index.html,article[2]/material[1],Solution,href
2877,2441,https://olimpicos.net/cpho-f/index.html,article[3]/material[0],Problem,href
2878,2442,https://olimpicos.net/cpho-f/index.html,article[3]/material[1],Solution,href
2879,2443,https://olimpicos.net/cpho-f/index.html,article[4]/material[0],Problem,href
2880,2444,https://olimpicos.net/cpho-f/index.html,article[4]/material[1],Solution,href
2881,2445,https://olimpicos.net/cpho-f/index.html,article[5]/material[0],Problem,href
2882,2446,https://olimpicos.net/cpho-f/index.html,article[5]/material[1],Solution,href
2883,2447,https://olimpicos.net/cpho-f/index.html,article[6]/material[0],Problem,href
2884,2448,https://olimpicos.net/cpho-f/index.html,article[6]/material[1],Solution,href
2885,2449,https://olimpicos.net/cpho-f/index.html,article[7]/material[0],Problem,href
2886,2450,https://olimpicos.net/cpho-f/index.html,article[7]/material[1],Solution,href
2887,2451,https://olimpicos.net/cpho-f/index.html,article[8]/material[0],Problem,href
2888,2452,https://olimpicos.net/cpho-f/index.html,article[8]/material[1],Solution,href
2889,2453,https://olimpicos.net/cpho-f/index.html,article[9]/material[0],Problem,href
2890,2454,https://olimpicos.net/cpho-f/index.html,article[9]/material[1],Solution,href
2891,2455,https://olimpicos.net/cpho-f/index.html,article[10]/material[0],Problem,href
2892,2456,https://olimpicos.net/cpho-f/index.html,article[10]/material[1],Solution,href
2893,2457,https://olimpicos.net/cpho-f/index.html,article[11]/material[0],Problem,href
2894,2458,https://olimpicos.net/cpho-f/index.html,article[11]/material[1],Solution,href
2895,2459,https://olimpicos.net/cpho-f/index.html,article[12]/material[0],Problem,href
2896,2460,https://olimpicos.net/cpho-f/index.html,article[12]/material[1],Solution,href
2897,2461,https://olimpicos.net/cpho-f/index.html,article[13]/material[0],Problem,href
2898,2462,https://olimpicos.net/cpho-f/index.html,article[14]/material[0],Problem,href
2899,2463,https://olimpicos.net/cpho-f/index.html,article[14]/material[1],Solution,href
2900,2464,https://olimpicos.net/cpho-f/index.html,article[15]/material[0],Problem,href
2901,2465,https://olimpicos.net/cpho-f/index.html,article[16]/material[0],Problem,href
2902,2466,https://olimpicos.net/cpho-f/index.html,article[17]/material[0],Problem,href
2903,2467,https://olimpicos.net/cpho-f/index.html,article[18]/material[0],Problem,href
2904,2468,https://olimpicos.net/cpho-f/index.html,article[19]/material[0],Problem,href
2905,2469,https://olimpicos.net/cpho-f/index.html,article[20]/material[0],Problem,href
2906,2470,https://olimpicos.net/cpho-f/index.html,article[21]/material[0],Problem,href
2907,2471,https://olimpicos.net/cpho-f/index.html,article[22]/material[0],Problem,href
2908,2473,https://olimpicos.net/panpho/index.html,article[0]/material[0],Full paper,href
2909,2474,https://olimpicos.net/panpho/index.html,article[0]/material[1],All solutions,href
2910,2475,https://olimpicos.net/panpho/index.html,article[0]/material[2],Problem,href
2911,2476,https://olimpicos.net/panpho/index.html,article[0]/material[3],Solution,href
2912,2477,https://olimpicos.net/panpho/index.html,article[0]/material[4],LaTeX source (.zip),href
2913,2478,https://olimpicos.net/panpho/index.html,article[0]/material[5],LaTeX PDF,href
2914,2479,https://olimpicos.net/panpho/index.html,article[0]/material[6],LaTeX transcription (.tex),data-x
2915,2478,https://olimpicos.net/panpho/index.html,article[0]/material[6],LaTeX PDF,data-tp
2916,2477,https://olimpicos.net/panpho/index.html,article[0]/material[6],LaTeX source (.zip),data-z
2917,2480,https://olimpicos.net/panpho/index.html,article[0]/material[7],Problem,href
2918,2481,https://olimpicos.net/panpho/index.html,article[0]/material[8],Solution,href
2919,2482,https://olimpicos.net/panpho/index.html,article[0]/material[9],Problem,href
2920,2483,https://olimpicos.net/panpho/index.html,article[0]/material[10],Solution,href
2921,2484,https://olimpicos.net/panpho/index.html,article[0]/material[11],Problem,href
2922,2485,https://olimpicos.net/panpho/index.html,article[0]/material[12],Solution,href
2923,2486,https://olimpicos.net/panpho/index.html,article[0]/material[13],Problems,href
2924,2487,https://olimpicos.net/panpho/index.html,article[0]/material[14],Solutions,href
2925,2488,https://olimpicos.net/panpho/index.html,article[1]/material[0],Problems,href
2926,2489,https://olimpicos.net/panpho/index.html,article[1]/material[1],Solutions,href
2927,2490,https://olimpicos.net/panpho/index.html,article[1]/material[2],Problems,href
2928,2491,https://olimpicos.net/panpho/index.html,article[1]/material[3],Solutions,href
2929,2492,https://olimpicos.net/panpho/index.html,article[2]/material[0],Problems,href
2930,2493,https://olimpicos.net/panpho/index.html,article[2]/material[1],Solutions,href
2931,2494,https://olimpicos.net/panpho/index.html,article[2]/material[2],Problems,href
2932,2495,https://olimpicos.net/panpho/index.html,article[2]/material[3],Solutions,href
2933,2496,https://olimpicos.net/panpho/index.html,article[3]/material[0],Problems,href
2934,2497,https://olimpicos.net/panpho/index.html,article[3]/material[1],Solutions,href
2935,2498,https://olimpicos.net/panpho/index.html,article[3]/material[2],Problems,href
2936,2499,https://olimpicos.net/panpho/index.html,article[3]/material[3],Solutions,href
2937,2500,https://olimpicos.net/panpho/index.html,article[4]/material[0],Problems,href
2938,2501,https://olimpicos.net/panpho/index.html,article[4]/material[1],Solutions,href
2939,2502,https://olimpicos.net/panpho/index.html,article[4]/material[2],Problems,href
2940,2503,https://olimpicos.net/panpho/index.html,article[4]/material[3],Solutions,href
2941,2504,https://olimpicos.net/panpho/index.html,article[5]/material[0],Problems,href
2942,2505,https://olimpicos.net/panpho/index.html,article[5]/material[1],Solutions,href
2943,2506,https://olimpicos.net/panpho/index.html,article[5]/material[2],Problems,href
2944,2507,https://olimpicos.net/panpho/index.html,article[5]/material[3],Solutions,href
2945,2508,https://olimpicos.net/panpho/index.html,article[6]/material[0],Problems,href
2946,2509,https://olimpicos.net/panpho/index.html,article[6]/material[1],Solutions,href
2947,2510,https://olimpicos.net/panpho/index.html,article[6]/material[2],Problems,href
2948,2511,https://olimpicos.net/panpho/index.html,article[6]/material[3],Solutions,href
2949,2512,https://olimpicos.net/panpho/index.html,article[7]/material[0],Problems,href
2950,2513,https://olimpicos.net/panpho/index.html,article[7]/material[1],Solutions,href
2951,2514,https://olimpicos.net/panpho/index.html,article[7]/material[2],Problems,href
2952,2515,https://olimpicos.net/panpho/index.html,article[7]/material[3],Solutions,href
2953,2516,https://olimpicos.net/panpho/index.html,article[8]/material[0],Problems,href
2954,2517,https://olimpicos.net/panpho/index.html,article[8]/material[1],Solutions,href
2955,2518,https://olimpicos.net/panpho/index.html,article[8]/material[2],Problems,href
2956,2519,https://olimpicos.net/panpho/index.html,article[8]/material[3],Solutions,href
2957,2520,https://olimpicos.net/panpho/index.html,article[9]/material[0],Problems,href
2958,2521,https://olimpicos.net/panpho/index.html,article[9]/material[1],Solutions,href
2959,2522,https://olimpicos.net/panpho/index.html,article[9]/material[2],Problems,href
2960,2523,https://olimpicos.net/panpho/index.html,article[9]/material[3],Solutions,href
2961,2524,https://olimpicos.net/panpho/index.html,article[10]/material[0],Problems,href
2962,2525,https://olimpicos.net/panpho/index.html,article[10]/material[1],Solutions,href
2963,2526,https://olimpicos.net/panpho/index.html,article[10]/material[2],Problems,href
2964,2527,https://olimpicos.net/panpho/index.html,article[10]/material[3],Solutions,href
2965,2528,https://olimpicos.net/panpho/index.html,article[11]/material[0],Problems,href
2966,2529,https://olimpicos.net/panpho/index.html,article[11]/material[1],Solutions,href
2967,2530,https://olimpicos.net/panpho/index.html,article[12]/material[0],Problems,href
2968,2531,https://olimpicos.net/panpho/index.html,article[12]/material[1],Solutions,href
2969,2532,https://olimpicos.net/panpho/index.html,article[13]/material[0],Problems,href
2970,2533,https://olimpicos.net/panpho/index.html,article[13]/material[1],Solutions,href
2971,2534,https://olimpicos.net/panpho/index.html,article[14]/material[0],Problems,href
2972,2535,https://olimpicos.net/panpho/index.html,article[14]/material[1],Solutions,href
2973,2536,https://olimpicos.net/panpho/index.html,article[15]/material[0],Problems,href
2974,2537,https://olimpicos.net/panpho/index.html,article[15]/material[1],Solutions,href
2975,2538,https://olimpicos.net/panpho/index.html,article[16]/material[0],Problems,href
2976,2539,https://olimpicos.net/panpho/index.html,article[16]/material[1],Solutions,href
2977,2540,https://olimpicos.net/panpho/index.html,article[17]/material[0],Problems,href
2978,2541,https://olimpicos.net/panpho/index.html,article[17]/material[1],Solutions,href
2979,2542,https://olimpicos.net/panpho/index.html,article[18]/material[0],Problems,href
2980,2543,https://olimpicos.net/panpho/index.html,article[18]/material[1],Solutions,href
2981,2544,https://olimpicos.net/panpho/index.html,article[19]/material[0],Problems,href
2982,2545,https://olimpicos.net/panpho/index.html,article[19]/material[1],Solutions,href
2983,2546,https://olimpicos.net/panpho/index.html,article[20]/material[0],Problems,href
2984,2547,https://olimpicos.net/panpho/index.html,article[20]/material[1],Solutions,href
2985,2548,https://olimpicos.net/panpho/index.html,article[21]/material[0],Problems,href
2986,2549,https://olimpicos.net/panpho/index.html,article[21]/material[1],Solutions,href
2987,2552,https://olimpicos.net/vosh/index.html,article[0]/material[0],Problems,href
2988,2553,https://olimpicos.net/vosh/index.html,article[0]/material[1],Solutions,href
2989,2554,https://olimpicos.net/vosh/index.html,article[1]/material[0],Problems,href
2990,2555,https://olimpicos.net/vosh/index.html,article[1]/material[1],Solutions,href
2991,2556,https://olimpicos.net/vosh/index.html,article[2]/material[0],Problems,href
2992,2557,https://olimpicos.net/vosh/index.html,article[2]/material[1],Solutions,href
2993,2558,https://olimpicos.net/vosh/index.html,article[3]/material[0],Problems,href
2994,2559,https://olimpicos.net/vosh/index.html,article[3]/material[1],Solutions,href
2995,2560,https://olimpicos.net/vosh/index.html,article[4]/material[0],Problems,href
2996,2561,https://olimpicos.net/vosh/index.html,article[4]/material[1],Solutions,href
2997,2562,https://olimpicos.net/vosh/index.html,article[5]/material[0],Problems,href
2998,2563,https://olimpicos.net/vosh/index.html,article[5]/material[1],Solutions,href
2999,2564,https://olimpicos.net/vosh/index.html,article[6]/material[0],Problems,href
3000,2565,https://olimpicos.net/vosh/index.html,article[6]/material[1],Solutions,href
3001,2566,https://olimpicos.net/vosh/index.html,article[7]/material[0],Problems,href
3002,2567,https://olimpicos.net/vosh/index.html,article[7]/material[1],Solutions,href
3003,2568,https://olimpicos.net/vosh/index.html,article[8]/material[0],Problems,href
3004,2569,https://olimpicos.net/vosh/index.html,article[8]/material[1],Solutions,href
3005,2570,https://olimpicos.net/vosh/index.html,article[9]/material[0],Problems,href
3006,2571,https://olimpicos.net/vosh/index.html,article[9]/material[1],Solutions,href
3007,2572,https://olimpicos.net/vosh/index.html,article[10]/material[0],Problems,href
3008,2573,https://olimpicos.net/vosh/index.html,article[10]/material[1],Solutions,href
3009,2574,https://olimpicos.net/vosh/index.html,article[11]/material[0],Problems,href
3010,2575,https://olimpicos.net/vosh/index.html,article[11]/material[1],Solutions,href
3011,2576,https://olimpicos.net/vosh/index.html,article[12]/material[0],Problems,href
3012,2577,https://olimpicos.net/vosh/index.html,article[12]/material[1],Solutions,href
3013,2578,https://olimpicos.net/vosh/index.html,article[13]/material[0],Problems,href
3014,2579,https://olimpicos.net/vosh/index.html,article[13]/material[1],Solutions,href
3015,2580,https://olimpicos.net/vosh/index.html,article[14]/material[0],Problems,href
3016,2581,https://olimpicos.net/vosh/index.html,article[14]/material[1],Solutions,href
3017,2583,https://olimpicos.net/rutst/index.html,article[0]/material[0],Problem,href
3018,2584,https://olimpicos.net/rutst/index.html,article[0]/material[1],Solution,href
3019,2585,https://olimpicos.net/rutst/index.html,article[0]/material[2],Problem,href
3020,2586,https://olimpicos.net/rutst/index.html,article[0]/material[3],Solution,href
3021,2587,https://olimpicos.net/rutst/index.html,article[0]/material[4],Problem,href
3022,2588,https://olimpicos.net/rutst/index.html,article[0]/material[5],Solution,href
3023,2589,https://olimpicos.net/rutst/index.html,article[0]/material[6],Problem,href
3024,2590,https://olimpicos.net/rutst/index.html,article[0]/material[7],Solution,href
3025,2591,https://olimpicos.net/rutst/index.html,article[0]/material[8],Problem,href
3026,2592,https://olimpicos.net/rutst/index.html,article[0]/material[9],Solution,href
3027,2593,https://olimpicos.net/rutst/index.html,article[0]/material[10],Problem,href
3028,2594,https://olimpicos.net/rutst/index.html,article[0]/material[11],Solution,href
3029,2595,https://olimpicos.net/rutst/index.html,article[0]/material[12],Problem,href
3030,2596,https://olimpicos.net/rutst/index.html,article[0]/material[13],Solution,href
3031,2597,https://olimpicos.net/rutst/index.html,article[0]/material[14],Problem,href
3032,2598,https://olimpicos.net/rutst/index.html,article[0]/material[15],Solution,href
3033,2599,https://olimpicos.net/rutst/index.html,article[0]/material[16],Problem,href
3034,2600,https://olimpicos.net/rutst/index.html,article[0]/material[17],Solution,href
3035,2601,https://olimpicos.net/rutst/index.html,article[0]/material[18],Problem,href
3036,2602,https://olimpicos.net/rutst/index.html,article[0]/material[19],Solution,href
3037,2603,https://olimpicos.net/rutst/index.html,article[0]/material[20],Problem,href
3038,2604,https://olimpicos.net/rutst/index.html,article[0]/material[21],Solution,href
3039,2605,https://olimpicos.net/rutst/index.html,article[0]/material[22],Problem,href
3040,2606,https://olimpicos.net/rutst/index.html,article[0]/material[23],Solution,href
3041,2607,https://olimpicos.net/rutst/index.html,article[0]/material[24],Problem,href
3042,2608,https://olimpicos.net/rutst/index.html,article[0]/material[25],Solution,href
3043,2609,https://olimpicos.net/rutst/index.html,article[0]/material[26],Problem,href
3044,2610,https://olimpicos.net/rutst/index.html,article[0]/material[27],Solution,href
3045,2611,https://olimpicos.net/rutst/index.html,article[0]/material[28],Problem,href
3046,2612,https://olimpicos.net/rutst/index.html,article[0]/material[29],Solution,href
3047,2613,https://olimpicos.net/rutst/index.html,article[0]/material[30],Problem,href
3048,2614,https://olimpicos.net/rutst/index.html,article[0]/material[31],Solution,href
3049,2615,https://olimpicos.net/rutst/index.html,article[0]/material[32],Problem,href
3050,2616,https://olimpicos.net/rutst/index.html,article[0]/material[33],Solution,href
3051,2617,https://olimpicos.net/rutst/index.html,article[0]/material[34],Problem,href
3052,2618,https://olimpicos.net/rutst/index.html,article[0]/material[35],Solution,href
3053,2619,https://olimpicos.net/rutst/index.html,article[0]/material[36],Answer sheet,href
3054,2620,https://olimpicos.net/rutst/index.html,article[0]/material[37],Problem,href
3055,2621,https://olimpicos.net/rutst/index.html,article[0]/material[38],Solution,href
3056,2622,https://olimpicos.net/rutst/index.html,article[0]/material[39],Answer sheet,href
3057,2623,https://olimpicos.net/rutst/index.html,article[1]/material[0],Problem,href
3058,2624,https://olimpicos.net/rutst/index.html,article[1]/material[1],Solution,href
3059,2625,https://olimpicos.net/rutst/index.html,article[1]/material[2],Problem,href
3060,2626,https://olimpicos.net/rutst/index.html,article[1]/material[3],Solution,href
3061,2627,https://olimpicos.net/rutst/index.html,article[1]/material[4],Problem,href
3062,2628,https://olimpicos.net/rutst/index.html,article[1]/material[5],Solution,href
3063,2629,https://olimpicos.net/rutst/index.html,article[1]/material[6],Problem,href
3064,2630,https://olimpicos.net/rutst/index.html,article[1]/material[7],Solution,href
3065,2631,https://olimpicos.net/rutst/index.html,article[1]/material[8],Problem,href
3066,2632,https://olimpicos.net/rutst/index.html,article[1]/material[9],Solution,href
3067,2633,https://olimpicos.net/rutst/index.html,article[1]/material[10],Problem,href
3068,2634,https://olimpicos.net/rutst/index.html,article[1]/material[11],Solution,href
3069,2635,https://olimpicos.net/rutst/index.html,article[1]/material[12],Problem,href
3070,2636,https://olimpicos.net/rutst/index.html,article[1]/material[13],Solution,href
3071,2637,https://olimpicos.net/rutst/index.html,article[1]/material[14],Problem,href
3072,2638,https://olimpicos.net/rutst/index.html,article[1]/material[15],Solution,href
3073,2639,https://olimpicos.net/rutst/index.html,article[1]/material[16],Problem,href
3074,2640,https://olimpicos.net/rutst/index.html,article[1]/material[17],Solution,href
3075,2641,https://olimpicos.net/rutst/index.html,article[1]/material[18],Problem,href
3076,2642,https://olimpicos.net/rutst/index.html,article[1]/material[19],Solution,href
3077,2643,https://olimpicos.net/rutst/index.html,article[1]/material[20],Problem,href
3078,2644,https://olimpicos.net/rutst/index.html,article[1]/material[21],Solution,href
3079,2645,https://olimpicos.net/rutst/index.html,article[1]/material[22],Problem,href
3080,2646,https://olimpicos.net/rutst/index.html,article[1]/material[23],Solution,href
3081,2647,https://olimpicos.net/rutst/index.html,article[1]/material[24],Problem,href
3082,2648,https://olimpicos.net/rutst/index.html,article[1]/material[25],Solution,href
3083,2649,https://olimpicos.net/rutst/index.html,article[1]/material[26],Problem,href
3084,2650,https://olimpicos.net/rutst/index.html,article[1]/material[27],Solution,href
3085,2651,https://olimpicos.net/rutst/index.html,article[1]/material[28],Problem,href
3086,2652,https://olimpicos.net/rutst/index.html,article[1]/material[29],Solution,href
3087,2653,https://olimpicos.net/rutst/index.html,article[1]/material[30],Problem,href
3088,2654,https://olimpicos.net/rutst/index.html,article[1]/material[31],Solution,href
3089,2655,https://olimpicos.net/rutst/index.html,article[1]/material[32],Problem,href
3090,2656,https://olimpicos.net/rutst/index.html,article[1]/material[33],Solution,href
3091,2657,https://olimpicos.net/rutst/index.html,article[1]/material[34],Problem,href
3092,2658,https://olimpicos.net/rutst/index.html,article[1]/material[35],Solution,href
3093,2659,https://olimpicos.net/rutst/index.html,article[1]/material[36],Problem,href
3094,2660,https://olimpicos.net/rutst/index.html,article[1]/material[37],Solution,href
3095,2659,https://olimpicos.net/rutst/index.html,article[1]/material[38],Problem,href
3096,2660,https://olimpicos.net/rutst/index.html,article[1]/material[39],Solution,href
3097,2661,https://olimpicos.net/rutst/index.html,article[2]/material[0],Problem,href
3098,2662,https://olimpicos.net/rutst/index.html,article[2]/material[1],Solution,href
3099,2663,https://olimpicos.net/rutst/index.html,article[2]/material[2],Problem,href
3100,2664,https://olimpicos.net/rutst/index.html,article[2]/material[3],Solution,href
3101,2665,https://olimpicos.net/rutst/index.html,article[2]/material[4],Problem,href
3102,2666,https://olimpicos.net/rutst/index.html,article[2]/material[5],Solution,href
3103,2667,https://olimpicos.net/rutst/index.html,article[2]/material[6],Problem,href
3104,2668,https://olimpicos.net/rutst/index.html,article[2]/material[7],Solution,href
3105,2669,https://olimpicos.net/rutst/index.html,article[2]/material[8],Problem,href
3106,2670,https://olimpicos.net/rutst/index.html,article[2]/material[9],Solution,href
3107,2671,https://olimpicos.net/rutst/index.html,article[2]/material[10],Problem,href
3108,2672,https://olimpicos.net/rutst/index.html,article[2]/material[11],Solution,href
3109,2673,https://olimpicos.net/rutst/index.html,article[2]/material[12],Problem,href
3110,2674,https://olimpicos.net/rutst/index.html,article[2]/material[13],Solution,href
3111,2675,https://olimpicos.net/rutst/index.html,article[2]/material[14],Problem,href
3112,2676,https://olimpicos.net/rutst/index.html,article[2]/material[15],Solution,href
3113,2677,https://olimpicos.net/rutst/index.html,article[2]/material[16],Problem,href
3114,2677,https://olimpicos.net/rutst/index.html,article[2]/material[17],Problem,href
3115,2678,https://olimpicos.net/rutst/index.html,article[2]/material[18],Problem,href
3116,2679,https://olimpicos.net/rutst/index.html,article[2]/material[19],Solution,href
3117,2680,https://olimpicos.net/rutst/index.html,article[2]/material[20],Problem,href
3118,2681,https://olimpicos.net/rutst/index.html,article[2]/material[21],Solution,href
3119,2682,https://olimpicos.net/rutst/index.html,article[2]/material[22],Problem,href
3120,2683,https://olimpicos.net/rutst/index.html,article[2]/material[23],Solution,href
3121,2684,https://olimpicos.net/rutst/index.html,article[2]/material[24],Problem,href
3122,2685,https://olimpicos.net/rutst/index.html,article[2]/material[25],Solution,href
3123,2686,https://olimpicos.net/rutst/index.html,article[2]/material[26],Problem,href
3124,2687,https://olimpicos.net/rutst/index.html,article[2]/material[27],Solution,href
3125,2688,https://olimpicos.net/rutst/index.html,article[2]/material[28],Problem,href
3126,2689,https://olimpicos.net/rutst/index.html,article[2]/material[29],Solution,href
3127,2690,https://olimpicos.net/rutst/index.html,article[2]/material[30],Problem,href
3128,2691,https://olimpicos.net/rutst/index.html,article[2]/material[31],Solution,href
3129,2692,https://olimpicos.net/rutst/index.html,article[2]/material[32],Problem,href
3130,2693,https://olimpicos.net/rutst/index.html,article[2]/material[33],Solution,href
3131,2694,https://olimpicos.net/rutst/index.html,article[2]/material[34],Problem,href
3132,2695,https://olimpicos.net/rutst/index.html,article[2]/material[35],Solution,href
3133,2694,https://olimpicos.net/rutst/index.html,article[2]/material[36],Problem,href
3134,2695,https://olimpicos.net/rutst/index.html,article[2]/material[37],Solution,href
3135,2696,https://olimpicos.net/rutst/index.html,article[2]/material[38],Problem,href
3136,2697,https://olimpicos.net/rutst/index.html,article[2]/material[39],Solution,href
3137,2698,https://olimpicos.net/rutst/index.html,article[2]/material[40],Problem,href
3138,2699,https://olimpicos.net/rutst/index.html,article[2]/material[41],Solution,href
3139,2700,https://olimpicos.net/rutst/index.html,article[2]/material[42],Problem,href
3140,2701,https://olimpicos.net/rutst/index.html,article[2]/material[43],Solution,href
3141,2702,https://olimpicos.net/rutst/index.html,article[2]/material[44],Answer sheet,href
3142,2700,https://olimpicos.net/rutst/index.html,article[2]/material[45],Problem,href
3143,2701,https://olimpicos.net/rutst/index.html,article[2]/material[46],Solution,href
3144,2702,https://olimpicos.net/rutst/index.html,article[2]/material[47],Answer sheet,href
3145,2703,https://olimpicos.net/rutst/index.html,article[3]/material[0],Problem,href
3146,2704,https://olimpicos.net/rutst/index.html,article[3]/material[1],Solution,href
3147,2705,https://olimpicos.net/rutst/index.html,article[3]/material[2],Problem,href
3148,2706,https://olimpicos.net/rutst/index.html,article[3]/material[3],Solution,href
3149,2707,https://olimpicos.net/rutst/index.html,article[3]/material[4],Problem,href
3150,2708,https://olimpicos.net/rutst/index.html,article[3]/material[5],Solution,href
3151,2709,https://olimpicos.net/rutst/index.html,article[3]/material[6],Problem,href
3152,2710,https://olimpicos.net/rutst/index.html,article[3]/material[7],Solution,href
3153,2711,https://olimpicos.net/rutst/index.html,article[3]/material[8],Problem,href
3154,2712,https://olimpicos.net/rutst/index.html,article[3]/material[9],Solution,href
3155,2713,https://olimpicos.net/rutst/index.html,article[3]/material[10],Problem,href
3156,2714,https://olimpicos.net/rutst/index.html,article[3]/material[11],Solution,href
3157,2715,https://olimpicos.net/rutst/index.html,article[3]/material[12],Problem,href
3158,2716,https://olimpicos.net/rutst/index.html,article[3]/material[13],Solution,href
3159,2717,https://olimpicos.net/rutst/index.html,article[3]/material[14],Problem,href
3160,2718,https://olimpicos.net/rutst/index.html,article[3]/material[15],Solution,href
3161,2719,https://olimpicos.net/rutst/index.html,article[3]/material[16],Problem,href
3162,2720,https://olimpicos.net/rutst/index.html,article[3]/material[17],Solution,href
3163,2721,https://olimpicos.net/rutst/index.html,article[3]/material[18],Answer sheet,href
3164,2719,https://olimpicos.net/rutst/index.html,article[3]/material[19],Problem,href
3165,2720,https://olimpicos.net/rutst/index.html,article[3]/material[20],Solution,href
3166,2721,https://olimpicos.net/rutst/index.html,article[3]/material[21],Answer sheet,href
3167,2722,https://olimpicos.net/rutst/index.html,article[3]/material[22],Problem,href
3168,2723,https://olimpicos.net/rutst/index.html,article[3]/material[23],Solution,href
3169,2724,https://olimpicos.net/rutst/index.html,article[3]/material[24],Problem,href
3170,2725,https://olimpicos.net/rutst/index.html,article[3]/material[25],Solution,href
3171,2726,https://olimpicos.net/rutst/index.html,article[3]/material[26],Problem,href
3172,2727,https://olimpicos.net/rutst/index.html,article[3]/material[27],Solution,href
3173,2728,https://olimpicos.net/rutst/index.html,article[3]/material[28],Problem,href
3174,2729,https://olimpicos.net/rutst/index.html,article[3]/material[29],Solution,href
3175,2730,https://olimpicos.net/rutst/index.html,article[3]/material[30],Problem,href
3176,2731,https://olimpicos.net/rutst/index.html,article[3]/material[31],Solution,href
3177,2732,https://olimpicos.net/rutst/index.html,article[3]/material[32],Problem,href
3178,2733,https://olimpicos.net/rutst/index.html,article[3]/material[33],Solution,href
3179,2734,https://olimpicos.net/rutst/index.html,article[3]/material[34],Problem,href
3180,2735,https://olimpicos.net/rutst/index.html,article[3]/material[35],Solution,href
3181,2736,https://olimpicos.net/rutst/index.html,article[3]/material[36],Problem,href
3182,2737,https://olimpicos.net/rutst/index.html,article[3]/material[37],Problem,href
3183,2738,https://olimpicos.net/rutst/index.html,article[3]/material[38],Solution,href
3184,2737,https://olimpicos.net/rutst/index.html,article[3]/material[39],Problem,href
3185,2738,https://olimpicos.net/rutst/index.html,article[3]/material[40],Solution,href
3186,2739,https://olimpicos.net/rutst/index.html,article[3]/material[41],Problem,href
3187,2740,https://olimpicos.net/rutst/index.html,article[3]/material[42],Solution,href
3188,2741,https://olimpicos.net/rutst/index.html,article[3]/material[43],Problem,href
3189,2742,https://olimpicos.net/rutst/index.html,article[3]/material[44],Solution,href
3190,2743,https://olimpicos.net/rutst/index.html,article[3]/material[45],Problem,href
3191,2744,https://olimpicos.net/rutst/index.html,article[3]/material[46],Solution,href
3192,2743,https://olimpicos.net/rutst/index.html,article[3]/material[47],Problem,href
3193,2744,https://olimpicos.net/rutst/index.html,article[3]/material[48],Solution,href
3194,2745,https://olimpicos.net/rutst/index.html,article[4]/material[0],Problem,href
3195,2746,https://olimpicos.net/rutst/index.html,article[4]/material[1],Solution,href
3196,2747,https://olimpicos.net/rutst/index.html,article[4]/material[2],Problem,href
3197,2748,https://olimpicos.net/rutst/index.html,article[4]/material[3],Solution,href
3198,2749,https://olimpicos.net/rutst/index.html,article[4]/material[4],Problem,href
3199,2750,https://olimpicos.net/rutst/index.html,article[4]/material[5],Solution,href
3200,2751,https://olimpicos.net/rutst/index.html,article[4]/material[6],Problem,href
3201,2752,https://olimpicos.net/rutst/index.html,article[4]/material[7],Solution,href
3202,2753,https://olimpicos.net/rutst/index.html,article[4]/material[8],Problem,href
3203,2754,https://olimpicos.net/rutst/index.html,article[4]/material[9],Solution,href
3204,2755,https://olimpicos.net/rutst/index.html,article[4]/material[10],Problem,href
3205,2756,https://olimpicos.net/rutst/index.html,article[4]/material[11],Solution,href
3206,2757,https://olimpicos.net/rutst/index.html,article[4]/material[12],Problem,href
3207,2758,https://olimpicos.net/rutst/index.html,article[4]/material[13],Solution,href
3208,2759,https://olimpicos.net/rutst/index.html,article[4]/material[14],Problem,href
3209,2760,https://olimpicos.net/rutst/index.html,article[4]/material[15],Solution,href
3210,2761,https://olimpicos.net/rutst/index.html,article[4]/material[16],Problem,href
3211,2762,https://olimpicos.net/rutst/index.html,article[4]/material[17],Solution,href
3212,2763,https://olimpicos.net/rutst/index.html,article[4]/material[18],Answer sheet,href
3213,2761,https://olimpicos.net/rutst/index.html,article[4]/material[19],Problem,href
3214,2762,https://olimpicos.net/rutst/index.html,article[4]/material[20],Solution,href
3215,2763,https://olimpicos.net/rutst/index.html,article[4]/material[21],Answer sheet,href
3216,2764,https://olimpicos.net/rutst/index.html,article[4]/material[22],Problem,href
3217,2765,https://olimpicos.net/rutst/index.html,article[4]/material[23],Solution,href
3218,2766,https://olimpicos.net/rutst/index.html,article[4]/material[24],Problem,href
3219,2767,https://olimpicos.net/rutst/index.html,article[4]/material[25],Solution,href
3220,2768,https://olimpicos.net/rutst/index.html,article[4]/material[26],Problem,href
3221,2769,https://olimpicos.net/rutst/index.html,article[4]/material[27],Problem,href
3222,2770,https://olimpicos.net/rutst/index.html,article[4]/material[28],Solution,href
3223,2771,https://olimpicos.net/rutst/index.html,article[4]/material[29],Problem,href
3224,2772,https://olimpicos.net/rutst/index.html,article[4]/material[30],Solution,href
3225,2773,https://olimpicos.net/rutst/index.html,article[4]/material[31],Problem,href
3226,2774,https://olimpicos.net/rutst/index.html,article[4]/material[32],Solution,href
3227,2775,https://olimpicos.net/rutst/index.html,article[4]/material[33],Problem,href
3228,2776,https://olimpicos.net/rutst/index.html,article[4]/material[34],Solution,href
3229,2775,https://olimpicos.net/rutst/index.html,article[4]/material[35],Problem,href
3230,2776,https://olimpicos.net/rutst/index.html,article[4]/material[36],Solution,href
3231,2777,https://olimpicos.net/rutst/index.html,article[4]/material[37],Problem,href
3232,2778,https://olimpicos.net/rutst/index.html,article[4]/material[38],Solution,href
3233,2779,https://olimpicos.net/rutst/index.html,article[4]/material[39],Answer sheet,href
3234,2780,https://olimpicos.net/rutst/index.html,article[4]/material[40],Problem,href
3235,2781,https://olimpicos.net/rutst/index.html,article[4]/material[41],Solution,href
3236,2782,https://olimpicos.net/rutst/index.html,article[4]/material[42],Problem,href
3237,2783,https://olimpicos.net/rutst/index.html,article[4]/material[43],Solution,href
3238,2784,https://olimpicos.net/rutst/index.html,article[4]/material[44],Problem,href
3239,2785,https://olimpicos.net/rutst/index.html,article[4]/material[45],Solution,href
3240,2786,https://olimpicos.net/rutst/index.html,article[4]/material[46],Problem,href
3241,2787,https://olimpicos.net/rutst/index.html,article[4]/material[47],Solution,href
3242,2788,https://olimpicos.net/rutst/index.html,article[4]/material[48],Problem,href
3243,2789,https://olimpicos.net/rutst/index.html,article[4]/material[49],Solution,href
3244,2790,https://olimpicos.net/rutst/index.html,article[4]/material[50],Answer sheet,href
3245,2788,https://olimpicos.net/rutst/index.html,article[4]/material[51],Problem,href
3246,2789,https://olimpicos.net/rutst/index.html,article[4]/material[52],Solution,href
3247,2790,https://olimpicos.net/rutst/index.html,article[4]/material[53],Answer sheet,href
3248,2791,https://olimpicos.net/rutst/index.html,article[5]/material[0],Problem,href
3249,2792,https://olimpicos.net/rutst/index.html,article[5]/material[1],Solution,href
3250,2793,https://olimpicos.net/rutst/index.html,article[5]/material[2],Problem,href
3251,2794,https://olimpicos.net/rutst/index.html,article[5]/material[3],Solution,href
3252,2795,https://olimpicos.net/rutst/index.html,article[5]/material[4],Problem,href
3253,2796,https://olimpicos.net/rutst/index.html,article[5]/material[5],Solution,href
3254,2797,https://olimpicos.net/rutst/index.html,article[5]/material[6],Problem,href
3255,2798,https://olimpicos.net/rutst/index.html,article[5]/material[7],Solution,href
3256,2799,https://olimpicos.net/rutst/index.html,article[5]/material[8],Problem,href
3257,2800,https://olimpicos.net/rutst/index.html,article[5]/material[9],Solution,href
3258,2801,https://olimpicos.net/rutst/index.html,article[5]/material[10],Problem,href
3259,2802,https://olimpicos.net/rutst/index.html,article[5]/material[11],Solution,href
3260,2803,https://olimpicos.net/rutst/index.html,article[5]/material[12],Problem,href
3261,2804,https://olimpicos.net/rutst/index.html,article[5]/material[13],Solution,href
3262,2805,https://olimpicos.net/rutst/index.html,article[5]/material[14],Problem,href
3263,2806,https://olimpicos.net/rutst/index.html,article[5]/material[15],Solution,href
3264,2807,https://olimpicos.net/rutst/index.html,article[5]/material[16],Problem,href
3265,2808,https://olimpicos.net/rutst/index.html,article[5]/material[17],Solution,href
3266,2809,https://olimpicos.net/rutst/index.html,article[5]/material[18],Problem,href
3267,2810,https://olimpicos.net/rutst/index.html,article[5]/material[19],Solution,href
3268,2809,https://olimpicos.net/rutst/index.html,article[5]/material[20],Problem,href
3269,2810,https://olimpicos.net/rutst/index.html,article[5]/material[21],Solution,href
3270,2811,https://olimpicos.net/rutst/index.html,article[5]/material[22],Problem,href
3271,2812,https://olimpicos.net/rutst/index.html,article[5]/material[23],Solution,href
3272,2813,https://olimpicos.net/rutst/index.html,article[5]/material[24],Problem,href
3273,2814,https://olimpicos.net/rutst/index.html,article[5]/material[25],Solution,href
3274,2815,https://olimpicos.net/rutst/index.html,article[5]/material[26],Problem,href
3275,2816,https://olimpicos.net/rutst/index.html,article[5]/material[27],Solution,href
3276,2817,https://olimpicos.net/rutst/index.html,article[5]/material[28],Problem,href
3277,2818,https://olimpicos.net/rutst/index.html,article[5]/material[29],Solution,href
3278,2819,https://olimpicos.net/rutst/index.html,article[5]/material[30],Problem,href
3279,2820,https://olimpicos.net/rutst/index.html,article[5]/material[31],Solution,href
3280,2821,https://olimpicos.net/rutst/index.html,article[5]/material[32],Problem,href
3281,2822,https://olimpicos.net/rutst/index.html,article[5]/material[33],Solution,href
3282,2823,https://olimpicos.net/rutst/index.html,article[5]/material[34],Problem,href
3283,2824,https://olimpicos.net/rutst/index.html,article[5]/material[35],Solution,href
3284,2823,https://olimpicos.net/rutst/index.html,article[5]/material[36],Problem,href
3285,2824,https://olimpicos.net/rutst/index.html,article[5]/material[37],Solution,href
3286,2825,https://olimpicos.net/rutst/index.html,article[5]/material[38],Problem,href
3287,2826,https://olimpicos.net/rutst/index.html,article[5]/material[39],Solution,href
3288,2827,https://olimpicos.net/rutst/index.html,article[5]/material[40],Problem,href
3289,2828,https://olimpicos.net/rutst/index.html,article[5]/material[41],Solution,href
3290,2829,https://olimpicos.net/rutst/index.html,article[5]/material[42],Problem,href
3291,2830,https://olimpicos.net/rutst/index.html,article[5]/material[43],Solution,href
3292,2831,https://olimpicos.net/rutst/index.html,article[5]/material[44],Problem,href
3293,2832,https://olimpicos.net/rutst/index.html,article[5]/material[45],Solution,href
3294,2833,https://olimpicos.net/rutst/index.html,article[5]/material[46],Problem,href
3295,2834,https://olimpicos.net/rutst/index.html,article[5]/material[47],Solution,href
3296,2835,https://olimpicos.net/rutst/index.html,article[5]/material[48],Problem,href
3297,2836,https://olimpicos.net/rutst/index.html,article[5]/material[49],Solution,href
3298,2837,https://olimpicos.net/rutst/index.html,article[5]/material[50],Problem,href
3299,2838,https://olimpicos.net/rutst/index.html,article[5]/material[51],Solution,href
3300,2839,https://olimpicos.net/rutst/index.html,article[5]/material[52],Problem,href
3301,2840,https://olimpicos.net/rutst/index.html,article[5]/material[53],Solution,href
3302,2841,https://olimpicos.net/rutst/index.html,article[5]/material[54],Problem,href
3303,2842,https://olimpicos.net/rutst/index.html,article[5]/material[55],Solution,href
3304,2843,https://olimpicos.net/rutst/index.html,article[5]/material[56],Problem,href
3305,2844,https://olimpicos.net/rutst/index.html,article[5]/material[57],Solution,href
3306,2845,https://olimpicos.net/rutst/index.html,article[5]/material[58],Problem,href
3307,2846,https://olimpicos.net/rutst/index.html,article[5]/material[59],Solution,href
3308,2847,https://olimpicos.net/rutst/index.html,article[5]/material[60],Problem,href
3309,2848,https://olimpicos.net/rutst/index.html,article[5]/material[61],Solution,href
3310,2849,https://olimpicos.net/rutst/index.html,article[5]/material[62],Problem,href
3311,2850,https://olimpicos.net/rutst/index.html,article[5]/material[63],Solution,href
3312,2849,https://olimpicos.net/rutst/index.html,article[5]/material[64],Problem,href
3313,2850,https://olimpicos.net/rutst/index.html,article[5]/material[65],Solution,href
3314,2851,https://olimpicos.net/rutst/index.html,article[6]/material[0],Problem,href
3315,2852,https://olimpicos.net/rutst/index.html,article[6]/material[1],Solution,href
3316,2853,https://olimpicos.net/rutst/index.html,article[6]/material[2],Problem,href
3317,2854,https://olimpicos.net/rutst/index.html,article[6]/material[3],Solution,href
3318,2855,https://olimpicos.net/rutst/index.html,article[6]/material[4],Problem,href
3319,2856,https://olimpicos.net/rutst/index.html,article[6]/material[5],Solution,href
3320,2857,https://olimpicos.net/rutst/index.html,article[6]/material[6],Problem,href
3321,2858,https://olimpicos.net/rutst/index.html,article[6]/material[7],Solution,href
3322,2859,https://olimpicos.net/rutst/index.html,article[6]/material[8],Problem,href
3323,2860,https://olimpicos.net/rutst/index.html,article[6]/material[9],Solution,href
3324,2861,https://olimpicos.net/rutst/index.html,article[6]/material[10],Problem,href
3325,2862,https://olimpicos.net/rutst/index.html,article[6]/material[11],Solution,href
3326,2863,https://olimpicos.net/rutst/index.html,article[6]/material[12],Problem,href
3327,2864,https://olimpicos.net/rutst/index.html,article[6]/material[13],Solution,href
3328,2865,https://olimpicos.net/rutst/index.html,article[6]/material[14],Problem,href
3329,2866,https://olimpicos.net/rutst/index.html,article[6]/material[15],Solution,href
3330,2867,https://olimpicos.net/rutst/index.html,article[6]/material[16],Problem,href
3331,2868,https://olimpicos.net/rutst/index.html,article[6]/material[17],Solution,href
3332,2869,https://olimpicos.net/rutst/index.html,article[6]/material[18],Problem,href
3333,2870,https://olimpicos.net/rutst/index.html,article[6]/material[19],Solution,href
3334,2869,https://olimpicos.net/rutst/index.html,article[6]/material[20],Problem,href
3335,2870,https://olimpicos.net/rutst/index.html,article[6]/material[21],Solution,href
3336,2871,https://olimpicos.net/rutst/index.html,article[6]/material[22],Problem,href
3337,2872,https://olimpicos.net/rutst/index.html,article[6]/material[23],Solution,href
3338,2873,https://olimpicos.net/rutst/index.html,article[6]/material[24],Problem,href
3339,2874,https://olimpicos.net/rutst/index.html,article[6]/material[25],Solution,href
3340,2875,https://olimpicos.net/rutst/index.html,article[6]/material[26],Problem,href
3341,2876,https://olimpicos.net/rutst/index.html,article[6]/material[27],Solution,href
3342,2877,https://olimpicos.net/rutst/index.html,article[6]/material[28],Problem,href
3343,2878,https://olimpicos.net/rutst/index.html,article[6]/material[29],Solution,href
3344,2879,https://olimpicos.net/rutst/index.html,article[6]/material[30],Problem,href
3345,2880,https://olimpicos.net/rutst/index.html,article[6]/material[31],Solution,href
3346,2881,https://olimpicos.net/rutst/index.html,article[6]/material[32],Problem,href
3347,2882,https://olimpicos.net/rutst/index.html,article[6]/material[33],Solution,href
3348,2883,https://olimpicos.net/rutst/index.html,article[6]/material[34],Problem,href
3349,2884,https://olimpicos.net/rutst/index.html,article[6]/material[35],Solution,href
3350,2885,https://olimpicos.net/rutst/index.html,article[6]/material[36],Problem,href
3351,2886,https://olimpicos.net/rutst/index.html,article[6]/material[37],Solution,href
3352,2887,https://olimpicos.net/rutst/index.html,article[6]/material[38],Problem,href
3353,2888,https://olimpicos.net/rutst/index.html,article[6]/material[39],Solution,href
3354,2889,https://olimpicos.net/rutst/index.html,article[6]/material[40],Problem,href
3355,2890,https://olimpicos.net/rutst/index.html,article[6]/material[41],Solution,href
3356,2891,https://olimpicos.net/rutst/index.html,article[6]/material[42],Answer sheet,href
3357,2889,https://olimpicos.net/rutst/index.html,article[6]/material[43],Problem,href
3358,2890,https://olimpicos.net/rutst/index.html,article[6]/material[44],Solution,href
3359,2891,https://olimpicos.net/rutst/index.html,article[6]/material[45],Answer sheet,href
3360,2892,https://olimpicos.net/rutst/index.html,article[7]/material[0],Problem,href
3361,2893,https://olimpicos.net/rutst/index.html,article[7]/material[1],Solution,href
3362,2894,https://olimpicos.net/rutst/index.html,article[7]/material[2],Problem,href
3363,2895,https://olimpicos.net/rutst/index.html,article[7]/material[3],Solution,href
3364,2896,https://olimpicos.net/rutst/index.html,article[7]/material[4],Problem,href
3365,2897,https://olimpicos.net/rutst/index.html,article[7]/material[5],Solution,href
3366,2898,https://olimpicos.net/rutst/index.html,article[7]/material[6],Problem,href
3367,2899,https://olimpicos.net/rutst/index.html,article[7]/material[7],Solution,href
3368,2900,https://olimpicos.net/rutst/index.html,article[7]/material[8],Problem,href
3369,2901,https://olimpicos.net/rutst/index.html,article[7]/material[9],Problem,href
3370,2902,https://olimpicos.net/rutst/index.html,article[7]/material[10],Solution,href
3371,2903,https://olimpicos.net/rutst/index.html,article[7]/material[11],Problem,href
3372,2904,https://olimpicos.net/rutst/index.html,article[7]/material[12],Solution,href
3373,2905,https://olimpicos.net/rutst/index.html,article[7]/material[13],Problem,href
3374,2906,https://olimpicos.net/rutst/index.html,article[7]/material[14],Solution,href
3375,2907,https://olimpicos.net/rutst/index.html,article[7]/material[15],Problem,href
3376,2908,https://olimpicos.net/rutst/index.html,article[7]/material[16],Solution,href
3377,2909,https://olimpicos.net/rutst/index.html,article[7]/material[17],Problem,href
3378,2910,https://olimpicos.net/rutst/index.html,article[7]/material[18],Solution,href
3379,2911,https://olimpicos.net/rutst/index.html,article[7]/material[19],Problem,href
3380,2912,https://olimpicos.net/rutst/index.html,article[7]/material[20],Solution,href
3381,2913,https://olimpicos.net/rutst/index.html,article[7]/material[21],Problem,href
3382,2914,https://olimpicos.net/rutst/index.html,article[7]/material[22],Solution,href
3383,2915,https://olimpicos.net/rutst/index.html,article[7]/material[23],Problem,href
3384,2916,https://olimpicos.net/rutst/index.html,article[7]/material[24],Solution,href
3385,2917,https://olimpicos.net/rutst/index.html,article[7]/material[25],Problem,href
3386,2918,https://olimpicos.net/rutst/index.html,article[7]/material[26],Solution,href
3387,2919,https://olimpicos.net/rutst/index.html,article[8]/material[0],Problem,href
3388,2920,https://olimpicos.net/rutst/index.html,article[8]/material[1],Solution,href
3389,2921,https://olimpicos.net/rutst/index.html,article[8]/material[2],Problem,href
3390,2922,https://olimpicos.net/rutst/index.html,article[8]/material[3],Solution,href
3391,2923,https://olimpicos.net/rutst/index.html,article[8]/material[4],Problem,href
3392,2924,https://olimpicos.net/rutst/index.html,article[8]/material[5],Solution,href
3393,2925,https://olimpicos.net/rutst/index.html,article[8]/material[6],Problem,href
3394,2926,https://olimpicos.net/rutst/index.html,article[8]/material[7],Solution,href
3395,2927,https://olimpicos.net/rutst/index.html,article[8]/material[8],Problem,href
3396,2928,https://olimpicos.net/rutst/index.html,article[8]/material[9],Solution,href
3397,2929,https://olimpicos.net/rutst/index.html,article[8]/material[10],Problem,href
3398,2930,https://olimpicos.net/rutst/index.html,article[8]/material[11],Solution,href
3399,2931,https://olimpicos.net/rutst/index.html,article[8]/material[12],Problem,href
3400,2932,https://olimpicos.net/rutst/index.html,article[8]/material[13],Solution,href
3401,2933,https://olimpicos.net/rutst/index.html,article[8]/material[14],Problem,href
3402,2934,https://olimpicos.net/rutst/index.html,article[8]/material[15],Solution,href
3403,2935,https://olimpicos.net/rutst/index.html,article[8]/material[16],Problem,href
3404,2936,https://olimpicos.net/rutst/index.html,article[8]/material[17],Solution,href
3405,2937,https://olimpicos.net/rutst/index.html,article[8]/material[18],Problem,href
3406,2938,https://olimpicos.net/rutst/index.html,article[8]/material[19],Problem,href
3407,2939,https://olimpicos.net/rutst/index.html,article[8]/material[20],Problem,href
3408,2940,https://olimpicos.net/rutst/index.html,article[8]/material[21],Problem,href
3409,2941,https://olimpicos.net/rutst/index.html,article[8]/material[22],Problem,href
3410,2942,https://olimpicos.net/rutst/index.html,article[9]/material[0],Problem,href
3411,2943,https://olimpicos.net/rutst/index.html,article[9]/material[1],Part 2,href
3412,2944,https://olimpicos.net/rutst/index.html,article[9]/material[2],Problem,href
3413,2945,https://olimpicos.net/rutst/index.html,article[9]/material[3],Problem,href
3414,2946,https://olimpicos.net/rutst/index.html,article[9]/material[4],Part 2,href
3415,2947,https://olimpicos.net/rutst/index.html,article[9]/material[5],Problem,href
3416,2948,https://olimpicos.net/rutst/index.html,article[9]/material[6],Problem,href
3417,2949,https://olimpicos.net/rutst/index.html,article[9]/material[7],Problem,href
3418,2950,https://olimpicos.net/rutst/index.html,article[9]/material[8],Part 2,href
3419,2951,https://olimpicos.net/rutst/index.html,article[9]/material[9],Problem,href
3420,2952,https://olimpicos.net/rutst/index.html,article[9]/material[10],Part 2,href
3421,2953,https://olimpicos.net/rutst/index.html,article[9]/material[11],Part 3,href
3422,2954,https://olimpicos.net/rutst/index.html,article[9]/material[12],Problem,href
3423,2955,https://olimpicos.net/rutst/index.html,article[9]/material[13],Solution,href
3424,2956,https://olimpicos.net/rutst/index.html,article[9]/material[14],Problem,href
3425,2957,https://olimpicos.net/rutst/index.html,article[9]/material[15],Problem,href
3426,2958,https://olimpicos.net/rutst/index.html,article[9]/material[16],Solution,href
3427,2959,https://olimpicos.net/rutst/index.html,article[9]/material[17],Problem,href
3428,2960,https://olimpicos.net/rutst/index.html,article[9]/material[18],Solution,href
3429,2961,https://olimpicos.net/rutst/index.html,article[9]/material[19],Problem,href
3430,2962,https://olimpicos.net/rutst/index.html,article[10]/material[0],Problem,href
3431,2963,https://olimpicos.net/rutst/index.html,article[10]/material[1],Solution,href
3432,2964,https://olimpicos.net/rutst/index.html,article[10]/material[2],Problem,href
3433,2965,https://olimpicos.net/rutst/index.html,article[10]/material[3],Problem,href
3434,2966,https://olimpicos.net/rutst/index.html,article[10]/material[4],Part 2,href
3435,2967,https://olimpicos.net/rutst/index.html,article[10]/material[5],Part 3,href
3436,2968,https://olimpicos.net/rutst/index.html,article[10]/material[6],Problem,href
3437,2969,https://olimpicos.net/rutst/index.html,article[10]/material[7],Problem,href
3438,2970,https://olimpicos.net/rutst/index.html,article[10]/material[8],Problem,href
3439,2971,https://olimpicos.net/rutst/index.html,article[10]/material[9],Problem,href
3440,2972,https://olimpicos.net/rutst/index.html,article[10]/material[10],Solution,href
3441,2973,https://olimpicos.net/rutst/index.html,article[10]/material[11],Problem,href
3442,2974,https://olimpicos.net/rutst/index.html,article[10]/material[12],Problem,href
3443,2975,https://olimpicos.net/rutst/index.html,article[10]/material[13],Problem,href
3444,2976,https://olimpicos.net/rutst/index.html,article[10]/material[14],Part 2,href
3445,2977,https://olimpicos.net/rutst/index.html,article[10]/material[15],Problem,href
3446,2978,https://olimpicos.net/rutst/index.html,article[10]/material[16],Part 2,href
3447,2979,https://olimpicos.net/rutst/index.html,article[11]/material[0],Problem,href
3448,2980,https://olimpicos.net/rutst/index.html,article[11]/material[1],Problem,href
3449,2981,https://olimpicos.net/rutst/index.html,article[11]/material[2],Problem,href
3450,2982,https://olimpicos.net/rutst/index.html,article[11]/material[3],Problem,href
3451,2983,https://olimpicos.net/rutst/index.html,article[11]/material[4],Problem,href
3452,2984,https://olimpicos.net/rutst/index.html,article[11]/material[5],Problem,href
3453,2985,https://olimpicos.net/rutst/index.html,article[11]/material[6],Problem,href
3454,2986,https://olimpicos.net/rutst/index.html,article[11]/material[7],Part 2,href
3455,2987,https://olimpicos.net/rutst/index.html,article[11]/material[8],Part 3,href
3456,2988,https://olimpicos.net/rutst/index.html,article[11]/material[9],Problem,href
3457,2989,https://olimpicos.net/rutst/index.html,article[11]/material[10],Problem,href
3458,2990,https://olimpicos.net/rutst/index.html,article[11]/material[11],Problem,href
3459,2991,https://olimpicos.net/rutst/index.html,article[11]/material[12],Part 2,href
3460,2992,https://olimpicos.net/rutst/index.html,article[12]/material[0],Problem,href
3461,2993,https://olimpicos.net/rutst/index.html,article[12]/material[1],Problem,href
3462,2994,https://olimpicos.net/rutst/index.html,article[12]/material[2],Problem,href
3463,2995,https://olimpicos.net/rutst/index.html,article[12]/material[3],Problem,href
3464,2996,https://olimpicos.net/rutst/index.html,article[12]/material[4],Problem,href
3465,2997,https://olimpicos.net/rutst/index.html,article[12]/material[5],Problem,href
3466,2998,https://olimpicos.net/rutst/index.html,article[12]/material[6],Solution,href
3467,2999,https://olimpicos.net/rutst/index.html,article[12]/material[7],Problem,href
3468,3000,https://olimpicos.net/rutst/index.html,article[12]/material[8],Problem,href
3469,3001,https://olimpicos.net/rutst/index.html,article[12]/material[9],Problem,href
3470,3002,https://olimpicos.net/rutst/index.html,article[12]/material[10],Part 2,href
3471,3003,https://olimpicos.net/rutst/index.html,article[13]/material[0],Problem,href
3472,3004,https://olimpicos.net/rutst/index.html,article[13]/material[1],Problem,href
3473,3005,https://olimpicos.net/rutst/index.html,article[13]/material[2],Problem,href
3474,3007,https://olimpicos.net/mosphys/index.html,article[0]/material[0],Problems,href
3475,3008,https://olimpicos.net/mosphys/index.html,article[0]/material[1],Solutions,href
3476,3009,https://olimpicos.net/mosphys/index.html,article[0]/material[2],Problems,href
3477,3010,https://olimpicos.net/mosphys/index.html,article[0]/material[3],Solutions,href
3478,3011,https://olimpicos.net/mosphys/index.html,article[1]/material[0],Problems,href
3479,3012,https://olimpicos.net/mosphys/index.html,article[1]/material[1],Solutions,href
3480,3013,https://olimpicos.net/mosphys/index.html,article[1]/material[2],Problems,href
3481,3014,https://olimpicos.net/mosphys/index.html,article[1]/material[3],Solutions,href
3482,3015,https://olimpicos.net/mosphys/index.html,article[2]/material[0],Problems,href
3483,3016,https://olimpicos.net/mosphys/index.html,article[2]/material[1],Solutions,href
3484,3017,https://olimpicos.net/mosphys/index.html,article[2]/material[2],Problems,href
3485,3018,https://olimpicos.net/mosphys/index.html,article[2]/material[3],Solutions,href
3486,3019,https://olimpicos.net/mosphys/index.html,article[3]/material[0],Problems,href
3487,3020,https://olimpicos.net/mosphys/index.html,article[3]/material[1],Solutions,href
3488,3021,https://olimpicos.net/mosphys/index.html,article[3]/material[2],Problems,href
3489,3022,https://olimpicos.net/mosphys/index.html,article[3]/material[3],Solutions,href
3490,3023,https://olimpicos.net/mosphys/index.html,article[4]/material[0],Problems,href
3491,3024,https://olimpicos.net/mosphys/index.html,article[4]/material[1],Solutions,href
3492,3025,https://olimpicos.net/mosphys/index.html,article[4]/material[2],Problems,href
3493,3026,https://olimpicos.net/mosphys/index.html,article[4]/material[3],Solutions,href
3494,3027,https://olimpicos.net/mosphys/index.html,article[5]/material[0],Problems,href
3495,3028,https://olimpicos.net/mosphys/index.html,article[5]/material[1],Solutions,href
3496,3029,https://olimpicos.net/mosphys/index.html,article[5]/material[2],Problems,href
3497,3030,https://olimpicos.net/mosphys/index.html,article[5]/material[3],Solutions,href
3498,3031,https://olimpicos.net/mosphys/index.html,article[6]/material[0],Problems,href
3499,3032,https://olimpicos.net/mosphys/index.html,article[6]/material[1],Solutions,href
3500,3033,https://olimpicos.net/mosphys/index.html,article[6]/material[2],Problems,href
3501,3034,https://olimpicos.net/mosphys/index.html,article[6]/material[3],Solutions,href
3502,3035,https://olimpicos.net/mosphys/index.html,article[7]/material[0],Problems,href
3503,3036,https://olimpicos.net/mosphys/index.html,article[7]/material[1],Solutions,href
3504,3037,https://olimpicos.net/mosphys/index.html,article[7]/material[2],Problems,href
3505,3038,https://olimpicos.net/mosphys/index.html,article[7]/material[3],Solutions,href
3506,3039,https://olimpicos.net/mosphys/index.html,article[8]/material[0],Problems,href
3507,3040,https://olimpicos.net/mosphys/index.html,article[8]/material[1],Solutions,href
3508,3041,https://olimpicos.net/mosphys/index.html,article[8]/material[2],Problems,href
3509,3042,https://olimpicos.net/mosphys/index.html,article[8]/material[3],Solutions,href
3510,3043,https://olimpicos.net/mosphys/index.html,article[9]/material[0],Problems,href
3511,3044,https://olimpicos.net/mosphys/index.html,article[9]/material[1],Solutions,href
3512,3045,https://olimpicos.net/mosphys/index.html,article[9]/material[2],Problems,href
3513,3046,https://olimpicos.net/mosphys/index.html,article[9]/material[3],Solutions,href
3514,3047,https://olimpicos.net/mosphys/index.html,article[10]/material[0],Problems,href
3515,3048,https://olimpicos.net/mosphys/index.html,article[10]/material[1],Solutions,href
3516,3049,https://olimpicos.net/mosphys/index.html,article[10]/material[2],Problems,href
3517,3050,https://olimpicos.net/mosphys/index.html,article[10]/material[3],Solutions,href
3518,3051,https://olimpicos.net/mosphys/index.html,article[11]/material[0],Problems,href
3519,3052,https://olimpicos.net/mosphys/index.html,article[11]/material[1],Solutions,href
3520,3053,https://olimpicos.net/mosphys/index.html,article[11]/material[2],Problems,href
3521,3054,https://olimpicos.net/mosphys/index.html,article[11]/material[3],Solutions,href
3522,3055,https://olimpicos.net/mosphys/index.html,article[12]/material[0],Problems,href
3523,3056,https://olimpicos.net/mosphys/index.html,article[12]/material[1],Solutions,href
3524,3057,https://olimpicos.net/mosphys/index.html,article[12]/material[2],Problems,href
3525,3058,https://olimpicos.net/mosphys/index.html,article[12]/material[3],Solutions,href
3526,3059,https://olimpicos.net/mosphys/index.html,article[13]/material[0],Problems,href
3527,3060,https://olimpicos.net/mosphys/index.html,article[13]/material[1],Solutions,href
3528,3061,https://olimpicos.net/mosphys/index.html,article[13]/material[2],Problems,href
3529,3062,https://olimpicos.net/mosphys/index.html,article[13]/material[3],Solutions,href
3530,3063,https://olimpicos.net/mosphys/index.html,article[14]/material[0],Problems,href
3531,3064,https://olimpicos.net/mosphys/index.html,article[14]/material[1],Solutions,href
3532,3065,https://olimpicos.net/mosphys/index.html,article[14]/material[2],Problems,href
3533,3066,https://olimpicos.net/mosphys/index.html,article[14]/material[3],Solutions,href
3534,3068,https://olimpicos.net/inpho/index.html,article[0]/material[0],Answer Sheets,href
3535,3069,https://olimpicos.net/inpho/index.html,article[0]/material[1],Problems,href
3536,3070,https://olimpicos.net/inpho/index.html,article[0]/material[2],Solutions,href
3537,3071,https://olimpicos.net/inpho/index.html,article[1]/material[0],Answer Sheets,href
3538,3072,https://olimpicos.net/inpho/index.html,article[1]/material[1],Problems,href
3539,3073,https://olimpicos.net/inpho/index.html,article[1]/material[2],Solutions,href
3540,3074,https://olimpicos.net/inpho/index.html,article[2]/material[0],Problems,href
3541,3075,https://olimpicos.net/inpho/index.html,article[2]/material[1],Solutions,href
3542,3076,https://olimpicos.net/inpho/index.html,article[3]/material[0],Problems,href
3543,3077,https://olimpicos.net/inpho/index.html,article[3]/material[1],Solutions,href
3544,3078,https://olimpicos.net/inpho/index.html,article[4]/material[0],Problems,href
3545,3079,https://olimpicos.net/inpho/index.html,article[4]/material[1],Solutions,href
3546,3080,https://olimpicos.net/inpho/index.html,article[5]/material[0],Problems,href
3547,3081,https://olimpicos.net/inpho/index.html,article[5]/material[1],Solutions,href
3548,3082,https://olimpicos.net/inpho/index.html,article[6]/material[0],Problems,href
3549,3083,https://olimpicos.net/inpho/index.html,article[6]/material[1],Solutions,href
3550,3084,https://olimpicos.net/inpho/index.html,article[7]/material[0],Problems,href
3551,3085,https://olimpicos.net/inpho/index.html,article[7]/material[1],Solutions,href
3552,3086,https://olimpicos.net/inpho/index.html,article[8]/material[0],Problems,href
3553,3087,https://olimpicos.net/inpho/index.html,article[8]/material[1],Solutions,href
3554,3088,https://olimpicos.net/inpho/index.html,article[9]/material[0],Problems,href
3555,3089,https://olimpicos.net/inpho/index.html,article[9]/material[1],Solutions,href
3556,3090,https://olimpicos.net/inpho/index.html,article[10]/material[0],Problems,href
3557,3091,https://olimpicos.net/inpho/index.html,article[10]/material[1],Solutions,href
3558,3092,https://olimpicos.net/inpho/index.html,article[11]/material[0],Problems,href
3559,3093,https://olimpicos.net/inpho/index.html,article[11]/material[1],Solutions,href
3560,3094,https://olimpicos.net/inpho/index.html,article[12]/material[0],Problems,href
3561,3095,https://olimpicos.net/inpho/index.html,article[12]/material[1],Solutions,href
3562,3096,https://olimpicos.net/inpho/index.html,article[13]/material[0],Detailed Solutions,href
3563,3097,https://olimpicos.net/inpho/index.html,article[13]/material[1],Problems,href
3564,3098,https://olimpicos.net/inpho/index.html,article[13]/material[2],Solutions,href
3565,3099,https://olimpicos.net/inpho/index.html,article[14]/material[0],Detailed Solutions,href
3566,3100,https://olimpicos.net/inpho/index.html,article[14]/material[1],Problems,href
3567,3101,https://olimpicos.net/inpho/index.html,article[15]/material[0],Problems,href
3568,3102,https://olimpicos.net/inpho/index.html,article[15]/material[1],Solutions,href
3569,3103,https://olimpicos.net/inpho/index.html,article[16]/material[0],Problem,href
3570,3104,https://olimpicos.net/inpho/index.html,article[16]/material[1],Solution,href
3571,3105,https://olimpicos.net/inpho/index.html,article[17]/material[0],Problems,href
3572,3107,https://olimpicos.net/obf/index.html,article[0]/material[0],Problems,href
3573,3108,https://olimpicos.net/obf/index.html,article[1]/material[0],Problems,href
3574,3109,https://olimpicos.net/obf/index.html,article[2]/material[0],Problems,href
3575,3110,https://olimpicos.net/obf/index.html,article[3]/material[0],Problems,href
3576,3111,https://olimpicos.net/obf/index.html,article[4]/material[0],Problems,href
3577,3112,https://olimpicos.net/obf/index.html,article[5]/material[0],Problems,href
3578,3113,https://olimpicos.net/obf/index.html,article[6]/material[0],Problems,href
3579,3114,https://olimpicos.net/obf/index.html,article[7]/material[0],Problems,href
3580,3115,https://olimpicos.net/obf/index.html,article[8]/material[0],Problems,href
3581,3116,https://olimpicos.net/obf/index.html,article[9]/material[0],Problems,href
3582,3117,https://olimpicos.net/obf/index.html,article[10]/material[0],Problems,href
3583,3118,https://olimpicos.net/obf/index.html,article[10]/material[1],Solutions,href
3584,3119,https://olimpicos.net/obf/index.html,article[11]/material[0],Problems,href
3585,3120,https://olimpicos.net/obf/index.html,article[11]/material[1],Solutions,href
3586,3122,https://olimpicos.net/brtst/index.html,article[0]/material[0],Problems,href
3587,3123,https://olimpicos.net/brtst/index.html,article[0]/material[1],Solutions,href
3588,3124,https://olimpicos.net/brtst/index.html,article[1]/material[0],Problems,href
3589,3125,https://olimpicos.net/brtst/index.html,article[1]/material[1],Solutions,href
3590,3126,https://olimpicos.net/brtst/index.html,article[2]/material[0],Problems,href
3591,3127,https://olimpicos.net/brtst/index.html,article[2]/material[1],Solutions,href
3592,3128,https://olimpicos.net/brtst/index.html,article[3]/material[0],Problems,href
3593,3129,https://olimpicos.net/brtst/index.html,article[3]/material[1],Solutions,href
3594,3130,https://olimpicos.net/brtst/index.html,article[4]/material[0],Problems,href
3595,3131,https://olimpicos.net/brtst/index.html,article[4]/material[1],Solutions,href
3596,3133,https://olimpicos.net/bpho/index.html,article[0]/material[0],Problem,href
3597,3134,https://olimpicos.net/bpho/index.html,article[1]/material[0],Problem,href
3598,3135,https://olimpicos.net/bpho/index.html,article[1]/material[1],Solution,href
3599,3134,https://olimpicos.net/bpho/index.html,article[1]/material[2],Problem,href
3600,3135,https://olimpicos.net/bpho/index.html,article[1]/material[3],Solution,href
3601,3136,https://olimpicos.net/bpho/index.html,article[1]/material[4],Problem,href
3602,3137,https://olimpicos.net/bpho/index.html,article[1]/material[5],Solution,href
3603,3136,https://olimpicos.net/bpho/index.html,article[1]/material[6],Problem,href
3604,3137,https://olimpicos.net/bpho/index.html,article[1]/material[7],Solution,href
3605,3138,https://olimpicos.net/bpho/index.html,article[1]/material[8],Problem,href
3606,3139,https://olimpicos.net/bpho/index.html,article[2]/material[0],Problem,href
3607,3140,https://olimpicos.net/bpho/index.html,article[2]/material[1],Solution,href
3608,3139,https://olimpicos.net/bpho/index.html,article[2]/material[2],Problem,href
3609,3140,https://olimpicos.net/bpho/index.html,article[2]/material[3],Solution,href
3610,3141,https://olimpicos.net/bpho/index.html,article[2]/material[4],Problem,href
3611,3142,https://olimpicos.net/bpho/index.html,article[2]/material[5],Solution,href
3612,3141,https://olimpicos.net/bpho/index.html,article[2]/material[6],Problem,href
3613,3142,https://olimpicos.net/bpho/index.html,article[2]/material[7],Solution,href
3614,3143,https://olimpicos.net/bpho/index.html,article[2]/material[8],Problem,href
3615,3144,https://olimpicos.net/bpho/index.html,article[2]/material[9],Solution,href
3616,3145,https://olimpicos.net/bpho/index.html,article[3]/material[0],Problem,href
3617,3146,https://olimpicos.net/bpho/index.html,article[3]/material[1],Solution,href
3618,3145,https://olimpicos.net/bpho/index.html,article[3]/material[2],Problem,href
3619,3146,https://olimpicos.net/bpho/index.html,article[3]/material[3],Solution,href
3620,3147,https://olimpicos.net/bpho/index.html,article[3]/material[4],Problem,href
3621,3148,https://olimpicos.net/bpho/index.html,article[3]/material[5],Solution,href
3622,3147,https://olimpicos.net/bpho/index.html,article[3]/material[6],Problem,href
3623,3148,https://olimpicos.net/bpho/index.html,article[3]/material[7],Solution,href
3624,3149,https://olimpicos.net/bpho/index.html,article[3]/material[8],Problem,href
3625,3150,https://olimpicos.net/bpho/index.html,article[4]/material[0],Problem,href
3626,3151,https://olimpicos.net/bpho/index.html,article[4]/material[1],Solution,href
3627,3150,https://olimpicos.net/bpho/index.html,article[4]/material[2],Problem,href
3628,3151,https://olimpicos.net/bpho/index.html,article[4]/material[3],Solution,href
3629,3152,https://olimpicos.net/bpho/index.html,article[4]/material[4],Problem,href
3630,3153,https://olimpicos.net/bpho/index.html,article[4]/material[5],Solution,href
3631,3152,https://olimpicos.net/bpho/index.html,article[4]/material[6],Problem,href
3632,3153,https://olimpicos.net/bpho/index.html,article[4]/material[7],Solution,href
3633,3154,https://olimpicos.net/bpho/index.html,article[4]/material[8],Problem,href
3634,3155,https://olimpicos.net/bpho/index.html,article[5]/material[0],Problem,href
3635,3156,https://olimpicos.net/bpho/index.html,article[5]/material[1],Solution,href
3636,3155,https://olimpicos.net/bpho/index.html,article[5]/material[2],Problem,href
3637,3156,https://olimpicos.net/bpho/index.html,article[5]/material[3],Solution,href
3638,3157,https://olimpicos.net/bpho/index.html,article[5]/material[4],Problem,href
3639,3158,https://olimpicos.net/bpho/index.html,article[5]/material[5],Solution,href
3640,3157,https://olimpicos.net/bpho/index.html,article[5]/material[6],Problem,href
3641,3158,https://olimpicos.net/bpho/index.html,article[5]/material[7],Solution,href
3642,3159,https://olimpicos.net/bpho/index.html,article[5]/material[8],Problem,href
3643,3160,https://olimpicos.net/bpho/index.html,article[6]/material[0],Problem,href
3644,3161,https://olimpicos.net/bpho/index.html,article[6]/material[1],Solution,href
3645,3160,https://olimpicos.net/bpho/index.html,article[6]/material[2],Problem,href
3646,3161,https://olimpicos.net/bpho/index.html,article[6]/material[3],Solution,href
3647,3162,https://olimpicos.net/bpho/index.html,article[6]/material[4],Problem,href
3648,3163,https://olimpicos.net/bpho/index.html,article[6]/material[5],Solution,href
3649,3162,https://olimpicos.net/bpho/index.html,article[6]/material[6],Problem,href
3650,3163,https://olimpicos.net/bpho/index.html,article[6]/material[7],Solution,href
3651,3164,https://olimpicos.net/bpho/index.html,article[6]/material[8],Problem,href
3652,3165,https://olimpicos.net/bpho/index.html,article[6]/material[9],Solution,href
3653,3166,https://olimpicos.net/bpho/index.html,article[7]/material[0],Problem,href
3654,3167,https://olimpicos.net/bpho/index.html,article[7]/material[1],Solution,href
3655,3166,https://olimpicos.net/bpho/index.html,article[7]/material[2],Problem,href
3656,3167,https://olimpicos.net/bpho/index.html,article[7]/material[3],Solution,href
3657,3168,https://olimpicos.net/bpho/index.html,article[7]/material[4],Problem,href
3658,3169,https://olimpicos.net/bpho/index.html,article[7]/material[5],Solution,href
3659,3168,https://olimpicos.net/bpho/index.html,article[7]/material[6],Problem,href
3660,3169,https://olimpicos.net/bpho/index.html,article[7]/material[7],Solution,href
3661,3170,https://olimpicos.net/bpho/index.html,article[7]/material[8],Problem,href
3662,3171,https://olimpicos.net/bpho/index.html,article[7]/material[9],Solution,href
3663,3172,https://olimpicos.net/bpho/index.html,article[8]/material[0],Problem,href
3664,3173,https://olimpicos.net/bpho/index.html,article[8]/material[1],Solution,href
3665,3172,https://olimpicos.net/bpho/index.html,article[8]/material[2],Problem,href
3666,3173,https://olimpicos.net/bpho/index.html,article[8]/material[3],Solution,href
3667,3174,https://olimpicos.net/bpho/index.html,article[8]/material[4],Problem,href
3668,3175,https://olimpicos.net/bpho/index.html,article[8]/material[5],Solution,href
3669,3174,https://olimpicos.net/bpho/index.html,article[8]/material[6],Problem,href
3670,3175,https://olimpicos.net/bpho/index.html,article[8]/material[7],Solution,href
3671,3176,https://olimpicos.net/bpho/index.html,article[8]/material[8],Problem,href
3672,3177,https://olimpicos.net/bpho/index.html,article[8]/material[9],Solution,href
3673,3178,https://olimpicos.net/bpho/index.html,article[9]/material[0],Problem,href
3674,3179,https://olimpicos.net/bpho/index.html,article[9]/material[1],Solution,href
3675,3178,https://olimpicos.net/bpho/index.html,article[9]/material[2],Problem,href
3676,3179,https://olimpicos.net/bpho/index.html,article[9]/material[3],Solution,href
3677,3180,https://olimpicos.net/bpho/index.html,article[9]/material[4],Problem,href
3678,3181,https://olimpicos.net/bpho/index.html,article[9]/material[5],Solution,href
3679,3180,https://olimpicos.net/bpho/index.html,article[9]/material[6],Problem,href
3680,3181,https://olimpicos.net/bpho/index.html,article[9]/material[7],Solution,href
3681,3182,https://olimpicos.net/bpho/index.html,article[9]/material[8],Problem,href
3682,3183,https://olimpicos.net/bpho/index.html,article[9]/material[9],Solution,href
3683,3184,https://olimpicos.net/bpho/index.html,article[10]/material[0],Problem,href
3684,3185,https://olimpicos.net/bpho/index.html,article[10]/material[1],Solution,href
3685,3184,https://olimpicos.net/bpho/index.html,article[10]/material[2],Problem,href
3686,3185,https://olimpicos.net/bpho/index.html,article[10]/material[3],Solution,href
3687,3186,https://olimpicos.net/bpho/index.html,article[10]/material[4],Problem,href
3688,3187,https://olimpicos.net/bpho/index.html,article[10]/material[5],Solution,href
3689,3186,https://olimpicos.net/bpho/index.html,article[10]/material[6],Problem,href
3690,3187,https://olimpicos.net/bpho/index.html,article[10]/material[7],Solution,href
3691,3188,https://olimpicos.net/bpho/index.html,article[10]/material[8],Problem,href
3692,3189,https://olimpicos.net/bpho/index.html,article[11]/material[0],Problem,href
3693,3190,https://olimpicos.net/bpho/index.html,article[11]/material[1],Solution,href
3694,3189,https://olimpicos.net/bpho/index.html,article[11]/material[2],Problem,href
3695,3190,https://olimpicos.net/bpho/index.html,article[11]/material[3],Solution,href
3696,3191,https://olimpicos.net/bpho/index.html,article[11]/material[4],Problem,href
3697,3192,https://olimpicos.net/bpho/index.html,article[11]/material[5],Solution,href
3698,3191,https://olimpicos.net/bpho/index.html,article[11]/material[6],Problem,href
3699,3192,https://olimpicos.net/bpho/index.html,article[11]/material[7],Solution,href
3700,3193,https://olimpicos.net/bpho/index.html,article[11]/material[8],Problem,href
3701,3194,https://olimpicos.net/bpho/index.html,article[11]/material[9],Solution,href
3702,3195,https://olimpicos.net/bpho/index.html,article[12]/material[0],Problem,href
3703,3196,https://olimpicos.net/bpho/index.html,article[12]/material[1],Solution,href
3704,3195,https://olimpicos.net/bpho/index.html,article[12]/material[2],Problem,href
3705,3196,https://olimpicos.net/bpho/index.html,article[12]/material[3],Solution,href
3706,3197,https://olimpicos.net/bpho/index.html,article[12]/material[4],Problem,href
3707,3198,https://olimpicos.net/bpho/index.html,article[12]/material[5],Solution,href
3708,3197,https://olimpicos.net/bpho/index.html,article[12]/material[6],Problem,href
3709,3198,https://olimpicos.net/bpho/index.html,article[12]/material[7],Solution,href
3710,3199,https://olimpicos.net/bpho/index.html,article[12]/material[8],Problem,href
3711,3200,https://olimpicos.net/bpho/index.html,article[12]/material[9],Solution,href
3712,3201,https://olimpicos.net/bpho/index.html,article[13]/material[0],Problem,href
3713,3202,https://olimpicos.net/bpho/index.html,article[13]/material[1],Solution,href
3714,3201,https://olimpicos.net/bpho/index.html,article[13]/material[2],Problem,href
3715,3202,https://olimpicos.net/bpho/index.html,article[13]/material[3],Solution,href
3716,3203,https://olimpicos.net/bpho/index.html,article[13]/material[4],Problem,href
3717,3204,https://olimpicos.net/bpho/index.html,article[13]/material[5],Solution,href
3718,3203,https://olimpicos.net/bpho/index.html,article[13]/material[6],Problem,href
3719,3204,https://olimpicos.net/bpho/index.html,article[13]/material[7],Solution,href
3720,3205,https://olimpicos.net/bpho/index.html,article[13]/material[8],Problem,href
3721,3206,https://olimpicos.net/bpho/index.html,article[13]/material[9],Solution,href
3722,3207,https://olimpicos.net/bpho/index.html,article[14]/material[0],Problem,href
3723,3208,https://olimpicos.net/bpho/index.html,article[14]/material[1],Solution,href
3724,3207,https://olimpicos.net/bpho/index.html,article[14]/material[2],Problem,href
3725,3208,https://olimpicos.net/bpho/index.html,article[14]/material[3],Solution,href
3726,3209,https://olimpicos.net/bpho/index.html,article[14]/material[4],Problem,href
3727,3210,https://olimpicos.net/bpho/index.html,article[14]/material[5],Solution,href
3728,3209,https://olimpicos.net/bpho/index.html,article[14]/material[6],Problem,href
3729,3210,https://olimpicos.net/bpho/index.html,article[14]/material[7],Solution,href
3730,3211,https://olimpicos.net/bpho/index.html,article[14]/material[8],Problem,href
3731,3212,https://olimpicos.net/bpho/index.html,article[15]/material[0],Problem,href
3732,3213,https://olimpicos.net/bpho/index.html,article[15]/material[1],Solution,href
3733,3212,https://olimpicos.net/bpho/index.html,article[15]/material[2],Problem,href
3734,3213,https://olimpicos.net/bpho/index.html,article[15]/material[3],Solution,href
3735,3214,https://olimpicos.net/bpho/index.html,article[15]/material[4],Problem,href
3736,3215,https://olimpicos.net/bpho/index.html,article[15]/material[5],Solution,href
3737,3214,https://olimpicos.net/bpho/index.html,article[15]/material[6],Problem,href
3738,3215,https://olimpicos.net/bpho/index.html,article[15]/material[7],Solution,href
3739,3216,https://olimpicos.net/bpho/index.html,article[15]/material[8],Problem,href
3740,3217,https://olimpicos.net/bpho/index.html,article[16]/material[0],Problem,href
3741,3218,https://olimpicos.net/bpho/index.html,article[16]/material[1],Solution,href
3742,3217,https://olimpicos.net/bpho/index.html,article[16]/material[2],Problem,href
3743,3218,https://olimpicos.net/bpho/index.html,article[16]/material[3],Solution,href
3744,3219,https://olimpicos.net/bpho/index.html,article[16]/material[4],Problem,href
3745,3220,https://olimpicos.net/bpho/index.html,article[16]/material[5],Solution,href
3746,3219,https://olimpicos.net/bpho/index.html,article[16]/material[6],Problem,href
3747,3220,https://olimpicos.net/bpho/index.html,article[16]/material[7],Solution,href
3748,3221,https://olimpicos.net/bpho/index.html,article[17]/material[0],Problem,href
3749,3222,https://olimpicos.net/bpho/index.html,article[17]/material[1],Solution,href
3750,3221,https://olimpicos.net/bpho/index.html,article[17]/material[2],Problem,href
3751,3222,https://olimpicos.net/bpho/index.html,article[17]/material[3],Solution,href
3752,3223,https://olimpicos.net/bpho/index.html,article[17]/material[4],Problem,href
3753,3224,https://olimpicos.net/bpho/index.html,article[18]/material[0],Problem,href
3754,3225,https://olimpicos.net/bpho/index.html,article[18]/material[1],Solution,href
3755,3224,https://olimpicos.net/bpho/index.html,article[18]/material[2],Problem,href
3756,3225,https://olimpicos.net/bpho/index.html,article[18]/material[3],Solution,href
3757,3226,https://olimpicos.net/bpho/index.html,article[18]/material[4],Problem,href
3758,3227,https://olimpicos.net/bpho/index.html,article[19]/material[0],Problem,href
3759,3228,https://olimpicos.net/bpho/index.html,article[19]/material[1],Solution,href
3760,3227,https://olimpicos.net/bpho/index.html,article[19]/material[2],Problem,href
3761,3228,https://olimpicos.net/bpho/index.html,article[19]/material[3],Solution,href
3762,3229,https://olimpicos.net/bpho/index.html,article[19]/material[4],Problem,href
3763,3230,https://olimpicos.net/bpho/index.html,article[20]/material[0],Problem,href
3764,3231,https://olimpicos.net/bpho/index.html,article[20]/material[1],Solution,href
3765,3230,https://olimpicos.net/bpho/index.html,article[20]/material[2],Problem,href
3766,3231,https://olimpicos.net/bpho/index.html,article[20]/material[3],Solution,href
3767,3232,https://olimpicos.net/bpho/index.html,article[20]/material[4],Problem,href
3768,3233,https://olimpicos.net/bpho/index.html,article[21]/material[0],Problem,href
3769,3234,https://olimpicos.net/bpho/index.html,article[21]/material[1],Solution,href
3770,3233,https://olimpicos.net/bpho/index.html,article[21]/material[2],Problem,href
3771,3234,https://olimpicos.net/bpho/index.html,article[21]/material[3],Solution,href
3772,3235,https://olimpicos.net/bpho/index.html,article[21]/material[4],Problem,href
3773,3236,https://olimpicos.net/bpho/index.html,article[22]/material[0],Problem,href
3774,3237,https://olimpicos.net/bpho/index.html,article[22]/material[1],Solution,href
3775,3236,https://olimpicos.net/bpho/index.html,article[22]/material[2],Problem,href
3776,3237,https://olimpicos.net/bpho/index.html,article[22]/material[3],Solution,href
3777,3238,https://olimpicos.net/bpho/index.html,article[22]/material[4],Problem,href
3778,3239,https://olimpicos.net/bpho/index.html,article[23]/material[0],Problem,href
3779,3240,https://olimpicos.net/bpho/index.html,article[23]/material[1],Solution,href
3780,3239,https://olimpicos.net/bpho/index.html,article[23]/material[2],Problem,href
3781,3240,https://olimpicos.net/bpho/index.html,article[23]/material[3],Solution,href
3782,3241,https://olimpicos.net/bpho/index.html,article[24]/material[0],Problem,href
3783,3242,https://olimpicos.net/bpho/index.html,article[24]/material[1],Solution,href
3784,3241,https://olimpicos.net/bpho/index.html,article[24]/material[2],Problem,href
3785,3242,https://olimpicos.net/bpho/index.html,article[24]/material[3],Solution,href
3786,3244,https://olimpicos.net/onf/index.html,article[0]/material[0],Problems,href
3787,3245,https://olimpicos.net/onf/index.html,article[0]/material[1],Solutions,href
3788,3246,https://olimpicos.net/onf/index.html,article[1]/material[0],Problems,href
3789,3247,https://olimpicos.net/onf/index.html,article[1]/material[1],Solutions,href
3790,3248,https://olimpicos.net/onf/index.html,article[2]/material[0],Problems,href
3791,3249,https://olimpicos.net/onf/index.html,article[2]/material[1],Solutions,href
3792,3250,https://olimpicos.net/onf/index.html,article[3]/material[0],Problems,href
3793,3251,https://olimpicos.net/onf/index.html,article[3]/material[1],Solutions,href
3794,3252,https://olimpicos.net/onf/index.html,article[4]/material[0],Problems,href
3795,3253,https://olimpicos.net/onf/index.html,article[4]/material[1],Solutions,href
3796,3254,https://olimpicos.net/onf/index.html,article[5]/material[0],Problems,href
3797,3255,https://olimpicos.net/onf/index.html,article[5]/material[1],Solutions,href
3798,3256,https://olimpicos.net/onf/index.html,article[6]/material[0],Problems,href
3799,3257,https://olimpicos.net/onf/index.html,article[6]/material[1],Solutions,href
3800,3258,https://olimpicos.net/onf/index.html,article[7]/material[0],Problems,href
3801,3259,https://olimpicos.net/onf/index.html,article[7]/material[1],Solutions,href
3802,3260,https://olimpicos.net/onf/index.html,article[8]/material[0],Problems,href
3803,3261,https://olimpicos.net/onf/index.html,article[8]/material[1],Solutions,href
3804,3262,https://olimpicos.net/onf/index.html,article[9]/material[0],Problems,href
3805,3263,https://olimpicos.net/onf/index.html,article[9]/material[1],Solutions,href
3806,3264,https://olimpicos.net/onf/index.html,article[10]/material[0],Problems,href
3807,3265,https://olimpicos.net/onf/index.html,article[11]/material[0],Problems,href
3808,3266,https://olimpicos.net/onf/index.html,article[11]/material[1],Solutions,href
3809,3267,https://olimpicos.net/onf/index.html,article[12]/material[0],Problems,href
3810,3268,https://olimpicos.net/onf/index.html,article[12]/material[1],Solutions,href
3811,3269,https://olimpicos.net/onf/index.html,article[13]/material[0],Problems,href
3812,3270,https://olimpicos.net/onf/index.html,article[13]/material[1],Solutions,href
3813,3271,https://olimpicos.net/onf/index.html,article[14]/material[0],Problems,href
3814,3272,https://olimpicos.net/onf/index.html,article[14]/material[1],Solutions,href
3815,3273,https://olimpicos.net/onf/index.html,article[15]/material[0],Problems,href
3816,3274,https://olimpicos.net/onf/index.html,article[15]/material[1],Solutions,href
3817,3275,https://olimpicos.net/onf/index.html,article[16]/material[0],Problems,href
3818,3276,https://olimpicos.net/onf/index.html,article[16]/material[1],Solutions,href
3819,3277,https://olimpicos.net/onf/index.html,article[17]/material[0],Problems,href
3820,3278,https://olimpicos.net/onf/index.html,article[17]/material[1],Solutions,href
3821,3279,https://olimpicos.net/onf/index.html,article[18]/material[0],Problems,href
3822,3280,https://olimpicos.net/onf/index.html,article[18]/material[1],Solutions,href
3823,3281,https://olimpicos.net/onf/index.html,article[19]/material[0],Problems,href
3824,3282,https://olimpicos.net/onf/index.html,article[19]/material[1],Solutions,href
3825,3283,https://olimpicos.net/onf/index.html,article[20]/material[0],Problems,href
3826,3284,https://olimpicos.net/onf/index.html,article[20]/material[1],Solutions,href
3827,3286,https://olimpicos.net/upho/index.html,article[0]/material[0],Problems,href
3828,3288,https://olimpicos.net/eotvos/index.html,article[0]/material[0],Problems,href
3829,3289,https://olimpicos.net/eotvos/index.html,article[1]/material[0],Problems,href
3830,3290,https://olimpicos.net/eotvos/index.html,article[2]/material[0],Problems,href
3831,3291,https://olimpicos.net/eotvos/index.html,article[3]/material[0],Problems,href
3832,3292,https://olimpicos.net/eotvos/index.html,article[4]/material[0],Problems,href
3833,3293,https://olimpicos.net/eotvos/index.html,article[5]/material[0],Problems,href
3834,3294,https://olimpicos.net/eotvos/index.html,article[6]/material[0],Problems,href
3835,3295,https://olimpicos.net/eotvos/index.html,article[7]/material[0],Problems,href
3836,3296,https://olimpicos.net/eotvos/index.html,article[8]/material[0],Problems,href
3837,3297,https://olimpicos.net/eotvos/index.html,article[9]/material[0],Problems,href
3838,3298,https://olimpicos.net/eotvos/index.html,article[10]/material[0],Problems,href
3839,3299,https://olimpicos.net/eotvos/index.html,article[11]/material[0],Problems,href
3840,3302,https://olimpicos.net/fyziklani/index.html,article[0]/material[0],Problems,href
3841,3303,https://olimpicos.net/fyziklani/index.html,article[0]/material[1],Solutions,href
3842,3304,https://olimpicos.net/fyziklani/index.html,article[1]/material[0],Problems,href
3843,3305,https://olimpicos.net/fyziklani/index.html,article[1]/material[1],Solutions,href
3844,3306,https://olimpicos.net/fyziklani/index.html,article[2]/material[0],Problems,href
3845,3307,https://olimpicos.net/fyziklani/index.html,article[2]/material[1],Solutions,href
3846,3308,https://olimpicos.net/fyziklani/index.html,article[3]/material[0],Problems,href
3847,3309,https://olimpicos.net/fyziklani/index.html,article[3]/material[1],Solutions,href
3848,3310,https://olimpicos.net/fyziklani/index.html,article[4]/material[0],Problems,href
3849,3311,https://olimpicos.net/fyziklani/index.html,article[4]/material[1],Solutions,href
3850,3312,https://olimpicos.net/fyziklani/index.html,article[5]/material[0],Problems,href
3851,3313,https://olimpicos.net/fyziklani/index.html,article[5]/material[1],Solutions,href
3852,3314,https://olimpicos.net/fyziklani/index.html,article[6]/material[0],Problems,href
3853,3315,https://olimpicos.net/fyziklani/index.html,article[6]/material[1],Solutions,href
3854,3316,https://olimpicos.net/fyziklani/index.html,article[7]/material[0],Problems,href
3855,3317,https://olimpicos.net/fyziklani/index.html,article[7]/material[1],Solutions,href
3856,3318,https://olimpicos.net/fyziklani/index.html,article[8]/material[0],Problems,href
3857,3319,https://olimpicos.net/fyziklani/index.html,article[8]/material[1],Solutions,href
3858,3320,https://olimpicos.net/fyziklani/index.html,article[9]/material[0],Problems,href
3859,3321,https://olimpicos.net/fyziklani/index.html,article[9]/material[1],Solutions,href
3860,3322,https://olimpicos.net/fyziklani/index.html,article[10]/material[0],Problems,href
3861,3323,https://olimpicos.net/fyziklani/index.html,article[10]/material[1],Solutions,href
3862,3324,https://olimpicos.net/fyziklani/index.html,article[11]/material[0],Problems,href
3863,3325,https://olimpicos.net/fyziklani/index.html,article[11]/material[1],Solutions,href
3864,3326,https://olimpicos.net/fyziklani/index.html,article[12]/material[0],Problems,href
3865,3327,https://olimpicos.net/fyziklani/index.html,article[12]/material[1],Solutions,href
3866,3328,https://olimpicos.net/fyziklani/index.html,article[13]/material[0],Problems,href
3867,3329,https://olimpicos.net/fyziklani/index.html,article[13]/material[1],Solutions,href
3868,3330,https://olimpicos.net/fyziklani/index.html,article[14]/material[0],Problems,href
3869,3331,https://olimpicos.net/fyziklani/index.html,article[14]/material[1],Solutions,href
3870,3332,https://olimpicos.net/fyziklani/index.html,article[15]/material[0],Problems,href
3871,3333,https://olimpicos.net/fyziklani/index.html,article[15]/material[1],Solutions,href
3872,3334,https://olimpicos.net/fyziklani/index.html,article[16]/material[0],Problems,href
3873,3335,https://olimpicos.net/fyziklani/index.html,article[16]/material[1],Solutions,href
3874,3336,https://olimpicos.net/fyziklani/index.html,article[17]/material[0],Problems,href
3875,3337,https://olimpicos.net/fyziklani/index.html,article[17]/material[1],Solutions,href
3876,3338,https://olimpicos.net/fyziklani/index.html,article[18]/material[0],Problems,href
3877,3339,https://olimpicos.net/fyziklani/index.html,article[18]/material[1],Solutions,href
3878,3340,https://olimpicos.net/fyziklani/index.html,article[19]/material[0],Problems,href
3879,3341,https://olimpicos.net/fyziklani/index.html,article[19]/material[1],Solutions,href
3880,3344,https://olimpicos.net/efo/index.html,article[0]/material[0],Problems,href
3881,3345,https://olimpicos.net/efo/index.html,article[0]/material[1],Solutions,href
3882,3346,https://olimpicos.net/efo/index.html,article[1]/material[0],Problems,href
3883,3347,https://olimpicos.net/efo/index.html,article[1]/material[1],Solutions,href
3884,3348,https://olimpicos.net/efo/index.html,article[2]/material[0],Problems,href
3885,3349,https://olimpicos.net/efo/index.html,article[2]/material[1],Solutions,href
3886,3350,https://olimpicos.net/efo/index.html,article[3]/material[0],Problems,href
3887,3351,https://olimpicos.net/efo/index.html,article[3]/material[1],Solutions,href
3888,3352,https://olimpicos.net/efo/index.html,article[4]/material[0],Problems,href
3889,3353,https://olimpicos.net/efo/index.html,article[4]/material[1],Solutions,href
3890,3354,https://olimpicos.net/efo/index.html,article[5]/material[0],Problems,href
3891,3355,https://olimpicos.net/efo/index.html,article[5]/material[1],Solutions,href
3892,3356,https://olimpicos.net/efo/index.html,article[6]/material[0],Problems,href
3893,3357,https://olimpicos.net/efo/index.html,article[6]/material[1],Solutions,href
3894,3358,https://olimpicos.net/efo/index.html,article[7]/material[0],Problems,href
3895,3359,https://olimpicos.net/efo/index.html,article[7]/material[1],Solutions,href
3896,3360,https://olimpicos.net/efo/index.html,article[8]/material[0],Problems,href
3897,3361,https://olimpicos.net/efo/index.html,article[8]/material[1],Solutions,href
3898,3362,https://olimpicos.net/efo/index.html,article[9]/material[0],Problems,href
3899,3363,https://olimpicos.net/efo/index.html,article[9]/material[1],Solutions,href
3900,3364,https://olimpicos.net/efo/index.html,article[10]/material[0],Problems,href
3901,3365,https://olimpicos.net/efo/index.html,article[10]/material[1],Solutions,href
3902,3366,https://olimpicos.net/efo/index.html,article[11]/material[0],Problems,href
3903,3367,https://olimpicos.net/efo/index.html,article[11]/material[1],Solutions,href
3904,3368,https://olimpicos.net/efo/index.html,article[12]/material[0],Problems,href
3905,3369,https://olimpicos.net/efo/index.html,article[12]/material[1],Solutions,href
3906,3370,https://olimpicos.net/efo/index.html,article[13]/material[0],Problems,href
3907,3371,https://olimpicos.net/efo/index.html,article[13]/material[1],Solutions,href
3908,3372,https://olimpicos.net/efo/index.html,article[14]/material[0],Problems,href
3909,3373,https://olimpicos.net/efo/index.html,article[14]/material[1],Solutions,href
3910,3374,https://olimpicos.net/efo/index.html,article[15]/material[0],Problems,href
3911,3375,https://olimpicos.net/efo/index.html,article[15]/material[1],Solutions,href
3912,3376,https://olimpicos.net/efo/index.html,article[16]/material[0],Problems,href
3913,3377,https://olimpicos.net/efo/index.html,article[16]/material[1],Solutions,href
3914,3378,https://olimpicos.net/efo/index.html,article[17]/material[0],Problems,href
3915,3379,https://olimpicos.net/efo/index.html,article[17]/material[1],Solutions,href
3916,3380,https://olimpicos.net/efo/index.html,article[18]/material[0],Problems,href
3917,3381,https://olimpicos.net/efo/index.html,article[18]/material[1],Solutions,href
3918,3382,https://olimpicos.net/efo/index.html,article[19]/material[0],Problems,href
3919,3383,https://olimpicos.net/efo/index.html,article[19]/material[1],Solutions,href
3920,3384,https://olimpicos.net/efo/index.html,article[20]/material[0],Problems,href
3921,3385,https://olimpicos.net/efo/index.html,article[20]/material[1],Solutions,href
3922,3386,https://olimpicos.net/efo/index.html,article[21]/material[0],Problems,href
3923,3387,https://olimpicos.net/efo/index.html,article[21]/material[1],Solutions,href
3924,3388,https://olimpicos.net/efo/index.html,article[22]/material[0],Problems,href
3925,3389,https://olimpicos.net/efo/index.html,article[22]/material[1],Solutions,href
3926,3390,https://olimpicos.net/efo/index.html,article[23]/material[0],Problems,href
3927,3391,https://olimpicos.net/efo/index.html,article[23]/material[1],Solutions,href
3928,3392,https://olimpicos.net/efo/index.html,article[24]/material[0],Problems,href
3929,3393,https://olimpicos.net/efo/index.html,article[24]/material[1],Solutions,href
3930,3395,https://olimpicos.net/twpho-tst/index.html,article[0]/material[0],Problems,href
3931,3396,https://olimpicos.net/twpho-tst/index.html,article[0]/material[1],Solutions,href
3932,3397,https://olimpicos.net/twpho-tst/index.html,article[1]/material[0],Problems,href
3933,3398,https://olimpicos.net/twpho-tst/index.html,article[1]/material[1],Solutions,href
3934,3399,https://olimpicos.net/twpho-tst/index.html,article[2]/material[0],Problems,href
3935,3400,https://olimpicos.net/twpho-tst/index.html,article[2]/material[1],Solutions,href
3936,3401,https://olimpicos.net/twpho-tst/index.html,article[3]/material[0],Problems,href
3937,3402,https://olimpicos.net/twpho-tst/index.html,article[3]/material[1],Solutions,href
3938,3403,https://olimpicos.net/twpho-tst/index.html,article[4]/material[0],Problems,href
3939,3404,https://olimpicos.net/twpho-tst/index.html,article[4]/material[1],Solutions,href
3940,3405,https://olimpicos.net/twpho-tst/index.html,article[5]/material[0],Problems,href
3941,3406,https://olimpicos.net/twpho-tst/index.html,article[5]/material[1],Solutions,href
3942,3407,https://olimpicos.net/twpho-tst/index.html,article[6]/material[0],Problems,href
3943,3408,https://olimpicos.net/twpho-tst/index.html,article[6]/material[1],Solutions,href
3944,3409,https://olimpicos.net/twpho-tst/index.html,article[7]/material[0],Problems,href
3945,3410,https://olimpicos.net/twpho-tst/index.html,article[7]/material[1],Solutions,href
3946,3411,https://olimpicos.net/twpho-tst/index.html,article[8]/material[0],Problems,href
3947,3412,https://olimpicos.net/twpho-tst/index.html,article[8]/material[1],Solutions,href
3948,3413,https://olimpicos.net/twpho-tst/index.html,article[9]/material[0],Problems,href
3949,3414,https://olimpicos.net/twpho-tst/index.html,article[9]/material[1],Solutions,href
3950,3415,https://olimpicos.net/twpho-tst/index.html,article[10]/material[0],Problems,href
3951,3416,https://olimpicos.net/twpho-tst/index.html,article[10]/material[1],Solutions,href
3952,3417,https://olimpicos.net/twpho-tst/index.html,article[11]/material[0],Problem,href
3953,3418,https://olimpicos.net/twpho-tst/index.html,article[12]/material[0],Problem,href
3954,3419,https://olimpicos.net/twpho-tst/index.html,article[13]/material[0],Problem,href
3955,3420,https://olimpicos.net/twpho-tst/index.html,article[14]/material[0],Problem,href
3956,3421,https://olimpicos.net/twpho-tst/index.html,article[15]/material[0],Problem,href
3957,3422,https://olimpicos.net/twpho-tst/index.html,article[16]/material[0],Problem,href
3958,3424,https://olimpicos.net/twpho-camp/index.html,article[0]/material[0],Problem,href
3959,3425,https://olimpicos.net/twpho-camp/index.html,article[1]/material[0],Problem,href
3960,3425,https://olimpicos.net/twpho-camp/index.html,article[1]/material[1],Problem,href
3961,3426,https://olimpicos.net/twpho-camp/index.html,article[1]/material[2],Problem,href
3962,3426,https://olimpicos.net/twpho-camp/index.html,article[1]/material[3],Problem,href
3963,3427,https://olimpicos.net/twpho-camp/index.html,article[2]/material[0],Problem,href
3964,3427,https://olimpicos.net/twpho-camp/index.html,article[2]/material[1],Problem,href
3965,3428,https://olimpicos.net/twpho-camp/index.html,article[2]/material[2],Problem,href
3966,3428,https://olimpicos.net/twpho-camp/index.html,article[2]/material[3],Problem,href
3967,3429,https://olimpicos.net/twpho-camp/index.html,article[2]/material[4],Problem,href
3968,3429,https://olimpicos.net/twpho-camp/index.html,article[2]/material[5],Problem,href
3969,3430,https://olimpicos.net/twpho-camp/index.html,article[3]/material[0],Problem,href
3970,3430,https://olimpicos.net/twpho-camp/index.html,article[3]/material[1],Problem,href
3971,3431,https://olimpicos.net/twpho-camp/index.html,article[3]/material[2],Problem,href
3972,3431,https://olimpicos.net/twpho-camp/index.html,article[3]/material[3],Problem,href
3973,3432,https://olimpicos.net/twpho-camp/index.html,article[3]/material[4],Problem,href
3974,3432,https://olimpicos.net/twpho-camp/index.html,article[3]/material[5],Problem,href
3975,3433,https://olimpicos.net/twpho-camp/index.html,article[4]/material[0],Problem,href
3976,3433,https://olimpicos.net/twpho-camp/index.html,article[4]/material[1],Problem,href
3977,3434,https://olimpicos.net/twpho-camp/index.html,article[4]/material[2],Problem,href
3978,3434,https://olimpicos.net/twpho-camp/index.html,article[4]/material[3],Problem,href
3979,3435,https://olimpicos.net/twpho-camp/index.html,article[4]/material[4],Problem,href
3980,3435,https://olimpicos.net/twpho-camp/index.html,article[4]/material[5],Problem,href
3981,3436,https://olimpicos.net/twpho-camp/index.html,article[5]/material[0],Problem,href
3982,3436,https://olimpicos.net/twpho-camp/index.html,article[5]/material[1],Problem,href
3983,3437,https://olimpicos.net/twpho-camp/index.html,article[5]/material[2],Problem,href
3984,3437,https://olimpicos.net/twpho-camp/index.html,article[5]/material[3],Problem,href
3985,3438,https://olimpicos.net/twpho-camp/index.html,article[5]/material[4],Problem,href
3986,3438,https://olimpicos.net/twpho-camp/index.html,article[5]/material[5],Problem,href
3987,3439,https://olimpicos.net/twpho-camp/index.html,article[6]/material[0],Problem,href
3988,3439,https://olimpicos.net/twpho-camp/index.html,article[6]/material[1],Problem,href
3989,3440,https://olimpicos.net/twpho-camp/index.html,article[6]/material[2],Problem,href
3990,3440,https://olimpicos.net/twpho-camp/index.html,article[6]/material[3],Problem,href
3991,3441,https://olimpicos.net/twpho-camp/index.html,article[6]/material[4],Problem,href
3992,3441,https://olimpicos.net/twpho-camp/index.html,article[6]/material[5],Problem,href
3993,3443,https://olimpicos.net/spho/index.html,article[0]/material[0],Problem,href
3994,3444,https://olimpicos.net/spho/index.html,article[0]/material[1],Solution,href
3995,3445,https://olimpicos.net/spho/index.html,article[1]/material[0],Problem,href
3996,3446,https://olimpicos.net/spho/index.html,article[2]/material[0],Problem,href
3997,3447,https://olimpicos.net/spho/index.html,article[2]/material[1],Problem,href
3998,3448,https://olimpicos.net/spho/index.html,article[3]/material[0],Problem,href
3999,3449,https://olimpicos.net/spho/index.html,article[3]/material[1],Problem,href
4000,3450,https://olimpicos.net/spho/index.html,article[4]/material[0],Problem,href
4001,3451,https://olimpicos.net/spho/index.html,article[5]/material[0],Problem,href
4002,3452,https://olimpicos.net/spho/index.html,article[6]/material[0],Problem,href
4003,3453,https://olimpicos.net/spho/index.html,article[6]/material[1],Problem,href
4004,3454,https://olimpicos.net/spho/index.html,article[7]/material[0],Problem,href
4005,3455,https://olimpicos.net/spho/index.html,article[7]/material[1],Problem,href
4006,3456,https://olimpicos.net/spho/index.html,article[8]/material[0],Problem,href
4007,3457,https://olimpicos.net/spho/index.html,article[8]/material[1],Problem,href
4008,3458,https://olimpicos.net/spho/index.html,article[9]/material[0],Problem,href
4009,3459,https://olimpicos.net/spho/index.html,article[10]/material[0],Problem,href
4010,3460,https://olimpicos.net/spho/index.html,article[11]/material[0],Problem,href
4011,3461,https://olimpicos.net/spho/index.html,article[12]/material[0],Problem,href
4012,3462,https://olimpicos.net/spho/index.html,article[13]/material[0],Problem,href
4013,3463,https://olimpicos.net/spho/index.html,article[14]/material[0],Problem,href
4014,3464,https://olimpicos.net/spho/index.html,article[15]/material[0],Problem,href
4015,3465,https://olimpicos.net/spho/index.html,article[16]/material[0],Problem,href
4016,3466,https://olimpicos.net/spho/index.html,article[17]/material[0],Problem,href
4017,3467,https://olimpicos.net/spho/index.html,article[18]/material[0],Problem,href
4018,3468,https://olimpicos.net/spho/index.html,article[19]/material[0],Problem,href
4019,3469,https://olimpicos.net/spho/index.html,article[20]/material[0],Problem,href
4020,3471,https://olimpicos.net/spho-tst/index.html,article[0]/material[0],Report,href
4021,3472,https://olimpicos.net/spho-tst/index.html,article[0]/material[1],Problem,href
4022,3473,https://olimpicos.net/spho-tst/index.html,article[0]/material[2],Solution,href
4023,3474,https://olimpicos.net/spho-tst/index.html,article[1]/material[0],Problem,href
4024,3475,https://olimpicos.net/spho-tst/index.html,article[1]/material[1],Solution,href
4025,3476,https://olimpicos.net/spho-tst/index.html,article[2]/material[0],Problem,href
4026,3477,https://olimpicos.net/spho-tst/index.html,article[2]/material[1],Solution,href
4027,3478,https://olimpicos.net/spho-tst/index.html,article[3]/material[0],Report,href
4028,3479,https://olimpicos.net/spho-tst/index.html,article[3]/material[1],Problem,href
4029,3480,https://olimpicos.net/spho-tst/index.html,article[3]/material[2],Solution,href
4030,3481,https://olimpicos.net/spho-tst/index.html,article[4]/material[0],Problem,href
4031,3482,https://olimpicos.net/spho-tst/index.html,article[4]/material[1],Solution,href
4032,3483,https://olimpicos.net/spho-tst/index.html,article[5]/material[0],Problem,href
4033,3484,https://olimpicos.net/spho-tst/index.html,article[6]/material[0],Problem,href
4034,3485,https://olimpicos.net/spho-tst/index.html,article[6]/material[1],Solution,href
4035,3486,https://olimpicos.net/spho-tst/index.html,article[7]/material[0],Problem,href
4036,3487,https://olimpicos.net/spho-tst/index.html,article[7]/material[1],Solution,href
4037,3488,https://olimpicos.net/spho-tst/index.html,article[8]/material[0],Problem,href
4038,3489,https://olimpicos.net/spho-tst/index.html,article[8]/material[1],Solution,href
4039,3491,https://olimpicos.net/sjpo/index.html,article[0]/material[0],Problem,href
4040,3492,https://olimpicos.net/sjpo/index.html,article[0]/material[1],Solution,href
4041,3493,https://olimpicos.net/sjpo/index.html,article[1]/material[0],Problem,href
4042,3494,https://olimpicos.net/sjpo/index.html,article[2]/material[0],Unused paper (2024 resit),href
4043,3495,https://olimpicos.net/sjpo/index.html,article[2]/material[1],Problem,href
4044,3496,https://olimpicos.net/sjpo/index.html,article[2]/material[2],Solution,href
4045,3497,https://olimpicos.net/sjpo/index.html,article[3]/material[0],Problem,href
4046,3498,https://olimpicos.net/sjpo/index.html,article[4]/material[0],Problem,href
4047,3499,https://olimpicos.net/sjpo/index.html,article[4]/material[1],Solution,href
4048,3500,https://olimpicos.net/sjpo/index.html,article[5]/material[0],Problem,href
4049,3501,https://olimpicos.net/sjpo/index.html,article[6]/material[0],Problem,href
4050,3502,https://olimpicos.net/sjpo/index.html,article[6]/material[1],Solution,href
4051,3503,https://olimpicos.net/sjpo/index.html,article[7]/material[0],Problem,href
4052,3504,https://olimpicos.net/sjpo/index.html,article[7]/material[1],Solution,href
4053,3505,https://olimpicos.net/sjpo/index.html,article[8]/material[0],Problem,href
4054,3506,https://olimpicos.net/sjpo/index.html,article[8]/material[1],Solution,href
4055,3507,https://olimpicos.net/sjpo/index.html,article[9]/material[0],Problem,href
4056,3508,https://olimpicos.net/sjpo/index.html,article[9]/material[1],Solution,href
4057,3509,https://olimpicos.net/sjpo/index.html,article[10]/material[0],Problem,href
4058,3510,https://olimpicos.net/sjpo/index.html,article[10]/material[1],Solution,href
4059,3511,https://olimpicos.net/sjpo/index.html,article[11]/material[0],Problem,href
4060,3512,https://olimpicos.net/sjpo/index.html,article[11]/material[1],Solution,href
4061,3513,https://olimpicos.net/sjpo/index.html,article[12]/material[0],Problem,href
4062,3514,https://olimpicos.net/sjpo/index.html,article[12]/material[1],Solution,href
4063,3515,https://olimpicos.net/sjpo/index.html,article[13]/material[0],Problem,href
4064,3516,https://olimpicos.net/sjpo/index.html,article[13]/material[1],Solution,href
4065,3517,https://olimpicos.net/sjpo/index.html,article[14]/material[0],Problem,href
4066,3518,https://olimpicos.net/sjpo/index.html,article[14]/material[1],Solution,href
4067,3519,https://olimpicos.net/sjpo/index.html,article[15]/material[0],Problem,href
4068,3520,https://olimpicos.net/sjpo/index.html,article[15]/material[1],Solution,href
4069,3521,https://olimpicos.net/sjpo/index.html,article[16]/material[0],Problem,href
4070,3522,https://olimpicos.net/sjpo/index.html,article[16]/material[1],Solution,href
4071,3524,https://olimpicos.net/kphc/index.html,article[0]/material[0],Problem,href
4072,3524,https://olimpicos.net/kphc/index.html,article[0]/material[1],Problem,href
4073,3525,https://olimpicos.net/kphc/index.html,article[0]/material[2],Problem,href
4074,3525,https://olimpicos.net/kphc/index.html,article[0]/material[3],Problem,href
4075,3526,https://olimpicos.net/kphc/index.html,article[1]/material[0],Problem,href
4076,3527,https://olimpicos.net/kphc/index.html,article[2]/material[0],Problem,href
4077,3528,https://olimpicos.net/kphc/index.html,article[3]/material[0],Problem,href
4078,3529,https://olimpicos.net/kphc/index.html,article[4]/material[0],Problem,href
4079,3530,https://olimpicos.net/kphc/index.html,article[5]/material[0],Problem,href
4080,3531,https://olimpicos.net/kphc/index.html,article[6]/material[0],Problem,href
4081,3532,https://olimpicos.net/kphc/index.html,article[7]/material[0],Problem,href
4082,3532,https://olimpicos.net/kphc/index.html,article[7]/material[1],Problem,href
4083,3533,https://olimpicos.net/kphc/index.html,article[7]/material[2],Problem,href
4084,3533,https://olimpicos.net/kphc/index.html,article[7]/material[3],Problem,href
4085,3535,https://olimpicos.net/aupho/index.html,article[0]/material[0],Problem,href
4086,3536,https://olimpicos.net/aupho/index.html,article[0]/material[1],Solution,href
4087,3537,https://olimpicos.net/aupho/index.html,article[1]/material[0],Problem,href
4088,3538,https://olimpicos.net/aupho/index.html,article[1]/material[1],Solution,href
4089,3539,https://olimpicos.net/aupho/index.html,article[2]/material[0],Problem,href
4090,3540,https://olimpicos.net/aupho/index.html,article[2]/material[1],Solution,href
4091,3541,https://olimpicos.net/aupho/index.html,article[3]/material[0],Problem,href
4092,3542,https://olimpicos.net/aupho/index.html,article[3]/material[1],Solution,href
4093,3543,https://olimpicos.net/aupho/index.html,article[4]/material[0],Problem,href
4094,3544,https://olimpicos.net/aupho/index.html,article[4]/material[1],Solution,href
4095,3545,https://olimpicos.net/aupho/index.html,article[5]/material[0],Problem,href
4096,3546,https://olimpicos.net/aupho/index.html,article[5]/material[1],Solution,href
4097,3547,https://olimpicos.net/aupho/index.html,article[6]/material[0],Answer sheet,href
4098,3548,https://olimpicos.net/aupho/index.html,article[6]/material[1],Problem,href
4099,3549,https://olimpicos.net/aupho/index.html,article[6]/material[2],Solution,href
4100,3550,https://olimpicos.net/aupho/index.html,article[7]/material[0],Problem,href
4101,3551,https://olimpicos.net/aupho/index.html,article[7]/material[1],Solution,href
4102,3552,https://olimpicos.net/aupho/index.html,article[8]/material[0],Answer sheet,href
4103,3553,https://olimpicos.net/aupho/index.html,article[8]/material[1],Problem,href
4104,3554,https://olimpicos.net/aupho/index.html,article[8]/material[2],Solution,href
4105,3555,https://olimpicos.net/aupho/index.html,article[9]/material[0],Answer sheet,href
4106,3556,https://olimpicos.net/aupho/index.html,article[9]/material[1],Problem,href
4107,3557,https://olimpicos.net/aupho/index.html,article[9]/material[2],Solution,href
4108,3558,https://olimpicos.net/aupho/index.html,article[10]/material[0],Answer sheet,href
4109,3559,https://olimpicos.net/aupho/index.html,article[10]/material[1],Problem,href
4110,3560,https://olimpicos.net/aupho/index.html,article[10]/material[2],Solution,href
4111,3561,https://olimpicos.net/aupho/index.html,article[11]/material[0],Answer sheet,href
4112,3562,https://olimpicos.net/aupho/index.html,article[11]/material[1],Problem,href
4113,3563,https://olimpicos.net/aupho/index.html,article[11]/material[2],Solution,href
4114,3564,https://olimpicos.net/aupho/index.html,article[12]/material[0],Answer sheet,href
4115,3565,https://olimpicos.net/aupho/index.html,article[12]/material[1],Problem,href
4116,3566,https://olimpicos.net/aupho/index.html,article[12]/material[2],Solution,href
4117,3567,https://olimpicos.net/aupho/index.html,article[13]/material[0],Problem,href
4118,3568,https://olimpicos.net/aupho/index.html,article[13]/material[1],Solution,href
4119,3569,https://olimpicos.net/aupho/index.html,article[14]/material[0],Problem,href
4120,3570,https://olimpicos.net/aupho/index.html,article[14]/material[1],Solution,href
4121,3571,https://olimpicos.net/aupho/index.html,article[15]/material[0],Problem,href
4122,3572,https://olimpicos.net/aupho/index.html,article[15]/material[1],Solution,href
4123,3573,https://olimpicos.net/aupho/index.html,article[16]/material[0],Problems,href
4124,3574,https://olimpicos.net/aupho/index.html,article[16]/material[1],Solution,href
4125,3575,https://olimpicos.net/aupho/index.html,article[16]/material[2],Solution,href
4126,3576,https://olimpicos.net/aupho/index.html,article[17]/material[0],Problem,href
4127,3577,https://olimpicos.net/aupho/index.html,article[17]/material[1],Solution,href
4128,3579,https://olimpicos.net/osn-fisika/index.html,article[0]/material[0],Problems,href
4129,3580,https://olimpicos.net/osn-fisika/index.html,article[0]/material[1],Solutions,href
4130,3581,https://olimpicos.net/osn-fisika/index.html,article[1]/material[0],Problems,href
4131,3582,https://olimpicos.net/osn-fisika/index.html,article[2]/material[0],Problems,href
4132,3583,https://olimpicos.net/osn-fisika/index.html,article[3]/material[0],Problems,href
4133,3585,https://olimpicos.net/azpho/index.html,article[0]/material[0],Problems,href
4134,3586,https://olimpicos.net/azpho/index.html,article[1]/material[0],Problems,href
4135,3587,https://olimpicos.net/azpho/index.html,article[2]/material[0],Problems,href
4136,3589,https://olimpicos.net/opho/index.html,article[0]/material[0],Problems,href
4137,3590,https://olimpicos.net/opho/index.html,article[0]/material[1],Solutions,href
4138,3591,https://olimpicos.net/opho/index.html,article[0]/material[2],Problems,href
4139,3592,https://olimpicos.net/opho/index.html,article[0]/material[3],Solutions,href
4140,3593,https://olimpicos.net/opho/index.html,article[0]/material[4],Problems,href
4141,3594,https://olimpicos.net/opho/index.html,article[1]/material[0],Problems,href
4142,3595,https://olimpicos.net/opho/index.html,article[1]/material[1],Solutions,href
4143,3596,https://olimpicos.net/opho/index.html,article[1]/material[2],Problems,href
4144,3597,https://olimpicos.net/opho/index.html,article[1]/material[3],Solutions,href
4145,3598,https://olimpicos.net/opho/index.html,article[1]/material[4],Problem,href
4146,3599,https://olimpicos.net/opho/index.html,article[1]/material[5],Solution,href
4147,3598,https://olimpicos.net/opho/index.html,article[1]/material[6],Problem,href
4148,3599,https://olimpicos.net/opho/index.html,article[1]/material[7],Solution,href
4149,3600,https://olimpicos.net/opho/index.html,article[2]/material[0],Problems,href
4150,3601,https://olimpicos.net/opho/index.html,article[2]/material[1],Solutions,href
4151,3602,https://olimpicos.net/opho/index.html,article[2]/material[2],Problems,href
4152,3603,https://olimpicos.net/opho/index.html,article[2]/material[3],Solutions,href
4153,3604,https://olimpicos.net/opho/index.html,article[2]/material[4],Problem,href
4154,3604,https://olimpicos.net/opho/index.html,article[2]/material[5],Problem,href
4155,3605,https://olimpicos.net/opho/index.html,article[3]/material[0],Problems,href
4156,3606,https://olimpicos.net/opho/index.html,article[3]/material[1],Solutions,href
4157,3607,https://olimpicos.net/opho/index.html,article[3]/material[2],Problems,href
4158,3608,https://olimpicos.net/opho/index.html,article[3]/material[3],Solutions,href
4159,3609,https://olimpicos.net/opho/index.html,article[3]/material[4],Problem,href
4160,3609,https://olimpicos.net/opho/index.html,article[3]/material[5],Problem,href
4161,3610,https://olimpicos.net/opho/index.html,article[4]/material[0],Problems,href
4162,3611,https://olimpicos.net/opho/index.html,article[4]/material[1],Solutions,href
4163,3612,https://olimpicos.net/opho/index.html,article[4]/material[2],Problems,href
4164,3613,https://olimpicos.net/opho/index.html,article[4]/material[3],Solutions,href
4165,3614,https://olimpicos.net/opho/index.html,article[4]/material[4],Problem,href
4166,3614,https://olimpicos.net/opho/index.html,article[4]/material[5],Problem,href
4167,3615,https://olimpicos.net/opho/index.html,article[5]/material[0],Problems,href
4168,3616,https://olimpicos.net/opho/index.html,article[5]/material[1],Solutions,href
4169,3617,https://olimpicos.net/opho/index.html,article[5]/material[2],Problems,href
4170,3618,https://olimpicos.net/opho/index.html,article[5]/material[3],Solution,href
4171,3618,https://olimpicos.net/opho/index.html,article[5]/material[4],Solution,href
4172,3618,https://olimpicos.net/opho/index.html,article[5]/material[5],Solution,href
4173,3618,https://olimpicos.net/opho/index.html,article[5]/material[6],Solution,href
4174,3618,https://olimpicos.net/opho/index.html,article[5]/material[7],Solution,href
4175,3618,https://olimpicos.net/opho/index.html,article[5]/material[8],Solution,href
4176,3618,https://olimpicos.net/opho/index.html,article[5]/material[9],Solution,href
4177,3618,https://olimpicos.net/opho/index.html,article[5]/material[10],Solution,href
4178,3618,https://olimpicos.net/opho/index.html,article[5]/material[11],Solution,href
4179,3620,https://olimpicos.net/physicsbrawl/index.html,article[0]/material[0],Problems,href
4180,3621,https://olimpicos.net/physicsbrawl/index.html,article[0]/material[1],Solutions,href
4181,3622,https://olimpicos.net/physicsbrawl/index.html,article[1]/material[0],Problems,href
4182,3623,https://olimpicos.net/physicsbrawl/index.html,article[1]/material[1],Solutions,href
4183,3624,https://olimpicos.net/physicsbrawl/index.html,article[2]/material[0],Problems,href
4184,3625,https://olimpicos.net/physicsbrawl/index.html,article[2]/material[1],Solutions,href
4185,3626,https://olimpicos.net/physicsbrawl/index.html,article[3]/material[0],Problems,href
4186,3627,https://olimpicos.net/physicsbrawl/index.html,article[3]/material[1],Solutions,href
4187,3628,https://olimpicos.net/physicsbrawl/index.html,article[4]/material[0],Problems,href
4188,3629,https://olimpicos.net/physicsbrawl/index.html,article[4]/material[1],Solutions,href
4189,3630,https://olimpicos.net/physicsbrawl/index.html,article[5]/material[0],Problems,href
4190,3631,https://olimpicos.net/physicsbrawl/index.html,article[5]/material[1],Solutions,href
4191,3632,https://olimpicos.net/physicsbrawl/index.html,article[6]/material[0],Problems,href
4192,3633,https://olimpicos.net/physicsbrawl/index.html,article[6]/material[1],Solutions,href
4193,3634,https://olimpicos.net/physicsbrawl/index.html,article[7]/material[0],Problems,href
4194,3635,https://olimpicos.net/physicsbrawl/index.html,article[7]/material[1],Solutions,href
4195,3636,https://olimpicos.net/physicsbrawl/index.html,article[8]/material[0],Problems,href
4196,3637,https://olimpicos.net/physicsbrawl/index.html,article[8]/material[1],Solutions,href
4197,3638,https://olimpicos.net/physicsbrawl/index.html,article[9]/material[0],Problems,href
4198,3639,https://olimpicos.net/physicsbrawl/index.html,article[9]/material[1],Solutions,href
4199,3640,https://olimpicos.net/physicsbrawl/index.html,article[10]/material[0],Problems,href
4200,3641,https://olimpicos.net/physicsbrawl/index.html,article[10]/material[1],Solutions,href
4201,3642,https://olimpicos.net/physicsbrawl/index.html,article[11]/material[0],Problems,href
4202,3643,https://olimpicos.net/physicsbrawl/index.html,article[11]/material[1],Solutions,href
4203,3644,https://olimpicos.net/physicsbrawl/index.html,article[12]/material[0],Problems,href
4204,3645,https://olimpicos.net/physicsbrawl/index.html,article[12]/material[1],Solutions,href
4205,3646,https://olimpicos.net/physicsbrawl/index.html,article[13]/material[0],Problems,href
4206,3647,https://olimpicos.net/physicsbrawl/index.html,article[13]/material[1],Solutions,href
4207,3650,https://olimpicos.net/ortvay/index.html,article[0]/material[0],Problems,href
4208,3651,https://olimpicos.net/ortvay/index.html,article[1]/material[0],Problems,href
4209,3652,https://olimpicos.net/ortvay/index.html,article[2]/material[0],Problems,href
4210,3653,https://olimpicos.net/ortvay/index.html,article[3]/material[0],Problems,href
4211,3654,https://olimpicos.net/ortvay/index.html,article[4]/material[0],Problems,href
4212,3655,https://olimpicos.net/ortvay/index.html,article[5]/material[0],Problems,href
4213,3656,https://olimpicos.net/ortvay/index.html,article[6]/material[0],Problems,href
4214,3657,https://olimpicos.net/ortvay/index.html,article[7]/material[0],Problems,href
4215,3658,https://olimpicos.net/ortvay/index.html,article[8]/material[0],Problems,href
4216,3659,https://olimpicos.net/ortvay/index.html,article[9]/material[0],Problems,href
4217,3660,https://olimpicos.net/ortvay/index.html,article[10]/material[0],Problems,href
4218,3661,https://olimpicos.net/ortvay/index.html,article[11]/material[0],Problems,href
4219,3662,https://olimpicos.net/ortvay/index.html,article[12]/material[0],Problems,href
4220,3663,https://olimpicos.net/ortvay/index.html,article[13]/material[0],Problems,href
4221,3664,https://olimpicos.net/ortvay/index.html,article[14]/material[0],Problems,href
4222,3665,https://olimpicos.net/ortvay/index.html,article[15]/material[0],Problems,href
4223,3666,https://olimpicos.net/ortvay/index.html,article[16]/material[0],Problems,href
4224,3667,https://olimpicos.net/ortvay/index.html,article[17]/material[0],Problems,href
4225,3668,https://olimpicos.net/ortvay/index.html,article[18]/material[0],Problems,href
4226,3669,https://olimpicos.net/ortvay/index.html,article[19]/material[0],Problems,href
4227,3670,https://olimpicos.net/ortvay/index.html,article[20]/material[0],Problems,href
4228,3671,https://olimpicos.net/ortvay/index.html,article[21]/material[0],Problems,href
4229,3672,https://olimpicos.net/ortvay/index.html,article[22]/material[0],Problems,href
4230,3673,https://olimpicos.net/ortvay/index.html,article[23]/material[0],Problems,href
4231,3674,https://olimpicos.net/ortvay/index.html,article[24]/material[0],Problems,href
4232,3675,https://olimpicos.net/ortvay/index.html,article[25]/material[0],Problems,href
4233,3676,https://olimpicos.net/ortvay/index.html,article[26]/material[0],Problems,href
4234,3677,https://olimpicos.net/ortvay/index.html,article[27]/material[0],Problems,href
4235,3678,https://olimpicos.net/ortvay/index.html,article[28]/material[0],Problems,href
4236,3680,https://olimpicos.net/physicscup/index.html,article[0]/material[0],Problem,href
4237,3681,https://olimpicos.net/physicscup/index.html,article[0]/material[1],Problem,href
4238,3682,https://olimpicos.net/physicscup/index.html,article[0]/material[2],Problem,href
4239,3683,https://olimpicos.net/physicscup/index.html,article[0]/material[3],Problem,href
4240,3684,https://olimpicos.net/physicscup/index.html,article[0]/material[4],Problem,href
4241,3685,https://olimpicos.net/physicscup/index.html,article[1]/material[0],Problem,href
4242,3686,https://olimpicos.net/physicscup/index.html,article[1]/material[1],Problem,href
4243,3687,https://olimpicos.net/physicscup/index.html,article[1]/material[2],Problem,href
4244,3688,https://olimpicos.net/physicscup/index.html,article[1]/material[3],Problem,href
4245,3689,https://olimpicos.net/physicscup/index.html,article[1]/material[4],Problem,href
4246,3690,https://olimpicos.net/physicscup/index.html,article[2]/material[0],Problem,href
4247,3691,https://olimpicos.net/physicscup/index.html,article[2]/material[1],Problem,href
4248,3692,https://olimpicos.net/physicscup/index.html,article[2]/material[2],Problem,href
4249,3693,https://olimpicos.net/physicscup/index.html,article[2]/material[3],Problem,href
4250,3695,https://olimpicos.net/baupc/index.html,article[0]/material[0],Problem,href
4251,3696,https://olimpicos.net/baupc/index.html,article[0]/material[1],Solution,href
4252,3697,https://olimpicos.net/baupc/index.html,article[1]/material[0],Problem,href
4253,3698,https://olimpicos.net/baupc/index.html,article[1]/material[1],Solution,href
4254,3699,https://olimpicos.net/baupc/index.html,article[2]/material[0],Problem,href
4255,3700,https://olimpicos.net/baupc/index.html,article[2]/material[1],Solution,href
4256,3701,https://olimpicos.net/baupc/index.html,article[3]/material[0],Problem,href
4257,3702,https://olimpicos.net/baupc/index.html,article[3]/material[1],Solution,href
4258,3703,https://olimpicos.net/baupc/index.html,article[4]/material[0],Problem,href
4259,3704,https://olimpicos.net/baupc/index.html,article[4]/material[1],Solution,href
4260,3705,https://olimpicos.net/baupc/index.html,article[5]/material[0],Problem,href
4261,3706,https://olimpicos.net/baupc/index.html,article[5]/material[1],Solution,href
4262,3707,https://olimpicos.net/baupc/index.html,article[6]/material[0],Problem,href
4263,3708,https://olimpicos.net/baupc/index.html,article[6]/material[1],Solution,href
4264,3709,https://olimpicos.net/baupc/index.html,article[7]/material[0],Problem,href
4265,3710,https://olimpicos.net/baupc/index.html,article[7]/material[1],Solution,href
4266,3711,https://olimpicos.net/baupc/index.html,article[8]/material[0],Problem,href
4267,3712,https://olimpicos.net/baupc/index.html,article[8]/material[1],Solution,href
4268,3713,https://olimpicos.net/baupc/index.html,article[9]/material[0],Problem,href
4269,3714,https://olimpicos.net/baupc/index.html,article[9]/material[1],Solution,href
4270,741,https://olimpicos.net/ipho/index.html,introduction/source-reference,Stefan Ivanov's errata list,href
4271,742,https://olimpicos.net/ipho/index.html,introduction/source-reference,IPhO Website,href
4272,998,https://olimpicos.net/eupho/index.html,introduction/source-reference,EuPhO Website,href
4273,1418,https://olimpicos.net/apho/index.html,introduction/source-reference,APhO Website,href
4274,1958,https://olimpicos.net/nbpho/index.html,introduction/source-reference,NBPhO Website,href
4275,2067,https://olimpicos.net/oibf/index.html,introduction/source-reference,OIbF Website,href
4276,2146,https://olimpicos.net/rmph/index.html,introduction/source-reference,RMPh Website,href
4277,2203,https://olimpicos.net/wopho/index.html,introduction/source-reference,WoPhO Website,href
4278,2228,https://olimpicos.net/gpho/index.html,introduction/source-reference,GPhO Website,href
4279,2229,https://olimpicos.net/gpho/index.html,introduction/source-reference,Arab Bureau of Education for the Gulf States,href
4280,2294,https://olimpicos.net/izho/index.html,introduction/source-reference,IZhO Website,href
4281,2328,https://olimpicos.net/ispho/index.html,introduction/source-reference,ISPhO Website,href
4282,2427,https://olimpicos.net/usapho/index.html,introduction/source-reference,USAPhO Website,href
4283,2428,https://olimpicos.net/usapho/index.html,introduction/source-reference,Kevin Zhou,href
4284,2435,https://olimpicos.net/usatst/index.html,introduction/source-reference,USA TST Website,href
4285,2472,https://olimpicos.net/cpho-f/index.html,introduction/source-reference,CPhO Website,href
4286,2550,https://olimpicos.net/panpho/index.html,introduction/source-reference,PanPhO Website,href
4287,2551,https://olimpicos.net/panpho/index.html,introduction/source-reference,HKPhO archive,href
4288,2582,https://olimpicos.net/vosh/index.html,introduction/source-reference,VsOSh Website,href
4289,3006,https://olimpicos.net/rutst/index.html,introduction/source-reference,Russia TST Website,href
4290,3067,https://olimpicos.net/mosphys/index.html,introduction/source-reference,MOSh Website,href
4291,3106,https://olimpicos.net/inpho/index.html,introduction/source-reference,InPhO Website,href
4292,3121,https://olimpicos.net/obf/index.html,introduction/source-reference,OBF Website,href
4293,3132,https://olimpicos.net/brtst/index.html,introduction/source-reference,SOIF Website,href
4294,3243,https://olimpicos.net/bpho/index.html,introduction/source-reference,BPhO Website,href
4295,3285,https://olimpicos.net/onf/index.html,introduction/source-reference,ONF Website,href
4296,3287,https://olimpicos.net/upho/index.html,introduction/source-reference,UPhO Website,href
4297,3300,https://olimpicos.net/eotvos/index.html,introduction/source-reference,Eötvös Website,href
4298,3301,https://olimpicos.net/eotvos/index.html,introduction/source-reference,ELFT archive,href
4299,3342,https://olimpicos.net/fyziklani/index.html,introduction/source-reference,Fyziklani Website,href
4300,3343,https://olimpicos.net/fyziklani/index.html,introduction/source-reference,CC BY-SA 3.0,href
4301,3394,https://olimpicos.net/efo/index.html,introduction/source-reference,EFO Website,href
4302,3423,https://olimpicos.net/twpho-tst/index.html,introduction/source-reference,TwPhO TST Website,href
4303,3442,https://olimpicos.net/twpho-camp/index.html,introduction/source-reference,TwPhO Camp Website,href
4304,3470,https://olimpicos.net/spho/index.html,introduction/source-reference,SPhO Website,href
4305,3490,https://olimpicos.net/spho-tst/index.html,introduction/source-reference,SPhO TST Website,href
4306,3523,https://olimpicos.net/sjpo/index.html,introduction/source-reference,SJPO Website,href
4307,3534,https://olimpicos.net/kphc/index.html,introduction/source-reference,KPhC Website,href
4308,3578,https://olimpicos.net/aupho/index.html,introduction/source-reference,AuPhO Website,href
4309,3584,https://olimpicos.net/osn-fisika/index.html,introduction/source-reference,OSN Fisika Website,href
4310,3588,https://olimpicos.net/azpho/index.html,introduction/source-reference,AzPhO Website,href
4311,3619,https://olimpicos.net/opho/index.html,introduction/source-reference,OPhO Website,href
4312,3648,https://olimpicos.net/physicsbrawl/index.html,introduction/source-reference,Physics Brawl Website,href
4313,3649,https://olimpicos.net/physicsbrawl/index.html,introduction/source-reference,CC BY-SA 3.0,href
4314,3679,https://olimpicos.net/ortvay/index.html,introduction/source-reference,Ortvay Website,href
4315,3694,https://olimpicos.net/physicscup/index.html,introduction/source-reference,Physics Cup Website,href
4316,3715,https://olimpicos.net/baupc/index.html,introduction/source-reference,BAUPC Website,href
