entity,id,slug,year,session,section,source_url,status,detail
problem,399,apho,2005,,Experimental,https://olimpicos.net/apho/index.html#2005,not_published,Individual file not published; consult problem_documents for shared-paper availability.
problem,400,apho,2005,,Experimental,https://olimpicos.net/apho/index.html#2005,not_published,Individual file not published; consult problem_documents for shared-paper availability.
problem,423,apho,2000,,Experimental,https://olimpicos.net/apho/index.html#2000,not_published,Individual file not published; consult problem_documents for shared-paper availability.
problem,424,apho,2000,,Experimental,https://olimpicos.net/apho/index.html#2000,not_published,Individual file not published; consult problem_documents for shared-paper availability.
problem,640,oibf,2023,,Problems,https://olimpicos.net/oibf/index.html#2023,not_published,Individual file not published; consult problem_documents for shared-paper availability.
problem,641,oibf,2023,,Problems,https://olimpicos.net/oibf/index.html#2023,not_published,Individual file not published; consult problem_documents for shared-paper availability.
problem,642,oibf,2023,,Problems,https://olimpicos.net/oibf/index.html#2023,not_published,Individual file not published; consult problem_documents for shared-paper availability.
problem,643,oibf,2023,,Problems,https://olimpicos.net/oibf/index.html#2023,not_published,Individual file not published; consult problem_documents for shared-paper availability.
problem,650,oibf,2021,,Problems,https://olimpicos.net/oibf/index.html#2021,not_published,Individual file not published; consult problem_documents for shared-paper availability.
problem,651,oibf,2021,,Problems,https://olimpicos.net/oibf/index.html#2021,not_published,Individual file not published; consult problem_documents for shared-paper availability.
problem,652,oibf,2021,,Problems,https://olimpicos.net/oibf/index.html#2021,not_published,Individual file not published; consult problem_documents for shared-paper availability.
problem,654,oibf,2020,,Problems,https://olimpicos.net/oibf/index.html#2020,not_published,Individual file not published; consult problem_documents for shared-paper availability.
problem,655,oibf,2020,,Problems,https://olimpicos.net/oibf/index.html#2020,not_published,Individual file not published; consult problem_documents for shared-paper availability.
problem,656,oibf,2020,,Problems,https://olimpicos.net/oibf/index.html#2020,not_published,Individual file not published; consult problem_documents for shared-paper availability.
problem,657,oibf,2020,,Problems,https://olimpicos.net/oibf/index.html#2020,not_published,Individual file not published; consult problem_documents for shared-paper availability.
problem,658,oibf,2020,,Problems,https://olimpicos.net/oibf/index.html#2020,not_published,Individual file not published; consult problem_documents for shared-paper availability.
problem,684,oibf,2014,,Problems,https://olimpicos.net/oibf/index.html#2014,not_published,Individual file not published; consult problem_documents for shared-paper availability.
problem,685,oibf,2014,,Problems,https://olimpicos.net/oibf/index.html#2014,not_published,Individual file not published; consult problem_documents for shared-paper availability.
problem,686,oibf,2014,,Problems,https://olimpicos.net/oibf/index.html#2014,not_published,Individual file not published; consult problem_documents for shared-paper availability.
problem,693,oibf,2012,,Problems,https://olimpicos.net/oibf/index.html#2012,not_published,Individual file not published; consult problem_documents for shared-paper availability.
problem,694,oibf,2012,,Problems,https://olimpicos.net/oibf/index.html#2012,not_published,Individual file not published; consult problem_documents for shared-paper availability.
problem,695,oibf,2012,,Problems,https://olimpicos.net/oibf/index.html#2012,not_published,Individual file not published; consult problem_documents for shared-paper availability.
problem,696,oibf,2012,,Problems,https://olimpicos.net/oibf/index.html#2012,not_published,Individual file not published; consult problem_documents for shared-paper availability.
problem,697,oibf,2012,,Problems,https://olimpicos.net/oibf/index.html#2012,not_published,Individual file not published; consult problem_documents for shared-paper availability.
problem,698,oibf,2012,,Problems,https://olimpicos.net/oibf/index.html#2012,not_published,Individual file not published; consult problem_documents for shared-paper availability.
problem,699,oibf,2011,,Problems,https://olimpicos.net/oibf/index.html#2011,not_published,Individual file not published; consult problem_documents for shared-paper availability.
problem,700,oibf,2011,,Problems,https://olimpicos.net/oibf/index.html#2011,not_published,Individual file not published; consult problem_documents for shared-paper availability.
problem,702,oibf,2010,,Problems,https://olimpicos.net/oibf/index.html#2010,not_published,Individual file not published; consult problem_documents for shared-paper availability.
problem,703,oibf,2010,,Problems,https://olimpicos.net/oibf/index.html#2010,not_published,Individual file not published; consult problem_documents for shared-paper availability.
problem,704,oibf,2010,,Problems,https://olimpicos.net/oibf/index.html#2010,not_published,Individual file not published; consult problem_documents for shared-paper availability.
problem,706,oibf,2009,,Problems,https://olimpicos.net/oibf/index.html#2009,not_published,Individual file not published; consult problem_documents for shared-paper availability.
problem,707,oibf,2009,,Problems,https://olimpicos.net/oibf/index.html#2009,not_published,Individual file not published; consult problem_documents for shared-paper availability.
problem,708,oibf,2009,,Problems,https://olimpicos.net/oibf/index.html#2009,not_published,Individual file not published; consult problem_documents for shared-paper availability.
problem,709,oibf,2009,,Problems,https://olimpicos.net/oibf/index.html#2009,not_published,Individual file not published; consult problem_documents for shared-paper availability.
problem,715,oibf,2007,,Problems,https://olimpicos.net/oibf/index.html#2007,not_published,Individual file not published; consult problem_documents for shared-paper availability.
problem,716,oibf,2007,,Problems,https://olimpicos.net/oibf/index.html#2007,not_published,Individual file not published; consult problem_documents for shared-paper availability.
problem,717,oibf,2007,,Problems,https://olimpicos.net/oibf/index.html#2007,not_published,Individual file not published; consult problem_documents for shared-paper availability.
problem,719,oibf,2006,,Problems,https://olimpicos.net/oibf/index.html#2006,not_published,Individual file not published; consult problem_documents for shared-paper availability.
problem,720,oibf,2006,,Problems,https://olimpicos.net/oibf/index.html#2006,not_published,Individual file not published; consult problem_documents for shared-paper availability.
problem,721,oibf,2006,,Problems,https://olimpicos.net/oibf/index.html#2006,not_published,Individual file not published; consult problem_documents for shared-paper availability.
problem,722,oibf,2006,,Problems,https://olimpicos.net/oibf/index.html#2006,not_published,Individual file not published; consult problem_documents for shared-paper availability.
problem,723,oibf,2006,,EXPERIENCIA,https://olimpicos.net/oibf/index.html#2006,not_published,Individual file not published; consult problem_documents for shared-paper availability.
problem,724,oibf,2006,,EXPERIENCIA,https://olimpicos.net/oibf/index.html#2006,not_published,Individual file not published; consult problem_documents for shared-paper availability.
problem,725,oibf,2005,,Problems,https://olimpicos.net/oibf/index.html#2005,not_published,Individual file not published; consult problem_documents for shared-paper availability.
problem,726,oibf,2005,,Problems,https://olimpicos.net/oibf/index.html#2005,not_published,Individual file not published; consult problem_documents for shared-paper availability.
problem,727,oibf,2005,,Problems,https://olimpicos.net/oibf/index.html#2005,not_published,Individual file not published; consult problem_documents for shared-paper availability.
problem,728,oibf,2005,,Problems,https://olimpicos.net/oibf/index.html#2005,not_published,Individual file not published; consult problem_documents for shared-paper availability.
problem,729,oibf,2005,,Problems,https://olimpicos.net/oibf/index.html#2005,not_published,Individual file not published; consult problem_documents for shared-paper availability.
problem,730,oibf,2005,,Problems,https://olimpicos.net/oibf/index.html#2005,not_published,Individual file not published; consult problem_documents for shared-paper availability.
problem,731,oibf,2005,,Problems,https://olimpicos.net/oibf/index.html#2005,not_published,Individual file not published; consult problem_documents for shared-paper availability.
problem,732,oibf,2004,,Problems,https://olimpicos.net/oibf/index.html#2004,not_published,Individual file not published; consult problem_documents for shared-paper availability.
problem,733,oibf,2004,,Problems,https://olimpicos.net/oibf/index.html#2004,not_published,Individual file not published; consult problem_documents for shared-paper availability.
problem,734,oibf,2004,,Problems,https://olimpicos.net/oibf/index.html#2004,not_published,Individual file not published; consult problem_documents for shared-paper availability.
problem,735,oibf,2004,,Problems,https://olimpicos.net/oibf/index.html#2004,not_published,Individual file not published; consult problem_documents for shared-paper availability.
problem,738,oibf,2003,,Problems,https://olimpicos.net/oibf/index.html#2003,not_published,Individual file not published; consult problem_documents for shared-paper availability.
problem,739,oibf,2003,,Problems,https://olimpicos.net/oibf/index.html#2003,not_published,Individual file not published; consult problem_documents for shared-paper availability.
problem,740,oibf,2003,,Problems,https://olimpicos.net/oibf/index.html#2003,not_published,Individual file not published; consult problem_documents for shared-paper availability.
problem,742,oibf,2002,,Problems,https://olimpicos.net/oibf/index.html#2002,not_published,Individual file not published; consult problem_documents for shared-paper availability.
problem,743,oibf,2002,,Problems,https://olimpicos.net/oibf/index.html#2002,not_published,Individual file not published; consult problem_documents for shared-paper availability.
problem,744,oibf,2002,,Problems,https://olimpicos.net/oibf/index.html#2002,not_published,Individual file not published; consult problem_documents for shared-paper availability.
problem,745,oibf,2002,,Problems,https://olimpicos.net/oibf/index.html#2002,not_published,Individual file not published; consult problem_documents for shared-paper availability.
problem,746,oibf,2002,,Problems,https://olimpicos.net/oibf/index.html#2002,not_published,Individual file not published; consult problem_documents for shared-paper availability.
problem,747,oibf,2002,,Problems,https://olimpicos.net/oibf/index.html#2002,not_published,Individual file not published; consult problem_documents for shared-paper availability.
problem,749,oibf,2001,,Problems,https://olimpicos.net/oibf/index.html#2001,not_published,Individual file not published; consult problem_documents for shared-paper availability.
problem,750,oibf,2001,,Problems,https://olimpicos.net/oibf/index.html#2001,not_published,Individual file not published; consult problem_documents for shared-paper availability.
problem,751,oibf,2001,,Problems,https://olimpicos.net/oibf/index.html#2001,not_published,Individual file not published; consult problem_documents for shared-paper availability.
problem,752,oibf,2001,,Problems,https://olimpicos.net/oibf/index.html#2001,not_published,Individual file not published; consult problem_documents for shared-paper availability.
problem,753,oibf,2001,,Problems,https://olimpicos.net/oibf/index.html#2001,not_published,Individual file not published; consult problem_documents for shared-paper availability.
problem,754,oibf,2001,,Problems,https://olimpicos.net/oibf/index.html#2001,not_published,Individual file not published; consult problem_documents for shared-paper availability.
problem,755,oibf,2001,,Problems,https://olimpicos.net/oibf/index.html#2001,not_published,Individual file not published; consult problem_documents for shared-paper availability.
problem,757,oibf,2000,,Problems,https://olimpicos.net/oibf/index.html#2000,not_published,Individual file not published; consult problem_documents for shared-paper availability.
problem,758,oibf,2000,,Problems,https://olimpicos.net/oibf/index.html#2000,not_published,Individual file not published; consult problem_documents for shared-paper availability.
problem,759,oibf,2000,,Problems,https://olimpicos.net/oibf/index.html#2000,not_published,Individual file not published; consult problem_documents for shared-paper availability.
problem,760,oibf,2000,,Problems,https://olimpicos.net/oibf/index.html#2000,not_published,Individual file not published; consult problem_documents for shared-paper availability.
problem,761,oibf,2000,,Problems,https://olimpicos.net/oibf/index.html#2000,not_published,Individual file not published; consult problem_documents for shared-paper availability.
problem,762,oibf,2000,,Problems,https://olimpicos.net/oibf/index.html#2000,not_published,Individual file not published; consult problem_documents for shared-paper availability.
problem,763,oibf,2000,,Problems,https://olimpicos.net/oibf/index.html#2000,not_published,Individual file not published; consult problem_documents for shared-paper availability.
problem,764,oibf,1999,,Problems,https://olimpicos.net/oibf/index.html#1999,not_published,Individual file not published; consult problem_documents for shared-paper availability.
problem,765,oibf,1999,,Problems,https://olimpicos.net/oibf/index.html#1999,not_published,Individual file not published; consult problem_documents for shared-paper availability.
problem,766,oibf,1999,,Problems,https://olimpicos.net/oibf/index.html#1999,not_published,Individual file not published; consult problem_documents for shared-paper availability.
problem,767,oibf,1999,,Problems,https://olimpicos.net/oibf/index.html#1999,not_published,Individual file not published; consult problem_documents for shared-paper availability.
problem,768,oibf,1999,,Problems,https://olimpicos.net/oibf/index.html#1999,not_published,Individual file not published; consult problem_documents for shared-paper availability.
problem,769,oibf,1999,,Problems,https://olimpicos.net/oibf/index.html#1999,not_published,Individual file not published; consult problem_documents for shared-paper availability.
problem,770,oibf,1998,,Problems,https://olimpicos.net/oibf/index.html#1998,not_published,Individual file not published; consult problem_documents for shared-paper availability.
problem,771,oibf,1998,,Problems,https://olimpicos.net/oibf/index.html#1998,not_published,Individual file not published; consult problem_documents for shared-paper availability.
problem,772,oibf,1998,,Problems,https://olimpicos.net/oibf/index.html#1998,not_published,Individual file not published; consult problem_documents for shared-paper availability.
problem,773,oibf,1998,,Problems,https://olimpicos.net/oibf/index.html#1998,not_published,Individual file not published; consult problem_documents for shared-paper availability.
problem,774,oibf,1998,,Problems,https://olimpicos.net/oibf/index.html#1998,not_published,Individual file not published; consult problem_documents for shared-paper availability.
problem,775,oibf,1998,,Problems,https://olimpicos.net/oibf/index.html#1998,not_published,Individual file not published; consult problem_documents for shared-paper availability.
problem,776,oibf,1998,,Problems,https://olimpicos.net/oibf/index.html#1998,not_published,Individual file not published; consult problem_documents for shared-paper availability.
problem,777,oibf,1998,,Problems,https://olimpicos.net/oibf/index.html#1998,not_published,Individual file not published; consult problem_documents for shared-paper availability.
problem,778,oibf,1998,,Problems,https://olimpicos.net/oibf/index.html#1998,not_published,Individual file not published; consult problem_documents for shared-paper availability.
problem,779,oibf,1997,,Problems,https://olimpicos.net/oibf/index.html#1997,not_published,Individual file not published; consult problem_documents for shared-paper availability.
problem,780,oibf,1997,,Problems,https://olimpicos.net/oibf/index.html#1997,not_published,Individual file not published; consult problem_documents for shared-paper availability.
problem,781,oibf,1997,,Problems,https://olimpicos.net/oibf/index.html#1997,not_published,Individual file not published; consult problem_documents for shared-paper availability.
problem,782,oibf,1997,,Problems,https://olimpicos.net/oibf/index.html#1997,not_published,Individual file not published; consult problem_documents for shared-paper availability.
problem,783,oibf,1997,,Problems,https://olimpicos.net/oibf/index.html#1997,not_published,Individual file not published; consult problem_documents for shared-paper availability.
problem,784,oibf,1997,,Problems,https://olimpicos.net/oibf/index.html#1997,not_published,Individual file not published; consult problem_documents for shared-paper availability.
problem,785,oibf,1997,,Problems,https://olimpicos.net/oibf/index.html#1997,not_published,Individual file not published; consult problem_documents for shared-paper availability.
problem,786,oibf,1997,,Problems,https://olimpicos.net/oibf/index.html#1997,not_published,Individual file not published; consult problem_documents for shared-paper availability.
problem,787,oibf,1997,,Problems,https://olimpicos.net/oibf/index.html#1997,not_published,Individual file not published; consult problem_documents for shared-paper availability.
problem,788,oibf,1991,,Problems,https://olimpicos.net/oibf/index.html#1991,not_published,Individual file not published; consult problem_documents for shared-paper availability.
problem,789,oibf,1991,,Problems,https://olimpicos.net/oibf/index.html#1991,not_published,Individual file not published; consult problem_documents for shared-paper availability.
problem,790,oibf,1991,,Problems,https://olimpicos.net/oibf/index.html#1991,not_published,Individual file not published; consult problem_documents for shared-paper availability.
problem,867,gpho,2022,,Theory,https://olimpicos.net/gpho/index.html#2022,not_published,Individual file not published; consult problem_documents for shared-paper availability.
problem,868,gpho,2022,,Theory,https://olimpicos.net/gpho/index.html#2022,not_published,Individual file not published; consult problem_documents for shared-paper availability.
problem,869,gpho,2022,,Theory,https://olimpicos.net/gpho/index.html#2022,not_published,Individual file not published; consult problem_documents for shared-paper availability.
problem,871,gpho,2019,,Theory,https://olimpicos.net/gpho/index.html#2019,not_published,Individual file not published; consult problem_documents for shared-paper availability.
problem,872,gpho,2019,,Theory,https://olimpicos.net/gpho/index.html#2019,not_published,Individual file not published; consult problem_documents for shared-paper availability.
problem,873,gpho,2019,,Theory,https://olimpicos.net/gpho/index.html#2019,not_published,Individual file not published; consult problem_documents for shared-paper availability.
problem,875,gpho,2017,,Theory,https://olimpicos.net/gpho/index.html#2017,not_published,Individual file not published; consult problem_documents for shared-paper availability.
problem,876,gpho,2017,,Theory,https://olimpicos.net/gpho/index.html#2017,not_published,Individual file not published; consult problem_documents for shared-paper availability.
problem,877,gpho,2017,,Theory,https://olimpicos.net/gpho/index.html#2017,not_published,Individual file not published; consult problem_documents for shared-paper availability.
problem,879,gpho,2016,,Theory,https://olimpicos.net/gpho/index.html#2016,not_published,Individual file not published; consult problem_documents for shared-paper availability.
problem,880,gpho,2016,,Theory,https://olimpicos.net/gpho/index.html#2016,not_published,Individual file not published; consult problem_documents for shared-paper availability.
problem,881,gpho,2016,,Theory,https://olimpicos.net/gpho/index.html#2016,not_published,Individual file not published; consult problem_documents for shared-paper availability.
problem,882,gpho,2016,,Experimental,https://olimpicos.net/gpho/index.html#2016,not_published,Individual file not published; consult problem_documents for shared-paper availability.
problem,883,gpho,2016,,Experimental,https://olimpicos.net/gpho/index.html#2016,not_published,Individual file not published; consult problem_documents for shared-paper availability.
problem,931,usapho,2026,F=ma,Problems,https://olimpicos.net/usapho/index.html#2026,not_published,Individual file not published; consult problem_documents for shared-paper availability.
problem,932,usapho,2026,F=ma,Problems,https://olimpicos.net/usapho/index.html#2026,not_published,Individual file not published; consult problem_documents for shared-paper availability.
problem,933,usapho,2026,F=ma,Problems,https://olimpicos.net/usapho/index.html#2026,not_published,Individual file not published; consult problem_documents for shared-paper availability.
problem,934,usapho,2026,F=ma,Problems,https://olimpicos.net/usapho/index.html#2026,not_published,Individual file not published; consult problem_documents for shared-paper availability.
problem,935,usapho,2026,F=ma,Problems,https://olimpicos.net/usapho/index.html#2026,not_published,Individual file not published; consult problem_documents for shared-paper availability.
problem,936,usapho,2026,F=ma,Problems,https://olimpicos.net/usapho/index.html#2026,not_published,Individual file not published; consult problem_documents for shared-paper availability.
problem,937,usapho,2026,F=ma,Problems,https://olimpicos.net/usapho/index.html#2026,not_published,Individual file not published; consult problem_documents for shared-paper availability.
problem,938,usapho,2026,F=ma,Problems,https://olimpicos.net/usapho/index.html#2026,not_published,Individual file not published; consult problem_documents for shared-paper availability.
problem,939,usapho,2026,F=ma,Problems,https://olimpicos.net/usapho/index.html#2026,not_published,Individual file not published; consult problem_documents for shared-paper availability.
problem,940,usapho,2026,F=ma,Problems,https://olimpicos.net/usapho/index.html#2026,not_published,Individual file not published; consult problem_documents for shared-paper availability.
problem,941,usapho,2026,F=ma,Problems,https://olimpicos.net/usapho/index.html#2026,not_published,Individual file not published; consult problem_documents for shared-paper availability.
problem,942,usapho,2026,F=ma,Problems,https://olimpicos.net/usapho/index.html#2026,not_published,Individual file not published; consult problem_documents for shared-paper availability.
problem,943,usapho,2026,F=ma,Problems,https://olimpicos.net/usapho/index.html#2026,not_published,Individual file not published; consult problem_documents for shared-paper availability.
problem,944,usapho,2026,F=ma,Problems,https://olimpicos.net/usapho/index.html#2026,not_published,Individual file not published; consult problem_documents for shared-paper availability.
problem,945,usapho,2026,F=ma,Problems,https://olimpicos.net/usapho/index.html#2026,not_published,Individual file not published; consult problem_documents for shared-paper availability.
problem,946,usapho,2026,F=ma,Problems,https://olimpicos.net/usapho/index.html#2026,not_published,Individual file not published; consult problem_documents for shared-paper availability.
problem,947,usapho,2026,F=ma,Problems,https://olimpicos.net/usapho/index.html#2026,not_published,Individual file not published; consult problem_documents for shared-paper availability.
problem,948,usapho,2026,F=ma,Problems,https://olimpicos.net/usapho/index.html#2026,not_published,Individual file not published; consult problem_documents for shared-paper availability.
problem,949,usapho,2026,F=ma,Problems,https://olimpicos.net/usapho/index.html#2026,not_published,Individual file not published; consult problem_documents for shared-paper availability.
problem,950,usapho,2026,F=ma,Problems,https://olimpicos.net/usapho/index.html#2026,not_published,Individual file not published; consult problem_documents for shared-paper availability.
problem,951,usapho,2026,F=ma,Problems,https://olimpicos.net/usapho/index.html#2026,not_published,Individual file not published; consult problem_documents for shared-paper availability.
problem,952,usapho,2026,F=ma,Problems,https://olimpicos.net/usapho/index.html#2026,not_published,Individual file not published; consult problem_documents for shared-paper availability.
problem,953,usapho,2026,F=ma,Problems,https://olimpicos.net/usapho/index.html#2026,not_published,Individual file not published; consult problem_documents for shared-paper availability.
problem,954,usapho,2026,F=ma,Problems,https://olimpicos.net/usapho/index.html#2026,not_published,Individual file not published; consult problem_documents for shared-paper availability.
problem,955,usapho,2026,F=ma,Problems,https://olimpicos.net/usapho/index.html#2026,not_published,Individual file not published; consult problem_documents for shared-paper availability.
problem,956,usapho,2026,USAPhO,Problems,https://olimpicos.net/usapho/index.html#2026,not_published,Individual file not published; consult problem_documents for shared-paper availability.
problem,957,usapho,2026,USAPhO,Problems,https://olimpicos.net/usapho/index.html#2026,not_published,Individual file not published; consult problem_documents for shared-paper availability.
problem,958,usapho,2026,USAPhO,Problems,https://olimpicos.net/usapho/index.html#2026,not_published,Individual file not published; consult problem_documents for shared-paper availability.
problem,959,usapho,2026,USAPhO,Problems,https://olimpicos.net/usapho/index.html#2026,not_published,Individual file not published; consult problem_documents for shared-paper availability.
problem,960,usapho,2026,USAPhO,Problems,https://olimpicos.net/usapho/index.html#2026,not_published,Individual file not published; consult problem_documents for shared-paper availability.
problem,961,usapho,2026,USAPhO,Problems,https://olimpicos.net/usapho/index.html#2026,not_published,Individual file not published; consult problem_documents for shared-paper availability.
problem,962,usapho,2025,F=ma,Problems,https://olimpicos.net/usapho/index.html#2025,not_published,Individual file not published; consult problem_documents for shared-paper availability.
problem,963,usapho,2025,F=ma,Problems,https://olimpicos.net/usapho/index.html#2025,not_published,Individual file not published; consult problem_documents for shared-paper availability.
problem,964,usapho,2025,F=ma,Problems,https://olimpicos.net/usapho/index.html#2025,not_published,Individual file not published; consult problem_documents for shared-paper availability.
problem,965,usapho,2025,F=ma,Problems,https://olimpicos.net/usapho/index.html#2025,not_published,Individual file not published; consult problem_documents for shared-paper availability.
problem,966,usapho,2025,F=ma,Problems,https://olimpicos.net/usapho/index.html#2025,not_published,Individual file not published; consult problem_documents for shared-paper availability.
problem,967,usapho,2025,F=ma,Problems,https://olimpicos.net/usapho/index.html#2025,not_published,Individual file not published; consult problem_documents for shared-paper availability.
problem,968,usapho,2025,F=ma,Problems,https://olimpicos.net/usapho/index.html#2025,not_published,Individual file not published; consult problem_documents for shared-paper availability.
problem,969,usapho,2025,F=ma,Problems,https://olimpicos.net/usapho/index.html#2025,not_published,Individual file not published; consult problem_documents for shared-paper availability.
problem,970,usapho,2025,F=ma,Problems,https://olimpicos.net/usapho/index.html#2025,not_published,Individual file not published; consult problem_documents for shared-paper availability.
problem,971,usapho,2025,F=ma,Problems,https://olimpicos.net/usapho/index.html#2025,not_published,Individual file not published; consult problem_documents for shared-paper availability.
problem,972,usapho,2025,F=ma,Problems,https://olimpicos.net/usapho/index.html#2025,not_published,Individual file not published; consult problem_documents for shared-paper availability.
problem,973,usapho,2025,F=ma,Problems,https://olimpicos.net/usapho/index.html#2025,not_published,Individual file not published; consult problem_documents for shared-paper availability.
problem,974,usapho,2025,F=ma,Problems,https://olimpicos.net/usapho/index.html#2025,not_published,Individual file not published; consult problem_documents for shared-paper availability.
problem,975,usapho,2025,F=ma,Problems,https://olimpicos.net/usapho/index.html#2025,not_published,Individual file not published; consult problem_documents for shared-paper availability.
problem,976,usapho,2025,F=ma,Problems,https://olimpicos.net/usapho/index.html#2025,not_published,Individual file not published; consult problem_documents for shared-paper availability.
problem,977,usapho,2025,F=ma,Problems,https://olimpicos.net/usapho/index.html#2025,not_published,Individual file not published; consult problem_documents for shared-paper availability.
problem,978,usapho,2025,F=ma,Problems,https://olimpicos.net/usapho/index.html#2025,not_published,Individual file not published; consult problem_documents for shared-paper availability.
problem,979,usapho,2025,F=ma,Problems,https://olimpicos.net/usapho/index.html#2025,not_published,Individual file not published; consult problem_documents for shared-paper availability.
problem,980,usapho,2025,F=ma,Problems,https://olimpicos.net/usapho/index.html#2025,not_published,Individual file not published; consult problem_documents for shared-paper availability.
problem,981,usapho,2025,F=ma,Problems,https://olimpicos.net/usapho/index.html#2025,not_published,Individual file not published; consult problem_documents for shared-paper availability.
problem,982,usapho,2025,F=ma,Problems,https://olimpicos.net/usapho/index.html#2025,not_published,Individual file not published; consult problem_documents for shared-paper availability.
problem,983,usapho,2025,F=ma,Problems,https://olimpicos.net/usapho/index.html#2025,not_published,Individual file not published; consult problem_documents for shared-paper availability.
problem,984,usapho,2025,F=ma,Problems,https://olimpicos.net/usapho/index.html#2025,not_published,Individual file not published; consult problem_documents for shared-paper availability.
problem,985,usapho,2025,F=ma,Problems,https://olimpicos.net/usapho/index.html#2025,not_published,Individual file not published; consult problem_documents for shared-paper availability.
problem,986,usapho,2025,F=ma,Problems,https://olimpicos.net/usapho/index.html#2025,not_published,Individual file not published; consult problem_documents for shared-paper availability.
problem,987,usapho,2025,USAPhO,Problems,https://olimpicos.net/usapho/index.html#2025,not_published,Individual file not published; consult problem_documents for shared-paper availability.
problem,988,usapho,2025,USAPhO,Problems,https://olimpicos.net/usapho/index.html#2025,not_published,Individual file not published; consult problem_documents for shared-paper availability.
problem,989,usapho,2025,USAPhO,Problems,https://olimpicos.net/usapho/index.html#2025,not_published,Individual file not published; consult problem_documents for shared-paper availability.
problem,990,usapho,2025,USAPhO,Problems,https://olimpicos.net/usapho/index.html#2025,not_published,Individual file not published; consult problem_documents for shared-paper availability.
problem,991,usapho,2025,USAPhO,Problems,https://olimpicos.net/usapho/index.html#2025,not_published,Individual file not published; consult problem_documents for shared-paper availability.
problem,992,usapho,2025,USAPhO,Problems,https://olimpicos.net/usapho/index.html#2025,not_published,Individual file not published; consult problem_documents for shared-paper availability.
problem,993,usapho,2024,F=ma,Problems,https://olimpicos.net/usapho/index.html#2024,not_published,Individual file not published; consult problem_documents for shared-paper availability.
problem,994,usapho,2024,F=ma,Problems,https://olimpicos.net/usapho/index.html#2024,not_published,Individual file not published; consult problem_documents for shared-paper availability.
problem,995,usapho,2024,F=ma,Problems,https://olimpicos.net/usapho/index.html#2024,not_published,Individual file not published; consult problem_documents for shared-paper availability.
problem,996,usapho,2024,F=ma,Problems,https://olimpicos.net/usapho/index.html#2024,not_published,Individual file not published; consult problem_documents for shared-paper availability.
problem,997,usapho,2024,F=ma,Problems,https://olimpicos.net/usapho/index.html#2024,not_published,Individual file not published; consult problem_documents for shared-paper availability.
problem,998,usapho,2024,F=ma,Problems,https://olimpicos.net/usapho/index.html#2024,not_published,Individual file not published; consult problem_documents for shared-paper availability.
problem,999,usapho,2024,F=ma,Problems,https://olimpicos.net/usapho/index.html#2024,not_published,Individual file not published; consult problem_documents for shared-paper availability.
problem,1000,usapho,2024,F=ma,Problems,https://olimpicos.net/usapho/index.html#2024,not_published,Individual file not published; consult problem_documents for shared-paper availability.
problem,1001,usapho,2024,F=ma,Problems,https://olimpicos.net/usapho/index.html#2024,not_published,Individual file not published; consult problem_documents for shared-paper availability.
problem,1002,usapho,2024,F=ma,Problems,https://olimpicos.net/usapho/index.html#2024,not_published,Individual file not published; consult problem_documents for shared-paper availability.
problem,1003,usapho,2024,F=ma,Problems,https://olimpicos.net/usapho/index.html#2024,not_published,Individual file not published; consult problem_documents for shared-paper availability.
problem,1004,usapho,2024,F=ma,Problems,https://olimpicos.net/usapho/index.html#2024,not_published,Individual file not published; consult problem_documents for shared-paper availability.
problem,1005,usapho,2024,F=ma,Problems,https://olimpicos.net/usapho/index.html#2024,not_published,Individual file not published; consult problem_documents for shared-paper availability.
problem,1006,usapho,2024,F=ma,Problems,https://olimpicos.net/usapho/index.html#2024,not_published,Individual file not published; consult problem_documents for shared-paper availability.
problem,1007,usapho,2024,F=ma,Problems,https://olimpicos.net/usapho/index.html#2024,not_published,Individual file not published; consult problem_documents for shared-paper availability.
problem,1008,usapho,2024,F=ma,Problems,https://olimpicos.net/usapho/index.html#2024,not_published,Individual file not published; consult problem_documents for shared-paper availability.
problem,1009,usapho,2024,F=ma,Problems,https://olimpicos.net/usapho/index.html#2024,not_published,Individual file not published; consult problem_documents for shared-paper availability.
problem,1010,usapho,2024,F=ma,Problems,https://olimpicos.net/usapho/index.html#2024,not_published,Individual file not published; consult problem_documents for shared-paper availability.
problem,1011,usapho,2024,F=ma,Problems,https://olimpicos.net/usapho/index.html#2024,not_published,Individual file not published; consult problem_documents for shared-paper availability.
problem,1012,usapho,2024,F=ma,Problems,https://olimpicos.net/usapho/index.html#2024,not_published,Individual file not published; consult problem_documents for shared-paper availability.
problem,1013,usapho,2024,F=ma,Problems,https://olimpicos.net/usapho/index.html#2024,not_published,Individual file not published; consult problem_documents for shared-paper availability.
problem,1014,usapho,2024,F=ma,Problems,https://olimpicos.net/usapho/index.html#2024,not_published,Individual file not published; consult problem_documents for shared-paper availability.
problem,1015,usapho,2024,F=ma,Problems,https://olimpicos.net/usapho/index.html#2024,not_published,Individual file not published; consult problem_documents for shared-paper availability.
problem,1016,usapho,2024,F=ma,Problems,https://olimpicos.net/usapho/index.html#2024,not_published,Individual file not published; consult problem_documents for shared-paper availability.
problem,1017,usapho,2024,F=ma,Problems,https://olimpicos.net/usapho/index.html#2024,not_published,Individual file not published; consult problem_documents for shared-paper availability.
problem,1018,usapho,2024,USAPhO,Problems,https://olimpicos.net/usapho/index.html#2024,not_published,Individual file not published; consult problem_documents for shared-paper availability.
problem,1019,usapho,2024,USAPhO,Problems,https://olimpicos.net/usapho/index.html#2024,not_published,Individual file not published; consult problem_documents for shared-paper availability.
problem,1020,usapho,2024,USAPhO,Problems,https://olimpicos.net/usapho/index.html#2024,not_published,Individual file not published; consult problem_documents for shared-paper availability.
problem,1021,usapho,2024,USAPhO,Problems,https://olimpicos.net/usapho/index.html#2024,not_published,Individual file not published; consult problem_documents for shared-paper availability.
problem,1022,usapho,2024,USAPhO,Problems,https://olimpicos.net/usapho/index.html#2024,not_published,Individual file not published; consult problem_documents for shared-paper availability.
problem,1023,usapho,2024,USAPhO,Problems,https://olimpicos.net/usapho/index.html#2024,not_published,Individual file not published; consult problem_documents for shared-paper availability.
problem,1024,usapho,2023,F=ma,Problems,https://olimpicos.net/usapho/index.html#2023,not_published,Individual file not published; consult problem_documents for shared-paper availability.
problem,1025,usapho,2023,F=ma,Problems,https://olimpicos.net/usapho/index.html#2023,not_published,Individual file not published; consult problem_documents for shared-paper availability.
problem,1026,usapho,2023,F=ma,Problems,https://olimpicos.net/usapho/index.html#2023,not_published,Individual file not published; consult problem_documents for shared-paper availability.
problem,1027,usapho,2023,F=ma,Problems,https://olimpicos.net/usapho/index.html#2023,not_published,Individual file not published; consult problem_documents for shared-paper availability.
problem,1028,usapho,2023,F=ma,Problems,https://olimpicos.net/usapho/index.html#2023,not_published,Individual file not published; consult problem_documents for shared-paper availability.
problem,1029,usapho,2023,F=ma,Problems,https://olimpicos.net/usapho/index.html#2023,not_published,Individual file not published; consult problem_documents for shared-paper availability.
problem,1030,usapho,2023,F=ma,Problems,https://olimpicos.net/usapho/index.html#2023,not_published,Individual file not published; consult problem_documents for shared-paper availability.
problem,1031,usapho,2023,F=ma,Problems,https://olimpicos.net/usapho/index.html#2023,not_published,Individual file not published; consult problem_documents for shared-paper availability.
problem,1032,usapho,2023,F=ma,Problems,https://olimpicos.net/usapho/index.html#2023,not_published,Individual file not published; consult problem_documents for shared-paper availability.
problem,1033,usapho,2023,F=ma,Problems,https://olimpicos.net/usapho/index.html#2023,not_published,Individual file not published; consult problem_documents for shared-paper availability.
problem,1034,usapho,2023,F=ma,Problems,https://olimpicos.net/usapho/index.html#2023,not_published,Individual file not published; consult problem_documents for shared-paper availability.
problem,1035,usapho,2023,F=ma,Problems,https://olimpicos.net/usapho/index.html#2023,not_published,Individual file not published; consult problem_documents for shared-paper availability.
problem,1036,usapho,2023,F=ma,Problems,https://olimpicos.net/usapho/index.html#2023,not_published,Individual file not published; consult problem_documents for shared-paper availability.
problem,1037,usapho,2023,F=ma,Problems,https://olimpicos.net/usapho/index.html#2023,not_published,Individual file not published; consult problem_documents for shared-paper availability.
problem,1038,usapho,2023,F=ma,Problems,https://olimpicos.net/usapho/index.html#2023,not_published,Individual file not published; consult problem_documents for shared-paper availability.
problem,1039,usapho,2023,F=ma,Problems,https://olimpicos.net/usapho/index.html#2023,not_published,Individual file not published; consult problem_documents for shared-paper availability.
problem,1040,usapho,2023,F=ma,Problems,https://olimpicos.net/usapho/index.html#2023,not_published,Individual file not published; consult problem_documents for shared-paper availability.
problem,1041,usapho,2023,F=ma,Problems,https://olimpicos.net/usapho/index.html#2023,not_published,Individual file not published; consult problem_documents for shared-paper availability.
problem,1042,usapho,2023,F=ma,Problems,https://olimpicos.net/usapho/index.html#2023,not_published,Individual file not published; consult problem_documents for shared-paper availability.
problem,1043,usapho,2023,F=ma,Problems,https://olimpicos.net/usapho/index.html#2023,not_published,Individual file not published; consult problem_documents for shared-paper availability.
problem,1044,usapho,2023,F=ma,Problems,https://olimpicos.net/usapho/index.html#2023,not_published,Individual file not published; consult problem_documents for shared-paper availability.
problem,1045,usapho,2023,F=ma,Problems,https://olimpicos.net/usapho/index.html#2023,not_published,Individual file not published; consult problem_documents for shared-paper availability.
problem,1046,usapho,2023,F=ma,Problems,https://olimpicos.net/usapho/index.html#2023,not_published,Individual file not published; consult problem_documents for shared-paper availability.
problem,1047,usapho,2023,F=ma,Problems,https://olimpicos.net/usapho/index.html#2023,not_published,Individual file not published; consult problem_documents for shared-paper availability.
problem,1048,usapho,2023,F=ma,Problems,https://olimpicos.net/usapho/index.html#2023,not_published,Individual file not published; consult problem_documents for shared-paper availability.
problem,1049,usapho,2023,USAPhO,Problems,https://olimpicos.net/usapho/index.html#2023,not_published,Individual file not published; consult problem_documents for shared-paper availability.
problem,1050,usapho,2023,USAPhO,Problems,https://olimpicos.net/usapho/index.html#2023,not_published,Individual file not published; consult problem_documents for shared-paper availability.
problem,1051,usapho,2023,USAPhO,Problems,https://olimpicos.net/usapho/index.html#2023,not_published,Individual file not published; consult problem_documents for shared-paper availability.
problem,1052,usapho,2023,USAPhO,Problems,https://olimpicos.net/usapho/index.html#2023,not_published,Individual file not published; consult problem_documents for shared-paper availability.
problem,1053,usapho,2023,USAPhO,Problems,https://olimpicos.net/usapho/index.html#2023,not_published,Individual file not published; consult problem_documents for shared-paper availability.
problem,1054,usapho,2023,USAPhO,Problems,https://olimpicos.net/usapho/index.html#2023,not_published,Individual file not published; consult problem_documents for shared-paper availability.
problem,1055,usapho,2022,F=ma,Exam A,https://olimpicos.net/usapho/index.html#2022,not_published,Individual file not published; consult problem_documents for shared-paper availability.
problem,1056,usapho,2022,F=ma,Exam A,https://olimpicos.net/usapho/index.html#2022,not_published,Individual file not published; consult problem_documents for shared-paper availability.
problem,1057,usapho,2022,F=ma,Exam A,https://olimpicos.net/usapho/index.html#2022,not_published,Individual file not published; consult problem_documents for shared-paper availability.
problem,1058,usapho,2022,F=ma,Exam A,https://olimpicos.net/usapho/index.html#2022,not_published,Individual file not published; consult problem_documents for shared-paper availability.
problem,1059,usapho,2022,F=ma,Exam A,https://olimpicos.net/usapho/index.html#2022,not_published,Individual file not published; consult problem_documents for shared-paper availability.
problem,1060,usapho,2022,F=ma,Exam A,https://olimpicos.net/usapho/index.html#2022,not_published,Individual file not published; consult problem_documents for shared-paper availability.
problem,1061,usapho,2022,F=ma,Exam A,https://olimpicos.net/usapho/index.html#2022,not_published,Individual file not published; consult problem_documents for shared-paper availability.
problem,1062,usapho,2022,F=ma,Exam A,https://olimpicos.net/usapho/index.html#2022,not_published,Individual file not published; consult problem_documents for shared-paper availability.
problem,1063,usapho,2022,F=ma,Exam A,https://olimpicos.net/usapho/index.html#2022,not_published,Individual file not published; consult problem_documents for shared-paper availability.
problem,1064,usapho,2022,F=ma,Exam A,https://olimpicos.net/usapho/index.html#2022,not_published,Individual file not published; consult problem_documents for shared-paper availability.
problem,1065,usapho,2022,F=ma,Exam A,https://olimpicos.net/usapho/index.html#2022,not_published,Individual file not published; consult problem_documents for shared-paper availability.
problem,1066,usapho,2022,F=ma,Exam A,https://olimpicos.net/usapho/index.html#2022,not_published,Individual file not published; consult problem_documents for shared-paper availability.
problem,1067,usapho,2022,F=ma,Exam A,https://olimpicos.net/usapho/index.html#2022,not_published,Individual file not published; consult problem_documents for shared-paper availability.
problem,1068,usapho,2022,F=ma,Exam A,https://olimpicos.net/usapho/index.html#2022,not_published,Individual file not published; consult problem_documents for shared-paper availability.
problem,1069,usapho,2022,F=ma,Exam A,https://olimpicos.net/usapho/index.html#2022,not_published,Individual file not published; consult problem_documents for shared-paper availability.
problem,1070,usapho,2022,F=ma,Exam A,https://olimpicos.net/usapho/index.html#2022,not_published,Individual file not published; consult problem_documents for shared-paper availability.
problem,1071,usapho,2022,F=ma,Exam A,https://olimpicos.net/usapho/index.html#2022,not_published,Individual file not published; consult problem_documents for shared-paper availability.
problem,1072,usapho,2022,F=ma,Exam A,https://olimpicos.net/usapho/index.html#2022,not_published,Individual file not published; consult problem_documents for shared-paper availability.
problem,1073,usapho,2022,F=ma,Exam A,https://olimpicos.net/usapho/index.html#2022,not_published,Individual file not published; consult problem_documents for shared-paper availability.
problem,1074,usapho,2022,F=ma,Exam A,https://olimpicos.net/usapho/index.html#2022,not_published,Individual file not published; consult problem_documents for shared-paper availability.
problem,1075,usapho,2022,F=ma,Exam A,https://olimpicos.net/usapho/index.html#2022,not_published,Individual file not published; consult problem_documents for shared-paper availability.
problem,1076,usapho,2022,F=ma,Exam A,https://olimpicos.net/usapho/index.html#2022,not_published,Individual file not published; consult problem_documents for shared-paper availability.
problem,1077,usapho,2022,F=ma,Exam A,https://olimpicos.net/usapho/index.html#2022,not_published,Individual file not published; consult problem_documents for shared-paper availability.
problem,1078,usapho,2022,F=ma,Exam A,https://olimpicos.net/usapho/index.html#2022,not_published,Individual file not published; consult problem_documents for shared-paper availability.
problem,1079,usapho,2022,F=ma,Exam A,https://olimpicos.net/usapho/index.html#2022,not_published,Individual file not published; consult problem_documents for shared-paper availability.
problem,1080,usapho,2022,F=ma,Exam B,https://olimpicos.net/usapho/index.html#2022,not_published,Individual file not published; consult problem_documents for shared-paper availability.
problem,1081,usapho,2022,F=ma,Exam B,https://olimpicos.net/usapho/index.html#2022,not_published,Individual file not published; consult problem_documents for shared-paper availability.
problem,1082,usapho,2022,F=ma,Exam B,https://olimpicos.net/usapho/index.html#2022,not_published,Individual file not published; consult problem_documents for shared-paper availability.
problem,1083,usapho,2022,F=ma,Exam B,https://olimpicos.net/usapho/index.html#2022,not_published,Individual file not published; consult problem_documents for shared-paper availability.
problem,1084,usapho,2022,F=ma,Exam B,https://olimpicos.net/usapho/index.html#2022,not_published,Individual file not published; consult problem_documents for shared-paper availability.
problem,1085,usapho,2022,F=ma,Exam B,https://olimpicos.net/usapho/index.html#2022,not_published,Individual file not published; consult problem_documents for shared-paper availability.
problem,1086,usapho,2022,F=ma,Exam B,https://olimpicos.net/usapho/index.html#2022,not_published,Individual file not published; consult problem_documents for shared-paper availability.
problem,1087,usapho,2022,F=ma,Exam B,https://olimpicos.net/usapho/index.html#2022,not_published,Individual file not published; consult problem_documents for shared-paper availability.
problem,1088,usapho,2022,F=ma,Exam B,https://olimpicos.net/usapho/index.html#2022,not_published,Individual file not published; consult problem_documents for shared-paper availability.
problem,1089,usapho,2022,F=ma,Exam B,https://olimpicos.net/usapho/index.html#2022,not_published,Individual file not published; consult problem_documents for shared-paper availability.
problem,1090,usapho,2022,F=ma,Exam B,https://olimpicos.net/usapho/index.html#2022,not_published,Individual file not published; consult problem_documents for shared-paper availability.
problem,1091,usapho,2022,F=ma,Exam B,https://olimpicos.net/usapho/index.html#2022,not_published,Individual file not published; consult problem_documents for shared-paper availability.
problem,1092,usapho,2022,F=ma,Exam B,https://olimpicos.net/usapho/index.html#2022,not_published,Individual file not published; consult problem_documents for shared-paper availability.
problem,1093,usapho,2022,F=ma,Exam B,https://olimpicos.net/usapho/index.html#2022,not_published,Individual file not published; consult problem_documents for shared-paper availability.
problem,1094,usapho,2022,F=ma,Exam B,https://olimpicos.net/usapho/index.html#2022,not_published,Individual file not published; consult problem_documents for shared-paper availability.
problem,1095,usapho,2022,F=ma,Exam B,https://olimpicos.net/usapho/index.html#2022,not_published,Individual file not published; consult problem_documents for shared-paper availability.
problem,1096,usapho,2022,F=ma,Exam B,https://olimpicos.net/usapho/index.html#2022,not_published,Individual file not published; consult problem_documents for shared-paper availability.
problem,1097,usapho,2022,F=ma,Exam B,https://olimpicos.net/usapho/index.html#2022,not_published,Individual file not published; consult problem_documents for shared-paper availability.
problem,1098,usapho,2022,F=ma,Exam B,https://olimpicos.net/usapho/index.html#2022,not_published,Individual file not published; consult problem_documents for shared-paper availability.
problem,1099,usapho,2022,F=ma,Exam B,https://olimpicos.net/usapho/index.html#2022,not_published,Individual file not published; consult problem_documents for shared-paper availability.
problem,1100,usapho,2022,F=ma,Exam B,https://olimpicos.net/usapho/index.html#2022,not_published,Individual file not published; consult problem_documents for shared-paper availability.
problem,1101,usapho,2022,F=ma,Exam B,https://olimpicos.net/usapho/index.html#2022,not_published,Individual file not published; consult problem_documents for shared-paper availability.
problem,1102,usapho,2022,F=ma,Exam B,https://olimpicos.net/usapho/index.html#2022,not_published,Individual file not published; consult problem_documents for shared-paper availability.
problem,1103,usapho,2022,F=ma,Exam B,https://olimpicos.net/usapho/index.html#2022,not_published,Individual file not published; consult problem_documents for shared-paper availability.
problem,1104,usapho,2022,F=ma,Exam B,https://olimpicos.net/usapho/index.html#2022,not_published,Individual file not published; consult problem_documents for shared-paper availability.
problem,1105,usapho,2022,USAPhO,Problems,https://olimpicos.net/usapho/index.html#2022,not_published,Individual file not published; consult problem_documents for shared-paper availability.
problem,1106,usapho,2022,USAPhO,Problems,https://olimpicos.net/usapho/index.html#2022,not_published,Individual file not published; consult problem_documents for shared-paper availability.
problem,1107,usapho,2022,USAPhO,Problems,https://olimpicos.net/usapho/index.html#2022,not_published,Individual file not published; consult problem_documents for shared-paper availability.
problem,1108,usapho,2022,USAPhO,Problems,https://olimpicos.net/usapho/index.html#2022,not_published,Individual file not published; consult problem_documents for shared-paper availability.
problem,1109,usapho,2022,USAPhO,Problems,https://olimpicos.net/usapho/index.html#2022,not_published,Individual file not published; consult problem_documents for shared-paper availability.
problem,1110,usapho,2022,USAPhO,Problems,https://olimpicos.net/usapho/index.html#2022,not_published,Individual file not published; consult problem_documents for shared-paper availability.
problem,1111,usapho,2022,Training Camp,Theoretical,https://olimpicos.net/usapho/index.html#2022,not_published,Individual file not published; consult problem_documents for shared-paper availability.
problem,1112,usapho,2022,Training Camp,Theoretical,https://olimpicos.net/usapho/index.html#2022,not_published,Individual file not published; consult problem_documents for shared-paper availability.
problem,1113,usapho,2022,Training Camp,Theoretical,https://olimpicos.net/usapho/index.html#2022,not_published,Individual file not published; consult problem_documents for shared-paper availability.
problem,1115,usapho,2021,F=ma,Problems,https://olimpicos.net/usapho/index.html#2021,not_published,Individual file not published; consult problem_documents for shared-paper availability.
problem,1116,usapho,2021,F=ma,Problems,https://olimpicos.net/usapho/index.html#2021,not_published,Individual file not published; consult problem_documents for shared-paper availability.
problem,1117,usapho,2021,F=ma,Problems,https://olimpicos.net/usapho/index.html#2021,not_published,Individual file not published; consult problem_documents for shared-paper availability.
problem,1118,usapho,2021,F=ma,Problems,https://olimpicos.net/usapho/index.html#2021,not_published,Individual file not published; consult problem_documents for shared-paper availability.
problem,1119,usapho,2021,F=ma,Problems,https://olimpicos.net/usapho/index.html#2021,not_published,Individual file not published; consult problem_documents for shared-paper availability.
problem,1120,usapho,2021,F=ma,Problems,https://olimpicos.net/usapho/index.html#2021,not_published,Individual file not published; consult problem_documents for shared-paper availability.
problem,1121,usapho,2021,F=ma,Problems,https://olimpicos.net/usapho/index.html#2021,not_published,Individual file not published; consult problem_documents for shared-paper availability.
problem,1122,usapho,2021,F=ma,Problems,https://olimpicos.net/usapho/index.html#2021,not_published,Individual file not published; consult problem_documents for shared-paper availability.
problem,1123,usapho,2021,F=ma,Problems,https://olimpicos.net/usapho/index.html#2021,not_published,Individual file not published; consult problem_documents for shared-paper availability.
problem,1124,usapho,2021,F=ma,Problems,https://olimpicos.net/usapho/index.html#2021,not_published,Individual file not published; consult problem_documents for shared-paper availability.
problem,1125,usapho,2021,F=ma,Problems,https://olimpicos.net/usapho/index.html#2021,not_published,Individual file not published; consult problem_documents for shared-paper availability.
problem,1126,usapho,2021,F=ma,Problems,https://olimpicos.net/usapho/index.html#2021,not_published,Individual file not published; consult problem_documents for shared-paper availability.
problem,1127,usapho,2021,F=ma,Problems,https://olimpicos.net/usapho/index.html#2021,not_published,Individual file not published; consult problem_documents for shared-paper availability.
problem,1128,usapho,2021,F=ma,Problems,https://olimpicos.net/usapho/index.html#2021,not_published,Individual file not published; consult problem_documents for shared-paper availability.
problem,1129,usapho,2021,F=ma,Problems,https://olimpicos.net/usapho/index.html#2021,not_published,Individual file not published; consult problem_documents for shared-paper availability.
problem,1130,usapho,2021,F=ma,Problems,https://olimpicos.net/usapho/index.html#2021,not_published,Individual file not published; consult problem_documents for shared-paper availability.
problem,1131,usapho,2021,F=ma,Problems,https://olimpicos.net/usapho/index.html#2021,not_published,Individual file not published; consult problem_documents for shared-paper availability.
problem,1132,usapho,2021,F=ma,Problems,https://olimpicos.net/usapho/index.html#2021,not_published,Individual file not published; consult problem_documents for shared-paper availability.
problem,1133,usapho,2021,F=ma,Problems,https://olimpicos.net/usapho/index.html#2021,not_published,Individual file not published; consult problem_documents for shared-paper availability.
problem,1134,usapho,2021,F=ma,Problems,https://olimpicos.net/usapho/index.html#2021,not_published,Individual file not published; consult problem_documents for shared-paper availability.
problem,1135,usapho,2021,F=ma,Problems,https://olimpicos.net/usapho/index.html#2021,not_published,Individual file not published; consult problem_documents for shared-paper availability.
problem,1136,usapho,2021,F=ma,Problems,https://olimpicos.net/usapho/index.html#2021,not_published,Individual file not published; consult problem_documents for shared-paper availability.
problem,1137,usapho,2021,F=ma,Problems,https://olimpicos.net/usapho/index.html#2021,not_published,Individual file not published; consult problem_documents for shared-paper availability.
problem,1138,usapho,2021,F=ma,Problems,https://olimpicos.net/usapho/index.html#2021,not_published,Individual file not published; consult problem_documents for shared-paper availability.
problem,1139,usapho,2021,F=ma,Problems,https://olimpicos.net/usapho/index.html#2021,not_published,Individual file not published; consult problem_documents for shared-paper availability.
problem,1140,usapho,2021,USAPhO,Problems,https://olimpicos.net/usapho/index.html#2021,not_published,Individual file not published; consult problem_documents for shared-paper availability.
problem,1141,usapho,2021,USAPhO,Problems,https://olimpicos.net/usapho/index.html#2021,not_published,Individual file not published; consult problem_documents for shared-paper availability.
problem,1142,usapho,2021,USAPhO,Problems,https://olimpicos.net/usapho/index.html#2021,not_published,Individual file not published; consult problem_documents for shared-paper availability.
problem,1143,usapho,2021,USAPhO,Problems,https://olimpicos.net/usapho/index.html#2021,not_published,Individual file not published; consult problem_documents for shared-paper availability.
problem,1144,usapho,2021,USAPhO,Problems,https://olimpicos.net/usapho/index.html#2021,not_published,Individual file not published; consult problem_documents for shared-paper availability.
problem,1145,usapho,2021,USAPhO,Problems,https://olimpicos.net/usapho/index.html#2021,not_published,Individual file not published; consult problem_documents for shared-paper availability.
problem,1146,usapho,2021,USAPhO Plus,Problems,https://olimpicos.net/usapho/index.html#2021,not_published,Individual file not published; consult problem_documents for shared-paper availability.
problem,1147,usapho,2021,USAPhO Plus,Problems,https://olimpicos.net/usapho/index.html#2021,not_published,Individual file not published; consult problem_documents for shared-paper availability.
problem,1148,usapho,2021,USAPhO Plus,Problems,https://olimpicos.net/usapho/index.html#2021,not_published,Individual file not published; consult problem_documents for shared-paper availability.
problem,1149,usapho,2020,F=ma,Exam A,https://olimpicos.net/usapho/index.html#2020,not_published,Individual file not published; consult problem_documents for shared-paper availability.
problem,1150,usapho,2020,F=ma,Exam A,https://olimpicos.net/usapho/index.html#2020,not_published,Individual file not published; consult problem_documents for shared-paper availability.
problem,1151,usapho,2020,F=ma,Exam A,https://olimpicos.net/usapho/index.html#2020,not_published,Individual file not published; consult problem_documents for shared-paper availability.
problem,1152,usapho,2020,F=ma,Exam A,https://olimpicos.net/usapho/index.html#2020,not_published,Individual file not published; consult problem_documents for shared-paper availability.
problem,1153,usapho,2020,F=ma,Exam A,https://olimpicos.net/usapho/index.html#2020,not_published,Individual file not published; consult problem_documents for shared-paper availability.
problem,1154,usapho,2020,F=ma,Exam A,https://olimpicos.net/usapho/index.html#2020,not_published,Individual file not published; consult problem_documents for shared-paper availability.
problem,1155,usapho,2020,F=ma,Exam A,https://olimpicos.net/usapho/index.html#2020,not_published,Individual file not published; consult problem_documents for shared-paper availability.
problem,1156,usapho,2020,F=ma,Exam A,https://olimpicos.net/usapho/index.html#2020,not_published,Individual file not published; consult problem_documents for shared-paper availability.
problem,1157,usapho,2020,F=ma,Exam A,https://olimpicos.net/usapho/index.html#2020,not_published,Individual file not published; consult problem_documents for shared-paper availability.
problem,1158,usapho,2020,F=ma,Exam A,https://olimpicos.net/usapho/index.html#2020,not_published,Individual file not published; consult problem_documents for shared-paper availability.
problem,1159,usapho,2020,F=ma,Exam A,https://olimpicos.net/usapho/index.html#2020,not_published,Individual file not published; consult problem_documents for shared-paper availability.
problem,1160,usapho,2020,F=ma,Exam A,https://olimpicos.net/usapho/index.html#2020,not_published,Individual file not published; consult problem_documents for shared-paper availability.
problem,1161,usapho,2020,F=ma,Exam A,https://olimpicos.net/usapho/index.html#2020,not_published,Individual file not published; consult problem_documents for shared-paper availability.
problem,1162,usapho,2020,F=ma,Exam A,https://olimpicos.net/usapho/index.html#2020,not_published,Individual file not published; consult problem_documents for shared-paper availability.
problem,1163,usapho,2020,F=ma,Exam A,https://olimpicos.net/usapho/index.html#2020,not_published,Individual file not published; consult problem_documents for shared-paper availability.
problem,1164,usapho,2020,F=ma,Exam A,https://olimpicos.net/usapho/index.html#2020,not_published,Individual file not published; consult problem_documents for shared-paper availability.
problem,1165,usapho,2020,F=ma,Exam A,https://olimpicos.net/usapho/index.html#2020,not_published,Individual file not published; consult problem_documents for shared-paper availability.
problem,1166,usapho,2020,F=ma,Exam A,https://olimpicos.net/usapho/index.html#2020,not_published,Individual file not published; consult problem_documents for shared-paper availability.
problem,1167,usapho,2020,F=ma,Exam A,https://olimpicos.net/usapho/index.html#2020,not_published,Individual file not published; consult problem_documents for shared-paper availability.
problem,1168,usapho,2020,F=ma,Exam A,https://olimpicos.net/usapho/index.html#2020,not_published,Individual file not published; consult problem_documents for shared-paper availability.
problem,1169,usapho,2020,F=ma,Exam A,https://olimpicos.net/usapho/index.html#2020,not_published,Individual file not published; consult problem_documents for shared-paper availability.
problem,1170,usapho,2020,F=ma,Exam A,https://olimpicos.net/usapho/index.html#2020,not_published,Individual file not published; consult problem_documents for shared-paper availability.
problem,1171,usapho,2020,F=ma,Exam A,https://olimpicos.net/usapho/index.html#2020,not_published,Individual file not published; consult problem_documents for shared-paper availability.
problem,1172,usapho,2020,F=ma,Exam A,https://olimpicos.net/usapho/index.html#2020,not_published,Individual file not published; consult problem_documents for shared-paper availability.
problem,1173,usapho,2020,F=ma,Exam A,https://olimpicos.net/usapho/index.html#2020,not_published,Individual file not published; consult problem_documents for shared-paper availability.
problem,1174,usapho,2020,F=ma,Exam B,https://olimpicos.net/usapho/index.html#2020,not_published,Individual file not published; consult problem_documents for shared-paper availability.
problem,1175,usapho,2020,F=ma,Exam B,https://olimpicos.net/usapho/index.html#2020,not_published,Individual file not published; consult problem_documents for shared-paper availability.
problem,1176,usapho,2020,F=ma,Exam B,https://olimpicos.net/usapho/index.html#2020,not_published,Individual file not published; consult problem_documents for shared-paper availability.
problem,1177,usapho,2020,F=ma,Exam B,https://olimpicos.net/usapho/index.html#2020,not_published,Individual file not published; consult problem_documents for shared-paper availability.
problem,1178,usapho,2020,F=ma,Exam B,https://olimpicos.net/usapho/index.html#2020,not_published,Individual file not published; consult problem_documents for shared-paper availability.
problem,1179,usapho,2020,F=ma,Exam B,https://olimpicos.net/usapho/index.html#2020,not_published,Individual file not published; consult problem_documents for shared-paper availability.
problem,1180,usapho,2020,F=ma,Exam B,https://olimpicos.net/usapho/index.html#2020,not_published,Individual file not published; consult problem_documents for shared-paper availability.
problem,1181,usapho,2020,F=ma,Exam B,https://olimpicos.net/usapho/index.html#2020,not_published,Individual file not published; consult problem_documents for shared-paper availability.
problem,1182,usapho,2020,F=ma,Exam B,https://olimpicos.net/usapho/index.html#2020,not_published,Individual file not published; consult problem_documents for shared-paper availability.
problem,1183,usapho,2020,F=ma,Exam B,https://olimpicos.net/usapho/index.html#2020,not_published,Individual file not published; consult problem_documents for shared-paper availability.
problem,1184,usapho,2020,F=ma,Exam B,https://olimpicos.net/usapho/index.html#2020,not_published,Individual file not published; consult problem_documents for shared-paper availability.
problem,1185,usapho,2020,F=ma,Exam B,https://olimpicos.net/usapho/index.html#2020,not_published,Individual file not published; consult problem_documents for shared-paper availability.
problem,1186,usapho,2020,F=ma,Exam B,https://olimpicos.net/usapho/index.html#2020,not_published,Individual file not published; consult problem_documents for shared-paper availability.
problem,1187,usapho,2020,F=ma,Exam B,https://olimpicos.net/usapho/index.html#2020,not_published,Individual file not published; consult problem_documents for shared-paper availability.
problem,1188,usapho,2020,F=ma,Exam B,https://olimpicos.net/usapho/index.html#2020,not_published,Individual file not published; consult problem_documents for shared-paper availability.
problem,1189,usapho,2020,F=ma,Exam B,https://olimpicos.net/usapho/index.html#2020,not_published,Individual file not published; consult problem_documents for shared-paper availability.
problem,1190,usapho,2020,F=ma,Exam B,https://olimpicos.net/usapho/index.html#2020,not_published,Individual file not published; consult problem_documents for shared-paper availability.
problem,1191,usapho,2020,F=ma,Exam B,https://olimpicos.net/usapho/index.html#2020,not_published,Individual file not published; consult problem_documents for shared-paper availability.
problem,1192,usapho,2020,F=ma,Exam B,https://olimpicos.net/usapho/index.html#2020,not_published,Individual file not published; consult problem_documents for shared-paper availability.
problem,1193,usapho,2020,F=ma,Exam B,https://olimpicos.net/usapho/index.html#2020,not_published,Individual file not published; consult problem_documents for shared-paper availability.
problem,1194,usapho,2020,F=ma,Exam B,https://olimpicos.net/usapho/index.html#2020,not_published,Individual file not published; consult problem_documents for shared-paper availability.
problem,1195,usapho,2020,F=ma,Exam B,https://olimpicos.net/usapho/index.html#2020,not_published,Individual file not published; consult problem_documents for shared-paper availability.
problem,1196,usapho,2020,F=ma,Exam B,https://olimpicos.net/usapho/index.html#2020,not_published,Individual file not published; consult problem_documents for shared-paper availability.
problem,1197,usapho,2020,F=ma,Exam B,https://olimpicos.net/usapho/index.html#2020,not_published,Individual file not published; consult problem_documents for shared-paper availability.
problem,1198,usapho,2020,F=ma,Exam B,https://olimpicos.net/usapho/index.html#2020,not_published,Individual file not published; consult problem_documents for shared-paper availability.
problem,1199,usapho,2020,USAPhO,Problems,https://olimpicos.net/usapho/index.html#2020,not_published,Individual file not published; consult problem_documents for shared-paper availability.
problem,1200,usapho,2020,USAPhO,Problems,https://olimpicos.net/usapho/index.html#2020,not_published,Individual file not published; consult problem_documents for shared-paper availability.
problem,1201,usapho,2020,USAPhO,Problems,https://olimpicos.net/usapho/index.html#2020,not_published,Individual file not published; consult problem_documents for shared-paper availability.
problem,1202,usapho,2020,USAPhO,Problems,https://olimpicos.net/usapho/index.html#2020,not_published,Individual file not published; consult problem_documents for shared-paper availability.
problem,1203,usapho,2020,USAPhO,Problems,https://olimpicos.net/usapho/index.html#2020,not_published,Individual file not published; consult problem_documents for shared-paper availability.
problem,1204,usapho,2020,USAPhO,Problems,https://olimpicos.net/usapho/index.html#2020,not_published,Individual file not published; consult problem_documents for shared-paper availability.
problem,1205,usapho,2019,F=ma,Exam A,https://olimpicos.net/usapho/index.html#2019,not_published,Individual file not published; consult problem_documents for shared-paper availability.
problem,1206,usapho,2019,F=ma,Exam A,https://olimpicos.net/usapho/index.html#2019,not_published,Individual file not published; consult problem_documents for shared-paper availability.
problem,1207,usapho,2019,F=ma,Exam A,https://olimpicos.net/usapho/index.html#2019,not_published,Individual file not published; consult problem_documents for shared-paper availability.
problem,1208,usapho,2019,F=ma,Exam A,https://olimpicos.net/usapho/index.html#2019,not_published,Individual file not published; consult problem_documents for shared-paper availability.
problem,1209,usapho,2019,F=ma,Exam A,https://olimpicos.net/usapho/index.html#2019,not_published,Individual file not published; consult problem_documents for shared-paper availability.
problem,1210,usapho,2019,F=ma,Exam A,https://olimpicos.net/usapho/index.html#2019,not_published,Individual file not published; consult problem_documents for shared-paper availability.
problem,1211,usapho,2019,F=ma,Exam A,https://olimpicos.net/usapho/index.html#2019,not_published,Individual file not published; consult problem_documents for shared-paper availability.
problem,1212,usapho,2019,F=ma,Exam A,https://olimpicos.net/usapho/index.html#2019,not_published,Individual file not published; consult problem_documents for shared-paper availability.
problem,1213,usapho,2019,F=ma,Exam A,https://olimpicos.net/usapho/index.html#2019,not_published,Individual file not published; consult problem_documents for shared-paper availability.
problem,1214,usapho,2019,F=ma,Exam A,https://olimpicos.net/usapho/index.html#2019,not_published,Individual file not published; consult problem_documents for shared-paper availability.
problem,1215,usapho,2019,F=ma,Exam A,https://olimpicos.net/usapho/index.html#2019,not_published,Individual file not published; consult problem_documents for shared-paper availability.
problem,1216,usapho,2019,F=ma,Exam A,https://olimpicos.net/usapho/index.html#2019,not_published,Individual file not published; consult problem_documents for shared-paper availability.
problem,1217,usapho,2019,F=ma,Exam A,https://olimpicos.net/usapho/index.html#2019,not_published,Individual file not published; consult problem_documents for shared-paper availability.
problem,1218,usapho,2019,F=ma,Exam A,https://olimpicos.net/usapho/index.html#2019,not_published,Individual file not published; consult problem_documents for shared-paper availability.
problem,1219,usapho,2019,F=ma,Exam A,https://olimpicos.net/usapho/index.html#2019,not_published,Individual file not published; consult problem_documents for shared-paper availability.
problem,1220,usapho,2019,F=ma,Exam A,https://olimpicos.net/usapho/index.html#2019,not_published,Individual file not published; consult problem_documents for shared-paper availability.
problem,1221,usapho,2019,F=ma,Exam A,https://olimpicos.net/usapho/index.html#2019,not_published,Individual file not published; consult problem_documents for shared-paper availability.
problem,1222,usapho,2019,F=ma,Exam A,https://olimpicos.net/usapho/index.html#2019,not_published,Individual file not published; consult problem_documents for shared-paper availability.
problem,1223,usapho,2019,F=ma,Exam A,https://olimpicos.net/usapho/index.html#2019,not_published,Individual file not published; consult problem_documents for shared-paper availability.
problem,1224,usapho,2019,F=ma,Exam A,https://olimpicos.net/usapho/index.html#2019,not_published,Individual file not published; consult problem_documents for shared-paper availability.
problem,1225,usapho,2019,F=ma,Exam A,https://olimpicos.net/usapho/index.html#2019,not_published,Individual file not published; consult problem_documents for shared-paper availability.
problem,1226,usapho,2019,F=ma,Exam A,https://olimpicos.net/usapho/index.html#2019,not_published,Individual file not published; consult problem_documents for shared-paper availability.
problem,1227,usapho,2019,F=ma,Exam A,https://olimpicos.net/usapho/index.html#2019,not_published,Individual file not published; consult problem_documents for shared-paper availability.
problem,1228,usapho,2019,F=ma,Exam A,https://olimpicos.net/usapho/index.html#2019,not_published,Individual file not published; consult problem_documents for shared-paper availability.
problem,1229,usapho,2019,F=ma,Exam A,https://olimpicos.net/usapho/index.html#2019,not_published,Individual file not published; consult problem_documents for shared-paper availability.
problem,1230,usapho,2019,F=ma,Exam B,https://olimpicos.net/usapho/index.html#2019,not_published,Individual file not published; consult problem_documents for shared-paper availability.
problem,1231,usapho,2019,F=ma,Exam B,https://olimpicos.net/usapho/index.html#2019,not_published,Individual file not published; consult problem_documents for shared-paper availability.
problem,1232,usapho,2019,F=ma,Exam B,https://olimpicos.net/usapho/index.html#2019,not_published,Individual file not published; consult problem_documents for shared-paper availability.
problem,1233,usapho,2019,F=ma,Exam B,https://olimpicos.net/usapho/index.html#2019,not_published,Individual file not published; consult problem_documents for shared-paper availability.
problem,1234,usapho,2019,F=ma,Exam B,https://olimpicos.net/usapho/index.html#2019,not_published,Individual file not published; consult problem_documents for shared-paper availability.
problem,1235,usapho,2019,F=ma,Exam B,https://olimpicos.net/usapho/index.html#2019,not_published,Individual file not published; consult problem_documents for shared-paper availability.
problem,1236,usapho,2019,F=ma,Exam B,https://olimpicos.net/usapho/index.html#2019,not_published,Individual file not published; consult problem_documents for shared-paper availability.
problem,1237,usapho,2019,F=ma,Exam B,https://olimpicos.net/usapho/index.html#2019,not_published,Individual file not published; consult problem_documents for shared-paper availability.
problem,1238,usapho,2019,F=ma,Exam B,https://olimpicos.net/usapho/index.html#2019,not_published,Individual file not published; consult problem_documents for shared-paper availability.
problem,1239,usapho,2019,F=ma,Exam B,https://olimpicos.net/usapho/index.html#2019,not_published,Individual file not published; consult problem_documents for shared-paper availability.
problem,1240,usapho,2019,F=ma,Exam B,https://olimpicos.net/usapho/index.html#2019,not_published,Individual file not published; consult problem_documents for shared-paper availability.
problem,1241,usapho,2019,F=ma,Exam B,https://olimpicos.net/usapho/index.html#2019,not_published,Individual file not published; consult problem_documents for shared-paper availability.
problem,1242,usapho,2019,F=ma,Exam B,https://olimpicos.net/usapho/index.html#2019,not_published,Individual file not published; consult problem_documents for shared-paper availability.
problem,1243,usapho,2019,F=ma,Exam B,https://olimpicos.net/usapho/index.html#2019,not_published,Individual file not published; consult problem_documents for shared-paper availability.
problem,1244,usapho,2019,F=ma,Exam B,https://olimpicos.net/usapho/index.html#2019,not_published,Individual file not published; consult problem_documents for shared-paper availability.
problem,1245,usapho,2019,F=ma,Exam B,https://olimpicos.net/usapho/index.html#2019,not_published,Individual file not published; consult problem_documents for shared-paper availability.
problem,1246,usapho,2019,F=ma,Exam B,https://olimpicos.net/usapho/index.html#2019,not_published,Individual file not published; consult problem_documents for shared-paper availability.
problem,1247,usapho,2019,F=ma,Exam B,https://olimpicos.net/usapho/index.html#2019,not_published,Individual file not published; consult problem_documents for shared-paper availability.
problem,1248,usapho,2019,F=ma,Exam B,https://olimpicos.net/usapho/index.html#2019,not_published,Individual file not published; consult problem_documents for shared-paper availability.
problem,1249,usapho,2019,F=ma,Exam B,https://olimpicos.net/usapho/index.html#2019,not_published,Individual file not published; consult problem_documents for shared-paper availability.
problem,1250,usapho,2019,F=ma,Exam B,https://olimpicos.net/usapho/index.html#2019,not_published,Individual file not published; consult problem_documents for shared-paper availability.
problem,1251,usapho,2019,F=ma,Exam B,https://olimpicos.net/usapho/index.html#2019,not_published,Individual file not published; consult problem_documents for shared-paper availability.
problem,1252,usapho,2019,F=ma,Exam B,https://olimpicos.net/usapho/index.html#2019,not_published,Individual file not published; consult problem_documents for shared-paper availability.
problem,1253,usapho,2019,F=ma,Exam B,https://olimpicos.net/usapho/index.html#2019,not_published,Individual file not published; consult problem_documents for shared-paper availability.
problem,1254,usapho,2019,F=ma,Exam B,https://olimpicos.net/usapho/index.html#2019,not_published,Individual file not published; consult problem_documents for shared-paper availability.
problem,1255,usapho,2019,USAPhO,Problems,https://olimpicos.net/usapho/index.html#2019,not_published,Individual file not published; consult problem_documents for shared-paper availability.
problem,1256,usapho,2019,USAPhO,Problems,https://olimpicos.net/usapho/index.html#2019,not_published,Individual file not published; consult problem_documents for shared-paper availability.
problem,1257,usapho,2019,USAPhO,Problems,https://olimpicos.net/usapho/index.html#2019,not_published,Individual file not published; consult problem_documents for shared-paper availability.
problem,1258,usapho,2019,USAPhO,Problems,https://olimpicos.net/usapho/index.html#2019,not_published,Individual file not published; consult problem_documents for shared-paper availability.
problem,1259,usapho,2019,USAPhO,Problems,https://olimpicos.net/usapho/index.html#2019,not_published,Individual file not published; consult problem_documents for shared-paper availability.
problem,1260,usapho,2019,USAPhO,Problems,https://olimpicos.net/usapho/index.html#2019,not_published,Individual file not published; consult problem_documents for shared-paper availability.
problem,1261,usapho,2018,F=ma,Exam A,https://olimpicos.net/usapho/index.html#2018,not_published,Individual file not published; consult problem_documents for shared-paper availability.
problem,1262,usapho,2018,F=ma,Exam A,https://olimpicos.net/usapho/index.html#2018,not_published,Individual file not published; consult problem_documents for shared-paper availability.
problem,1263,usapho,2018,F=ma,Exam A,https://olimpicos.net/usapho/index.html#2018,not_published,Individual file not published; consult problem_documents for shared-paper availability.
problem,1264,usapho,2018,F=ma,Exam A,https://olimpicos.net/usapho/index.html#2018,not_published,Individual file not published; consult problem_documents for shared-paper availability.
problem,1265,usapho,2018,F=ma,Exam A,https://olimpicos.net/usapho/index.html#2018,not_published,Individual file not published; consult problem_documents for shared-paper availability.
problem,1266,usapho,2018,F=ma,Exam A,https://olimpicos.net/usapho/index.html#2018,not_published,Individual file not published; consult problem_documents for shared-paper availability.
problem,1267,usapho,2018,F=ma,Exam A,https://olimpicos.net/usapho/index.html#2018,not_published,Individual file not published; consult problem_documents for shared-paper availability.
problem,1268,usapho,2018,F=ma,Exam A,https://olimpicos.net/usapho/index.html#2018,not_published,Individual file not published; consult problem_documents for shared-paper availability.
problem,1269,usapho,2018,F=ma,Exam A,https://olimpicos.net/usapho/index.html#2018,not_published,Individual file not published; consult problem_documents for shared-paper availability.
problem,1270,usapho,2018,F=ma,Exam A,https://olimpicos.net/usapho/index.html#2018,not_published,Individual file not published; consult problem_documents for shared-paper availability.
problem,1271,usapho,2018,F=ma,Exam A,https://olimpicos.net/usapho/index.html#2018,not_published,Individual file not published; consult problem_documents for shared-paper availability.
problem,1272,usapho,2018,F=ma,Exam A,https://olimpicos.net/usapho/index.html#2018,not_published,Individual file not published; consult problem_documents for shared-paper availability.
problem,1273,usapho,2018,F=ma,Exam A,https://olimpicos.net/usapho/index.html#2018,not_published,Individual file not published; consult problem_documents for shared-paper availability.
problem,1274,usapho,2018,F=ma,Exam A,https://olimpicos.net/usapho/index.html#2018,not_published,Individual file not published; consult problem_documents for shared-paper availability.
problem,1275,usapho,2018,F=ma,Exam A,https://olimpicos.net/usapho/index.html#2018,not_published,Individual file not published; consult problem_documents for shared-paper availability.
problem,1276,usapho,2018,F=ma,Exam A,https://olimpicos.net/usapho/index.html#2018,not_published,Individual file not published; consult problem_documents for shared-paper availability.
problem,1277,usapho,2018,F=ma,Exam A,https://olimpicos.net/usapho/index.html#2018,not_published,Individual file not published; consult problem_documents for shared-paper availability.
problem,1278,usapho,2018,F=ma,Exam A,https://olimpicos.net/usapho/index.html#2018,not_published,Individual file not published; consult problem_documents for shared-paper availability.
problem,1279,usapho,2018,F=ma,Exam A,https://olimpicos.net/usapho/index.html#2018,not_published,Individual file not published; consult problem_documents for shared-paper availability.
problem,1280,usapho,2018,F=ma,Exam A,https://olimpicos.net/usapho/index.html#2018,not_published,Individual file not published; consult problem_documents for shared-paper availability.
problem,1281,usapho,2018,F=ma,Exam A,https://olimpicos.net/usapho/index.html#2018,not_published,Individual file not published; consult problem_documents for shared-paper availability.
problem,1282,usapho,2018,F=ma,Exam A,https://olimpicos.net/usapho/index.html#2018,not_published,Individual file not published; consult problem_documents for shared-paper availability.
problem,1283,usapho,2018,F=ma,Exam A,https://olimpicos.net/usapho/index.html#2018,not_published,Individual file not published; consult problem_documents for shared-paper availability.
problem,1284,usapho,2018,F=ma,Exam A,https://olimpicos.net/usapho/index.html#2018,not_published,Individual file not published; consult problem_documents for shared-paper availability.
problem,1285,usapho,2018,F=ma,Exam A,https://olimpicos.net/usapho/index.html#2018,not_published,Individual file not published; consult problem_documents for shared-paper availability.
problem,1286,usapho,2018,F=ma,Exam B,https://olimpicos.net/usapho/index.html#2018,not_published,Individual file not published; consult problem_documents for shared-paper availability.
problem,1287,usapho,2018,F=ma,Exam B,https://olimpicos.net/usapho/index.html#2018,not_published,Individual file not published; consult problem_documents for shared-paper availability.
problem,1288,usapho,2018,F=ma,Exam B,https://olimpicos.net/usapho/index.html#2018,not_published,Individual file not published; consult problem_documents for shared-paper availability.
problem,1289,usapho,2018,F=ma,Exam B,https://olimpicos.net/usapho/index.html#2018,not_published,Individual file not published; consult problem_documents for shared-paper availability.
problem,1290,usapho,2018,F=ma,Exam B,https://olimpicos.net/usapho/index.html#2018,not_published,Individual file not published; consult problem_documents for shared-paper availability.
problem,1291,usapho,2018,F=ma,Exam B,https://olimpicos.net/usapho/index.html#2018,not_published,Individual file not published; consult problem_documents for shared-paper availability.
problem,1292,usapho,2018,F=ma,Exam B,https://olimpicos.net/usapho/index.html#2018,not_published,Individual file not published; consult problem_documents for shared-paper availability.
problem,1293,usapho,2018,F=ma,Exam B,https://olimpicos.net/usapho/index.html#2018,not_published,Individual file not published; consult problem_documents for shared-paper availability.
problem,1294,usapho,2018,F=ma,Exam B,https://olimpicos.net/usapho/index.html#2018,not_published,Individual file not published; consult problem_documents for shared-paper availability.
problem,1295,usapho,2018,F=ma,Exam B,https://olimpicos.net/usapho/index.html#2018,not_published,Individual file not published; consult problem_documents for shared-paper availability.
problem,1296,usapho,2018,F=ma,Exam B,https://olimpicos.net/usapho/index.html#2018,not_published,Individual file not published; consult problem_documents for shared-paper availability.
problem,1297,usapho,2018,F=ma,Exam B,https://olimpicos.net/usapho/index.html#2018,not_published,Individual file not published; consult problem_documents for shared-paper availability.
problem,1298,usapho,2018,F=ma,Exam B,https://olimpicos.net/usapho/index.html#2018,not_published,Individual file not published; consult problem_documents for shared-paper availability.
problem,1299,usapho,2018,F=ma,Exam B,https://olimpicos.net/usapho/index.html#2018,not_published,Individual file not published; consult problem_documents for shared-paper availability.
problem,1300,usapho,2018,F=ma,Exam B,https://olimpicos.net/usapho/index.html#2018,not_published,Individual file not published; consult problem_documents for shared-paper availability.
problem,1301,usapho,2018,F=ma,Exam B,https://olimpicos.net/usapho/index.html#2018,not_published,Individual file not published; consult problem_documents for shared-paper availability.
problem,1302,usapho,2018,F=ma,Exam B,https://olimpicos.net/usapho/index.html#2018,not_published,Individual file not published; consult problem_documents for shared-paper availability.
problem,1303,usapho,2018,F=ma,Exam B,https://olimpicos.net/usapho/index.html#2018,not_published,Individual file not published; consult problem_documents for shared-paper availability.
problem,1304,usapho,2018,F=ma,Exam B,https://olimpicos.net/usapho/index.html#2018,not_published,Individual file not published; consult problem_documents for shared-paper availability.
problem,1305,usapho,2018,F=ma,Exam B,https://olimpicos.net/usapho/index.html#2018,not_published,Individual file not published; consult problem_documents for shared-paper availability.
problem,1306,usapho,2018,F=ma,Exam B,https://olimpicos.net/usapho/index.html#2018,not_published,Individual file not published; consult problem_documents for shared-paper availability.
problem,1307,usapho,2018,F=ma,Exam B,https://olimpicos.net/usapho/index.html#2018,not_published,Individual file not published; consult problem_documents for shared-paper availability.
problem,1308,usapho,2018,F=ma,Exam B,https://olimpicos.net/usapho/index.html#2018,not_published,Individual file not published; consult problem_documents for shared-paper availability.
problem,1309,usapho,2018,F=ma,Exam B,https://olimpicos.net/usapho/index.html#2018,not_published,Individual file not published; consult problem_documents for shared-paper availability.
problem,1310,usapho,2018,F=ma,Exam B,https://olimpicos.net/usapho/index.html#2018,not_published,Individual file not published; consult problem_documents for shared-paper availability.
problem,1311,usapho,2018,USAPhO,Problems,https://olimpicos.net/usapho/index.html#2018,not_published,Individual file not published; consult problem_documents for shared-paper availability.
problem,1312,usapho,2018,USAPhO,Problems,https://olimpicos.net/usapho/index.html#2018,not_published,Individual file not published; consult problem_documents for shared-paper availability.
problem,1313,usapho,2018,USAPhO,Problems,https://olimpicos.net/usapho/index.html#2018,not_published,Individual file not published; consult problem_documents for shared-paper availability.
problem,1314,usapho,2018,USAPhO,Problems,https://olimpicos.net/usapho/index.html#2018,not_published,Individual file not published; consult problem_documents for shared-paper availability.
problem,1315,usapho,2018,USAPhO,Problems,https://olimpicos.net/usapho/index.html#2018,not_published,Individual file not published; consult problem_documents for shared-paper availability.
problem,1316,usapho,2018,USAPhO,Problems,https://olimpicos.net/usapho/index.html#2018,not_published,Individual file not published; consult problem_documents for shared-paper availability.
problem,1317,usapho,2017,F=ma,Problems,https://olimpicos.net/usapho/index.html#2017,not_published,Individual file not published; consult problem_documents for shared-paper availability.
problem,1318,usapho,2017,F=ma,Problems,https://olimpicos.net/usapho/index.html#2017,not_published,Individual file not published; consult problem_documents for shared-paper availability.
problem,1319,usapho,2017,F=ma,Problems,https://olimpicos.net/usapho/index.html#2017,not_published,Individual file not published; consult problem_documents for shared-paper availability.
problem,1320,usapho,2017,F=ma,Problems,https://olimpicos.net/usapho/index.html#2017,not_published,Individual file not published; consult problem_documents for shared-paper availability.
problem,1321,usapho,2017,F=ma,Problems,https://olimpicos.net/usapho/index.html#2017,not_published,Individual file not published; consult problem_documents for shared-paper availability.
problem,1322,usapho,2017,F=ma,Problems,https://olimpicos.net/usapho/index.html#2017,not_published,Individual file not published; consult problem_documents for shared-paper availability.
problem,1323,usapho,2017,F=ma,Problems,https://olimpicos.net/usapho/index.html#2017,not_published,Individual file not published; consult problem_documents for shared-paper availability.
problem,1324,usapho,2017,F=ma,Problems,https://olimpicos.net/usapho/index.html#2017,not_published,Individual file not published; consult problem_documents for shared-paper availability.
problem,1325,usapho,2017,F=ma,Problems,https://olimpicos.net/usapho/index.html#2017,not_published,Individual file not published; consult problem_documents for shared-paper availability.
problem,1326,usapho,2017,F=ma,Problems,https://olimpicos.net/usapho/index.html#2017,not_published,Individual file not published; consult problem_documents for shared-paper availability.
problem,1327,usapho,2017,F=ma,Problems,https://olimpicos.net/usapho/index.html#2017,not_published,Individual file not published; consult problem_documents for shared-paper availability.
problem,1328,usapho,2017,F=ma,Problems,https://olimpicos.net/usapho/index.html#2017,not_published,Individual file not published; consult problem_documents for shared-paper availability.
problem,1329,usapho,2017,F=ma,Problems,https://olimpicos.net/usapho/index.html#2017,not_published,Individual file not published; consult problem_documents for shared-paper availability.
problem,1330,usapho,2017,F=ma,Problems,https://olimpicos.net/usapho/index.html#2017,not_published,Individual file not published; consult problem_documents for shared-paper availability.
problem,1331,usapho,2017,F=ma,Problems,https://olimpicos.net/usapho/index.html#2017,not_published,Individual file not published; consult problem_documents for shared-paper availability.
problem,1332,usapho,2017,F=ma,Problems,https://olimpicos.net/usapho/index.html#2017,not_published,Individual file not published; consult problem_documents for shared-paper availability.
problem,1333,usapho,2017,F=ma,Problems,https://olimpicos.net/usapho/index.html#2017,not_published,Individual file not published; consult problem_documents for shared-paper availability.
problem,1334,usapho,2017,F=ma,Problems,https://olimpicos.net/usapho/index.html#2017,not_published,Individual file not published; consult problem_documents for shared-paper availability.
problem,1335,usapho,2017,F=ma,Problems,https://olimpicos.net/usapho/index.html#2017,not_published,Individual file not published; consult problem_documents for shared-paper availability.
problem,1336,usapho,2017,F=ma,Problems,https://olimpicos.net/usapho/index.html#2017,not_published,Individual file not published; consult problem_documents for shared-paper availability.
problem,1337,usapho,2017,F=ma,Problems,https://olimpicos.net/usapho/index.html#2017,not_published,Individual file not published; consult problem_documents for shared-paper availability.
problem,1338,usapho,2017,F=ma,Problems,https://olimpicos.net/usapho/index.html#2017,not_published,Individual file not published; consult problem_documents for shared-paper availability.
problem,1339,usapho,2017,F=ma,Problems,https://olimpicos.net/usapho/index.html#2017,not_published,Individual file not published; consult problem_documents for shared-paper availability.
problem,1340,usapho,2017,F=ma,Problems,https://olimpicos.net/usapho/index.html#2017,not_published,Individual file not published; consult problem_documents for shared-paper availability.
problem,1341,usapho,2017,F=ma,Problems,https://olimpicos.net/usapho/index.html#2017,not_published,Individual file not published; consult problem_documents for shared-paper availability.
problem,1342,usapho,2017,USAPhO,Problems,https://olimpicos.net/usapho/index.html#2017,not_published,Individual file not published; consult problem_documents for shared-paper availability.
problem,1343,usapho,2017,USAPhO,Problems,https://olimpicos.net/usapho/index.html#2017,not_published,Individual file not published; consult problem_documents for shared-paper availability.
problem,1344,usapho,2017,USAPhO,Problems,https://olimpicos.net/usapho/index.html#2017,not_published,Individual file not published; consult problem_documents for shared-paper availability.
problem,1345,usapho,2017,USAPhO,Problems,https://olimpicos.net/usapho/index.html#2017,not_published,Individual file not published; consult problem_documents for shared-paper availability.
problem,1346,usapho,2017,USAPhO,Problems,https://olimpicos.net/usapho/index.html#2017,not_published,Individual file not published; consult problem_documents for shared-paper availability.
problem,1347,usapho,2017,USAPhO,Problems,https://olimpicos.net/usapho/index.html#2017,not_published,Individual file not published; consult problem_documents for shared-paper availability.
problem,1348,usapho,2016,F=ma,Problems,https://olimpicos.net/usapho/index.html#2016,not_published,Individual file not published; consult problem_documents for shared-paper availability.
problem,1349,usapho,2016,F=ma,Problems,https://olimpicos.net/usapho/index.html#2016,not_published,Individual file not published; consult problem_documents for shared-paper availability.
problem,1350,usapho,2016,F=ma,Problems,https://olimpicos.net/usapho/index.html#2016,not_published,Individual file not published; consult problem_documents for shared-paper availability.
problem,1351,usapho,2016,F=ma,Problems,https://olimpicos.net/usapho/index.html#2016,not_published,Individual file not published; consult problem_documents for shared-paper availability.
problem,1352,usapho,2016,F=ma,Problems,https://olimpicos.net/usapho/index.html#2016,not_published,Individual file not published; consult problem_documents for shared-paper availability.
problem,1353,usapho,2016,F=ma,Problems,https://olimpicos.net/usapho/index.html#2016,not_published,Individual file not published; consult problem_documents for shared-paper availability.
problem,1354,usapho,2016,F=ma,Problems,https://olimpicos.net/usapho/index.html#2016,not_published,Individual file not published; consult problem_documents for shared-paper availability.
problem,1355,usapho,2016,F=ma,Problems,https://olimpicos.net/usapho/index.html#2016,not_published,Individual file not published; consult problem_documents for shared-paper availability.
problem,1356,usapho,2016,F=ma,Problems,https://olimpicos.net/usapho/index.html#2016,not_published,Individual file not published; consult problem_documents for shared-paper availability.
problem,1357,usapho,2016,F=ma,Problems,https://olimpicos.net/usapho/index.html#2016,not_published,Individual file not published; consult problem_documents for shared-paper availability.
problem,1358,usapho,2016,F=ma,Problems,https://olimpicos.net/usapho/index.html#2016,not_published,Individual file not published; consult problem_documents for shared-paper availability.
problem,1359,usapho,2016,F=ma,Problems,https://olimpicos.net/usapho/index.html#2016,not_published,Individual file not published; consult problem_documents for shared-paper availability.
problem,1360,usapho,2016,F=ma,Problems,https://olimpicos.net/usapho/index.html#2016,not_published,Individual file not published; consult problem_documents for shared-paper availability.
problem,1361,usapho,2016,F=ma,Problems,https://olimpicos.net/usapho/index.html#2016,not_published,Individual file not published; consult problem_documents for shared-paper availability.
problem,1362,usapho,2016,F=ma,Problems,https://olimpicos.net/usapho/index.html#2016,not_published,Individual file not published; consult problem_documents for shared-paper availability.
problem,1363,usapho,2016,F=ma,Problems,https://olimpicos.net/usapho/index.html#2016,not_published,Individual file not published; consult problem_documents for shared-paper availability.
problem,1364,usapho,2016,F=ma,Problems,https://olimpicos.net/usapho/index.html#2016,not_published,Individual file not published; consult problem_documents for shared-paper availability.
problem,1365,usapho,2016,F=ma,Problems,https://olimpicos.net/usapho/index.html#2016,not_published,Individual file not published; consult problem_documents for shared-paper availability.
problem,1366,usapho,2016,F=ma,Problems,https://olimpicos.net/usapho/index.html#2016,not_published,Individual file not published; consult problem_documents for shared-paper availability.
problem,1367,usapho,2016,F=ma,Problems,https://olimpicos.net/usapho/index.html#2016,not_published,Individual file not published; consult problem_documents for shared-paper availability.
problem,1368,usapho,2016,F=ma,Problems,https://olimpicos.net/usapho/index.html#2016,not_published,Individual file not published; consult problem_documents for shared-paper availability.
problem,1369,usapho,2016,F=ma,Problems,https://olimpicos.net/usapho/index.html#2016,not_published,Individual file not published; consult problem_documents for shared-paper availability.
problem,1370,usapho,2016,F=ma,Problems,https://olimpicos.net/usapho/index.html#2016,not_published,Individual file not published; consult problem_documents for shared-paper availability.
problem,1371,usapho,2016,F=ma,Problems,https://olimpicos.net/usapho/index.html#2016,not_published,Individual file not published; consult problem_documents for shared-paper availability.
problem,1372,usapho,2016,F=ma,Problems,https://olimpicos.net/usapho/index.html#2016,not_published,Individual file not published; consult problem_documents for shared-paper availability.
problem,1373,usapho,2016,USAPhO,Problems,https://olimpicos.net/usapho/index.html#2016,not_published,Individual file not published; consult problem_documents for shared-paper availability.
problem,1374,usapho,2016,USAPhO,Problems,https://olimpicos.net/usapho/index.html#2016,not_published,Individual file not published; consult problem_documents for shared-paper availability.
problem,1375,usapho,2016,USAPhO,Problems,https://olimpicos.net/usapho/index.html#2016,not_published,Individual file not published; consult problem_documents for shared-paper availability.
problem,1376,usapho,2016,USAPhO,Problems,https://olimpicos.net/usapho/index.html#2016,not_published,Individual file not published; consult problem_documents for shared-paper availability.
problem,1377,usapho,2016,USAPhO,Problems,https://olimpicos.net/usapho/index.html#2016,not_published,Individual file not published; consult problem_documents for shared-paper availability.
problem,1378,usapho,2016,USAPhO,Problems,https://olimpicos.net/usapho/index.html#2016,not_published,Individual file not published; consult problem_documents for shared-paper availability.
problem,1379,usapho,2015,F=ma,Problems,https://olimpicos.net/usapho/index.html#2015,not_published,Individual file not published; consult problem_documents for shared-paper availability.
problem,1380,usapho,2015,F=ma,Problems,https://olimpicos.net/usapho/index.html#2015,not_published,Individual file not published; consult problem_documents for shared-paper availability.
problem,1381,usapho,2015,F=ma,Problems,https://olimpicos.net/usapho/index.html#2015,not_published,Individual file not published; consult problem_documents for shared-paper availability.
problem,1382,usapho,2015,F=ma,Problems,https://olimpicos.net/usapho/index.html#2015,not_published,Individual file not published; consult problem_documents for shared-paper availability.
problem,1383,usapho,2015,F=ma,Problems,https://olimpicos.net/usapho/index.html#2015,not_published,Individual file not published; consult problem_documents for shared-paper availability.
problem,1384,usapho,2015,F=ma,Problems,https://olimpicos.net/usapho/index.html#2015,not_published,Individual file not published; consult problem_documents for shared-paper availability.
problem,1385,usapho,2015,F=ma,Problems,https://olimpicos.net/usapho/index.html#2015,not_published,Individual file not published; consult problem_documents for shared-paper availability.
problem,1386,usapho,2015,F=ma,Problems,https://olimpicos.net/usapho/index.html#2015,not_published,Individual file not published; consult problem_documents for shared-paper availability.
problem,1387,usapho,2015,F=ma,Problems,https://olimpicos.net/usapho/index.html#2015,not_published,Individual file not published; consult problem_documents for shared-paper availability.
problem,1388,usapho,2015,F=ma,Problems,https://olimpicos.net/usapho/index.html#2015,not_published,Individual file not published; consult problem_documents for shared-paper availability.
problem,1389,usapho,2015,F=ma,Problems,https://olimpicos.net/usapho/index.html#2015,not_published,Individual file not published; consult problem_documents for shared-paper availability.
problem,1390,usapho,2015,F=ma,Problems,https://olimpicos.net/usapho/index.html#2015,not_published,Individual file not published; consult problem_documents for shared-paper availability.
problem,1391,usapho,2015,F=ma,Problems,https://olimpicos.net/usapho/index.html#2015,not_published,Individual file not published; consult problem_documents for shared-paper availability.
problem,1392,usapho,2015,F=ma,Problems,https://olimpicos.net/usapho/index.html#2015,not_published,Individual file not published; consult problem_documents for shared-paper availability.
problem,1393,usapho,2015,F=ma,Problems,https://olimpicos.net/usapho/index.html#2015,not_published,Individual file not published; consult problem_documents for shared-paper availability.
problem,1394,usapho,2015,F=ma,Problems,https://olimpicos.net/usapho/index.html#2015,not_published,Individual file not published; consult problem_documents for shared-paper availability.
problem,1395,usapho,2015,F=ma,Problems,https://olimpicos.net/usapho/index.html#2015,not_published,Individual file not published; consult problem_documents for shared-paper availability.
problem,1396,usapho,2015,F=ma,Problems,https://olimpicos.net/usapho/index.html#2015,not_published,Individual file not published; consult problem_documents for shared-paper availability.
problem,1397,usapho,2015,F=ma,Problems,https://olimpicos.net/usapho/index.html#2015,not_published,Individual file not published; consult problem_documents for shared-paper availability.
problem,1398,usapho,2015,F=ma,Problems,https://olimpicos.net/usapho/index.html#2015,not_published,Individual file not published; consult problem_documents for shared-paper availability.
problem,1399,usapho,2015,F=ma,Problems,https://olimpicos.net/usapho/index.html#2015,not_published,Individual file not published; consult problem_documents for shared-paper availability.
problem,1400,usapho,2015,F=ma,Problems,https://olimpicos.net/usapho/index.html#2015,not_published,Individual file not published; consult problem_documents for shared-paper availability.
problem,1401,usapho,2015,F=ma,Problems,https://olimpicos.net/usapho/index.html#2015,not_published,Individual file not published; consult problem_documents for shared-paper availability.
problem,1402,usapho,2015,F=ma,Problems,https://olimpicos.net/usapho/index.html#2015,not_published,Individual file not published; consult problem_documents for shared-paper availability.
problem,1403,usapho,2015,F=ma,Problems,https://olimpicos.net/usapho/index.html#2015,not_published,Individual file not published; consult problem_documents for shared-paper availability.
problem,1404,usapho,2015,USAPhO,Problems,https://olimpicos.net/usapho/index.html#2015,not_published,Individual file not published; consult problem_documents for shared-paper availability.
problem,1405,usapho,2015,USAPhO,Problems,https://olimpicos.net/usapho/index.html#2015,not_published,Individual file not published; consult problem_documents for shared-paper availability.
problem,1406,usapho,2015,USAPhO,Problems,https://olimpicos.net/usapho/index.html#2015,not_published,Individual file not published; consult problem_documents for shared-paper availability.
problem,1407,usapho,2015,USAPhO,Problems,https://olimpicos.net/usapho/index.html#2015,not_published,Individual file not published; consult problem_documents for shared-paper availability.
problem,1408,usapho,2015,USAPhO,Problems,https://olimpicos.net/usapho/index.html#2015,not_published,Individual file not published; consult problem_documents for shared-paper availability.
problem,1409,usapho,2015,USAPhO,Problems,https://olimpicos.net/usapho/index.html#2015,not_published,Individual file not published; consult problem_documents for shared-paper availability.
problem,1410,usapho,2014,F=ma,Problems,https://olimpicos.net/usapho/index.html#2014,not_published,Individual file not published; consult problem_documents for shared-paper availability.
problem,1411,usapho,2014,F=ma,Problems,https://olimpicos.net/usapho/index.html#2014,not_published,Individual file not published; consult problem_documents for shared-paper availability.
problem,1412,usapho,2014,F=ma,Problems,https://olimpicos.net/usapho/index.html#2014,not_published,Individual file not published; consult problem_documents for shared-paper availability.
problem,1413,usapho,2014,F=ma,Problems,https://olimpicos.net/usapho/index.html#2014,not_published,Individual file not published; consult problem_documents for shared-paper availability.
problem,1414,usapho,2014,F=ma,Problems,https://olimpicos.net/usapho/index.html#2014,not_published,Individual file not published; consult problem_documents for shared-paper availability.
problem,1415,usapho,2014,F=ma,Problems,https://olimpicos.net/usapho/index.html#2014,not_published,Individual file not published; consult problem_documents for shared-paper availability.
problem,1416,usapho,2014,F=ma,Problems,https://olimpicos.net/usapho/index.html#2014,not_published,Individual file not published; consult problem_documents for shared-paper availability.
problem,1417,usapho,2014,F=ma,Problems,https://olimpicos.net/usapho/index.html#2014,not_published,Individual file not published; consult problem_documents for shared-paper availability.
problem,1418,usapho,2014,F=ma,Problems,https://olimpicos.net/usapho/index.html#2014,not_published,Individual file not published; consult problem_documents for shared-paper availability.
problem,1419,usapho,2014,F=ma,Problems,https://olimpicos.net/usapho/index.html#2014,not_published,Individual file not published; consult problem_documents for shared-paper availability.
problem,1420,usapho,2014,F=ma,Problems,https://olimpicos.net/usapho/index.html#2014,not_published,Individual file not published; consult problem_documents for shared-paper availability.
problem,1421,usapho,2014,F=ma,Problems,https://olimpicos.net/usapho/index.html#2014,not_published,Individual file not published; consult problem_documents for shared-paper availability.
problem,1422,usapho,2014,F=ma,Problems,https://olimpicos.net/usapho/index.html#2014,not_published,Individual file not published; consult problem_documents for shared-paper availability.
problem,1423,usapho,2014,F=ma,Problems,https://olimpicos.net/usapho/index.html#2014,not_published,Individual file not published; consult problem_documents for shared-paper availability.
problem,1424,usapho,2014,F=ma,Problems,https://olimpicos.net/usapho/index.html#2014,not_published,Individual file not published; consult problem_documents for shared-paper availability.
problem,1425,usapho,2014,F=ma,Problems,https://olimpicos.net/usapho/index.html#2014,not_published,Individual file not published; consult problem_documents for shared-paper availability.
problem,1426,usapho,2014,F=ma,Problems,https://olimpicos.net/usapho/index.html#2014,not_published,Individual file not published; consult problem_documents for shared-paper availability.
problem,1427,usapho,2014,F=ma,Problems,https://olimpicos.net/usapho/index.html#2014,not_published,Individual file not published; consult problem_documents for shared-paper availability.
problem,1428,usapho,2014,F=ma,Problems,https://olimpicos.net/usapho/index.html#2014,not_published,Individual file not published; consult problem_documents for shared-paper availability.
problem,1429,usapho,2014,F=ma,Problems,https://olimpicos.net/usapho/index.html#2014,not_published,Individual file not published; consult problem_documents for shared-paper availability.
problem,1430,usapho,2014,F=ma,Problems,https://olimpicos.net/usapho/index.html#2014,not_published,Individual file not published; consult problem_documents for shared-paper availability.
problem,1431,usapho,2014,F=ma,Problems,https://olimpicos.net/usapho/index.html#2014,not_published,Individual file not published; consult problem_documents for shared-paper availability.
problem,1432,usapho,2014,F=ma,Problems,https://olimpicos.net/usapho/index.html#2014,not_published,Individual file not published; consult problem_documents for shared-paper availability.
problem,1433,usapho,2014,F=ma,Problems,https://olimpicos.net/usapho/index.html#2014,not_published,Individual file not published; consult problem_documents for shared-paper availability.
problem,1434,usapho,2014,F=ma,Problems,https://olimpicos.net/usapho/index.html#2014,not_published,Individual file not published; consult problem_documents for shared-paper availability.
problem,1435,usapho,2014,USAPhO,Problems,https://olimpicos.net/usapho/index.html#2014,not_published,Individual file not published; consult problem_documents for shared-paper availability.
problem,1436,usapho,2014,USAPhO,Problems,https://olimpicos.net/usapho/index.html#2014,not_published,Individual file not published; consult problem_documents for shared-paper availability.
problem,1437,usapho,2014,USAPhO,Problems,https://olimpicos.net/usapho/index.html#2014,not_published,Individual file not published; consult problem_documents for shared-paper availability.
problem,1438,usapho,2014,USAPhO,Problems,https://olimpicos.net/usapho/index.html#2014,not_published,Individual file not published; consult problem_documents for shared-paper availability.
problem,1439,usapho,2014,USAPhO,Problems,https://olimpicos.net/usapho/index.html#2014,not_published,Individual file not published; consult problem_documents for shared-paper availability.
problem,1440,usapho,2014,USAPhO,Problems,https://olimpicos.net/usapho/index.html#2014,not_published,Individual file not published; consult problem_documents for shared-paper availability.
problem,1441,usapho,2013,F=ma,Problems,https://olimpicos.net/usapho/index.html#2013,not_published,Individual file not published; consult problem_documents for shared-paper availability.
problem,1442,usapho,2013,F=ma,Problems,https://olimpicos.net/usapho/index.html#2013,not_published,Individual file not published; consult problem_documents for shared-paper availability.
problem,1443,usapho,2013,F=ma,Problems,https://olimpicos.net/usapho/index.html#2013,not_published,Individual file not published; consult problem_documents for shared-paper availability.
problem,1444,usapho,2013,F=ma,Problems,https://olimpicos.net/usapho/index.html#2013,not_published,Individual file not published; consult problem_documents for shared-paper availability.
problem,1445,usapho,2013,F=ma,Problems,https://olimpicos.net/usapho/index.html#2013,not_published,Individual file not published; consult problem_documents for shared-paper availability.
problem,1446,usapho,2013,F=ma,Problems,https://olimpicos.net/usapho/index.html#2013,not_published,Individual file not published; consult problem_documents for shared-paper availability.
problem,1447,usapho,2013,F=ma,Problems,https://olimpicos.net/usapho/index.html#2013,not_published,Individual file not published; consult problem_documents for shared-paper availability.
problem,1448,usapho,2013,F=ma,Problems,https://olimpicos.net/usapho/index.html#2013,not_published,Individual file not published; consult problem_documents for shared-paper availability.
problem,1449,usapho,2013,F=ma,Problems,https://olimpicos.net/usapho/index.html#2013,not_published,Individual file not published; consult problem_documents for shared-paper availability.
problem,1450,usapho,2013,F=ma,Problems,https://olimpicos.net/usapho/index.html#2013,not_published,Individual file not published; consult problem_documents for shared-paper availability.
problem,1451,usapho,2013,F=ma,Problems,https://olimpicos.net/usapho/index.html#2013,not_published,Individual file not published; consult problem_documents for shared-paper availability.
problem,1452,usapho,2013,F=ma,Problems,https://olimpicos.net/usapho/index.html#2013,not_published,Individual file not published; consult problem_documents for shared-paper availability.
problem,1453,usapho,2013,F=ma,Problems,https://olimpicos.net/usapho/index.html#2013,not_published,Individual file not published; consult problem_documents for shared-paper availability.
problem,1454,usapho,2013,F=ma,Problems,https://olimpicos.net/usapho/index.html#2013,not_published,Individual file not published; consult problem_documents for shared-paper availability.
problem,1455,usapho,2013,F=ma,Problems,https://olimpicos.net/usapho/index.html#2013,not_published,Individual file not published; consult problem_documents for shared-paper availability.
problem,1456,usapho,2013,F=ma,Problems,https://olimpicos.net/usapho/index.html#2013,not_published,Individual file not published; consult problem_documents for shared-paper availability.
problem,1457,usapho,2013,F=ma,Problems,https://olimpicos.net/usapho/index.html#2013,not_published,Individual file not published; consult problem_documents for shared-paper availability.
problem,1458,usapho,2013,F=ma,Problems,https://olimpicos.net/usapho/index.html#2013,not_published,Individual file not published; consult problem_documents for shared-paper availability.
problem,1459,usapho,2013,F=ma,Problems,https://olimpicos.net/usapho/index.html#2013,not_published,Individual file not published; consult problem_documents for shared-paper availability.
problem,1460,usapho,2013,F=ma,Problems,https://olimpicos.net/usapho/index.html#2013,not_published,Individual file not published; consult problem_documents for shared-paper availability.
problem,1461,usapho,2013,F=ma,Problems,https://olimpicos.net/usapho/index.html#2013,not_published,Individual file not published; consult problem_documents for shared-paper availability.
problem,1462,usapho,2013,F=ma,Problems,https://olimpicos.net/usapho/index.html#2013,not_published,Individual file not published; consult problem_documents for shared-paper availability.
problem,1463,usapho,2013,F=ma,Problems,https://olimpicos.net/usapho/index.html#2013,not_published,Individual file not published; consult problem_documents for shared-paper availability.
problem,1464,usapho,2013,F=ma,Problems,https://olimpicos.net/usapho/index.html#2013,not_published,Individual file not published; consult problem_documents for shared-paper availability.
problem,1465,usapho,2013,F=ma,Problems,https://olimpicos.net/usapho/index.html#2013,not_published,Individual file not published; consult problem_documents for shared-paper availability.
problem,1466,usapho,2013,Semifinal,Problems,https://olimpicos.net/usapho/index.html#2013,not_published,Individual file not published; consult problem_documents for shared-paper availability.
problem,1467,usapho,2013,Semifinal,Problems,https://olimpicos.net/usapho/index.html#2013,not_published,Individual file not published; consult problem_documents for shared-paper availability.
problem,1468,usapho,2013,Semifinal,Problems,https://olimpicos.net/usapho/index.html#2013,not_published,Individual file not published; consult problem_documents for shared-paper availability.
problem,1469,usapho,2013,Semifinal,Problems,https://olimpicos.net/usapho/index.html#2013,not_published,Individual file not published; consult problem_documents for shared-paper availability.
problem,1470,usapho,2013,Semifinal,Problems,https://olimpicos.net/usapho/index.html#2013,not_published,Individual file not published; consult problem_documents for shared-paper availability.
problem,1471,usapho,2013,Semifinal,Problems,https://olimpicos.net/usapho/index.html#2013,not_published,Individual file not published; consult problem_documents for shared-paper availability.
problem,1472,usapho,2012,F=ma,Problems,https://olimpicos.net/usapho/index.html#2012,not_published,Individual file not published; consult problem_documents for shared-paper availability.
problem,1473,usapho,2012,F=ma,Problems,https://olimpicos.net/usapho/index.html#2012,not_published,Individual file not published; consult problem_documents for shared-paper availability.
problem,1474,usapho,2012,F=ma,Problems,https://olimpicos.net/usapho/index.html#2012,not_published,Individual file not published; consult problem_documents for shared-paper availability.
problem,1475,usapho,2012,F=ma,Problems,https://olimpicos.net/usapho/index.html#2012,not_published,Individual file not published; consult problem_documents for shared-paper availability.
problem,1476,usapho,2012,F=ma,Problems,https://olimpicos.net/usapho/index.html#2012,not_published,Individual file not published; consult problem_documents for shared-paper availability.
problem,1477,usapho,2012,F=ma,Problems,https://olimpicos.net/usapho/index.html#2012,not_published,Individual file not published; consult problem_documents for shared-paper availability.
problem,1478,usapho,2012,F=ma,Problems,https://olimpicos.net/usapho/index.html#2012,not_published,Individual file not published; consult problem_documents for shared-paper availability.
problem,1479,usapho,2012,F=ma,Problems,https://olimpicos.net/usapho/index.html#2012,not_published,Individual file not published; consult problem_documents for shared-paper availability.
problem,1480,usapho,2012,F=ma,Problems,https://olimpicos.net/usapho/index.html#2012,not_published,Individual file not published; consult problem_documents for shared-paper availability.
problem,1481,usapho,2012,F=ma,Problems,https://olimpicos.net/usapho/index.html#2012,not_published,Individual file not published; consult problem_documents for shared-paper availability.
problem,1482,usapho,2012,F=ma,Problems,https://olimpicos.net/usapho/index.html#2012,not_published,Individual file not published; consult problem_documents for shared-paper availability.
problem,1483,usapho,2012,F=ma,Problems,https://olimpicos.net/usapho/index.html#2012,not_published,Individual file not published; consult problem_documents for shared-paper availability.
problem,1484,usapho,2012,F=ma,Problems,https://olimpicos.net/usapho/index.html#2012,not_published,Individual file not published; consult problem_documents for shared-paper availability.
problem,1485,usapho,2012,F=ma,Problems,https://olimpicos.net/usapho/index.html#2012,not_published,Individual file not published; consult problem_documents for shared-paper availability.
problem,1486,usapho,2012,F=ma,Problems,https://olimpicos.net/usapho/index.html#2012,not_published,Individual file not published; consult problem_documents for shared-paper availability.
problem,1487,usapho,2012,F=ma,Problems,https://olimpicos.net/usapho/index.html#2012,not_published,Individual file not published; consult problem_documents for shared-paper availability.
problem,1488,usapho,2012,F=ma,Problems,https://olimpicos.net/usapho/index.html#2012,not_published,Individual file not published; consult problem_documents for shared-paper availability.
problem,1489,usapho,2012,F=ma,Problems,https://olimpicos.net/usapho/index.html#2012,not_published,Individual file not published; consult problem_documents for shared-paper availability.
problem,1490,usapho,2012,F=ma,Problems,https://olimpicos.net/usapho/index.html#2012,not_published,Individual file not published; consult problem_documents for shared-paper availability.
problem,1491,usapho,2012,F=ma,Problems,https://olimpicos.net/usapho/index.html#2012,not_published,Individual file not published; consult problem_documents for shared-paper availability.
problem,1492,usapho,2012,F=ma,Problems,https://olimpicos.net/usapho/index.html#2012,not_published,Individual file not published; consult problem_documents for shared-paper availability.
problem,1493,usapho,2012,F=ma,Problems,https://olimpicos.net/usapho/index.html#2012,not_published,Individual file not published; consult problem_documents for shared-paper availability.
problem,1494,usapho,2012,F=ma,Problems,https://olimpicos.net/usapho/index.html#2012,not_published,Individual file not published; consult problem_documents for shared-paper availability.
problem,1495,usapho,2012,F=ma,Problems,https://olimpicos.net/usapho/index.html#2012,not_published,Individual file not published; consult problem_documents for shared-paper availability.
problem,1496,usapho,2012,F=ma,Problems,https://olimpicos.net/usapho/index.html#2012,not_published,Individual file not published; consult problem_documents for shared-paper availability.
problem,1497,usapho,2012,Semifinal,Problems,https://olimpicos.net/usapho/index.html#2012,not_published,Individual file not published; consult problem_documents for shared-paper availability.
problem,1498,usapho,2012,Semifinal,Problems,https://olimpicos.net/usapho/index.html#2012,not_published,Individual file not published; consult problem_documents for shared-paper availability.
problem,1499,usapho,2012,Semifinal,Problems,https://olimpicos.net/usapho/index.html#2012,not_published,Individual file not published; consult problem_documents for shared-paper availability.
problem,1500,usapho,2012,Semifinal,Problems,https://olimpicos.net/usapho/index.html#2012,not_published,Individual file not published; consult problem_documents for shared-paper availability.
problem,1501,usapho,2012,Semifinal,Problems,https://olimpicos.net/usapho/index.html#2012,not_published,Individual file not published; consult problem_documents for shared-paper availability.
problem,1502,usapho,2012,Semifinal,Problems,https://olimpicos.net/usapho/index.html#2012,not_published,Individual file not published; consult problem_documents for shared-paper availability.
problem,1503,usapho,2011,F=ma,Problems,https://olimpicos.net/usapho/index.html#2011,not_published,Individual file not published; consult problem_documents for shared-paper availability.
problem,1504,usapho,2011,F=ma,Problems,https://olimpicos.net/usapho/index.html#2011,not_published,Individual file not published; consult problem_documents for shared-paper availability.
problem,1505,usapho,2011,F=ma,Problems,https://olimpicos.net/usapho/index.html#2011,not_published,Individual file not published; consult problem_documents for shared-paper availability.
problem,1506,usapho,2011,F=ma,Problems,https://olimpicos.net/usapho/index.html#2011,not_published,Individual file not published; consult problem_documents for shared-paper availability.
problem,1507,usapho,2011,F=ma,Problems,https://olimpicos.net/usapho/index.html#2011,not_published,Individual file not published; consult problem_documents for shared-paper availability.
problem,1508,usapho,2011,F=ma,Problems,https://olimpicos.net/usapho/index.html#2011,not_published,Individual file not published; consult problem_documents for shared-paper availability.
problem,1509,usapho,2011,F=ma,Problems,https://olimpicos.net/usapho/index.html#2011,not_published,Individual file not published; consult problem_documents for shared-paper availability.
problem,1510,usapho,2011,F=ma,Problems,https://olimpicos.net/usapho/index.html#2011,not_published,Individual file not published; consult problem_documents for shared-paper availability.
problem,1511,usapho,2011,F=ma,Problems,https://olimpicos.net/usapho/index.html#2011,not_published,Individual file not published; consult problem_documents for shared-paper availability.
problem,1512,usapho,2011,F=ma,Problems,https://olimpicos.net/usapho/index.html#2011,not_published,Individual file not published; consult problem_documents for shared-paper availability.
problem,1513,usapho,2011,F=ma,Problems,https://olimpicos.net/usapho/index.html#2011,not_published,Individual file not published; consult problem_documents for shared-paper availability.
problem,1514,usapho,2011,F=ma,Problems,https://olimpicos.net/usapho/index.html#2011,not_published,Individual file not published; consult problem_documents for shared-paper availability.
problem,1515,usapho,2011,F=ma,Problems,https://olimpicos.net/usapho/index.html#2011,not_published,Individual file not published; consult problem_documents for shared-paper availability.
problem,1516,usapho,2011,F=ma,Problems,https://olimpicos.net/usapho/index.html#2011,not_published,Individual file not published; consult problem_documents for shared-paper availability.
problem,1517,usapho,2011,F=ma,Problems,https://olimpicos.net/usapho/index.html#2011,not_published,Individual file not published; consult problem_documents for shared-paper availability.
problem,1518,usapho,2011,F=ma,Problems,https://olimpicos.net/usapho/index.html#2011,not_published,Individual file not published; consult problem_documents for shared-paper availability.
problem,1519,usapho,2011,F=ma,Problems,https://olimpicos.net/usapho/index.html#2011,not_published,Individual file not published; consult problem_documents for shared-paper availability.
problem,1520,usapho,2011,F=ma,Problems,https://olimpicos.net/usapho/index.html#2011,not_published,Individual file not published; consult problem_documents for shared-paper availability.
problem,1521,usapho,2011,F=ma,Problems,https://olimpicos.net/usapho/index.html#2011,not_published,Individual file not published; consult problem_documents for shared-paper availability.
problem,1522,usapho,2011,F=ma,Problems,https://olimpicos.net/usapho/index.html#2011,not_published,Individual file not published; consult problem_documents for shared-paper availability.
problem,1523,usapho,2011,F=ma,Problems,https://olimpicos.net/usapho/index.html#2011,not_published,Individual file not published; consult problem_documents for shared-paper availability.
problem,1524,usapho,2011,F=ma,Problems,https://olimpicos.net/usapho/index.html#2011,not_published,Individual file not published; consult problem_documents for shared-paper availability.
problem,1525,usapho,2011,F=ma,Problems,https://olimpicos.net/usapho/index.html#2011,not_published,Individual file not published; consult problem_documents for shared-paper availability.
problem,1526,usapho,2011,F=ma,Problems,https://olimpicos.net/usapho/index.html#2011,not_published,Individual file not published; consult problem_documents for shared-paper availability.
problem,1527,usapho,2011,F=ma,Problems,https://olimpicos.net/usapho/index.html#2011,not_published,Individual file not published; consult problem_documents for shared-paper availability.
problem,1528,usapho,2011,Semifinal,Problems,https://olimpicos.net/usapho/index.html#2011,not_published,Individual file not published; consult problem_documents for shared-paper availability.
problem,1529,usapho,2011,Semifinal,Problems,https://olimpicos.net/usapho/index.html#2011,not_published,Individual file not published; consult problem_documents for shared-paper availability.
problem,1530,usapho,2011,Semifinal,Problems,https://olimpicos.net/usapho/index.html#2011,not_published,Individual file not published; consult problem_documents for shared-paper availability.
problem,1531,usapho,2011,Semifinal,Problems,https://olimpicos.net/usapho/index.html#2011,not_published,Individual file not published; consult problem_documents for shared-paper availability.
problem,1532,usapho,2011,Semifinal,Problems,https://olimpicos.net/usapho/index.html#2011,not_published,Individual file not published; consult problem_documents for shared-paper availability.
problem,1533,usapho,2011,Semifinal,Problems,https://olimpicos.net/usapho/index.html#2011,not_published,Individual file not published; consult problem_documents for shared-paper availability.
problem,1534,usapho,2010,F=ma,Problems,https://olimpicos.net/usapho/index.html#2010,not_published,Individual file not published; consult problem_documents for shared-paper availability.
problem,1535,usapho,2010,F=ma,Problems,https://olimpicos.net/usapho/index.html#2010,not_published,Individual file not published; consult problem_documents for shared-paper availability.
problem,1536,usapho,2010,F=ma,Problems,https://olimpicos.net/usapho/index.html#2010,not_published,Individual file not published; consult problem_documents for shared-paper availability.
problem,1537,usapho,2010,F=ma,Problems,https://olimpicos.net/usapho/index.html#2010,not_published,Individual file not published; consult problem_documents for shared-paper availability.
problem,1538,usapho,2010,F=ma,Problems,https://olimpicos.net/usapho/index.html#2010,not_published,Individual file not published; consult problem_documents for shared-paper availability.
problem,1539,usapho,2010,F=ma,Problems,https://olimpicos.net/usapho/index.html#2010,not_published,Individual file not published; consult problem_documents for shared-paper availability.
problem,1540,usapho,2010,F=ma,Problems,https://olimpicos.net/usapho/index.html#2010,not_published,Individual file not published; consult problem_documents for shared-paper availability.
problem,1541,usapho,2010,F=ma,Problems,https://olimpicos.net/usapho/index.html#2010,not_published,Individual file not published; consult problem_documents for shared-paper availability.
problem,1542,usapho,2010,F=ma,Problems,https://olimpicos.net/usapho/index.html#2010,not_published,Individual file not published; consult problem_documents for shared-paper availability.
problem,1543,usapho,2010,F=ma,Problems,https://olimpicos.net/usapho/index.html#2010,not_published,Individual file not published; consult problem_documents for shared-paper availability.
problem,1544,usapho,2010,F=ma,Problems,https://olimpicos.net/usapho/index.html#2010,not_published,Individual file not published; consult problem_documents for shared-paper availability.
problem,1545,usapho,2010,F=ma,Problems,https://olimpicos.net/usapho/index.html#2010,not_published,Individual file not published; consult problem_documents for shared-paper availability.
problem,1546,usapho,2010,F=ma,Problems,https://olimpicos.net/usapho/index.html#2010,not_published,Individual file not published; consult problem_documents for shared-paper availability.
problem,1547,usapho,2010,F=ma,Problems,https://olimpicos.net/usapho/index.html#2010,not_published,Individual file not published; consult problem_documents for shared-paper availability.
problem,1548,usapho,2010,F=ma,Problems,https://olimpicos.net/usapho/index.html#2010,not_published,Individual file not published; consult problem_documents for shared-paper availability.
problem,1549,usapho,2010,F=ma,Problems,https://olimpicos.net/usapho/index.html#2010,not_published,Individual file not published; consult problem_documents for shared-paper availability.
problem,1550,usapho,2010,F=ma,Problems,https://olimpicos.net/usapho/index.html#2010,not_published,Individual file not published; consult problem_documents for shared-paper availability.
problem,1551,usapho,2010,F=ma,Problems,https://olimpicos.net/usapho/index.html#2010,not_published,Individual file not published; consult problem_documents for shared-paper availability.
problem,1552,usapho,2010,F=ma,Problems,https://olimpicos.net/usapho/index.html#2010,not_published,Individual file not published; consult problem_documents for shared-paper availability.
problem,1553,usapho,2010,F=ma,Problems,https://olimpicos.net/usapho/index.html#2010,not_published,Individual file not published; consult problem_documents for shared-paper availability.
problem,1554,usapho,2010,F=ma,Problems,https://olimpicos.net/usapho/index.html#2010,not_published,Individual file not published; consult problem_documents for shared-paper availability.
problem,1555,usapho,2010,F=ma,Problems,https://olimpicos.net/usapho/index.html#2010,not_published,Individual file not published; consult problem_documents for shared-paper availability.
problem,1556,usapho,2010,F=ma,Problems,https://olimpicos.net/usapho/index.html#2010,not_published,Individual file not published; consult problem_documents for shared-paper availability.
problem,1557,usapho,2010,F=ma,Problems,https://olimpicos.net/usapho/index.html#2010,not_published,Individual file not published; consult problem_documents for shared-paper availability.
problem,1558,usapho,2010,F=ma,Problems,https://olimpicos.net/usapho/index.html#2010,not_published,Individual file not published; consult problem_documents for shared-paper availability.
problem,1559,usapho,2010,Semifinal,Problems,https://olimpicos.net/usapho/index.html#2010,not_published,Individual file not published; consult problem_documents for shared-paper availability.
problem,1560,usapho,2010,Semifinal,Problems,https://olimpicos.net/usapho/index.html#2010,not_published,Individual file not published; consult problem_documents for shared-paper availability.
problem,1561,usapho,2010,Semifinal,Problems,https://olimpicos.net/usapho/index.html#2010,not_published,Individual file not published; consult problem_documents for shared-paper availability.
problem,1562,usapho,2010,Semifinal,Problems,https://olimpicos.net/usapho/index.html#2010,not_published,Individual file not published; consult problem_documents for shared-paper availability.
problem,1563,usapho,2010,Semifinal,Problems,https://olimpicos.net/usapho/index.html#2010,not_published,Individual file not published; consult problem_documents for shared-paper availability.
problem,1564,usapho,2010,Semifinal,Problems,https://olimpicos.net/usapho/index.html#2010,not_published,Individual file not published; consult problem_documents for shared-paper availability.
problem,1565,usapho,2009,F=ma,Problems,https://olimpicos.net/usapho/index.html#2009,not_published,Individual file not published; consult problem_documents for shared-paper availability.
problem,1566,usapho,2009,F=ma,Problems,https://olimpicos.net/usapho/index.html#2009,not_published,Individual file not published; consult problem_documents for shared-paper availability.
problem,1567,usapho,2009,F=ma,Problems,https://olimpicos.net/usapho/index.html#2009,not_published,Individual file not published; consult problem_documents for shared-paper availability.
problem,1568,usapho,2009,F=ma,Problems,https://olimpicos.net/usapho/index.html#2009,not_published,Individual file not published; consult problem_documents for shared-paper availability.
problem,1569,usapho,2009,F=ma,Problems,https://olimpicos.net/usapho/index.html#2009,not_published,Individual file not published; consult problem_documents for shared-paper availability.
problem,1570,usapho,2009,F=ma,Problems,https://olimpicos.net/usapho/index.html#2009,not_published,Individual file not published; consult problem_documents for shared-paper availability.
problem,1571,usapho,2009,F=ma,Problems,https://olimpicos.net/usapho/index.html#2009,not_published,Individual file not published; consult problem_documents for shared-paper availability.
problem,1572,usapho,2009,F=ma,Problems,https://olimpicos.net/usapho/index.html#2009,not_published,Individual file not published; consult problem_documents for shared-paper availability.
problem,1573,usapho,2009,F=ma,Problems,https://olimpicos.net/usapho/index.html#2009,not_published,Individual file not published; consult problem_documents for shared-paper availability.
problem,1574,usapho,2009,F=ma,Problems,https://olimpicos.net/usapho/index.html#2009,not_published,Individual file not published; consult problem_documents for shared-paper availability.
problem,1575,usapho,2009,F=ma,Problems,https://olimpicos.net/usapho/index.html#2009,not_published,Individual file not published; consult problem_documents for shared-paper availability.
problem,1576,usapho,2009,F=ma,Problems,https://olimpicos.net/usapho/index.html#2009,not_published,Individual file not published; consult problem_documents for shared-paper availability.
problem,1577,usapho,2009,F=ma,Problems,https://olimpicos.net/usapho/index.html#2009,not_published,Individual file not published; consult problem_documents for shared-paper availability.
problem,1578,usapho,2009,F=ma,Problems,https://olimpicos.net/usapho/index.html#2009,not_published,Individual file not published; consult problem_documents for shared-paper availability.
problem,1579,usapho,2009,F=ma,Problems,https://olimpicos.net/usapho/index.html#2009,not_published,Individual file not published; consult problem_documents for shared-paper availability.
problem,1580,usapho,2009,F=ma,Problems,https://olimpicos.net/usapho/index.html#2009,not_published,Individual file not published; consult problem_documents for shared-paper availability.
problem,1581,usapho,2009,F=ma,Problems,https://olimpicos.net/usapho/index.html#2009,not_published,Individual file not published; consult problem_documents for shared-paper availability.
problem,1582,usapho,2009,F=ma,Problems,https://olimpicos.net/usapho/index.html#2009,not_published,Individual file not published; consult problem_documents for shared-paper availability.
problem,1583,usapho,2009,F=ma,Problems,https://olimpicos.net/usapho/index.html#2009,not_published,Individual file not published; consult problem_documents for shared-paper availability.
problem,1584,usapho,2009,F=ma,Problems,https://olimpicos.net/usapho/index.html#2009,not_published,Individual file not published; consult problem_documents for shared-paper availability.
problem,1585,usapho,2009,F=ma,Problems,https://olimpicos.net/usapho/index.html#2009,not_published,Individual file not published; consult problem_documents for shared-paper availability.
problem,1586,usapho,2009,F=ma,Problems,https://olimpicos.net/usapho/index.html#2009,not_published,Individual file not published; consult problem_documents for shared-paper availability.
problem,1587,usapho,2009,F=ma,Problems,https://olimpicos.net/usapho/index.html#2009,not_published,Individual file not published; consult problem_documents for shared-paper availability.
problem,1588,usapho,2009,F=ma,Problems,https://olimpicos.net/usapho/index.html#2009,not_published,Individual file not published; consult problem_documents for shared-paper availability.
problem,1589,usapho,2009,F=ma,Problems,https://olimpicos.net/usapho/index.html#2009,not_published,Individual file not published; consult problem_documents for shared-paper availability.
problem,1590,usapho,2009,Quarterfinal,Problems,https://olimpicos.net/usapho/index.html#2009,not_published,Individual file not published; consult problem_documents for shared-paper availability.
problem,1591,usapho,2009,Quarterfinal,Problems,https://olimpicos.net/usapho/index.html#2009,not_published,Individual file not published; consult problem_documents for shared-paper availability.
problem,1592,usapho,2009,Quarterfinal,Problems,https://olimpicos.net/usapho/index.html#2009,not_published,Individual file not published; consult problem_documents for shared-paper availability.
problem,1593,usapho,2009,Quarterfinal,Problems,https://olimpicos.net/usapho/index.html#2009,not_published,Individual file not published; consult problem_documents for shared-paper availability.
problem,1594,usapho,2009,Semifinal,Problems,https://olimpicos.net/usapho/index.html#2009,not_published,Individual file not published; consult problem_documents for shared-paper availability.
problem,1595,usapho,2009,Semifinal,Problems,https://olimpicos.net/usapho/index.html#2009,not_published,Individual file not published; consult problem_documents for shared-paper availability.
problem,1596,usapho,2009,Semifinal,Problems,https://olimpicos.net/usapho/index.html#2009,not_published,Individual file not published; consult problem_documents for shared-paper availability.
problem,1597,usapho,2009,Semifinal,Problems,https://olimpicos.net/usapho/index.html#2009,not_published,Individual file not published; consult problem_documents for shared-paper availability.
problem,1598,usapho,2009,Semifinal,Problems,https://olimpicos.net/usapho/index.html#2009,not_published,Individual file not published; consult problem_documents for shared-paper availability.
problem,1599,usapho,2009,Semifinal,Problems,https://olimpicos.net/usapho/index.html#2009,not_published,Individual file not published; consult problem_documents for shared-paper availability.
problem,1600,usapho,2008,F=ma,Problems,https://olimpicos.net/usapho/index.html#2008,not_published,Individual file not published; consult problem_documents for shared-paper availability.
problem,1601,usapho,2008,F=ma,Problems,https://olimpicos.net/usapho/index.html#2008,not_published,Individual file not published; consult problem_documents for shared-paper availability.
problem,1602,usapho,2008,F=ma,Problems,https://olimpicos.net/usapho/index.html#2008,not_published,Individual file not published; consult problem_documents for shared-paper availability.
problem,1603,usapho,2008,F=ma,Problems,https://olimpicos.net/usapho/index.html#2008,not_published,Individual file not published; consult problem_documents for shared-paper availability.
problem,1604,usapho,2008,F=ma,Problems,https://olimpicos.net/usapho/index.html#2008,not_published,Individual file not published; consult problem_documents for shared-paper availability.
problem,1605,usapho,2008,F=ma,Problems,https://olimpicos.net/usapho/index.html#2008,not_published,Individual file not published; consult problem_documents for shared-paper availability.
problem,1606,usapho,2008,F=ma,Problems,https://olimpicos.net/usapho/index.html#2008,not_published,Individual file not published; consult problem_documents for shared-paper availability.
problem,1607,usapho,2008,F=ma,Problems,https://olimpicos.net/usapho/index.html#2008,not_published,Individual file not published; consult problem_documents for shared-paper availability.
problem,1608,usapho,2008,F=ma,Problems,https://olimpicos.net/usapho/index.html#2008,not_published,Individual file not published; consult problem_documents for shared-paper availability.
problem,1609,usapho,2008,F=ma,Problems,https://olimpicos.net/usapho/index.html#2008,not_published,Individual file not published; consult problem_documents for shared-paper availability.
problem,1610,usapho,2008,F=ma,Problems,https://olimpicos.net/usapho/index.html#2008,not_published,Individual file not published; consult problem_documents for shared-paper availability.
problem,1611,usapho,2008,F=ma,Problems,https://olimpicos.net/usapho/index.html#2008,not_published,Individual file not published; consult problem_documents for shared-paper availability.
problem,1612,usapho,2008,F=ma,Problems,https://olimpicos.net/usapho/index.html#2008,not_published,Individual file not published; consult problem_documents for shared-paper availability.
problem,1613,usapho,2008,F=ma,Problems,https://olimpicos.net/usapho/index.html#2008,not_published,Individual file not published; consult problem_documents for shared-paper availability.
problem,1614,usapho,2008,F=ma,Problems,https://olimpicos.net/usapho/index.html#2008,not_published,Individual file not published; consult problem_documents for shared-paper availability.
problem,1615,usapho,2008,F=ma,Problems,https://olimpicos.net/usapho/index.html#2008,not_published,Individual file not published; consult problem_documents for shared-paper availability.
problem,1616,usapho,2008,F=ma,Problems,https://olimpicos.net/usapho/index.html#2008,not_published,Individual file not published; consult problem_documents for shared-paper availability.
problem,1617,usapho,2008,F=ma,Problems,https://olimpicos.net/usapho/index.html#2008,not_published,Individual file not published; consult problem_documents for shared-paper availability.
problem,1618,usapho,2008,F=ma,Problems,https://olimpicos.net/usapho/index.html#2008,not_published,Individual file not published; consult problem_documents for shared-paper availability.
problem,1619,usapho,2008,F=ma,Problems,https://olimpicos.net/usapho/index.html#2008,not_published,Individual file not published; consult problem_documents for shared-paper availability.
problem,1620,usapho,2008,F=ma,Problems,https://olimpicos.net/usapho/index.html#2008,not_published,Individual file not published; consult problem_documents for shared-paper availability.
problem,1621,usapho,2008,F=ma,Problems,https://olimpicos.net/usapho/index.html#2008,not_published,Individual file not published; consult problem_documents for shared-paper availability.
problem,1622,usapho,2008,F=ma,Problems,https://olimpicos.net/usapho/index.html#2008,not_published,Individual file not published; consult problem_documents for shared-paper availability.
problem,1623,usapho,2008,F=ma,Problems,https://olimpicos.net/usapho/index.html#2008,not_published,Individual file not published; consult problem_documents for shared-paper availability.
problem,1624,usapho,2008,F=ma,Problems,https://olimpicos.net/usapho/index.html#2008,not_published,Individual file not published; consult problem_documents for shared-paper availability.
problem,1625,usapho,2008,Quarterfinal,Problems,https://olimpicos.net/usapho/index.html#2008,not_published,Individual file not published; consult problem_documents for shared-paper availability.
problem,1626,usapho,2008,Quarterfinal,Problems,https://olimpicos.net/usapho/index.html#2008,not_published,Individual file not published; consult problem_documents for shared-paper availability.
problem,1627,usapho,2008,Quarterfinal,Problems,https://olimpicos.net/usapho/index.html#2008,not_published,Individual file not published; consult problem_documents for shared-paper availability.
problem,1628,usapho,2008,Quarterfinal,Problems,https://olimpicos.net/usapho/index.html#2008,not_published,Individual file not published; consult problem_documents for shared-paper availability.
problem,1629,usapho,2008,Semifinal,Problems,https://olimpicos.net/usapho/index.html#2008,not_published,Individual file not published; consult problem_documents for shared-paper availability.
problem,1630,usapho,2008,Semifinal,Problems,https://olimpicos.net/usapho/index.html#2008,not_published,Individual file not published; consult problem_documents for shared-paper availability.
problem,1631,usapho,2008,Semifinal,Problems,https://olimpicos.net/usapho/index.html#2008,not_published,Individual file not published; consult problem_documents for shared-paper availability.
problem,1632,usapho,2008,Semifinal,Problems,https://olimpicos.net/usapho/index.html#2008,not_published,Individual file not published; consult problem_documents for shared-paper availability.
problem,1633,usapho,2008,Semifinal,Problems,https://olimpicos.net/usapho/index.html#2008,not_published,Individual file not published; consult problem_documents for shared-paper availability.
problem,1634,usapho,2008,Semifinal,Problems,https://olimpicos.net/usapho/index.html#2008,not_published,Individual file not published; consult problem_documents for shared-paper availability.
problem,1635,usapho,2007,F=ma,Problems,https://olimpicos.net/usapho/index.html#2007,not_published,Individual file not published; consult problem_documents for shared-paper availability.
problem,1636,usapho,2007,F=ma,Problems,https://olimpicos.net/usapho/index.html#2007,not_published,Individual file not published; consult problem_documents for shared-paper availability.
problem,1637,usapho,2007,F=ma,Problems,https://olimpicos.net/usapho/index.html#2007,not_published,Individual file not published; consult problem_documents for shared-paper availability.
problem,1638,usapho,2007,F=ma,Problems,https://olimpicos.net/usapho/index.html#2007,not_published,Individual file not published; consult problem_documents for shared-paper availability.
problem,1639,usapho,2007,F=ma,Problems,https://olimpicos.net/usapho/index.html#2007,not_published,Individual file not published; consult problem_documents for shared-paper availability.
problem,1640,usapho,2007,F=ma,Problems,https://olimpicos.net/usapho/index.html#2007,not_published,Individual file not published; consult problem_documents for shared-paper availability.
problem,1641,usapho,2007,F=ma,Problems,https://olimpicos.net/usapho/index.html#2007,not_published,Individual file not published; consult problem_documents for shared-paper availability.
problem,1642,usapho,2007,F=ma,Problems,https://olimpicos.net/usapho/index.html#2007,not_published,Individual file not published; consult problem_documents for shared-paper availability.
problem,1643,usapho,2007,F=ma,Problems,https://olimpicos.net/usapho/index.html#2007,not_published,Individual file not published; consult problem_documents for shared-paper availability.
problem,1644,usapho,2007,F=ma,Problems,https://olimpicos.net/usapho/index.html#2007,not_published,Individual file not published; consult problem_documents for shared-paper availability.
problem,1645,usapho,2007,F=ma,Problems,https://olimpicos.net/usapho/index.html#2007,not_published,Individual file not published; consult problem_documents for shared-paper availability.
problem,1646,usapho,2007,F=ma,Problems,https://olimpicos.net/usapho/index.html#2007,not_published,Individual file not published; consult problem_documents for shared-paper availability.
problem,1647,usapho,2007,F=ma,Problems,https://olimpicos.net/usapho/index.html#2007,not_published,Individual file not published; consult problem_documents for shared-paper availability.
problem,1648,usapho,2007,F=ma,Problems,https://olimpicos.net/usapho/index.html#2007,not_published,Individual file not published; consult problem_documents for shared-paper availability.
problem,1649,usapho,2007,F=ma,Problems,https://olimpicos.net/usapho/index.html#2007,not_published,Individual file not published; consult problem_documents for shared-paper availability.
problem,1650,usapho,2007,F=ma,Problems,https://olimpicos.net/usapho/index.html#2007,not_published,Individual file not published; consult problem_documents for shared-paper availability.
problem,1651,usapho,2007,F=ma,Problems,https://olimpicos.net/usapho/index.html#2007,not_published,Individual file not published; consult problem_documents for shared-paper availability.
problem,1652,usapho,2007,F=ma,Problems,https://olimpicos.net/usapho/index.html#2007,not_published,Individual file not published; consult problem_documents for shared-paper availability.
problem,1653,usapho,2007,F=ma,Problems,https://olimpicos.net/usapho/index.html#2007,not_published,Individual file not published; consult problem_documents for shared-paper availability.
problem,1654,usapho,2007,F=ma,Problems,https://olimpicos.net/usapho/index.html#2007,not_published,Individual file not published; consult problem_documents for shared-paper availability.
problem,1655,usapho,2007,F=ma,Problems,https://olimpicos.net/usapho/index.html#2007,not_published,Individual file not published; consult problem_documents for shared-paper availability.
problem,1656,usapho,2007,F=ma,Problems,https://olimpicos.net/usapho/index.html#2007,not_published,Individual file not published; consult problem_documents for shared-paper availability.
problem,1657,usapho,2007,F=ma,Problems,https://olimpicos.net/usapho/index.html#2007,not_published,Individual file not published; consult problem_documents for shared-paper availability.
problem,1658,usapho,2007,F=ma,Problems,https://olimpicos.net/usapho/index.html#2007,not_published,Individual file not published; consult problem_documents for shared-paper availability.
problem,1659,usapho,2007,F=ma,Problems,https://olimpicos.net/usapho/index.html#2007,not_published,Individual file not published; consult problem_documents for shared-paper availability.
problem,1660,usapho,2007,F=ma,Problems,https://olimpicos.net/usapho/index.html#2007,not_published,Individual file not published; consult problem_documents for shared-paper availability.
problem,1661,usapho,2007,F=ma,Problems,https://olimpicos.net/usapho/index.html#2007,not_published,Individual file not published; consult problem_documents for shared-paper availability.
problem,1662,usapho,2007,F=ma,Problems,https://olimpicos.net/usapho/index.html#2007,not_published,Individual file not published; consult problem_documents for shared-paper availability.
problem,1663,usapho,2007,F=ma,Problems,https://olimpicos.net/usapho/index.html#2007,not_published,Individual file not published; consult problem_documents for shared-paper availability.
problem,1664,usapho,2007,F=ma,Problems,https://olimpicos.net/usapho/index.html#2007,not_published,Individual file not published; consult problem_documents for shared-paper availability.
problem,1665,usapho,2007,F=ma,Problems,https://olimpicos.net/usapho/index.html#2007,not_published,Individual file not published; consult problem_documents for shared-paper availability.
problem,1666,usapho,2007,F=ma,Problems,https://olimpicos.net/usapho/index.html#2007,not_published,Individual file not published; consult problem_documents for shared-paper availability.
problem,1667,usapho,2007,F=ma,Problems,https://olimpicos.net/usapho/index.html#2007,not_published,Individual file not published; consult problem_documents for shared-paper availability.
problem,1668,usapho,2007,F=ma,Problems,https://olimpicos.net/usapho/index.html#2007,not_published,Individual file not published; consult problem_documents for shared-paper availability.
problem,1669,usapho,2007,F=ma,Problems,https://olimpicos.net/usapho/index.html#2007,not_published,Individual file not published; consult problem_documents for shared-paper availability.
problem,1670,usapho,2007,F=ma,Problems,https://olimpicos.net/usapho/index.html#2007,not_published,Individual file not published; consult problem_documents for shared-paper availability.
problem,1671,usapho,2007,F=ma,Problems,https://olimpicos.net/usapho/index.html#2007,not_published,Individual file not published; consult problem_documents for shared-paper availability.
problem,1672,usapho,2007,F=ma,Problems,https://olimpicos.net/usapho/index.html#2007,not_published,Individual file not published; consult problem_documents for shared-paper availability.
problem,1673,usapho,2007,Semifinal,Problems,https://olimpicos.net/usapho/index.html#2007,not_published,Individual file not published; consult problem_documents for shared-paper availability.
problem,1674,usapho,2007,Semifinal,Problems,https://olimpicos.net/usapho/index.html#2007,not_published,Individual file not published; consult problem_documents for shared-paper availability.
problem,1675,usapho,2007,Semifinal,Problems,https://olimpicos.net/usapho/index.html#2007,not_published,Individual file not published; consult problem_documents for shared-paper availability.
problem,1676,usapho,2007,Semifinal,Problems,https://olimpicos.net/usapho/index.html#2007,not_published,Individual file not published; consult problem_documents for shared-paper availability.
problem,1677,usapho,2007,Semifinal,Problems,https://olimpicos.net/usapho/index.html#2007,not_published,Individual file not published; consult problem_documents for shared-paper availability.
problem,1678,usapho,2007,Semifinal,Problems,https://olimpicos.net/usapho/index.html#2007,not_published,Individual file not published; consult problem_documents for shared-paper availability.
problem,1709,panpho,2026,,Long Problems,https://olimpicos.net/panpho/index.html#2026,not_published,Individual file not published; consult problem_documents for shared-paper availability.
problem,1710,panpho,2026,,Long Problems,https://olimpicos.net/panpho/index.html#2026,not_published,Individual file not published; consult problem_documents for shared-paper availability.
problem,1711,panpho,2025,,Short Problems,https://olimpicos.net/panpho/index.html#2025,not_published,Individual file not published; consult problem_documents for shared-paper availability.
problem,1712,panpho,2025,,Short Problems,https://olimpicos.net/panpho/index.html#2025,not_published,Individual file not published; consult problem_documents for shared-paper availability.
problem,1713,panpho,2025,,Short Problems,https://olimpicos.net/panpho/index.html#2025,not_published,Individual file not published; consult problem_documents for shared-paper availability.
problem,1714,panpho,2025,,Short Problems,https://olimpicos.net/panpho/index.html#2025,not_published,Individual file not published; consult problem_documents for shared-paper availability.
problem,1715,panpho,2025,,Long Problems,https://olimpicos.net/panpho/index.html#2025,not_published,Individual file not published; consult problem_documents for shared-paper availability.
problem,1716,panpho,2025,,Long Problems,https://olimpicos.net/panpho/index.html#2025,not_published,Individual file not published; consult problem_documents for shared-paper availability.
problem,1717,panpho,2024,,Short Problems,https://olimpicos.net/panpho/index.html#2024,not_published,Individual file not published; consult problem_documents for shared-paper availability.
problem,1718,panpho,2024,,Short Problems,https://olimpicos.net/panpho/index.html#2024,not_published,Individual file not published; consult problem_documents for shared-paper availability.
problem,1719,panpho,2024,,Short Problems,https://olimpicos.net/panpho/index.html#2024,not_published,Individual file not published; consult problem_documents for shared-paper availability.
problem,1720,panpho,2024,,Short Problems,https://olimpicos.net/panpho/index.html#2024,not_published,Individual file not published; consult problem_documents for shared-paper availability.
problem,1721,panpho,2024,,Long Problems,https://olimpicos.net/panpho/index.html#2024,not_published,Individual file not published; consult problem_documents for shared-paper availability.
problem,1722,panpho,2024,,Long Problems,https://olimpicos.net/panpho/index.html#2024,not_published,Individual file not published; consult problem_documents for shared-paper availability.
problem,1723,panpho,2023,,Short Problems,https://olimpicos.net/panpho/index.html#2023,not_published,Individual file not published; consult problem_documents for shared-paper availability.
problem,1724,panpho,2023,,Short Problems,https://olimpicos.net/panpho/index.html#2023,not_published,Individual file not published; consult problem_documents for shared-paper availability.
problem,1725,panpho,2023,,Short Problems,https://olimpicos.net/panpho/index.html#2023,not_published,Individual file not published; consult problem_documents for shared-paper availability.
problem,1726,panpho,2023,,Short Problems,https://olimpicos.net/panpho/index.html#2023,not_published,Individual file not published; consult problem_documents for shared-paper availability.
problem,1727,panpho,2023,,Long Problems,https://olimpicos.net/panpho/index.html#2023,not_published,Individual file not published; consult problem_documents for shared-paper availability.
problem,1728,panpho,2023,,Long Problems,https://olimpicos.net/panpho/index.html#2023,not_published,Individual file not published; consult problem_documents for shared-paper availability.
problem,1729,panpho,2022,,Short Problems,https://olimpicos.net/panpho/index.html#2022,not_published,Individual file not published; consult problem_documents for shared-paper availability.
problem,1730,panpho,2022,,Short Problems,https://olimpicos.net/panpho/index.html#2022,not_published,Individual file not published; consult problem_documents for shared-paper availability.
problem,1731,panpho,2022,,Short Problems,https://olimpicos.net/panpho/index.html#2022,not_published,Individual file not published; consult problem_documents for shared-paper availability.
problem,1732,panpho,2022,,Short Problems,https://olimpicos.net/panpho/index.html#2022,not_published,Individual file not published; consult problem_documents for shared-paper availability.
problem,1733,panpho,2022,,Long Problems,https://olimpicos.net/panpho/index.html#2022,not_published,Individual file not published; consult problem_documents for shared-paper availability.
problem,1734,panpho,2022,,Long Problems,https://olimpicos.net/panpho/index.html#2022,not_published,Individual file not published; consult problem_documents for shared-paper availability.
problem,1735,panpho,2021,,Short Problems,https://olimpicos.net/panpho/index.html#2021,not_published,Individual file not published; consult problem_documents for shared-paper availability.
problem,1736,panpho,2021,,Short Problems,https://olimpicos.net/panpho/index.html#2021,not_published,Individual file not published; consult problem_documents for shared-paper availability.
problem,1737,panpho,2021,,Short Problems,https://olimpicos.net/panpho/index.html#2021,not_published,Individual file not published; consult problem_documents for shared-paper availability.
problem,1738,panpho,2021,,Short Problems,https://olimpicos.net/panpho/index.html#2021,not_published,Individual file not published; consult problem_documents for shared-paper availability.
problem,1739,panpho,2021,,Long Problems,https://olimpicos.net/panpho/index.html#2021,not_published,Individual file not published; consult problem_documents for shared-paper availability.
problem,1740,panpho,2021,,Long Problems,https://olimpicos.net/panpho/index.html#2021,not_published,Individual file not published; consult problem_documents for shared-paper availability.
problem,1741,panpho,2020,,Short Problems,https://olimpicos.net/panpho/index.html#2020,not_published,Individual file not published; consult problem_documents for shared-paper availability.
problem,1742,panpho,2020,,Short Problems,https://olimpicos.net/panpho/index.html#2020,not_published,Individual file not published; consult problem_documents for shared-paper availability.
problem,1743,panpho,2020,,Short Problems,https://olimpicos.net/panpho/index.html#2020,not_published,Individual file not published; consult problem_documents for shared-paper availability.
problem,1744,panpho,2020,,Short Problems,https://olimpicos.net/panpho/index.html#2020,not_published,Individual file not published; consult problem_documents for shared-paper availability.
problem,1745,panpho,2020,,Long Problems,https://olimpicos.net/panpho/index.html#2020,not_published,Individual file not published; consult problem_documents for shared-paper availability.
problem,1746,panpho,2020,,Long Problems,https://olimpicos.net/panpho/index.html#2020,not_published,Individual file not published; consult problem_documents for shared-paper availability.
problem,1747,panpho,2019,,Short Problems,https://olimpicos.net/panpho/index.html#2019,not_published,Individual file not published; consult problem_documents for shared-paper availability.
problem,1748,panpho,2019,,Short Problems,https://olimpicos.net/panpho/index.html#2019,not_published,Individual file not published; consult problem_documents for shared-paper availability.
problem,1749,panpho,2019,,Short Problems,https://olimpicos.net/panpho/index.html#2019,not_published,Individual file not published; consult problem_documents for shared-paper availability.
problem,1750,panpho,2019,,Short Problems,https://olimpicos.net/panpho/index.html#2019,not_published,Individual file not published; consult problem_documents for shared-paper availability.
problem,1751,panpho,2019,,Long Problems,https://olimpicos.net/panpho/index.html#2019,not_published,Individual file not published; consult problem_documents for shared-paper availability.
problem,1752,panpho,2019,,Long Problems,https://olimpicos.net/panpho/index.html#2019,not_published,Individual file not published; consult problem_documents for shared-paper availability.
problem,1753,panpho,2018,,Short Problems,https://olimpicos.net/panpho/index.html#2018,not_published,Individual file not published; consult problem_documents for shared-paper availability.
problem,1754,panpho,2018,,Short Problems,https://olimpicos.net/panpho/index.html#2018,not_published,Individual file not published; consult problem_documents for shared-paper availability.
problem,1755,panpho,2018,,Short Problems,https://olimpicos.net/panpho/index.html#2018,not_published,Individual file not published; consult problem_documents for shared-paper availability.
problem,1756,panpho,2018,,Short Problems,https://olimpicos.net/panpho/index.html#2018,not_published,Individual file not published; consult problem_documents for shared-paper availability.
problem,1757,panpho,2018,,Short Problems,https://olimpicos.net/panpho/index.html#2018,not_published,Individual file not published; consult problem_documents for shared-paper availability.
problem,1758,panpho,2018,,Short Problems,https://olimpicos.net/panpho/index.html#2018,not_published,Individual file not published; consult problem_documents for shared-paper availability.
problem,1759,panpho,2018,,Long Problems,https://olimpicos.net/panpho/index.html#2018,not_published,Individual file not published; consult problem_documents for shared-paper availability.
problem,1760,panpho,2018,,Long Problems,https://olimpicos.net/panpho/index.html#2018,not_published,Individual file not published; consult problem_documents for shared-paper availability.
problem,1761,panpho,2017,,Short Problems,https://olimpicos.net/panpho/index.html#2017,not_published,Individual file not published; consult problem_documents for shared-paper availability.
problem,1762,panpho,2017,,Short Problems,https://olimpicos.net/panpho/index.html#2017,not_published,Individual file not published; consult problem_documents for shared-paper availability.
problem,1763,panpho,2017,,Short Problems,https://olimpicos.net/panpho/index.html#2017,not_published,Individual file not published; consult problem_documents for shared-paper availability.
problem,1764,panpho,2017,,Short Problems,https://olimpicos.net/panpho/index.html#2017,not_published,Individual file not published; consult problem_documents for shared-paper availability.
problem,1765,panpho,2017,,Short Problems,https://olimpicos.net/panpho/index.html#2017,not_published,Individual file not published; consult problem_documents for shared-paper availability.
problem,1766,panpho,2017,,Short Problems,https://olimpicos.net/panpho/index.html#2017,not_published,Individual file not published; consult problem_documents for shared-paper availability.
problem,1767,panpho,2017,,Short Problems,https://olimpicos.net/panpho/index.html#2017,not_published,Individual file not published; consult problem_documents for shared-paper availability.
problem,1768,panpho,2017,,Long Problems,https://olimpicos.net/panpho/index.html#2017,not_published,Individual file not published; consult problem_documents for shared-paper availability.
problem,1769,panpho,2017,,Long Problems,https://olimpicos.net/panpho/index.html#2017,not_published,Individual file not published; consult problem_documents for shared-paper availability.
problem,1770,panpho,2016,,Short Problems,https://olimpicos.net/panpho/index.html#2016,not_published,Individual file not published; consult problem_documents for shared-paper availability.
problem,1771,panpho,2016,,Short Problems,https://olimpicos.net/panpho/index.html#2016,not_published,Individual file not published; consult problem_documents for shared-paper availability.
problem,1772,panpho,2016,,Short Problems,https://olimpicos.net/panpho/index.html#2016,not_published,Individual file not published; consult problem_documents for shared-paper availability.
problem,1773,panpho,2016,,Short Problems,https://olimpicos.net/panpho/index.html#2016,not_published,Individual file not published; consult problem_documents for shared-paper availability.
problem,1774,panpho,2016,,Short Problems,https://olimpicos.net/panpho/index.html#2016,not_published,Individual file not published; consult problem_documents for shared-paper availability.
problem,1775,panpho,2016,,Long Problems,https://olimpicos.net/panpho/index.html#2016,not_published,Individual file not published; consult problem_documents for shared-paper availability.
problem,1776,panpho,2016,,Long Problems,https://olimpicos.net/panpho/index.html#2016,not_published,Individual file not published; consult problem_documents for shared-paper availability.
problem,1777,panpho,2016,,Long Problems,https://olimpicos.net/panpho/index.html#2016,not_published,Individual file not published; consult problem_documents for shared-paper availability.
problem,1778,panpho,2015,,Problems,https://olimpicos.net/panpho/index.html#2015,not_published,Individual file not published; consult problem_documents for shared-paper availability.
problem,1779,panpho,2015,,Problems,https://olimpicos.net/panpho/index.html#2015,not_published,Individual file not published; consult problem_documents for shared-paper availability.
problem,1780,panpho,2015,,Problems,https://olimpicos.net/panpho/index.html#2015,not_published,Individual file not published; consult problem_documents for shared-paper availability.
problem,1781,panpho,2015,,Problems,https://olimpicos.net/panpho/index.html#2015,not_published,Individual file not published; consult problem_documents for shared-paper availability.
problem,1782,panpho,2015,,Problems,https://olimpicos.net/panpho/index.html#2015,not_published,Individual file not published; consult problem_documents for shared-paper availability.
problem,1783,panpho,2015,,Problems,https://olimpicos.net/panpho/index.html#2015,not_published,Individual file not published; consult problem_documents for shared-paper availability.
problem,1784,panpho,2015,,Problems,https://olimpicos.net/panpho/index.html#2015,not_published,Individual file not published; consult problem_documents for shared-paper availability.
problem,1785,panpho,2014,,Problems,https://olimpicos.net/panpho/index.html#2014,not_published,Individual file not published; consult problem_documents for shared-paper availability.
problem,1786,panpho,2014,,Problems,https://olimpicos.net/panpho/index.html#2014,not_published,Individual file not published; consult problem_documents for shared-paper availability.
problem,1787,panpho,2014,,Problems,https://olimpicos.net/panpho/index.html#2014,not_published,Individual file not published; consult problem_documents for shared-paper availability.
problem,1788,panpho,2014,,Problems,https://olimpicos.net/panpho/index.html#2014,not_published,Individual file not published; consult problem_documents for shared-paper availability.
problem,1789,panpho,2014,,Problems,https://olimpicos.net/panpho/index.html#2014,not_published,Individual file not published; consult problem_documents for shared-paper availability.
problem,1790,panpho,2014,,Problems,https://olimpicos.net/panpho/index.html#2014,not_published,Individual file not published; consult problem_documents for shared-paper availability.
problem,1791,panpho,2014,,Problems,https://olimpicos.net/panpho/index.html#2014,not_published,Individual file not published; consult problem_documents for shared-paper availability.
problem,1792,panpho,2014,,Problems,https://olimpicos.net/panpho/index.html#2014,not_published,Individual file not published; consult problem_documents for shared-paper availability.
problem,1793,panpho,2013,,Problems,https://olimpicos.net/panpho/index.html#2013,not_published,Individual file not published; consult problem_documents for shared-paper availability.
problem,1794,panpho,2013,,Problems,https://olimpicos.net/panpho/index.html#2013,not_published,Individual file not published; consult problem_documents for shared-paper availability.
problem,1795,panpho,2013,,Problems,https://olimpicos.net/panpho/index.html#2013,not_published,Individual file not published; consult problem_documents for shared-paper availability.
problem,1796,panpho,2013,,Problems,https://olimpicos.net/panpho/index.html#2013,not_published,Individual file not published; consult problem_documents for shared-paper availability.
problem,1797,panpho,2013,,Problems,https://olimpicos.net/panpho/index.html#2013,not_published,Individual file not published; consult problem_documents for shared-paper availability.
problem,1798,panpho,2013,,Problems,https://olimpicos.net/panpho/index.html#2013,not_published,Individual file not published; consult problem_documents for shared-paper availability.
problem,1799,panpho,2013,,Problems,https://olimpicos.net/panpho/index.html#2013,not_published,Individual file not published; consult problem_documents for shared-paper availability.
problem,1800,panpho,2012,,Problems,https://olimpicos.net/panpho/index.html#2012,not_published,Individual file not published; consult problem_documents for shared-paper availability.
problem,1801,panpho,2012,,Problems,https://olimpicos.net/panpho/index.html#2012,not_published,Individual file not published; consult problem_documents for shared-paper availability.
problem,1802,panpho,2012,,Problems,https://olimpicos.net/panpho/index.html#2012,not_published,Individual file not published; consult problem_documents for shared-paper availability.
problem,1803,panpho,2012,,Problems,https://olimpicos.net/panpho/index.html#2012,not_published,Individual file not published; consult problem_documents for shared-paper availability.
problem,1804,panpho,2012,,Problems,https://olimpicos.net/panpho/index.html#2012,not_published,Individual file not published; consult problem_documents for shared-paper availability.
problem,1805,panpho,2012,,Problems,https://olimpicos.net/panpho/index.html#2012,not_published,Individual file not published; consult problem_documents for shared-paper availability.
problem,1806,panpho,2012,,Problems,https://olimpicos.net/panpho/index.html#2012,not_published,Individual file not published; consult problem_documents for shared-paper availability.
problem,1807,panpho,2012,,Problems,https://olimpicos.net/panpho/index.html#2012,not_published,Individual file not published; consult problem_documents for shared-paper availability.
problem,1808,panpho,2012,,Problems,https://olimpicos.net/panpho/index.html#2012,not_published,Individual file not published; consult problem_documents for shared-paper availability.
problem,1809,panpho,2011,,Problems,https://olimpicos.net/panpho/index.html#2011,not_published,Individual file not published; consult problem_documents for shared-paper availability.
problem,1810,panpho,2011,,Problems,https://olimpicos.net/panpho/index.html#2011,not_published,Individual file not published; consult problem_documents for shared-paper availability.
problem,1811,panpho,2011,,Problems,https://olimpicos.net/panpho/index.html#2011,not_published,Individual file not published; consult problem_documents for shared-paper availability.
problem,1812,panpho,2011,,Problems,https://olimpicos.net/panpho/index.html#2011,not_published,Individual file not published; consult problem_documents for shared-paper availability.
problem,1813,panpho,2011,,Problems,https://olimpicos.net/panpho/index.html#2011,not_published,Individual file not published; consult problem_documents for shared-paper availability.
problem,1814,panpho,2011,,Problems,https://olimpicos.net/panpho/index.html#2011,not_published,Individual file not published; consult problem_documents for shared-paper availability.
problem,1815,panpho,2011,,Problems,https://olimpicos.net/panpho/index.html#2011,not_published,Individual file not published; consult problem_documents for shared-paper availability.
problem,1816,panpho,2011,,Problems,https://olimpicos.net/panpho/index.html#2011,not_published,Individual file not published; consult problem_documents for shared-paper availability.
problem,1817,panpho,2011,,Problems,https://olimpicos.net/panpho/index.html#2011,not_published,Individual file not published; consult problem_documents for shared-paper availability.
problem,1818,panpho,2010,,Problems,https://olimpicos.net/panpho/index.html#2010,not_published,Individual file not published; consult problem_documents for shared-paper availability.
problem,1819,panpho,2010,,Problems,https://olimpicos.net/panpho/index.html#2010,not_published,Individual file not published; consult problem_documents for shared-paper availability.
problem,1820,panpho,2010,,Problems,https://olimpicos.net/panpho/index.html#2010,not_published,Individual file not published; consult problem_documents for shared-paper availability.
problem,1821,panpho,2010,,Problems,https://olimpicos.net/panpho/index.html#2010,not_published,Individual file not published; consult problem_documents for shared-paper availability.
problem,1822,panpho,2010,,Problems,https://olimpicos.net/panpho/index.html#2010,not_published,Individual file not published; consult problem_documents for shared-paper availability.
problem,1823,panpho,2010,,Problems,https://olimpicos.net/panpho/index.html#2010,not_published,Individual file not published; consult problem_documents for shared-paper availability.
problem,1824,panpho,2010,,Problems,https://olimpicos.net/panpho/index.html#2010,not_published,Individual file not published; consult problem_documents for shared-paper availability.
problem,1825,panpho,2010,,Problems,https://olimpicos.net/panpho/index.html#2010,not_published,Individual file not published; consult problem_documents for shared-paper availability.
problem,1826,panpho,2010,,Problems,https://olimpicos.net/panpho/index.html#2010,not_published,Individual file not published; consult problem_documents for shared-paper availability.
problem,1827,panpho,2009,,Problems,https://olimpicos.net/panpho/index.html#2009,not_published,Individual file not published; consult problem_documents for shared-paper availability.
problem,1828,panpho,2009,,Problems,https://olimpicos.net/panpho/index.html#2009,not_published,Individual file not published; consult problem_documents for shared-paper availability.
problem,1829,panpho,2009,,Problems,https://olimpicos.net/panpho/index.html#2009,not_published,Individual file not published; consult problem_documents for shared-paper availability.
problem,1830,panpho,2009,,Problems,https://olimpicos.net/panpho/index.html#2009,not_published,Individual file not published; consult problem_documents for shared-paper availability.
problem,1831,panpho,2009,,Problems,https://olimpicos.net/panpho/index.html#2009,not_published,Individual file not published; consult problem_documents for shared-paper availability.
problem,1832,panpho,2009,,Problems,https://olimpicos.net/panpho/index.html#2009,not_published,Individual file not published; consult problem_documents for shared-paper availability.
problem,1833,panpho,2009,,Problems,https://olimpicos.net/panpho/index.html#2009,not_published,Individual file not published; consult problem_documents for shared-paper availability.
problem,1834,panpho,2009,,Problems,https://olimpicos.net/panpho/index.html#2009,not_published,Individual file not published; consult problem_documents for shared-paper availability.
problem,1835,panpho,2008,,Problems,https://olimpicos.net/panpho/index.html#2008,not_published,Individual file not published; consult problem_documents for shared-paper availability.
problem,1836,panpho,2008,,Problems,https://olimpicos.net/panpho/index.html#2008,not_published,Individual file not published; consult problem_documents for shared-paper availability.
problem,1837,panpho,2008,,Problems,https://olimpicos.net/panpho/index.html#2008,not_published,Individual file not published; consult problem_documents for shared-paper availability.
problem,1838,panpho,2008,,Problems,https://olimpicos.net/panpho/index.html#2008,not_published,Individual file not published; consult problem_documents for shared-paper availability.
problem,1839,panpho,2008,,Problems,https://olimpicos.net/panpho/index.html#2008,not_published,Individual file not published; consult problem_documents for shared-paper availability.
problem,1840,panpho,2008,,Problems,https://olimpicos.net/panpho/index.html#2008,not_published,Individual file not published; consult problem_documents for shared-paper availability.
problem,1841,panpho,2008,,Problems,https://olimpicos.net/panpho/index.html#2008,not_published,Individual file not published; consult problem_documents for shared-paper availability.
problem,1842,panpho,2008,,Problems,https://olimpicos.net/panpho/index.html#2008,not_published,Individual file not published; consult problem_documents for shared-paper availability.
problem,1843,panpho,2008,,Problems,https://olimpicos.net/panpho/index.html#2008,not_published,Individual file not published; consult problem_documents for shared-paper availability.
problem,1844,panpho,2007,,Problems,https://olimpicos.net/panpho/index.html#2007,not_published,Individual file not published; consult problem_documents for shared-paper availability.
problem,1845,panpho,2007,,Problems,https://olimpicos.net/panpho/index.html#2007,not_published,Individual file not published; consult problem_documents for shared-paper availability.
problem,1846,panpho,2007,,Problems,https://olimpicos.net/panpho/index.html#2007,not_published,Individual file not published; consult problem_documents for shared-paper availability.
problem,1847,panpho,2007,,Problems,https://olimpicos.net/panpho/index.html#2007,not_published,Individual file not published; consult problem_documents for shared-paper availability.
problem,1848,panpho,2007,,Problems,https://olimpicos.net/panpho/index.html#2007,not_published,Individual file not published; consult problem_documents for shared-paper availability.
problem,1849,panpho,2007,,Problems,https://olimpicos.net/panpho/index.html#2007,not_published,Individual file not published; consult problem_documents for shared-paper availability.
problem,1850,panpho,2007,,Problems,https://olimpicos.net/panpho/index.html#2007,not_published,Individual file not published; consult problem_documents for shared-paper availability.
problem,1851,panpho,2007,,Problems,https://olimpicos.net/panpho/index.html#2007,not_published,Individual file not published; consult problem_documents for shared-paper availability.
problem,1852,panpho,2007,,Problems,https://olimpicos.net/panpho/index.html#2007,not_published,Individual file not published; consult problem_documents for shared-paper availability.
problem,1853,panpho,2007,,Problems,https://olimpicos.net/panpho/index.html#2007,not_published,Individual file not published; consult problem_documents for shared-paper availability.
problem,1854,panpho,2006,,Problems,https://olimpicos.net/panpho/index.html#2006,not_published,Individual file not published; consult problem_documents for shared-paper availability.
problem,1855,panpho,2006,,Problems,https://olimpicos.net/panpho/index.html#2006,not_published,Individual file not published; consult problem_documents for shared-paper availability.
problem,1856,panpho,2006,,Problems,https://olimpicos.net/panpho/index.html#2006,not_published,Individual file not published; consult problem_documents for shared-paper availability.
problem,1857,panpho,2006,,Problems,https://olimpicos.net/panpho/index.html#2006,not_published,Individual file not published; consult problem_documents for shared-paper availability.
problem,1858,panpho,2006,,Problems,https://olimpicos.net/panpho/index.html#2006,not_published,Individual file not published; consult problem_documents for shared-paper availability.
problem,1859,panpho,2006,,Problems,https://olimpicos.net/panpho/index.html#2006,not_published,Individual file not published; consult problem_documents for shared-paper availability.
problem,1860,panpho,2006,,Problems,https://olimpicos.net/panpho/index.html#2006,not_published,Individual file not published; consult problem_documents for shared-paper availability.
problem,1861,panpho,2006,,Problems,https://olimpicos.net/panpho/index.html#2006,not_published,Individual file not published; consult problem_documents for shared-paper availability.
problem,1862,panpho,2005,,Problems,https://olimpicos.net/panpho/index.html#2005,not_published,Individual file not published; consult problem_documents for shared-paper availability.
problem,1863,panpho,2005,,Problems,https://olimpicos.net/panpho/index.html#2005,not_published,Individual file not published; consult problem_documents for shared-paper availability.
problem,1864,panpho,2005,,Problems,https://olimpicos.net/panpho/index.html#2005,not_published,Individual file not published; consult problem_documents for shared-paper availability.
problem,1865,panpho,2005,,Problems,https://olimpicos.net/panpho/index.html#2005,not_published,Individual file not published; consult problem_documents for shared-paper availability.
problem,1866,panpho,2005,,Problems,https://olimpicos.net/panpho/index.html#2005,not_published,Individual file not published; consult problem_documents for shared-paper availability.
problem,1867,panpho,2005,,Problems,https://olimpicos.net/panpho/index.html#2005,not_published,Individual file not published; consult problem_documents for shared-paper availability.
problem,1868,panpho,2005,,Problems,https://olimpicos.net/panpho/index.html#2005,not_published,Individual file not published; consult problem_documents for shared-paper availability.
problem,1869,panpho,2005,,Problems,https://olimpicos.net/panpho/index.html#2005,not_published,Individual file not published; consult problem_documents for shared-paper availability.
problem,1870,vosh,2025,,Problems,https://olimpicos.net/vosh/index.html#2025,not_published,Individual file not published; consult problem_documents for shared-paper availability.
problem,1871,vosh,2025,,Problems,https://olimpicos.net/vosh/index.html#2025,not_published,Individual file not published; consult problem_documents for shared-paper availability.
problem,1872,vosh,2025,,Problems,https://olimpicos.net/vosh/index.html#2025,not_published,Individual file not published; consult problem_documents for shared-paper availability.
problem,1873,vosh,2025,,Problems,https://olimpicos.net/vosh/index.html#2025,not_published,Individual file not published; consult problem_documents for shared-paper availability.
problem,1874,vosh,2025,,Problems,https://olimpicos.net/vosh/index.html#2025,not_published,Individual file not published; consult problem_documents for shared-paper availability.
problem,1875,vosh,2024,,Problems,https://olimpicos.net/vosh/index.html#2024,not_published,Individual file not published; consult problem_documents for shared-paper availability.
problem,1876,vosh,2024,,Problems,https://olimpicos.net/vosh/index.html#2024,not_published,Individual file not published; consult problem_documents for shared-paper availability.
problem,1877,vosh,2024,,Problems,https://olimpicos.net/vosh/index.html#2024,not_published,Individual file not published; consult problem_documents for shared-paper availability.
problem,1878,vosh,2024,,Problems,https://olimpicos.net/vosh/index.html#2024,not_published,Individual file not published; consult problem_documents for shared-paper availability.
problem,1879,vosh,2024,,Problems,https://olimpicos.net/vosh/index.html#2024,not_published,Individual file not published; consult problem_documents for shared-paper availability.
problem,1880,vosh,2023,,Problems,https://olimpicos.net/vosh/index.html#2023,not_published,Individual file not published; consult problem_documents for shared-paper availability.
problem,1881,vosh,2023,,Problems,https://olimpicos.net/vosh/index.html#2023,not_published,Individual file not published; consult problem_documents for shared-paper availability.
problem,1882,vosh,2023,,Problems,https://olimpicos.net/vosh/index.html#2023,not_published,Individual file not published; consult problem_documents for shared-paper availability.
problem,1883,vosh,2023,,Problems,https://olimpicos.net/vosh/index.html#2023,not_published,Individual file not published; consult problem_documents for shared-paper availability.
problem,1884,vosh,2023,,Problems,https://olimpicos.net/vosh/index.html#2023,not_published,Individual file not published; consult problem_documents for shared-paper availability.
problem,1885,vosh,2022,,Problems,https://olimpicos.net/vosh/index.html#2022,not_published,Individual file not published; consult problem_documents for shared-paper availability.
problem,1886,vosh,2022,,Problems,https://olimpicos.net/vosh/index.html#2022,not_published,Individual file not published; consult problem_documents for shared-paper availability.
problem,1887,vosh,2022,,Problems,https://olimpicos.net/vosh/index.html#2022,not_published,Individual file not published; consult problem_documents for shared-paper availability.
problem,1888,vosh,2022,,Problems,https://olimpicos.net/vosh/index.html#2022,not_published,Individual file not published; consult problem_documents for shared-paper availability.
problem,1889,vosh,2022,,Problems,https://olimpicos.net/vosh/index.html#2022,not_published,Individual file not published; consult problem_documents for shared-paper availability.
problem,1890,vosh,2021,,Problems,https://olimpicos.net/vosh/index.html#2021,not_published,Individual file not published; consult problem_documents for shared-paper availability.
problem,1891,vosh,2021,,Problems,https://olimpicos.net/vosh/index.html#2021,not_published,Individual file not published; consult problem_documents for shared-paper availability.
problem,1892,vosh,2021,,Problems,https://olimpicos.net/vosh/index.html#2021,not_published,Individual file not published; consult problem_documents for shared-paper availability.
problem,1893,vosh,2021,,Problems,https://olimpicos.net/vosh/index.html#2021,not_published,Individual file not published; consult problem_documents for shared-paper availability.
problem,1894,vosh,2021,,Problems,https://olimpicos.net/vosh/index.html#2021,not_published,Individual file not published; consult problem_documents for shared-paper availability.
problem,1895,vosh,2019,,Problems,https://olimpicos.net/vosh/index.html#2019,not_published,Individual file not published; consult problem_documents for shared-paper availability.
problem,1896,vosh,2019,,Problems,https://olimpicos.net/vosh/index.html#2019,not_published,Individual file not published; consult problem_documents for shared-paper availability.
problem,1897,vosh,2019,,Problems,https://olimpicos.net/vosh/index.html#2019,not_published,Individual file not published; consult problem_documents for shared-paper availability.
problem,1898,vosh,2019,,Problems,https://olimpicos.net/vosh/index.html#2019,not_published,Individual file not published; consult problem_documents for shared-paper availability.
problem,1899,vosh,2019,,Problems,https://olimpicos.net/vosh/index.html#2019,not_published,Individual file not published; consult problem_documents for shared-paper availability.
problem,1900,vosh,2018,,Problems,https://olimpicos.net/vosh/index.html#2018,not_published,Individual file not published; consult problem_documents for shared-paper availability.
problem,1901,vosh,2018,,Problems,https://olimpicos.net/vosh/index.html#2018,not_published,Individual file not published; consult problem_documents for shared-paper availability.
problem,1902,vosh,2018,,Problems,https://olimpicos.net/vosh/index.html#2018,not_published,Individual file not published; consult problem_documents for shared-paper availability.
problem,1903,vosh,2018,,Problems,https://olimpicos.net/vosh/index.html#2018,not_published,Individual file not published; consult problem_documents for shared-paper availability.
problem,1904,vosh,2018,,Problems,https://olimpicos.net/vosh/index.html#2018,not_published,Individual file not published; consult problem_documents for shared-paper availability.
problem,1905,vosh,2017,,Problems,https://olimpicos.net/vosh/index.html#2017,not_published,Individual file not published; consult problem_documents for shared-paper availability.
problem,1906,vosh,2017,,Problems,https://olimpicos.net/vosh/index.html#2017,not_published,Individual file not published; consult problem_documents for shared-paper availability.
problem,1907,vosh,2017,,Problems,https://olimpicos.net/vosh/index.html#2017,not_published,Individual file not published; consult problem_documents for shared-paper availability.
problem,1908,vosh,2017,,Problems,https://olimpicos.net/vosh/index.html#2017,not_published,Individual file not published; consult problem_documents for shared-paper availability.
problem,1909,vosh,2017,,Problems,https://olimpicos.net/vosh/index.html#2017,not_published,Individual file not published; consult problem_documents for shared-paper availability.
problem,1910,vosh,2016,,Problems,https://olimpicos.net/vosh/index.html#2016,not_published,Individual file not published; consult problem_documents for shared-paper availability.
problem,1911,vosh,2016,,Problems,https://olimpicos.net/vosh/index.html#2016,not_published,Individual file not published; consult problem_documents for shared-paper availability.
problem,1912,vosh,2016,,Problems,https://olimpicos.net/vosh/index.html#2016,not_published,Individual file not published; consult problem_documents for shared-paper availability.
problem,1913,vosh,2016,,Problems,https://olimpicos.net/vosh/index.html#2016,not_published,Individual file not published; consult problem_documents for shared-paper availability.
problem,1914,vosh,2016,,Problems,https://olimpicos.net/vosh/index.html#2016,not_published,Individual file not published; consult problem_documents for shared-paper availability.
problem,1915,vosh,2015,,Problems,https://olimpicos.net/vosh/index.html#2015,not_published,Individual file not published; consult problem_documents for shared-paper availability.
problem,1916,vosh,2015,,Problems,https://olimpicos.net/vosh/index.html#2015,not_published,Individual file not published; consult problem_documents for shared-paper availability.
problem,1917,vosh,2015,,Problems,https://olimpicos.net/vosh/index.html#2015,not_published,Individual file not published; consult problem_documents for shared-paper availability.
problem,1918,vosh,2015,,Problems,https://olimpicos.net/vosh/index.html#2015,not_published,Individual file not published; consult problem_documents for shared-paper availability.
problem,1919,vosh,2015,,Problems,https://olimpicos.net/vosh/index.html#2015,not_published,Individual file not published; consult problem_documents for shared-paper availability.
problem,1920,vosh,2014,,Problems,https://olimpicos.net/vosh/index.html#2014,not_published,Individual file not published; consult problem_documents for shared-paper availability.
problem,1921,vosh,2014,,Problems,https://olimpicos.net/vosh/index.html#2014,not_published,Individual file not published; consult problem_documents for shared-paper availability.
problem,1922,vosh,2014,,Problems,https://olimpicos.net/vosh/index.html#2014,not_published,Individual file not published; consult problem_documents for shared-paper availability.
problem,1923,vosh,2014,,Problems,https://olimpicos.net/vosh/index.html#2014,not_published,Individual file not published; consult problem_documents for shared-paper availability.
problem,1924,vosh,2014,,Problems,https://olimpicos.net/vosh/index.html#2014,not_published,Individual file not published; consult problem_documents for shared-paper availability.
problem,1925,vosh,2013,,Problems,https://olimpicos.net/vosh/index.html#2013,not_published,Individual file not published; consult problem_documents for shared-paper availability.
problem,1926,vosh,2013,,Problems,https://olimpicos.net/vosh/index.html#2013,not_published,Individual file not published; consult problem_documents for shared-paper availability.
problem,1927,vosh,2013,,Problems,https://olimpicos.net/vosh/index.html#2013,not_published,Individual file not published; consult problem_documents for shared-paper availability.
problem,1928,vosh,2013,,Problems,https://olimpicos.net/vosh/index.html#2013,not_published,Individual file not published; consult problem_documents for shared-paper availability.
problem,1929,vosh,2013,,Problems,https://olimpicos.net/vosh/index.html#2013,not_published,Individual file not published; consult problem_documents for shared-paper availability.
problem,1930,vosh,2012,,Problems,https://olimpicos.net/vosh/index.html#2012,not_published,Individual file not published; consult problem_documents for shared-paper availability.
problem,1931,vosh,2012,,Problems,https://olimpicos.net/vosh/index.html#2012,not_published,Individual file not published; consult problem_documents for shared-paper availability.
problem,1932,vosh,2012,,Problems,https://olimpicos.net/vosh/index.html#2012,not_published,Individual file not published; consult problem_documents for shared-paper availability.
problem,1933,vosh,2012,,Problems,https://olimpicos.net/vosh/index.html#2012,not_published,Individual file not published; consult problem_documents for shared-paper availability.
problem,1934,vosh,2012,,Problems,https://olimpicos.net/vosh/index.html#2012,not_published,Individual file not published; consult problem_documents for shared-paper availability.
problem,1935,vosh,2011,,Problems,https://olimpicos.net/vosh/index.html#2011,not_published,Individual file not published; consult problem_documents for shared-paper availability.
problem,1936,vosh,2011,,Problems,https://olimpicos.net/vosh/index.html#2011,not_published,Individual file not published; consult problem_documents for shared-paper availability.
problem,1937,vosh,2011,,Problems,https://olimpicos.net/vosh/index.html#2011,not_published,Individual file not published; consult problem_documents for shared-paper availability.
problem,1938,vosh,2011,,Problems,https://olimpicos.net/vosh/index.html#2011,not_published,Individual file not published; consult problem_documents for shared-paper availability.
problem,1939,vosh,2011,,Problems,https://olimpicos.net/vosh/index.html#2011,not_published,Individual file not published; consult problem_documents for shared-paper availability.
problem,1940,vosh,2010,,Problems,https://olimpicos.net/vosh/index.html#2010,not_published,Individual file not published; consult problem_documents for shared-paper availability.
problem,1941,vosh,2010,,Problems,https://olimpicos.net/vosh/index.html#2010,not_published,Individual file not published; consult problem_documents for shared-paper availability.
problem,1942,vosh,2010,,Problems,https://olimpicos.net/vosh/index.html#2010,not_published,Individual file not published; consult problem_documents for shared-paper availability.
problem,1943,vosh,2010,,Problems,https://olimpicos.net/vosh/index.html#2010,not_published,Individual file not published; consult problem_documents for shared-paper availability.
problem,1944,vosh,2010,,Problems,https://olimpicos.net/vosh/index.html#2010,not_published,Individual file not published; consult problem_documents for shared-paper availability.
problem,2170,mosphys,2024,тур 1,Problems,https://olimpicos.net/mosphys/index.html#2024,not_published,Individual file not published; consult problem_documents for shared-paper availability.
problem,2171,mosphys,2024,тур 1,Problems,https://olimpicos.net/mosphys/index.html#2024,not_published,Individual file not published; consult problem_documents for shared-paper availability.
problem,2172,mosphys,2024,тур 1,Problems,https://olimpicos.net/mosphys/index.html#2024,not_published,Individual file not published; consult problem_documents for shared-paper availability.
problem,2173,mosphys,2024,тур 1,Problems,https://olimpicos.net/mosphys/index.html#2024,not_published,Individual file not published; consult problem_documents for shared-paper availability.
problem,2174,mosphys,2024,тур 1,Problems,https://olimpicos.net/mosphys/index.html#2024,not_published,Individual file not published; consult problem_documents for shared-paper availability.
problem,2175,mosphys,2024,тур 2,Problems,https://olimpicos.net/mosphys/index.html#2024,not_published,Individual file not published; consult problem_documents for shared-paper availability.
problem,2176,mosphys,2024,тур 2,Problems,https://olimpicos.net/mosphys/index.html#2024,not_published,Individual file not published; consult problem_documents for shared-paper availability.
problem,2177,mosphys,2024,тур 2,Problems,https://olimpicos.net/mosphys/index.html#2024,not_published,Individual file not published; consult problem_documents for shared-paper availability.
problem,2178,mosphys,2024,тур 2,Problems,https://olimpicos.net/mosphys/index.html#2024,not_published,Individual file not published; consult problem_documents for shared-paper availability.
problem,2179,mosphys,2024,тур 2,Problems,https://olimpicos.net/mosphys/index.html#2024,not_published,Individual file not published; consult problem_documents for shared-paper availability.
problem,2180,mosphys,2023,тур 1,Problems,https://olimpicos.net/mosphys/index.html#2023,not_published,Individual file not published; consult problem_documents for shared-paper availability.
problem,2181,mosphys,2023,тур 1,Problems,https://olimpicos.net/mosphys/index.html#2023,not_published,Individual file not published; consult problem_documents for shared-paper availability.
problem,2182,mosphys,2023,тур 1,Problems,https://olimpicos.net/mosphys/index.html#2023,not_published,Individual file not published; consult problem_documents for shared-paper availability.
problem,2183,mosphys,2023,тур 1,Problems,https://olimpicos.net/mosphys/index.html#2023,not_published,Individual file not published; consult problem_documents for shared-paper availability.
problem,2184,mosphys,2023,тур 1,Problems,https://olimpicos.net/mosphys/index.html#2023,not_published,Individual file not published; consult problem_documents for shared-paper availability.
problem,2185,mosphys,2023,тур 2,Problems,https://olimpicos.net/mosphys/index.html#2023,not_published,Individual file not published; consult problem_documents for shared-paper availability.
problem,2186,mosphys,2023,тур 2,Problems,https://olimpicos.net/mosphys/index.html#2023,not_published,Individual file not published; consult problem_documents for shared-paper availability.
problem,2187,mosphys,2023,тур 2,Problems,https://olimpicos.net/mosphys/index.html#2023,not_published,Individual file not published; consult problem_documents for shared-paper availability.
problem,2188,mosphys,2023,тур 2,Problems,https://olimpicos.net/mosphys/index.html#2023,not_published,Individual file not published; consult problem_documents for shared-paper availability.
problem,2189,mosphys,2023,тур 2,Problems,https://olimpicos.net/mosphys/index.html#2023,not_published,Individual file not published; consult problem_documents for shared-paper availability.
problem,2190,mosphys,2022,тур 1,Problems,https://olimpicos.net/mosphys/index.html#2022,not_published,Individual file not published; consult problem_documents for shared-paper availability.
problem,2191,mosphys,2022,тур 1,Problems,https://olimpicos.net/mosphys/index.html#2022,not_published,Individual file not published; consult problem_documents for shared-paper availability.
problem,2192,mosphys,2022,тур 1,Problems,https://olimpicos.net/mosphys/index.html#2022,not_published,Individual file not published; consult problem_documents for shared-paper availability.
problem,2193,mosphys,2022,тур 1,Problems,https://olimpicos.net/mosphys/index.html#2022,not_published,Individual file not published; consult problem_documents for shared-paper availability.
problem,2194,mosphys,2022,тур 1,Problems,https://olimpicos.net/mosphys/index.html#2022,not_published,Individual file not published; consult problem_documents for shared-paper availability.
problem,2195,mosphys,2022,тур 2,Problems,https://olimpicos.net/mosphys/index.html#2022,not_published,Individual file not published; consult problem_documents for shared-paper availability.
problem,2196,mosphys,2022,тур 2,Problems,https://olimpicos.net/mosphys/index.html#2022,not_published,Individual file not published; consult problem_documents for shared-paper availability.
problem,2197,mosphys,2022,тур 2,Problems,https://olimpicos.net/mosphys/index.html#2022,not_published,Individual file not published; consult problem_documents for shared-paper availability.
problem,2198,mosphys,2022,тур 2,Problems,https://olimpicos.net/mosphys/index.html#2022,not_published,Individual file not published; consult problem_documents for shared-paper availability.
problem,2199,mosphys,2022,тур 2,Problems,https://olimpicos.net/mosphys/index.html#2022,not_published,Individual file not published; consult problem_documents for shared-paper availability.
problem,2200,mosphys,2021,тур 1,Problems,https://olimpicos.net/mosphys/index.html#2021,not_published,Individual file not published; consult problem_documents for shared-paper availability.
problem,2201,mosphys,2021,тур 1,Problems,https://olimpicos.net/mosphys/index.html#2021,not_published,Individual file not published; consult problem_documents for shared-paper availability.
problem,2202,mosphys,2021,тур 1,Problems,https://olimpicos.net/mosphys/index.html#2021,not_published,Individual file not published; consult problem_documents for shared-paper availability.
problem,2203,mosphys,2021,тур 1,Problems,https://olimpicos.net/mosphys/index.html#2021,not_published,Individual file not published; consult problem_documents for shared-paper availability.
problem,2204,mosphys,2021,тур 1,Problems,https://olimpicos.net/mosphys/index.html#2021,not_published,Individual file not published; consult problem_documents for shared-paper availability.
problem,2205,mosphys,2021,тур 2,Problems,https://olimpicos.net/mosphys/index.html#2021,not_published,Individual file not published; consult problem_documents for shared-paper availability.
problem,2206,mosphys,2021,тур 2,Problems,https://olimpicos.net/mosphys/index.html#2021,not_published,Individual file not published; consult problem_documents for shared-paper availability.
problem,2207,mosphys,2021,тур 2,Problems,https://olimpicos.net/mosphys/index.html#2021,not_published,Individual file not published; consult problem_documents for shared-paper availability.
problem,2208,mosphys,2021,тур 2,Problems,https://olimpicos.net/mosphys/index.html#2021,not_published,Individual file not published; consult problem_documents for shared-paper availability.
problem,2209,mosphys,2021,тур 2,Problems,https://olimpicos.net/mosphys/index.html#2021,not_published,Individual file not published; consult problem_documents for shared-paper availability.
problem,2210,mosphys,2020,1 тур,Problems,https://olimpicos.net/mosphys/index.html#2020,not_published,Individual file not published; consult problem_documents for shared-paper availability.
problem,2211,mosphys,2020,1 тур,Problems,https://olimpicos.net/mosphys/index.html#2020,not_published,Individual file not published; consult problem_documents for shared-paper availability.
problem,2212,mosphys,2020,1 тур,Problems,https://olimpicos.net/mosphys/index.html#2020,not_published,Individual file not published; consult problem_documents for shared-paper availability.
problem,2213,mosphys,2020,1 тур,Problems,https://olimpicos.net/mosphys/index.html#2020,not_published,Individual file not published; consult problem_documents for shared-paper availability.
problem,2214,mosphys,2020,1 тур,Problems,https://olimpicos.net/mosphys/index.html#2020,not_published,Individual file not published; consult problem_documents for shared-paper availability.
problem,2215,mosphys,2020,2 тур,Problems,https://olimpicos.net/mosphys/index.html#2020,not_published,Individual file not published; consult problem_documents for shared-paper availability.
problem,2216,mosphys,2020,2 тур,Problems,https://olimpicos.net/mosphys/index.html#2020,not_published,Individual file not published; consult problem_documents for shared-paper availability.
problem,2217,mosphys,2020,2 тур,Problems,https://olimpicos.net/mosphys/index.html#2020,not_published,Individual file not published; consult problem_documents for shared-paper availability.
problem,2218,mosphys,2020,2 тур,Problems,https://olimpicos.net/mosphys/index.html#2020,not_published,Individual file not published; consult problem_documents for shared-paper availability.
problem,2219,mosphys,2020,2 тур,Problems,https://olimpicos.net/mosphys/index.html#2020,not_published,Individual file not published; consult problem_documents for shared-paper availability.
problem,2220,mosphys,2019,первый тур,Problems,https://olimpicos.net/mosphys/index.html#2019,not_published,Individual file not published; consult problem_documents for shared-paper availability.
problem,2221,mosphys,2019,первый тур,Problems,https://olimpicos.net/mosphys/index.html#2019,not_published,Individual file not published; consult problem_documents for shared-paper availability.
problem,2222,mosphys,2019,первый тур,Problems,https://olimpicos.net/mosphys/index.html#2019,not_published,Individual file not published; consult problem_documents for shared-paper availability.
problem,2223,mosphys,2019,первый тур,Problems,https://olimpicos.net/mosphys/index.html#2019,not_published,Individual file not published; consult problem_documents for shared-paper availability.
problem,2224,mosphys,2019,первый тур,Problems,https://olimpicos.net/mosphys/index.html#2019,not_published,Individual file not published; consult problem_documents for shared-paper availability.
problem,2225,mosphys,2019,второй тур,Problems,https://olimpicos.net/mosphys/index.html#2019,not_published,Individual file not published; consult problem_documents for shared-paper availability.
problem,2226,mosphys,2019,второй тур,Problems,https://olimpicos.net/mosphys/index.html#2019,not_published,Individual file not published; consult problem_documents for shared-paper availability.
problem,2227,mosphys,2019,второй тур,Problems,https://olimpicos.net/mosphys/index.html#2019,not_published,Individual file not published; consult problem_documents for shared-paper availability.
problem,2228,mosphys,2019,второй тур,Problems,https://olimpicos.net/mosphys/index.html#2019,not_published,Individual file not published; consult problem_documents for shared-paper availability.
problem,2229,mosphys,2019,второй тур,Problems,https://olimpicos.net/mosphys/index.html#2019,not_published,Individual file not published; consult problem_documents for shared-paper availability.
problem,2230,mosphys,2018,1 тур,Problems,https://olimpicos.net/mosphys/index.html#2018,not_published,Individual file not published; consult problem_documents for shared-paper availability.
problem,2231,mosphys,2018,1 тур,Problems,https://olimpicos.net/mosphys/index.html#2018,not_published,Individual file not published; consult problem_documents for shared-paper availability.
problem,2232,mosphys,2018,1 тур,Problems,https://olimpicos.net/mosphys/index.html#2018,not_published,Individual file not published; consult problem_documents for shared-paper availability.
problem,2233,mosphys,2018,1 тур,Problems,https://olimpicos.net/mosphys/index.html#2018,not_published,Individual file not published; consult problem_documents for shared-paper availability.
problem,2234,mosphys,2018,1 тур,Problems,https://olimpicos.net/mosphys/index.html#2018,not_published,Individual file not published; consult problem_documents for shared-paper availability.
problem,2235,mosphys,2018,2 тур,Problems,https://olimpicos.net/mosphys/index.html#2018,not_published,Individual file not published; consult problem_documents for shared-paper availability.
problem,2236,mosphys,2018,2 тур,Problems,https://olimpicos.net/mosphys/index.html#2018,not_published,Individual file not published; consult problem_documents for shared-paper availability.
problem,2237,mosphys,2018,2 тур,Problems,https://olimpicos.net/mosphys/index.html#2018,not_published,Individual file not published; consult problem_documents for shared-paper availability.
problem,2238,mosphys,2018,2 тур,Problems,https://olimpicos.net/mosphys/index.html#2018,not_published,Individual file not published; consult problem_documents for shared-paper availability.
problem,2239,mosphys,2018,2 тур,Problems,https://olimpicos.net/mosphys/index.html#2018,not_published,Individual file not published; consult problem_documents for shared-paper availability.
problem,2240,mosphys,2017,1 тур,Problems,https://olimpicos.net/mosphys/index.html#2017,not_published,Individual file not published; consult problem_documents for shared-paper availability.
problem,2241,mosphys,2017,1 тур,Problems,https://olimpicos.net/mosphys/index.html#2017,not_published,Individual file not published; consult problem_documents for shared-paper availability.
problem,2242,mosphys,2017,1 тур,Problems,https://olimpicos.net/mosphys/index.html#2017,not_published,Individual file not published; consult problem_documents for shared-paper availability.
problem,2243,mosphys,2017,1 тур,Problems,https://olimpicos.net/mosphys/index.html#2017,not_published,Individual file not published; consult problem_documents for shared-paper availability.
problem,2244,mosphys,2017,1 тур,Problems,https://olimpicos.net/mosphys/index.html#2017,not_published,Individual file not published; consult problem_documents for shared-paper availability.
problem,2245,mosphys,2017,2 тур,Problems,https://olimpicos.net/mosphys/index.html#2017,not_published,Individual file not published; consult problem_documents for shared-paper availability.
problem,2246,mosphys,2017,2 тур,Problems,https://olimpicos.net/mosphys/index.html#2017,not_published,Individual file not published; consult problem_documents for shared-paper availability.
problem,2247,mosphys,2017,2 тур,Problems,https://olimpicos.net/mosphys/index.html#2017,not_published,Individual file not published; consult problem_documents for shared-paper availability.
problem,2248,mosphys,2017,2 тур,Problems,https://olimpicos.net/mosphys/index.html#2017,not_published,Individual file not published; consult problem_documents for shared-paper availability.
problem,2249,mosphys,2017,2 тур,Problems,https://olimpicos.net/mosphys/index.html#2017,not_published,Individual file not published; consult problem_documents for shared-paper availability.
problem,2250,mosphys,2016,1 тур,Problems,https://olimpicos.net/mosphys/index.html#2016,not_published,Individual file not published; consult problem_documents for shared-paper availability.
problem,2251,mosphys,2016,1 тур,Problems,https://olimpicos.net/mosphys/index.html#2016,not_published,Individual file not published; consult problem_documents for shared-paper availability.
problem,2252,mosphys,2016,1 тур,Problems,https://olimpicos.net/mosphys/index.html#2016,not_published,Individual file not published; consult problem_documents for shared-paper availability.
problem,2253,mosphys,2016,1 тур,Problems,https://olimpicos.net/mosphys/index.html#2016,not_published,Individual file not published; consult problem_documents for shared-paper availability.
problem,2254,mosphys,2016,1 тур,Problems,https://olimpicos.net/mosphys/index.html#2016,not_published,Individual file not published; consult problem_documents for shared-paper availability.
problem,2255,mosphys,2016,2 тур,Problems,https://olimpicos.net/mosphys/index.html#2016,not_published,Individual file not published; consult problem_documents for shared-paper availability.
problem,2256,mosphys,2016,2 тур,Problems,https://olimpicos.net/mosphys/index.html#2016,not_published,Individual file not published; consult problem_documents for shared-paper availability.
problem,2257,mosphys,2016,2 тур,Problems,https://olimpicos.net/mosphys/index.html#2016,not_published,Individual file not published; consult problem_documents for shared-paper availability.
problem,2258,mosphys,2016,2 тур,Problems,https://olimpicos.net/mosphys/index.html#2016,not_published,Individual file not published; consult problem_documents for shared-paper availability.
problem,2259,mosphys,2016,2 тур,Problems,https://olimpicos.net/mosphys/index.html#2016,not_published,Individual file not published; consult problem_documents for shared-paper availability.
problem,2260,mosphys,2015,первый тур,Problems,https://olimpicos.net/mosphys/index.html#2015,not_published,Individual file not published; consult problem_documents for shared-paper availability.
problem,2261,mosphys,2015,первый тур,Problems,https://olimpicos.net/mosphys/index.html#2015,not_published,Individual file not published; consult problem_documents for shared-paper availability.
problem,2262,mosphys,2015,первый тур,Problems,https://olimpicos.net/mosphys/index.html#2015,not_published,Individual file not published; consult problem_documents for shared-paper availability.
problem,2263,mosphys,2015,первый тур,Problems,https://olimpicos.net/mosphys/index.html#2015,not_published,Individual file not published; consult problem_documents for shared-paper availability.
problem,2264,mosphys,2015,первый тур,Problems,https://olimpicos.net/mosphys/index.html#2015,not_published,Individual file not published; consult problem_documents for shared-paper availability.
problem,2265,mosphys,2015,второй тур,Problems,https://olimpicos.net/mosphys/index.html#2015,not_published,Individual file not published; consult problem_documents for shared-paper availability.
problem,2266,mosphys,2015,второй тур,Problems,https://olimpicos.net/mosphys/index.html#2015,not_published,Individual file not published; consult problem_documents for shared-paper availability.
problem,2267,mosphys,2015,второй тур,Problems,https://olimpicos.net/mosphys/index.html#2015,not_published,Individual file not published; consult problem_documents for shared-paper availability.
problem,2268,mosphys,2015,второй тур,Problems,https://olimpicos.net/mosphys/index.html#2015,not_published,Individual file not published; consult problem_documents for shared-paper availability.
problem,2269,mosphys,2015,второй тур,Problems,https://olimpicos.net/mosphys/index.html#2015,not_published,Individual file not published; consult problem_documents for shared-paper availability.
problem,2270,mosphys,2014,1 тур,Problems,https://olimpicos.net/mosphys/index.html#2014,not_published,Individual file not published; consult problem_documents for shared-paper availability.
problem,2271,mosphys,2014,1 тур,Problems,https://olimpicos.net/mosphys/index.html#2014,not_published,Individual file not published; consult problem_documents for shared-paper availability.
problem,2272,mosphys,2014,1 тур,Problems,https://olimpicos.net/mosphys/index.html#2014,not_published,Individual file not published; consult problem_documents for shared-paper availability.
problem,2273,mosphys,2014,1 тур,Problems,https://olimpicos.net/mosphys/index.html#2014,not_published,Individual file not published; consult problem_documents for shared-paper availability.
problem,2274,mosphys,2014,1 тур,Problems,https://olimpicos.net/mosphys/index.html#2014,not_published,Individual file not published; consult problem_documents for shared-paper availability.
problem,2275,mosphys,2014,2 тур,Problems,https://olimpicos.net/mosphys/index.html#2014,not_published,Individual file not published; consult problem_documents for shared-paper availability.
problem,2276,mosphys,2014,2 тур,Problems,https://olimpicos.net/mosphys/index.html#2014,not_published,Individual file not published; consult problem_documents for shared-paper availability.
problem,2277,mosphys,2014,2 тур,Problems,https://olimpicos.net/mosphys/index.html#2014,not_published,Individual file not published; consult problem_documents for shared-paper availability.
problem,2278,mosphys,2014,2 тур,Problems,https://olimpicos.net/mosphys/index.html#2014,not_published,Individual file not published; consult problem_documents for shared-paper availability.
problem,2279,mosphys,2014,2 тур,Problems,https://olimpicos.net/mosphys/index.html#2014,not_published,Individual file not published; consult problem_documents for shared-paper availability.
problem,2280,mosphys,2013,1-й тур,Problems,https://olimpicos.net/mosphys/index.html#2013,not_published,Individual file not published; consult problem_documents for shared-paper availability.
problem,2281,mosphys,2013,1-й тур,Problems,https://olimpicos.net/mosphys/index.html#2013,not_published,Individual file not published; consult problem_documents for shared-paper availability.
problem,2282,mosphys,2013,1-й тур,Problems,https://olimpicos.net/mosphys/index.html#2013,not_published,Individual file not published; consult problem_documents for shared-paper availability.
problem,2283,mosphys,2013,1-й тур,Problems,https://olimpicos.net/mosphys/index.html#2013,not_published,Individual file not published; consult problem_documents for shared-paper availability.
problem,2284,mosphys,2013,1-й тур,Problems,https://olimpicos.net/mosphys/index.html#2013,not_published,Individual file not published; consult problem_documents for shared-paper availability.
problem,2285,mosphys,2013,2-й тур,Problems,https://olimpicos.net/mosphys/index.html#2013,not_published,Individual file not published; consult problem_documents for shared-paper availability.
problem,2286,mosphys,2013,2-й тур,Problems,https://olimpicos.net/mosphys/index.html#2013,not_published,Individual file not published; consult problem_documents for shared-paper availability.
problem,2287,mosphys,2013,2-й тур,Problems,https://olimpicos.net/mosphys/index.html#2013,not_published,Individual file not published; consult problem_documents for shared-paper availability.
problem,2288,mosphys,2013,2-й тур,Problems,https://olimpicos.net/mosphys/index.html#2013,not_published,Individual file not published; consult problem_documents for shared-paper availability.
problem,2289,mosphys,2013,2-й тур,Problems,https://olimpicos.net/mosphys/index.html#2013,not_published,Individual file not published; consult problem_documents for shared-paper availability.
problem,2290,mosphys,2012,1-й тур,Problems,https://olimpicos.net/mosphys/index.html#2012,not_published,Individual file not published; consult problem_documents for shared-paper availability.
problem,2291,mosphys,2012,1-й тур,Problems,https://olimpicos.net/mosphys/index.html#2012,not_published,Individual file not published; consult problem_documents for shared-paper availability.
problem,2292,mosphys,2012,1-й тур,Problems,https://olimpicos.net/mosphys/index.html#2012,not_published,Individual file not published; consult problem_documents for shared-paper availability.
problem,2293,mosphys,2012,1-й тур,Problems,https://olimpicos.net/mosphys/index.html#2012,not_published,Individual file not published; consult problem_documents for shared-paper availability.
problem,2294,mosphys,2012,1-й тур,Problems,https://olimpicos.net/mosphys/index.html#2012,not_published,Individual file not published; consult problem_documents for shared-paper availability.
problem,2295,mosphys,2012,2-й тур,Problems,https://olimpicos.net/mosphys/index.html#2012,not_published,Individual file not published; consult problem_documents for shared-paper availability.
problem,2296,mosphys,2012,2-й тур,Problems,https://olimpicos.net/mosphys/index.html#2012,not_published,Individual file not published; consult problem_documents for shared-paper availability.
problem,2297,mosphys,2012,2-й тур,Problems,https://olimpicos.net/mosphys/index.html#2012,not_published,Individual file not published; consult problem_documents for shared-paper availability.
problem,2298,mosphys,2012,2-й тур,Problems,https://olimpicos.net/mosphys/index.html#2012,not_published,Individual file not published; consult problem_documents for shared-paper availability.
problem,2299,mosphys,2012,2-й тур,Problems,https://olimpicos.net/mosphys/index.html#2012,not_published,Individual file not published; consult problem_documents for shared-paper availability.
problem,2300,mosphys,2011,1 тур,Problems,https://olimpicos.net/mosphys/index.html#2011,not_published,Individual file not published; consult problem_documents for shared-paper availability.
problem,2301,mosphys,2011,1 тур,Problems,https://olimpicos.net/mosphys/index.html#2011,not_published,Individual file not published; consult problem_documents for shared-paper availability.
problem,2302,mosphys,2011,1 тур,Problems,https://olimpicos.net/mosphys/index.html#2011,not_published,Individual file not published; consult problem_documents for shared-paper availability.
problem,2303,mosphys,2011,1 тур,Problems,https://olimpicos.net/mosphys/index.html#2011,not_published,Individual file not published; consult problem_documents for shared-paper availability.
problem,2304,mosphys,2011,1 тур,Problems,https://olimpicos.net/mosphys/index.html#2011,not_published,Individual file not published; consult problem_documents for shared-paper availability.
problem,2305,mosphys,2011,2 тур,Problems,https://olimpicos.net/mosphys/index.html#2011,not_published,Individual file not published; consult problem_documents for shared-paper availability.
problem,2306,mosphys,2011,2 тур,Problems,https://olimpicos.net/mosphys/index.html#2011,not_published,Individual file not published; consult problem_documents for shared-paper availability.
problem,2307,mosphys,2011,2 тур,Problems,https://olimpicos.net/mosphys/index.html#2011,not_published,Individual file not published; consult problem_documents for shared-paper availability.
problem,2308,mosphys,2011,2 тур,Problems,https://olimpicos.net/mosphys/index.html#2011,not_published,Individual file not published; consult problem_documents for shared-paper availability.
problem,2309,mosphys,2011,2 тур,Problems,https://olimpicos.net/mosphys/index.html#2011,not_published,Individual file not published; consult problem_documents for shared-paper availability.
problem,2310,mosphys,2010,1 тур,Problems,https://olimpicos.net/mosphys/index.html#2010,not_published,Individual file not published; consult problem_documents for shared-paper availability.
problem,2311,mosphys,2010,1 тур,Problems,https://olimpicos.net/mosphys/index.html#2010,not_published,Individual file not published; consult problem_documents for shared-paper availability.
problem,2312,mosphys,2010,1 тур,Problems,https://olimpicos.net/mosphys/index.html#2010,not_published,Individual file not published; consult problem_documents for shared-paper availability.
problem,2313,mosphys,2010,1 тур,Problems,https://olimpicos.net/mosphys/index.html#2010,not_published,Individual file not published; consult problem_documents for shared-paper availability.
problem,2314,mosphys,2010,1 тур,Problems,https://olimpicos.net/mosphys/index.html#2010,not_published,Individual file not published; consult problem_documents for shared-paper availability.
problem,2315,mosphys,2010,2 тур,Problems,https://olimpicos.net/mosphys/index.html#2010,not_published,Individual file not published; consult problem_documents for shared-paper availability.
problem,2316,mosphys,2010,2 тур,Problems,https://olimpicos.net/mosphys/index.html#2010,not_published,Individual file not published; consult problem_documents for shared-paper availability.
problem,2317,mosphys,2010,2 тур,Problems,https://olimpicos.net/mosphys/index.html#2010,not_published,Individual file not published; consult problem_documents for shared-paper availability.
problem,2318,mosphys,2010,2 тур,Problems,https://olimpicos.net/mosphys/index.html#2010,not_published,Individual file not published; consult problem_documents for shared-paper availability.
problem,2319,mosphys,2010,2 тур,Problems,https://olimpicos.net/mosphys/index.html#2010,not_published,Individual file not published; consult problem_documents for shared-paper availability.
problem,2320,inpho,2025,,Problems,https://olimpicos.net/inpho/index.html#2025,not_published,Individual file not published; consult problem_documents for shared-paper availability.
problem,2321,inpho,2025,,Problems,https://olimpicos.net/inpho/index.html#2025,not_published,Individual file not published; consult problem_documents for shared-paper availability.
problem,2322,inpho,2025,,Problems,https://olimpicos.net/inpho/index.html#2025,not_published,Individual file not published; consult problem_documents for shared-paper availability.
problem,2323,inpho,2025,,Problems,https://olimpicos.net/inpho/index.html#2025,not_published,Individual file not published; consult problem_documents for shared-paper availability.
problem,2324,inpho,2025,,Problems,https://olimpicos.net/inpho/index.html#2025,not_published,Individual file not published; consult problem_documents for shared-paper availability.
problem,2325,inpho,2024,,Problems,https://olimpicos.net/inpho/index.html#2024,not_published,Individual file not published; consult problem_documents for shared-paper availability.
problem,2326,inpho,2024,,Problems,https://olimpicos.net/inpho/index.html#2024,not_published,Individual file not published; consult problem_documents for shared-paper availability.
problem,2327,inpho,2024,,Problems,https://olimpicos.net/inpho/index.html#2024,not_published,Individual file not published; consult problem_documents for shared-paper availability.
problem,2328,inpho,2024,,Problems,https://olimpicos.net/inpho/index.html#2024,not_published,Individual file not published; consult problem_documents for shared-paper availability.
problem,2329,inpho,2024,,Problems,https://olimpicos.net/inpho/index.html#2024,not_published,Individual file not published; consult problem_documents for shared-paper availability.
problem,2330,inpho,2024,,Problems,https://olimpicos.net/inpho/index.html#2024,not_published,Individual file not published; consult problem_documents for shared-paper availability.
problem,2331,inpho,2023,,Problems,https://olimpicos.net/inpho/index.html#2023,not_published,Individual file not published; consult problem_documents for shared-paper availability.
problem,2332,inpho,2023,,Problems,https://olimpicos.net/inpho/index.html#2023,not_published,Individual file not published; consult problem_documents for shared-paper availability.
problem,2333,inpho,2023,,Problems,https://olimpicos.net/inpho/index.html#2023,not_published,Individual file not published; consult problem_documents for shared-paper availability.
problem,2334,inpho,2023,,Problems,https://olimpicos.net/inpho/index.html#2023,not_published,Individual file not published; consult problem_documents for shared-paper availability.
problem,2335,inpho,2023,,Problems,https://olimpicos.net/inpho/index.html#2023,not_published,Individual file not published; consult problem_documents for shared-paper availability.
problem,2336,inpho,2022,,Problems,https://olimpicos.net/inpho/index.html#2022,not_published,Individual file not published; consult problem_documents for shared-paper availability.
problem,2337,inpho,2022,,Problems,https://olimpicos.net/inpho/index.html#2022,not_published,Individual file not published; consult problem_documents for shared-paper availability.
problem,2338,inpho,2022,,Problems,https://olimpicos.net/inpho/index.html#2022,not_published,Individual file not published; consult problem_documents for shared-paper availability.
problem,2339,inpho,2022,,Problems,https://olimpicos.net/inpho/index.html#2022,not_published,Individual file not published; consult problem_documents for shared-paper availability.
problem,2340,inpho,2022,,Problems,https://olimpicos.net/inpho/index.html#2022,not_published,Individual file not published; consult problem_documents for shared-paper availability.
problem,2341,inpho,2021,,Problems,https://olimpicos.net/inpho/index.html#2021,not_published,Individual file not published; consult problem_documents for shared-paper availability.
problem,2342,inpho,2021,,Problems,https://olimpicos.net/inpho/index.html#2021,not_published,Individual file not published; consult problem_documents for shared-paper availability.
problem,2343,inpho,2021,,Problems,https://olimpicos.net/inpho/index.html#2021,not_published,Individual file not published; consult problem_documents for shared-paper availability.
problem,2344,inpho,2021,,Problems,https://olimpicos.net/inpho/index.html#2021,not_published,Individual file not published; consult problem_documents for shared-paper availability.
problem,2345,inpho,2021,,Problems,https://olimpicos.net/inpho/index.html#2021,not_published,Individual file not published; consult problem_documents for shared-paper availability.
problem,2346,inpho,2020,,Problems,https://olimpicos.net/inpho/index.html#2020,not_published,Individual file not published; consult problem_documents for shared-paper availability.
problem,2347,inpho,2020,,Problems,https://olimpicos.net/inpho/index.html#2020,not_published,Individual file not published; consult problem_documents for shared-paper availability.
problem,2348,inpho,2020,,Problems,https://olimpicos.net/inpho/index.html#2020,not_published,Individual file not published; consult problem_documents for shared-paper availability.
problem,2349,inpho,2020,,Problems,https://olimpicos.net/inpho/index.html#2020,not_published,Individual file not published; consult problem_documents for shared-paper availability.
problem,2350,inpho,2020,,Problems,https://olimpicos.net/inpho/index.html#2020,not_published,Individual file not published; consult problem_documents for shared-paper availability.
problem,2351,inpho,2019,,Problems,https://olimpicos.net/inpho/index.html#2019,not_published,Individual file not published; consult problem_documents for shared-paper availability.
problem,2352,inpho,2019,,Problems,https://olimpicos.net/inpho/index.html#2019,not_published,Individual file not published; consult problem_documents for shared-paper availability.
problem,2353,inpho,2019,,Problems,https://olimpicos.net/inpho/index.html#2019,not_published,Individual file not published; consult problem_documents for shared-paper availability.
problem,2354,inpho,2019,,Problems,https://olimpicos.net/inpho/index.html#2019,not_published,Individual file not published; consult problem_documents for shared-paper availability.
problem,2355,inpho,2019,,Problems,https://olimpicos.net/inpho/index.html#2019,not_published,Individual file not published; consult problem_documents for shared-paper availability.
problem,2356,inpho,2019,,Problems,https://olimpicos.net/inpho/index.html#2019,not_published,Individual file not published; consult problem_documents for shared-paper availability.
problem,2357,inpho,2019,,Problems,https://olimpicos.net/inpho/index.html#2019,not_published,Individual file not published; consult problem_documents for shared-paper availability.
problem,2358,inpho,2018,,Problems,https://olimpicos.net/inpho/index.html#2018,not_published,Individual file not published; consult problem_documents for shared-paper availability.
problem,2359,inpho,2018,,Problems,https://olimpicos.net/inpho/index.html#2018,not_published,Individual file not published; consult problem_documents for shared-paper availability.
problem,2360,inpho,2018,,Problems,https://olimpicos.net/inpho/index.html#2018,not_published,Individual file not published; consult problem_documents for shared-paper availability.
problem,2361,inpho,2018,,Problems,https://olimpicos.net/inpho/index.html#2018,not_published,Individual file not published; consult problem_documents for shared-paper availability.
problem,2362,inpho,2018,,Problems,https://olimpicos.net/inpho/index.html#2018,not_published,Individual file not published; consult problem_documents for shared-paper availability.
problem,2363,inpho,2018,,Problems,https://olimpicos.net/inpho/index.html#2018,not_published,Individual file not published; consult problem_documents for shared-paper availability.
problem,2364,inpho,2018,,Problems,https://olimpicos.net/inpho/index.html#2018,not_published,Individual file not published; consult problem_documents for shared-paper availability.
problem,2365,inpho,2017,,Problems,https://olimpicos.net/inpho/index.html#2017,not_published,Individual file not published; consult problem_documents for shared-paper availability.
problem,2366,inpho,2017,,Problems,https://olimpicos.net/inpho/index.html#2017,not_published,Individual file not published; consult problem_documents for shared-paper availability.
problem,2367,inpho,2017,,Problems,https://olimpicos.net/inpho/index.html#2017,not_published,Individual file not published; consult problem_documents for shared-paper availability.
problem,2368,inpho,2017,,Problems,https://olimpicos.net/inpho/index.html#2017,not_published,Individual file not published; consult problem_documents for shared-paper availability.
problem,2369,inpho,2017,,Problems,https://olimpicos.net/inpho/index.html#2017,not_published,Individual file not published; consult problem_documents for shared-paper availability.
problem,2370,inpho,2017,,Problems,https://olimpicos.net/inpho/index.html#2017,not_published,Individual file not published; consult problem_documents for shared-paper availability.
problem,2371,inpho,2016,,Problems,https://olimpicos.net/inpho/index.html#2016,not_published,Individual file not published; consult problem_documents for shared-paper availability.
problem,2372,inpho,2016,,Problems,https://olimpicos.net/inpho/index.html#2016,not_published,Individual file not published; consult problem_documents for shared-paper availability.
problem,2373,inpho,2016,,Problems,https://olimpicos.net/inpho/index.html#2016,not_published,Individual file not published; consult problem_documents for shared-paper availability.
problem,2374,inpho,2016,,Problems,https://olimpicos.net/inpho/index.html#2016,not_published,Individual file not published; consult problem_documents for shared-paper availability.
problem,2375,inpho,2016,,Problems,https://olimpicos.net/inpho/index.html#2016,not_published,Individual file not published; consult problem_documents for shared-paper availability.
problem,2376,inpho,2016,,Problems,https://olimpicos.net/inpho/index.html#2016,not_published,Individual file not published; consult problem_documents for shared-paper availability.
problem,2377,inpho,2015,,Problems,https://olimpicos.net/inpho/index.html#2015,not_published,Individual file not published; consult problem_documents for shared-paper availability.
problem,2378,inpho,2015,,Problems,https://olimpicos.net/inpho/index.html#2015,not_published,Individual file not published; consult problem_documents for shared-paper availability.
problem,2379,inpho,2015,,Problems,https://olimpicos.net/inpho/index.html#2015,not_published,Individual file not published; consult problem_documents for shared-paper availability.
problem,2380,inpho,2015,,Problems,https://olimpicos.net/inpho/index.html#2015,not_published,Individual file not published; consult problem_documents for shared-paper availability.
problem,2381,inpho,2015,,Problems,https://olimpicos.net/inpho/index.html#2015,not_published,Individual file not published; consult problem_documents for shared-paper availability.
problem,2382,inpho,2015,,Problems,https://olimpicos.net/inpho/index.html#2015,not_published,Individual file not published; consult problem_documents for shared-paper availability.
problem,2383,inpho,2014,,Problems,https://olimpicos.net/inpho/index.html#2014,not_published,Individual file not published; consult problem_documents for shared-paper availability.
problem,2384,inpho,2014,,Problems,https://olimpicos.net/inpho/index.html#2014,not_published,Individual file not published; consult problem_documents for shared-paper availability.
problem,2385,inpho,2014,,Problems,https://olimpicos.net/inpho/index.html#2014,not_published,Individual file not published; consult problem_documents for shared-paper availability.
problem,2386,inpho,2014,,Problems,https://olimpicos.net/inpho/index.html#2014,not_published,Individual file not published; consult problem_documents for shared-paper availability.
problem,2387,inpho,2014,,Problems,https://olimpicos.net/inpho/index.html#2014,not_published,Individual file not published; consult problem_documents for shared-paper availability.
problem,2388,inpho,2014,,Problems,https://olimpicos.net/inpho/index.html#2014,not_published,Individual file not published; consult problem_documents for shared-paper availability.
problem,2389,inpho,2014,,Problems,https://olimpicos.net/inpho/index.html#2014,not_published,Individual file not published; consult problem_documents for shared-paper availability.
problem,2390,inpho,2014,,Problems,https://olimpicos.net/inpho/index.html#2014,not_published,Individual file not published; consult problem_documents for shared-paper availability.
problem,2391,inpho,2013,,Problems,https://olimpicos.net/inpho/index.html#2013,not_published,Individual file not published; consult problem_documents for shared-paper availability.
problem,2392,inpho,2013,,Problems,https://olimpicos.net/inpho/index.html#2013,not_published,Individual file not published; consult problem_documents for shared-paper availability.
problem,2393,inpho,2013,,Problems,https://olimpicos.net/inpho/index.html#2013,not_published,Individual file not published; consult problem_documents for shared-paper availability.
problem,2394,inpho,2013,,Problems,https://olimpicos.net/inpho/index.html#2013,not_published,Individual file not published; consult problem_documents for shared-paper availability.
problem,2395,inpho,2013,,Problems,https://olimpicos.net/inpho/index.html#2013,not_published,Individual file not published; consult problem_documents for shared-paper availability.
problem,2396,inpho,2013,,Problems,https://olimpicos.net/inpho/index.html#2013,not_published,Individual file not published; consult problem_documents for shared-paper availability.
problem,2397,inpho,2013,,Problems,https://olimpicos.net/inpho/index.html#2013,not_published,Individual file not published; consult problem_documents for shared-paper availability.
problem,2398,inpho,2012,,Problems,https://olimpicos.net/inpho/index.html#2012,not_published,Individual file not published; consult problem_documents for shared-paper availability.
problem,2399,inpho,2012,,Problems,https://olimpicos.net/inpho/index.html#2012,not_published,Individual file not published; consult problem_documents for shared-paper availability.
problem,2400,inpho,2012,,Problems,https://olimpicos.net/inpho/index.html#2012,not_published,Individual file not published; consult problem_documents for shared-paper availability.
problem,2401,inpho,2012,,Problems,https://olimpicos.net/inpho/index.html#2012,not_published,Individual file not published; consult problem_documents for shared-paper availability.
problem,2402,inpho,2012,,Problems,https://olimpicos.net/inpho/index.html#2012,not_published,Individual file not published; consult problem_documents for shared-paper availability.
problem,2403,inpho,2011,,Problems,https://olimpicos.net/inpho/index.html#2011,not_published,Individual file not published; consult problem_documents for shared-paper availability.
problem,2404,inpho,2011,,Problems,https://olimpicos.net/inpho/index.html#2011,not_published,Individual file not published; consult problem_documents for shared-paper availability.
problem,2405,inpho,2011,,Problems,https://olimpicos.net/inpho/index.html#2011,not_published,Individual file not published; consult problem_documents for shared-paper availability.
problem,2406,inpho,2011,,Problems,https://olimpicos.net/inpho/index.html#2011,not_published,Individual file not published; consult problem_documents for shared-paper availability.
problem,2407,inpho,2011,,Problems,https://olimpicos.net/inpho/index.html#2011,not_published,Individual file not published; consult problem_documents for shared-paper availability.
problem,2408,inpho,2011,,Problems,https://olimpicos.net/inpho/index.html#2011,not_published,Individual file not published; consult problem_documents for shared-paper availability.
problem,2409,inpho,2011,,Problems,https://olimpicos.net/inpho/index.html#2011,not_published,Individual file not published; consult problem_documents for shared-paper availability.
problem,2410,inpho,2010,,Problems,https://olimpicos.net/inpho/index.html#2010,not_published,Individual file not published; consult problem_documents for shared-paper availability.
problem,2411,inpho,2010,,Problems,https://olimpicos.net/inpho/index.html#2010,not_published,Individual file not published; consult problem_documents for shared-paper availability.
problem,2412,inpho,2010,,Problems,https://olimpicos.net/inpho/index.html#2010,not_published,Individual file not published; consult problem_documents for shared-paper availability.
problem,2413,inpho,2010,,Problems,https://olimpicos.net/inpho/index.html#2010,not_published,Individual file not published; consult problem_documents for shared-paper availability.
problem,2414,inpho,2010,,Problems,https://olimpicos.net/inpho/index.html#2010,not_published,Individual file not published; consult problem_documents for shared-paper availability.
problem,2416,inpho,2008,,Problems,https://olimpicos.net/inpho/index.html#2008,not_published,Individual file not published; consult problem_documents for shared-paper availability.
problem,2417,inpho,2008,,Problems,https://olimpicos.net/inpho/index.html#2008,not_published,Individual file not published; consult problem_documents for shared-paper availability.
problem,2418,inpho,2008,,Problems,https://olimpicos.net/inpho/index.html#2008,not_published,Individual file not published; consult problem_documents for shared-paper availability.
problem,2419,inpho,2008,,Problems,https://olimpicos.net/inpho/index.html#2008,not_published,Individual file not published; consult problem_documents for shared-paper availability.
problem,2420,inpho,2008,,Problems,https://olimpicos.net/inpho/index.html#2008,not_published,Individual file not published; consult problem_documents for shared-paper availability.
problem,2421,inpho,2008,,Problems,https://olimpicos.net/inpho/index.html#2008,not_published,Individual file not published; consult problem_documents for shared-paper availability.
problem,2422,inpho,2008,,Problems,https://olimpicos.net/inpho/index.html#2008,not_published,Individual file not published; consult problem_documents for shared-paper availability.
problem,2423,obf,2025,,Problems,https://olimpicos.net/obf/index.html#2025,not_published,Individual file not published; consult problem_documents for shared-paper availability.
problem,2424,obf,2025,,Problems,https://olimpicos.net/obf/index.html#2025,not_published,Individual file not published; consult problem_documents for shared-paper availability.
problem,2425,obf,2025,,Problems,https://olimpicos.net/obf/index.html#2025,not_published,Individual file not published; consult problem_documents for shared-paper availability.
problem,2426,obf,2025,,Problems,https://olimpicos.net/obf/index.html#2025,not_published,Individual file not published; consult problem_documents for shared-paper availability.
problem,2427,obf,2025,,Problems,https://olimpicos.net/obf/index.html#2025,not_published,Individual file not published; consult problem_documents for shared-paper availability.
problem,2428,obf,2025,,Problems,https://olimpicos.net/obf/index.html#2025,not_published,Individual file not published; consult problem_documents for shared-paper availability.
problem,2429,obf,2025,,Problems,https://olimpicos.net/obf/index.html#2025,not_published,Individual file not published; consult problem_documents for shared-paper availability.
problem,2430,obf,2025,,Problems,https://olimpicos.net/obf/index.html#2025,not_published,Individual file not published; consult problem_documents for shared-paper availability.
problem,2431,obf,2024,,Problems,https://olimpicos.net/obf/index.html#2024,not_published,Individual file not published; consult problem_documents for shared-paper availability.
problem,2432,obf,2024,,Problems,https://olimpicos.net/obf/index.html#2024,not_published,Individual file not published; consult problem_documents for shared-paper availability.
problem,2433,obf,2024,,Problems,https://olimpicos.net/obf/index.html#2024,not_published,Individual file not published; consult problem_documents for shared-paper availability.
problem,2434,obf,2024,,Problems,https://olimpicos.net/obf/index.html#2024,not_published,Individual file not published; consult problem_documents for shared-paper availability.
problem,2435,obf,2024,,Problems,https://olimpicos.net/obf/index.html#2024,not_published,Individual file not published; consult problem_documents for shared-paper availability.
problem,2436,obf,2024,,Problems,https://olimpicos.net/obf/index.html#2024,not_published,Individual file not published; consult problem_documents for shared-paper availability.
problem,2437,obf,2024,,Problems,https://olimpicos.net/obf/index.html#2024,not_published,Individual file not published; consult problem_documents for shared-paper availability.
problem,2438,obf,2024,,Problems,https://olimpicos.net/obf/index.html#2024,not_published,Individual file not published; consult problem_documents for shared-paper availability.
problem,2439,obf,2020,,Problems,https://olimpicos.net/obf/index.html#2020,not_published,Individual file not published; consult problem_documents for shared-paper availability.
problem,2440,obf,2020,,Problems,https://olimpicos.net/obf/index.html#2020,not_published,Individual file not published; consult problem_documents for shared-paper availability.
problem,2441,obf,2020,,Problems,https://olimpicos.net/obf/index.html#2020,not_published,Individual file not published; consult problem_documents for shared-paper availability.
problem,2442,obf,2020,,Problems,https://olimpicos.net/obf/index.html#2020,not_published,Individual file not published; consult problem_documents for shared-paper availability.
problem,2443,obf,2020,,Problems,https://olimpicos.net/obf/index.html#2020,not_published,Individual file not published; consult problem_documents for shared-paper availability.
problem,2444,obf,2020,,Problems,https://olimpicos.net/obf/index.html#2020,not_published,Individual file not published; consult problem_documents for shared-paper availability.
problem,2445,obf,2020,,Problems,https://olimpicos.net/obf/index.html#2020,not_published,Individual file not published; consult problem_documents for shared-paper availability.
problem,2446,obf,2020,,Problems,https://olimpicos.net/obf/index.html#2020,not_published,Individual file not published; consult problem_documents for shared-paper availability.
problem,2447,obf,2017,,Problems,https://olimpicos.net/obf/index.html#2017,not_published,Individual file not published; consult problem_documents for shared-paper availability.
problem,2448,obf,2017,,Problems,https://olimpicos.net/obf/index.html#2017,not_published,Individual file not published; consult problem_documents for shared-paper availability.
problem,2449,obf,2017,,Problems,https://olimpicos.net/obf/index.html#2017,not_published,Individual file not published; consult problem_documents for shared-paper availability.
problem,2450,obf,2017,,Problems,https://olimpicos.net/obf/index.html#2017,not_published,Individual file not published; consult problem_documents for shared-paper availability.
problem,2451,obf,2017,,Problems,https://olimpicos.net/obf/index.html#2017,not_published,Individual file not published; consult problem_documents for shared-paper availability.
problem,2452,obf,2017,,Problems,https://olimpicos.net/obf/index.html#2017,not_published,Individual file not published; consult problem_documents for shared-paper availability.
problem,2453,obf,2017,,Problems,https://olimpicos.net/obf/index.html#2017,not_published,Individual file not published; consult problem_documents for shared-paper availability.
problem,2454,obf,2017,,Problems,https://olimpicos.net/obf/index.html#2017,not_published,Individual file not published; consult problem_documents for shared-paper availability.
problem,2455,obf,2016,,Problems,https://olimpicos.net/obf/index.html#2016,not_published,Individual file not published; consult problem_documents for shared-paper availability.
problem,2456,obf,2016,,Problems,https://olimpicos.net/obf/index.html#2016,not_published,Individual file not published; consult problem_documents for shared-paper availability.
problem,2457,obf,2016,,Problems,https://olimpicos.net/obf/index.html#2016,not_published,Individual file not published; consult problem_documents for shared-paper availability.
problem,2458,obf,2016,,Problems,https://olimpicos.net/obf/index.html#2016,not_published,Individual file not published; consult problem_documents for shared-paper availability.
problem,2459,obf,2016,,Problems,https://olimpicos.net/obf/index.html#2016,not_published,Individual file not published; consult problem_documents for shared-paper availability.
problem,2460,obf,2016,,Problems,https://olimpicos.net/obf/index.html#2016,not_published,Individual file not published; consult problem_documents for shared-paper availability.
problem,2461,obf,2016,,Problems,https://olimpicos.net/obf/index.html#2016,not_published,Individual file not published; consult problem_documents for shared-paper availability.
problem,2462,obf,2016,,Problems,https://olimpicos.net/obf/index.html#2016,not_published,Individual file not published; consult problem_documents for shared-paper availability.
problem,2463,obf,2015,,Problems,https://olimpicos.net/obf/index.html#2015,not_published,Individual file not published; consult problem_documents for shared-paper availability.
problem,2464,obf,2015,,Problems,https://olimpicos.net/obf/index.html#2015,not_published,Individual file not published; consult problem_documents for shared-paper availability.
problem,2465,obf,2015,,Problems,https://olimpicos.net/obf/index.html#2015,not_published,Individual file not published; consult problem_documents for shared-paper availability.
problem,2466,obf,2015,,Problems,https://olimpicos.net/obf/index.html#2015,not_published,Individual file not published; consult problem_documents for shared-paper availability.
problem,2467,obf,2015,,Problems,https://olimpicos.net/obf/index.html#2015,not_published,Individual file not published; consult problem_documents for shared-paper availability.
problem,2468,obf,2015,,Problems,https://olimpicos.net/obf/index.html#2015,not_published,Individual file not published; consult problem_documents for shared-paper availability.
problem,2469,obf,2015,,Problems,https://olimpicos.net/obf/index.html#2015,not_published,Individual file not published; consult problem_documents for shared-paper availability.
problem,2470,obf,2015,,Problems,https://olimpicos.net/obf/index.html#2015,not_published,Individual file not published; consult problem_documents for shared-paper availability.
problem,2471,obf,2014,,Problems,https://olimpicos.net/obf/index.html#2014,not_published,Individual file not published; consult problem_documents for shared-paper availability.
problem,2472,obf,2014,,Problems,https://olimpicos.net/obf/index.html#2014,not_published,Individual file not published; consult problem_documents for shared-paper availability.
problem,2473,obf,2014,,Problems,https://olimpicos.net/obf/index.html#2014,not_published,Individual file not published; consult problem_documents for shared-paper availability.
problem,2474,obf,2014,,Problems,https://olimpicos.net/obf/index.html#2014,not_published,Individual file not published; consult problem_documents for shared-paper availability.
problem,2475,obf,2014,,Problems,https://olimpicos.net/obf/index.html#2014,not_published,Individual file not published; consult problem_documents for shared-paper availability.
problem,2476,obf,2014,,Problems,https://olimpicos.net/obf/index.html#2014,not_published,Individual file not published; consult problem_documents for shared-paper availability.
problem,2477,obf,2014,,Problems,https://olimpicos.net/obf/index.html#2014,not_published,Individual file not published; consult problem_documents for shared-paper availability.
problem,2478,obf,2014,,Problems,https://olimpicos.net/obf/index.html#2014,not_published,Individual file not published; consult problem_documents for shared-paper availability.
problem,2479,obf,2011,,Problems,https://olimpicos.net/obf/index.html#2011,not_published,Individual file not published; consult problem_documents for shared-paper availability.
problem,2480,obf,2011,,Problems,https://olimpicos.net/obf/index.html#2011,not_published,Individual file not published; consult problem_documents for shared-paper availability.
problem,2481,obf,2011,,Problems,https://olimpicos.net/obf/index.html#2011,not_published,Individual file not published; consult problem_documents for shared-paper availability.
problem,2482,obf,2011,,Problems,https://olimpicos.net/obf/index.html#2011,not_published,Individual file not published; consult problem_documents for shared-paper availability.
problem,2483,obf,2011,,Problems,https://olimpicos.net/obf/index.html#2011,not_published,Individual file not published; consult problem_documents for shared-paper availability.
problem,2484,obf,2011,,Problems,https://olimpicos.net/obf/index.html#2011,not_published,Individual file not published; consult problem_documents for shared-paper availability.
problem,2485,obf,2011,,Problems,https://olimpicos.net/obf/index.html#2011,not_published,Individual file not published; consult problem_documents for shared-paper availability.
problem,2486,obf,2011,,Problems,https://olimpicos.net/obf/index.html#2011,not_published,Individual file not published; consult problem_documents for shared-paper availability.
problem,2487,obf,2010,,Problems,https://olimpicos.net/obf/index.html#2010,not_published,Individual file not published; consult problem_documents for shared-paper availability.
problem,2488,obf,2010,,Problems,https://olimpicos.net/obf/index.html#2010,not_published,Individual file not published; consult problem_documents for shared-paper availability.
problem,2489,obf,2010,,Problems,https://olimpicos.net/obf/index.html#2010,not_published,Individual file not published; consult problem_documents for shared-paper availability.
problem,2490,obf,2010,,Problems,https://olimpicos.net/obf/index.html#2010,not_published,Individual file not published; consult problem_documents for shared-paper availability.
problem,2491,obf,2010,,Problems,https://olimpicos.net/obf/index.html#2010,not_published,Individual file not published; consult problem_documents for shared-paper availability.
problem,2492,obf,2010,,Problems,https://olimpicos.net/obf/index.html#2010,not_published,Individual file not published; consult problem_documents for shared-paper availability.
problem,2493,obf,2010,,Problems,https://olimpicos.net/obf/index.html#2010,not_published,Individual file not published; consult problem_documents for shared-paper availability.
problem,2494,obf,2010,,Problems,https://olimpicos.net/obf/index.html#2010,not_published,Individual file not published; consult problem_documents for shared-paper availability.
problem,2495,obf,2009,,Problems,https://olimpicos.net/obf/index.html#2009,not_published,Individual file not published; consult problem_documents for shared-paper availability.
problem,2496,obf,2009,,Problems,https://olimpicos.net/obf/index.html#2009,not_published,Individual file not published; consult problem_documents for shared-paper availability.
problem,2497,obf,2009,,Problems,https://olimpicos.net/obf/index.html#2009,not_published,Individual file not published; consult problem_documents for shared-paper availability.
problem,2498,obf,2009,,Problems,https://olimpicos.net/obf/index.html#2009,not_published,Individual file not published; consult problem_documents for shared-paper availability.
problem,2499,obf,2009,,Problems,https://olimpicos.net/obf/index.html#2009,not_published,Individual file not published; consult problem_documents for shared-paper availability.
problem,2500,obf,2009,,Problems,https://olimpicos.net/obf/index.html#2009,not_published,Individual file not published; consult problem_documents for shared-paper availability.
problem,2501,obf,2009,,Problems,https://olimpicos.net/obf/index.html#2009,not_published,Individual file not published; consult problem_documents for shared-paper availability.
problem,2502,obf,2009,,Problems,https://olimpicos.net/obf/index.html#2009,not_published,Individual file not published; consult problem_documents for shared-paper availability.
problem,2503,obf,2007,,Problems,https://olimpicos.net/obf/index.html#2007,not_published,Individual file not published; consult problem_documents for shared-paper availability.
problem,2504,obf,2007,,Problems,https://olimpicos.net/obf/index.html#2007,not_published,Individual file not published; consult problem_documents for shared-paper availability.
problem,2505,obf,2007,,Problems,https://olimpicos.net/obf/index.html#2007,not_published,Individual file not published; consult problem_documents for shared-paper availability.
problem,2506,obf,2007,,Problems,https://olimpicos.net/obf/index.html#2007,not_published,Individual file not published; consult problem_documents for shared-paper availability.
problem,2507,obf,2007,,Problems,https://olimpicos.net/obf/index.html#2007,not_published,Individual file not published; consult problem_documents for shared-paper availability.
problem,2508,obf,2007,,Problems,https://olimpicos.net/obf/index.html#2007,not_published,Individual file not published; consult problem_documents for shared-paper availability.
problem,2509,obf,2007,,Problems,https://olimpicos.net/obf/index.html#2007,not_published,Individual file not published; consult problem_documents for shared-paper availability.
problem,2510,obf,2007,,Problems,https://olimpicos.net/obf/index.html#2007,not_published,Individual file not published; consult problem_documents for shared-paper availability.
problem,2511,obf,2006,,Problems,https://olimpicos.net/obf/index.html#2006,not_published,Individual file not published; consult problem_documents for shared-paper availability.
problem,2512,obf,2006,,Problems,https://olimpicos.net/obf/index.html#2006,not_published,Individual file not published; consult problem_documents for shared-paper availability.
problem,2513,obf,2006,,Problems,https://olimpicos.net/obf/index.html#2006,not_published,Individual file not published; consult problem_documents for shared-paper availability.
problem,2514,obf,2006,,Problems,https://olimpicos.net/obf/index.html#2006,not_published,Individual file not published; consult problem_documents for shared-paper availability.
problem,2515,obf,2006,,Problems,https://olimpicos.net/obf/index.html#2006,not_published,Individual file not published; consult problem_documents for shared-paper availability.
problem,2516,obf,2006,,Problems,https://olimpicos.net/obf/index.html#2006,not_published,Individual file not published; consult problem_documents for shared-paper availability.
problem,2517,obf,2006,,Problems,https://olimpicos.net/obf/index.html#2006,not_published,Individual file not published; consult problem_documents for shared-paper availability.
problem,2518,obf,2006,,Problems,https://olimpicos.net/obf/index.html#2006,not_published,Individual file not published; consult problem_documents for shared-paper availability.
problem,2519,brtst,2026,,Problems,https://olimpicos.net/brtst/index.html#2026,not_published,Individual file not published; consult problem_documents for shared-paper availability.
problem,2520,brtst,2026,,Problems,https://olimpicos.net/brtst/index.html#2026,not_published,Individual file not published; consult problem_documents for shared-paper availability.
problem,2521,brtst,2026,,Problems,https://olimpicos.net/brtst/index.html#2026,not_published,Individual file not published; consult problem_documents for shared-paper availability.
problem,2522,brtst,2026,,Problems,https://olimpicos.net/brtst/index.html#2026,not_published,Individual file not published; consult problem_documents for shared-paper availability.
problem,2523,brtst,2026,,Problems,https://olimpicos.net/brtst/index.html#2026,not_published,Individual file not published; consult problem_documents for shared-paper availability.
problem,2524,brtst,2025,,Problems,https://olimpicos.net/brtst/index.html#2025,not_published,Individual file not published; consult problem_documents for shared-paper availability.
problem,2525,brtst,2025,,Problems,https://olimpicos.net/brtst/index.html#2025,not_published,Individual file not published; consult problem_documents for shared-paper availability.
problem,2526,brtst,2025,,Problems,https://olimpicos.net/brtst/index.html#2025,not_published,Individual file not published; consult problem_documents for shared-paper availability.
problem,2527,brtst,2025,,Problems,https://olimpicos.net/brtst/index.html#2025,not_published,Individual file not published; consult problem_documents for shared-paper availability.
problem,2528,brtst,2025,,Problems,https://olimpicos.net/brtst/index.html#2025,not_published,Individual file not published; consult problem_documents for shared-paper availability.
problem,2529,brtst,2024,,Problems,https://olimpicos.net/brtst/index.html#2024,not_published,Individual file not published; consult problem_documents for shared-paper availability.
problem,2530,brtst,2024,,Problems,https://olimpicos.net/brtst/index.html#2024,not_published,Individual file not published; consult problem_documents for shared-paper availability.
problem,2531,brtst,2024,,Problems,https://olimpicos.net/brtst/index.html#2024,not_published,Individual file not published; consult problem_documents for shared-paper availability.
problem,2532,brtst,2024,,Problems,https://olimpicos.net/brtst/index.html#2024,not_published,Individual file not published; consult problem_documents for shared-paper availability.
problem,2533,brtst,2024,,Problems,https://olimpicos.net/brtst/index.html#2024,not_published,Individual file not published; consult problem_documents for shared-paper availability.
problem,2534,brtst,2023,,Problems,https://olimpicos.net/brtst/index.html#2023,not_published,Individual file not published; consult problem_documents for shared-paper availability.
problem,2535,brtst,2023,,Problems,https://olimpicos.net/brtst/index.html#2023,not_published,Individual file not published; consult problem_documents for shared-paper availability.
problem,2536,brtst,2023,,Problems,https://olimpicos.net/brtst/index.html#2023,not_published,Individual file not published; consult problem_documents for shared-paper availability.
problem,2537,brtst,2023,,Problems,https://olimpicos.net/brtst/index.html#2023,not_published,Individual file not published; consult problem_documents for shared-paper availability.
problem,2538,brtst,2023,,Problems,https://olimpicos.net/brtst/index.html#2023,not_published,Individual file not published; consult problem_documents for shared-paper availability.
problem,2539,brtst,2021,,Problems,https://olimpicos.net/brtst/index.html#2021,not_published,Individual file not published; consult problem_documents for shared-paper availability.
problem,2540,brtst,2021,,Problems,https://olimpicos.net/brtst/index.html#2021,not_published,Individual file not published; consult problem_documents for shared-paper availability.
problem,2541,brtst,2021,,Problems,https://olimpicos.net/brtst/index.html#2021,not_published,Individual file not published; consult problem_documents for shared-paper availability.
problem,2542,brtst,2021,,Problems,https://olimpicos.net/brtst/index.html#2021,not_published,Individual file not published; consult problem_documents for shared-paper availability.
problem,2543,brtst,2021,,Problems,https://olimpicos.net/brtst/index.html#2021,not_published,Individual file not published; consult problem_documents for shared-paper availability.
problem,2544,brtst,2021,,Problems,https://olimpicos.net/brtst/index.html#2021,not_published,Individual file not published; consult problem_documents for shared-paper availability.
problem,2607,onf,2025,,Problems,https://olimpicos.net/onf/index.html#2025,not_published,Individual file not published; consult problem_documents for shared-paper availability.
problem,2608,onf,2025,,Problems,https://olimpicos.net/onf/index.html#2025,not_published,Individual file not published; consult problem_documents for shared-paper availability.
problem,2609,onf,2025,,Problems,https://olimpicos.net/onf/index.html#2025,not_published,Individual file not published; consult problem_documents for shared-paper availability.
problem,2610,onf,2024,,Problems,https://olimpicos.net/onf/index.html#2024,not_published,Individual file not published; consult problem_documents for shared-paper availability.
problem,2611,onf,2024,,Problems,https://olimpicos.net/onf/index.html#2024,not_published,Individual file not published; consult problem_documents for shared-paper availability.
problem,2612,onf,2024,,Problems,https://olimpicos.net/onf/index.html#2024,not_published,Individual file not published; consult problem_documents for shared-paper availability.
problem,2613,onf,2023,,Problems,https://olimpicos.net/onf/index.html#2023,not_published,Individual file not published; consult problem_documents for shared-paper availability.
problem,2614,onf,2023,,Problems,https://olimpicos.net/onf/index.html#2023,not_published,Individual file not published; consult problem_documents for shared-paper availability.
problem,2615,onf,2023,,Problems,https://olimpicos.net/onf/index.html#2023,not_published,Individual file not published; consult problem_documents for shared-paper availability.
problem,2616,onf,2022,,Problems,https://olimpicos.net/onf/index.html#2022,not_published,Individual file not published; consult problem_documents for shared-paper availability.
problem,2617,onf,2022,,Problems,https://olimpicos.net/onf/index.html#2022,not_published,Individual file not published; consult problem_documents for shared-paper availability.
problem,2618,onf,2022,,Problems,https://olimpicos.net/onf/index.html#2022,not_published,Individual file not published; consult problem_documents for shared-paper availability.
problem,2619,onf,2019,,Problems,https://olimpicos.net/onf/index.html#2019,not_published,Individual file not published; consult problem_documents for shared-paper availability.
problem,2620,onf,2019,,Problems,https://olimpicos.net/onf/index.html#2019,not_published,Individual file not published; consult problem_documents for shared-paper availability.
problem,2621,onf,2019,,Problems,https://olimpicos.net/onf/index.html#2019,not_published,Individual file not published; consult problem_documents for shared-paper availability.
problem,2622,onf,2018,,Problems,https://olimpicos.net/onf/index.html#2018,not_published,Individual file not published; consult problem_documents for shared-paper availability.
problem,2623,onf,2018,,Problems,https://olimpicos.net/onf/index.html#2018,not_published,Individual file not published; consult problem_documents for shared-paper availability.
problem,2624,onf,2018,,Problems,https://olimpicos.net/onf/index.html#2018,not_published,Individual file not published; consult problem_documents for shared-paper availability.
problem,2625,onf,2017,,Problems,https://olimpicos.net/onf/index.html#2017,not_published,Individual file not published; consult problem_documents for shared-paper availability.
problem,2626,onf,2017,,Problems,https://olimpicos.net/onf/index.html#2017,not_published,Individual file not published; consult problem_documents for shared-paper availability.
problem,2627,onf,2017,,Problems,https://olimpicos.net/onf/index.html#2017,not_published,Individual file not published; consult problem_documents for shared-paper availability.
problem,2628,onf,2016,,Problems,https://olimpicos.net/onf/index.html#2016,not_published,Individual file not published; consult problem_documents for shared-paper availability.
problem,2629,onf,2016,,Problems,https://olimpicos.net/onf/index.html#2016,not_published,Individual file not published; consult problem_documents for shared-paper availability.
problem,2630,onf,2016,,Problems,https://olimpicos.net/onf/index.html#2016,not_published,Individual file not published; consult problem_documents for shared-paper availability.
problem,2631,onf,2015,,Problems,https://olimpicos.net/onf/index.html#2015,not_published,Individual file not published; consult problem_documents for shared-paper availability.
problem,2632,onf,2015,,Problems,https://olimpicos.net/onf/index.html#2015,not_published,Individual file not published; consult problem_documents for shared-paper availability.
problem,2633,onf,2015,,Problems,https://olimpicos.net/onf/index.html#2015,not_published,Individual file not published; consult problem_documents for shared-paper availability.
problem,2634,onf,2014,,Problems,https://olimpicos.net/onf/index.html#2014,not_published,Individual file not published; consult problem_documents for shared-paper availability.
problem,2635,onf,2014,,Problems,https://olimpicos.net/onf/index.html#2014,not_published,Individual file not published; consult problem_documents for shared-paper availability.
problem,2636,onf,2014,,Problems,https://olimpicos.net/onf/index.html#2014,not_published,Individual file not published; consult problem_documents for shared-paper availability.
problem,2637,onf,2013,,Problems,https://olimpicos.net/onf/index.html#2013,not_published,Individual file not published; consult problem_documents for shared-paper availability.
problem,2638,onf,2013,,Problems,https://olimpicos.net/onf/index.html#2013,not_published,Individual file not published; consult problem_documents for shared-paper availability.
problem,2639,onf,2013,,Problems,https://olimpicos.net/onf/index.html#2013,not_published,Individual file not published; consult problem_documents for shared-paper availability.
problem,2640,onf,2012,,Problems,https://olimpicos.net/onf/index.html#2012,not_published,Individual file not published; consult problem_documents for shared-paper availability.
problem,2641,onf,2012,,Problems,https://olimpicos.net/onf/index.html#2012,not_published,Individual file not published; consult problem_documents for shared-paper availability.
problem,2642,onf,2012,,Problems,https://olimpicos.net/onf/index.html#2012,not_published,Individual file not published; consult problem_documents for shared-paper availability.
problem,2643,onf,2011,,Problems,https://olimpicos.net/onf/index.html#2011,not_published,Individual file not published; consult problem_documents for shared-paper availability.
problem,2644,onf,2011,,Problems,https://olimpicos.net/onf/index.html#2011,not_published,Individual file not published; consult problem_documents for shared-paper availability.
problem,2645,onf,2011,,Problems,https://olimpicos.net/onf/index.html#2011,not_published,Individual file not published; consult problem_documents for shared-paper availability.
problem,2646,onf,2010,,Problems,https://olimpicos.net/onf/index.html#2010,not_published,Individual file not published; consult problem_documents for shared-paper availability.
problem,2647,onf,2010,,Problems,https://olimpicos.net/onf/index.html#2010,not_published,Individual file not published; consult problem_documents for shared-paper availability.
problem,2648,onf,2010,,Problems,https://olimpicos.net/onf/index.html#2010,not_published,Individual file not published; consult problem_documents for shared-paper availability.
problem,2649,onf,2009,,Problems,https://olimpicos.net/onf/index.html#2009,not_published,Individual file not published; consult problem_documents for shared-paper availability.
problem,2650,onf,2009,,Problems,https://olimpicos.net/onf/index.html#2009,not_published,Individual file not published; consult problem_documents for shared-paper availability.
problem,2651,onf,2009,,Problems,https://olimpicos.net/onf/index.html#2009,not_published,Individual file not published; consult problem_documents for shared-paper availability.
problem,2652,onf,2008,,Problems,https://olimpicos.net/onf/index.html#2008,not_published,Individual file not published; consult problem_documents for shared-paper availability.
problem,2653,onf,2008,,Problems,https://olimpicos.net/onf/index.html#2008,not_published,Individual file not published; consult problem_documents for shared-paper availability.
problem,2654,onf,2008,,Problems,https://olimpicos.net/onf/index.html#2008,not_published,Individual file not published; consult problem_documents for shared-paper availability.
problem,2655,onf,2007,,Problems,https://olimpicos.net/onf/index.html#2007,not_published,Individual file not published; consult problem_documents for shared-paper availability.
problem,2656,onf,2007,,Problems,https://olimpicos.net/onf/index.html#2007,not_published,Individual file not published; consult problem_documents for shared-paper availability.
problem,2657,onf,2007,,Problems,https://olimpicos.net/onf/index.html#2007,not_published,Individual file not published; consult problem_documents for shared-paper availability.
problem,2658,onf,2006,,Problems,https://olimpicos.net/onf/index.html#2006,not_published,Individual file not published; consult problem_documents for shared-paper availability.
problem,2659,onf,2006,,Problems,https://olimpicos.net/onf/index.html#2006,not_published,Individual file not published; consult problem_documents for shared-paper availability.
problem,2660,onf,2006,,Problems,https://olimpicos.net/onf/index.html#2006,not_published,Individual file not published; consult problem_documents for shared-paper availability.
problem,2661,onf,2005,,Problems,https://olimpicos.net/onf/index.html#2005,not_published,Individual file not published; consult problem_documents for shared-paper availability.
problem,2662,onf,2005,,Problems,https://olimpicos.net/onf/index.html#2005,not_published,Individual file not published; consult problem_documents for shared-paper availability.
problem,2663,onf,2005,,Problems,https://olimpicos.net/onf/index.html#2005,not_published,Individual file not published; consult problem_documents for shared-paper availability.
problem,2664,onf,2004,,Problems,https://olimpicos.net/onf/index.html#2004,not_published,Individual file not published; consult problem_documents for shared-paper availability.
problem,2665,onf,2004,,Problems,https://olimpicos.net/onf/index.html#2004,not_published,Individual file not published; consult problem_documents for shared-paper availability.
problem,2666,onf,2004,,Problems,https://olimpicos.net/onf/index.html#2004,not_published,Individual file not published; consult problem_documents for shared-paper availability.
problem,2667,onf,2003,,Problems,https://olimpicos.net/onf/index.html#2003,not_published,Individual file not published; consult problem_documents for shared-paper availability.
problem,2668,onf,2003,,Problems,https://olimpicos.net/onf/index.html#2003,not_published,Individual file not published; consult problem_documents for shared-paper availability.
problem,2669,onf,2003,,Problems,https://olimpicos.net/onf/index.html#2003,not_published,Individual file not published; consult problem_documents for shared-paper availability.
problem,2670,upho,2025,,Theory,https://olimpicos.net/upho/index.html#2025,not_published,Individual file not published; consult problem_documents for shared-paper availability.
problem,2671,upho,2025,,Theory,https://olimpicos.net/upho/index.html#2025,not_published,Individual file not published; consult problem_documents for shared-paper availability.
problem,2672,upho,2025,,Theory,https://olimpicos.net/upho/index.html#2025,not_published,Individual file not published; consult problem_documents for shared-paper availability.
problem,2673,upho,2025,,Theory,https://olimpicos.net/upho/index.html#2025,not_published,Individual file not published; consult problem_documents for shared-paper availability.
problem,2674,upho,2025,,Theory,https://olimpicos.net/upho/index.html#2025,not_published,Individual file not published; consult problem_documents for shared-paper availability.
problem,2675,eotvos,2025,,Problems,https://olimpicos.net/eotvos/index.html#2025,not_published,Individual file not published; consult problem_documents for shared-paper availability.
problem,2676,eotvos,2025,,Problems,https://olimpicos.net/eotvos/index.html#2025,not_published,Individual file not published; consult problem_documents for shared-paper availability.
problem,2677,eotvos,2025,,Problems,https://olimpicos.net/eotvos/index.html#2025,not_published,Individual file not published; consult problem_documents for shared-paper availability.
problem,2678,eotvos,2024,,Problems,https://olimpicos.net/eotvos/index.html#2024,not_published,Individual file not published; consult problem_documents for shared-paper availability.
problem,2679,eotvos,2024,,Problems,https://olimpicos.net/eotvos/index.html#2024,not_published,Individual file not published; consult problem_documents for shared-paper availability.
problem,2680,eotvos,2024,,Problems,https://olimpicos.net/eotvos/index.html#2024,not_published,Individual file not published; consult problem_documents for shared-paper availability.
problem,2681,eotvos,2023,,Problems,https://olimpicos.net/eotvos/index.html#2023,not_published,Individual file not published; consult problem_documents for shared-paper availability.
problem,2682,eotvos,2023,,Problems,https://olimpicos.net/eotvos/index.html#2023,not_published,Individual file not published; consult problem_documents for shared-paper availability.
problem,2683,eotvos,2023,,Problems,https://olimpicos.net/eotvos/index.html#2023,not_published,Individual file not published; consult problem_documents for shared-paper availability.
problem,2684,eotvos,2022,,Problems,https://olimpicos.net/eotvos/index.html#2022,not_published,Individual file not published; consult problem_documents for shared-paper availability.
problem,2685,eotvos,2022,,Problems,https://olimpicos.net/eotvos/index.html#2022,not_published,Individual file not published; consult problem_documents for shared-paper availability.
problem,2686,eotvos,2022,,Problems,https://olimpicos.net/eotvos/index.html#2022,not_published,Individual file not published; consult problem_documents for shared-paper availability.
problem,2687,eotvos,2021,,Problems,https://olimpicos.net/eotvos/index.html#2021,not_published,Individual file not published; consult problem_documents for shared-paper availability.
problem,2688,eotvos,2021,,Problems,https://olimpicos.net/eotvos/index.html#2021,not_published,Individual file not published; consult problem_documents for shared-paper availability.
problem,2689,eotvos,2021,,Problems,https://olimpicos.net/eotvos/index.html#2021,not_published,Individual file not published; consult problem_documents for shared-paper availability.
problem,2690,eotvos,2020,,Problems,https://olimpicos.net/eotvos/index.html#2020,not_published,Individual file not published; consult problem_documents for shared-paper availability.
problem,2691,eotvos,2020,,Problems,https://olimpicos.net/eotvos/index.html#2020,not_published,Individual file not published; consult problem_documents for shared-paper availability.
problem,2692,eotvos,2020,,Problems,https://olimpicos.net/eotvos/index.html#2020,not_published,Individual file not published; consult problem_documents for shared-paper availability.
problem,2693,eotvos,2019,,Problems,https://olimpicos.net/eotvos/index.html#2019,not_published,Individual file not published; consult problem_documents for shared-paper availability.
problem,2694,eotvos,2019,,Problems,https://olimpicos.net/eotvos/index.html#2019,not_published,Individual file not published; consult problem_documents for shared-paper availability.
problem,2695,eotvos,2019,,Problems,https://olimpicos.net/eotvos/index.html#2019,not_published,Individual file not published; consult problem_documents for shared-paper availability.
problem,2696,eotvos,2018,,Problems,https://olimpicos.net/eotvos/index.html#2018,not_published,Individual file not published; consult problem_documents for shared-paper availability.
problem,2697,eotvos,2018,,Problems,https://olimpicos.net/eotvos/index.html#2018,not_published,Individual file not published; consult problem_documents for shared-paper availability.
problem,2698,eotvos,2018,,Problems,https://olimpicos.net/eotvos/index.html#2018,not_published,Individual file not published; consult problem_documents for shared-paper availability.
problem,2699,eotvos,2017,,Problems,https://olimpicos.net/eotvos/index.html#2017,not_published,Individual file not published; consult problem_documents for shared-paper availability.
problem,2700,eotvos,2017,,Problems,https://olimpicos.net/eotvos/index.html#2017,not_published,Individual file not published; consult problem_documents for shared-paper availability.
problem,2701,eotvos,2017,,Problems,https://olimpicos.net/eotvos/index.html#2017,not_published,Individual file not published; consult problem_documents for shared-paper availability.
problem,2702,eotvos,2016,,Problems,https://olimpicos.net/eotvos/index.html#2016,not_published,Individual file not published; consult problem_documents for shared-paper availability.
problem,2703,eotvos,2016,,Problems,https://olimpicos.net/eotvos/index.html#2016,not_published,Individual file not published; consult problem_documents for shared-paper availability.
problem,2704,eotvos,2016,,Problems,https://olimpicos.net/eotvos/index.html#2016,not_published,Individual file not published; consult problem_documents for shared-paper availability.
problem,2705,eotvos,2015,,Problems,https://olimpicos.net/eotvos/index.html#2015,not_published,Individual file not published; consult problem_documents for shared-paper availability.
problem,2706,eotvos,2015,,Problems,https://olimpicos.net/eotvos/index.html#2015,not_published,Individual file not published; consult problem_documents for shared-paper availability.
problem,2707,eotvos,2015,,Problems,https://olimpicos.net/eotvos/index.html#2015,not_published,Individual file not published; consult problem_documents for shared-paper availability.
problem,2708,eotvos,2014,,Problems,https://olimpicos.net/eotvos/index.html#2014,not_published,Individual file not published; consult problem_documents for shared-paper availability.
problem,2709,eotvos,2014,,Problems,https://olimpicos.net/eotvos/index.html#2014,not_published,Individual file not published; consult problem_documents for shared-paper availability.
problem,2710,eotvos,2014,,Problems,https://olimpicos.net/eotvos/index.html#2014,not_published,Individual file not published; consult problem_documents for shared-paper availability.
problem,2711,fyziklani,2026,,Problems,https://olimpicos.net/fyziklani/index.html#2026,not_published,Individual file not published; consult problem_documents for shared-paper availability.
problem,2712,fyziklani,2026,,Problems,https://olimpicos.net/fyziklani/index.html#2026,not_published,Individual file not published; consult problem_documents for shared-paper availability.
problem,2713,fyziklani,2026,,Problems,https://olimpicos.net/fyziklani/index.html#2026,not_published,Individual file not published; consult problem_documents for shared-paper availability.
problem,2714,fyziklani,2026,,Problems,https://olimpicos.net/fyziklani/index.html#2026,not_published,Individual file not published; consult problem_documents for shared-paper availability.
problem,2715,fyziklani,2026,,Problems,https://olimpicos.net/fyziklani/index.html#2026,not_published,Individual file not published; consult problem_documents for shared-paper availability.
problem,2716,fyziklani,2026,,Problems,https://olimpicos.net/fyziklani/index.html#2026,not_published,Individual file not published; consult problem_documents for shared-paper availability.
problem,2717,fyziklani,2026,,Problems,https://olimpicos.net/fyziklani/index.html#2026,not_published,Individual file not published; consult problem_documents for shared-paper availability.
problem,2718,fyziklani,2026,,Problems,https://olimpicos.net/fyziklani/index.html#2026,not_published,Individual file not published; consult problem_documents for shared-paper availability.
problem,2719,fyziklani,2026,,Problems,https://olimpicos.net/fyziklani/index.html#2026,not_published,Individual file not published; consult problem_documents for shared-paper availability.
problem,2720,fyziklani,2026,,Problems,https://olimpicos.net/fyziklani/index.html#2026,not_published,Individual file not published; consult problem_documents for shared-paper availability.
problem,2721,fyziklani,2026,,Problems,https://olimpicos.net/fyziklani/index.html#2026,not_published,Individual file not published; consult problem_documents for shared-paper availability.
problem,2722,fyziklani,2026,,Problems,https://olimpicos.net/fyziklani/index.html#2026,not_published,Individual file not published; consult problem_documents for shared-paper availability.
problem,2723,fyziklani,2026,,Problems,https://olimpicos.net/fyziklani/index.html#2026,not_published,Individual file not published; consult problem_documents for shared-paper availability.
problem,2724,fyziklani,2026,,Problems,https://olimpicos.net/fyziklani/index.html#2026,not_published,Individual file not published; consult problem_documents for shared-paper availability.
problem,2725,fyziklani,2026,,Problems,https://olimpicos.net/fyziklani/index.html#2026,not_published,Individual file not published; consult problem_documents for shared-paper availability.
problem,2726,fyziklani,2026,,Problems,https://olimpicos.net/fyziklani/index.html#2026,not_published,Individual file not published; consult problem_documents for shared-paper availability.
problem,2727,fyziklani,2026,,Problems,https://olimpicos.net/fyziklani/index.html#2026,not_published,Individual file not published; consult problem_documents for shared-paper availability.
problem,2728,fyziklani,2026,,Problems,https://olimpicos.net/fyziklani/index.html#2026,not_published,Individual file not published; consult problem_documents for shared-paper availability.
problem,2729,fyziklani,2026,,Problems,https://olimpicos.net/fyziklani/index.html#2026,not_published,Individual file not published; consult problem_documents for shared-paper availability.
problem,2730,fyziklani,2026,,Problems,https://olimpicos.net/fyziklani/index.html#2026,not_published,Individual file not published; consult problem_documents for shared-paper availability.
problem,2731,fyziklani,2026,,Problems,https://olimpicos.net/fyziklani/index.html#2026,not_published,Individual file not published; consult problem_documents for shared-paper availability.
problem,2732,fyziklani,2026,,Problems,https://olimpicos.net/fyziklani/index.html#2026,not_published,Individual file not published; consult problem_documents for shared-paper availability.
problem,2733,fyziklani,2026,,Problems,https://olimpicos.net/fyziklani/index.html#2026,not_published,Individual file not published; consult problem_documents for shared-paper availability.
problem,2734,fyziklani,2026,,Problems,https://olimpicos.net/fyziklani/index.html#2026,not_published,Individual file not published; consult problem_documents for shared-paper availability.
problem,2735,fyziklani,2026,,Problems,https://olimpicos.net/fyziklani/index.html#2026,not_published,Individual file not published; consult problem_documents for shared-paper availability.
problem,2736,fyziklani,2026,,Problems,https://olimpicos.net/fyziklani/index.html#2026,not_published,Individual file not published; consult problem_documents for shared-paper availability.
problem,2737,fyziklani,2026,,Problems,https://olimpicos.net/fyziklani/index.html#2026,not_published,Individual file not published; consult problem_documents for shared-paper availability.
problem,2738,fyziklani,2026,,Problems,https://olimpicos.net/fyziklani/index.html#2026,not_published,Individual file not published; consult problem_documents for shared-paper availability.
problem,2739,fyziklani,2026,,Problems,https://olimpicos.net/fyziklani/index.html#2026,not_published,Individual file not published; consult problem_documents for shared-paper availability.
problem,2740,fyziklani,2026,,Problems,https://olimpicos.net/fyziklani/index.html#2026,not_published,Individual file not published; consult problem_documents for shared-paper availability.
problem,2741,fyziklani,2026,,Problems,https://olimpicos.net/fyziklani/index.html#2026,not_published,Individual file not published; consult problem_documents for shared-paper availability.
problem,2742,fyziklani,2026,,Problems,https://olimpicos.net/fyziklani/index.html#2026,not_published,Individual file not published; consult problem_documents for shared-paper availability.
problem,2743,fyziklani,2026,,Problems,https://olimpicos.net/fyziklani/index.html#2026,not_published,Individual file not published; consult problem_documents for shared-paper availability.
problem,2744,fyziklani,2026,,Problems,https://olimpicos.net/fyziklani/index.html#2026,not_published,Individual file not published; consult problem_documents for shared-paper availability.
problem,2745,fyziklani,2026,,Problems,https://olimpicos.net/fyziklani/index.html#2026,not_published,Individual file not published; consult problem_documents for shared-paper availability.
problem,2746,fyziklani,2026,,Problems,https://olimpicos.net/fyziklani/index.html#2026,not_published,Individual file not published; consult problem_documents for shared-paper availability.
problem,2747,fyziklani,2026,,Problems,https://olimpicos.net/fyziklani/index.html#2026,not_published,Individual file not published; consult problem_documents for shared-paper availability.
problem,2748,fyziklani,2026,,Problems,https://olimpicos.net/fyziklani/index.html#2026,not_published,Individual file not published; consult problem_documents for shared-paper availability.
problem,2749,fyziklani,2026,,Problems,https://olimpicos.net/fyziklani/index.html#2026,not_published,Individual file not published; consult problem_documents for shared-paper availability.
problem,2750,fyziklani,2026,,Problems,https://olimpicos.net/fyziklani/index.html#2026,not_published,Individual file not published; consult problem_documents for shared-paper availability.
problem,2751,fyziklani,2026,,Problems,https://olimpicos.net/fyziklani/index.html#2026,not_published,Individual file not published; consult problem_documents for shared-paper availability.
problem,2752,fyziklani,2026,,Problems,https://olimpicos.net/fyziklani/index.html#2026,not_published,Individual file not published; consult problem_documents for shared-paper availability.
problem,2753,fyziklani,2026,,Problems,https://olimpicos.net/fyziklani/index.html#2026,not_published,Individual file not published; consult problem_documents for shared-paper availability.
problem,2754,fyziklani,2026,,Problems,https://olimpicos.net/fyziklani/index.html#2026,not_published,Individual file not published; consult problem_documents for shared-paper availability.
problem,2755,fyziklani,2026,,Problems,https://olimpicos.net/fyziklani/index.html#2026,not_published,Individual file not published; consult problem_documents for shared-paper availability.
problem,2756,fyziklani,2026,,Problems,https://olimpicos.net/fyziklani/index.html#2026,not_published,Individual file not published; consult problem_documents for shared-paper availability.
problem,2757,fyziklani,2026,,Problems,https://olimpicos.net/fyziklani/index.html#2026,not_published,Individual file not published; consult problem_documents for shared-paper availability.
problem,2758,fyziklani,2026,,Problems,https://olimpicos.net/fyziklani/index.html#2026,not_published,Individual file not published; consult problem_documents for shared-paper availability.
problem,2759,fyziklani,2026,,Problems,https://olimpicos.net/fyziklani/index.html#2026,not_published,Individual file not published; consult problem_documents for shared-paper availability.
problem,2760,fyziklani,2026,,Problems,https://olimpicos.net/fyziklani/index.html#2026,not_published,Individual file not published; consult problem_documents for shared-paper availability.
problem,2761,fyziklani,2026,,Problems,https://olimpicos.net/fyziklani/index.html#2026,not_published,Individual file not published; consult problem_documents for shared-paper availability.
problem,2762,fyziklani,2026,,Problems,https://olimpicos.net/fyziklani/index.html#2026,not_published,Individual file not published; consult problem_documents for shared-paper availability.
problem,2763,fyziklani,2026,,Problems,https://olimpicos.net/fyziklani/index.html#2026,not_published,Individual file not published; consult problem_documents for shared-paper availability.
problem,2764,fyziklani,2026,,Problems,https://olimpicos.net/fyziklani/index.html#2026,not_published,Individual file not published; consult problem_documents for shared-paper availability.
problem,2765,fyziklani,2026,,Problems,https://olimpicos.net/fyziklani/index.html#2026,not_published,Individual file not published; consult problem_documents for shared-paper availability.
problem,2766,fyziklani,2026,,Problems,https://olimpicos.net/fyziklani/index.html#2026,not_published,Individual file not published; consult problem_documents for shared-paper availability.
problem,2767,fyziklani,2026,,Problems,https://olimpicos.net/fyziklani/index.html#2026,not_published,Individual file not published; consult problem_documents for shared-paper availability.
problem,2768,fyziklani,2026,,Problems,https://olimpicos.net/fyziklani/index.html#2026,not_published,Individual file not published; consult problem_documents for shared-paper availability.
problem,2769,fyziklani,2025,,Problems,https://olimpicos.net/fyziklani/index.html#2025,not_published,Individual file not published; consult problem_documents for shared-paper availability.
problem,2770,fyziklani,2025,,Problems,https://olimpicos.net/fyziklani/index.html#2025,not_published,Individual file not published; consult problem_documents for shared-paper availability.
problem,2771,fyziklani,2025,,Problems,https://olimpicos.net/fyziklani/index.html#2025,not_published,Individual file not published; consult problem_documents for shared-paper availability.
problem,2772,fyziklani,2025,,Problems,https://olimpicos.net/fyziklani/index.html#2025,not_published,Individual file not published; consult problem_documents for shared-paper availability.
problem,2773,fyziklani,2025,,Problems,https://olimpicos.net/fyziklani/index.html#2025,not_published,Individual file not published; consult problem_documents for shared-paper availability.
problem,2774,fyziklani,2025,,Problems,https://olimpicos.net/fyziklani/index.html#2025,not_published,Individual file not published; consult problem_documents for shared-paper availability.
problem,2775,fyziklani,2025,,Problems,https://olimpicos.net/fyziklani/index.html#2025,not_published,Individual file not published; consult problem_documents for shared-paper availability.
problem,2776,fyziklani,2025,,Problems,https://olimpicos.net/fyziklani/index.html#2025,not_published,Individual file not published; consult problem_documents for shared-paper availability.
problem,2777,fyziklani,2025,,Problems,https://olimpicos.net/fyziklani/index.html#2025,not_published,Individual file not published; consult problem_documents for shared-paper availability.
problem,2778,fyziklani,2025,,Problems,https://olimpicos.net/fyziklani/index.html#2025,not_published,Individual file not published; consult problem_documents for shared-paper availability.
problem,2779,fyziklani,2025,,Problems,https://olimpicos.net/fyziklani/index.html#2025,not_published,Individual file not published; consult problem_documents for shared-paper availability.
problem,2780,fyziklani,2025,,Problems,https://olimpicos.net/fyziklani/index.html#2025,not_published,Individual file not published; consult problem_documents for shared-paper availability.
problem,2781,fyziklani,2025,,Problems,https://olimpicos.net/fyziklani/index.html#2025,not_published,Individual file not published; consult problem_documents for shared-paper availability.
problem,2782,fyziklani,2025,,Problems,https://olimpicos.net/fyziklani/index.html#2025,not_published,Individual file not published; consult problem_documents for shared-paper availability.
problem,2783,fyziklani,2025,,Problems,https://olimpicos.net/fyziklani/index.html#2025,not_published,Individual file not published; consult problem_documents for shared-paper availability.
problem,2784,fyziklani,2025,,Problems,https://olimpicos.net/fyziklani/index.html#2025,not_published,Individual file not published; consult problem_documents for shared-paper availability.
problem,2785,fyziklani,2025,,Problems,https://olimpicos.net/fyziklani/index.html#2025,not_published,Individual file not published; consult problem_documents for shared-paper availability.
problem,2786,fyziklani,2025,,Problems,https://olimpicos.net/fyziklani/index.html#2025,not_published,Individual file not published; consult problem_documents for shared-paper availability.
problem,2787,fyziklani,2025,,Problems,https://olimpicos.net/fyziklani/index.html#2025,not_published,Individual file not published; consult problem_documents for shared-paper availability.
problem,2788,fyziklani,2025,,Problems,https://olimpicos.net/fyziklani/index.html#2025,not_published,Individual file not published; consult problem_documents for shared-paper availability.
problem,2789,fyziklani,2025,,Problems,https://olimpicos.net/fyziklani/index.html#2025,not_published,Individual file not published; consult problem_documents for shared-paper availability.
problem,2790,fyziklani,2025,,Problems,https://olimpicos.net/fyziklani/index.html#2025,not_published,Individual file not published; consult problem_documents for shared-paper availability.
problem,2791,fyziklani,2025,,Problems,https://olimpicos.net/fyziklani/index.html#2025,not_published,Individual file not published; consult problem_documents for shared-paper availability.
problem,2792,fyziklani,2025,,Problems,https://olimpicos.net/fyziklani/index.html#2025,not_published,Individual file not published; consult problem_documents for shared-paper availability.
problem,2793,fyziklani,2025,,Problems,https://olimpicos.net/fyziklani/index.html#2025,not_published,Individual file not published; consult problem_documents for shared-paper availability.
problem,2794,fyziklani,2025,,Problems,https://olimpicos.net/fyziklani/index.html#2025,not_published,Individual file not published; consult problem_documents for shared-paper availability.
problem,2795,fyziklani,2025,,Problems,https://olimpicos.net/fyziklani/index.html#2025,not_published,Individual file not published; consult problem_documents for shared-paper availability.
problem,2796,fyziklani,2025,,Problems,https://olimpicos.net/fyziklani/index.html#2025,not_published,Individual file not published; consult problem_documents for shared-paper availability.
problem,2797,fyziklani,2025,,Problems,https://olimpicos.net/fyziklani/index.html#2025,not_published,Individual file not published; consult problem_documents for shared-paper availability.
problem,2798,fyziklani,2025,,Problems,https://olimpicos.net/fyziklani/index.html#2025,not_published,Individual file not published; consult problem_documents for shared-paper availability.
problem,2799,fyziklani,2025,,Problems,https://olimpicos.net/fyziklani/index.html#2025,not_published,Individual file not published; consult problem_documents for shared-paper availability.
problem,2800,fyziklani,2025,,Problems,https://olimpicos.net/fyziklani/index.html#2025,not_published,Individual file not published; consult problem_documents for shared-paper availability.
problem,2801,fyziklani,2025,,Problems,https://olimpicos.net/fyziklani/index.html#2025,not_published,Individual file not published; consult problem_documents for shared-paper availability.
problem,2802,fyziklani,2025,,Problems,https://olimpicos.net/fyziklani/index.html#2025,not_published,Individual file not published; consult problem_documents for shared-paper availability.
problem,2803,fyziklani,2025,,Problems,https://olimpicos.net/fyziklani/index.html#2025,not_published,Individual file not published; consult problem_documents for shared-paper availability.
problem,2804,fyziklani,2025,,Problems,https://olimpicos.net/fyziklani/index.html#2025,not_published,Individual file not published; consult problem_documents for shared-paper availability.
problem,2805,fyziklani,2025,,Problems,https://olimpicos.net/fyziklani/index.html#2025,not_published,Individual file not published; consult problem_documents for shared-paper availability.
problem,2806,fyziklani,2025,,Problems,https://olimpicos.net/fyziklani/index.html#2025,not_published,Individual file not published; consult problem_documents for shared-paper availability.
problem,2807,fyziklani,2025,,Problems,https://olimpicos.net/fyziklani/index.html#2025,not_published,Individual file not published; consult problem_documents for shared-paper availability.
problem,2808,fyziklani,2025,,Problems,https://olimpicos.net/fyziklani/index.html#2025,not_published,Individual file not published; consult problem_documents for shared-paper availability.
problem,2809,fyziklani,2025,,Problems,https://olimpicos.net/fyziklani/index.html#2025,not_published,Individual file not published; consult problem_documents for shared-paper availability.
problem,2810,fyziklani,2025,,Problems,https://olimpicos.net/fyziklani/index.html#2025,not_published,Individual file not published; consult problem_documents for shared-paper availability.
problem,2811,fyziklani,2025,,Problems,https://olimpicos.net/fyziklani/index.html#2025,not_published,Individual file not published; consult problem_documents for shared-paper availability.
problem,2812,fyziklani,2025,,Problems,https://olimpicos.net/fyziklani/index.html#2025,not_published,Individual file not published; consult problem_documents for shared-paper availability.
problem,2813,fyziklani,2025,,Problems,https://olimpicos.net/fyziklani/index.html#2025,not_published,Individual file not published; consult problem_documents for shared-paper availability.
problem,2814,fyziklani,2025,,Problems,https://olimpicos.net/fyziklani/index.html#2025,not_published,Individual file not published; consult problem_documents for shared-paper availability.
problem,2815,fyziklani,2025,,Problems,https://olimpicos.net/fyziklani/index.html#2025,not_published,Individual file not published; consult problem_documents for shared-paper availability.
problem,2816,fyziklani,2025,,Problems,https://olimpicos.net/fyziklani/index.html#2025,not_published,Individual file not published; consult problem_documents for shared-paper availability.
problem,2817,fyziklani,2025,,Problems,https://olimpicos.net/fyziklani/index.html#2025,not_published,Individual file not published; consult problem_documents for shared-paper availability.
problem,2818,fyziklani,2025,,Problems,https://olimpicos.net/fyziklani/index.html#2025,not_published,Individual file not published; consult problem_documents for shared-paper availability.
problem,2819,fyziklani,2025,,Problems,https://olimpicos.net/fyziklani/index.html#2025,not_published,Individual file not published; consult problem_documents for shared-paper availability.
problem,2820,fyziklani,2025,,Problems,https://olimpicos.net/fyziklani/index.html#2025,not_published,Individual file not published; consult problem_documents for shared-paper availability.
problem,2821,fyziklani,2025,,Problems,https://olimpicos.net/fyziklani/index.html#2025,not_published,Individual file not published; consult problem_documents for shared-paper availability.
problem,2822,fyziklani,2025,,Problems,https://olimpicos.net/fyziklani/index.html#2025,not_published,Individual file not published; consult problem_documents for shared-paper availability.
problem,2823,fyziklani,2025,,Problems,https://olimpicos.net/fyziklani/index.html#2025,not_published,Individual file not published; consult problem_documents for shared-paper availability.
problem,2824,fyziklani,2025,,Problems,https://olimpicos.net/fyziklani/index.html#2025,not_published,Individual file not published; consult problem_documents for shared-paper availability.
problem,2825,fyziklani,2024,,Problems,https://olimpicos.net/fyziklani/index.html#2024,not_published,Individual file not published; consult problem_documents for shared-paper availability.
problem,2826,fyziklani,2024,,Problems,https://olimpicos.net/fyziklani/index.html#2024,not_published,Individual file not published; consult problem_documents for shared-paper availability.
problem,2827,fyziklani,2024,,Problems,https://olimpicos.net/fyziklani/index.html#2024,not_published,Individual file not published; consult problem_documents for shared-paper availability.
problem,2828,fyziklani,2024,,Problems,https://olimpicos.net/fyziklani/index.html#2024,not_published,Individual file not published; consult problem_documents for shared-paper availability.
problem,2829,fyziklani,2024,,Problems,https://olimpicos.net/fyziklani/index.html#2024,not_published,Individual file not published; consult problem_documents for shared-paper availability.
problem,2830,fyziklani,2024,,Problems,https://olimpicos.net/fyziklani/index.html#2024,not_published,Individual file not published; consult problem_documents for shared-paper availability.
problem,2831,fyziklani,2024,,Problems,https://olimpicos.net/fyziklani/index.html#2024,not_published,Individual file not published; consult problem_documents for shared-paper availability.
problem,2832,fyziklani,2024,,Problems,https://olimpicos.net/fyziklani/index.html#2024,not_published,Individual file not published; consult problem_documents for shared-paper availability.
problem,2833,fyziklani,2024,,Problems,https://olimpicos.net/fyziklani/index.html#2024,not_published,Individual file not published; consult problem_documents for shared-paper availability.
problem,2834,fyziklani,2024,,Problems,https://olimpicos.net/fyziklani/index.html#2024,not_published,Individual file not published; consult problem_documents for shared-paper availability.
problem,2835,fyziklani,2024,,Problems,https://olimpicos.net/fyziklani/index.html#2024,not_published,Individual file not published; consult problem_documents for shared-paper availability.
problem,2836,fyziklani,2024,,Problems,https://olimpicos.net/fyziklani/index.html#2024,not_published,Individual file not published; consult problem_documents for shared-paper availability.
problem,2837,fyziklani,2024,,Problems,https://olimpicos.net/fyziklani/index.html#2024,not_published,Individual file not published; consult problem_documents for shared-paper availability.
problem,2838,fyziklani,2024,,Problems,https://olimpicos.net/fyziklani/index.html#2024,not_published,Individual file not published; consult problem_documents for shared-paper availability.
problem,2839,fyziklani,2024,,Problems,https://olimpicos.net/fyziklani/index.html#2024,not_published,Individual file not published; consult problem_documents for shared-paper availability.
problem,2840,fyziklani,2024,,Problems,https://olimpicos.net/fyziklani/index.html#2024,not_published,Individual file not published; consult problem_documents for shared-paper availability.
problem,2841,fyziklani,2024,,Problems,https://olimpicos.net/fyziklani/index.html#2024,not_published,Individual file not published; consult problem_documents for shared-paper availability.
problem,2842,fyziklani,2024,,Problems,https://olimpicos.net/fyziklani/index.html#2024,not_published,Individual file not published; consult problem_documents for shared-paper availability.
problem,2843,fyziklani,2024,,Problems,https://olimpicos.net/fyziklani/index.html#2024,not_published,Individual file not published; consult problem_documents for shared-paper availability.
problem,2844,fyziklani,2024,,Problems,https://olimpicos.net/fyziklani/index.html#2024,not_published,Individual file not published; consult problem_documents for shared-paper availability.
problem,2845,fyziklani,2024,,Problems,https://olimpicos.net/fyziklani/index.html#2024,not_published,Individual file not published; consult problem_documents for shared-paper availability.
problem,2846,fyziklani,2024,,Problems,https://olimpicos.net/fyziklani/index.html#2024,not_published,Individual file not published; consult problem_documents for shared-paper availability.
problem,2847,fyziklani,2024,,Problems,https://olimpicos.net/fyziklani/index.html#2024,not_published,Individual file not published; consult problem_documents for shared-paper availability.
problem,2848,fyziklani,2024,,Problems,https://olimpicos.net/fyziklani/index.html#2024,not_published,Individual file not published; consult problem_documents for shared-paper availability.
problem,2849,fyziklani,2024,,Problems,https://olimpicos.net/fyziklani/index.html#2024,not_published,Individual file not published; consult problem_documents for shared-paper availability.
problem,2850,fyziklani,2024,,Problems,https://olimpicos.net/fyziklani/index.html#2024,not_published,Individual file not published; consult problem_documents for shared-paper availability.
problem,2851,fyziklani,2024,,Problems,https://olimpicos.net/fyziklani/index.html#2024,not_published,Individual file not published; consult problem_documents for shared-paper availability.
problem,2852,fyziklani,2024,,Problems,https://olimpicos.net/fyziklani/index.html#2024,not_published,Individual file not published; consult problem_documents for shared-paper availability.
problem,2853,fyziklani,2024,,Problems,https://olimpicos.net/fyziklani/index.html#2024,not_published,Individual file not published; consult problem_documents for shared-paper availability.
problem,2854,fyziklani,2024,,Problems,https://olimpicos.net/fyziklani/index.html#2024,not_published,Individual file not published; consult problem_documents for shared-paper availability.
problem,2855,fyziklani,2024,,Problems,https://olimpicos.net/fyziklani/index.html#2024,not_published,Individual file not published; consult problem_documents for shared-paper availability.
problem,2856,fyziklani,2024,,Problems,https://olimpicos.net/fyziklani/index.html#2024,not_published,Individual file not published; consult problem_documents for shared-paper availability.
problem,2857,fyziklani,2024,,Problems,https://olimpicos.net/fyziklani/index.html#2024,not_published,Individual file not published; consult problem_documents for shared-paper availability.
problem,2858,fyziklani,2024,,Problems,https://olimpicos.net/fyziklani/index.html#2024,not_published,Individual file not published; consult problem_documents for shared-paper availability.
problem,2859,fyziklani,2024,,Problems,https://olimpicos.net/fyziklani/index.html#2024,not_published,Individual file not published; consult problem_documents for shared-paper availability.
problem,2860,fyziklani,2024,,Problems,https://olimpicos.net/fyziklani/index.html#2024,not_published,Individual file not published; consult problem_documents for shared-paper availability.
problem,2861,fyziklani,2024,,Problems,https://olimpicos.net/fyziklani/index.html#2024,not_published,Individual file not published; consult problem_documents for shared-paper availability.
problem,2862,fyziklani,2024,,Problems,https://olimpicos.net/fyziklani/index.html#2024,not_published,Individual file not published; consult problem_documents for shared-paper availability.
problem,2863,fyziklani,2024,,Problems,https://olimpicos.net/fyziklani/index.html#2024,not_published,Individual file not published; consult problem_documents for shared-paper availability.
problem,2864,fyziklani,2024,,Problems,https://olimpicos.net/fyziklani/index.html#2024,not_published,Individual file not published; consult problem_documents for shared-paper availability.
problem,2865,fyziklani,2024,,Problems,https://olimpicos.net/fyziklani/index.html#2024,not_published,Individual file not published; consult problem_documents for shared-paper availability.
problem,2866,fyziklani,2024,,Problems,https://olimpicos.net/fyziklani/index.html#2024,not_published,Individual file not published; consult problem_documents for shared-paper availability.
problem,2867,fyziklani,2024,,Problems,https://olimpicos.net/fyziklani/index.html#2024,not_published,Individual file not published; consult problem_documents for shared-paper availability.
problem,2868,fyziklani,2024,,Problems,https://olimpicos.net/fyziklani/index.html#2024,not_published,Individual file not published; consult problem_documents for shared-paper availability.
problem,2869,fyziklani,2024,,Problems,https://olimpicos.net/fyziklani/index.html#2024,not_published,Individual file not published; consult problem_documents for shared-paper availability.
problem,2870,fyziklani,2024,,Problems,https://olimpicos.net/fyziklani/index.html#2024,not_published,Individual file not published; consult problem_documents for shared-paper availability.
problem,2871,fyziklani,2024,,Problems,https://olimpicos.net/fyziklani/index.html#2024,not_published,Individual file not published; consult problem_documents for shared-paper availability.
problem,2872,fyziklani,2024,,Problems,https://olimpicos.net/fyziklani/index.html#2024,not_published,Individual file not published; consult problem_documents for shared-paper availability.
problem,2873,fyziklani,2024,,Problems,https://olimpicos.net/fyziklani/index.html#2024,not_published,Individual file not published; consult problem_documents for shared-paper availability.
problem,2874,fyziklani,2024,,Problems,https://olimpicos.net/fyziklani/index.html#2024,not_published,Individual file not published; consult problem_documents for shared-paper availability.
problem,2875,fyziklani,2024,,Problems,https://olimpicos.net/fyziklani/index.html#2024,not_published,Individual file not published; consult problem_documents for shared-paper availability.
problem,2876,fyziklani,2024,,Problems,https://olimpicos.net/fyziklani/index.html#2024,not_published,Individual file not published; consult problem_documents for shared-paper availability.
problem,2877,fyziklani,2024,,Problems,https://olimpicos.net/fyziklani/index.html#2024,not_published,Individual file not published; consult problem_documents for shared-paper availability.
problem,2878,fyziklani,2024,,Problems,https://olimpicos.net/fyziklani/index.html#2024,not_published,Individual file not published; consult problem_documents for shared-paper availability.
problem,2879,fyziklani,2023,,Problems,https://olimpicos.net/fyziklani/index.html#2023,not_published,Individual file not published; consult problem_documents for shared-paper availability.
problem,2880,fyziklani,2023,,Problems,https://olimpicos.net/fyziklani/index.html#2023,not_published,Individual file not published; consult problem_documents for shared-paper availability.
problem,2881,fyziklani,2023,,Problems,https://olimpicos.net/fyziklani/index.html#2023,not_published,Individual file not published; consult problem_documents for shared-paper availability.
problem,2882,fyziklani,2023,,Problems,https://olimpicos.net/fyziklani/index.html#2023,not_published,Individual file not published; consult problem_documents for shared-paper availability.
problem,2883,fyziklani,2023,,Problems,https://olimpicos.net/fyziklani/index.html#2023,not_published,Individual file not published; consult problem_documents for shared-paper availability.
problem,2884,fyziklani,2023,,Problems,https://olimpicos.net/fyziklani/index.html#2023,not_published,Individual file not published; consult problem_documents for shared-paper availability.
problem,2885,fyziklani,2023,,Problems,https://olimpicos.net/fyziklani/index.html#2023,not_published,Individual file not published; consult problem_documents for shared-paper availability.
problem,2886,fyziklani,2023,,Problems,https://olimpicos.net/fyziklani/index.html#2023,not_published,Individual file not published; consult problem_documents for shared-paper availability.
problem,2887,fyziklani,2023,,Problems,https://olimpicos.net/fyziklani/index.html#2023,not_published,Individual file not published; consult problem_documents for shared-paper availability.
problem,2888,fyziklani,2023,,Problems,https://olimpicos.net/fyziklani/index.html#2023,not_published,Individual file not published; consult problem_documents for shared-paper availability.
problem,2889,fyziklani,2023,,Problems,https://olimpicos.net/fyziklani/index.html#2023,not_published,Individual file not published; consult problem_documents for shared-paper availability.
problem,2890,fyziklani,2023,,Problems,https://olimpicos.net/fyziklani/index.html#2023,not_published,Individual file not published; consult problem_documents for shared-paper availability.
problem,2891,fyziklani,2023,,Problems,https://olimpicos.net/fyziklani/index.html#2023,not_published,Individual file not published; consult problem_documents for shared-paper availability.
problem,2892,fyziklani,2023,,Problems,https://olimpicos.net/fyziklani/index.html#2023,not_published,Individual file not published; consult problem_documents for shared-paper availability.
problem,2893,fyziklani,2023,,Problems,https://olimpicos.net/fyziklani/index.html#2023,not_published,Individual file not published; consult problem_documents for shared-paper availability.
problem,2894,fyziklani,2023,,Problems,https://olimpicos.net/fyziklani/index.html#2023,not_published,Individual file not published; consult problem_documents for shared-paper availability.
problem,2895,fyziklani,2023,,Problems,https://olimpicos.net/fyziklani/index.html#2023,not_published,Individual file not published; consult problem_documents for shared-paper availability.
problem,2896,fyziklani,2023,,Problems,https://olimpicos.net/fyziklani/index.html#2023,not_published,Individual file not published; consult problem_documents for shared-paper availability.
problem,2897,fyziklani,2023,,Problems,https://olimpicos.net/fyziklani/index.html#2023,not_published,Individual file not published; consult problem_documents for shared-paper availability.
problem,2898,fyziklani,2023,,Problems,https://olimpicos.net/fyziklani/index.html#2023,not_published,Individual file not published; consult problem_documents for shared-paper availability.
problem,2899,fyziklani,2023,,Problems,https://olimpicos.net/fyziklani/index.html#2023,not_published,Individual file not published; consult problem_documents for shared-paper availability.
problem,2900,fyziklani,2023,,Problems,https://olimpicos.net/fyziklani/index.html#2023,not_published,Individual file not published; consult problem_documents for shared-paper availability.
problem,2901,fyziklani,2023,,Problems,https://olimpicos.net/fyziklani/index.html#2023,not_published,Individual file not published; consult problem_documents for shared-paper availability.
problem,2902,fyziklani,2023,,Problems,https://olimpicos.net/fyziklani/index.html#2023,not_published,Individual file not published; consult problem_documents for shared-paper availability.
problem,2903,fyziklani,2023,,Problems,https://olimpicos.net/fyziklani/index.html#2023,not_published,Individual file not published; consult problem_documents for shared-paper availability.
problem,2904,fyziklani,2023,,Problems,https://olimpicos.net/fyziklani/index.html#2023,not_published,Individual file not published; consult problem_documents for shared-paper availability.
problem,2905,fyziklani,2023,,Problems,https://olimpicos.net/fyziklani/index.html#2023,not_published,Individual file not published; consult problem_documents for shared-paper availability.
problem,2906,fyziklani,2023,,Problems,https://olimpicos.net/fyziklani/index.html#2023,not_published,Individual file not published; consult problem_documents for shared-paper availability.
problem,2907,fyziklani,2023,,Problems,https://olimpicos.net/fyziklani/index.html#2023,not_published,Individual file not published; consult problem_documents for shared-paper availability.
problem,2908,fyziklani,2023,,Problems,https://olimpicos.net/fyziklani/index.html#2023,not_published,Individual file not published; consult problem_documents for shared-paper availability.
problem,2909,fyziklani,2023,,Problems,https://olimpicos.net/fyziklani/index.html#2023,not_published,Individual file not published; consult problem_documents for shared-paper availability.
problem,2910,fyziklani,2023,,Problems,https://olimpicos.net/fyziklani/index.html#2023,not_published,Individual file not published; consult problem_documents for shared-paper availability.
problem,2911,fyziklani,2023,,Problems,https://olimpicos.net/fyziklani/index.html#2023,not_published,Individual file not published; consult problem_documents for shared-paper availability.
problem,2912,fyziklani,2023,,Problems,https://olimpicos.net/fyziklani/index.html#2023,not_published,Individual file not published; consult problem_documents for shared-paper availability.
problem,2913,fyziklani,2023,,Problems,https://olimpicos.net/fyziklani/index.html#2023,not_published,Individual file not published; consult problem_documents for shared-paper availability.
problem,2914,fyziklani,2023,,Problems,https://olimpicos.net/fyziklani/index.html#2023,not_published,Individual file not published; consult problem_documents for shared-paper availability.
problem,2915,fyziklani,2023,,Problems,https://olimpicos.net/fyziklani/index.html#2023,not_published,Individual file not published; consult problem_documents for shared-paper availability.
problem,2916,fyziklani,2023,,Problems,https://olimpicos.net/fyziklani/index.html#2023,not_published,Individual file not published; consult problem_documents for shared-paper availability.
problem,2917,fyziklani,2023,,Problems,https://olimpicos.net/fyziklani/index.html#2023,not_published,Individual file not published; consult problem_documents for shared-paper availability.
problem,2918,fyziklani,2023,,Problems,https://olimpicos.net/fyziklani/index.html#2023,not_published,Individual file not published; consult problem_documents for shared-paper availability.
problem,2919,fyziklani,2023,,Problems,https://olimpicos.net/fyziklani/index.html#2023,not_published,Individual file not published; consult problem_documents for shared-paper availability.
problem,2920,fyziklani,2023,,Problems,https://olimpicos.net/fyziklani/index.html#2023,not_published,Individual file not published; consult problem_documents for shared-paper availability.
problem,2921,fyziklani,2023,,Problems,https://olimpicos.net/fyziklani/index.html#2023,not_published,Individual file not published; consult problem_documents for shared-paper availability.
problem,2922,fyziklani,2023,,Problems,https://olimpicos.net/fyziklani/index.html#2023,not_published,Individual file not published; consult problem_documents for shared-paper availability.
problem,2923,fyziklani,2023,,Problems,https://olimpicos.net/fyziklani/index.html#2023,not_published,Individual file not published; consult problem_documents for shared-paper availability.
problem,2924,fyziklani,2023,,Problems,https://olimpicos.net/fyziklani/index.html#2023,not_published,Individual file not published; consult problem_documents for shared-paper availability.
problem,2925,fyziklani,2023,,Problems,https://olimpicos.net/fyziklani/index.html#2023,not_published,Individual file not published; consult problem_documents for shared-paper availability.
problem,2926,fyziklani,2023,,Problems,https://olimpicos.net/fyziklani/index.html#2023,not_published,Individual file not published; consult problem_documents for shared-paper availability.
problem,2927,fyziklani,2023,,Problems,https://olimpicos.net/fyziklani/index.html#2023,not_published,Individual file not published; consult problem_documents for shared-paper availability.
problem,2928,fyziklani,2023,,Problems,https://olimpicos.net/fyziklani/index.html#2023,not_published,Individual file not published; consult problem_documents for shared-paper availability.
problem,2929,fyziklani,2023,,Problems,https://olimpicos.net/fyziklani/index.html#2023,not_published,Individual file not published; consult problem_documents for shared-paper availability.
problem,2930,fyziklani,2022,,Problems,https://olimpicos.net/fyziklani/index.html#2022,not_published,Individual file not published; consult problem_documents for shared-paper availability.
problem,2931,fyziklani,2022,,Problems,https://olimpicos.net/fyziklani/index.html#2022,not_published,Individual file not published; consult problem_documents for shared-paper availability.
problem,2932,fyziklani,2022,,Problems,https://olimpicos.net/fyziklani/index.html#2022,not_published,Individual file not published; consult problem_documents for shared-paper availability.
problem,2933,fyziklani,2022,,Problems,https://olimpicos.net/fyziklani/index.html#2022,not_published,Individual file not published; consult problem_documents for shared-paper availability.
problem,2934,fyziklani,2022,,Problems,https://olimpicos.net/fyziklani/index.html#2022,not_published,Individual file not published; consult problem_documents for shared-paper availability.
problem,2935,fyziklani,2022,,Problems,https://olimpicos.net/fyziklani/index.html#2022,not_published,Individual file not published; consult problem_documents for shared-paper availability.
problem,2936,fyziklani,2022,,Problems,https://olimpicos.net/fyziklani/index.html#2022,not_published,Individual file not published; consult problem_documents for shared-paper availability.
problem,2937,fyziklani,2022,,Problems,https://olimpicos.net/fyziklani/index.html#2022,not_published,Individual file not published; consult problem_documents for shared-paper availability.
problem,2938,fyziklani,2022,,Problems,https://olimpicos.net/fyziklani/index.html#2022,not_published,Individual file not published; consult problem_documents for shared-paper availability.
problem,2939,fyziklani,2022,,Problems,https://olimpicos.net/fyziklani/index.html#2022,not_published,Individual file not published; consult problem_documents for shared-paper availability.
problem,2940,fyziklani,2022,,Problems,https://olimpicos.net/fyziklani/index.html#2022,not_published,Individual file not published; consult problem_documents for shared-paper availability.
problem,2941,fyziklani,2022,,Problems,https://olimpicos.net/fyziklani/index.html#2022,not_published,Individual file not published; consult problem_documents for shared-paper availability.
problem,2942,fyziklani,2022,,Problems,https://olimpicos.net/fyziklani/index.html#2022,not_published,Individual file not published; consult problem_documents for shared-paper availability.
problem,2943,fyziklani,2022,,Problems,https://olimpicos.net/fyziklani/index.html#2022,not_published,Individual file not published; consult problem_documents for shared-paper availability.
problem,2944,fyziklani,2022,,Problems,https://olimpicos.net/fyziklani/index.html#2022,not_published,Individual file not published; consult problem_documents for shared-paper availability.
problem,2945,fyziklani,2022,,Problems,https://olimpicos.net/fyziklani/index.html#2022,not_published,Individual file not published; consult problem_documents for shared-paper availability.
problem,2946,fyziklani,2022,,Problems,https://olimpicos.net/fyziklani/index.html#2022,not_published,Individual file not published; consult problem_documents for shared-paper availability.
problem,2947,fyziklani,2022,,Problems,https://olimpicos.net/fyziklani/index.html#2022,not_published,Individual file not published; consult problem_documents for shared-paper availability.
problem,2948,fyziklani,2022,,Problems,https://olimpicos.net/fyziklani/index.html#2022,not_published,Individual file not published; consult problem_documents for shared-paper availability.
problem,2949,fyziklani,2022,,Problems,https://olimpicos.net/fyziklani/index.html#2022,not_published,Individual file not published; consult problem_documents for shared-paper availability.
problem,2950,fyziklani,2022,,Problems,https://olimpicos.net/fyziklani/index.html#2022,not_published,Individual file not published; consult problem_documents for shared-paper availability.
problem,2951,fyziklani,2022,,Problems,https://olimpicos.net/fyziklani/index.html#2022,not_published,Individual file not published; consult problem_documents for shared-paper availability.
problem,2952,fyziklani,2022,,Problems,https://olimpicos.net/fyziklani/index.html#2022,not_published,Individual file not published; consult problem_documents for shared-paper availability.
problem,2953,fyziklani,2022,,Problems,https://olimpicos.net/fyziklani/index.html#2022,not_published,Individual file not published; consult problem_documents for shared-paper availability.
problem,2954,fyziklani,2022,,Problems,https://olimpicos.net/fyziklani/index.html#2022,not_published,Individual file not published; consult problem_documents for shared-paper availability.
problem,2955,fyziklani,2022,,Problems,https://olimpicos.net/fyziklani/index.html#2022,not_published,Individual file not published; consult problem_documents for shared-paper availability.
problem,2956,fyziklani,2022,,Problems,https://olimpicos.net/fyziklani/index.html#2022,not_published,Individual file not published; consult problem_documents for shared-paper availability.
problem,2957,fyziklani,2022,,Problems,https://olimpicos.net/fyziklani/index.html#2022,not_published,Individual file not published; consult problem_documents for shared-paper availability.
problem,2958,fyziklani,2022,,Problems,https://olimpicos.net/fyziklani/index.html#2022,not_published,Individual file not published; consult problem_documents for shared-paper availability.
problem,2959,fyziklani,2022,,Problems,https://olimpicos.net/fyziklani/index.html#2022,not_published,Individual file not published; consult problem_documents for shared-paper availability.
problem,2960,fyziklani,2022,,Problems,https://olimpicos.net/fyziklani/index.html#2022,not_published,Individual file not published; consult problem_documents for shared-paper availability.
problem,2961,fyziklani,2022,,Problems,https://olimpicos.net/fyziklani/index.html#2022,not_published,Individual file not published; consult problem_documents for shared-paper availability.
problem,2962,fyziklani,2022,,Problems,https://olimpicos.net/fyziklani/index.html#2022,not_published,Individual file not published; consult problem_documents for shared-paper availability.
problem,2963,fyziklani,2022,,Problems,https://olimpicos.net/fyziklani/index.html#2022,not_published,Individual file not published; consult problem_documents for shared-paper availability.
problem,2964,fyziklani,2022,,Problems,https://olimpicos.net/fyziklani/index.html#2022,not_published,Individual file not published; consult problem_documents for shared-paper availability.
problem,2965,fyziklani,2022,,Problems,https://olimpicos.net/fyziklani/index.html#2022,not_published,Individual file not published; consult problem_documents for shared-paper availability.
problem,2966,fyziklani,2022,,Problems,https://olimpicos.net/fyziklani/index.html#2022,not_published,Individual file not published; consult problem_documents for shared-paper availability.
problem,2967,fyziklani,2022,,Problems,https://olimpicos.net/fyziklani/index.html#2022,not_published,Individual file not published; consult problem_documents for shared-paper availability.
problem,2968,fyziklani,2022,,Problems,https://olimpicos.net/fyziklani/index.html#2022,not_published,Individual file not published; consult problem_documents for shared-paper availability.
problem,2969,fyziklani,2022,,Problems,https://olimpicos.net/fyziklani/index.html#2022,not_published,Individual file not published; consult problem_documents for shared-paper availability.
problem,2970,fyziklani,2022,,Problems,https://olimpicos.net/fyziklani/index.html#2022,not_published,Individual file not published; consult problem_documents for shared-paper availability.
problem,2971,fyziklani,2022,,Problems,https://olimpicos.net/fyziklani/index.html#2022,not_published,Individual file not published; consult problem_documents for shared-paper availability.
problem,2972,fyziklani,2022,,Problems,https://olimpicos.net/fyziklani/index.html#2022,not_published,Individual file not published; consult problem_documents for shared-paper availability.
problem,2973,fyziklani,2022,,Problems,https://olimpicos.net/fyziklani/index.html#2022,not_published,Individual file not published; consult problem_documents for shared-paper availability.
problem,2974,fyziklani,2022,,Problems,https://olimpicos.net/fyziklani/index.html#2022,not_published,Individual file not published; consult problem_documents for shared-paper availability.
problem,2975,fyziklani,2022,,Problems,https://olimpicos.net/fyziklani/index.html#2022,not_published,Individual file not published; consult problem_documents for shared-paper availability.
problem,2976,fyziklani,2022,,Problems,https://olimpicos.net/fyziklani/index.html#2022,not_published,Individual file not published; consult problem_documents for shared-paper availability.
problem,2977,fyziklani,2022,,Problems,https://olimpicos.net/fyziklani/index.html#2022,not_published,Individual file not published; consult problem_documents for shared-paper availability.
problem,2978,fyziklani,2022,,Problems,https://olimpicos.net/fyziklani/index.html#2022,not_published,Individual file not published; consult problem_documents for shared-paper availability.
problem,2979,fyziklani,2022,,Problems,https://olimpicos.net/fyziklani/index.html#2022,not_published,Individual file not published; consult problem_documents for shared-paper availability.
problem,2980,fyziklani,2021,,Problems,https://olimpicos.net/fyziklani/index.html#2021,not_published,Individual file not published; consult problem_documents for shared-paper availability.
problem,2981,fyziklani,2021,,Problems,https://olimpicos.net/fyziklani/index.html#2021,not_published,Individual file not published; consult problem_documents for shared-paper availability.
problem,2982,fyziklani,2021,,Problems,https://olimpicos.net/fyziklani/index.html#2021,not_published,Individual file not published; consult problem_documents for shared-paper availability.
problem,2983,fyziklani,2021,,Problems,https://olimpicos.net/fyziklani/index.html#2021,not_published,Individual file not published; consult problem_documents for shared-paper availability.
problem,2984,fyziklani,2021,,Problems,https://olimpicos.net/fyziklani/index.html#2021,not_published,Individual file not published; consult problem_documents for shared-paper availability.
problem,2985,fyziklani,2021,,Problems,https://olimpicos.net/fyziklani/index.html#2021,not_published,Individual file not published; consult problem_documents for shared-paper availability.
problem,2986,fyziklani,2021,,Problems,https://olimpicos.net/fyziklani/index.html#2021,not_published,Individual file not published; consult problem_documents for shared-paper availability.
problem,2987,fyziklani,2021,,Problems,https://olimpicos.net/fyziklani/index.html#2021,not_published,Individual file not published; consult problem_documents for shared-paper availability.
problem,2988,fyziklani,2021,,Problems,https://olimpicos.net/fyziklani/index.html#2021,not_published,Individual file not published; consult problem_documents for shared-paper availability.
problem,2989,fyziklani,2021,,Problems,https://olimpicos.net/fyziklani/index.html#2021,not_published,Individual file not published; consult problem_documents for shared-paper availability.
problem,2990,fyziklani,2021,,Problems,https://olimpicos.net/fyziklani/index.html#2021,not_published,Individual file not published; consult problem_documents for shared-paper availability.
problem,2991,fyziklani,2021,,Problems,https://olimpicos.net/fyziklani/index.html#2021,not_published,Individual file not published; consult problem_documents for shared-paper availability.
problem,2992,fyziklani,2021,,Problems,https://olimpicos.net/fyziklani/index.html#2021,not_published,Individual file not published; consult problem_documents for shared-paper availability.
problem,2993,fyziklani,2021,,Problems,https://olimpicos.net/fyziklani/index.html#2021,not_published,Individual file not published; consult problem_documents for shared-paper availability.
problem,2994,fyziklani,2021,,Problems,https://olimpicos.net/fyziklani/index.html#2021,not_published,Individual file not published; consult problem_documents for shared-paper availability.
problem,2995,fyziklani,2021,,Problems,https://olimpicos.net/fyziklani/index.html#2021,not_published,Individual file not published; consult problem_documents for shared-paper availability.
problem,2996,fyziklani,2021,,Problems,https://olimpicos.net/fyziklani/index.html#2021,not_published,Individual file not published; consult problem_documents for shared-paper availability.
problem,2997,fyziklani,2021,,Problems,https://olimpicos.net/fyziklani/index.html#2021,not_published,Individual file not published; consult problem_documents for shared-paper availability.
problem,2998,fyziklani,2021,,Problems,https://olimpicos.net/fyziklani/index.html#2021,not_published,Individual file not published; consult problem_documents for shared-paper availability.
problem,2999,fyziklani,2021,,Problems,https://olimpicos.net/fyziklani/index.html#2021,not_published,Individual file not published; consult problem_documents for shared-paper availability.
problem,3000,fyziklani,2021,,Problems,https://olimpicos.net/fyziklani/index.html#2021,not_published,Individual file not published; consult problem_documents for shared-paper availability.
problem,3001,fyziklani,2021,,Problems,https://olimpicos.net/fyziklani/index.html#2021,not_published,Individual file not published; consult problem_documents for shared-paper availability.
problem,3002,fyziklani,2021,,Problems,https://olimpicos.net/fyziklani/index.html#2021,not_published,Individual file not published; consult problem_documents for shared-paper availability.
problem,3003,fyziklani,2021,,Problems,https://olimpicos.net/fyziklani/index.html#2021,not_published,Individual file not published; consult problem_documents for shared-paper availability.
problem,3004,fyziklani,2021,,Problems,https://olimpicos.net/fyziklani/index.html#2021,not_published,Individual file not published; consult problem_documents for shared-paper availability.
problem,3005,fyziklani,2021,,Problems,https://olimpicos.net/fyziklani/index.html#2021,not_published,Individual file not published; consult problem_documents for shared-paper availability.
problem,3006,fyziklani,2021,,Problems,https://olimpicos.net/fyziklani/index.html#2021,not_published,Individual file not published; consult problem_documents for shared-paper availability.
problem,3007,fyziklani,2021,,Problems,https://olimpicos.net/fyziklani/index.html#2021,not_published,Individual file not published; consult problem_documents for shared-paper availability.
problem,3008,fyziklani,2021,,Problems,https://olimpicos.net/fyziklani/index.html#2021,not_published,Individual file not published; consult problem_documents for shared-paper availability.
problem,3009,fyziklani,2021,,Problems,https://olimpicos.net/fyziklani/index.html#2021,not_published,Individual file not published; consult problem_documents for shared-paper availability.
problem,3010,fyziklani,2021,,Problems,https://olimpicos.net/fyziklani/index.html#2021,not_published,Individual file not published; consult problem_documents for shared-paper availability.
problem,3011,fyziklani,2021,,Problems,https://olimpicos.net/fyziklani/index.html#2021,not_published,Individual file not published; consult problem_documents for shared-paper availability.
problem,3012,fyziklani,2021,,Problems,https://olimpicos.net/fyziklani/index.html#2021,not_published,Individual file not published; consult problem_documents for shared-paper availability.
problem,3013,fyziklani,2021,,Problems,https://olimpicos.net/fyziklani/index.html#2021,not_published,Individual file not published; consult problem_documents for shared-paper availability.
problem,3014,fyziklani,2021,,Problems,https://olimpicos.net/fyziklani/index.html#2021,not_published,Individual file not published; consult problem_documents for shared-paper availability.
problem,3015,fyziklani,2021,,Problems,https://olimpicos.net/fyziklani/index.html#2021,not_published,Individual file not published; consult problem_documents for shared-paper availability.
problem,3016,fyziklani,2021,,Problems,https://olimpicos.net/fyziklani/index.html#2021,not_published,Individual file not published; consult problem_documents for shared-paper availability.
problem,3017,fyziklani,2021,,Problems,https://olimpicos.net/fyziklani/index.html#2021,not_published,Individual file not published; consult problem_documents for shared-paper availability.
problem,3018,fyziklani,2021,,Problems,https://olimpicos.net/fyziklani/index.html#2021,not_published,Individual file not published; consult problem_documents for shared-paper availability.
problem,3019,fyziklani,2021,,Problems,https://olimpicos.net/fyziklani/index.html#2021,not_published,Individual file not published; consult problem_documents for shared-paper availability.
problem,3020,fyziklani,2021,,Problems,https://olimpicos.net/fyziklani/index.html#2021,not_published,Individual file not published; consult problem_documents for shared-paper availability.
problem,3021,fyziklani,2021,,Problems,https://olimpicos.net/fyziklani/index.html#2021,not_published,Individual file not published; consult problem_documents for shared-paper availability.
problem,3022,fyziklani,2021,,Problems,https://olimpicos.net/fyziklani/index.html#2021,not_published,Individual file not published; consult problem_documents for shared-paper availability.
problem,3023,fyziklani,2021,,Problems,https://olimpicos.net/fyziklani/index.html#2021,not_published,Individual file not published; consult problem_documents for shared-paper availability.
problem,3024,fyziklani,2021,,Problems,https://olimpicos.net/fyziklani/index.html#2021,not_published,Individual file not published; consult problem_documents for shared-paper availability.
problem,3025,fyziklani,2021,,Problems,https://olimpicos.net/fyziklani/index.html#2021,not_published,Individual file not published; consult problem_documents for shared-paper availability.
problem,3026,fyziklani,2021,,Problems,https://olimpicos.net/fyziklani/index.html#2021,not_published,Individual file not published; consult problem_documents for shared-paper availability.
problem,3027,fyziklani,2021,,Problems,https://olimpicos.net/fyziklani/index.html#2021,not_published,Individual file not published; consult problem_documents for shared-paper availability.
problem,3028,fyziklani,2021,,Problems,https://olimpicos.net/fyziklani/index.html#2021,not_published,Individual file not published; consult problem_documents for shared-paper availability.
problem,3029,fyziklani,2021,,Problems,https://olimpicos.net/fyziklani/index.html#2021,not_published,Individual file not published; consult problem_documents for shared-paper availability.
problem,3030,fyziklani,2021,,Problems,https://olimpicos.net/fyziklani/index.html#2021,not_published,Individual file not published; consult problem_documents for shared-paper availability.
problem,3031,fyziklani,2021,,Problems,https://olimpicos.net/fyziklani/index.html#2021,not_published,Individual file not published; consult problem_documents for shared-paper availability.
problem,3032,fyziklani,2021,,Problems,https://olimpicos.net/fyziklani/index.html#2021,not_published,Individual file not published; consult problem_documents for shared-paper availability.
problem,3033,fyziklani,2021,,Problems,https://olimpicos.net/fyziklani/index.html#2021,not_published,Individual file not published; consult problem_documents for shared-paper availability.
problem,3034,fyziklani,2021,,Problems,https://olimpicos.net/fyziklani/index.html#2021,not_published,Individual file not published; consult problem_documents for shared-paper availability.
problem,3035,fyziklani,2021,,Problems,https://olimpicos.net/fyziklani/index.html#2021,not_published,Individual file not published; consult problem_documents for shared-paper availability.
problem,3036,fyziklani,2020,,Problems,https://olimpicos.net/fyziklani/index.html#2020,not_published,Individual file not published; consult problem_documents for shared-paper availability.
problem,3037,fyziklani,2020,,Problems,https://olimpicos.net/fyziklani/index.html#2020,not_published,Individual file not published; consult problem_documents for shared-paper availability.
problem,3038,fyziklani,2020,,Problems,https://olimpicos.net/fyziklani/index.html#2020,not_published,Individual file not published; consult problem_documents for shared-paper availability.
problem,3039,fyziklani,2020,,Problems,https://olimpicos.net/fyziklani/index.html#2020,not_published,Individual file not published; consult problem_documents for shared-paper availability.
problem,3040,fyziklani,2020,,Problems,https://olimpicos.net/fyziklani/index.html#2020,not_published,Individual file not published; consult problem_documents for shared-paper availability.
problem,3041,fyziklani,2020,,Problems,https://olimpicos.net/fyziklani/index.html#2020,not_published,Individual file not published; consult problem_documents for shared-paper availability.
problem,3042,fyziklani,2020,,Problems,https://olimpicos.net/fyziklani/index.html#2020,not_published,Individual file not published; consult problem_documents for shared-paper availability.
problem,3043,fyziklani,2020,,Problems,https://olimpicos.net/fyziklani/index.html#2020,not_published,Individual file not published; consult problem_documents for shared-paper availability.
problem,3044,fyziklani,2020,,Problems,https://olimpicos.net/fyziklani/index.html#2020,not_published,Individual file not published; consult problem_documents for shared-paper availability.
problem,3045,fyziklani,2020,,Problems,https://olimpicos.net/fyziklani/index.html#2020,not_published,Individual file not published; consult problem_documents for shared-paper availability.
problem,3046,fyziklani,2020,,Problems,https://olimpicos.net/fyziklani/index.html#2020,not_published,Individual file not published; consult problem_documents for shared-paper availability.
problem,3047,fyziklani,2020,,Problems,https://olimpicos.net/fyziklani/index.html#2020,not_published,Individual file not published; consult problem_documents for shared-paper availability.
problem,3048,fyziklani,2020,,Problems,https://olimpicos.net/fyziklani/index.html#2020,not_published,Individual file not published; consult problem_documents for shared-paper availability.
problem,3049,fyziklani,2020,,Problems,https://olimpicos.net/fyziklani/index.html#2020,not_published,Individual file not published; consult problem_documents for shared-paper availability.
problem,3050,fyziklani,2020,,Problems,https://olimpicos.net/fyziklani/index.html#2020,not_published,Individual file not published; consult problem_documents for shared-paper availability.
problem,3051,fyziklani,2020,,Problems,https://olimpicos.net/fyziklani/index.html#2020,not_published,Individual file not published; consult problem_documents for shared-paper availability.
problem,3052,fyziklani,2020,,Problems,https://olimpicos.net/fyziklani/index.html#2020,not_published,Individual file not published; consult problem_documents for shared-paper availability.
problem,3053,fyziklani,2020,,Problems,https://olimpicos.net/fyziklani/index.html#2020,not_published,Individual file not published; consult problem_documents for shared-paper availability.
problem,3054,fyziklani,2020,,Problems,https://olimpicos.net/fyziklani/index.html#2020,not_published,Individual file not published; consult problem_documents for shared-paper availability.
problem,3055,fyziklani,2020,,Problems,https://olimpicos.net/fyziklani/index.html#2020,not_published,Individual file not published; consult problem_documents for shared-paper availability.
problem,3056,fyziklani,2020,,Problems,https://olimpicos.net/fyziklani/index.html#2020,not_published,Individual file not published; consult problem_documents for shared-paper availability.
problem,3057,fyziklani,2020,,Problems,https://olimpicos.net/fyziklani/index.html#2020,not_published,Individual file not published; consult problem_documents for shared-paper availability.
problem,3058,fyziklani,2020,,Problems,https://olimpicos.net/fyziklani/index.html#2020,not_published,Individual file not published; consult problem_documents for shared-paper availability.
problem,3059,fyziklani,2020,,Problems,https://olimpicos.net/fyziklani/index.html#2020,not_published,Individual file not published; consult problem_documents for shared-paper availability.
problem,3060,fyziklani,2020,,Problems,https://olimpicos.net/fyziklani/index.html#2020,not_published,Individual file not published; consult problem_documents for shared-paper availability.
problem,3061,fyziklani,2020,,Problems,https://olimpicos.net/fyziklani/index.html#2020,not_published,Individual file not published; consult problem_documents for shared-paper availability.
problem,3062,fyziklani,2020,,Problems,https://olimpicos.net/fyziklani/index.html#2020,not_published,Individual file not published; consult problem_documents for shared-paper availability.
problem,3063,fyziklani,2020,,Problems,https://olimpicos.net/fyziklani/index.html#2020,not_published,Individual file not published; consult problem_documents for shared-paper availability.
problem,3064,fyziklani,2020,,Problems,https://olimpicos.net/fyziklani/index.html#2020,not_published,Individual file not published; consult problem_documents for shared-paper availability.
problem,3065,fyziklani,2020,,Problems,https://olimpicos.net/fyziklani/index.html#2020,not_published,Individual file not published; consult problem_documents for shared-paper availability.
problem,3066,fyziklani,2020,,Problems,https://olimpicos.net/fyziklani/index.html#2020,not_published,Individual file not published; consult problem_documents for shared-paper availability.
problem,3067,fyziklani,2020,,Problems,https://olimpicos.net/fyziklani/index.html#2020,not_published,Individual file not published; consult problem_documents for shared-paper availability.
problem,3068,fyziklani,2020,,Problems,https://olimpicos.net/fyziklani/index.html#2020,not_published,Individual file not published; consult problem_documents for shared-paper availability.
problem,3069,fyziklani,2020,,Problems,https://olimpicos.net/fyziklani/index.html#2020,not_published,Individual file not published; consult problem_documents for shared-paper availability.
problem,3070,fyziklani,2020,,Problems,https://olimpicos.net/fyziklani/index.html#2020,not_published,Individual file not published; consult problem_documents for shared-paper availability.
problem,3071,fyziklani,2020,,Problems,https://olimpicos.net/fyziklani/index.html#2020,not_published,Individual file not published; consult problem_documents for shared-paper availability.
problem,3072,fyziklani,2020,,Problems,https://olimpicos.net/fyziklani/index.html#2020,not_published,Individual file not published; consult problem_documents for shared-paper availability.
problem,3073,fyziklani,2020,,Problems,https://olimpicos.net/fyziklani/index.html#2020,not_published,Individual file not published; consult problem_documents for shared-paper availability.
problem,3074,fyziklani,2020,,Problems,https://olimpicos.net/fyziklani/index.html#2020,not_published,Individual file not published; consult problem_documents for shared-paper availability.
problem,3075,fyziklani,2020,,Problems,https://olimpicos.net/fyziklani/index.html#2020,not_published,Individual file not published; consult problem_documents for shared-paper availability.
problem,3076,fyziklani,2020,,Problems,https://olimpicos.net/fyziklani/index.html#2020,not_published,Individual file not published; consult problem_documents for shared-paper availability.
problem,3077,fyziklani,2020,,Problems,https://olimpicos.net/fyziklani/index.html#2020,not_published,Individual file not published; consult problem_documents for shared-paper availability.
problem,3078,fyziklani,2020,,Problems,https://olimpicos.net/fyziklani/index.html#2020,not_published,Individual file not published; consult problem_documents for shared-paper availability.
problem,3079,fyziklani,2020,,Problems,https://olimpicos.net/fyziklani/index.html#2020,not_published,Individual file not published; consult problem_documents for shared-paper availability.
problem,3080,fyziklani,2020,,Problems,https://olimpicos.net/fyziklani/index.html#2020,not_published,Individual file not published; consult problem_documents for shared-paper availability.
problem,3081,fyziklani,2020,,Problems,https://olimpicos.net/fyziklani/index.html#2020,not_published,Individual file not published; consult problem_documents for shared-paper availability.
problem,3082,fyziklani,2020,,Problems,https://olimpicos.net/fyziklani/index.html#2020,not_published,Individual file not published; consult problem_documents for shared-paper availability.
problem,3083,fyziklani,2020,,Problems,https://olimpicos.net/fyziklani/index.html#2020,not_published,Individual file not published; consult problem_documents for shared-paper availability.
problem,3084,fyziklani,2020,,Problems,https://olimpicos.net/fyziklani/index.html#2020,not_published,Individual file not published; consult problem_documents for shared-paper availability.
problem,3085,fyziklani,2020,,Problems,https://olimpicos.net/fyziklani/index.html#2020,not_published,Individual file not published; consult problem_documents for shared-paper availability.
problem,3086,fyziklani,2020,,Problems,https://olimpicos.net/fyziklani/index.html#2020,not_published,Individual file not published; consult problem_documents for shared-paper availability.
problem,3087,fyziklani,2019,,Problems,https://olimpicos.net/fyziklani/index.html#2019,not_published,Individual file not published; consult problem_documents for shared-paper availability.
problem,3088,fyziklani,2019,,Problems,https://olimpicos.net/fyziklani/index.html#2019,not_published,Individual file not published; consult problem_documents for shared-paper availability.
problem,3089,fyziklani,2019,,Problems,https://olimpicos.net/fyziklani/index.html#2019,not_published,Individual file not published; consult problem_documents for shared-paper availability.
problem,3090,fyziklani,2019,,Problems,https://olimpicos.net/fyziklani/index.html#2019,not_published,Individual file not published; consult problem_documents for shared-paper availability.
problem,3091,fyziklani,2019,,Problems,https://olimpicos.net/fyziklani/index.html#2019,not_published,Individual file not published; consult problem_documents for shared-paper availability.
problem,3092,fyziklani,2019,,Problems,https://olimpicos.net/fyziklani/index.html#2019,not_published,Individual file not published; consult problem_documents for shared-paper availability.
problem,3093,fyziklani,2019,,Problems,https://olimpicos.net/fyziklani/index.html#2019,not_published,Individual file not published; consult problem_documents for shared-paper availability.
problem,3094,fyziklani,2019,,Problems,https://olimpicos.net/fyziklani/index.html#2019,not_published,Individual file not published; consult problem_documents for shared-paper availability.
problem,3095,fyziklani,2019,,Problems,https://olimpicos.net/fyziklani/index.html#2019,not_published,Individual file not published; consult problem_documents for shared-paper availability.
problem,3096,fyziklani,2019,,Problems,https://olimpicos.net/fyziklani/index.html#2019,not_published,Individual file not published; consult problem_documents for shared-paper availability.
problem,3097,fyziklani,2019,,Problems,https://olimpicos.net/fyziklani/index.html#2019,not_published,Individual file not published; consult problem_documents for shared-paper availability.
problem,3098,fyziklani,2019,,Problems,https://olimpicos.net/fyziklani/index.html#2019,not_published,Individual file not published; consult problem_documents for shared-paper availability.
problem,3099,fyziklani,2019,,Problems,https://olimpicos.net/fyziklani/index.html#2019,not_published,Individual file not published; consult problem_documents for shared-paper availability.
problem,3100,fyziklani,2019,,Problems,https://olimpicos.net/fyziklani/index.html#2019,not_published,Individual file not published; consult problem_documents for shared-paper availability.
problem,3101,fyziklani,2019,,Problems,https://olimpicos.net/fyziklani/index.html#2019,not_published,Individual file not published; consult problem_documents for shared-paper availability.
problem,3102,fyziklani,2019,,Problems,https://olimpicos.net/fyziklani/index.html#2019,not_published,Individual file not published; consult problem_documents for shared-paper availability.
problem,3103,fyziklani,2019,,Problems,https://olimpicos.net/fyziklani/index.html#2019,not_published,Individual file not published; consult problem_documents for shared-paper availability.
problem,3104,fyziklani,2019,,Problems,https://olimpicos.net/fyziklani/index.html#2019,not_published,Individual file not published; consult problem_documents for shared-paper availability.
problem,3105,fyziklani,2019,,Problems,https://olimpicos.net/fyziklani/index.html#2019,not_published,Individual file not published; consult problem_documents for shared-paper availability.
problem,3106,fyziklani,2019,,Problems,https://olimpicos.net/fyziklani/index.html#2019,not_published,Individual file not published; consult problem_documents for shared-paper availability.
problem,3107,fyziklani,2019,,Problems,https://olimpicos.net/fyziklani/index.html#2019,not_published,Individual file not published; consult problem_documents for shared-paper availability.
problem,3108,fyziklani,2019,,Problems,https://olimpicos.net/fyziklani/index.html#2019,not_published,Individual file not published; consult problem_documents for shared-paper availability.
problem,3109,fyziklani,2019,,Problems,https://olimpicos.net/fyziklani/index.html#2019,not_published,Individual file not published; consult problem_documents for shared-paper availability.
problem,3110,fyziklani,2019,,Problems,https://olimpicos.net/fyziklani/index.html#2019,not_published,Individual file not published; consult problem_documents for shared-paper availability.
problem,3111,fyziklani,2019,,Problems,https://olimpicos.net/fyziklani/index.html#2019,not_published,Individual file not published; consult problem_documents for shared-paper availability.
problem,3112,fyziklani,2019,,Problems,https://olimpicos.net/fyziklani/index.html#2019,not_published,Individual file not published; consult problem_documents for shared-paper availability.
problem,3113,fyziklani,2019,,Problems,https://olimpicos.net/fyziklani/index.html#2019,not_published,Individual file not published; consult problem_documents for shared-paper availability.
problem,3114,fyziklani,2019,,Problems,https://olimpicos.net/fyziklani/index.html#2019,not_published,Individual file not published; consult problem_documents for shared-paper availability.
problem,3115,fyziklani,2019,,Problems,https://olimpicos.net/fyziklani/index.html#2019,not_published,Individual file not published; consult problem_documents for shared-paper availability.
problem,3116,fyziklani,2019,,Problems,https://olimpicos.net/fyziklani/index.html#2019,not_published,Individual file not published; consult problem_documents for shared-paper availability.
problem,3117,fyziklani,2019,,Problems,https://olimpicos.net/fyziklani/index.html#2019,not_published,Individual file not published; consult problem_documents for shared-paper availability.
problem,3118,fyziklani,2019,,Problems,https://olimpicos.net/fyziklani/index.html#2019,not_published,Individual file not published; consult problem_documents for shared-paper availability.
problem,3119,fyziklani,2019,,Problems,https://olimpicos.net/fyziklani/index.html#2019,not_published,Individual file not published; consult problem_documents for shared-paper availability.
problem,3120,fyziklani,2019,,Problems,https://olimpicos.net/fyziklani/index.html#2019,not_published,Individual file not published; consult problem_documents for shared-paper availability.
problem,3121,fyziklani,2019,,Problems,https://olimpicos.net/fyziklani/index.html#2019,not_published,Individual file not published; consult problem_documents for shared-paper availability.
problem,3122,fyziklani,2019,,Problems,https://olimpicos.net/fyziklani/index.html#2019,not_published,Individual file not published; consult problem_documents for shared-paper availability.
problem,3123,fyziklani,2019,,Problems,https://olimpicos.net/fyziklani/index.html#2019,not_published,Individual file not published; consult problem_documents for shared-paper availability.
problem,3124,fyziklani,2019,,Problems,https://olimpicos.net/fyziklani/index.html#2019,not_published,Individual file not published; consult problem_documents for shared-paper availability.
problem,3125,fyziklani,2019,,Problems,https://olimpicos.net/fyziklani/index.html#2019,not_published,Individual file not published; consult problem_documents for shared-paper availability.
problem,3126,fyziklani,2019,,Problems,https://olimpicos.net/fyziklani/index.html#2019,not_published,Individual file not published; consult problem_documents for shared-paper availability.
problem,3127,fyziklani,2019,,Problems,https://olimpicos.net/fyziklani/index.html#2019,not_published,Individual file not published; consult problem_documents for shared-paper availability.
problem,3128,fyziklani,2019,,Problems,https://olimpicos.net/fyziklani/index.html#2019,not_published,Individual file not published; consult problem_documents for shared-paper availability.
problem,3129,fyziklani,2019,,Problems,https://olimpicos.net/fyziklani/index.html#2019,not_published,Individual file not published; consult problem_documents for shared-paper availability.
problem,3130,fyziklani,2019,,Problems,https://olimpicos.net/fyziklani/index.html#2019,not_published,Individual file not published; consult problem_documents for shared-paper availability.
problem,3131,fyziklani,2019,,Problems,https://olimpicos.net/fyziklani/index.html#2019,not_published,Individual file not published; consult problem_documents for shared-paper availability.
problem,3132,fyziklani,2019,,Problems,https://olimpicos.net/fyziklani/index.html#2019,not_published,Individual file not published; consult problem_documents for shared-paper availability.
problem,3133,fyziklani,2019,,Problems,https://olimpicos.net/fyziklani/index.html#2019,not_published,Individual file not published; consult problem_documents for shared-paper availability.
problem,3134,fyziklani,2019,,Problems,https://olimpicos.net/fyziklani/index.html#2019,not_published,Individual file not published; consult problem_documents for shared-paper availability.
problem,3135,fyziklani,2019,,Problems,https://olimpicos.net/fyziklani/index.html#2019,not_published,Individual file not published; consult problem_documents for shared-paper availability.
problem,3136,fyziklani,2019,,Problems,https://olimpicos.net/fyziklani/index.html#2019,not_published,Individual file not published; consult problem_documents for shared-paper availability.
problem,3137,fyziklani,2018,,Problems,https://olimpicos.net/fyziklani/index.html#2018,not_published,Individual file not published; consult problem_documents for shared-paper availability.
problem,3138,fyziklani,2018,,Problems,https://olimpicos.net/fyziklani/index.html#2018,not_published,Individual file not published; consult problem_documents for shared-paper availability.
problem,3139,fyziklani,2018,,Problems,https://olimpicos.net/fyziklani/index.html#2018,not_published,Individual file not published; consult problem_documents for shared-paper availability.
problem,3140,fyziklani,2018,,Problems,https://olimpicos.net/fyziklani/index.html#2018,not_published,Individual file not published; consult problem_documents for shared-paper availability.
problem,3141,fyziklani,2018,,Problems,https://olimpicos.net/fyziklani/index.html#2018,not_published,Individual file not published; consult problem_documents for shared-paper availability.
problem,3142,fyziklani,2018,,Problems,https://olimpicos.net/fyziklani/index.html#2018,not_published,Individual file not published; consult problem_documents for shared-paper availability.
problem,3143,fyziklani,2018,,Problems,https://olimpicos.net/fyziklani/index.html#2018,not_published,Individual file not published; consult problem_documents for shared-paper availability.
problem,3144,fyziklani,2018,,Problems,https://olimpicos.net/fyziklani/index.html#2018,not_published,Individual file not published; consult problem_documents for shared-paper availability.
problem,3145,fyziklani,2018,,Problems,https://olimpicos.net/fyziklani/index.html#2018,not_published,Individual file not published; consult problem_documents for shared-paper availability.
problem,3146,fyziklani,2018,,Problems,https://olimpicos.net/fyziklani/index.html#2018,not_published,Individual file not published; consult problem_documents for shared-paper availability.
problem,3147,fyziklani,2018,,Problems,https://olimpicos.net/fyziklani/index.html#2018,not_published,Individual file not published; consult problem_documents for shared-paper availability.
problem,3148,fyziklani,2018,,Problems,https://olimpicos.net/fyziklani/index.html#2018,not_published,Individual file not published; consult problem_documents for shared-paper availability.
problem,3149,fyziklani,2018,,Problems,https://olimpicos.net/fyziklani/index.html#2018,not_published,Individual file not published; consult problem_documents for shared-paper availability.
problem,3150,fyziklani,2018,,Problems,https://olimpicos.net/fyziklani/index.html#2018,not_published,Individual file not published; consult problem_documents for shared-paper availability.
problem,3151,fyziklani,2018,,Problems,https://olimpicos.net/fyziklani/index.html#2018,not_published,Individual file not published; consult problem_documents for shared-paper availability.
problem,3152,fyziklani,2018,,Problems,https://olimpicos.net/fyziklani/index.html#2018,not_published,Individual file not published; consult problem_documents for shared-paper availability.
problem,3153,fyziklani,2018,,Problems,https://olimpicos.net/fyziklani/index.html#2018,not_published,Individual file not published; consult problem_documents for shared-paper availability.
problem,3154,fyziklani,2018,,Problems,https://olimpicos.net/fyziklani/index.html#2018,not_published,Individual file not published; consult problem_documents for shared-paper availability.
problem,3155,fyziklani,2018,,Problems,https://olimpicos.net/fyziklani/index.html#2018,not_published,Individual file not published; consult problem_documents for shared-paper availability.
problem,3156,fyziklani,2018,,Problems,https://olimpicos.net/fyziklani/index.html#2018,not_published,Individual file not published; consult problem_documents for shared-paper availability.
problem,3157,fyziklani,2018,,Problems,https://olimpicos.net/fyziklani/index.html#2018,not_published,Individual file not published; consult problem_documents for shared-paper availability.
problem,3158,fyziklani,2018,,Problems,https://olimpicos.net/fyziklani/index.html#2018,not_published,Individual file not published; consult problem_documents for shared-paper availability.
problem,3159,fyziklani,2018,,Problems,https://olimpicos.net/fyziklani/index.html#2018,not_published,Individual file not published; consult problem_documents for shared-paper availability.
problem,3160,fyziklani,2018,,Problems,https://olimpicos.net/fyziklani/index.html#2018,not_published,Individual file not published; consult problem_documents for shared-paper availability.
problem,3161,fyziklani,2018,,Problems,https://olimpicos.net/fyziklani/index.html#2018,not_published,Individual file not published; consult problem_documents for shared-paper availability.
problem,3162,fyziklani,2018,,Problems,https://olimpicos.net/fyziklani/index.html#2018,not_published,Individual file not published; consult problem_documents for shared-paper availability.
problem,3163,fyziklani,2018,,Problems,https://olimpicos.net/fyziklani/index.html#2018,not_published,Individual file not published; consult problem_documents for shared-paper availability.
problem,3164,fyziklani,2018,,Problems,https://olimpicos.net/fyziklani/index.html#2018,not_published,Individual file not published; consult problem_documents for shared-paper availability.
problem,3165,fyziklani,2018,,Problems,https://olimpicos.net/fyziklani/index.html#2018,not_published,Individual file not published; consult problem_documents for shared-paper availability.
problem,3166,fyziklani,2018,,Problems,https://olimpicos.net/fyziklani/index.html#2018,not_published,Individual file not published; consult problem_documents for shared-paper availability.
problem,3167,fyziklani,2018,,Problems,https://olimpicos.net/fyziklani/index.html#2018,not_published,Individual file not published; consult problem_documents for shared-paper availability.
problem,3168,fyziklani,2018,,Problems,https://olimpicos.net/fyziklani/index.html#2018,not_published,Individual file not published; consult problem_documents for shared-paper availability.
problem,3169,fyziklani,2018,,Problems,https://olimpicos.net/fyziklani/index.html#2018,not_published,Individual file not published; consult problem_documents for shared-paper availability.
problem,3170,fyziklani,2018,,Problems,https://olimpicos.net/fyziklani/index.html#2018,not_published,Individual file not published; consult problem_documents for shared-paper availability.
problem,3171,fyziklani,2018,,Problems,https://olimpicos.net/fyziklani/index.html#2018,not_published,Individual file not published; consult problem_documents for shared-paper availability.
problem,3172,fyziklani,2018,,Problems,https://olimpicos.net/fyziklani/index.html#2018,not_published,Individual file not published; consult problem_documents for shared-paper availability.
problem,3173,fyziklani,2018,,Problems,https://olimpicos.net/fyziklani/index.html#2018,not_published,Individual file not published; consult problem_documents for shared-paper availability.
problem,3174,fyziklani,2018,,Problems,https://olimpicos.net/fyziklani/index.html#2018,not_published,Individual file not published; consult problem_documents for shared-paper availability.
problem,3175,fyziklani,2018,,Problems,https://olimpicos.net/fyziklani/index.html#2018,not_published,Individual file not published; consult problem_documents for shared-paper availability.
problem,3176,fyziklani,2018,,Problems,https://olimpicos.net/fyziklani/index.html#2018,not_published,Individual file not published; consult problem_documents for shared-paper availability.
problem,3177,fyziklani,2018,,Problems,https://olimpicos.net/fyziklani/index.html#2018,not_published,Individual file not published; consult problem_documents for shared-paper availability.
problem,3178,fyziklani,2018,,Problems,https://olimpicos.net/fyziklani/index.html#2018,not_published,Individual file not published; consult problem_documents for shared-paper availability.
problem,3179,fyziklani,2018,,Problems,https://olimpicos.net/fyziklani/index.html#2018,not_published,Individual file not published; consult problem_documents for shared-paper availability.
problem,3180,fyziklani,2018,,Problems,https://olimpicos.net/fyziklani/index.html#2018,not_published,Individual file not published; consult problem_documents for shared-paper availability.
problem,3181,fyziklani,2018,,Problems,https://olimpicos.net/fyziklani/index.html#2018,not_published,Individual file not published; consult problem_documents for shared-paper availability.
problem,3182,fyziklani,2018,,Problems,https://olimpicos.net/fyziklani/index.html#2018,not_published,Individual file not published; consult problem_documents for shared-paper availability.
problem,3183,fyziklani,2018,,Problems,https://olimpicos.net/fyziklani/index.html#2018,not_published,Individual file not published; consult problem_documents for shared-paper availability.
problem,3184,fyziklani,2018,,Problems,https://olimpicos.net/fyziklani/index.html#2018,not_published,Individual file not published; consult problem_documents for shared-paper availability.
problem,3185,fyziklani,2018,,Problems,https://olimpicos.net/fyziklani/index.html#2018,not_published,Individual file not published; consult problem_documents for shared-paper availability.
problem,3186,fyziklani,2018,,Problems,https://olimpicos.net/fyziklani/index.html#2018,not_published,Individual file not published; consult problem_documents for shared-paper availability.
problem,3187,fyziklani,2018,,Problems,https://olimpicos.net/fyziklani/index.html#2018,not_published,Individual file not published; consult problem_documents for shared-paper availability.
problem,3188,fyziklani,2017,,Problems,https://olimpicos.net/fyziklani/index.html#2017,not_published,Individual file not published; consult problem_documents for shared-paper availability.
problem,3189,fyziklani,2017,,Problems,https://olimpicos.net/fyziklani/index.html#2017,not_published,Individual file not published; consult problem_documents for shared-paper availability.
problem,3190,fyziklani,2017,,Problems,https://olimpicos.net/fyziklani/index.html#2017,not_published,Individual file not published; consult problem_documents for shared-paper availability.
problem,3191,fyziklani,2017,,Problems,https://olimpicos.net/fyziklani/index.html#2017,not_published,Individual file not published; consult problem_documents for shared-paper availability.
problem,3192,fyziklani,2017,,Problems,https://olimpicos.net/fyziklani/index.html#2017,not_published,Individual file not published; consult problem_documents for shared-paper availability.
problem,3193,fyziklani,2017,,Problems,https://olimpicos.net/fyziklani/index.html#2017,not_published,Individual file not published; consult problem_documents for shared-paper availability.
problem,3194,fyziklani,2017,,Problems,https://olimpicos.net/fyziklani/index.html#2017,not_published,Individual file not published; consult problem_documents for shared-paper availability.
problem,3195,fyziklani,2017,,Problems,https://olimpicos.net/fyziklani/index.html#2017,not_published,Individual file not published; consult problem_documents for shared-paper availability.
problem,3196,fyziklani,2017,,Problems,https://olimpicos.net/fyziklani/index.html#2017,not_published,Individual file not published; consult problem_documents for shared-paper availability.
problem,3197,fyziklani,2017,,Problems,https://olimpicos.net/fyziklani/index.html#2017,not_published,Individual file not published; consult problem_documents for shared-paper availability.
problem,3198,fyziklani,2017,,Problems,https://olimpicos.net/fyziklani/index.html#2017,not_published,Individual file not published; consult problem_documents for shared-paper availability.
problem,3199,fyziklani,2017,,Problems,https://olimpicos.net/fyziklani/index.html#2017,not_published,Individual file not published; consult problem_documents for shared-paper availability.
problem,3200,fyziklani,2017,,Problems,https://olimpicos.net/fyziklani/index.html#2017,not_published,Individual file not published; consult problem_documents for shared-paper availability.
problem,3201,fyziklani,2017,,Problems,https://olimpicos.net/fyziklani/index.html#2017,not_published,Individual file not published; consult problem_documents for shared-paper availability.
problem,3202,fyziklani,2017,,Problems,https://olimpicos.net/fyziklani/index.html#2017,not_published,Individual file not published; consult problem_documents for shared-paper availability.
problem,3203,fyziklani,2017,,Problems,https://olimpicos.net/fyziklani/index.html#2017,not_published,Individual file not published; consult problem_documents for shared-paper availability.
problem,3204,fyziklani,2017,,Problems,https://olimpicos.net/fyziklani/index.html#2017,not_published,Individual file not published; consult problem_documents for shared-paper availability.
problem,3205,fyziklani,2017,,Problems,https://olimpicos.net/fyziklani/index.html#2017,not_published,Individual file not published; consult problem_documents for shared-paper availability.
problem,3206,fyziklani,2017,,Problems,https://olimpicos.net/fyziklani/index.html#2017,not_published,Individual file not published; consult problem_documents for shared-paper availability.
problem,3207,fyziklani,2017,,Problems,https://olimpicos.net/fyziklani/index.html#2017,not_published,Individual file not published; consult problem_documents for shared-paper availability.
problem,3208,fyziklani,2017,,Problems,https://olimpicos.net/fyziklani/index.html#2017,not_published,Individual file not published; consult problem_documents for shared-paper availability.
problem,3209,fyziklani,2017,,Problems,https://olimpicos.net/fyziklani/index.html#2017,not_published,Individual file not published; consult problem_documents for shared-paper availability.
problem,3210,fyziklani,2017,,Problems,https://olimpicos.net/fyziklani/index.html#2017,not_published,Individual file not published; consult problem_documents for shared-paper availability.
problem,3211,fyziklani,2017,,Problems,https://olimpicos.net/fyziklani/index.html#2017,not_published,Individual file not published; consult problem_documents for shared-paper availability.
problem,3212,fyziklani,2017,,Problems,https://olimpicos.net/fyziklani/index.html#2017,not_published,Individual file not published; consult problem_documents for shared-paper availability.
problem,3213,fyziklani,2017,,Problems,https://olimpicos.net/fyziklani/index.html#2017,not_published,Individual file not published; consult problem_documents for shared-paper availability.
problem,3214,fyziklani,2017,,Problems,https://olimpicos.net/fyziklani/index.html#2017,not_published,Individual file not published; consult problem_documents for shared-paper availability.
problem,3215,fyziklani,2017,,Problems,https://olimpicos.net/fyziklani/index.html#2017,not_published,Individual file not published; consult problem_documents for shared-paper availability.
problem,3216,fyziklani,2017,,Problems,https://olimpicos.net/fyziklani/index.html#2017,not_published,Individual file not published; consult problem_documents for shared-paper availability.
problem,3217,fyziklani,2017,,Problems,https://olimpicos.net/fyziklani/index.html#2017,not_published,Individual file not published; consult problem_documents for shared-paper availability.
problem,3218,fyziklani,2017,,Problems,https://olimpicos.net/fyziklani/index.html#2017,not_published,Individual file not published; consult problem_documents for shared-paper availability.
problem,3219,fyziklani,2017,,Problems,https://olimpicos.net/fyziklani/index.html#2017,not_published,Individual file not published; consult problem_documents for shared-paper availability.
problem,3220,fyziklani,2017,,Problems,https://olimpicos.net/fyziklani/index.html#2017,not_published,Individual file not published; consult problem_documents for shared-paper availability.
problem,3221,fyziklani,2017,,Problems,https://olimpicos.net/fyziklani/index.html#2017,not_published,Individual file not published; consult problem_documents for shared-paper availability.
problem,3222,fyziklani,2017,,Problems,https://olimpicos.net/fyziklani/index.html#2017,not_published,Individual file not published; consult problem_documents for shared-paper availability.
problem,3223,fyziklani,2017,,Problems,https://olimpicos.net/fyziklani/index.html#2017,not_published,Individual file not published; consult problem_documents for shared-paper availability.
problem,3224,fyziklani,2017,,Problems,https://olimpicos.net/fyziklani/index.html#2017,not_published,Individual file not published; consult problem_documents for shared-paper availability.
problem,3225,fyziklani,2017,,Problems,https://olimpicos.net/fyziklani/index.html#2017,not_published,Individual file not published; consult problem_documents for shared-paper availability.
problem,3226,fyziklani,2017,,Problems,https://olimpicos.net/fyziklani/index.html#2017,not_published,Individual file not published; consult problem_documents for shared-paper availability.
problem,3227,fyziklani,2017,,Problems,https://olimpicos.net/fyziklani/index.html#2017,not_published,Individual file not published; consult problem_documents for shared-paper availability.
problem,3228,fyziklani,2017,,Problems,https://olimpicos.net/fyziklani/index.html#2017,not_published,Individual file not published; consult problem_documents for shared-paper availability.
problem,3229,fyziklani,2017,,Problems,https://olimpicos.net/fyziklani/index.html#2017,not_published,Individual file not published; consult problem_documents for shared-paper availability.
problem,3230,fyziklani,2017,,Problems,https://olimpicos.net/fyziklani/index.html#2017,not_published,Individual file not published; consult problem_documents for shared-paper availability.
problem,3231,fyziklani,2017,,Problems,https://olimpicos.net/fyziklani/index.html#2017,not_published,Individual file not published; consult problem_documents for shared-paper availability.
problem,3232,fyziklani,2017,,Problems,https://olimpicos.net/fyziklani/index.html#2017,not_published,Individual file not published; consult problem_documents for shared-paper availability.
problem,3233,fyziklani,2017,,Problems,https://olimpicos.net/fyziklani/index.html#2017,not_published,Individual file not published; consult problem_documents for shared-paper availability.
problem,3234,fyziklani,2017,,Problems,https://olimpicos.net/fyziklani/index.html#2017,not_published,Individual file not published; consult problem_documents for shared-paper availability.
problem,3235,fyziklani,2017,,Problems,https://olimpicos.net/fyziklani/index.html#2017,not_published,Individual file not published; consult problem_documents for shared-paper availability.
problem,3236,fyziklani,2017,,Problems,https://olimpicos.net/fyziklani/index.html#2017,not_published,Individual file not published; consult problem_documents for shared-paper availability.
problem,3237,fyziklani,2017,,Problems,https://olimpicos.net/fyziklani/index.html#2017,not_published,Individual file not published; consult problem_documents for shared-paper availability.
problem,3238,fyziklani,2016,,Problems,https://olimpicos.net/fyziklani/index.html#2016,not_published,Individual file not published; consult problem_documents for shared-paper availability.
problem,3239,fyziklani,2016,,Problems,https://olimpicos.net/fyziklani/index.html#2016,not_published,Individual file not published; consult problem_documents for shared-paper availability.
problem,3240,fyziklani,2016,,Problems,https://olimpicos.net/fyziklani/index.html#2016,not_published,Individual file not published; consult problem_documents for shared-paper availability.
problem,3241,fyziklani,2016,,Problems,https://olimpicos.net/fyziklani/index.html#2016,not_published,Individual file not published; consult problem_documents for shared-paper availability.
problem,3242,fyziklani,2016,,Problems,https://olimpicos.net/fyziklani/index.html#2016,not_published,Individual file not published; consult problem_documents for shared-paper availability.
problem,3243,fyziklani,2016,,Problems,https://olimpicos.net/fyziklani/index.html#2016,not_published,Individual file not published; consult problem_documents for shared-paper availability.
problem,3244,fyziklani,2016,,Problems,https://olimpicos.net/fyziklani/index.html#2016,not_published,Individual file not published; consult problem_documents for shared-paper availability.
problem,3245,fyziklani,2016,,Problems,https://olimpicos.net/fyziklani/index.html#2016,not_published,Individual file not published; consult problem_documents for shared-paper availability.
problem,3246,fyziklani,2016,,Problems,https://olimpicos.net/fyziklani/index.html#2016,not_published,Individual file not published; consult problem_documents for shared-paper availability.
problem,3247,fyziklani,2016,,Problems,https://olimpicos.net/fyziklani/index.html#2016,not_published,Individual file not published; consult problem_documents for shared-paper availability.
problem,3248,fyziklani,2016,,Problems,https://olimpicos.net/fyziklani/index.html#2016,not_published,Individual file not published; consult problem_documents for shared-paper availability.
problem,3249,fyziklani,2016,,Problems,https://olimpicos.net/fyziklani/index.html#2016,not_published,Individual file not published; consult problem_documents for shared-paper availability.
problem,3250,fyziklani,2016,,Problems,https://olimpicos.net/fyziklani/index.html#2016,not_published,Individual file not published; consult problem_documents for shared-paper availability.
problem,3251,fyziklani,2016,,Problems,https://olimpicos.net/fyziklani/index.html#2016,not_published,Individual file not published; consult problem_documents for shared-paper availability.
problem,3252,fyziklani,2016,,Problems,https://olimpicos.net/fyziklani/index.html#2016,not_published,Individual file not published; consult problem_documents for shared-paper availability.
problem,3253,fyziklani,2016,,Problems,https://olimpicos.net/fyziklani/index.html#2016,not_published,Individual file not published; consult problem_documents for shared-paper availability.
problem,3254,fyziklani,2016,,Problems,https://olimpicos.net/fyziklani/index.html#2016,not_published,Individual file not published; consult problem_documents for shared-paper availability.
problem,3255,fyziklani,2016,,Problems,https://olimpicos.net/fyziklani/index.html#2016,not_published,Individual file not published; consult problem_documents for shared-paper availability.
problem,3256,fyziklani,2016,,Problems,https://olimpicos.net/fyziklani/index.html#2016,not_published,Individual file not published; consult problem_documents for shared-paper availability.
problem,3257,fyziklani,2016,,Problems,https://olimpicos.net/fyziklani/index.html#2016,not_published,Individual file not published; consult problem_documents for shared-paper availability.
problem,3258,fyziklani,2016,,Problems,https://olimpicos.net/fyziklani/index.html#2016,not_published,Individual file not published; consult problem_documents for shared-paper availability.
problem,3259,fyziklani,2016,,Problems,https://olimpicos.net/fyziklani/index.html#2016,not_published,Individual file not published; consult problem_documents for shared-paper availability.
problem,3260,fyziklani,2016,,Problems,https://olimpicos.net/fyziklani/index.html#2016,not_published,Individual file not published; consult problem_documents for shared-paper availability.
problem,3261,fyziklani,2016,,Problems,https://olimpicos.net/fyziklani/index.html#2016,not_published,Individual file not published; consult problem_documents for shared-paper availability.
problem,3262,fyziklani,2016,,Problems,https://olimpicos.net/fyziklani/index.html#2016,not_published,Individual file not published; consult problem_documents for shared-paper availability.
problem,3263,fyziklani,2016,,Problems,https://olimpicos.net/fyziklani/index.html#2016,not_published,Individual file not published; consult problem_documents for shared-paper availability.
problem,3264,fyziklani,2016,,Problems,https://olimpicos.net/fyziklani/index.html#2016,not_published,Individual file not published; consult problem_documents for shared-paper availability.
problem,3265,fyziklani,2016,,Problems,https://olimpicos.net/fyziklani/index.html#2016,not_published,Individual file not published; consult problem_documents for shared-paper availability.
problem,3266,fyziklani,2016,,Problems,https://olimpicos.net/fyziklani/index.html#2016,not_published,Individual file not published; consult problem_documents for shared-paper availability.
problem,3267,fyziklani,2016,,Problems,https://olimpicos.net/fyziklani/index.html#2016,not_published,Individual file not published; consult problem_documents for shared-paper availability.
problem,3268,fyziklani,2016,,Problems,https://olimpicos.net/fyziklani/index.html#2016,not_published,Individual file not published; consult problem_documents for shared-paper availability.
problem,3269,fyziklani,2016,,Problems,https://olimpicos.net/fyziklani/index.html#2016,not_published,Individual file not published; consult problem_documents for shared-paper availability.
problem,3270,fyziklani,2016,,Problems,https://olimpicos.net/fyziklani/index.html#2016,not_published,Individual file not published; consult problem_documents for shared-paper availability.
problem,3271,fyziklani,2016,,Problems,https://olimpicos.net/fyziklani/index.html#2016,not_published,Individual file not published; consult problem_documents for shared-paper availability.
problem,3272,fyziklani,2016,,Problems,https://olimpicos.net/fyziklani/index.html#2016,not_published,Individual file not published; consult problem_documents for shared-paper availability.
problem,3273,fyziklani,2016,,Problems,https://olimpicos.net/fyziklani/index.html#2016,not_published,Individual file not published; consult problem_documents for shared-paper availability.
problem,3274,fyziklani,2016,,Problems,https://olimpicos.net/fyziklani/index.html#2016,not_published,Individual file not published; consult problem_documents for shared-paper availability.
problem,3275,fyziklani,2016,,Problems,https://olimpicos.net/fyziklani/index.html#2016,not_published,Individual file not published; consult problem_documents for shared-paper availability.
problem,3276,fyziklani,2016,,Problems,https://olimpicos.net/fyziklani/index.html#2016,not_published,Individual file not published; consult problem_documents for shared-paper availability.
problem,3277,fyziklani,2016,,Problems,https://olimpicos.net/fyziklani/index.html#2016,not_published,Individual file not published; consult problem_documents for shared-paper availability.
problem,3278,fyziklani,2016,,Problems,https://olimpicos.net/fyziklani/index.html#2016,not_published,Individual file not published; consult problem_documents for shared-paper availability.
problem,3279,fyziklani,2016,,Problems,https://olimpicos.net/fyziklani/index.html#2016,not_published,Individual file not published; consult problem_documents for shared-paper availability.
problem,3280,fyziklani,2016,,Problems,https://olimpicos.net/fyziklani/index.html#2016,not_published,Individual file not published; consult problem_documents for shared-paper availability.
problem,3281,fyziklani,2016,,Problems,https://olimpicos.net/fyziklani/index.html#2016,not_published,Individual file not published; consult problem_documents for shared-paper availability.
problem,3282,fyziklani,2016,,Problems,https://olimpicos.net/fyziklani/index.html#2016,not_published,Individual file not published; consult problem_documents for shared-paper availability.
problem,3283,fyziklani,2016,,Problems,https://olimpicos.net/fyziklani/index.html#2016,not_published,Individual file not published; consult problem_documents for shared-paper availability.
problem,3284,fyziklani,2016,,Problems,https://olimpicos.net/fyziklani/index.html#2016,not_published,Individual file not published; consult problem_documents for shared-paper availability.
problem,3285,fyziklani,2016,,Problems,https://olimpicos.net/fyziklani/index.html#2016,not_published,Individual file not published; consult problem_documents for shared-paper availability.
problem,3286,fyziklani,2016,,Problems,https://olimpicos.net/fyziklani/index.html#2016,not_published,Individual file not published; consult problem_documents for shared-paper availability.
problem,3287,fyziklani,2015,,Problems,https://olimpicos.net/fyziklani/index.html#2015,not_published,Individual file not published; consult problem_documents for shared-paper availability.
problem,3288,fyziklani,2015,,Problems,https://olimpicos.net/fyziklani/index.html#2015,not_published,Individual file not published; consult problem_documents for shared-paper availability.
problem,3289,fyziklani,2015,,Problems,https://olimpicos.net/fyziklani/index.html#2015,not_published,Individual file not published; consult problem_documents for shared-paper availability.
problem,3290,fyziklani,2015,,Problems,https://olimpicos.net/fyziklani/index.html#2015,not_published,Individual file not published; consult problem_documents for shared-paper availability.
problem,3291,fyziklani,2015,,Problems,https://olimpicos.net/fyziklani/index.html#2015,not_published,Individual file not published; consult problem_documents for shared-paper availability.
problem,3292,fyziklani,2015,,Problems,https://olimpicos.net/fyziklani/index.html#2015,not_published,Individual file not published; consult problem_documents for shared-paper availability.
problem,3293,fyziklani,2015,,Problems,https://olimpicos.net/fyziklani/index.html#2015,not_published,Individual file not published; consult problem_documents for shared-paper availability.
problem,3294,fyziklani,2015,,Problems,https://olimpicos.net/fyziklani/index.html#2015,not_published,Individual file not published; consult problem_documents for shared-paper availability.
problem,3295,fyziklani,2015,,Problems,https://olimpicos.net/fyziklani/index.html#2015,not_published,Individual file not published; consult problem_documents for shared-paper availability.
problem,3296,fyziklani,2015,,Problems,https://olimpicos.net/fyziklani/index.html#2015,not_published,Individual file not published; consult problem_documents for shared-paper availability.
problem,3297,fyziklani,2015,,Problems,https://olimpicos.net/fyziklani/index.html#2015,not_published,Individual file not published; consult problem_documents for shared-paper availability.
problem,3298,fyziklani,2015,,Problems,https://olimpicos.net/fyziklani/index.html#2015,not_published,Individual file not published; consult problem_documents for shared-paper availability.
problem,3299,fyziklani,2015,,Problems,https://olimpicos.net/fyziklani/index.html#2015,not_published,Individual file not published; consult problem_documents for shared-paper availability.
problem,3300,fyziklani,2015,,Problems,https://olimpicos.net/fyziklani/index.html#2015,not_published,Individual file not published; consult problem_documents for shared-paper availability.
problem,3301,fyziklani,2015,,Problems,https://olimpicos.net/fyziklani/index.html#2015,not_published,Individual file not published; consult problem_documents for shared-paper availability.
problem,3302,fyziklani,2015,,Problems,https://olimpicos.net/fyziklani/index.html#2015,not_published,Individual file not published; consult problem_documents for shared-paper availability.
problem,3303,fyziklani,2015,,Problems,https://olimpicos.net/fyziklani/index.html#2015,not_published,Individual file not published; consult problem_documents for shared-paper availability.
problem,3304,fyziklani,2015,,Problems,https://olimpicos.net/fyziklani/index.html#2015,not_published,Individual file not published; consult problem_documents for shared-paper availability.
problem,3305,fyziklani,2015,,Problems,https://olimpicos.net/fyziklani/index.html#2015,not_published,Individual file not published; consult problem_documents for shared-paper availability.
problem,3306,fyziklani,2015,,Problems,https://olimpicos.net/fyziklani/index.html#2015,not_published,Individual file not published; consult problem_documents for shared-paper availability.
problem,3307,fyziklani,2015,,Problems,https://olimpicos.net/fyziklani/index.html#2015,not_published,Individual file not published; consult problem_documents for shared-paper availability.
problem,3308,fyziklani,2015,,Problems,https://olimpicos.net/fyziklani/index.html#2015,not_published,Individual file not published; consult problem_documents for shared-paper availability.
problem,3309,fyziklani,2015,,Problems,https://olimpicos.net/fyziklani/index.html#2015,not_published,Individual file not published; consult problem_documents for shared-paper availability.
problem,3310,fyziklani,2015,,Problems,https://olimpicos.net/fyziklani/index.html#2015,not_published,Individual file not published; consult problem_documents for shared-paper availability.
problem,3311,fyziklani,2015,,Problems,https://olimpicos.net/fyziklani/index.html#2015,not_published,Individual file not published; consult problem_documents for shared-paper availability.
problem,3312,fyziklani,2015,,Problems,https://olimpicos.net/fyziklani/index.html#2015,not_published,Individual file not published; consult problem_documents for shared-paper availability.
problem,3313,fyziklani,2015,,Problems,https://olimpicos.net/fyziklani/index.html#2015,not_published,Individual file not published; consult problem_documents for shared-paper availability.
problem,3314,fyziklani,2015,,Problems,https://olimpicos.net/fyziklani/index.html#2015,not_published,Individual file not published; consult problem_documents for shared-paper availability.
problem,3315,fyziklani,2015,,Problems,https://olimpicos.net/fyziklani/index.html#2015,not_published,Individual file not published; consult problem_documents for shared-paper availability.
problem,3316,fyziklani,2015,,Problems,https://olimpicos.net/fyziklani/index.html#2015,not_published,Individual file not published; consult problem_documents for shared-paper availability.
problem,3317,fyziklani,2015,,Problems,https://olimpicos.net/fyziklani/index.html#2015,not_published,Individual file not published; consult problem_documents for shared-paper availability.
problem,3318,fyziklani,2015,,Problems,https://olimpicos.net/fyziklani/index.html#2015,not_published,Individual file not published; consult problem_documents for shared-paper availability.
problem,3319,fyziklani,2015,,Problems,https://olimpicos.net/fyziklani/index.html#2015,not_published,Individual file not published; consult problem_documents for shared-paper availability.
problem,3320,fyziklani,2015,,Problems,https://olimpicos.net/fyziklani/index.html#2015,not_published,Individual file not published; consult problem_documents for shared-paper availability.
problem,3321,fyziklani,2015,,Problems,https://olimpicos.net/fyziklani/index.html#2015,not_published,Individual file not published; consult problem_documents for shared-paper availability.
problem,3322,fyziklani,2015,,Problems,https://olimpicos.net/fyziklani/index.html#2015,not_published,Individual file not published; consult problem_documents for shared-paper availability.
problem,3323,fyziklani,2015,,Problems,https://olimpicos.net/fyziklani/index.html#2015,not_published,Individual file not published; consult problem_documents for shared-paper availability.
problem,3324,fyziklani,2015,,Problems,https://olimpicos.net/fyziklani/index.html#2015,not_published,Individual file not published; consult problem_documents for shared-paper availability.
problem,3325,fyziklani,2015,,Problems,https://olimpicos.net/fyziklani/index.html#2015,not_published,Individual file not published; consult problem_documents for shared-paper availability.
problem,3326,fyziklani,2015,,Problems,https://olimpicos.net/fyziklani/index.html#2015,not_published,Individual file not published; consult problem_documents for shared-paper availability.
problem,3327,fyziklani,2015,,Problems,https://olimpicos.net/fyziklani/index.html#2015,not_published,Individual file not published; consult problem_documents for shared-paper availability.
problem,3328,fyziklani,2015,,Problems,https://olimpicos.net/fyziklani/index.html#2015,not_published,Individual file not published; consult problem_documents for shared-paper availability.
problem,3329,fyziklani,2015,,Problems,https://olimpicos.net/fyziklani/index.html#2015,not_published,Individual file not published; consult problem_documents for shared-paper availability.
problem,3330,fyziklani,2015,,Problems,https://olimpicos.net/fyziklani/index.html#2015,not_published,Individual file not published; consult problem_documents for shared-paper availability.
problem,3331,fyziklani,2015,,Problems,https://olimpicos.net/fyziklani/index.html#2015,not_published,Individual file not published; consult problem_documents for shared-paper availability.
problem,3332,fyziklani,2015,,Problems,https://olimpicos.net/fyziklani/index.html#2015,not_published,Individual file not published; consult problem_documents for shared-paper availability.
problem,3333,fyziklani,2015,,Problems,https://olimpicos.net/fyziklani/index.html#2015,not_published,Individual file not published; consult problem_documents for shared-paper availability.
problem,3334,fyziklani,2015,,Problems,https://olimpicos.net/fyziklani/index.html#2015,not_published,Individual file not published; consult problem_documents for shared-paper availability.
problem,3335,fyziklani,2015,,Problems,https://olimpicos.net/fyziklani/index.html#2015,not_published,Individual file not published; consult problem_documents for shared-paper availability.
problem,3336,fyziklani,2015,,Problems,https://olimpicos.net/fyziklani/index.html#2015,not_published,Individual file not published; consult problem_documents for shared-paper availability.
problem,3337,fyziklani,2015,,Problems,https://olimpicos.net/fyziklani/index.html#2015,not_published,Individual file not published; consult problem_documents for shared-paper availability.
problem,3338,fyziklani,2015,,Problems,https://olimpicos.net/fyziklani/index.html#2015,not_published,Individual file not published; consult problem_documents for shared-paper availability.
problem,3339,fyziklani,2015,,Problems,https://olimpicos.net/fyziklani/index.html#2015,not_published,Individual file not published; consult problem_documents for shared-paper availability.
problem,3340,fyziklani,2014,,Problems,https://olimpicos.net/fyziklani/index.html#2014,not_published,Individual file not published; consult problem_documents for shared-paper availability.
problem,3341,fyziklani,2014,,Problems,https://olimpicos.net/fyziklani/index.html#2014,not_published,Individual file not published; consult problem_documents for shared-paper availability.
problem,3342,fyziklani,2014,,Problems,https://olimpicos.net/fyziklani/index.html#2014,not_published,Individual file not published; consult problem_documents for shared-paper availability.
problem,3343,fyziklani,2014,,Problems,https://olimpicos.net/fyziklani/index.html#2014,not_published,Individual file not published; consult problem_documents for shared-paper availability.
problem,3344,fyziklani,2014,,Problems,https://olimpicos.net/fyziklani/index.html#2014,not_published,Individual file not published; consult problem_documents for shared-paper availability.
problem,3345,fyziklani,2014,,Problems,https://olimpicos.net/fyziklani/index.html#2014,not_published,Individual file not published; consult problem_documents for shared-paper availability.
problem,3346,fyziklani,2014,,Problems,https://olimpicos.net/fyziklani/index.html#2014,not_published,Individual file not published; consult problem_documents for shared-paper availability.
problem,3347,fyziklani,2014,,Problems,https://olimpicos.net/fyziklani/index.html#2014,not_published,Individual file not published; consult problem_documents for shared-paper availability.
problem,3348,fyziklani,2014,,Problems,https://olimpicos.net/fyziklani/index.html#2014,not_published,Individual file not published; consult problem_documents for shared-paper availability.
problem,3349,fyziklani,2014,,Problems,https://olimpicos.net/fyziklani/index.html#2014,not_published,Individual file not published; consult problem_documents for shared-paper availability.
problem,3350,fyziklani,2014,,Problems,https://olimpicos.net/fyziklani/index.html#2014,not_published,Individual file not published; consult problem_documents for shared-paper availability.
problem,3351,fyziklani,2014,,Problems,https://olimpicos.net/fyziklani/index.html#2014,not_published,Individual file not published; consult problem_documents for shared-paper availability.
problem,3352,fyziklani,2014,,Problems,https://olimpicos.net/fyziklani/index.html#2014,not_published,Individual file not published; consult problem_documents for shared-paper availability.
problem,3353,fyziklani,2014,,Problems,https://olimpicos.net/fyziklani/index.html#2014,not_published,Individual file not published; consult problem_documents for shared-paper availability.
problem,3354,fyziklani,2014,,Problems,https://olimpicos.net/fyziklani/index.html#2014,not_published,Individual file not published; consult problem_documents for shared-paper availability.
problem,3355,fyziklani,2014,,Problems,https://olimpicos.net/fyziklani/index.html#2014,not_published,Individual file not published; consult problem_documents for shared-paper availability.
problem,3356,fyziklani,2014,,Problems,https://olimpicos.net/fyziklani/index.html#2014,not_published,Individual file not published; consult problem_documents for shared-paper availability.
problem,3357,fyziklani,2014,,Problems,https://olimpicos.net/fyziklani/index.html#2014,not_published,Individual file not published; consult problem_documents for shared-paper availability.
problem,3358,fyziklani,2014,,Problems,https://olimpicos.net/fyziklani/index.html#2014,not_published,Individual file not published; consult problem_documents for shared-paper availability.
problem,3359,fyziklani,2014,,Problems,https://olimpicos.net/fyziklani/index.html#2014,not_published,Individual file not published; consult problem_documents for shared-paper availability.
problem,3360,fyziklani,2014,,Problems,https://olimpicos.net/fyziklani/index.html#2014,not_published,Individual file not published; consult problem_documents for shared-paper availability.
problem,3361,fyziklani,2014,,Problems,https://olimpicos.net/fyziklani/index.html#2014,not_published,Individual file not published; consult problem_documents for shared-paper availability.
problem,3362,fyziklani,2014,,Problems,https://olimpicos.net/fyziklani/index.html#2014,not_published,Individual file not published; consult problem_documents for shared-paper availability.
problem,3363,fyziklani,2014,,Problems,https://olimpicos.net/fyziklani/index.html#2014,not_published,Individual file not published; consult problem_documents for shared-paper availability.
problem,3364,fyziklani,2014,,Problems,https://olimpicos.net/fyziklani/index.html#2014,not_published,Individual file not published; consult problem_documents for shared-paper availability.
problem,3365,fyziklani,2014,,Problems,https://olimpicos.net/fyziklani/index.html#2014,not_published,Individual file not published; consult problem_documents for shared-paper availability.
problem,3366,fyziklani,2014,,Problems,https://olimpicos.net/fyziklani/index.html#2014,not_published,Individual file not published; consult problem_documents for shared-paper availability.
problem,3367,fyziklani,2014,,Problems,https://olimpicos.net/fyziklani/index.html#2014,not_published,Individual file not published; consult problem_documents for shared-paper availability.
problem,3368,fyziklani,2014,,Problems,https://olimpicos.net/fyziklani/index.html#2014,not_published,Individual file not published; consult problem_documents for shared-paper availability.
problem,3369,fyziklani,2014,,Problems,https://olimpicos.net/fyziklani/index.html#2014,not_published,Individual file not published; consult problem_documents for shared-paper availability.
problem,3370,fyziklani,2014,,Problems,https://olimpicos.net/fyziklani/index.html#2014,not_published,Individual file not published; consult problem_documents for shared-paper availability.
problem,3371,fyziklani,2014,,Problems,https://olimpicos.net/fyziklani/index.html#2014,not_published,Individual file not published; consult problem_documents for shared-paper availability.
problem,3372,fyziklani,2014,,Problems,https://olimpicos.net/fyziklani/index.html#2014,not_published,Individual file not published; consult problem_documents for shared-paper availability.
problem,3373,fyziklani,2014,,Problems,https://olimpicos.net/fyziklani/index.html#2014,not_published,Individual file not published; consult problem_documents for shared-paper availability.
problem,3374,fyziklani,2014,,Problems,https://olimpicos.net/fyziklani/index.html#2014,not_published,Individual file not published; consult problem_documents for shared-paper availability.
problem,3375,fyziklani,2014,,Problems,https://olimpicos.net/fyziklani/index.html#2014,not_published,Individual file not published; consult problem_documents for shared-paper availability.
problem,3376,fyziklani,2014,,Problems,https://olimpicos.net/fyziklani/index.html#2014,not_published,Individual file not published; consult problem_documents for shared-paper availability.
problem,3377,fyziklani,2014,,Problems,https://olimpicos.net/fyziklani/index.html#2014,not_published,Individual file not published; consult problem_documents for shared-paper availability.
problem,3378,fyziklani,2014,,Problems,https://olimpicos.net/fyziklani/index.html#2014,not_published,Individual file not published; consult problem_documents for shared-paper availability.
problem,3379,fyziklani,2014,,Problems,https://olimpicos.net/fyziklani/index.html#2014,not_published,Individual file not published; consult problem_documents for shared-paper availability.
problem,3380,fyziklani,2014,,Problems,https://olimpicos.net/fyziklani/index.html#2014,not_published,Individual file not published; consult problem_documents for shared-paper availability.
problem,3381,fyziklani,2014,,Problems,https://olimpicos.net/fyziklani/index.html#2014,not_published,Individual file not published; consult problem_documents for shared-paper availability.
problem,3382,fyziklani,2014,,Problems,https://olimpicos.net/fyziklani/index.html#2014,not_published,Individual file not published; consult problem_documents for shared-paper availability.
problem,3383,fyziklani,2014,,Problems,https://olimpicos.net/fyziklani/index.html#2014,not_published,Individual file not published; consult problem_documents for shared-paper availability.
problem,3384,fyziklani,2014,,Problems,https://olimpicos.net/fyziklani/index.html#2014,not_published,Individual file not published; consult problem_documents for shared-paper availability.
problem,3385,fyziklani,2014,,Problems,https://olimpicos.net/fyziklani/index.html#2014,not_published,Individual file not published; consult problem_documents for shared-paper availability.
problem,3386,fyziklani,2014,,Problems,https://olimpicos.net/fyziklani/index.html#2014,not_published,Individual file not published; consult problem_documents for shared-paper availability.
problem,3387,fyziklani,2014,,Problems,https://olimpicos.net/fyziklani/index.html#2014,not_published,Individual file not published; consult problem_documents for shared-paper availability.
problem,3388,fyziklani,2014,,Problems,https://olimpicos.net/fyziklani/index.html#2014,not_published,Individual file not published; consult problem_documents for shared-paper availability.
problem,3389,fyziklani,2014,,Problems,https://olimpicos.net/fyziklani/index.html#2014,not_published,Individual file not published; consult problem_documents for shared-paper availability.
problem,3390,fyziklani,2014,,Problems,https://olimpicos.net/fyziklani/index.html#2014,not_published,Individual file not published; consult problem_documents for shared-paper availability.
problem,3391,fyziklani,2013,,Problems,https://olimpicos.net/fyziklani/index.html#2013,not_published,Individual file not published; consult problem_documents for shared-paper availability.
problem,3392,fyziklani,2013,,Problems,https://olimpicos.net/fyziklani/index.html#2013,not_published,Individual file not published; consult problem_documents for shared-paper availability.
problem,3393,fyziklani,2013,,Problems,https://olimpicos.net/fyziklani/index.html#2013,not_published,Individual file not published; consult problem_documents for shared-paper availability.
problem,3394,fyziklani,2013,,Problems,https://olimpicos.net/fyziklani/index.html#2013,not_published,Individual file not published; consult problem_documents for shared-paper availability.
problem,3395,fyziklani,2013,,Problems,https://olimpicos.net/fyziklani/index.html#2013,not_published,Individual file not published; consult problem_documents for shared-paper availability.
problem,3396,fyziklani,2013,,Problems,https://olimpicos.net/fyziklani/index.html#2013,not_published,Individual file not published; consult problem_documents for shared-paper availability.
problem,3397,fyziklani,2013,,Problems,https://olimpicos.net/fyziklani/index.html#2013,not_published,Individual file not published; consult problem_documents for shared-paper availability.
problem,3398,fyziklani,2013,,Problems,https://olimpicos.net/fyziklani/index.html#2013,not_published,Individual file not published; consult problem_documents for shared-paper availability.
problem,3399,fyziklani,2013,,Problems,https://olimpicos.net/fyziklani/index.html#2013,not_published,Individual file not published; consult problem_documents for shared-paper availability.
problem,3400,fyziklani,2013,,Problems,https://olimpicos.net/fyziklani/index.html#2013,not_published,Individual file not published; consult problem_documents for shared-paper availability.
problem,3401,fyziklani,2013,,Problems,https://olimpicos.net/fyziklani/index.html#2013,not_published,Individual file not published; consult problem_documents for shared-paper availability.
problem,3402,fyziklani,2013,,Problems,https://olimpicos.net/fyziklani/index.html#2013,not_published,Individual file not published; consult problem_documents for shared-paper availability.
problem,3403,fyziklani,2013,,Problems,https://olimpicos.net/fyziklani/index.html#2013,not_published,Individual file not published; consult problem_documents for shared-paper availability.
problem,3404,fyziklani,2013,,Problems,https://olimpicos.net/fyziklani/index.html#2013,not_published,Individual file not published; consult problem_documents for shared-paper availability.
problem,3405,fyziklani,2013,,Problems,https://olimpicos.net/fyziklani/index.html#2013,not_published,Individual file not published; consult problem_documents for shared-paper availability.
problem,3406,fyziklani,2013,,Problems,https://olimpicos.net/fyziklani/index.html#2013,not_published,Individual file not published; consult problem_documents for shared-paper availability.
problem,3407,fyziklani,2013,,Problems,https://olimpicos.net/fyziklani/index.html#2013,not_published,Individual file not published; consult problem_documents for shared-paper availability.
problem,3408,fyziklani,2013,,Problems,https://olimpicos.net/fyziklani/index.html#2013,not_published,Individual file not published; consult problem_documents for shared-paper availability.
problem,3409,fyziklani,2013,,Problems,https://olimpicos.net/fyziklani/index.html#2013,not_published,Individual file not published; consult problem_documents for shared-paper availability.
problem,3410,fyziklani,2013,,Problems,https://olimpicos.net/fyziklani/index.html#2013,not_published,Individual file not published; consult problem_documents for shared-paper availability.
problem,3411,fyziklani,2013,,Problems,https://olimpicos.net/fyziklani/index.html#2013,not_published,Individual file not published; consult problem_documents for shared-paper availability.
problem,3412,fyziklani,2013,,Problems,https://olimpicos.net/fyziklani/index.html#2013,not_published,Individual file not published; consult problem_documents for shared-paper availability.
problem,3413,fyziklani,2013,,Problems,https://olimpicos.net/fyziklani/index.html#2013,not_published,Individual file not published; consult problem_documents for shared-paper availability.
problem,3414,fyziklani,2013,,Problems,https://olimpicos.net/fyziklani/index.html#2013,not_published,Individual file not published; consult problem_documents for shared-paper availability.
problem,3415,fyziklani,2013,,Problems,https://olimpicos.net/fyziklani/index.html#2013,not_published,Individual file not published; consult problem_documents for shared-paper availability.
problem,3416,fyziklani,2013,,Problems,https://olimpicos.net/fyziklani/index.html#2013,not_published,Individual file not published; consult problem_documents for shared-paper availability.
problem,3417,fyziklani,2013,,Problems,https://olimpicos.net/fyziklani/index.html#2013,not_published,Individual file not published; consult problem_documents for shared-paper availability.
problem,3418,fyziklani,2013,,Problems,https://olimpicos.net/fyziklani/index.html#2013,not_published,Individual file not published; consult problem_documents for shared-paper availability.
problem,3419,fyziklani,2013,,Problems,https://olimpicos.net/fyziklani/index.html#2013,not_published,Individual file not published; consult problem_documents for shared-paper availability.
problem,3420,fyziklani,2013,,Problems,https://olimpicos.net/fyziklani/index.html#2013,not_published,Individual file not published; consult problem_documents for shared-paper availability.
problem,3421,fyziklani,2013,,Problems,https://olimpicos.net/fyziklani/index.html#2013,not_published,Individual file not published; consult problem_documents for shared-paper availability.
problem,3422,fyziklani,2013,,Problems,https://olimpicos.net/fyziklani/index.html#2013,not_published,Individual file not published; consult problem_documents for shared-paper availability.
problem,3423,fyziklani,2013,,Problems,https://olimpicos.net/fyziklani/index.html#2013,not_published,Individual file not published; consult problem_documents for shared-paper availability.
problem,3424,fyziklani,2013,,Problems,https://olimpicos.net/fyziklani/index.html#2013,not_published,Individual file not published; consult problem_documents for shared-paper availability.
problem,3425,fyziklani,2013,,Problems,https://olimpicos.net/fyziklani/index.html#2013,not_published,Individual file not published; consult problem_documents for shared-paper availability.
problem,3426,fyziklani,2013,,Problems,https://olimpicos.net/fyziklani/index.html#2013,not_published,Individual file not published; consult problem_documents for shared-paper availability.
problem,3427,fyziklani,2013,,Problems,https://olimpicos.net/fyziklani/index.html#2013,not_published,Individual file not published; consult problem_documents for shared-paper availability.
problem,3428,fyziklani,2013,,Problems,https://olimpicos.net/fyziklani/index.html#2013,not_published,Individual file not published; consult problem_documents for shared-paper availability.
problem,3429,fyziklani,2013,,Problems,https://olimpicos.net/fyziklani/index.html#2013,not_published,Individual file not published; consult problem_documents for shared-paper availability.
problem,3430,fyziklani,2013,,Problems,https://olimpicos.net/fyziklani/index.html#2013,not_published,Individual file not published; consult problem_documents for shared-paper availability.
problem,3431,fyziklani,2013,,Problems,https://olimpicos.net/fyziklani/index.html#2013,not_published,Individual file not published; consult problem_documents for shared-paper availability.
problem,3432,fyziklani,2013,,Problems,https://olimpicos.net/fyziklani/index.html#2013,not_published,Individual file not published; consult problem_documents for shared-paper availability.
problem,3433,fyziklani,2013,,Problems,https://olimpicos.net/fyziklani/index.html#2013,not_published,Individual file not published; consult problem_documents for shared-paper availability.
problem,3434,fyziklani,2013,,Problems,https://olimpicos.net/fyziklani/index.html#2013,not_published,Individual file not published; consult problem_documents for shared-paper availability.
problem,3435,fyziklani,2013,,Problems,https://olimpicos.net/fyziklani/index.html#2013,not_published,Individual file not published; consult problem_documents for shared-paper availability.
problem,3436,fyziklani,2013,,Problems,https://olimpicos.net/fyziklani/index.html#2013,not_published,Individual file not published; consult problem_documents for shared-paper availability.
problem,3437,fyziklani,2013,,Problems,https://olimpicos.net/fyziklani/index.html#2013,not_published,Individual file not published; consult problem_documents for shared-paper availability.
problem,3438,fyziklani,2012,,Problems,https://olimpicos.net/fyziklani/index.html#2012,not_published,Individual file not published; consult problem_documents for shared-paper availability.
problem,3439,fyziklani,2012,,Problems,https://olimpicos.net/fyziklani/index.html#2012,not_published,Individual file not published; consult problem_documents for shared-paper availability.
problem,3440,fyziklani,2012,,Problems,https://olimpicos.net/fyziklani/index.html#2012,not_published,Individual file not published; consult problem_documents for shared-paper availability.
problem,3441,fyziklani,2012,,Problems,https://olimpicos.net/fyziklani/index.html#2012,not_published,Individual file not published; consult problem_documents for shared-paper availability.
problem,3442,fyziklani,2012,,Problems,https://olimpicos.net/fyziklani/index.html#2012,not_published,Individual file not published; consult problem_documents for shared-paper availability.
problem,3443,fyziklani,2012,,Problems,https://olimpicos.net/fyziklani/index.html#2012,not_published,Individual file not published; consult problem_documents for shared-paper availability.
problem,3444,fyziklani,2012,,Problems,https://olimpicos.net/fyziklani/index.html#2012,not_published,Individual file not published; consult problem_documents for shared-paper availability.
problem,3445,fyziklani,2012,,Problems,https://olimpicos.net/fyziklani/index.html#2012,not_published,Individual file not published; consult problem_documents for shared-paper availability.
problem,3446,fyziklani,2012,,Problems,https://olimpicos.net/fyziklani/index.html#2012,not_published,Individual file not published; consult problem_documents for shared-paper availability.
problem,3447,fyziklani,2012,,Problems,https://olimpicos.net/fyziklani/index.html#2012,not_published,Individual file not published; consult problem_documents for shared-paper availability.
problem,3448,fyziklani,2012,,Problems,https://olimpicos.net/fyziklani/index.html#2012,not_published,Individual file not published; consult problem_documents for shared-paper availability.
problem,3449,fyziklani,2012,,Problems,https://olimpicos.net/fyziklani/index.html#2012,not_published,Individual file not published; consult problem_documents for shared-paper availability.
problem,3450,fyziklani,2012,,Problems,https://olimpicos.net/fyziklani/index.html#2012,not_published,Individual file not published; consult problem_documents for shared-paper availability.
problem,3451,fyziklani,2012,,Problems,https://olimpicos.net/fyziklani/index.html#2012,not_published,Individual file not published; consult problem_documents for shared-paper availability.
problem,3452,fyziklani,2012,,Problems,https://olimpicos.net/fyziklani/index.html#2012,not_published,Individual file not published; consult problem_documents for shared-paper availability.
problem,3453,fyziklani,2012,,Problems,https://olimpicos.net/fyziklani/index.html#2012,not_published,Individual file not published; consult problem_documents for shared-paper availability.
problem,3454,fyziklani,2012,,Problems,https://olimpicos.net/fyziklani/index.html#2012,not_published,Individual file not published; consult problem_documents for shared-paper availability.
problem,3455,fyziklani,2012,,Problems,https://olimpicos.net/fyziklani/index.html#2012,not_published,Individual file not published; consult problem_documents for shared-paper availability.
problem,3456,fyziklani,2012,,Problems,https://olimpicos.net/fyziklani/index.html#2012,not_published,Individual file not published; consult problem_documents for shared-paper availability.
problem,3457,fyziklani,2012,,Problems,https://olimpicos.net/fyziklani/index.html#2012,not_published,Individual file not published; consult problem_documents for shared-paper availability.
problem,3458,fyziklani,2012,,Problems,https://olimpicos.net/fyziklani/index.html#2012,not_published,Individual file not published; consult problem_documents for shared-paper availability.
problem,3459,fyziklani,2012,,Problems,https://olimpicos.net/fyziklani/index.html#2012,not_published,Individual file not published; consult problem_documents for shared-paper availability.
problem,3460,fyziklani,2012,,Problems,https://olimpicos.net/fyziklani/index.html#2012,not_published,Individual file not published; consult problem_documents for shared-paper availability.
problem,3461,fyziklani,2012,,Problems,https://olimpicos.net/fyziklani/index.html#2012,not_published,Individual file not published; consult problem_documents for shared-paper availability.
problem,3462,fyziklani,2012,,Problems,https://olimpicos.net/fyziklani/index.html#2012,not_published,Individual file not published; consult problem_documents for shared-paper availability.
problem,3463,fyziklani,2012,,Problems,https://olimpicos.net/fyziklani/index.html#2012,not_published,Individual file not published; consult problem_documents for shared-paper availability.
problem,3464,fyziklani,2012,,Problems,https://olimpicos.net/fyziklani/index.html#2012,not_published,Individual file not published; consult problem_documents for shared-paper availability.
problem,3465,fyziklani,2012,,Problems,https://olimpicos.net/fyziklani/index.html#2012,not_published,Individual file not published; consult problem_documents for shared-paper availability.
problem,3466,fyziklani,2012,,Problems,https://olimpicos.net/fyziklani/index.html#2012,not_published,Individual file not published; consult problem_documents for shared-paper availability.
problem,3467,fyziklani,2012,,Problems,https://olimpicos.net/fyziklani/index.html#2012,not_published,Individual file not published; consult problem_documents for shared-paper availability.
problem,3468,fyziklani,2012,,Problems,https://olimpicos.net/fyziklani/index.html#2012,not_published,Individual file not published; consult problem_documents for shared-paper availability.
problem,3469,fyziklani,2012,,Problems,https://olimpicos.net/fyziklani/index.html#2012,not_published,Individual file not published; consult problem_documents for shared-paper availability.
problem,3470,fyziklani,2012,,Problems,https://olimpicos.net/fyziklani/index.html#2012,not_published,Individual file not published; consult problem_documents for shared-paper availability.
problem,3471,fyziklani,2012,,Problems,https://olimpicos.net/fyziklani/index.html#2012,not_published,Individual file not published; consult problem_documents for shared-paper availability.
problem,3472,fyziklani,2012,,Problems,https://olimpicos.net/fyziklani/index.html#2012,not_published,Individual file not published; consult problem_documents for shared-paper availability.
problem,3473,fyziklani,2012,,Problems,https://olimpicos.net/fyziklani/index.html#2012,not_published,Individual file not published; consult problem_documents for shared-paper availability.
problem,3474,fyziklani,2012,,Problems,https://olimpicos.net/fyziklani/index.html#2012,not_published,Individual file not published; consult problem_documents for shared-paper availability.
problem,3475,fyziklani,2012,,Problems,https://olimpicos.net/fyziklani/index.html#2012,not_published,Individual file not published; consult problem_documents for shared-paper availability.
problem,3476,fyziklani,2012,,Problems,https://olimpicos.net/fyziklani/index.html#2012,not_published,Individual file not published; consult problem_documents for shared-paper availability.
problem,3477,fyziklani,2012,,Problems,https://olimpicos.net/fyziklani/index.html#2012,not_published,Individual file not published; consult problem_documents for shared-paper availability.
problem,3478,fyziklani,2012,,Problems,https://olimpicos.net/fyziklani/index.html#2012,not_published,Individual file not published; consult problem_documents for shared-paper availability.
problem,3479,fyziklani,2012,,Problems,https://olimpicos.net/fyziklani/index.html#2012,not_published,Individual file not published; consult problem_documents for shared-paper availability.
problem,3480,fyziklani,2011,,Problems,https://olimpicos.net/fyziklani/index.html#2011,not_published,Individual file not published; consult problem_documents for shared-paper availability.
problem,3481,fyziklani,2011,,Problems,https://olimpicos.net/fyziklani/index.html#2011,not_published,Individual file not published; consult problem_documents for shared-paper availability.
problem,3482,fyziklani,2011,,Problems,https://olimpicos.net/fyziklani/index.html#2011,not_published,Individual file not published; consult problem_documents for shared-paper availability.
problem,3483,fyziklani,2011,,Problems,https://olimpicos.net/fyziklani/index.html#2011,not_published,Individual file not published; consult problem_documents for shared-paper availability.
problem,3484,fyziklani,2011,,Problems,https://olimpicos.net/fyziklani/index.html#2011,not_published,Individual file not published; consult problem_documents for shared-paper availability.
problem,3485,fyziklani,2011,,Problems,https://olimpicos.net/fyziklani/index.html#2011,not_published,Individual file not published; consult problem_documents for shared-paper availability.
problem,3486,fyziklani,2011,,Problems,https://olimpicos.net/fyziklani/index.html#2011,not_published,Individual file not published; consult problem_documents for shared-paper availability.
problem,3487,fyziklani,2011,,Problems,https://olimpicos.net/fyziklani/index.html#2011,not_published,Individual file not published; consult problem_documents for shared-paper availability.
problem,3488,fyziklani,2011,,Problems,https://olimpicos.net/fyziklani/index.html#2011,not_published,Individual file not published; consult problem_documents for shared-paper availability.
problem,3489,fyziklani,2011,,Problems,https://olimpicos.net/fyziklani/index.html#2011,not_published,Individual file not published; consult problem_documents for shared-paper availability.
problem,3490,fyziklani,2011,,Problems,https://olimpicos.net/fyziklani/index.html#2011,not_published,Individual file not published; consult problem_documents for shared-paper availability.
problem,3491,fyziklani,2011,,Problems,https://olimpicos.net/fyziklani/index.html#2011,not_published,Individual file not published; consult problem_documents for shared-paper availability.
problem,3492,fyziklani,2011,,Problems,https://olimpicos.net/fyziklani/index.html#2011,not_published,Individual file not published; consult problem_documents for shared-paper availability.
problem,3493,fyziklani,2011,,Problems,https://olimpicos.net/fyziklani/index.html#2011,not_published,Individual file not published; consult problem_documents for shared-paper availability.
problem,3494,fyziklani,2011,,Problems,https://olimpicos.net/fyziklani/index.html#2011,not_published,Individual file not published; consult problem_documents for shared-paper availability.
problem,3495,fyziklani,2011,,Problems,https://olimpicos.net/fyziklani/index.html#2011,not_published,Individual file not published; consult problem_documents for shared-paper availability.
problem,3496,fyziklani,2011,,Problems,https://olimpicos.net/fyziklani/index.html#2011,not_published,Individual file not published; consult problem_documents for shared-paper availability.
problem,3497,fyziklani,2011,,Problems,https://olimpicos.net/fyziklani/index.html#2011,not_published,Individual file not published; consult problem_documents for shared-paper availability.
problem,3498,fyziklani,2011,,Problems,https://olimpicos.net/fyziklani/index.html#2011,not_published,Individual file not published; consult problem_documents for shared-paper availability.
problem,3499,fyziklani,2011,,Problems,https://olimpicos.net/fyziklani/index.html#2011,not_published,Individual file not published; consult problem_documents for shared-paper availability.
problem,3500,fyziklani,2011,,Problems,https://olimpicos.net/fyziklani/index.html#2011,not_published,Individual file not published; consult problem_documents for shared-paper availability.
problem,3501,fyziklani,2011,,Problems,https://olimpicos.net/fyziklani/index.html#2011,not_published,Individual file not published; consult problem_documents for shared-paper availability.
problem,3502,fyziklani,2011,,Problems,https://olimpicos.net/fyziklani/index.html#2011,not_published,Individual file not published; consult problem_documents for shared-paper availability.
problem,3503,fyziklani,2011,,Problems,https://olimpicos.net/fyziklani/index.html#2011,not_published,Individual file not published; consult problem_documents for shared-paper availability.
problem,3504,fyziklani,2011,,Problems,https://olimpicos.net/fyziklani/index.html#2011,not_published,Individual file not published; consult problem_documents for shared-paper availability.
problem,3505,fyziklani,2011,,Problems,https://olimpicos.net/fyziklani/index.html#2011,not_published,Individual file not published; consult problem_documents for shared-paper availability.
problem,3506,fyziklani,2011,,Problems,https://olimpicos.net/fyziklani/index.html#2011,not_published,Individual file not published; consult problem_documents for shared-paper availability.
problem,3507,fyziklani,2011,,Problems,https://olimpicos.net/fyziklani/index.html#2011,not_published,Individual file not published; consult problem_documents for shared-paper availability.
problem,3508,fyziklani,2011,,Problems,https://olimpicos.net/fyziklani/index.html#2011,not_published,Individual file not published; consult problem_documents for shared-paper availability.
problem,3509,fyziklani,2011,,Problems,https://olimpicos.net/fyziklani/index.html#2011,not_published,Individual file not published; consult problem_documents for shared-paper availability.
problem,3510,fyziklani,2011,,Problems,https://olimpicos.net/fyziklani/index.html#2011,not_published,Individual file not published; consult problem_documents for shared-paper availability.
problem,3511,fyziklani,2011,,Problems,https://olimpicos.net/fyziklani/index.html#2011,not_published,Individual file not published; consult problem_documents for shared-paper availability.
problem,3512,fyziklani,2011,,Problems,https://olimpicos.net/fyziklani/index.html#2011,not_published,Individual file not published; consult problem_documents for shared-paper availability.
problem,3513,fyziklani,2011,,Problems,https://olimpicos.net/fyziklani/index.html#2011,not_published,Individual file not published; consult problem_documents for shared-paper availability.
problem,3514,fyziklani,2011,,Problems,https://olimpicos.net/fyziklani/index.html#2011,not_published,Individual file not published; consult problem_documents for shared-paper availability.
problem,3515,fyziklani,2011,,Problems,https://olimpicos.net/fyziklani/index.html#2011,not_published,Individual file not published; consult problem_documents for shared-paper availability.
problem,3516,fyziklani,2011,,Problems,https://olimpicos.net/fyziklani/index.html#2011,not_published,Individual file not published; consult problem_documents for shared-paper availability.
problem,3517,fyziklani,2011,,Problems,https://olimpicos.net/fyziklani/index.html#2011,not_published,Individual file not published; consult problem_documents for shared-paper availability.
problem,3518,fyziklani,2010,,Problems,https://olimpicos.net/fyziklani/index.html#2010,not_published,Individual file not published; consult problem_documents for shared-paper availability.
problem,3519,fyziklani,2010,,Problems,https://olimpicos.net/fyziklani/index.html#2010,not_published,Individual file not published; consult problem_documents for shared-paper availability.
problem,3520,fyziklani,2010,,Problems,https://olimpicos.net/fyziklani/index.html#2010,not_published,Individual file not published; consult problem_documents for shared-paper availability.
problem,3521,fyziklani,2010,,Problems,https://olimpicos.net/fyziklani/index.html#2010,not_published,Individual file not published; consult problem_documents for shared-paper availability.
problem,3522,fyziklani,2010,,Problems,https://olimpicos.net/fyziklani/index.html#2010,not_published,Individual file not published; consult problem_documents for shared-paper availability.
problem,3523,fyziklani,2010,,Problems,https://olimpicos.net/fyziklani/index.html#2010,not_published,Individual file not published; consult problem_documents for shared-paper availability.
problem,3524,fyziklani,2010,,Problems,https://olimpicos.net/fyziklani/index.html#2010,not_published,Individual file not published; consult problem_documents for shared-paper availability.
problem,3525,fyziklani,2010,,Problems,https://olimpicos.net/fyziklani/index.html#2010,not_published,Individual file not published; consult problem_documents for shared-paper availability.
problem,3526,fyziklani,2010,,Problems,https://olimpicos.net/fyziklani/index.html#2010,not_published,Individual file not published; consult problem_documents for shared-paper availability.
problem,3527,fyziklani,2010,,Problems,https://olimpicos.net/fyziklani/index.html#2010,not_published,Individual file not published; consult problem_documents for shared-paper availability.
problem,3528,fyziklani,2010,,Problems,https://olimpicos.net/fyziklani/index.html#2010,not_published,Individual file not published; consult problem_documents for shared-paper availability.
problem,3529,fyziklani,2010,,Problems,https://olimpicos.net/fyziklani/index.html#2010,not_published,Individual file not published; consult problem_documents for shared-paper availability.
problem,3530,fyziklani,2010,,Problems,https://olimpicos.net/fyziklani/index.html#2010,not_published,Individual file not published; consult problem_documents for shared-paper availability.
problem,3531,fyziklani,2010,,Problems,https://olimpicos.net/fyziklani/index.html#2010,not_published,Individual file not published; consult problem_documents for shared-paper availability.
problem,3532,fyziklani,2010,,Problems,https://olimpicos.net/fyziklani/index.html#2010,not_published,Individual file not published; consult problem_documents for shared-paper availability.
problem,3533,fyziklani,2010,,Problems,https://olimpicos.net/fyziklani/index.html#2010,not_published,Individual file not published; consult problem_documents for shared-paper availability.
problem,3534,fyziklani,2010,,Problems,https://olimpicos.net/fyziklani/index.html#2010,not_published,Individual file not published; consult problem_documents for shared-paper availability.
problem,3535,fyziklani,2010,,Problems,https://olimpicos.net/fyziklani/index.html#2010,not_published,Individual file not published; consult problem_documents for shared-paper availability.
problem,3536,fyziklani,2010,,Problems,https://olimpicos.net/fyziklani/index.html#2010,not_published,Individual file not published; consult problem_documents for shared-paper availability.
problem,3537,fyziklani,2010,,Problems,https://olimpicos.net/fyziklani/index.html#2010,not_published,Individual file not published; consult problem_documents for shared-paper availability.
problem,3538,fyziklani,2010,,Problems,https://olimpicos.net/fyziklani/index.html#2010,not_published,Individual file not published; consult problem_documents for shared-paper availability.
problem,3539,fyziklani,2010,,Problems,https://olimpicos.net/fyziklani/index.html#2010,not_published,Individual file not published; consult problem_documents for shared-paper availability.
problem,3540,fyziklani,2010,,Problems,https://olimpicos.net/fyziklani/index.html#2010,not_published,Individual file not published; consult problem_documents for shared-paper availability.
problem,3541,fyziklani,2010,,Problems,https://olimpicos.net/fyziklani/index.html#2010,not_published,Individual file not published; consult problem_documents for shared-paper availability.
problem,3542,fyziklani,2010,,Problems,https://olimpicos.net/fyziklani/index.html#2010,not_published,Individual file not published; consult problem_documents for shared-paper availability.
problem,3543,fyziklani,2010,,Problems,https://olimpicos.net/fyziklani/index.html#2010,not_published,Individual file not published; consult problem_documents for shared-paper availability.
problem,3544,fyziklani,2010,,Problems,https://olimpicos.net/fyziklani/index.html#2010,not_published,Individual file not published; consult problem_documents for shared-paper availability.
problem,3545,fyziklani,2010,,Problems,https://olimpicos.net/fyziklani/index.html#2010,not_published,Individual file not published; consult problem_documents for shared-paper availability.
problem,3546,fyziklani,2010,,Problems,https://olimpicos.net/fyziklani/index.html#2010,not_published,Individual file not published; consult problem_documents for shared-paper availability.
problem,3547,fyziklani,2010,,Problems,https://olimpicos.net/fyziklani/index.html#2010,not_published,Individual file not published; consult problem_documents for shared-paper availability.
problem,3548,fyziklani,2010,,Problems,https://olimpicos.net/fyziklani/index.html#2010,not_published,Individual file not published; consult problem_documents for shared-paper availability.
problem,3549,fyziklani,2010,,Problems,https://olimpicos.net/fyziklani/index.html#2010,not_published,Individual file not published; consult problem_documents for shared-paper availability.
problem,3550,fyziklani,2010,,Problems,https://olimpicos.net/fyziklani/index.html#2010,not_published,Individual file not published; consult problem_documents for shared-paper availability.
problem,3551,fyziklani,2010,,Problems,https://olimpicos.net/fyziklani/index.html#2010,not_published,Individual file not published; consult problem_documents for shared-paper availability.
problem,3552,fyziklani,2010,,Problems,https://olimpicos.net/fyziklani/index.html#2010,not_published,Individual file not published; consult problem_documents for shared-paper availability.
problem,3553,fyziklani,2010,,Problems,https://olimpicos.net/fyziklani/index.html#2010,not_published,Individual file not published; consult problem_documents for shared-paper availability.
problem,3554,fyziklani,2010,,Problems,https://olimpicos.net/fyziklani/index.html#2010,not_published,Individual file not published; consult problem_documents for shared-paper availability.
problem,3555,fyziklani,2010,,Problems,https://olimpicos.net/fyziklani/index.html#2010,not_published,Individual file not published; consult problem_documents for shared-paper availability.
problem,3556,fyziklani,2010,,Problems,https://olimpicos.net/fyziklani/index.html#2010,not_published,Individual file not published; consult problem_documents for shared-paper availability.
problem,3557,fyziklani,2010,,Problems,https://olimpicos.net/fyziklani/index.html#2010,not_published,Individual file not published; consult problem_documents for shared-paper availability.
problem,3558,fyziklani,2009,,Problems,https://olimpicos.net/fyziklani/index.html#2009,not_published,Individual file not published; consult problem_documents for shared-paper availability.
problem,3559,fyziklani,2009,,Problems,https://olimpicos.net/fyziklani/index.html#2009,not_published,Individual file not published; consult problem_documents for shared-paper availability.
problem,3560,fyziklani,2009,,Problems,https://olimpicos.net/fyziklani/index.html#2009,not_published,Individual file not published; consult problem_documents for shared-paper availability.
problem,3561,fyziklani,2009,,Problems,https://olimpicos.net/fyziklani/index.html#2009,not_published,Individual file not published; consult problem_documents for shared-paper availability.
problem,3562,fyziklani,2009,,Problems,https://olimpicos.net/fyziklani/index.html#2009,not_published,Individual file not published; consult problem_documents for shared-paper availability.
problem,3563,fyziklani,2009,,Problems,https://olimpicos.net/fyziklani/index.html#2009,not_published,Individual file not published; consult problem_documents for shared-paper availability.
problem,3564,fyziklani,2009,,Problems,https://olimpicos.net/fyziklani/index.html#2009,not_published,Individual file not published; consult problem_documents for shared-paper availability.
problem,3565,fyziklani,2009,,Problems,https://olimpicos.net/fyziklani/index.html#2009,not_published,Individual file not published; consult problem_documents for shared-paper availability.
problem,3566,fyziklani,2009,,Problems,https://olimpicos.net/fyziklani/index.html#2009,not_published,Individual file not published; consult problem_documents for shared-paper availability.
problem,3567,fyziklani,2009,,Problems,https://olimpicos.net/fyziklani/index.html#2009,not_published,Individual file not published; consult problem_documents for shared-paper availability.
problem,3568,fyziklani,2009,,Problems,https://olimpicos.net/fyziklani/index.html#2009,not_published,Individual file not published; consult problem_documents for shared-paper availability.
problem,3569,fyziklani,2009,,Problems,https://olimpicos.net/fyziklani/index.html#2009,not_published,Individual file not published; consult problem_documents for shared-paper availability.
problem,3570,fyziklani,2009,,Problems,https://olimpicos.net/fyziklani/index.html#2009,not_published,Individual file not published; consult problem_documents for shared-paper availability.
problem,3571,fyziklani,2009,,Problems,https://olimpicos.net/fyziklani/index.html#2009,not_published,Individual file not published; consult problem_documents for shared-paper availability.
problem,3572,fyziklani,2009,,Problems,https://olimpicos.net/fyziklani/index.html#2009,not_published,Individual file not published; consult problem_documents for shared-paper availability.
problem,3573,fyziklani,2009,,Problems,https://olimpicos.net/fyziklani/index.html#2009,not_published,Individual file not published; consult problem_documents for shared-paper availability.
problem,3574,fyziklani,2009,,Problems,https://olimpicos.net/fyziklani/index.html#2009,not_published,Individual file not published; consult problem_documents for shared-paper availability.
problem,3575,fyziklani,2009,,Problems,https://olimpicos.net/fyziklani/index.html#2009,not_published,Individual file not published; consult problem_documents for shared-paper availability.
problem,3576,fyziklani,2009,,Problems,https://olimpicos.net/fyziklani/index.html#2009,not_published,Individual file not published; consult problem_documents for shared-paper availability.
problem,3577,fyziklani,2009,,Problems,https://olimpicos.net/fyziklani/index.html#2009,not_published,Individual file not published; consult problem_documents for shared-paper availability.
problem,3578,fyziklani,2009,,Problems,https://olimpicos.net/fyziklani/index.html#2009,not_published,Individual file not published; consult problem_documents for shared-paper availability.
problem,3579,fyziklani,2009,,Problems,https://olimpicos.net/fyziklani/index.html#2009,not_published,Individual file not published; consult problem_documents for shared-paper availability.
problem,3580,fyziklani,2009,,Problems,https://olimpicos.net/fyziklani/index.html#2009,not_published,Individual file not published; consult problem_documents for shared-paper availability.
problem,3581,fyziklani,2009,,Problems,https://olimpicos.net/fyziklani/index.html#2009,not_published,Individual file not published; consult problem_documents for shared-paper availability.
problem,3582,fyziklani,2009,,Problems,https://olimpicos.net/fyziklani/index.html#2009,not_published,Individual file not published; consult problem_documents for shared-paper availability.
problem,3583,fyziklani,2009,,Problems,https://olimpicos.net/fyziklani/index.html#2009,not_published,Individual file not published; consult problem_documents for shared-paper availability.
problem,3584,fyziklani,2009,,Problems,https://olimpicos.net/fyziklani/index.html#2009,not_published,Individual file not published; consult problem_documents for shared-paper availability.
problem,3585,fyziklani,2009,,Problems,https://olimpicos.net/fyziklani/index.html#2009,not_published,Individual file not published; consult problem_documents for shared-paper availability.
problem,3586,fyziklani,2009,,Problems,https://olimpicos.net/fyziklani/index.html#2009,not_published,Individual file not published; consult problem_documents for shared-paper availability.
problem,3587,fyziklani,2009,,Problems,https://olimpicos.net/fyziklani/index.html#2009,not_published,Individual file not published; consult problem_documents for shared-paper availability.
problem,3588,fyziklani,2009,,Problems,https://olimpicos.net/fyziklani/index.html#2009,not_published,Individual file not published; consult problem_documents for shared-paper availability.
problem,3589,fyziklani,2009,,Problems,https://olimpicos.net/fyziklani/index.html#2009,not_published,Individual file not published; consult problem_documents for shared-paper availability.
problem,3590,fyziklani,2009,,Problems,https://olimpicos.net/fyziklani/index.html#2009,not_published,Individual file not published; consult problem_documents for shared-paper availability.
problem,3591,fyziklani,2009,,Problems,https://olimpicos.net/fyziklani/index.html#2009,not_published,Individual file not published; consult problem_documents for shared-paper availability.
problem,3592,fyziklani,2009,,Problems,https://olimpicos.net/fyziklani/index.html#2009,not_published,Individual file not published; consult problem_documents for shared-paper availability.
problem,3593,fyziklani,2009,,Problems,https://olimpicos.net/fyziklani/index.html#2009,not_published,Individual file not published; consult problem_documents for shared-paper availability.
problem,3594,fyziklani,2009,,Problems,https://olimpicos.net/fyziklani/index.html#2009,not_published,Individual file not published; consult problem_documents for shared-paper availability.
problem,3595,fyziklani,2009,,Problems,https://olimpicos.net/fyziklani/index.html#2009,not_published,Individual file not published; consult problem_documents for shared-paper availability.
problem,3596,fyziklani,2009,,Problems,https://olimpicos.net/fyziklani/index.html#2009,not_published,Individual file not published; consult problem_documents for shared-paper availability.
problem,3597,fyziklani,2009,,Problems,https://olimpicos.net/fyziklani/index.html#2009,not_published,Individual file not published; consult problem_documents for shared-paper availability.
problem,3598,fyziklani,2008,,Problems,https://olimpicos.net/fyziklani/index.html#2008,not_published,Individual file not published; consult problem_documents for shared-paper availability.
problem,3599,fyziklani,2008,,Problems,https://olimpicos.net/fyziklani/index.html#2008,not_published,Individual file not published; consult problem_documents for shared-paper availability.
problem,3600,fyziklani,2008,,Problems,https://olimpicos.net/fyziklani/index.html#2008,not_published,Individual file not published; consult problem_documents for shared-paper availability.
problem,3601,fyziklani,2008,,Problems,https://olimpicos.net/fyziklani/index.html#2008,not_published,Individual file not published; consult problem_documents for shared-paper availability.
problem,3602,fyziklani,2008,,Problems,https://olimpicos.net/fyziklani/index.html#2008,not_published,Individual file not published; consult problem_documents for shared-paper availability.
problem,3603,fyziklani,2008,,Problems,https://olimpicos.net/fyziklani/index.html#2008,not_published,Individual file not published; consult problem_documents for shared-paper availability.
problem,3604,fyziklani,2008,,Problems,https://olimpicos.net/fyziklani/index.html#2008,not_published,Individual file not published; consult problem_documents for shared-paper availability.
problem,3605,fyziklani,2008,,Problems,https://olimpicos.net/fyziklani/index.html#2008,not_published,Individual file not published; consult problem_documents for shared-paper availability.
problem,3606,fyziklani,2008,,Problems,https://olimpicos.net/fyziklani/index.html#2008,not_published,Individual file not published; consult problem_documents for shared-paper availability.
problem,3607,fyziklani,2008,,Problems,https://olimpicos.net/fyziklani/index.html#2008,not_published,Individual file not published; consult problem_documents for shared-paper availability.
problem,3608,fyziklani,2008,,Problems,https://olimpicos.net/fyziklani/index.html#2008,not_published,Individual file not published; consult problem_documents for shared-paper availability.
problem,3609,fyziklani,2008,,Problems,https://olimpicos.net/fyziklani/index.html#2008,not_published,Individual file not published; consult problem_documents for shared-paper availability.
problem,3610,fyziklani,2008,,Problems,https://olimpicos.net/fyziklani/index.html#2008,not_published,Individual file not published; consult problem_documents for shared-paper availability.
problem,3611,fyziklani,2008,,Problems,https://olimpicos.net/fyziklani/index.html#2008,not_published,Individual file not published; consult problem_documents for shared-paper availability.
problem,3612,fyziklani,2008,,Problems,https://olimpicos.net/fyziklani/index.html#2008,not_published,Individual file not published; consult problem_documents for shared-paper availability.
problem,3613,fyziklani,2008,,Problems,https://olimpicos.net/fyziklani/index.html#2008,not_published,Individual file not published; consult problem_documents for shared-paper availability.
problem,3614,fyziklani,2008,,Problems,https://olimpicos.net/fyziklani/index.html#2008,not_published,Individual file not published; consult problem_documents for shared-paper availability.
problem,3615,fyziklani,2008,,Problems,https://olimpicos.net/fyziklani/index.html#2008,not_published,Individual file not published; consult problem_documents for shared-paper availability.
problem,3616,fyziklani,2008,,Problems,https://olimpicos.net/fyziklani/index.html#2008,not_published,Individual file not published; consult problem_documents for shared-paper availability.
problem,3617,fyziklani,2008,,Problems,https://olimpicos.net/fyziklani/index.html#2008,not_published,Individual file not published; consult problem_documents for shared-paper availability.
problem,3618,fyziklani,2008,,Problems,https://olimpicos.net/fyziklani/index.html#2008,not_published,Individual file not published; consult problem_documents for shared-paper availability.
problem,3619,fyziklani,2008,,Problems,https://olimpicos.net/fyziklani/index.html#2008,not_published,Individual file not published; consult problem_documents for shared-paper availability.
problem,3620,fyziklani,2008,,Problems,https://olimpicos.net/fyziklani/index.html#2008,not_published,Individual file not published; consult problem_documents for shared-paper availability.
problem,3621,fyziklani,2008,,Problems,https://olimpicos.net/fyziklani/index.html#2008,not_published,Individual file not published; consult problem_documents for shared-paper availability.
problem,3622,fyziklani,2008,,Problems,https://olimpicos.net/fyziklani/index.html#2008,not_published,Individual file not published; consult problem_documents for shared-paper availability.
problem,3623,fyziklani,2008,,Problems,https://olimpicos.net/fyziklani/index.html#2008,not_published,Individual file not published; consult problem_documents for shared-paper availability.
problem,3624,fyziklani,2008,,Problems,https://olimpicos.net/fyziklani/index.html#2008,not_published,Individual file not published; consult problem_documents for shared-paper availability.
problem,3625,fyziklani,2008,,Problems,https://olimpicos.net/fyziklani/index.html#2008,not_published,Individual file not published; consult problem_documents for shared-paper availability.
problem,3626,fyziklani,2008,,Problems,https://olimpicos.net/fyziklani/index.html#2008,not_published,Individual file not published; consult problem_documents for shared-paper availability.
problem,3627,fyziklani,2008,,Problems,https://olimpicos.net/fyziklani/index.html#2008,not_published,Individual file not published; consult problem_documents for shared-paper availability.
problem,3628,fyziklani,2008,,Problems,https://olimpicos.net/fyziklani/index.html#2008,not_published,Individual file not published; consult problem_documents for shared-paper availability.
problem,3629,fyziklani,2008,,Problems,https://olimpicos.net/fyziklani/index.html#2008,not_published,Individual file not published; consult problem_documents for shared-paper availability.
problem,3630,fyziklani,2008,,Problems,https://olimpicos.net/fyziklani/index.html#2008,not_published,Individual file not published; consult problem_documents for shared-paper availability.
problem,3631,fyziklani,2008,,Problems,https://olimpicos.net/fyziklani/index.html#2008,not_published,Individual file not published; consult problem_documents for shared-paper availability.
problem,3632,fyziklani,2008,,Problems,https://olimpicos.net/fyziklani/index.html#2008,not_published,Individual file not published; consult problem_documents for shared-paper availability.
problem,3633,fyziklani,2008,,Problems,https://olimpicos.net/fyziklani/index.html#2008,not_published,Individual file not published; consult problem_documents for shared-paper availability.
problem,3634,fyziklani,2008,,Problems,https://olimpicos.net/fyziklani/index.html#2008,not_published,Individual file not published; consult problem_documents for shared-paper availability.
problem,3635,fyziklani,2008,,Problems,https://olimpicos.net/fyziklani/index.html#2008,not_published,Individual file not published; consult problem_documents for shared-paper availability.
problem,3636,fyziklani,2008,,Problems,https://olimpicos.net/fyziklani/index.html#2008,not_published,Individual file not published; consult problem_documents for shared-paper availability.
problem,3637,fyziklani,2008,,Problems,https://olimpicos.net/fyziklani/index.html#2008,not_published,Individual file not published; consult problem_documents for shared-paper availability.
problem,3638,fyziklani,2006,,Problems,https://olimpicos.net/fyziklani/index.html#2006,not_published,Individual file not published; consult problem_documents for shared-paper availability.
problem,3639,fyziklani,2006,,Problems,https://olimpicos.net/fyziklani/index.html#2006,not_published,Individual file not published; consult problem_documents for shared-paper availability.
problem,3640,fyziklani,2006,,Problems,https://olimpicos.net/fyziklani/index.html#2006,not_published,Individual file not published; consult problem_documents for shared-paper availability.
problem,3641,fyziklani,2006,,Problems,https://olimpicos.net/fyziklani/index.html#2006,not_published,Individual file not published; consult problem_documents for shared-paper availability.
problem,3642,fyziklani,2006,,Problems,https://olimpicos.net/fyziklani/index.html#2006,not_published,Individual file not published; consult problem_documents for shared-paper availability.
problem,3643,fyziklani,2006,,Problems,https://olimpicos.net/fyziklani/index.html#2006,not_published,Individual file not published; consult problem_documents for shared-paper availability.
problem,3644,fyziklani,2006,,Problems,https://olimpicos.net/fyziklani/index.html#2006,not_published,Individual file not published; consult problem_documents for shared-paper availability.
problem,3645,fyziklani,2006,,Problems,https://olimpicos.net/fyziklani/index.html#2006,not_published,Individual file not published; consult problem_documents for shared-paper availability.
problem,3646,fyziklani,2006,,Problems,https://olimpicos.net/fyziklani/index.html#2006,not_published,Individual file not published; consult problem_documents for shared-paper availability.
problem,3647,fyziklani,2006,,Problems,https://olimpicos.net/fyziklani/index.html#2006,not_published,Individual file not published; consult problem_documents for shared-paper availability.
problem,3648,fyziklani,2006,,Problems,https://olimpicos.net/fyziklani/index.html#2006,not_published,Individual file not published; consult problem_documents for shared-paper availability.
problem,3649,fyziklani,2006,,Problems,https://olimpicos.net/fyziklani/index.html#2006,not_published,Individual file not published; consult problem_documents for shared-paper availability.
problem,3650,fyziklani,2006,,Problems,https://olimpicos.net/fyziklani/index.html#2006,not_published,Individual file not published; consult problem_documents for shared-paper availability.
problem,3651,fyziklani,2006,,Problems,https://olimpicos.net/fyziklani/index.html#2006,not_published,Individual file not published; consult problem_documents for shared-paper availability.
problem,3652,fyziklani,2006,,Problems,https://olimpicos.net/fyziklani/index.html#2006,not_published,Individual file not published; consult problem_documents for shared-paper availability.
problem,3653,fyziklani,2006,,Problems,https://olimpicos.net/fyziklani/index.html#2006,not_published,Individual file not published; consult problem_documents for shared-paper availability.
problem,3654,fyziklani,2006,,Problems,https://olimpicos.net/fyziklani/index.html#2006,not_published,Individual file not published; consult problem_documents for shared-paper availability.
problem,3655,fyziklani,2006,,Problems,https://olimpicos.net/fyziklani/index.html#2006,not_published,Individual file not published; consult problem_documents for shared-paper availability.
problem,3656,fyziklani,2006,,Problems,https://olimpicos.net/fyziklani/index.html#2006,not_published,Individual file not published; consult problem_documents for shared-paper availability.
problem,3657,fyziklani,2006,,Problems,https://olimpicos.net/fyziklani/index.html#2006,not_published,Individual file not published; consult problem_documents for shared-paper availability.
problem,3658,fyziklani,2006,,Problems,https://olimpicos.net/fyziklani/index.html#2006,not_published,Individual file not published; consult problem_documents for shared-paper availability.
problem,3659,fyziklani,2006,,Problems,https://olimpicos.net/fyziklani/index.html#2006,not_published,Individual file not published; consult problem_documents for shared-paper availability.
problem,3660,fyziklani,2006,,Problems,https://olimpicos.net/fyziklani/index.html#2006,not_published,Individual file not published; consult problem_documents for shared-paper availability.
problem,3661,fyziklani,2006,,Problems,https://olimpicos.net/fyziklani/index.html#2006,not_published,Individual file not published; consult problem_documents for shared-paper availability.
problem,3662,fyziklani,2006,,Problems,https://olimpicos.net/fyziklani/index.html#2006,not_published,Individual file not published; consult problem_documents for shared-paper availability.
problem,3663,fyziklani,2006,,Problems,https://olimpicos.net/fyziklani/index.html#2006,not_published,Individual file not published; consult problem_documents for shared-paper availability.
problem,3664,fyziklani,2006,,Problems,https://olimpicos.net/fyziklani/index.html#2006,not_published,Individual file not published; consult problem_documents for shared-paper availability.
problem,3665,fyziklani,2006,,Problems,https://olimpicos.net/fyziklani/index.html#2006,not_published,Individual file not published; consult problem_documents for shared-paper availability.
problem,3666,fyziklani,2006,,Problems,https://olimpicos.net/fyziklani/index.html#2006,not_published,Individual file not published; consult problem_documents for shared-paper availability.
problem,3667,fyziklani,2006,,Problems,https://olimpicos.net/fyziklani/index.html#2006,not_published,Individual file not published; consult problem_documents for shared-paper availability.
problem,3668,fyziklani,2006,,Problems,https://olimpicos.net/fyziklani/index.html#2006,not_published,Individual file not published; consult problem_documents for shared-paper availability.
problem,3669,fyziklani,2006,,Problems,https://olimpicos.net/fyziklani/index.html#2006,not_published,Individual file not published; consult problem_documents for shared-paper availability.
problem,3670,fyziklani,2006,,Problems,https://olimpicos.net/fyziklani/index.html#2006,not_published,Individual file not published; consult problem_documents for shared-paper availability.
problem,3671,fyziklani,2006,,Problems,https://olimpicos.net/fyziklani/index.html#2006,not_published,Individual file not published; consult problem_documents for shared-paper availability.
problem,3672,fyziklani,2006,,Problems,https://olimpicos.net/fyziklani/index.html#2006,not_published,Individual file not published; consult problem_documents for shared-paper availability.
problem,3673,fyziklani,2006,,Problems,https://olimpicos.net/fyziklani/index.html#2006,not_published,Individual file not published; consult problem_documents for shared-paper availability.
problem,3674,fyziklani,2006,,Problems,https://olimpicos.net/fyziklani/index.html#2006,not_published,Individual file not published; consult problem_documents for shared-paper availability.
problem,3675,fyziklani,2006,,Problems,https://olimpicos.net/fyziklani/index.html#2006,not_published,Individual file not published; consult problem_documents for shared-paper availability.
problem,3676,fyziklani,2006,,Problems,https://olimpicos.net/fyziklani/index.html#2006,not_published,Individual file not published; consult problem_documents for shared-paper availability.
problem,3677,fyziklani,2006,,Problems,https://olimpicos.net/fyziklani/index.html#2006,not_published,Individual file not published; consult problem_documents for shared-paper availability.
problem,3678,fyziklani,2006,,Problems,https://olimpicos.net/fyziklani/index.html#2006,not_published,Individual file not published; consult problem_documents for shared-paper availability.
problem,3679,fyziklani,2006,,Problems,https://olimpicos.net/fyziklani/index.html#2006,not_published,Individual file not published; consult problem_documents for shared-paper availability.
problem,3680,efo,2022,,Problems,https://olimpicos.net/efo/index.html#2022,not_published,Individual file not published; consult problem_documents for shared-paper availability.
problem,3681,efo,2022,,Problems,https://olimpicos.net/efo/index.html#2022,not_published,Individual file not published; consult problem_documents for shared-paper availability.
problem,3682,efo,2022,,Problems,https://olimpicos.net/efo/index.html#2022,not_published,Individual file not published; consult problem_documents for shared-paper availability.
problem,3683,efo,2022,,Problems,https://olimpicos.net/efo/index.html#2022,not_published,Individual file not published; consult problem_documents for shared-paper availability.
problem,3684,efo,2022,,Problems,https://olimpicos.net/efo/index.html#2022,not_published,Individual file not published; consult problem_documents for shared-paper availability.
problem,3685,efo,2022,,Problems,https://olimpicos.net/efo/index.html#2022,not_published,Individual file not published; consult problem_documents for shared-paper availability.
problem,3686,efo,2022,,Problems,https://olimpicos.net/efo/index.html#2022,not_published,Individual file not published; consult problem_documents for shared-paper availability.
problem,3687,efo,2022,,Problems,https://olimpicos.net/efo/index.html#2022,not_published,Individual file not published; consult problem_documents for shared-paper availability.
problem,3688,efo,2022,,Problems,https://olimpicos.net/efo/index.html#2022,not_published,Individual file not published; consult problem_documents for shared-paper availability.
problem,3689,efo,2022,,Problems,https://olimpicos.net/efo/index.html#2022,not_published,Individual file not published; consult problem_documents for shared-paper availability.
problem,3690,efo,2021,,Problems,https://olimpicos.net/efo/index.html#2021,not_published,Individual file not published; consult problem_documents for shared-paper availability.
problem,3691,efo,2021,,Problems,https://olimpicos.net/efo/index.html#2021,not_published,Individual file not published; consult problem_documents for shared-paper availability.
problem,3692,efo,2021,,Problems,https://olimpicos.net/efo/index.html#2021,not_published,Individual file not published; consult problem_documents for shared-paper availability.
problem,3693,efo,2021,,Problems,https://olimpicos.net/efo/index.html#2021,not_published,Individual file not published; consult problem_documents for shared-paper availability.
problem,3694,efo,2021,,Problems,https://olimpicos.net/efo/index.html#2021,not_published,Individual file not published; consult problem_documents for shared-paper availability.
problem,3695,efo,2021,,Problems,https://olimpicos.net/efo/index.html#2021,not_published,Individual file not published; consult problem_documents for shared-paper availability.
problem,3696,efo,2021,,Problems,https://olimpicos.net/efo/index.html#2021,not_published,Individual file not published; consult problem_documents for shared-paper availability.
problem,3697,efo,2021,,Problems,https://olimpicos.net/efo/index.html#2021,not_published,Individual file not published; consult problem_documents for shared-paper availability.
problem,3698,efo,2021,,Problems,https://olimpicos.net/efo/index.html#2021,not_published,Individual file not published; consult problem_documents for shared-paper availability.
problem,3699,efo,2021,,Problems,https://olimpicos.net/efo/index.html#2021,not_published,Individual file not published; consult problem_documents for shared-paper availability.
problem,3700,efo,2020,,Problems,https://olimpicos.net/efo/index.html#2020,not_published,Individual file not published; consult problem_documents for shared-paper availability.
problem,3701,efo,2020,,Problems,https://olimpicos.net/efo/index.html#2020,not_published,Individual file not published; consult problem_documents for shared-paper availability.
problem,3702,efo,2020,,Problems,https://olimpicos.net/efo/index.html#2020,not_published,Individual file not published; consult problem_documents for shared-paper availability.
problem,3703,efo,2020,,Problems,https://olimpicos.net/efo/index.html#2020,not_published,Individual file not published; consult problem_documents for shared-paper availability.
problem,3704,efo,2020,,Problems,https://olimpicos.net/efo/index.html#2020,not_published,Individual file not published; consult problem_documents for shared-paper availability.
problem,3705,efo,2020,,Problems,https://olimpicos.net/efo/index.html#2020,not_published,Individual file not published; consult problem_documents for shared-paper availability.
problem,3706,efo,2020,,Problems,https://olimpicos.net/efo/index.html#2020,not_published,Individual file not published; consult problem_documents for shared-paper availability.
problem,3707,efo,2020,,Problems,https://olimpicos.net/efo/index.html#2020,not_published,Individual file not published; consult problem_documents for shared-paper availability.
problem,3708,efo,2020,,Problems,https://olimpicos.net/efo/index.html#2020,not_published,Individual file not published; consult problem_documents for shared-paper availability.
problem,3709,efo,2020,,Problems,https://olimpicos.net/efo/index.html#2020,not_published,Individual file not published; consult problem_documents for shared-paper availability.
problem,3710,efo,2019,,Problems,https://olimpicos.net/efo/index.html#2019,not_published,Individual file not published; consult problem_documents for shared-paper availability.
problem,3711,efo,2019,,Problems,https://olimpicos.net/efo/index.html#2019,not_published,Individual file not published; consult problem_documents for shared-paper availability.
problem,3712,efo,2019,,Problems,https://olimpicos.net/efo/index.html#2019,not_published,Individual file not published; consult problem_documents for shared-paper availability.
problem,3713,efo,2019,,Problems,https://olimpicos.net/efo/index.html#2019,not_published,Individual file not published; consult problem_documents for shared-paper availability.
problem,3714,efo,2019,,Problems,https://olimpicos.net/efo/index.html#2019,not_published,Individual file not published; consult problem_documents for shared-paper availability.
problem,3715,efo,2019,,Problems,https://olimpicos.net/efo/index.html#2019,not_published,Individual file not published; consult problem_documents for shared-paper availability.
problem,3716,efo,2019,,Problems,https://olimpicos.net/efo/index.html#2019,not_published,Individual file not published; consult problem_documents for shared-paper availability.
problem,3717,efo,2019,,Problems,https://olimpicos.net/efo/index.html#2019,not_published,Individual file not published; consult problem_documents for shared-paper availability.
problem,3718,efo,2019,,Problems,https://olimpicos.net/efo/index.html#2019,not_published,Individual file not published; consult problem_documents for shared-paper availability.
problem,3719,efo,2019,,Problems,https://olimpicos.net/efo/index.html#2019,not_published,Individual file not published; consult problem_documents for shared-paper availability.
problem,3720,efo,2018,,Problems,https://olimpicos.net/efo/index.html#2018,not_published,Individual file not published; consult problem_documents for shared-paper availability.
problem,3721,efo,2018,,Problems,https://olimpicos.net/efo/index.html#2018,not_published,Individual file not published; consult problem_documents for shared-paper availability.
problem,3722,efo,2018,,Problems,https://olimpicos.net/efo/index.html#2018,not_published,Individual file not published; consult problem_documents for shared-paper availability.
problem,3723,efo,2018,,Problems,https://olimpicos.net/efo/index.html#2018,not_published,Individual file not published; consult problem_documents for shared-paper availability.
problem,3724,efo,2018,,Problems,https://olimpicos.net/efo/index.html#2018,not_published,Individual file not published; consult problem_documents for shared-paper availability.
problem,3725,efo,2018,,Problems,https://olimpicos.net/efo/index.html#2018,not_published,Individual file not published; consult problem_documents for shared-paper availability.
problem,3726,efo,2018,,Problems,https://olimpicos.net/efo/index.html#2018,not_published,Individual file not published; consult problem_documents for shared-paper availability.
problem,3727,efo,2018,,Problems,https://olimpicos.net/efo/index.html#2018,not_published,Individual file not published; consult problem_documents for shared-paper availability.
problem,3728,efo,2018,,Problems,https://olimpicos.net/efo/index.html#2018,not_published,Individual file not published; consult problem_documents for shared-paper availability.
problem,3729,efo,2018,,Problems,https://olimpicos.net/efo/index.html#2018,not_published,Individual file not published; consult problem_documents for shared-paper availability.
problem,3730,efo,2017,,Problems,https://olimpicos.net/efo/index.html#2017,not_published,Individual file not published; consult problem_documents for shared-paper availability.
problem,3731,efo,2017,,Problems,https://olimpicos.net/efo/index.html#2017,not_published,Individual file not published; consult problem_documents for shared-paper availability.
problem,3732,efo,2017,,Problems,https://olimpicos.net/efo/index.html#2017,not_published,Individual file not published; consult problem_documents for shared-paper availability.
problem,3733,efo,2017,,Problems,https://olimpicos.net/efo/index.html#2017,not_published,Individual file not published; consult problem_documents for shared-paper availability.
problem,3734,efo,2017,,Problems,https://olimpicos.net/efo/index.html#2017,not_published,Individual file not published; consult problem_documents for shared-paper availability.
problem,3735,efo,2017,,Problems,https://olimpicos.net/efo/index.html#2017,not_published,Individual file not published; consult problem_documents for shared-paper availability.
problem,3736,efo,2017,,Problems,https://olimpicos.net/efo/index.html#2017,not_published,Individual file not published; consult problem_documents for shared-paper availability.
problem,3737,efo,2017,,Problems,https://olimpicos.net/efo/index.html#2017,not_published,Individual file not published; consult problem_documents for shared-paper availability.
problem,3738,efo,2017,,Problems,https://olimpicos.net/efo/index.html#2017,not_published,Individual file not published; consult problem_documents for shared-paper availability.
problem,3739,efo,2017,,Problems,https://olimpicos.net/efo/index.html#2017,not_published,Individual file not published; consult problem_documents for shared-paper availability.
problem,3740,efo,2016,,Problems,https://olimpicos.net/efo/index.html#2016,not_published,Individual file not published; consult problem_documents for shared-paper availability.
problem,3741,efo,2016,,Problems,https://olimpicos.net/efo/index.html#2016,not_published,Individual file not published; consult problem_documents for shared-paper availability.
problem,3742,efo,2016,,Problems,https://olimpicos.net/efo/index.html#2016,not_published,Individual file not published; consult problem_documents for shared-paper availability.
problem,3743,efo,2016,,Problems,https://olimpicos.net/efo/index.html#2016,not_published,Individual file not published; consult problem_documents for shared-paper availability.
problem,3744,efo,2016,,Problems,https://olimpicos.net/efo/index.html#2016,not_published,Individual file not published; consult problem_documents for shared-paper availability.
problem,3745,efo,2016,,Problems,https://olimpicos.net/efo/index.html#2016,not_published,Individual file not published; consult problem_documents for shared-paper availability.
problem,3746,efo,2016,,Problems,https://olimpicos.net/efo/index.html#2016,not_published,Individual file not published; consult problem_documents for shared-paper availability.
problem,3747,efo,2016,,Problems,https://olimpicos.net/efo/index.html#2016,not_published,Individual file not published; consult problem_documents for shared-paper availability.
problem,3748,efo,2016,,Problems,https://olimpicos.net/efo/index.html#2016,not_published,Individual file not published; consult problem_documents for shared-paper availability.
problem,3749,efo,2016,,Problems,https://olimpicos.net/efo/index.html#2016,not_published,Individual file not published; consult problem_documents for shared-paper availability.
problem,3750,efo,2015,,Problems,https://olimpicos.net/efo/index.html#2015,not_published,Individual file not published; consult problem_documents for shared-paper availability.
problem,3751,efo,2015,,Problems,https://olimpicos.net/efo/index.html#2015,not_published,Individual file not published; consult problem_documents for shared-paper availability.
problem,3752,efo,2015,,Problems,https://olimpicos.net/efo/index.html#2015,not_published,Individual file not published; consult problem_documents for shared-paper availability.
problem,3753,efo,2015,,Problems,https://olimpicos.net/efo/index.html#2015,not_published,Individual file not published; consult problem_documents for shared-paper availability.
problem,3754,efo,2015,,Problems,https://olimpicos.net/efo/index.html#2015,not_published,Individual file not published; consult problem_documents for shared-paper availability.
problem,3755,efo,2015,,Problems,https://olimpicos.net/efo/index.html#2015,not_published,Individual file not published; consult problem_documents for shared-paper availability.
problem,3756,efo,2015,,Problems,https://olimpicos.net/efo/index.html#2015,not_published,Individual file not published; consult problem_documents for shared-paper availability.
problem,3757,efo,2015,,Problems,https://olimpicos.net/efo/index.html#2015,not_published,Individual file not published; consult problem_documents for shared-paper availability.
problem,3758,efo,2015,,Problems,https://olimpicos.net/efo/index.html#2015,not_published,Individual file not published; consult problem_documents for shared-paper availability.
problem,3759,efo,2015,,Problems,https://olimpicos.net/efo/index.html#2015,not_published,Individual file not published; consult problem_documents for shared-paper availability.
problem,3760,efo,2014,,Problems,https://olimpicos.net/efo/index.html#2014,not_published,Individual file not published; consult problem_documents for shared-paper availability.
problem,3761,efo,2014,,Problems,https://olimpicos.net/efo/index.html#2014,not_published,Individual file not published; consult problem_documents for shared-paper availability.
problem,3762,efo,2014,,Problems,https://olimpicos.net/efo/index.html#2014,not_published,Individual file not published; consult problem_documents for shared-paper availability.
problem,3763,efo,2014,,Problems,https://olimpicos.net/efo/index.html#2014,not_published,Individual file not published; consult problem_documents for shared-paper availability.
problem,3764,efo,2014,,Problems,https://olimpicos.net/efo/index.html#2014,not_published,Individual file not published; consult problem_documents for shared-paper availability.
problem,3765,efo,2014,,Problems,https://olimpicos.net/efo/index.html#2014,not_published,Individual file not published; consult problem_documents for shared-paper availability.
problem,3766,efo,2014,,Problems,https://olimpicos.net/efo/index.html#2014,not_published,Individual file not published; consult problem_documents for shared-paper availability.
problem,3767,efo,2014,,Problems,https://olimpicos.net/efo/index.html#2014,not_published,Individual file not published; consult problem_documents for shared-paper availability.
problem,3768,efo,2014,,Problems,https://olimpicos.net/efo/index.html#2014,not_published,Individual file not published; consult problem_documents for shared-paper availability.
problem,3769,efo,2014,,Problems,https://olimpicos.net/efo/index.html#2014,not_published,Individual file not published; consult problem_documents for shared-paper availability.
problem,3770,efo,2013,,Problems,https://olimpicos.net/efo/index.html#2013,not_published,Individual file not published; consult problem_documents for shared-paper availability.
problem,3771,efo,2013,,Problems,https://olimpicos.net/efo/index.html#2013,not_published,Individual file not published; consult problem_documents for shared-paper availability.
problem,3772,efo,2013,,Problems,https://olimpicos.net/efo/index.html#2013,not_published,Individual file not published; consult problem_documents for shared-paper availability.
problem,3773,efo,2013,,Problems,https://olimpicos.net/efo/index.html#2013,not_published,Individual file not published; consult problem_documents for shared-paper availability.
problem,3774,efo,2013,,Problems,https://olimpicos.net/efo/index.html#2013,not_published,Individual file not published; consult problem_documents for shared-paper availability.
problem,3775,efo,2013,,Problems,https://olimpicos.net/efo/index.html#2013,not_published,Individual file not published; consult problem_documents for shared-paper availability.
problem,3776,efo,2013,,Problems,https://olimpicos.net/efo/index.html#2013,not_published,Individual file not published; consult problem_documents for shared-paper availability.
problem,3777,efo,2013,,Problems,https://olimpicos.net/efo/index.html#2013,not_published,Individual file not published; consult problem_documents for shared-paper availability.
problem,3778,efo,2013,,Problems,https://olimpicos.net/efo/index.html#2013,not_published,Individual file not published; consult problem_documents for shared-paper availability.
problem,3779,efo,2013,,Problems,https://olimpicos.net/efo/index.html#2013,not_published,Individual file not published; consult problem_documents for shared-paper availability.
problem,3780,efo,2012,,Problems,https://olimpicos.net/efo/index.html#2012,not_published,Individual file not published; consult problem_documents for shared-paper availability.
problem,3781,efo,2012,,Problems,https://olimpicos.net/efo/index.html#2012,not_published,Individual file not published; consult problem_documents for shared-paper availability.
problem,3782,efo,2012,,Problems,https://olimpicos.net/efo/index.html#2012,not_published,Individual file not published; consult problem_documents for shared-paper availability.
problem,3783,efo,2012,,Problems,https://olimpicos.net/efo/index.html#2012,not_published,Individual file not published; consult problem_documents for shared-paper availability.
problem,3784,efo,2012,,Problems,https://olimpicos.net/efo/index.html#2012,not_published,Individual file not published; consult problem_documents for shared-paper availability.
problem,3785,efo,2012,,Problems,https://olimpicos.net/efo/index.html#2012,not_published,Individual file not published; consult problem_documents for shared-paper availability.
problem,3786,efo,2012,,Problems,https://olimpicos.net/efo/index.html#2012,not_published,Individual file not published; consult problem_documents for shared-paper availability.
problem,3787,efo,2012,,Problems,https://olimpicos.net/efo/index.html#2012,not_published,Individual file not published; consult problem_documents for shared-paper availability.
problem,3788,efo,2012,,Problems,https://olimpicos.net/efo/index.html#2012,not_published,Individual file not published; consult problem_documents for shared-paper availability.
problem,3789,efo,2012,,Problems,https://olimpicos.net/efo/index.html#2012,not_published,Individual file not published; consult problem_documents for shared-paper availability.
problem,3790,efo,2011,,Problems,https://olimpicos.net/efo/index.html#2011,not_published,Individual file not published; consult problem_documents for shared-paper availability.
problem,3791,efo,2011,,Problems,https://olimpicos.net/efo/index.html#2011,not_published,Individual file not published; consult problem_documents for shared-paper availability.
problem,3792,efo,2011,,Problems,https://olimpicos.net/efo/index.html#2011,not_published,Individual file not published; consult problem_documents for shared-paper availability.
problem,3793,efo,2011,,Problems,https://olimpicos.net/efo/index.html#2011,not_published,Individual file not published; consult problem_documents for shared-paper availability.
problem,3794,efo,2011,,Problems,https://olimpicos.net/efo/index.html#2011,not_published,Individual file not published; consult problem_documents for shared-paper availability.
problem,3795,efo,2011,,Problems,https://olimpicos.net/efo/index.html#2011,not_published,Individual file not published; consult problem_documents for shared-paper availability.
problem,3796,efo,2011,,Problems,https://olimpicos.net/efo/index.html#2011,not_published,Individual file not published; consult problem_documents for shared-paper availability.
problem,3797,efo,2011,,Problems,https://olimpicos.net/efo/index.html#2011,not_published,Individual file not published; consult problem_documents for shared-paper availability.
problem,3798,efo,2011,,Problems,https://olimpicos.net/efo/index.html#2011,not_published,Individual file not published; consult problem_documents for shared-paper availability.
problem,3799,efo,2011,,Problems,https://olimpicos.net/efo/index.html#2011,not_published,Individual file not published; consult problem_documents for shared-paper availability.
problem,3800,efo,2010,,Problems,https://olimpicos.net/efo/index.html#2010,not_published,Individual file not published; consult problem_documents for shared-paper availability.
problem,3801,efo,2010,,Problems,https://olimpicos.net/efo/index.html#2010,not_published,Individual file not published; consult problem_documents for shared-paper availability.
problem,3802,efo,2010,,Problems,https://olimpicos.net/efo/index.html#2010,not_published,Individual file not published; consult problem_documents for shared-paper availability.
problem,3803,efo,2010,,Problems,https://olimpicos.net/efo/index.html#2010,not_published,Individual file not published; consult problem_documents for shared-paper availability.
problem,3804,efo,2010,,Problems,https://olimpicos.net/efo/index.html#2010,not_published,Individual file not published; consult problem_documents for shared-paper availability.
problem,3805,efo,2010,,Problems,https://olimpicos.net/efo/index.html#2010,not_published,Individual file not published; consult problem_documents for shared-paper availability.
problem,3806,efo,2010,,Problems,https://olimpicos.net/efo/index.html#2010,not_published,Individual file not published; consult problem_documents for shared-paper availability.
problem,3807,efo,2010,,Problems,https://olimpicos.net/efo/index.html#2010,not_published,Individual file not published; consult problem_documents for shared-paper availability.
problem,3808,efo,2010,,Problems,https://olimpicos.net/efo/index.html#2010,not_published,Individual file not published; consult problem_documents for shared-paper availability.
problem,3809,efo,2010,,Problems,https://olimpicos.net/efo/index.html#2010,not_published,Individual file not published; consult problem_documents for shared-paper availability.
problem,3810,efo,2009,,Problems,https://olimpicos.net/efo/index.html#2009,not_published,Individual file not published; consult problem_documents for shared-paper availability.
problem,3811,efo,2009,,Problems,https://olimpicos.net/efo/index.html#2009,not_published,Individual file not published; consult problem_documents for shared-paper availability.
problem,3812,efo,2009,,Problems,https://olimpicos.net/efo/index.html#2009,not_published,Individual file not published; consult problem_documents for shared-paper availability.
problem,3813,efo,2009,,Problems,https://olimpicos.net/efo/index.html#2009,not_published,Individual file not published; consult problem_documents for shared-paper availability.
problem,3814,efo,2009,,Problems,https://olimpicos.net/efo/index.html#2009,not_published,Individual file not published; consult problem_documents for shared-paper availability.
problem,3815,efo,2009,,Problems,https://olimpicos.net/efo/index.html#2009,not_published,Individual file not published; consult problem_documents for shared-paper availability.
problem,3816,efo,2009,,Problems,https://olimpicos.net/efo/index.html#2009,not_published,Individual file not published; consult problem_documents for shared-paper availability.
problem,3817,efo,2009,,Problems,https://olimpicos.net/efo/index.html#2009,not_published,Individual file not published; consult problem_documents for shared-paper availability.
problem,3818,efo,2009,,Problems,https://olimpicos.net/efo/index.html#2009,not_published,Individual file not published; consult problem_documents for shared-paper availability.
problem,3819,efo,2009,,Problems,https://olimpicos.net/efo/index.html#2009,not_published,Individual file not published; consult problem_documents for shared-paper availability.
problem,3820,efo,2008,,Problems,https://olimpicos.net/efo/index.html#2008,not_published,Individual file not published; consult problem_documents for shared-paper availability.
problem,3821,efo,2008,,Problems,https://olimpicos.net/efo/index.html#2008,not_published,Individual file not published; consult problem_documents for shared-paper availability.
problem,3822,efo,2008,,Problems,https://olimpicos.net/efo/index.html#2008,not_published,Individual file not published; consult problem_documents for shared-paper availability.
problem,3823,efo,2008,,Problems,https://olimpicos.net/efo/index.html#2008,not_published,Individual file not published; consult problem_documents for shared-paper availability.
problem,3824,efo,2008,,Problems,https://olimpicos.net/efo/index.html#2008,not_published,Individual file not published; consult problem_documents for shared-paper availability.
problem,3825,efo,2008,,Problems,https://olimpicos.net/efo/index.html#2008,not_published,Individual file not published; consult problem_documents for shared-paper availability.
problem,3826,efo,2008,,Problems,https://olimpicos.net/efo/index.html#2008,not_published,Individual file not published; consult problem_documents for shared-paper availability.
problem,3827,efo,2008,,Problems,https://olimpicos.net/efo/index.html#2008,not_published,Individual file not published; consult problem_documents for shared-paper availability.
problem,3828,efo,2008,,Problems,https://olimpicos.net/efo/index.html#2008,not_published,Individual file not published; consult problem_documents for shared-paper availability.
problem,3829,efo,2008,,Problems,https://olimpicos.net/efo/index.html#2008,not_published,Individual file not published; consult problem_documents for shared-paper availability.
problem,3830,efo,2007,,Problems,https://olimpicos.net/efo/index.html#2007,not_published,Individual file not published; consult problem_documents for shared-paper availability.
problem,3831,efo,2007,,Problems,https://olimpicos.net/efo/index.html#2007,not_published,Individual file not published; consult problem_documents for shared-paper availability.
problem,3832,efo,2007,,Problems,https://olimpicos.net/efo/index.html#2007,not_published,Individual file not published; consult problem_documents for shared-paper availability.
problem,3833,efo,2007,,Problems,https://olimpicos.net/efo/index.html#2007,not_published,Individual file not published; consult problem_documents for shared-paper availability.
problem,3834,efo,2007,,Problems,https://olimpicos.net/efo/index.html#2007,not_published,Individual file not published; consult problem_documents for shared-paper availability.
problem,3835,efo,2007,,Problems,https://olimpicos.net/efo/index.html#2007,not_published,Individual file not published; consult problem_documents for shared-paper availability.
problem,3836,efo,2007,,Problems,https://olimpicos.net/efo/index.html#2007,not_published,Individual file not published; consult problem_documents for shared-paper availability.
problem,3837,efo,2007,,Problems,https://olimpicos.net/efo/index.html#2007,not_published,Individual file not published; consult problem_documents for shared-paper availability.
problem,3838,efo,2007,,Problems,https://olimpicos.net/efo/index.html#2007,not_published,Individual file not published; consult problem_documents for shared-paper availability.
problem,3839,efo,2007,,Problems,https://olimpicos.net/efo/index.html#2007,not_published,Individual file not published; consult problem_documents for shared-paper availability.
problem,3840,efo,2006,,Problems,https://olimpicos.net/efo/index.html#2006,not_published,Individual file not published; consult problem_documents for shared-paper availability.
problem,3841,efo,2006,,Problems,https://olimpicos.net/efo/index.html#2006,not_published,Individual file not published; consult problem_documents for shared-paper availability.
problem,3842,efo,2006,,Problems,https://olimpicos.net/efo/index.html#2006,not_published,Individual file not published; consult problem_documents for shared-paper availability.
problem,3843,efo,2006,,Problems,https://olimpicos.net/efo/index.html#2006,not_published,Individual file not published; consult problem_documents for shared-paper availability.
problem,3844,efo,2006,,Problems,https://olimpicos.net/efo/index.html#2006,not_published,Individual file not published; consult problem_documents for shared-paper availability.
problem,3845,efo,2006,,Problems,https://olimpicos.net/efo/index.html#2006,not_published,Individual file not published; consult problem_documents for shared-paper availability.
problem,3846,efo,2006,,Problems,https://olimpicos.net/efo/index.html#2006,not_published,Individual file not published; consult problem_documents for shared-paper availability.
problem,3847,efo,2006,,Problems,https://olimpicos.net/efo/index.html#2006,not_published,Individual file not published; consult problem_documents for shared-paper availability.
problem,3848,efo,2006,,Problems,https://olimpicos.net/efo/index.html#2006,not_published,Individual file not published; consult problem_documents for shared-paper availability.
problem,3849,efo,2006,,Problems,https://olimpicos.net/efo/index.html#2006,not_published,Individual file not published; consult problem_documents for shared-paper availability.
problem,3850,efo,2005,,Problems,https://olimpicos.net/efo/index.html#2005,not_published,Individual file not published; consult problem_documents for shared-paper availability.
problem,3851,efo,2005,,Problems,https://olimpicos.net/efo/index.html#2005,not_published,Individual file not published; consult problem_documents for shared-paper availability.
problem,3852,efo,2005,,Problems,https://olimpicos.net/efo/index.html#2005,not_published,Individual file not published; consult problem_documents for shared-paper availability.
problem,3853,efo,2005,,Problems,https://olimpicos.net/efo/index.html#2005,not_published,Individual file not published; consult problem_documents for shared-paper availability.
problem,3854,efo,2005,,Problems,https://olimpicos.net/efo/index.html#2005,not_published,Individual file not published; consult problem_documents for shared-paper availability.
problem,3855,efo,2005,,Problems,https://olimpicos.net/efo/index.html#2005,not_published,Individual file not published; consult problem_documents for shared-paper availability.
problem,3856,efo,2005,,Problems,https://olimpicos.net/efo/index.html#2005,not_published,Individual file not published; consult problem_documents for shared-paper availability.
problem,3857,efo,2005,,Problems,https://olimpicos.net/efo/index.html#2005,not_published,Individual file not published; consult problem_documents for shared-paper availability.
problem,3858,efo,2005,,Problems,https://olimpicos.net/efo/index.html#2005,not_published,Individual file not published; consult problem_documents for shared-paper availability.
problem,3859,efo,2005,,Problems,https://olimpicos.net/efo/index.html#2005,not_published,Individual file not published; consult problem_documents for shared-paper availability.
problem,3860,efo,2004,,Problems,https://olimpicos.net/efo/index.html#2004,not_published,Individual file not published; consult problem_documents for shared-paper availability.
problem,3861,efo,2004,,Problems,https://olimpicos.net/efo/index.html#2004,not_published,Individual file not published; consult problem_documents for shared-paper availability.
problem,3862,efo,2004,,Problems,https://olimpicos.net/efo/index.html#2004,not_published,Individual file not published; consult problem_documents for shared-paper availability.
problem,3863,efo,2004,,Problems,https://olimpicos.net/efo/index.html#2004,not_published,Individual file not published; consult problem_documents for shared-paper availability.
problem,3864,efo,2004,,Problems,https://olimpicos.net/efo/index.html#2004,not_published,Individual file not published; consult problem_documents for shared-paper availability.
problem,3865,efo,2004,,Problems,https://olimpicos.net/efo/index.html#2004,not_published,Individual file not published; consult problem_documents for shared-paper availability.
problem,3866,efo,2004,,Problems,https://olimpicos.net/efo/index.html#2004,not_published,Individual file not published; consult problem_documents for shared-paper availability.
problem,3867,efo,2004,,Problems,https://olimpicos.net/efo/index.html#2004,not_published,Individual file not published; consult problem_documents for shared-paper availability.
problem,3868,efo,2004,,Problems,https://olimpicos.net/efo/index.html#2004,not_published,Individual file not published; consult problem_documents for shared-paper availability.
problem,3869,efo,2004,,Problems,https://olimpicos.net/efo/index.html#2004,not_published,Individual file not published; consult problem_documents for shared-paper availability.
problem,3870,efo,2003,,Problems,https://olimpicos.net/efo/index.html#2003,not_published,Individual file not published; consult problem_documents for shared-paper availability.
problem,3871,efo,2003,,Problems,https://olimpicos.net/efo/index.html#2003,not_published,Individual file not published; consult problem_documents for shared-paper availability.
problem,3872,efo,2003,,Problems,https://olimpicos.net/efo/index.html#2003,not_published,Individual file not published; consult problem_documents for shared-paper availability.
problem,3873,efo,2003,,Problems,https://olimpicos.net/efo/index.html#2003,not_published,Individual file not published; consult problem_documents for shared-paper availability.
problem,3874,efo,2003,,Problems,https://olimpicos.net/efo/index.html#2003,not_published,Individual file not published; consult problem_documents for shared-paper availability.
problem,3875,efo,2003,,Problems,https://olimpicos.net/efo/index.html#2003,not_published,Individual file not published; consult problem_documents for shared-paper availability.
problem,3876,efo,2003,,Problems,https://olimpicos.net/efo/index.html#2003,not_published,Individual file not published; consult problem_documents for shared-paper availability.
problem,3877,efo,2003,,Problems,https://olimpicos.net/efo/index.html#2003,not_published,Individual file not published; consult problem_documents for shared-paper availability.
problem,3878,efo,2003,,Problems,https://olimpicos.net/efo/index.html#2003,not_published,Individual file not published; consult problem_documents for shared-paper availability.
problem,3879,efo,2003,,Problems,https://olimpicos.net/efo/index.html#2003,not_published,Individual file not published; consult problem_documents for shared-paper availability.
problem,3880,efo,2002,,Problems,https://olimpicos.net/efo/index.html#2002,not_published,Individual file not published; consult problem_documents for shared-paper availability.
problem,3881,efo,2002,,Problems,https://olimpicos.net/efo/index.html#2002,not_published,Individual file not published; consult problem_documents for shared-paper availability.
problem,3882,efo,2002,,Problems,https://olimpicos.net/efo/index.html#2002,not_published,Individual file not published; consult problem_documents for shared-paper availability.
problem,3883,efo,2002,,Problems,https://olimpicos.net/efo/index.html#2002,not_published,Individual file not published; consult problem_documents for shared-paper availability.
problem,3884,efo,2002,,Problems,https://olimpicos.net/efo/index.html#2002,not_published,Individual file not published; consult problem_documents for shared-paper availability.
problem,3885,efo,2002,,Problems,https://olimpicos.net/efo/index.html#2002,not_published,Individual file not published; consult problem_documents for shared-paper availability.
problem,3886,efo,2002,,Problems,https://olimpicos.net/efo/index.html#2002,not_published,Individual file not published; consult problem_documents for shared-paper availability.
problem,3887,efo,2002,,Problems,https://olimpicos.net/efo/index.html#2002,not_published,Individual file not published; consult problem_documents for shared-paper availability.
problem,3888,efo,2002,,Problems,https://olimpicos.net/efo/index.html#2002,not_published,Individual file not published; consult problem_documents for shared-paper availability.
problem,3889,efo,2002,,Problems,https://olimpicos.net/efo/index.html#2002,not_published,Individual file not published; consult problem_documents for shared-paper availability.
problem,3890,efo,2001,,Problems,https://olimpicos.net/efo/index.html#2001,not_published,Individual file not published; consult problem_documents for shared-paper availability.
problem,3891,efo,2001,,Problems,https://olimpicos.net/efo/index.html#2001,not_published,Individual file not published; consult problem_documents for shared-paper availability.
problem,3892,efo,2001,,Problems,https://olimpicos.net/efo/index.html#2001,not_published,Individual file not published; consult problem_documents for shared-paper availability.
problem,3893,efo,2001,,Problems,https://olimpicos.net/efo/index.html#2001,not_published,Individual file not published; consult problem_documents for shared-paper availability.
problem,3894,efo,2001,,Problems,https://olimpicos.net/efo/index.html#2001,not_published,Individual file not published; consult problem_documents for shared-paper availability.
problem,3895,efo,2001,,Problems,https://olimpicos.net/efo/index.html#2001,not_published,Individual file not published; consult problem_documents for shared-paper availability.
problem,3896,efo,2001,,Problems,https://olimpicos.net/efo/index.html#2001,not_published,Individual file not published; consult problem_documents for shared-paper availability.
problem,3897,efo,2001,,Problems,https://olimpicos.net/efo/index.html#2001,not_published,Individual file not published; consult problem_documents for shared-paper availability.
problem,3898,efo,2001,,Problems,https://olimpicos.net/efo/index.html#2001,not_published,Individual file not published; consult problem_documents for shared-paper availability.
problem,3899,efo,2001,,Problems,https://olimpicos.net/efo/index.html#2001,not_published,Individual file not published; consult problem_documents for shared-paper availability.
problem,3900,efo,2000,,Problems,https://olimpicos.net/efo/index.html#2000,not_published,Individual file not published; consult problem_documents for shared-paper availability.
problem,3901,efo,2000,,Problems,https://olimpicos.net/efo/index.html#2000,not_published,Individual file not published; consult problem_documents for shared-paper availability.
problem,3902,efo,2000,,Problems,https://olimpicos.net/efo/index.html#2000,not_published,Individual file not published; consult problem_documents for shared-paper availability.
problem,3903,efo,2000,,Problems,https://olimpicos.net/efo/index.html#2000,not_published,Individual file not published; consult problem_documents for shared-paper availability.
problem,3904,efo,2000,,Problems,https://olimpicos.net/efo/index.html#2000,not_published,Individual file not published; consult problem_documents for shared-paper availability.
problem,3905,efo,2000,,Problems,https://olimpicos.net/efo/index.html#2000,not_published,Individual file not published; consult problem_documents for shared-paper availability.
problem,3906,efo,2000,,Problems,https://olimpicos.net/efo/index.html#2000,not_published,Individual file not published; consult problem_documents for shared-paper availability.
problem,3907,efo,2000,,Problems,https://olimpicos.net/efo/index.html#2000,not_published,Individual file not published; consult problem_documents for shared-paper availability.
problem,3908,efo,2000,,Problems,https://olimpicos.net/efo/index.html#2000,not_published,Individual file not published; consult problem_documents for shared-paper availability.
problem,3909,efo,2000,,Problems,https://olimpicos.net/efo/index.html#2000,not_published,Individual file not published; consult problem_documents for shared-paper availability.
problem,3910,efo,1999,,Problems,https://olimpicos.net/efo/index.html#1999,not_published,Individual file not published; consult problem_documents for shared-paper availability.
problem,3911,efo,1999,,Problems,https://olimpicos.net/efo/index.html#1999,not_published,Individual file not published; consult problem_documents for shared-paper availability.
problem,3912,efo,1999,,Problems,https://olimpicos.net/efo/index.html#1999,not_published,Individual file not published; consult problem_documents for shared-paper availability.
problem,3913,efo,1999,,Problems,https://olimpicos.net/efo/index.html#1999,not_published,Individual file not published; consult problem_documents for shared-paper availability.
problem,3914,efo,1999,,Problems,https://olimpicos.net/efo/index.html#1999,not_published,Individual file not published; consult problem_documents for shared-paper availability.
problem,3915,efo,1999,,Problems,https://olimpicos.net/efo/index.html#1999,not_published,Individual file not published; consult problem_documents for shared-paper availability.
problem,3916,efo,1999,,Problems,https://olimpicos.net/efo/index.html#1999,not_published,Individual file not published; consult problem_documents for shared-paper availability.
problem,3917,efo,1999,,Problems,https://olimpicos.net/efo/index.html#1999,not_published,Individual file not published; consult problem_documents for shared-paper availability.
problem,3918,efo,1999,,Problems,https://olimpicos.net/efo/index.html#1999,not_published,Individual file not published; consult problem_documents for shared-paper availability.
problem,3919,efo,1999,,Problems,https://olimpicos.net/efo/index.html#1999,not_published,Individual file not published; consult problem_documents for shared-paper availability.
problem,3920,efo,1998,,Problems,https://olimpicos.net/efo/index.html#1998,not_published,Individual file not published; consult problem_documents for shared-paper availability.
problem,3921,efo,1998,,Problems,https://olimpicos.net/efo/index.html#1998,not_published,Individual file not published; consult problem_documents for shared-paper availability.
problem,3922,efo,1998,,Problems,https://olimpicos.net/efo/index.html#1998,not_published,Individual file not published; consult problem_documents for shared-paper availability.
problem,3923,efo,1998,,Problems,https://olimpicos.net/efo/index.html#1998,not_published,Individual file not published; consult problem_documents for shared-paper availability.
problem,3924,efo,1998,,Problems,https://olimpicos.net/efo/index.html#1998,not_published,Individual file not published; consult problem_documents for shared-paper availability.
problem,3925,efo,1998,,Problems,https://olimpicos.net/efo/index.html#1998,not_published,Individual file not published; consult problem_documents for shared-paper availability.
problem,3926,efo,1998,,Problems,https://olimpicos.net/efo/index.html#1998,not_published,Individual file not published; consult problem_documents for shared-paper availability.
problem,3927,efo,1998,,Problems,https://olimpicos.net/efo/index.html#1998,not_published,Individual file not published; consult problem_documents for shared-paper availability.
problem,3928,efo,1998,,Problems,https://olimpicos.net/efo/index.html#1998,not_published,Individual file not published; consult problem_documents for shared-paper availability.
problem,3929,efo,1998,,Problems,https://olimpicos.net/efo/index.html#1998,not_published,Individual file not published; consult problem_documents for shared-paper availability.
problem,3930,twpho-tst,2026,,Problems,https://olimpicos.net/twpho-tst/index.html#2026,not_published,Individual file not published; consult problem_documents for shared-paper availability.
problem,3931,twpho-tst,2026,,Problems,https://olimpicos.net/twpho-tst/index.html#2026,not_published,Individual file not published; consult problem_documents for shared-paper availability.
problem,3932,twpho-tst,2026,,Problems,https://olimpicos.net/twpho-tst/index.html#2026,not_published,Individual file not published; consult problem_documents for shared-paper availability.
problem,3933,twpho-tst,2026,,Problems,https://olimpicos.net/twpho-tst/index.html#2026,not_published,Individual file not published; consult problem_documents for shared-paper availability.
problem,3934,twpho-tst,2026,,Problems,https://olimpicos.net/twpho-tst/index.html#2026,not_published,Individual file not published; consult problem_documents for shared-paper availability.
problem,3935,twpho-tst,2026,,Problems,https://olimpicos.net/twpho-tst/index.html#2026,not_published,Individual file not published; consult problem_documents for shared-paper availability.
problem,3936,twpho-tst,2025,,Problems,https://olimpicos.net/twpho-tst/index.html#2025,not_published,Individual file not published; consult problem_documents for shared-paper availability.
problem,3937,twpho-tst,2025,,Problems,https://olimpicos.net/twpho-tst/index.html#2025,not_published,Individual file not published; consult problem_documents for shared-paper availability.
problem,3938,twpho-tst,2025,,Problems,https://olimpicos.net/twpho-tst/index.html#2025,not_published,Individual file not published; consult problem_documents for shared-paper availability.
problem,3939,twpho-tst,2025,,Problems,https://olimpicos.net/twpho-tst/index.html#2025,not_published,Individual file not published; consult problem_documents for shared-paper availability.
problem,3940,twpho-tst,2025,,Problems,https://olimpicos.net/twpho-tst/index.html#2025,not_published,Individual file not published; consult problem_documents for shared-paper availability.
problem,3941,twpho-tst,2025,,Problems,https://olimpicos.net/twpho-tst/index.html#2025,not_published,Individual file not published; consult problem_documents for shared-paper availability.
problem,3942,twpho-tst,2024,,Problems,https://olimpicos.net/twpho-tst/index.html#2024,not_published,Individual file not published; consult problem_documents for shared-paper availability.
problem,3943,twpho-tst,2024,,Problems,https://olimpicos.net/twpho-tst/index.html#2024,not_published,Individual file not published; consult problem_documents for shared-paper availability.
problem,3944,twpho-tst,2024,,Problems,https://olimpicos.net/twpho-tst/index.html#2024,not_published,Individual file not published; consult problem_documents for shared-paper availability.
problem,3945,twpho-tst,2024,,Problems,https://olimpicos.net/twpho-tst/index.html#2024,not_published,Individual file not published; consult problem_documents for shared-paper availability.
problem,3946,twpho-tst,2024,,Problems,https://olimpicos.net/twpho-tst/index.html#2024,not_published,Individual file not published; consult problem_documents for shared-paper availability.
problem,3947,twpho-tst,2024,,Problems,https://olimpicos.net/twpho-tst/index.html#2024,not_published,Individual file not published; consult problem_documents for shared-paper availability.
problem,3948,twpho-tst,2023,,Problems,https://olimpicos.net/twpho-tst/index.html#2023,not_published,Individual file not published; consult problem_documents for shared-paper availability.
problem,3949,twpho-tst,2023,,Problems,https://olimpicos.net/twpho-tst/index.html#2023,not_published,Individual file not published; consult problem_documents for shared-paper availability.
problem,3950,twpho-tst,2023,,Problems,https://olimpicos.net/twpho-tst/index.html#2023,not_published,Individual file not published; consult problem_documents for shared-paper availability.
problem,3951,twpho-tst,2023,,Problems,https://olimpicos.net/twpho-tst/index.html#2023,not_published,Individual file not published; consult problem_documents for shared-paper availability.
problem,3952,twpho-tst,2023,,Problems,https://olimpicos.net/twpho-tst/index.html#2023,not_published,Individual file not published; consult problem_documents for shared-paper availability.
problem,3953,twpho-tst,2023,,Problems,https://olimpicos.net/twpho-tst/index.html#2023,not_published,Individual file not published; consult problem_documents for shared-paper availability.
problem,3954,twpho-tst,2022,,Problems,https://olimpicos.net/twpho-tst/index.html#2022,not_published,Individual file not published; consult problem_documents for shared-paper availability.
problem,3955,twpho-tst,2022,,Problems,https://olimpicos.net/twpho-tst/index.html#2022,not_published,Individual file not published; consult problem_documents for shared-paper availability.
problem,3956,twpho-tst,2022,,Problems,https://olimpicos.net/twpho-tst/index.html#2022,not_published,Individual file not published; consult problem_documents for shared-paper availability.
problem,3957,twpho-tst,2022,,Problems,https://olimpicos.net/twpho-tst/index.html#2022,not_published,Individual file not published; consult problem_documents for shared-paper availability.
problem,3958,twpho-tst,2022,,Problems,https://olimpicos.net/twpho-tst/index.html#2022,not_published,Individual file not published; consult problem_documents for shared-paper availability.
problem,3959,twpho-tst,2022,,Problems,https://olimpicos.net/twpho-tst/index.html#2022,not_published,Individual file not published; consult problem_documents for shared-paper availability.
problem,3960,twpho-tst,2021,,Problems,https://olimpicos.net/twpho-tst/index.html#2021,not_published,Individual file not published; consult problem_documents for shared-paper availability.
problem,3961,twpho-tst,2021,,Problems,https://olimpicos.net/twpho-tst/index.html#2021,not_published,Individual file not published; consult problem_documents for shared-paper availability.
problem,3962,twpho-tst,2021,,Problems,https://olimpicos.net/twpho-tst/index.html#2021,not_published,Individual file not published; consult problem_documents for shared-paper availability.
problem,3963,twpho-tst,2021,,Problems,https://olimpicos.net/twpho-tst/index.html#2021,not_published,Individual file not published; consult problem_documents for shared-paper availability.
problem,3964,twpho-tst,2021,,Problems,https://olimpicos.net/twpho-tst/index.html#2021,not_published,Individual file not published; consult problem_documents for shared-paper availability.
problem,3965,twpho-tst,2021,,Problems,https://olimpicos.net/twpho-tst/index.html#2021,not_published,Individual file not published; consult problem_documents for shared-paper availability.
problem,3966,twpho-tst,2020,,Problems,https://olimpicos.net/twpho-tst/index.html#2020,not_published,Individual file not published; consult problem_documents for shared-paper availability.
problem,3967,twpho-tst,2020,,Problems,https://olimpicos.net/twpho-tst/index.html#2020,not_published,Individual file not published; consult problem_documents for shared-paper availability.
problem,3968,twpho-tst,2020,,Problems,https://olimpicos.net/twpho-tst/index.html#2020,not_published,Individual file not published; consult problem_documents for shared-paper availability.
problem,3969,twpho-tst,2020,,Problems,https://olimpicos.net/twpho-tst/index.html#2020,not_published,Individual file not published; consult problem_documents for shared-paper availability.
problem,3970,twpho-tst,2020,,Problems,https://olimpicos.net/twpho-tst/index.html#2020,not_published,Individual file not published; consult problem_documents for shared-paper availability.
problem,3971,twpho-tst,2020,,Problems,https://olimpicos.net/twpho-tst/index.html#2020,not_published,Individual file not published; consult problem_documents for shared-paper availability.
problem,3972,twpho-tst,2019,,Problems,https://olimpicos.net/twpho-tst/index.html#2019,not_published,Individual file not published; consult problem_documents for shared-paper availability.
problem,3973,twpho-tst,2019,,Problems,https://olimpicos.net/twpho-tst/index.html#2019,not_published,Individual file not published; consult problem_documents for shared-paper availability.
problem,3974,twpho-tst,2019,,Problems,https://olimpicos.net/twpho-tst/index.html#2019,not_published,Individual file not published; consult problem_documents for shared-paper availability.
problem,3975,twpho-tst,2019,,Problems,https://olimpicos.net/twpho-tst/index.html#2019,not_published,Individual file not published; consult problem_documents for shared-paper availability.
problem,3976,twpho-tst,2019,,Problems,https://olimpicos.net/twpho-tst/index.html#2019,not_published,Individual file not published; consult problem_documents for shared-paper availability.
problem,3977,twpho-tst,2019,,Problems,https://olimpicos.net/twpho-tst/index.html#2019,not_published,Individual file not published; consult problem_documents for shared-paper availability.
problem,3978,twpho-tst,2018,,Problems,https://olimpicos.net/twpho-tst/index.html#2018,not_published,Individual file not published; consult problem_documents for shared-paper availability.
problem,3979,twpho-tst,2018,,Problems,https://olimpicos.net/twpho-tst/index.html#2018,not_published,Individual file not published; consult problem_documents for shared-paper availability.
problem,3980,twpho-tst,2018,,Problems,https://olimpicos.net/twpho-tst/index.html#2018,not_published,Individual file not published; consult problem_documents for shared-paper availability.
problem,3981,twpho-tst,2018,,Problems,https://olimpicos.net/twpho-tst/index.html#2018,not_published,Individual file not published; consult problem_documents for shared-paper availability.
problem,3982,twpho-tst,2018,,Problems,https://olimpicos.net/twpho-tst/index.html#2018,not_published,Individual file not published; consult problem_documents for shared-paper availability.
problem,3983,twpho-tst,2018,,Problems,https://olimpicos.net/twpho-tst/index.html#2018,not_published,Individual file not published; consult problem_documents for shared-paper availability.
problem,3984,twpho-tst,2017,,Problems,https://olimpicos.net/twpho-tst/index.html#2017,not_published,Individual file not published; consult problem_documents for shared-paper availability.
problem,3985,twpho-tst,2017,,Problems,https://olimpicos.net/twpho-tst/index.html#2017,not_published,Individual file not published; consult problem_documents for shared-paper availability.
problem,3986,twpho-tst,2017,,Problems,https://olimpicos.net/twpho-tst/index.html#2017,not_published,Individual file not published; consult problem_documents for shared-paper availability.
problem,3987,twpho-tst,2017,,Problems,https://olimpicos.net/twpho-tst/index.html#2017,not_published,Individual file not published; consult problem_documents for shared-paper availability.
problem,3988,twpho-tst,2017,,Problems,https://olimpicos.net/twpho-tst/index.html#2017,not_published,Individual file not published; consult problem_documents for shared-paper availability.
problem,3989,twpho-tst,2017,,Problems,https://olimpicos.net/twpho-tst/index.html#2017,not_published,Individual file not published; consult problem_documents for shared-paper availability.
problem,3990,twpho-tst,2016,,Problems,https://olimpicos.net/twpho-tst/index.html#2016,not_published,Individual file not published; consult problem_documents for shared-paper availability.
problem,3991,twpho-tst,2016,,Problems,https://olimpicos.net/twpho-tst/index.html#2016,not_published,Individual file not published; consult problem_documents for shared-paper availability.
problem,3992,twpho-tst,2016,,Problems,https://olimpicos.net/twpho-tst/index.html#2016,not_published,Individual file not published; consult problem_documents for shared-paper availability.
problem,3993,twpho-tst,2016,,Problems,https://olimpicos.net/twpho-tst/index.html#2016,not_published,Individual file not published; consult problem_documents for shared-paper availability.
problem,3994,twpho-tst,2016,,Problems,https://olimpicos.net/twpho-tst/index.html#2016,not_published,Individual file not published; consult problem_documents for shared-paper availability.
problem,3995,twpho-tst,2016,,Problems,https://olimpicos.net/twpho-tst/index.html#2016,not_published,Individual file not published; consult problem_documents for shared-paper availability.
problem,4101,osn-fisika,2024,,Problems,https://olimpicos.net/osn-fisika/index.html#2024,not_published,Individual file not published; consult problem_documents for shared-paper availability.
problem,4102,osn-fisika,2024,,Problems,https://olimpicos.net/osn-fisika/index.html#2024,not_published,Individual file not published; consult problem_documents for shared-paper availability.
problem,4103,osn-fisika,2024,,Problems,https://olimpicos.net/osn-fisika/index.html#2024,not_published,Individual file not published; consult problem_documents for shared-paper availability.
problem,4104,osn-fisika,2024,,Problems,https://olimpicos.net/osn-fisika/index.html#2024,not_published,Individual file not published; consult problem_documents for shared-paper availability.
problem,4105,osn-fisika,2024,,Problems,https://olimpicos.net/osn-fisika/index.html#2024,not_published,Individual file not published; consult problem_documents for shared-paper availability.
problem,4106,osn-fisika,2024,,Problems,https://olimpicos.net/osn-fisika/index.html#2024,not_published,Individual file not published; consult problem_documents for shared-paper availability.
problem,4107,osn-fisika,2024,,Problems,https://olimpicos.net/osn-fisika/index.html#2024,not_published,Individual file not published; consult problem_documents for shared-paper availability.
problem,4108,osn-fisika,2024,,Problems,https://olimpicos.net/osn-fisika/index.html#2024,not_published,Individual file not published; consult problem_documents for shared-paper availability.
problem,4109,osn-fisika,2024,,Problems,https://olimpicos.net/osn-fisika/index.html#2024,not_published,Individual file not published; consult problem_documents for shared-paper availability.
problem,4110,osn-fisika,2024,,Problems,https://olimpicos.net/osn-fisika/index.html#2024,not_published,Individual file not published; consult problem_documents for shared-paper availability.
problem,4111,osn-fisika,2024,,Problems,https://olimpicos.net/osn-fisika/index.html#2024,not_published,Individual file not published; consult problem_documents for shared-paper availability.
problem,4112,osn-fisika,2024,,Problems,https://olimpicos.net/osn-fisika/index.html#2024,not_published,Individual file not published; consult problem_documents for shared-paper availability.
problem,4113,osn-fisika,2024,,Problems,https://olimpicos.net/osn-fisika/index.html#2024,not_published,Individual file not published; consult problem_documents for shared-paper availability.
problem,4114,osn-fisika,2024,,Problems,https://olimpicos.net/osn-fisika/index.html#2024,not_published,Individual file not published; consult problem_documents for shared-paper availability.
problem,4115,osn-fisika,2024,,Problems,https://olimpicos.net/osn-fisika/index.html#2024,not_published,Individual file not published; consult problem_documents for shared-paper availability.
problem,4116,osn-fisika,2024,,Problems,https://olimpicos.net/osn-fisika/index.html#2024,not_published,Individual file not published; consult problem_documents for shared-paper availability.
problem,4117,osn-fisika,2024,,Problems,https://olimpicos.net/osn-fisika/index.html#2024,not_published,Individual file not published; consult problem_documents for shared-paper availability.
problem,4118,osn-fisika,2024,,Problems,https://olimpicos.net/osn-fisika/index.html#2024,not_published,Individual file not published; consult problem_documents for shared-paper availability.
problem,4119,osn-fisika,2024,,Problems,https://olimpicos.net/osn-fisika/index.html#2024,not_published,Individual file not published; consult problem_documents for shared-paper availability.
problem,4120,osn-fisika,2024,,Problems,https://olimpicos.net/osn-fisika/index.html#2024,not_published,Individual file not published; consult problem_documents for shared-paper availability.
problem,4121,osn-fisika,2024,,Problems,https://olimpicos.net/osn-fisika/index.html#2024,not_published,Individual file not published; consult problem_documents for shared-paper availability.
problem,4122,osn-fisika,2024,,Problems,https://olimpicos.net/osn-fisika/index.html#2024,not_published,Individual file not published; consult problem_documents for shared-paper availability.
problem,4123,osn-fisika,2024,,Problems,https://olimpicos.net/osn-fisika/index.html#2024,not_published,Individual file not published; consult problem_documents for shared-paper availability.
problem,4124,osn-fisika,2024,,Problems,https://olimpicos.net/osn-fisika/index.html#2024,not_published,Individual file not published; consult problem_documents for shared-paper availability.
problem,4125,osn-fisika,2024,,Problems,https://olimpicos.net/osn-fisika/index.html#2024,not_published,Individual file not published; consult problem_documents for shared-paper availability.
problem,4126,osn-fisika,2024,,Problems,https://olimpicos.net/osn-fisika/index.html#2024,not_published,Individual file not published; consult problem_documents for shared-paper availability.
problem,4127,osn-fisika,2024,,Problems,https://olimpicos.net/osn-fisika/index.html#2024,not_published,Individual file not published; consult problem_documents for shared-paper availability.
problem,4128,osn-fisika,2024,,Problems,https://olimpicos.net/osn-fisika/index.html#2024,not_published,Individual file not published; consult problem_documents for shared-paper availability.
problem,4129,osn-fisika,2024,,Problems,https://olimpicos.net/osn-fisika/index.html#2024,not_published,Individual file not published; consult problem_documents for shared-paper availability.
problem,4130,osn-fisika,2024,,Problems,https://olimpicos.net/osn-fisika/index.html#2024,not_published,Individual file not published; consult problem_documents for shared-paper availability.
problem,4131,osn-fisika,2024,,Problems,https://olimpicos.net/osn-fisika/index.html#2024,not_published,Individual file not published; consult problem_documents for shared-paper availability.
problem,4132,osn-fisika,2024,,Problems,https://olimpicos.net/osn-fisika/index.html#2024,not_published,Individual file not published; consult problem_documents for shared-paper availability.
problem,4133,osn-fisika,2024,,Problems,https://olimpicos.net/osn-fisika/index.html#2024,not_published,Individual file not published; consult problem_documents for shared-paper availability.
problem,4134,osn-fisika,2024,,Problems,https://olimpicos.net/osn-fisika/index.html#2024,not_published,Individual file not published; consult problem_documents for shared-paper availability.
problem,4135,osn-fisika,2024,,Problems,https://olimpicos.net/osn-fisika/index.html#2024,not_published,Individual file not published; consult problem_documents for shared-paper availability.
problem,4136,osn-fisika,2024,,Problems,https://olimpicos.net/osn-fisika/index.html#2024,not_published,Individual file not published; consult problem_documents for shared-paper availability.
problem,4137,osn-fisika,2024,,Problems,https://olimpicos.net/osn-fisika/index.html#2024,not_published,Individual file not published; consult problem_documents for shared-paper availability.
problem,4138,osn-fisika,2024,,Problems,https://olimpicos.net/osn-fisika/index.html#2024,not_published,Individual file not published; consult problem_documents for shared-paper availability.
problem,4139,osn-fisika,2024,,Problems,https://olimpicos.net/osn-fisika/index.html#2024,not_published,Individual file not published; consult problem_documents for shared-paper availability.
problem,4140,osn-fisika,2024,,Problems,https://olimpicos.net/osn-fisika/index.html#2024,not_published,Individual file not published; consult problem_documents for shared-paper availability.
problem,4141,osn-fisika,2023,,Problems,https://olimpicos.net/osn-fisika/index.html#2023,not_published,Individual file not published; consult problem_documents for shared-paper availability.
problem,4142,osn-fisika,2023,,Problems,https://olimpicos.net/osn-fisika/index.html#2023,not_published,Individual file not published; consult problem_documents for shared-paper availability.
problem,4143,osn-fisika,2023,,Problems,https://olimpicos.net/osn-fisika/index.html#2023,not_published,Individual file not published; consult problem_documents for shared-paper availability.
problem,4144,osn-fisika,2023,,Problems,https://olimpicos.net/osn-fisika/index.html#2023,not_published,Individual file not published; consult problem_documents for shared-paper availability.
problem,4145,osn-fisika,2023,,Problems,https://olimpicos.net/osn-fisika/index.html#2023,not_published,Individual file not published; consult problem_documents for shared-paper availability.
problem,4146,osn-fisika,2023,,Problems,https://olimpicos.net/osn-fisika/index.html#2023,not_published,Individual file not published; consult problem_documents for shared-paper availability.
problem,4147,osn-fisika,2023,,Problems,https://olimpicos.net/osn-fisika/index.html#2023,not_published,Individual file not published; consult problem_documents for shared-paper availability.
problem,4148,osn-fisika,2023,,Problems,https://olimpicos.net/osn-fisika/index.html#2023,not_published,Individual file not published; consult problem_documents for shared-paper availability.
problem,4149,osn-fisika,2023,,Problems,https://olimpicos.net/osn-fisika/index.html#2023,not_published,Individual file not published; consult problem_documents for shared-paper availability.
problem,4150,osn-fisika,2023,,Problems,https://olimpicos.net/osn-fisika/index.html#2023,not_published,Individual file not published; consult problem_documents for shared-paper availability.
problem,4151,osn-fisika,2023,,Problems,https://olimpicos.net/osn-fisika/index.html#2023,not_published,Individual file not published; consult problem_documents for shared-paper availability.
problem,4152,osn-fisika,2023,,Problems,https://olimpicos.net/osn-fisika/index.html#2023,not_published,Individual file not published; consult problem_documents for shared-paper availability.
problem,4153,osn-fisika,2023,,Problems,https://olimpicos.net/osn-fisika/index.html#2023,not_published,Individual file not published; consult problem_documents for shared-paper availability.
problem,4154,osn-fisika,2023,,Problems,https://olimpicos.net/osn-fisika/index.html#2023,not_published,Individual file not published; consult problem_documents for shared-paper availability.
problem,4155,osn-fisika,2023,,Problems,https://olimpicos.net/osn-fisika/index.html#2023,not_published,Individual file not published; consult problem_documents for shared-paper availability.
problem,4156,osn-fisika,2023,,Problems,https://olimpicos.net/osn-fisika/index.html#2023,not_published,Individual file not published; consult problem_documents for shared-paper availability.
problem,4157,osn-fisika,2023,,Problems,https://olimpicos.net/osn-fisika/index.html#2023,not_published,Individual file not published; consult problem_documents for shared-paper availability.
problem,4158,osn-fisika,2023,,Problems,https://olimpicos.net/osn-fisika/index.html#2023,not_published,Individual file not published; consult problem_documents for shared-paper availability.
problem,4159,osn-fisika,2023,,Problems,https://olimpicos.net/osn-fisika/index.html#2023,not_published,Individual file not published; consult problem_documents for shared-paper availability.
problem,4160,osn-fisika,2023,,Problems,https://olimpicos.net/osn-fisika/index.html#2023,not_published,Individual file not published; consult problem_documents for shared-paper availability.
problem,4161,osn-fisika,2023,,Problems,https://olimpicos.net/osn-fisika/index.html#2023,not_published,Individual file not published; consult problem_documents for shared-paper availability.
problem,4162,osn-fisika,2023,,Problems,https://olimpicos.net/osn-fisika/index.html#2023,not_published,Individual file not published; consult problem_documents for shared-paper availability.
problem,4163,osn-fisika,2023,,Problems,https://olimpicos.net/osn-fisika/index.html#2023,not_published,Individual file not published; consult problem_documents for shared-paper availability.
problem,4164,osn-fisika,2023,,Problems,https://olimpicos.net/osn-fisika/index.html#2023,not_published,Individual file not published; consult problem_documents for shared-paper availability.
problem,4165,osn-fisika,2023,,Problems,https://olimpicos.net/osn-fisika/index.html#2023,not_published,Individual file not published; consult problem_documents for shared-paper availability.
problem,4166,osn-fisika,2023,,Problems,https://olimpicos.net/osn-fisika/index.html#2023,not_published,Individual file not published; consult problem_documents for shared-paper availability.
problem,4167,osn-fisika,2023,,Problems,https://olimpicos.net/osn-fisika/index.html#2023,not_published,Individual file not published; consult problem_documents for shared-paper availability.
problem,4168,osn-fisika,2023,,Problems,https://olimpicos.net/osn-fisika/index.html#2023,not_published,Individual file not published; consult problem_documents for shared-paper availability.
problem,4169,osn-fisika,2023,,Problems,https://olimpicos.net/osn-fisika/index.html#2023,not_published,Individual file not published; consult problem_documents for shared-paper availability.
problem,4170,osn-fisika,2023,,Problems,https://olimpicos.net/osn-fisika/index.html#2023,not_published,Individual file not published; consult problem_documents for shared-paper availability.
problem,4171,osn-fisika,2023,,Problems,https://olimpicos.net/osn-fisika/index.html#2023,not_published,Individual file not published; consult problem_documents for shared-paper availability.
problem,4172,osn-fisika,2023,,Problems,https://olimpicos.net/osn-fisika/index.html#2023,not_published,Individual file not published; consult problem_documents for shared-paper availability.
problem,4173,osn-fisika,2023,,Problems,https://olimpicos.net/osn-fisika/index.html#2023,not_published,Individual file not published; consult problem_documents for shared-paper availability.
problem,4174,osn-fisika,2023,,Problems,https://olimpicos.net/osn-fisika/index.html#2023,not_published,Individual file not published; consult problem_documents for shared-paper availability.
problem,4175,osn-fisika,2023,,Problems,https://olimpicos.net/osn-fisika/index.html#2023,not_published,Individual file not published; consult problem_documents for shared-paper availability.
problem,4176,osn-fisika,2023,,Problems,https://olimpicos.net/osn-fisika/index.html#2023,not_published,Individual file not published; consult problem_documents for shared-paper availability.
problem,4177,osn-fisika,2023,,Problems,https://olimpicos.net/osn-fisika/index.html#2023,not_published,Individual file not published; consult problem_documents for shared-paper availability.
problem,4178,osn-fisika,2023,,Problems,https://olimpicos.net/osn-fisika/index.html#2023,not_published,Individual file not published; consult problem_documents for shared-paper availability.
problem,4179,osn-fisika,2023,,Problems,https://olimpicos.net/osn-fisika/index.html#2023,not_published,Individual file not published; consult problem_documents for shared-paper availability.
problem,4180,osn-fisika,2023,,Problems,https://olimpicos.net/osn-fisika/index.html#2023,not_published,Individual file not published; consult problem_documents for shared-paper availability.
problem,4181,osn-fisika,2020,,Problems,https://olimpicos.net/osn-fisika/index.html#2020,not_published,Individual file not published; consult problem_documents for shared-paper availability.
problem,4182,osn-fisika,2020,,Problems,https://olimpicos.net/osn-fisika/index.html#2020,not_published,Individual file not published; consult problem_documents for shared-paper availability.
problem,4183,osn-fisika,2020,,Problems,https://olimpicos.net/osn-fisika/index.html#2020,not_published,Individual file not published; consult problem_documents for shared-paper availability.
problem,4184,osn-fisika,2020,,Problems,https://olimpicos.net/osn-fisika/index.html#2020,not_published,Individual file not published; consult problem_documents for shared-paper availability.
problem,4185,osn-fisika,2020,,Problems,https://olimpicos.net/osn-fisika/index.html#2020,not_published,Individual file not published; consult problem_documents for shared-paper availability.
problem,4186,osn-fisika,2020,,Problems,https://olimpicos.net/osn-fisika/index.html#2020,not_published,Individual file not published; consult problem_documents for shared-paper availability.
problem,4187,osn-fisika,2020,,Problems,https://olimpicos.net/osn-fisika/index.html#2020,not_published,Individual file not published; consult problem_documents for shared-paper availability.
problem,4188,osn-fisika,2019,,Problems,https://olimpicos.net/osn-fisika/index.html#2019,not_published,Individual file not published; consult problem_documents for shared-paper availability.
problem,4189,osn-fisika,2019,,Problems,https://olimpicos.net/osn-fisika/index.html#2019,not_published,Individual file not published; consult problem_documents for shared-paper availability.
problem,4190,osn-fisika,2019,,Problems,https://olimpicos.net/osn-fisika/index.html#2019,not_published,Individual file not published; consult problem_documents for shared-paper availability.
problem,4191,osn-fisika,2019,,Problems,https://olimpicos.net/osn-fisika/index.html#2019,not_published,Individual file not published; consult problem_documents for shared-paper availability.
problem,4192,osn-fisika,2019,,Problems,https://olimpicos.net/osn-fisika/index.html#2019,not_published,Individual file not published; consult problem_documents for shared-paper availability.
problem,4193,osn-fisika,2019,,Problems,https://olimpicos.net/osn-fisika/index.html#2019,not_published,Individual file not published; consult problem_documents for shared-paper availability.
problem,4194,osn-fisika,2019,,Problems,https://olimpicos.net/osn-fisika/index.html#2019,not_published,Individual file not published; consult problem_documents for shared-paper availability.
problem,4195,osn-fisika,2019,,Problems,https://olimpicos.net/osn-fisika/index.html#2019,not_published,Individual file not published; consult problem_documents for shared-paper availability.
problem,4196,azpho,2026,,Problems,https://olimpicos.net/azpho/index.html#2026,not_published,Individual file not published; consult problem_documents for shared-paper availability.
problem,4197,azpho,2026,,Problems,https://olimpicos.net/azpho/index.html#2026,not_published,Individual file not published; consult problem_documents for shared-paper availability.
problem,4198,azpho,2026,,Problems,https://olimpicos.net/azpho/index.html#2026,not_published,Individual file not published; consult problem_documents for shared-paper availability.
problem,4199,azpho,2026,,Problems,https://olimpicos.net/azpho/index.html#2026,not_published,Individual file not published; consult problem_documents for shared-paper availability.
problem,4200,azpho,2026,,Problems,https://olimpicos.net/azpho/index.html#2026,not_published,Individual file not published; consult problem_documents for shared-paper availability.
problem,4201,azpho,2026,,Problems,https://olimpicos.net/azpho/index.html#2026,not_published,Individual file not published; consult problem_documents for shared-paper availability.
problem,4202,azpho,2026,,Problems,https://olimpicos.net/azpho/index.html#2026,not_published,Individual file not published; consult problem_documents for shared-paper availability.
problem,4203,azpho,2026,,Problems,https://olimpicos.net/azpho/index.html#2026,not_published,Individual file not published; consult problem_documents for shared-paper availability.
problem,4204,azpho,2026,,Problems,https://olimpicos.net/azpho/index.html#2026,not_published,Individual file not published; consult problem_documents for shared-paper availability.
problem,4205,azpho,2026,,Problems,https://olimpicos.net/azpho/index.html#2026,not_published,Individual file not published; consult problem_documents for shared-paper availability.
problem,4206,azpho,2026,,Problems,https://olimpicos.net/azpho/index.html#2026,not_published,Individual file not published; consult problem_documents for shared-paper availability.
problem,4207,azpho,2026,,Problems,https://olimpicos.net/azpho/index.html#2026,not_published,Individual file not published; consult problem_documents for shared-paper availability.
problem,4208,azpho,2026,,Problems,https://olimpicos.net/azpho/index.html#2026,not_published,Individual file not published; consult problem_documents for shared-paper availability.
problem,4209,azpho,2026,,Problems,https://olimpicos.net/azpho/index.html#2026,not_published,Individual file not published; consult problem_documents for shared-paper availability.
problem,4210,azpho,2026,,Problems,https://olimpicos.net/azpho/index.html#2026,not_published,Individual file not published; consult problem_documents for shared-paper availability.
problem,4211,azpho,2026,,Problems,https://olimpicos.net/azpho/index.html#2026,not_published,Individual file not published; consult problem_documents for shared-paper availability.
problem,4212,azpho,2026,,Problems,https://olimpicos.net/azpho/index.html#2026,not_published,Individual file not published; consult problem_documents for shared-paper availability.
problem,4213,azpho,2026,,Problems,https://olimpicos.net/azpho/index.html#2026,not_published,Individual file not published; consult problem_documents for shared-paper availability.
problem,4214,azpho,2026,,Problems,https://olimpicos.net/azpho/index.html#2026,not_published,Individual file not published; consult problem_documents for shared-paper availability.
problem,4215,azpho,2026,,Problems,https://olimpicos.net/azpho/index.html#2026,not_published,Individual file not published; consult problem_documents for shared-paper availability.
problem,4216,azpho,2025,,Problems,https://olimpicos.net/azpho/index.html#2025,not_published,Individual file not published; consult problem_documents for shared-paper availability.
problem,4217,azpho,2025,,Problems,https://olimpicos.net/azpho/index.html#2025,not_published,Individual file not published; consult problem_documents for shared-paper availability.
problem,4218,azpho,2025,,Problems,https://olimpicos.net/azpho/index.html#2025,not_published,Individual file not published; consult problem_documents for shared-paper availability.
problem,4219,azpho,2025,,Problems,https://olimpicos.net/azpho/index.html#2025,not_published,Individual file not published; consult problem_documents for shared-paper availability.
problem,4220,azpho,2025,,Problems,https://olimpicos.net/azpho/index.html#2025,not_published,Individual file not published; consult problem_documents for shared-paper availability.
problem,4221,azpho,2025,,Problems,https://olimpicos.net/azpho/index.html#2025,not_published,Individual file not published; consult problem_documents for shared-paper availability.
problem,4222,azpho,2025,,Problems,https://olimpicos.net/azpho/index.html#2025,not_published,Individual file not published; consult problem_documents for shared-paper availability.
problem,4223,azpho,2025,,Problems,https://olimpicos.net/azpho/index.html#2025,not_published,Individual file not published; consult problem_documents for shared-paper availability.
problem,4224,azpho,2025,,Problems,https://olimpicos.net/azpho/index.html#2025,not_published,Individual file not published; consult problem_documents for shared-paper availability.
problem,4225,azpho,2025,,Problems,https://olimpicos.net/azpho/index.html#2025,not_published,Individual file not published; consult problem_documents for shared-paper availability.
problem,4226,azpho,2025,,Problems,https://olimpicos.net/azpho/index.html#2025,not_published,Individual file not published; consult problem_documents for shared-paper availability.
problem,4227,azpho,2025,,Problems,https://olimpicos.net/azpho/index.html#2025,not_published,Individual file not published; consult problem_documents for shared-paper availability.
problem,4228,azpho,2025,,Problems,https://olimpicos.net/azpho/index.html#2025,not_published,Individual file not published; consult problem_documents for shared-paper availability.
problem,4229,azpho,2025,,Problems,https://olimpicos.net/azpho/index.html#2025,not_published,Individual file not published; consult problem_documents for shared-paper availability.
problem,4230,azpho,2025,,Problems,https://olimpicos.net/azpho/index.html#2025,not_published,Individual file not published; consult problem_documents for shared-paper availability.
problem,4231,azpho,2025,,Problems,https://olimpicos.net/azpho/index.html#2025,not_published,Individual file not published; consult problem_documents for shared-paper availability.
problem,4232,azpho,2025,,Problems,https://olimpicos.net/azpho/index.html#2025,not_published,Individual file not published; consult problem_documents for shared-paper availability.
problem,4233,azpho,2025,,Problems,https://olimpicos.net/azpho/index.html#2025,not_published,Individual file not published; consult problem_documents for shared-paper availability.
problem,4234,azpho,2025,,Problems,https://olimpicos.net/azpho/index.html#2025,not_published,Individual file not published; consult problem_documents for shared-paper availability.
problem,4235,azpho,2025,,Problems,https://olimpicos.net/azpho/index.html#2025,not_published,Individual file not published; consult problem_documents for shared-paper availability.
problem,4236,azpho,2025,,Problems,https://olimpicos.net/azpho/index.html#2025,not_published,Individual file not published; consult problem_documents for shared-paper availability.
problem,4237,azpho,2025,,Problems,https://olimpicos.net/azpho/index.html#2025,not_published,Individual file not published; consult problem_documents for shared-paper availability.
problem,4238,azpho,2025,,Problems,https://olimpicos.net/azpho/index.html#2025,not_published,Individual file not published; consult problem_documents for shared-paper availability.
problem,4239,azpho,2025,,Problems,https://olimpicos.net/azpho/index.html#2025,not_published,Individual file not published; consult problem_documents for shared-paper availability.
problem,4240,azpho,2025,,Problems,https://olimpicos.net/azpho/index.html#2025,not_published,Individual file not published; consult problem_documents for shared-paper availability.
problem,4241,azpho,2025,,Problems,https://olimpicos.net/azpho/index.html#2025,not_published,Individual file not published; consult problem_documents for shared-paper availability.
problem,4242,azpho,2025,,Problems,https://olimpicos.net/azpho/index.html#2025,not_published,Individual file not published; consult problem_documents for shared-paper availability.
problem,4243,azpho,2025,,Problems,https://olimpicos.net/azpho/index.html#2025,not_published,Individual file not published; consult problem_documents for shared-paper availability.
problem,4244,azpho,2025,,Problems,https://olimpicos.net/azpho/index.html#2025,not_published,Individual file not published; consult problem_documents for shared-paper availability.
problem,4245,azpho,2025,,Problems,https://olimpicos.net/azpho/index.html#2025,not_published,Individual file not published; consult problem_documents for shared-paper availability.
problem,4246,azpho,2020,,Problems,https://olimpicos.net/azpho/index.html#2020,not_published,Individual file not published; consult problem_documents for shared-paper availability.
problem,4247,azpho,2020,,Problems,https://olimpicos.net/azpho/index.html#2020,not_published,Individual file not published; consult problem_documents for shared-paper availability.
problem,4248,azpho,2020,,Problems,https://olimpicos.net/azpho/index.html#2020,not_published,Individual file not published; consult problem_documents for shared-paper availability.
problem,4249,azpho,2020,,Problems,https://olimpicos.net/azpho/index.html#2020,not_published,Individual file not published; consult problem_documents for shared-paper availability.
problem,4250,azpho,2020,,Problems,https://olimpicos.net/azpho/index.html#2020,not_published,Individual file not published; consult problem_documents for shared-paper availability.
problem,4251,opho,2025,Open,Problems,https://olimpicos.net/opho/index.html#2025,not_published,Individual file not published; consult problem_documents for shared-paper availability.
problem,4252,opho,2025,Open,Problems,https://olimpicos.net/opho/index.html#2025,not_published,Individual file not published; consult problem_documents for shared-paper availability.
problem,4253,opho,2025,Open,Problems,https://olimpicos.net/opho/index.html#2025,not_published,Individual file not published; consult problem_documents for shared-paper availability.
problem,4254,opho,2025,Open,Problems,https://olimpicos.net/opho/index.html#2025,not_published,Individual file not published; consult problem_documents for shared-paper availability.
problem,4255,opho,2025,Open,Problems,https://olimpicos.net/opho/index.html#2025,not_published,Individual file not published; consult problem_documents for shared-paper availability.
problem,4256,opho,2025,Open,Problems,https://olimpicos.net/opho/index.html#2025,not_published,Individual file not published; consult problem_documents for shared-paper availability.
problem,4257,opho,2025,Open,Problems,https://olimpicos.net/opho/index.html#2025,not_published,Individual file not published; consult problem_documents for shared-paper availability.
problem,4258,opho,2025,Open,Problems,https://olimpicos.net/opho/index.html#2025,not_published,Individual file not published; consult problem_documents for shared-paper availability.
problem,4259,opho,2025,Open,Problems,https://olimpicos.net/opho/index.html#2025,not_published,Individual file not published; consult problem_documents for shared-paper availability.
problem,4260,opho,2025,Open,Problems,https://olimpicos.net/opho/index.html#2025,not_published,Individual file not published; consult problem_documents for shared-paper availability.
problem,4261,opho,2025,Open,Problems,https://olimpicos.net/opho/index.html#2025,not_published,Individual file not published; consult problem_documents for shared-paper availability.
problem,4262,opho,2025,Open,Problems,https://olimpicos.net/opho/index.html#2025,not_published,Individual file not published; consult problem_documents for shared-paper availability.
problem,4263,opho,2025,Open,Problems,https://olimpicos.net/opho/index.html#2025,not_published,Individual file not published; consult problem_documents for shared-paper availability.
problem,4264,opho,2025,Open,Problems,https://olimpicos.net/opho/index.html#2025,not_published,Individual file not published; consult problem_documents for shared-paper availability.
problem,4265,opho,2025,Open,Problems,https://olimpicos.net/opho/index.html#2025,not_published,Individual file not published; consult problem_documents for shared-paper availability.
problem,4266,opho,2025,Open,Problems,https://olimpicos.net/opho/index.html#2025,not_published,Individual file not published; consult problem_documents for shared-paper availability.
problem,4267,opho,2025,Open,Problems,https://olimpicos.net/opho/index.html#2025,not_published,Individual file not published; consult problem_documents for shared-paper availability.
problem,4268,opho,2025,Open,Problems,https://olimpicos.net/opho/index.html#2025,not_published,Individual file not published; consult problem_documents for shared-paper availability.
problem,4269,opho,2025,Open,Problems,https://olimpicos.net/opho/index.html#2025,not_published,Individual file not published; consult problem_documents for shared-paper availability.
problem,4270,opho,2025,Open,Problems,https://olimpicos.net/opho/index.html#2025,not_published,Individual file not published; consult problem_documents for shared-paper availability.
problem,4271,opho,2025,Open,Problems,https://olimpicos.net/opho/index.html#2025,not_published,Individual file not published; consult problem_documents for shared-paper availability.
problem,4272,opho,2025,Open,Problems,https://olimpicos.net/opho/index.html#2025,not_published,Individual file not published; consult problem_documents for shared-paper availability.
problem,4273,opho,2025,Open,Problems,https://olimpicos.net/opho/index.html#2025,not_published,Individual file not published; consult problem_documents for shared-paper availability.
problem,4274,opho,2025,Open,Problems,https://olimpicos.net/opho/index.html#2025,not_published,Individual file not published; consult problem_documents for shared-paper availability.
problem,4275,opho,2025,Open,Problems,https://olimpicos.net/opho/index.html#2025,not_published,Individual file not published; consult problem_documents for shared-paper availability.
problem,4276,opho,2025,Open,Problems,https://olimpicos.net/opho/index.html#2025,not_published,Individual file not published; consult problem_documents for shared-paper availability.
problem,4277,opho,2025,Open,Problems,https://olimpicos.net/opho/index.html#2025,not_published,Individual file not published; consult problem_documents for shared-paper availability.
problem,4278,opho,2025,Open,Problems,https://olimpicos.net/opho/index.html#2025,not_published,Individual file not published; consult problem_documents for shared-paper availability.
problem,4279,opho,2025,Open,Problems,https://olimpicos.net/opho/index.html#2025,not_published,Individual file not published; consult problem_documents for shared-paper availability.
problem,4280,opho,2025,Open,Problems,https://olimpicos.net/opho/index.html#2025,not_published,Individual file not published; consult problem_documents for shared-paper availability.
problem,4281,opho,2025,Open,Problems,https://olimpicos.net/opho/index.html#2025,not_published,Individual file not published; consult problem_documents for shared-paper availability.
problem,4282,opho,2025,Open,Problems,https://olimpicos.net/opho/index.html#2025,not_published,Individual file not published; consult problem_documents for shared-paper availability.
problem,4283,opho,2025,Open,Problems,https://olimpicos.net/opho/index.html#2025,not_published,Individual file not published; consult problem_documents for shared-paper availability.
problem,4284,opho,2025,Open,Problems,https://olimpicos.net/opho/index.html#2025,not_published,Individual file not published; consult problem_documents for shared-paper availability.
problem,4285,opho,2025,Open,Problems,https://olimpicos.net/opho/index.html#2025,not_published,Individual file not published; consult problem_documents for shared-paper availability.
problem,4286,opho,2025,Invitational,Part I,https://olimpicos.net/opho/index.html#2025,not_published,Individual file not published; consult problem_documents for shared-paper availability.
problem,4287,opho,2025,Invitational,Part I,https://olimpicos.net/opho/index.html#2025,not_published,Individual file not published; consult problem_documents for shared-paper availability.
problem,4288,opho,2025,Invitational,Part I,https://olimpicos.net/opho/index.html#2025,not_published,Individual file not published; consult problem_documents for shared-paper availability.
problem,4289,opho,2025,Invitational,Part II,https://olimpicos.net/opho/index.html#2025,not_published,Individual file not published; consult problem_documents for shared-paper availability.
problem,4290,opho,2025,Invitational,Part II,https://olimpicos.net/opho/index.html#2025,not_published,Individual file not published; consult problem_documents for shared-paper availability.
problem,4291,opho,2024,Open,Problems,https://olimpicos.net/opho/index.html#2024,not_published,Individual file not published; consult problem_documents for shared-paper availability.
problem,4292,opho,2024,Open,Problems,https://olimpicos.net/opho/index.html#2024,not_published,Individual file not published; consult problem_documents for shared-paper availability.
problem,4293,opho,2024,Open,Problems,https://olimpicos.net/opho/index.html#2024,not_published,Individual file not published; consult problem_documents for shared-paper availability.
problem,4294,opho,2024,Open,Problems,https://olimpicos.net/opho/index.html#2024,not_published,Individual file not published; consult problem_documents for shared-paper availability.
problem,4295,opho,2024,Open,Problems,https://olimpicos.net/opho/index.html#2024,not_published,Individual file not published; consult problem_documents for shared-paper availability.
problem,4296,opho,2024,Open,Problems,https://olimpicos.net/opho/index.html#2024,not_published,Individual file not published; consult problem_documents for shared-paper availability.
problem,4297,opho,2024,Open,Problems,https://olimpicos.net/opho/index.html#2024,not_published,Individual file not published; consult problem_documents for shared-paper availability.
problem,4298,opho,2024,Open,Problems,https://olimpicos.net/opho/index.html#2024,not_published,Individual file not published; consult problem_documents for shared-paper availability.
problem,4299,opho,2024,Open,Problems,https://olimpicos.net/opho/index.html#2024,not_published,Individual file not published; consult problem_documents for shared-paper availability.
problem,4300,opho,2024,Open,Problems,https://olimpicos.net/opho/index.html#2024,not_published,Individual file not published; consult problem_documents for shared-paper availability.
problem,4301,opho,2024,Open,Problems,https://olimpicos.net/opho/index.html#2024,not_published,Individual file not published; consult problem_documents for shared-paper availability.
problem,4302,opho,2024,Open,Problems,https://olimpicos.net/opho/index.html#2024,not_published,Individual file not published; consult problem_documents for shared-paper availability.
problem,4303,opho,2024,Open,Problems,https://olimpicos.net/opho/index.html#2024,not_published,Individual file not published; consult problem_documents for shared-paper availability.
problem,4304,opho,2024,Open,Problems,https://olimpicos.net/opho/index.html#2024,not_published,Individual file not published; consult problem_documents for shared-paper availability.
problem,4305,opho,2024,Open,Problems,https://olimpicos.net/opho/index.html#2024,not_published,Individual file not published; consult problem_documents for shared-paper availability.
problem,4306,opho,2024,Open,Problems,https://olimpicos.net/opho/index.html#2024,not_published,Individual file not published; consult problem_documents for shared-paper availability.
problem,4307,opho,2024,Open,Problems,https://olimpicos.net/opho/index.html#2024,not_published,Individual file not published; consult problem_documents for shared-paper availability.
problem,4308,opho,2024,Open,Problems,https://olimpicos.net/opho/index.html#2024,not_published,Individual file not published; consult problem_documents for shared-paper availability.
problem,4309,opho,2024,Open,Problems,https://olimpicos.net/opho/index.html#2024,not_published,Individual file not published; consult problem_documents for shared-paper availability.
problem,4310,opho,2024,Open,Problems,https://olimpicos.net/opho/index.html#2024,not_published,Individual file not published; consult problem_documents for shared-paper availability.
problem,4311,opho,2024,Open,Problems,https://olimpicos.net/opho/index.html#2024,not_published,Individual file not published; consult problem_documents for shared-paper availability.
problem,4312,opho,2024,Open,Problems,https://olimpicos.net/opho/index.html#2024,not_published,Individual file not published; consult problem_documents for shared-paper availability.
problem,4313,opho,2024,Open,Problems,https://olimpicos.net/opho/index.html#2024,not_published,Individual file not published; consult problem_documents for shared-paper availability.
problem,4314,opho,2024,Open,Problems,https://olimpicos.net/opho/index.html#2024,not_published,Individual file not published; consult problem_documents for shared-paper availability.
problem,4315,opho,2024,Open,Problems,https://olimpicos.net/opho/index.html#2024,not_published,Individual file not published; consult problem_documents for shared-paper availability.
problem,4316,opho,2024,Open,Problems,https://olimpicos.net/opho/index.html#2024,not_published,Individual file not published; consult problem_documents for shared-paper availability.
problem,4317,opho,2024,Open,Problems,https://olimpicos.net/opho/index.html#2024,not_published,Individual file not published; consult problem_documents for shared-paper availability.
problem,4318,opho,2024,Open,Problems,https://olimpicos.net/opho/index.html#2024,not_published,Individual file not published; consult problem_documents for shared-paper availability.
problem,4319,opho,2024,Open,Problems,https://olimpicos.net/opho/index.html#2024,not_published,Individual file not published; consult problem_documents for shared-paper availability.
problem,4320,opho,2024,Open,Problems,https://olimpicos.net/opho/index.html#2024,not_published,Individual file not published; consult problem_documents for shared-paper availability.
problem,4321,opho,2024,Open,Problems,https://olimpicos.net/opho/index.html#2024,not_published,Individual file not published; consult problem_documents for shared-paper availability.
problem,4322,opho,2024,Open,Problems,https://olimpicos.net/opho/index.html#2024,not_published,Individual file not published; consult problem_documents for shared-paper availability.
problem,4323,opho,2024,Open,Problems,https://olimpicos.net/opho/index.html#2024,not_published,Individual file not published; consult problem_documents for shared-paper availability.
problem,4324,opho,2024,Open,Problems,https://olimpicos.net/opho/index.html#2024,not_published,Individual file not published; consult problem_documents for shared-paper availability.
problem,4325,opho,2024,Open,Problems,https://olimpicos.net/opho/index.html#2024,not_published,Individual file not published; consult problem_documents for shared-paper availability.
problem,4326,opho,2024,Invitational,Theory,https://olimpicos.net/opho/index.html#2024,not_published,Individual file not published; consult problem_documents for shared-paper availability.
problem,4327,opho,2024,Invitational,Theory,https://olimpicos.net/opho/index.html#2024,not_published,Individual file not published; consult problem_documents for shared-paper availability.
problem,4328,opho,2024,Invitational,Theory,https://olimpicos.net/opho/index.html#2024,not_published,Individual file not published; consult problem_documents for shared-paper availability.
problem,4329,opho,2024,Invitational,Theory,https://olimpicos.net/opho/index.html#2024,not_published,Individual file not published; consult problem_documents for shared-paper availability.
problem,4331,opho,2023,Open,Problems,https://olimpicos.net/opho/index.html#2023,not_published,Individual file not published; consult problem_documents for shared-paper availability.
problem,4332,opho,2023,Open,Problems,https://olimpicos.net/opho/index.html#2023,not_published,Individual file not published; consult problem_documents for shared-paper availability.
problem,4333,opho,2023,Open,Problems,https://olimpicos.net/opho/index.html#2023,not_published,Individual file not published; consult problem_documents for shared-paper availability.
problem,4334,opho,2023,Open,Problems,https://olimpicos.net/opho/index.html#2023,not_published,Individual file not published; consult problem_documents for shared-paper availability.
problem,4335,opho,2023,Open,Problems,https://olimpicos.net/opho/index.html#2023,not_published,Individual file not published; consult problem_documents for shared-paper availability.
problem,4336,opho,2023,Open,Problems,https://olimpicos.net/opho/index.html#2023,not_published,Individual file not published; consult problem_documents for shared-paper availability.
problem,4337,opho,2023,Open,Problems,https://olimpicos.net/opho/index.html#2023,not_published,Individual file not published; consult problem_documents for shared-paper availability.
problem,4338,opho,2023,Open,Problems,https://olimpicos.net/opho/index.html#2023,not_published,Individual file not published; consult problem_documents for shared-paper availability.
problem,4339,opho,2023,Open,Problems,https://olimpicos.net/opho/index.html#2023,not_published,Individual file not published; consult problem_documents for shared-paper availability.
problem,4340,opho,2023,Open,Problems,https://olimpicos.net/opho/index.html#2023,not_published,Individual file not published; consult problem_documents for shared-paper availability.
problem,4341,opho,2023,Open,Problems,https://olimpicos.net/opho/index.html#2023,not_published,Individual file not published; consult problem_documents for shared-paper availability.
problem,4342,opho,2023,Open,Problems,https://olimpicos.net/opho/index.html#2023,not_published,Individual file not published; consult problem_documents for shared-paper availability.
problem,4343,opho,2023,Open,Problems,https://olimpicos.net/opho/index.html#2023,not_published,Individual file not published; consult problem_documents for shared-paper availability.
problem,4344,opho,2023,Open,Problems,https://olimpicos.net/opho/index.html#2023,not_published,Individual file not published; consult problem_documents for shared-paper availability.
problem,4345,opho,2023,Open,Problems,https://olimpicos.net/opho/index.html#2023,not_published,Individual file not published; consult problem_documents for shared-paper availability.
problem,4346,opho,2023,Open,Problems,https://olimpicos.net/opho/index.html#2023,not_published,Individual file not published; consult problem_documents for shared-paper availability.
problem,4347,opho,2023,Open,Problems,https://olimpicos.net/opho/index.html#2023,not_published,Individual file not published; consult problem_documents for shared-paper availability.
problem,4348,opho,2023,Open,Problems,https://olimpicos.net/opho/index.html#2023,not_published,Individual file not published; consult problem_documents for shared-paper availability.
problem,4349,opho,2023,Open,Problems,https://olimpicos.net/opho/index.html#2023,not_published,Individual file not published; consult problem_documents for shared-paper availability.
problem,4350,opho,2023,Open,Problems,https://olimpicos.net/opho/index.html#2023,not_published,Individual file not published; consult problem_documents for shared-paper availability.
problem,4351,opho,2023,Open,Problems,https://olimpicos.net/opho/index.html#2023,not_published,Individual file not published; consult problem_documents for shared-paper availability.
problem,4352,opho,2023,Open,Problems,https://olimpicos.net/opho/index.html#2023,not_published,Individual file not published; consult problem_documents for shared-paper availability.
problem,4353,opho,2023,Open,Problems,https://olimpicos.net/opho/index.html#2023,not_published,Individual file not published; consult problem_documents for shared-paper availability.
problem,4354,opho,2023,Open,Problems,https://olimpicos.net/opho/index.html#2023,not_published,Individual file not published; consult problem_documents for shared-paper availability.
problem,4355,opho,2023,Open,Problems,https://olimpicos.net/opho/index.html#2023,not_published,Individual file not published; consult problem_documents for shared-paper availability.
problem,4356,opho,2023,Open,Problems,https://olimpicos.net/opho/index.html#2023,not_published,Individual file not published; consult problem_documents for shared-paper availability.
problem,4357,opho,2023,Open,Problems,https://olimpicos.net/opho/index.html#2023,not_published,Individual file not published; consult problem_documents for shared-paper availability.
problem,4358,opho,2023,Open,Problems,https://olimpicos.net/opho/index.html#2023,not_published,Individual file not published; consult problem_documents for shared-paper availability.
problem,4359,opho,2023,Open,Problems,https://olimpicos.net/opho/index.html#2023,not_published,Individual file not published; consult problem_documents for shared-paper availability.
problem,4360,opho,2023,Open,Problems,https://olimpicos.net/opho/index.html#2023,not_published,Individual file not published; consult problem_documents for shared-paper availability.
problem,4361,opho,2023,Open,Problems,https://olimpicos.net/opho/index.html#2023,not_published,Individual file not published; consult problem_documents for shared-paper availability.
problem,4362,opho,2023,Open,Problems,https://olimpicos.net/opho/index.html#2023,not_published,Individual file not published; consult problem_documents for shared-paper availability.
problem,4363,opho,2023,Open,Problems,https://olimpicos.net/opho/index.html#2023,not_published,Individual file not published; consult problem_documents for shared-paper availability.
problem,4364,opho,2023,Open,Problems,https://olimpicos.net/opho/index.html#2023,not_published,Individual file not published; consult problem_documents for shared-paper availability.
problem,4365,opho,2023,Open,Problems,https://olimpicos.net/opho/index.html#2023,not_published,Individual file not published; consult problem_documents for shared-paper availability.
problem,4366,opho,2023,Invitational,Theory,https://olimpicos.net/opho/index.html#2023,not_published,Individual file not published; consult problem_documents for shared-paper availability.
problem,4367,opho,2023,Invitational,Theory,https://olimpicos.net/opho/index.html#2023,not_published,Individual file not published; consult problem_documents for shared-paper availability.
problem,4368,opho,2023,Invitational,Theory,https://olimpicos.net/opho/index.html#2023,not_published,Individual file not published; consult problem_documents for shared-paper availability.
problem,4370,opho,2022,Open,Problems,https://olimpicos.net/opho/index.html#2022,not_published,Individual file not published; consult problem_documents for shared-paper availability.
problem,4371,opho,2022,Open,Problems,https://olimpicos.net/opho/index.html#2022,not_published,Individual file not published; consult problem_documents for shared-paper availability.
problem,4372,opho,2022,Open,Problems,https://olimpicos.net/opho/index.html#2022,not_published,Individual file not published; consult problem_documents for shared-paper availability.
problem,4373,opho,2022,Open,Problems,https://olimpicos.net/opho/index.html#2022,not_published,Individual file not published; consult problem_documents for shared-paper availability.
problem,4374,opho,2022,Open,Problems,https://olimpicos.net/opho/index.html#2022,not_published,Individual file not published; consult problem_documents for shared-paper availability.
problem,4375,opho,2022,Open,Problems,https://olimpicos.net/opho/index.html#2022,not_published,Individual file not published; consult problem_documents for shared-paper availability.
problem,4376,opho,2022,Open,Problems,https://olimpicos.net/opho/index.html#2022,not_published,Individual file not published; consult problem_documents for shared-paper availability.
problem,4377,opho,2022,Open,Problems,https://olimpicos.net/opho/index.html#2022,not_published,Individual file not published; consult problem_documents for shared-paper availability.
problem,4378,opho,2022,Open,Problems,https://olimpicos.net/opho/index.html#2022,not_published,Individual file not published; consult problem_documents for shared-paper availability.
problem,4379,opho,2022,Open,Problems,https://olimpicos.net/opho/index.html#2022,not_published,Individual file not published; consult problem_documents for shared-paper availability.
problem,4380,opho,2022,Open,Problems,https://olimpicos.net/opho/index.html#2022,not_published,Individual file not published; consult problem_documents for shared-paper availability.
problem,4381,opho,2022,Open,Problems,https://olimpicos.net/opho/index.html#2022,not_published,Individual file not published; consult problem_documents for shared-paper availability.
problem,4382,opho,2022,Open,Problems,https://olimpicos.net/opho/index.html#2022,not_published,Individual file not published; consult problem_documents for shared-paper availability.
problem,4383,opho,2022,Open,Problems,https://olimpicos.net/opho/index.html#2022,not_published,Individual file not published; consult problem_documents for shared-paper availability.
problem,4384,opho,2022,Open,Problems,https://olimpicos.net/opho/index.html#2022,not_published,Individual file not published; consult problem_documents for shared-paper availability.
problem,4385,opho,2022,Open,Problems,https://olimpicos.net/opho/index.html#2022,not_published,Individual file not published; consult problem_documents for shared-paper availability.
problem,4386,opho,2022,Open,Problems,https://olimpicos.net/opho/index.html#2022,not_published,Individual file not published; consult problem_documents for shared-paper availability.
problem,4387,opho,2022,Open,Problems,https://olimpicos.net/opho/index.html#2022,not_published,Individual file not published; consult problem_documents for shared-paper availability.
problem,4388,opho,2022,Open,Problems,https://olimpicos.net/opho/index.html#2022,not_published,Individual file not published; consult problem_documents for shared-paper availability.
problem,4389,opho,2022,Open,Problems,https://olimpicos.net/opho/index.html#2022,not_published,Individual file not published; consult problem_documents for shared-paper availability.
problem,4390,opho,2022,Open,Problems,https://olimpicos.net/opho/index.html#2022,not_published,Individual file not published; consult problem_documents for shared-paper availability.
problem,4391,opho,2022,Open,Problems,https://olimpicos.net/opho/index.html#2022,not_published,Individual file not published; consult problem_documents for shared-paper availability.
problem,4392,opho,2022,Open,Problems,https://olimpicos.net/opho/index.html#2022,not_published,Individual file not published; consult problem_documents for shared-paper availability.
problem,4393,opho,2022,Open,Problems,https://olimpicos.net/opho/index.html#2022,not_published,Individual file not published; consult problem_documents for shared-paper availability.
problem,4394,opho,2022,Open,Problems,https://olimpicos.net/opho/index.html#2022,not_published,Individual file not published; consult problem_documents for shared-paper availability.
problem,4395,opho,2022,Open,Problems,https://olimpicos.net/opho/index.html#2022,not_published,Individual file not published; consult problem_documents for shared-paper availability.
problem,4396,opho,2022,Open,Problems,https://olimpicos.net/opho/index.html#2022,not_published,Individual file not published; consult problem_documents for shared-paper availability.
problem,4397,opho,2022,Open,Problems,https://olimpicos.net/opho/index.html#2022,not_published,Individual file not published; consult problem_documents for shared-paper availability.
problem,4398,opho,2022,Open,Problems,https://olimpicos.net/opho/index.html#2022,not_published,Individual file not published; consult problem_documents for shared-paper availability.
problem,4399,opho,2022,Open,Problems,https://olimpicos.net/opho/index.html#2022,not_published,Individual file not published; consult problem_documents for shared-paper availability.
problem,4400,opho,2022,Open,Problems,https://olimpicos.net/opho/index.html#2022,not_published,Individual file not published; consult problem_documents for shared-paper availability.
problem,4401,opho,2022,Open,Problems,https://olimpicos.net/opho/index.html#2022,not_published,Individual file not published; consult problem_documents for shared-paper availability.
problem,4402,opho,2022,Open,Problems,https://olimpicos.net/opho/index.html#2022,not_published,Individual file not published; consult problem_documents for shared-paper availability.
problem,4403,opho,2022,Open,Problems,https://olimpicos.net/opho/index.html#2022,not_published,Individual file not published; consult problem_documents for shared-paper availability.
problem,4404,opho,2022,Open,Problems,https://olimpicos.net/opho/index.html#2022,not_published,Individual file not published; consult problem_documents for shared-paper availability.
problem,4405,opho,2022,Invitational,Theory,https://olimpicos.net/opho/index.html#2022,not_published,Individual file not published; consult problem_documents for shared-paper availability.
problem,4406,opho,2022,Invitational,Theory,https://olimpicos.net/opho/index.html#2022,not_published,Individual file not published; consult problem_documents for shared-paper availability.
problem,4407,opho,2022,Invitational,Theory,https://olimpicos.net/opho/index.html#2022,not_published,Individual file not published; consult problem_documents for shared-paper availability.
problem,4408,opho,2022,Invitational,Theory,https://olimpicos.net/opho/index.html#2022,not_published,Individual file not published; consult problem_documents for shared-paper availability.
problem,4409,opho,2022,Invitational,Theory,https://olimpicos.net/opho/index.html#2022,not_published,Individual file not published; consult problem_documents for shared-paper availability.
problem,4411,opho,2021,Open,Problems,https://olimpicos.net/opho/index.html#2021,not_published,Individual file not published; consult problem_documents for shared-paper availability.
problem,4412,opho,2021,Open,Problems,https://olimpicos.net/opho/index.html#2021,not_published,Individual file not published; consult problem_documents for shared-paper availability.
problem,4413,opho,2021,Open,Problems,https://olimpicos.net/opho/index.html#2021,not_published,Individual file not published; consult problem_documents for shared-paper availability.
problem,4414,opho,2021,Open,Problems,https://olimpicos.net/opho/index.html#2021,not_published,Individual file not published; consult problem_documents for shared-paper availability.
problem,4415,opho,2021,Open,Problems,https://olimpicos.net/opho/index.html#2021,not_published,Individual file not published; consult problem_documents for shared-paper availability.
problem,4416,opho,2021,Open,Problems,https://olimpicos.net/opho/index.html#2021,not_published,Individual file not published; consult problem_documents for shared-paper availability.
problem,4417,opho,2021,Open,Problems,https://olimpicos.net/opho/index.html#2021,not_published,Individual file not published; consult problem_documents for shared-paper availability.
problem,4418,opho,2021,Open,Problems,https://olimpicos.net/opho/index.html#2021,not_published,Individual file not published; consult problem_documents for shared-paper availability.
problem,4419,opho,2021,Open,Problems,https://olimpicos.net/opho/index.html#2021,not_published,Individual file not published; consult problem_documents for shared-paper availability.
problem,4420,opho,2021,Open,Problems,https://olimpicos.net/opho/index.html#2021,not_published,Individual file not published; consult problem_documents for shared-paper availability.
problem,4421,opho,2021,Open,Problems,https://olimpicos.net/opho/index.html#2021,not_published,Individual file not published; consult problem_documents for shared-paper availability.
problem,4422,opho,2021,Open,Problems,https://olimpicos.net/opho/index.html#2021,not_published,Individual file not published; consult problem_documents for shared-paper availability.
problem,4423,opho,2021,Open,Problems,https://olimpicos.net/opho/index.html#2021,not_published,Individual file not published; consult problem_documents for shared-paper availability.
problem,4424,opho,2021,Open,Problems,https://olimpicos.net/opho/index.html#2021,not_published,Individual file not published; consult problem_documents for shared-paper availability.
problem,4425,opho,2021,Open,Problems,https://olimpicos.net/opho/index.html#2021,not_published,Individual file not published; consult problem_documents for shared-paper availability.
problem,4426,opho,2021,Open,Problems,https://olimpicos.net/opho/index.html#2021,not_published,Individual file not published; consult problem_documents for shared-paper availability.
problem,4427,opho,2021,Open,Problems,https://olimpicos.net/opho/index.html#2021,not_published,Individual file not published; consult problem_documents for shared-paper availability.
problem,4428,opho,2021,Open,Problems,https://olimpicos.net/opho/index.html#2021,not_published,Individual file not published; consult problem_documents for shared-paper availability.
problem,4429,opho,2021,Open,Problems,https://olimpicos.net/opho/index.html#2021,not_published,Individual file not published; consult problem_documents for shared-paper availability.
problem,4430,opho,2021,Open,Problems,https://olimpicos.net/opho/index.html#2021,not_published,Individual file not published; consult problem_documents for shared-paper availability.
problem,4431,opho,2021,Open,Problems,https://olimpicos.net/opho/index.html#2021,not_published,Individual file not published; consult problem_documents for shared-paper availability.
problem,4432,opho,2021,Open,Problems,https://olimpicos.net/opho/index.html#2021,not_published,Individual file not published; consult problem_documents for shared-paper availability.
problem,4433,opho,2021,Open,Problems,https://olimpicos.net/opho/index.html#2021,not_published,Individual file not published; consult problem_documents for shared-paper availability.
problem,4434,opho,2021,Open,Problems,https://olimpicos.net/opho/index.html#2021,not_published,Individual file not published; consult problem_documents for shared-paper availability.
problem,4435,opho,2021,Open,Problems,https://olimpicos.net/opho/index.html#2021,not_published,Individual file not published; consult problem_documents for shared-paper availability.
problem,4436,opho,2021,Open,Problems,https://olimpicos.net/opho/index.html#2021,not_published,Individual file not published; consult problem_documents for shared-paper availability.
problem,4437,opho,2021,Open,Problems,https://olimpicos.net/opho/index.html#2021,not_published,Individual file not published; consult problem_documents for shared-paper availability.
problem,4438,opho,2021,Open,Problems,https://olimpicos.net/opho/index.html#2021,not_published,Individual file not published; consult problem_documents for shared-paper availability.
problem,4439,opho,2021,Open,Problems,https://olimpicos.net/opho/index.html#2021,not_published,Individual file not published; consult problem_documents for shared-paper availability.
problem,4440,opho,2021,Open,Problems,https://olimpicos.net/opho/index.html#2021,not_published,Individual file not published; consult problem_documents for shared-paper availability.
problem,4441,opho,2021,Open,Problems,https://olimpicos.net/opho/index.html#2021,not_published,Individual file not published; consult problem_documents for shared-paper availability.
problem,4442,opho,2021,Open,Problems,https://olimpicos.net/opho/index.html#2021,not_published,Individual file not published; consult problem_documents for shared-paper availability.
problem,4443,opho,2021,Open,Problems,https://olimpicos.net/opho/index.html#2021,not_published,Individual file not published; consult problem_documents for shared-paper availability.
problem,4444,opho,2021,Open,Problems,https://olimpicos.net/opho/index.html#2021,not_published,Individual file not published; consult problem_documents for shared-paper availability.
problem,4445,opho,2021,Open,Problems,https://olimpicos.net/opho/index.html#2021,not_published,Individual file not published; consult problem_documents for shared-paper availability.
problem,4446,opho,2021,Invitational,Theory,https://olimpicos.net/opho/index.html#2021,not_published,Individual file not published; consult problem_documents for shared-paper availability.
problem,4447,opho,2021,Invitational,Theory,https://olimpicos.net/opho/index.html#2021,not_published,Individual file not published; consult problem_documents for shared-paper availability.
problem,4448,opho,2021,Invitational,Theory,https://olimpicos.net/opho/index.html#2021,not_published,Individual file not published; consult problem_documents for shared-paper availability.
problem,4449,opho,2021,Invitational,Theory,https://olimpicos.net/opho/index.html#2021,not_published,Individual file not published; consult problem_documents for shared-paper availability.
problem,4451,opho,2020,Open,Problems,https://olimpicos.net/opho/index.html#2020,not_published,Individual file not published; consult problem_documents for shared-paper availability.
problem,4452,opho,2020,Open,Problems,https://olimpicos.net/opho/index.html#2020,not_published,Individual file not published; consult problem_documents for shared-paper availability.
problem,4453,opho,2020,Open,Problems,https://olimpicos.net/opho/index.html#2020,not_published,Individual file not published; consult problem_documents for shared-paper availability.
problem,4454,opho,2020,Open,Problems,https://olimpicos.net/opho/index.html#2020,not_published,Individual file not published; consult problem_documents for shared-paper availability.
problem,4455,opho,2020,Open,Problems,https://olimpicos.net/opho/index.html#2020,not_published,Individual file not published; consult problem_documents for shared-paper availability.
problem,4456,opho,2020,Open,Problems,https://olimpicos.net/opho/index.html#2020,not_published,Individual file not published; consult problem_documents for shared-paper availability.
problem,4457,opho,2020,Open,Problems,https://olimpicos.net/opho/index.html#2020,not_published,Individual file not published; consult problem_documents for shared-paper availability.
problem,4458,opho,2020,Open,Problems,https://olimpicos.net/opho/index.html#2020,not_published,Individual file not published; consult problem_documents for shared-paper availability.
problem,4459,opho,2020,Open,Problems,https://olimpicos.net/opho/index.html#2020,not_published,Individual file not published; consult problem_documents for shared-paper availability.
problem,4460,opho,2020,Open,Problems,https://olimpicos.net/opho/index.html#2020,not_published,Individual file not published; consult problem_documents for shared-paper availability.
problem,4461,opho,2020,Open,Problems,https://olimpicos.net/opho/index.html#2020,not_published,Individual file not published; consult problem_documents for shared-paper availability.
problem,4462,opho,2020,Open,Problems,https://olimpicos.net/opho/index.html#2020,not_published,Individual file not published; consult problem_documents for shared-paper availability.
problem,4463,opho,2020,Open,Problems,https://olimpicos.net/opho/index.html#2020,not_published,Individual file not published; consult problem_documents for shared-paper availability.
problem,4464,opho,2020,Open,Problems,https://olimpicos.net/opho/index.html#2020,not_published,Individual file not published; consult problem_documents for shared-paper availability.
problem,4465,opho,2020,Open,Problems,https://olimpicos.net/opho/index.html#2020,not_published,Individual file not published; consult problem_documents for shared-paper availability.
problem,4466,opho,2020,Open,Problems,https://olimpicos.net/opho/index.html#2020,not_published,Individual file not published; consult problem_documents for shared-paper availability.
problem,4467,opho,2020,Open,Problems,https://olimpicos.net/opho/index.html#2020,not_published,Individual file not published; consult problem_documents for shared-paper availability.
problem,4468,opho,2020,Open,Problems,https://olimpicos.net/opho/index.html#2020,not_published,Individual file not published; consult problem_documents for shared-paper availability.
problem,4469,opho,2020,Open,Problems,https://olimpicos.net/opho/index.html#2020,not_published,Individual file not published; consult problem_documents for shared-paper availability.
problem,4470,opho,2020,Open,Problems,https://olimpicos.net/opho/index.html#2020,not_published,Individual file not published; consult problem_documents for shared-paper availability.
problem,4471,opho,2020,Open,Problems,https://olimpicos.net/opho/index.html#2020,not_published,Individual file not published; consult problem_documents for shared-paper availability.
problem,4472,opho,2020,Open,Problems,https://olimpicos.net/opho/index.html#2020,not_published,Individual file not published; consult problem_documents for shared-paper availability.
problem,4473,opho,2020,Open,Problems,https://olimpicos.net/opho/index.html#2020,not_published,Individual file not published; consult problem_documents for shared-paper availability.
problem,4474,opho,2020,Open,Problems,https://olimpicos.net/opho/index.html#2020,not_published,Individual file not published; consult problem_documents for shared-paper availability.
problem,4475,opho,2020,Open,Problems,https://olimpicos.net/opho/index.html#2020,not_published,Individual file not published; consult problem_documents for shared-paper availability.
problem,4476,opho,2020,Open,Problems,https://olimpicos.net/opho/index.html#2020,not_published,Individual file not published; consult problem_documents for shared-paper availability.
problem,4477,opho,2020,Open,Problems,https://olimpicos.net/opho/index.html#2020,not_published,Individual file not published; consult problem_documents for shared-paper availability.
problem,4478,opho,2020,Open,Problems,https://olimpicos.net/opho/index.html#2020,not_published,Individual file not published; consult problem_documents for shared-paper availability.
problem,4479,opho,2020,Open,Problems,https://olimpicos.net/opho/index.html#2020,not_published,Individual file not published; consult problem_documents for shared-paper availability.
problem,4480,opho,2020,Open,Problems,https://olimpicos.net/opho/index.html#2020,not_published,Individual file not published; consult problem_documents for shared-paper availability.
problem,4481,opho,2020,Open,Problems,https://olimpicos.net/opho/index.html#2020,not_published,Individual file not published; consult problem_documents for shared-paper availability.
problem,4482,opho,2020,Open,Problems,https://olimpicos.net/opho/index.html#2020,not_published,Individual file not published; consult problem_documents for shared-paper availability.
problem,4483,opho,2020,Open,Problems,https://olimpicos.net/opho/index.html#2020,not_published,Individual file not published; consult problem_documents for shared-paper availability.
problem,4484,opho,2020,Open,Problems,https://olimpicos.net/opho/index.html#2020,not_published,Individual file not published; consult problem_documents for shared-paper availability.
problem,4485,opho,2020,Open,Problems,https://olimpicos.net/opho/index.html#2020,not_published,Individual file not published; consult problem_documents for shared-paper availability.
problem,4486,opho,2020,Open,Problems,https://olimpicos.net/opho/index.html#2020,not_published,Individual file not published; consult problem_documents for shared-paper availability.
problem,4487,opho,2020,Open,Problems,https://olimpicos.net/opho/index.html#2020,not_published,Individual file not published; consult problem_documents for shared-paper availability.
problem,4488,opho,2020,Open,Problems,https://olimpicos.net/opho/index.html#2020,not_published,Individual file not published; consult problem_documents for shared-paper availability.
problem,4489,opho,2020,Open,Problems,https://olimpicos.net/opho/index.html#2020,not_published,Individual file not published; consult problem_documents for shared-paper availability.
problem,4490,opho,2020,Open,Problems,https://olimpicos.net/opho/index.html#2020,not_published,Individual file not published; consult problem_documents for shared-paper availability.
problem,4491,opho,2020,Open,Problems,https://olimpicos.net/opho/index.html#2020,not_published,Individual file not published; consult problem_documents for shared-paper availability.
problem,4492,opho,2020,Open,Problems,https://olimpicos.net/opho/index.html#2020,not_published,Individual file not published; consult problem_documents for shared-paper availability.
problem,4493,opho,2020,Open,Problems,https://olimpicos.net/opho/index.html#2020,not_published,Individual file not published; consult problem_documents for shared-paper availability.
problem,4494,opho,2020,Open,Problems,https://olimpicos.net/opho/index.html#2020,not_published,Individual file not published; consult problem_documents for shared-paper availability.
problem,4495,opho,2020,Open,Problems,https://olimpicos.net/opho/index.html#2020,not_published,Individual file not published; consult problem_documents for shared-paper availability.
problem,4496,opho,2020,Open,Problems,https://olimpicos.net/opho/index.html#2020,not_published,Individual file not published; consult problem_documents for shared-paper availability.
problem,4497,opho,2020,Open,Problems,https://olimpicos.net/opho/index.html#2020,not_published,Individual file not published; consult problem_documents for shared-paper availability.
problem,4498,opho,2020,Open,Problems,https://olimpicos.net/opho/index.html#2020,not_published,Individual file not published; consult problem_documents for shared-paper availability.
problem,4499,opho,2020,Open,Problems,https://olimpicos.net/opho/index.html#2020,not_published,Individual file not published; consult problem_documents for shared-paper availability.
problem,4500,opho,2020,Open,Problems,https://olimpicos.net/opho/index.html#2020,not_published,Individual file not published; consult problem_documents for shared-paper availability.
problem,4501,opho,2020,Open,Problems,https://olimpicos.net/opho/index.html#2020,not_published,Individual file not published; consult problem_documents for shared-paper availability.
problem,4502,opho,2020,Open,Problems,https://olimpicos.net/opho/index.html#2020,not_published,Individual file not published; consult problem_documents for shared-paper availability.
problem,4503,opho,2020,Open,Problems,https://olimpicos.net/opho/index.html#2020,not_published,Individual file not published; consult problem_documents for shared-paper availability.
problem,4504,opho,2020,Open,Problems,https://olimpicos.net/opho/index.html#2020,not_published,Individual file not published; consult problem_documents for shared-paper availability.
problem,4505,opho,2020,Open,Problems,https://olimpicos.net/opho/index.html#2020,not_published,Individual file not published; consult problem_documents for shared-paper availability.
problem,4506,opho,2020,Invitational,Problems,https://olimpicos.net/opho/index.html#2020,not_published,Individual file not published; consult problem_documents for shared-paper availability.
problem,4516,physicsbrawl,2025,,Problems,https://olimpicos.net/physicsbrawl/index.html#2025,not_published,Individual file not published; consult problem_documents for shared-paper availability.
problem,4517,physicsbrawl,2025,,Problems,https://olimpicos.net/physicsbrawl/index.html#2025,not_published,Individual file not published; consult problem_documents for shared-paper availability.
problem,4518,physicsbrawl,2025,,Problems,https://olimpicos.net/physicsbrawl/index.html#2025,not_published,Individual file not published; consult problem_documents for shared-paper availability.
problem,4519,physicsbrawl,2025,,Problems,https://olimpicos.net/physicsbrawl/index.html#2025,not_published,Individual file not published; consult problem_documents for shared-paper availability.
problem,4520,physicsbrawl,2025,,Problems,https://olimpicos.net/physicsbrawl/index.html#2025,not_published,Individual file not published; consult problem_documents for shared-paper availability.
problem,4521,physicsbrawl,2025,,Problems,https://olimpicos.net/physicsbrawl/index.html#2025,not_published,Individual file not published; consult problem_documents for shared-paper availability.
problem,4522,physicsbrawl,2025,,Problems,https://olimpicos.net/physicsbrawl/index.html#2025,not_published,Individual file not published; consult problem_documents for shared-paper availability.
problem,4523,physicsbrawl,2025,,Problems,https://olimpicos.net/physicsbrawl/index.html#2025,not_published,Individual file not published; consult problem_documents for shared-paper availability.
problem,4524,physicsbrawl,2025,,Problems,https://olimpicos.net/physicsbrawl/index.html#2025,not_published,Individual file not published; consult problem_documents for shared-paper availability.
problem,4525,physicsbrawl,2025,,Problems,https://olimpicos.net/physicsbrawl/index.html#2025,not_published,Individual file not published; consult problem_documents for shared-paper availability.
problem,4526,physicsbrawl,2025,,Problems,https://olimpicos.net/physicsbrawl/index.html#2025,not_published,Individual file not published; consult problem_documents for shared-paper availability.
problem,4527,physicsbrawl,2025,,Problems,https://olimpicos.net/physicsbrawl/index.html#2025,not_published,Individual file not published; consult problem_documents for shared-paper availability.
problem,4528,physicsbrawl,2025,,Problems,https://olimpicos.net/physicsbrawl/index.html#2025,not_published,Individual file not published; consult problem_documents for shared-paper availability.
problem,4529,physicsbrawl,2025,,Problems,https://olimpicos.net/physicsbrawl/index.html#2025,not_published,Individual file not published; consult problem_documents for shared-paper availability.
problem,4530,physicsbrawl,2025,,Problems,https://olimpicos.net/physicsbrawl/index.html#2025,not_published,Individual file not published; consult problem_documents for shared-paper availability.
problem,4531,physicsbrawl,2025,,Problems,https://olimpicos.net/physicsbrawl/index.html#2025,not_published,Individual file not published; consult problem_documents for shared-paper availability.
problem,4532,physicsbrawl,2025,,Problems,https://olimpicos.net/physicsbrawl/index.html#2025,not_published,Individual file not published; consult problem_documents for shared-paper availability.
problem,4533,physicsbrawl,2025,,Problems,https://olimpicos.net/physicsbrawl/index.html#2025,not_published,Individual file not published; consult problem_documents for shared-paper availability.
problem,4534,physicsbrawl,2025,,Problems,https://olimpicos.net/physicsbrawl/index.html#2025,not_published,Individual file not published; consult problem_documents for shared-paper availability.
problem,4535,physicsbrawl,2025,,Problems,https://olimpicos.net/physicsbrawl/index.html#2025,not_published,Individual file not published; consult problem_documents for shared-paper availability.
problem,4536,physicsbrawl,2025,,Problems,https://olimpicos.net/physicsbrawl/index.html#2025,not_published,Individual file not published; consult problem_documents for shared-paper availability.
problem,4537,physicsbrawl,2025,,Problems,https://olimpicos.net/physicsbrawl/index.html#2025,not_published,Individual file not published; consult problem_documents for shared-paper availability.
problem,4538,physicsbrawl,2025,,Problems,https://olimpicos.net/physicsbrawl/index.html#2025,not_published,Individual file not published; consult problem_documents for shared-paper availability.
problem,4539,physicsbrawl,2025,,Problems,https://olimpicos.net/physicsbrawl/index.html#2025,not_published,Individual file not published; consult problem_documents for shared-paper availability.
problem,4540,physicsbrawl,2025,,Problems,https://olimpicos.net/physicsbrawl/index.html#2025,not_published,Individual file not published; consult problem_documents for shared-paper availability.
problem,4541,physicsbrawl,2025,,Problems,https://olimpicos.net/physicsbrawl/index.html#2025,not_published,Individual file not published; consult problem_documents for shared-paper availability.
problem,4542,physicsbrawl,2025,,Problems,https://olimpicos.net/physicsbrawl/index.html#2025,not_published,Individual file not published; consult problem_documents for shared-paper availability.
problem,4543,physicsbrawl,2025,,Problems,https://olimpicos.net/physicsbrawl/index.html#2025,not_published,Individual file not published; consult problem_documents for shared-paper availability.
problem,4544,physicsbrawl,2025,,Problems,https://olimpicos.net/physicsbrawl/index.html#2025,not_published,Individual file not published; consult problem_documents for shared-paper availability.
problem,4545,physicsbrawl,2025,,Problems,https://olimpicos.net/physicsbrawl/index.html#2025,not_published,Individual file not published; consult problem_documents for shared-paper availability.
problem,4546,physicsbrawl,2025,,Problems,https://olimpicos.net/physicsbrawl/index.html#2025,not_published,Individual file not published; consult problem_documents for shared-paper availability.
problem,4547,physicsbrawl,2025,,Problems,https://olimpicos.net/physicsbrawl/index.html#2025,not_published,Individual file not published; consult problem_documents for shared-paper availability.
problem,4548,physicsbrawl,2025,,Problems,https://olimpicos.net/physicsbrawl/index.html#2025,not_published,Individual file not published; consult problem_documents for shared-paper availability.
problem,4549,physicsbrawl,2025,,Problems,https://olimpicos.net/physicsbrawl/index.html#2025,not_published,Individual file not published; consult problem_documents for shared-paper availability.
problem,4550,physicsbrawl,2025,,Problems,https://olimpicos.net/physicsbrawl/index.html#2025,not_published,Individual file not published; consult problem_documents for shared-paper availability.
problem,4551,physicsbrawl,2025,,Problems,https://olimpicos.net/physicsbrawl/index.html#2025,not_published,Individual file not published; consult problem_documents for shared-paper availability.
problem,4552,physicsbrawl,2025,,Problems,https://olimpicos.net/physicsbrawl/index.html#2025,not_published,Individual file not published; consult problem_documents for shared-paper availability.
problem,4553,physicsbrawl,2025,,Problems,https://olimpicos.net/physicsbrawl/index.html#2025,not_published,Individual file not published; consult problem_documents for shared-paper availability.
problem,4554,physicsbrawl,2025,,Problems,https://olimpicos.net/physicsbrawl/index.html#2025,not_published,Individual file not published; consult problem_documents for shared-paper availability.
problem,4555,physicsbrawl,2025,,Problems,https://olimpicos.net/physicsbrawl/index.html#2025,not_published,Individual file not published; consult problem_documents for shared-paper availability.
problem,4556,physicsbrawl,2025,,Problems,https://olimpicos.net/physicsbrawl/index.html#2025,not_published,Individual file not published; consult problem_documents for shared-paper availability.
problem,4557,physicsbrawl,2025,,Problems,https://olimpicos.net/physicsbrawl/index.html#2025,not_published,Individual file not published; consult problem_documents for shared-paper availability.
problem,4558,physicsbrawl,2025,,Problems,https://olimpicos.net/physicsbrawl/index.html#2025,not_published,Individual file not published; consult problem_documents for shared-paper availability.
problem,4559,physicsbrawl,2025,,Problems,https://olimpicos.net/physicsbrawl/index.html#2025,not_published,Individual file not published; consult problem_documents for shared-paper availability.
problem,4560,physicsbrawl,2025,,Problems,https://olimpicos.net/physicsbrawl/index.html#2025,not_published,Individual file not published; consult problem_documents for shared-paper availability.
problem,4561,physicsbrawl,2025,,Problems,https://olimpicos.net/physicsbrawl/index.html#2025,not_published,Individual file not published; consult problem_documents for shared-paper availability.
problem,4562,physicsbrawl,2025,,Problems,https://olimpicos.net/physicsbrawl/index.html#2025,not_published,Individual file not published; consult problem_documents for shared-paper availability.
problem,4563,physicsbrawl,2025,,Problems,https://olimpicos.net/physicsbrawl/index.html#2025,not_published,Individual file not published; consult problem_documents for shared-paper availability.
problem,4564,physicsbrawl,2025,,Problems,https://olimpicos.net/physicsbrawl/index.html#2025,not_published,Individual file not published; consult problem_documents for shared-paper availability.
problem,4565,physicsbrawl,2025,,Problems,https://olimpicos.net/physicsbrawl/index.html#2025,not_published,Individual file not published; consult problem_documents for shared-paper availability.
problem,4566,physicsbrawl,2025,,Problems,https://olimpicos.net/physicsbrawl/index.html#2025,not_published,Individual file not published; consult problem_documents for shared-paper availability.
problem,4567,physicsbrawl,2025,,Problems,https://olimpicos.net/physicsbrawl/index.html#2025,not_published,Individual file not published; consult problem_documents for shared-paper availability.
problem,4568,physicsbrawl,2025,,Problems,https://olimpicos.net/physicsbrawl/index.html#2025,not_published,Individual file not published; consult problem_documents for shared-paper availability.
problem,4569,physicsbrawl,2025,,Problems,https://olimpicos.net/physicsbrawl/index.html#2025,not_published,Individual file not published; consult problem_documents for shared-paper availability.
problem,4570,physicsbrawl,2025,,Problems,https://olimpicos.net/physicsbrawl/index.html#2025,not_published,Individual file not published; consult problem_documents for shared-paper availability.
problem,4571,physicsbrawl,2025,,Problems,https://olimpicos.net/physicsbrawl/index.html#2025,not_published,Individual file not published; consult problem_documents for shared-paper availability.
problem,4572,physicsbrawl,2025,,Problems,https://olimpicos.net/physicsbrawl/index.html#2025,not_published,Individual file not published; consult problem_documents for shared-paper availability.
problem,4573,physicsbrawl,2025,,Problems,https://olimpicos.net/physicsbrawl/index.html#2025,not_published,Individual file not published; consult problem_documents for shared-paper availability.
problem,4574,physicsbrawl,2025,,Problems,https://olimpicos.net/physicsbrawl/index.html#2025,not_published,Individual file not published; consult problem_documents for shared-paper availability.
problem,4575,physicsbrawl,2025,,Problems,https://olimpicos.net/physicsbrawl/index.html#2025,not_published,Individual file not published; consult problem_documents for shared-paper availability.
problem,4576,physicsbrawl,2025,,Problems,https://olimpicos.net/physicsbrawl/index.html#2025,not_published,Individual file not published; consult problem_documents for shared-paper availability.
problem,4577,physicsbrawl,2025,,Problems,https://olimpicos.net/physicsbrawl/index.html#2025,not_published,Individual file not published; consult problem_documents for shared-paper availability.
problem,4578,physicsbrawl,2025,,Problems,https://olimpicos.net/physicsbrawl/index.html#2025,not_published,Individual file not published; consult problem_documents for shared-paper availability.
problem,4579,physicsbrawl,2025,,Problems,https://olimpicos.net/physicsbrawl/index.html#2025,not_published,Individual file not published; consult problem_documents for shared-paper availability.
problem,4580,physicsbrawl,2025,,Problems,https://olimpicos.net/physicsbrawl/index.html#2025,not_published,Individual file not published; consult problem_documents for shared-paper availability.
problem,4581,physicsbrawl,2025,,Problems,https://olimpicos.net/physicsbrawl/index.html#2025,not_published,Individual file not published; consult problem_documents for shared-paper availability.
problem,4582,physicsbrawl,2025,,Problems,https://olimpicos.net/physicsbrawl/index.html#2025,not_published,Individual file not published; consult problem_documents for shared-paper availability.
problem,4583,physicsbrawl,2025,,Problems,https://olimpicos.net/physicsbrawl/index.html#2025,not_published,Individual file not published; consult problem_documents for shared-paper availability.
problem,4584,physicsbrawl,2024,,Problems,https://olimpicos.net/physicsbrawl/index.html#2024,not_published,Individual file not published; consult problem_documents for shared-paper availability.
problem,4585,physicsbrawl,2024,,Problems,https://olimpicos.net/physicsbrawl/index.html#2024,not_published,Individual file not published; consult problem_documents for shared-paper availability.
problem,4586,physicsbrawl,2024,,Problems,https://olimpicos.net/physicsbrawl/index.html#2024,not_published,Individual file not published; consult problem_documents for shared-paper availability.
problem,4587,physicsbrawl,2024,,Problems,https://olimpicos.net/physicsbrawl/index.html#2024,not_published,Individual file not published; consult problem_documents for shared-paper availability.
problem,4588,physicsbrawl,2024,,Problems,https://olimpicos.net/physicsbrawl/index.html#2024,not_published,Individual file not published; consult problem_documents for shared-paper availability.
problem,4589,physicsbrawl,2024,,Problems,https://olimpicos.net/physicsbrawl/index.html#2024,not_published,Individual file not published; consult problem_documents for shared-paper availability.
problem,4590,physicsbrawl,2024,,Problems,https://olimpicos.net/physicsbrawl/index.html#2024,not_published,Individual file not published; consult problem_documents for shared-paper availability.
problem,4591,physicsbrawl,2024,,Problems,https://olimpicos.net/physicsbrawl/index.html#2024,not_published,Individual file not published; consult problem_documents for shared-paper availability.
problem,4592,physicsbrawl,2024,,Problems,https://olimpicos.net/physicsbrawl/index.html#2024,not_published,Individual file not published; consult problem_documents for shared-paper availability.
problem,4593,physicsbrawl,2024,,Problems,https://olimpicos.net/physicsbrawl/index.html#2024,not_published,Individual file not published; consult problem_documents for shared-paper availability.
problem,4594,physicsbrawl,2024,,Problems,https://olimpicos.net/physicsbrawl/index.html#2024,not_published,Individual file not published; consult problem_documents for shared-paper availability.
problem,4595,physicsbrawl,2024,,Problems,https://olimpicos.net/physicsbrawl/index.html#2024,not_published,Individual file not published; consult problem_documents for shared-paper availability.
problem,4596,physicsbrawl,2024,,Problems,https://olimpicos.net/physicsbrawl/index.html#2024,not_published,Individual file not published; consult problem_documents for shared-paper availability.
problem,4597,physicsbrawl,2024,,Problems,https://olimpicos.net/physicsbrawl/index.html#2024,not_published,Individual file not published; consult problem_documents for shared-paper availability.
problem,4598,physicsbrawl,2024,,Problems,https://olimpicos.net/physicsbrawl/index.html#2024,not_published,Individual file not published; consult problem_documents for shared-paper availability.
problem,4599,physicsbrawl,2024,,Problems,https://olimpicos.net/physicsbrawl/index.html#2024,not_published,Individual file not published; consult problem_documents for shared-paper availability.
problem,4600,physicsbrawl,2024,,Problems,https://olimpicos.net/physicsbrawl/index.html#2024,not_published,Individual file not published; consult problem_documents for shared-paper availability.
problem,4601,physicsbrawl,2024,,Problems,https://olimpicos.net/physicsbrawl/index.html#2024,not_published,Individual file not published; consult problem_documents for shared-paper availability.
problem,4602,physicsbrawl,2024,,Problems,https://olimpicos.net/physicsbrawl/index.html#2024,not_published,Individual file not published; consult problem_documents for shared-paper availability.
problem,4603,physicsbrawl,2024,,Problems,https://olimpicos.net/physicsbrawl/index.html#2024,not_published,Individual file not published; consult problem_documents for shared-paper availability.
problem,4604,physicsbrawl,2024,,Problems,https://olimpicos.net/physicsbrawl/index.html#2024,not_published,Individual file not published; consult problem_documents for shared-paper availability.
problem,4605,physicsbrawl,2024,,Problems,https://olimpicos.net/physicsbrawl/index.html#2024,not_published,Individual file not published; consult problem_documents for shared-paper availability.
problem,4606,physicsbrawl,2024,,Problems,https://olimpicos.net/physicsbrawl/index.html#2024,not_published,Individual file not published; consult problem_documents for shared-paper availability.
problem,4607,physicsbrawl,2024,,Problems,https://olimpicos.net/physicsbrawl/index.html#2024,not_published,Individual file not published; consult problem_documents for shared-paper availability.
problem,4608,physicsbrawl,2024,,Problems,https://olimpicos.net/physicsbrawl/index.html#2024,not_published,Individual file not published; consult problem_documents for shared-paper availability.
problem,4609,physicsbrawl,2024,,Problems,https://olimpicos.net/physicsbrawl/index.html#2024,not_published,Individual file not published; consult problem_documents for shared-paper availability.
problem,4610,physicsbrawl,2024,,Problems,https://olimpicos.net/physicsbrawl/index.html#2024,not_published,Individual file not published; consult problem_documents for shared-paper availability.
problem,4611,physicsbrawl,2024,,Problems,https://olimpicos.net/physicsbrawl/index.html#2024,not_published,Individual file not published; consult problem_documents for shared-paper availability.
problem,4612,physicsbrawl,2024,,Problems,https://olimpicos.net/physicsbrawl/index.html#2024,not_published,Individual file not published; consult problem_documents for shared-paper availability.
problem,4613,physicsbrawl,2024,,Problems,https://olimpicos.net/physicsbrawl/index.html#2024,not_published,Individual file not published; consult problem_documents for shared-paper availability.
problem,4614,physicsbrawl,2024,,Problems,https://olimpicos.net/physicsbrawl/index.html#2024,not_published,Individual file not published; consult problem_documents for shared-paper availability.
problem,4615,physicsbrawl,2024,,Problems,https://olimpicos.net/physicsbrawl/index.html#2024,not_published,Individual file not published; consult problem_documents for shared-paper availability.
problem,4616,physicsbrawl,2024,,Problems,https://olimpicos.net/physicsbrawl/index.html#2024,not_published,Individual file not published; consult problem_documents for shared-paper availability.
problem,4617,physicsbrawl,2024,,Problems,https://olimpicos.net/physicsbrawl/index.html#2024,not_published,Individual file not published; consult problem_documents for shared-paper availability.
problem,4618,physicsbrawl,2024,,Problems,https://olimpicos.net/physicsbrawl/index.html#2024,not_published,Individual file not published; consult problem_documents for shared-paper availability.
problem,4619,physicsbrawl,2024,,Problems,https://olimpicos.net/physicsbrawl/index.html#2024,not_published,Individual file not published; consult problem_documents for shared-paper availability.
problem,4620,physicsbrawl,2024,,Problems,https://olimpicos.net/physicsbrawl/index.html#2024,not_published,Individual file not published; consult problem_documents for shared-paper availability.
problem,4621,physicsbrawl,2024,,Problems,https://olimpicos.net/physicsbrawl/index.html#2024,not_published,Individual file not published; consult problem_documents for shared-paper availability.
problem,4622,physicsbrawl,2024,,Problems,https://olimpicos.net/physicsbrawl/index.html#2024,not_published,Individual file not published; consult problem_documents for shared-paper availability.
problem,4623,physicsbrawl,2024,,Problems,https://olimpicos.net/physicsbrawl/index.html#2024,not_published,Individual file not published; consult problem_documents for shared-paper availability.
problem,4624,physicsbrawl,2024,,Problems,https://olimpicos.net/physicsbrawl/index.html#2024,not_published,Individual file not published; consult problem_documents for shared-paper availability.
problem,4625,physicsbrawl,2024,,Problems,https://olimpicos.net/physicsbrawl/index.html#2024,not_published,Individual file not published; consult problem_documents for shared-paper availability.
problem,4626,physicsbrawl,2024,,Problems,https://olimpicos.net/physicsbrawl/index.html#2024,not_published,Individual file not published; consult problem_documents for shared-paper availability.
problem,4627,physicsbrawl,2024,,Problems,https://olimpicos.net/physicsbrawl/index.html#2024,not_published,Individual file not published; consult problem_documents for shared-paper availability.
problem,4628,physicsbrawl,2024,,Problems,https://olimpicos.net/physicsbrawl/index.html#2024,not_published,Individual file not published; consult problem_documents for shared-paper availability.
problem,4629,physicsbrawl,2024,,Problems,https://olimpicos.net/physicsbrawl/index.html#2024,not_published,Individual file not published; consult problem_documents for shared-paper availability.
problem,4630,physicsbrawl,2024,,Problems,https://olimpicos.net/physicsbrawl/index.html#2024,not_published,Individual file not published; consult problem_documents for shared-paper availability.
problem,4631,physicsbrawl,2024,,Problems,https://olimpicos.net/physicsbrawl/index.html#2024,not_published,Individual file not published; consult problem_documents for shared-paper availability.
problem,4632,physicsbrawl,2024,,Problems,https://olimpicos.net/physicsbrawl/index.html#2024,not_published,Individual file not published; consult problem_documents for shared-paper availability.
problem,4633,physicsbrawl,2024,,Problems,https://olimpicos.net/physicsbrawl/index.html#2024,not_published,Individual file not published; consult problem_documents for shared-paper availability.
problem,4634,physicsbrawl,2024,,Problems,https://olimpicos.net/physicsbrawl/index.html#2024,not_published,Individual file not published; consult problem_documents for shared-paper availability.
problem,4635,physicsbrawl,2024,,Problems,https://olimpicos.net/physicsbrawl/index.html#2024,not_published,Individual file not published; consult problem_documents for shared-paper availability.
problem,4636,physicsbrawl,2024,,Problems,https://olimpicos.net/physicsbrawl/index.html#2024,not_published,Individual file not published; consult problem_documents for shared-paper availability.
problem,4637,physicsbrawl,2024,,Problems,https://olimpicos.net/physicsbrawl/index.html#2024,not_published,Individual file not published; consult problem_documents for shared-paper availability.
problem,4638,physicsbrawl,2024,,Problems,https://olimpicos.net/physicsbrawl/index.html#2024,not_published,Individual file not published; consult problem_documents for shared-paper availability.
problem,4639,physicsbrawl,2024,,Problems,https://olimpicos.net/physicsbrawl/index.html#2024,not_published,Individual file not published; consult problem_documents for shared-paper availability.
problem,4640,physicsbrawl,2024,,Problems,https://olimpicos.net/physicsbrawl/index.html#2024,not_published,Individual file not published; consult problem_documents for shared-paper availability.
problem,4641,physicsbrawl,2024,,Problems,https://olimpicos.net/physicsbrawl/index.html#2024,not_published,Individual file not published; consult problem_documents for shared-paper availability.
problem,4642,physicsbrawl,2024,,Problems,https://olimpicos.net/physicsbrawl/index.html#2024,not_published,Individual file not published; consult problem_documents for shared-paper availability.
problem,4643,physicsbrawl,2024,,Problems,https://olimpicos.net/physicsbrawl/index.html#2024,not_published,Individual file not published; consult problem_documents for shared-paper availability.
problem,4644,physicsbrawl,2024,,Problems,https://olimpicos.net/physicsbrawl/index.html#2024,not_published,Individual file not published; consult problem_documents for shared-paper availability.
problem,4645,physicsbrawl,2024,,Problems,https://olimpicos.net/physicsbrawl/index.html#2024,not_published,Individual file not published; consult problem_documents for shared-paper availability.
problem,4646,physicsbrawl,2023,,Problems,https://olimpicos.net/physicsbrawl/index.html#2023,not_published,Individual file not published; consult problem_documents for shared-paper availability.
problem,4647,physicsbrawl,2023,,Problems,https://olimpicos.net/physicsbrawl/index.html#2023,not_published,Individual file not published; consult problem_documents for shared-paper availability.
problem,4648,physicsbrawl,2023,,Problems,https://olimpicos.net/physicsbrawl/index.html#2023,not_published,Individual file not published; consult problem_documents for shared-paper availability.
problem,4649,physicsbrawl,2023,,Problems,https://olimpicos.net/physicsbrawl/index.html#2023,not_published,Individual file not published; consult problem_documents for shared-paper availability.
problem,4650,physicsbrawl,2023,,Problems,https://olimpicos.net/physicsbrawl/index.html#2023,not_published,Individual file not published; consult problem_documents for shared-paper availability.
problem,4651,physicsbrawl,2023,,Problems,https://olimpicos.net/physicsbrawl/index.html#2023,not_published,Individual file not published; consult problem_documents for shared-paper availability.
problem,4652,physicsbrawl,2023,,Problems,https://olimpicos.net/physicsbrawl/index.html#2023,not_published,Individual file not published; consult problem_documents for shared-paper availability.
problem,4653,physicsbrawl,2023,,Problems,https://olimpicos.net/physicsbrawl/index.html#2023,not_published,Individual file not published; consult problem_documents for shared-paper availability.
problem,4654,physicsbrawl,2023,,Problems,https://olimpicos.net/physicsbrawl/index.html#2023,not_published,Individual file not published; consult problem_documents for shared-paper availability.
problem,4655,physicsbrawl,2023,,Problems,https://olimpicos.net/physicsbrawl/index.html#2023,not_published,Individual file not published; consult problem_documents for shared-paper availability.
problem,4656,physicsbrawl,2023,,Problems,https://olimpicos.net/physicsbrawl/index.html#2023,not_published,Individual file not published; consult problem_documents for shared-paper availability.
problem,4657,physicsbrawl,2023,,Problems,https://olimpicos.net/physicsbrawl/index.html#2023,not_published,Individual file not published; consult problem_documents for shared-paper availability.
problem,4658,physicsbrawl,2023,,Problems,https://olimpicos.net/physicsbrawl/index.html#2023,not_published,Individual file not published; consult problem_documents for shared-paper availability.
problem,4659,physicsbrawl,2023,,Problems,https://olimpicos.net/physicsbrawl/index.html#2023,not_published,Individual file not published; consult problem_documents for shared-paper availability.
problem,4660,physicsbrawl,2023,,Problems,https://olimpicos.net/physicsbrawl/index.html#2023,not_published,Individual file not published; consult problem_documents for shared-paper availability.
problem,4661,physicsbrawl,2023,,Problems,https://olimpicos.net/physicsbrawl/index.html#2023,not_published,Individual file not published; consult problem_documents for shared-paper availability.
problem,4662,physicsbrawl,2023,,Problems,https://olimpicos.net/physicsbrawl/index.html#2023,not_published,Individual file not published; consult problem_documents for shared-paper availability.
problem,4663,physicsbrawl,2023,,Problems,https://olimpicos.net/physicsbrawl/index.html#2023,not_published,Individual file not published; consult problem_documents for shared-paper availability.
problem,4664,physicsbrawl,2023,,Problems,https://olimpicos.net/physicsbrawl/index.html#2023,not_published,Individual file not published; consult problem_documents for shared-paper availability.
problem,4665,physicsbrawl,2023,,Problems,https://olimpicos.net/physicsbrawl/index.html#2023,not_published,Individual file not published; consult problem_documents for shared-paper availability.
problem,4666,physicsbrawl,2023,,Problems,https://olimpicos.net/physicsbrawl/index.html#2023,not_published,Individual file not published; consult problem_documents for shared-paper availability.
problem,4667,physicsbrawl,2023,,Problems,https://olimpicos.net/physicsbrawl/index.html#2023,not_published,Individual file not published; consult problem_documents for shared-paper availability.
problem,4668,physicsbrawl,2023,,Problems,https://olimpicos.net/physicsbrawl/index.html#2023,not_published,Individual file not published; consult problem_documents for shared-paper availability.
problem,4669,physicsbrawl,2023,,Problems,https://olimpicos.net/physicsbrawl/index.html#2023,not_published,Individual file not published; consult problem_documents for shared-paper availability.
problem,4670,physicsbrawl,2023,,Problems,https://olimpicos.net/physicsbrawl/index.html#2023,not_published,Individual file not published; consult problem_documents for shared-paper availability.
problem,4671,physicsbrawl,2023,,Problems,https://olimpicos.net/physicsbrawl/index.html#2023,not_published,Individual file not published; consult problem_documents for shared-paper availability.
problem,4672,physicsbrawl,2023,,Problems,https://olimpicos.net/physicsbrawl/index.html#2023,not_published,Individual file not published; consult problem_documents for shared-paper availability.
problem,4673,physicsbrawl,2023,,Problems,https://olimpicos.net/physicsbrawl/index.html#2023,not_published,Individual file not published; consult problem_documents for shared-paper availability.
problem,4674,physicsbrawl,2023,,Problems,https://olimpicos.net/physicsbrawl/index.html#2023,not_published,Individual file not published; consult problem_documents for shared-paper availability.
problem,4675,physicsbrawl,2023,,Problems,https://olimpicos.net/physicsbrawl/index.html#2023,not_published,Individual file not published; consult problem_documents for shared-paper availability.
problem,4676,physicsbrawl,2023,,Problems,https://olimpicos.net/physicsbrawl/index.html#2023,not_published,Individual file not published; consult problem_documents for shared-paper availability.
problem,4677,physicsbrawl,2023,,Problems,https://olimpicos.net/physicsbrawl/index.html#2023,not_published,Individual file not published; consult problem_documents for shared-paper availability.
problem,4678,physicsbrawl,2023,,Problems,https://olimpicos.net/physicsbrawl/index.html#2023,not_published,Individual file not published; consult problem_documents for shared-paper availability.
problem,4679,physicsbrawl,2023,,Problems,https://olimpicos.net/physicsbrawl/index.html#2023,not_published,Individual file not published; consult problem_documents for shared-paper availability.
problem,4680,physicsbrawl,2023,,Problems,https://olimpicos.net/physicsbrawl/index.html#2023,not_published,Individual file not published; consult problem_documents for shared-paper availability.
problem,4681,physicsbrawl,2023,,Problems,https://olimpicos.net/physicsbrawl/index.html#2023,not_published,Individual file not published; consult problem_documents for shared-paper availability.
problem,4682,physicsbrawl,2023,,Problems,https://olimpicos.net/physicsbrawl/index.html#2023,not_published,Individual file not published; consult problem_documents for shared-paper availability.
problem,4683,physicsbrawl,2023,,Problems,https://olimpicos.net/physicsbrawl/index.html#2023,not_published,Individual file not published; consult problem_documents for shared-paper availability.
problem,4684,physicsbrawl,2023,,Problems,https://olimpicos.net/physicsbrawl/index.html#2023,not_published,Individual file not published; consult problem_documents for shared-paper availability.
problem,4685,physicsbrawl,2023,,Problems,https://olimpicos.net/physicsbrawl/index.html#2023,not_published,Individual file not published; consult problem_documents for shared-paper availability.
problem,4686,physicsbrawl,2023,,Problems,https://olimpicos.net/physicsbrawl/index.html#2023,not_published,Individual file not published; consult problem_documents for shared-paper availability.
problem,4687,physicsbrawl,2023,,Problems,https://olimpicos.net/physicsbrawl/index.html#2023,not_published,Individual file not published; consult problem_documents for shared-paper availability.
problem,4688,physicsbrawl,2023,,Problems,https://olimpicos.net/physicsbrawl/index.html#2023,not_published,Individual file not published; consult problem_documents for shared-paper availability.
problem,4689,physicsbrawl,2023,,Problems,https://olimpicos.net/physicsbrawl/index.html#2023,not_published,Individual file not published; consult problem_documents for shared-paper availability.
problem,4690,physicsbrawl,2023,,Problems,https://olimpicos.net/physicsbrawl/index.html#2023,not_published,Individual file not published; consult problem_documents for shared-paper availability.
problem,4691,physicsbrawl,2023,,Problems,https://olimpicos.net/physicsbrawl/index.html#2023,not_published,Individual file not published; consult problem_documents for shared-paper availability.
problem,4692,physicsbrawl,2023,,Problems,https://olimpicos.net/physicsbrawl/index.html#2023,not_published,Individual file not published; consult problem_documents for shared-paper availability.
problem,4693,physicsbrawl,2023,,Problems,https://olimpicos.net/physicsbrawl/index.html#2023,not_published,Individual file not published; consult problem_documents for shared-paper availability.
problem,4694,physicsbrawl,2023,,Problems,https://olimpicos.net/physicsbrawl/index.html#2023,not_published,Individual file not published; consult problem_documents for shared-paper availability.
problem,4695,physicsbrawl,2023,,Problems,https://olimpicos.net/physicsbrawl/index.html#2023,not_published,Individual file not published; consult problem_documents for shared-paper availability.
problem,4696,physicsbrawl,2023,,Problems,https://olimpicos.net/physicsbrawl/index.html#2023,not_published,Individual file not published; consult problem_documents for shared-paper availability.
problem,4697,physicsbrawl,2023,,Problems,https://olimpicos.net/physicsbrawl/index.html#2023,not_published,Individual file not published; consult problem_documents for shared-paper availability.
problem,4698,physicsbrawl,2023,,Problems,https://olimpicos.net/physicsbrawl/index.html#2023,not_published,Individual file not published; consult problem_documents for shared-paper availability.
problem,4699,physicsbrawl,2023,,Problems,https://olimpicos.net/physicsbrawl/index.html#2023,not_published,Individual file not published; consult problem_documents for shared-paper availability.
problem,4700,physicsbrawl,2023,,Problems,https://olimpicos.net/physicsbrawl/index.html#2023,not_published,Individual file not published; consult problem_documents for shared-paper availability.
problem,4701,physicsbrawl,2023,,Problems,https://olimpicos.net/physicsbrawl/index.html#2023,not_published,Individual file not published; consult problem_documents for shared-paper availability.
problem,4702,physicsbrawl,2023,,Problems,https://olimpicos.net/physicsbrawl/index.html#2023,not_published,Individual file not published; consult problem_documents for shared-paper availability.
problem,4703,physicsbrawl,2023,,Problems,https://olimpicos.net/physicsbrawl/index.html#2023,not_published,Individual file not published; consult problem_documents for shared-paper availability.
problem,4704,physicsbrawl,2023,,Problems,https://olimpicos.net/physicsbrawl/index.html#2023,not_published,Individual file not published; consult problem_documents for shared-paper availability.
problem,4705,physicsbrawl,2023,,Problems,https://olimpicos.net/physicsbrawl/index.html#2023,not_published,Individual file not published; consult problem_documents for shared-paper availability.
problem,4706,physicsbrawl,2023,,Problems,https://olimpicos.net/physicsbrawl/index.html#2023,not_published,Individual file not published; consult problem_documents for shared-paper availability.
problem,4707,physicsbrawl,2023,,Problems,https://olimpicos.net/physicsbrawl/index.html#2023,not_published,Individual file not published; consult problem_documents for shared-paper availability.
problem,4708,physicsbrawl,2023,,Problems,https://olimpicos.net/physicsbrawl/index.html#2023,not_published,Individual file not published; consult problem_documents for shared-paper availability.
problem,4709,physicsbrawl,2023,,Problems,https://olimpicos.net/physicsbrawl/index.html#2023,not_published,Individual file not published; consult problem_documents for shared-paper availability.
problem,4710,physicsbrawl,2023,,Problems,https://olimpicos.net/physicsbrawl/index.html#2023,not_published,Individual file not published; consult problem_documents for shared-paper availability.
problem,4711,physicsbrawl,2023,,Problems,https://olimpicos.net/physicsbrawl/index.html#2023,not_published,Individual file not published; consult problem_documents for shared-paper availability.
problem,4712,physicsbrawl,2023,,Problems,https://olimpicos.net/physicsbrawl/index.html#2023,not_published,Individual file not published; consult problem_documents for shared-paper availability.
problem,4713,physicsbrawl,2023,,Problems,https://olimpicos.net/physicsbrawl/index.html#2023,not_published,Individual file not published; consult problem_documents for shared-paper availability.
problem,4714,physicsbrawl,2023,,Problems,https://olimpicos.net/physicsbrawl/index.html#2023,not_published,Individual file not published; consult problem_documents for shared-paper availability.
problem,4715,physicsbrawl,2022,,Problems,https://olimpicos.net/physicsbrawl/index.html#2022,not_published,Individual file not published; consult problem_documents for shared-paper availability.
problem,4716,physicsbrawl,2022,,Problems,https://olimpicos.net/physicsbrawl/index.html#2022,not_published,Individual file not published; consult problem_documents for shared-paper availability.
problem,4717,physicsbrawl,2022,,Problems,https://olimpicos.net/physicsbrawl/index.html#2022,not_published,Individual file not published; consult problem_documents for shared-paper availability.
problem,4718,physicsbrawl,2022,,Problems,https://olimpicos.net/physicsbrawl/index.html#2022,not_published,Individual file not published; consult problem_documents for shared-paper availability.
problem,4719,physicsbrawl,2022,,Problems,https://olimpicos.net/physicsbrawl/index.html#2022,not_published,Individual file not published; consult problem_documents for shared-paper availability.
problem,4720,physicsbrawl,2022,,Problems,https://olimpicos.net/physicsbrawl/index.html#2022,not_published,Individual file not published; consult problem_documents for shared-paper availability.
problem,4721,physicsbrawl,2022,,Problems,https://olimpicos.net/physicsbrawl/index.html#2022,not_published,Individual file not published; consult problem_documents for shared-paper availability.
problem,4722,physicsbrawl,2022,,Problems,https://olimpicos.net/physicsbrawl/index.html#2022,not_published,Individual file not published; consult problem_documents for shared-paper availability.
problem,4723,physicsbrawl,2022,,Problems,https://olimpicos.net/physicsbrawl/index.html#2022,not_published,Individual file not published; consult problem_documents for shared-paper availability.
problem,4724,physicsbrawl,2022,,Problems,https://olimpicos.net/physicsbrawl/index.html#2022,not_published,Individual file not published; consult problem_documents for shared-paper availability.
problem,4725,physicsbrawl,2022,,Problems,https://olimpicos.net/physicsbrawl/index.html#2022,not_published,Individual file not published; consult problem_documents for shared-paper availability.
problem,4726,physicsbrawl,2022,,Problems,https://olimpicos.net/physicsbrawl/index.html#2022,not_published,Individual file not published; consult problem_documents for shared-paper availability.
problem,4727,physicsbrawl,2022,,Problems,https://olimpicos.net/physicsbrawl/index.html#2022,not_published,Individual file not published; consult problem_documents for shared-paper availability.
problem,4728,physicsbrawl,2022,,Problems,https://olimpicos.net/physicsbrawl/index.html#2022,not_published,Individual file not published; consult problem_documents for shared-paper availability.
problem,4729,physicsbrawl,2022,,Problems,https://olimpicos.net/physicsbrawl/index.html#2022,not_published,Individual file not published; consult problem_documents for shared-paper availability.
problem,4730,physicsbrawl,2022,,Problems,https://olimpicos.net/physicsbrawl/index.html#2022,not_published,Individual file not published; consult problem_documents for shared-paper availability.
problem,4731,physicsbrawl,2022,,Problems,https://olimpicos.net/physicsbrawl/index.html#2022,not_published,Individual file not published; consult problem_documents for shared-paper availability.
problem,4732,physicsbrawl,2022,,Problems,https://olimpicos.net/physicsbrawl/index.html#2022,not_published,Individual file not published; consult problem_documents for shared-paper availability.
problem,4733,physicsbrawl,2022,,Problems,https://olimpicos.net/physicsbrawl/index.html#2022,not_published,Individual file not published; consult problem_documents for shared-paper availability.
problem,4734,physicsbrawl,2022,,Problems,https://olimpicos.net/physicsbrawl/index.html#2022,not_published,Individual file not published; consult problem_documents for shared-paper availability.
problem,4735,physicsbrawl,2022,,Problems,https://olimpicos.net/physicsbrawl/index.html#2022,not_published,Individual file not published; consult problem_documents for shared-paper availability.
problem,4736,physicsbrawl,2022,,Problems,https://olimpicos.net/physicsbrawl/index.html#2022,not_published,Individual file not published; consult problem_documents for shared-paper availability.
problem,4737,physicsbrawl,2022,,Problems,https://olimpicos.net/physicsbrawl/index.html#2022,not_published,Individual file not published; consult problem_documents for shared-paper availability.
problem,4738,physicsbrawl,2022,,Problems,https://olimpicos.net/physicsbrawl/index.html#2022,not_published,Individual file not published; consult problem_documents for shared-paper availability.
problem,4739,physicsbrawl,2022,,Problems,https://olimpicos.net/physicsbrawl/index.html#2022,not_published,Individual file not published; consult problem_documents for shared-paper availability.
problem,4740,physicsbrawl,2022,,Problems,https://olimpicos.net/physicsbrawl/index.html#2022,not_published,Individual file not published; consult problem_documents for shared-paper availability.
problem,4741,physicsbrawl,2022,,Problems,https://olimpicos.net/physicsbrawl/index.html#2022,not_published,Individual file not published; consult problem_documents for shared-paper availability.
problem,4742,physicsbrawl,2022,,Problems,https://olimpicos.net/physicsbrawl/index.html#2022,not_published,Individual file not published; consult problem_documents for shared-paper availability.
problem,4743,physicsbrawl,2022,,Problems,https://olimpicos.net/physicsbrawl/index.html#2022,not_published,Individual file not published; consult problem_documents for shared-paper availability.
problem,4744,physicsbrawl,2022,,Problems,https://olimpicos.net/physicsbrawl/index.html#2022,not_published,Individual file not published; consult problem_documents for shared-paper availability.
problem,4745,physicsbrawl,2022,,Problems,https://olimpicos.net/physicsbrawl/index.html#2022,not_published,Individual file not published; consult problem_documents for shared-paper availability.
problem,4746,physicsbrawl,2022,,Problems,https://olimpicos.net/physicsbrawl/index.html#2022,not_published,Individual file not published; consult problem_documents for shared-paper availability.
problem,4747,physicsbrawl,2022,,Problems,https://olimpicos.net/physicsbrawl/index.html#2022,not_published,Individual file not published; consult problem_documents for shared-paper availability.
problem,4748,physicsbrawl,2022,,Problems,https://olimpicos.net/physicsbrawl/index.html#2022,not_published,Individual file not published; consult problem_documents for shared-paper availability.
problem,4749,physicsbrawl,2022,,Problems,https://olimpicos.net/physicsbrawl/index.html#2022,not_published,Individual file not published; consult problem_documents for shared-paper availability.
problem,4750,physicsbrawl,2022,,Problems,https://olimpicos.net/physicsbrawl/index.html#2022,not_published,Individual file not published; consult problem_documents for shared-paper availability.
problem,4751,physicsbrawl,2022,,Problems,https://olimpicos.net/physicsbrawl/index.html#2022,not_published,Individual file not published; consult problem_documents for shared-paper availability.
problem,4752,physicsbrawl,2022,,Problems,https://olimpicos.net/physicsbrawl/index.html#2022,not_published,Individual file not published; consult problem_documents for shared-paper availability.
problem,4753,physicsbrawl,2022,,Problems,https://olimpicos.net/physicsbrawl/index.html#2022,not_published,Individual file not published; consult problem_documents for shared-paper availability.
problem,4754,physicsbrawl,2022,,Problems,https://olimpicos.net/physicsbrawl/index.html#2022,not_published,Individual file not published; consult problem_documents for shared-paper availability.
problem,4755,physicsbrawl,2022,,Problems,https://olimpicos.net/physicsbrawl/index.html#2022,not_published,Individual file not published; consult problem_documents for shared-paper availability.
problem,4756,physicsbrawl,2022,,Problems,https://olimpicos.net/physicsbrawl/index.html#2022,not_published,Individual file not published; consult problem_documents for shared-paper availability.
problem,4757,physicsbrawl,2022,,Problems,https://olimpicos.net/physicsbrawl/index.html#2022,not_published,Individual file not published; consult problem_documents for shared-paper availability.
problem,4758,physicsbrawl,2022,,Problems,https://olimpicos.net/physicsbrawl/index.html#2022,not_published,Individual file not published; consult problem_documents for shared-paper availability.
problem,4759,physicsbrawl,2022,,Problems,https://olimpicos.net/physicsbrawl/index.html#2022,not_published,Individual file not published; consult problem_documents for shared-paper availability.
problem,4760,physicsbrawl,2022,,Problems,https://olimpicos.net/physicsbrawl/index.html#2022,not_published,Individual file not published; consult problem_documents for shared-paper availability.
problem,4761,physicsbrawl,2022,,Problems,https://olimpicos.net/physicsbrawl/index.html#2022,not_published,Individual file not published; consult problem_documents for shared-paper availability.
problem,4762,physicsbrawl,2022,,Problems,https://olimpicos.net/physicsbrawl/index.html#2022,not_published,Individual file not published; consult problem_documents for shared-paper availability.
problem,4763,physicsbrawl,2022,,Problems,https://olimpicos.net/physicsbrawl/index.html#2022,not_published,Individual file not published; consult problem_documents for shared-paper availability.
problem,4764,physicsbrawl,2022,,Problems,https://olimpicos.net/physicsbrawl/index.html#2022,not_published,Individual file not published; consult problem_documents for shared-paper availability.
problem,4765,physicsbrawl,2022,,Problems,https://olimpicos.net/physicsbrawl/index.html#2022,not_published,Individual file not published; consult problem_documents for shared-paper availability.
problem,4766,physicsbrawl,2022,,Problems,https://olimpicos.net/physicsbrawl/index.html#2022,not_published,Individual file not published; consult problem_documents for shared-paper availability.
problem,4767,physicsbrawl,2022,,Problems,https://olimpicos.net/physicsbrawl/index.html#2022,not_published,Individual file not published; consult problem_documents for shared-paper availability.
problem,4768,physicsbrawl,2022,,Problems,https://olimpicos.net/physicsbrawl/index.html#2022,not_published,Individual file not published; consult problem_documents for shared-paper availability.
problem,4769,physicsbrawl,2022,,Problems,https://olimpicos.net/physicsbrawl/index.html#2022,not_published,Individual file not published; consult problem_documents for shared-paper availability.
problem,4770,physicsbrawl,2022,,Problems,https://olimpicos.net/physicsbrawl/index.html#2022,not_published,Individual file not published; consult problem_documents for shared-paper availability.
problem,4771,physicsbrawl,2022,,Problems,https://olimpicos.net/physicsbrawl/index.html#2022,not_published,Individual file not published; consult problem_documents for shared-paper availability.
problem,4772,physicsbrawl,2022,,Problems,https://olimpicos.net/physicsbrawl/index.html#2022,not_published,Individual file not published; consult problem_documents for shared-paper availability.
problem,4773,physicsbrawl,2022,,Problems,https://olimpicos.net/physicsbrawl/index.html#2022,not_published,Individual file not published; consult problem_documents for shared-paper availability.
problem,4774,physicsbrawl,2022,,Problems,https://olimpicos.net/physicsbrawl/index.html#2022,not_published,Individual file not published; consult problem_documents for shared-paper availability.
problem,4775,physicsbrawl,2022,,Problems,https://olimpicos.net/physicsbrawl/index.html#2022,not_published,Individual file not published; consult problem_documents for shared-paper availability.
problem,4776,physicsbrawl,2022,,Problems,https://olimpicos.net/physicsbrawl/index.html#2022,not_published,Individual file not published; consult problem_documents for shared-paper availability.
problem,4777,physicsbrawl,2022,,Problems,https://olimpicos.net/physicsbrawl/index.html#2022,not_published,Individual file not published; consult problem_documents for shared-paper availability.
problem,4778,physicsbrawl,2022,,Problems,https://olimpicos.net/physicsbrawl/index.html#2022,not_published,Individual file not published; consult problem_documents for shared-paper availability.
problem,4779,physicsbrawl,2022,,Problems,https://olimpicos.net/physicsbrawl/index.html#2022,not_published,Individual file not published; consult problem_documents for shared-paper availability.
problem,4780,physicsbrawl,2022,,Problems,https://olimpicos.net/physicsbrawl/index.html#2022,not_published,Individual file not published; consult problem_documents for shared-paper availability.
problem,4781,physicsbrawl,2022,,Problems,https://olimpicos.net/physicsbrawl/index.html#2022,not_published,Individual file not published; consult problem_documents for shared-paper availability.
problem,4782,physicsbrawl,2022,,Problems,https://olimpicos.net/physicsbrawl/index.html#2022,not_published,Individual file not published; consult problem_documents for shared-paper availability.
problem,4783,physicsbrawl,2022,,Problems,https://olimpicos.net/physicsbrawl/index.html#2022,not_published,Individual file not published; consult problem_documents for shared-paper availability.
problem,4784,physicsbrawl,2021,,Problems,https://olimpicos.net/physicsbrawl/index.html#2021,not_published,Individual file not published; consult problem_documents for shared-paper availability.
problem,4785,physicsbrawl,2021,,Problems,https://olimpicos.net/physicsbrawl/index.html#2021,not_published,Individual file not published; consult problem_documents for shared-paper availability.
problem,4786,physicsbrawl,2021,,Problems,https://olimpicos.net/physicsbrawl/index.html#2021,not_published,Individual file not published; consult problem_documents for shared-paper availability.
problem,4787,physicsbrawl,2021,,Problems,https://olimpicos.net/physicsbrawl/index.html#2021,not_published,Individual file not published; consult problem_documents for shared-paper availability.
problem,4788,physicsbrawl,2021,,Problems,https://olimpicos.net/physicsbrawl/index.html#2021,not_published,Individual file not published; consult problem_documents for shared-paper availability.
problem,4789,physicsbrawl,2021,,Problems,https://olimpicos.net/physicsbrawl/index.html#2021,not_published,Individual file not published; consult problem_documents for shared-paper availability.
problem,4790,physicsbrawl,2021,,Problems,https://olimpicos.net/physicsbrawl/index.html#2021,not_published,Individual file not published; consult problem_documents for shared-paper availability.
problem,4791,physicsbrawl,2021,,Problems,https://olimpicos.net/physicsbrawl/index.html#2021,not_published,Individual file not published; consult problem_documents for shared-paper availability.
problem,4792,physicsbrawl,2021,,Problems,https://olimpicos.net/physicsbrawl/index.html#2021,not_published,Individual file not published; consult problem_documents for shared-paper availability.
problem,4793,physicsbrawl,2021,,Problems,https://olimpicos.net/physicsbrawl/index.html#2021,not_published,Individual file not published; consult problem_documents for shared-paper availability.
problem,4794,physicsbrawl,2021,,Problems,https://olimpicos.net/physicsbrawl/index.html#2021,not_published,Individual file not published; consult problem_documents for shared-paper availability.
problem,4795,physicsbrawl,2021,,Problems,https://olimpicos.net/physicsbrawl/index.html#2021,not_published,Individual file not published; consult problem_documents for shared-paper availability.
problem,4796,physicsbrawl,2021,,Problems,https://olimpicos.net/physicsbrawl/index.html#2021,not_published,Individual file not published; consult problem_documents for shared-paper availability.
problem,4797,physicsbrawl,2021,,Problems,https://olimpicos.net/physicsbrawl/index.html#2021,not_published,Individual file not published; consult problem_documents for shared-paper availability.
problem,4798,physicsbrawl,2021,,Problems,https://olimpicos.net/physicsbrawl/index.html#2021,not_published,Individual file not published; consult problem_documents for shared-paper availability.
problem,4799,physicsbrawl,2021,,Problems,https://olimpicos.net/physicsbrawl/index.html#2021,not_published,Individual file not published; consult problem_documents for shared-paper availability.
problem,4800,physicsbrawl,2021,,Problems,https://olimpicos.net/physicsbrawl/index.html#2021,not_published,Individual file not published; consult problem_documents for shared-paper availability.
problem,4801,physicsbrawl,2021,,Problems,https://olimpicos.net/physicsbrawl/index.html#2021,not_published,Individual file not published; consult problem_documents for shared-paper availability.
problem,4802,physicsbrawl,2021,,Problems,https://olimpicos.net/physicsbrawl/index.html#2021,not_published,Individual file not published; consult problem_documents for shared-paper availability.
problem,4803,physicsbrawl,2021,,Problems,https://olimpicos.net/physicsbrawl/index.html#2021,not_published,Individual file not published; consult problem_documents for shared-paper availability.
problem,4804,physicsbrawl,2021,,Problems,https://olimpicos.net/physicsbrawl/index.html#2021,not_published,Individual file not published; consult problem_documents for shared-paper availability.
problem,4805,physicsbrawl,2021,,Problems,https://olimpicos.net/physicsbrawl/index.html#2021,not_published,Individual file not published; consult problem_documents for shared-paper availability.
problem,4806,physicsbrawl,2021,,Problems,https://olimpicos.net/physicsbrawl/index.html#2021,not_published,Individual file not published; consult problem_documents for shared-paper availability.
problem,4807,physicsbrawl,2021,,Problems,https://olimpicos.net/physicsbrawl/index.html#2021,not_published,Individual file not published; consult problem_documents for shared-paper availability.
problem,4808,physicsbrawl,2021,,Problems,https://olimpicos.net/physicsbrawl/index.html#2021,not_published,Individual file not published; consult problem_documents for shared-paper availability.
problem,4809,physicsbrawl,2021,,Problems,https://olimpicos.net/physicsbrawl/index.html#2021,not_published,Individual file not published; consult problem_documents for shared-paper availability.
problem,4810,physicsbrawl,2021,,Problems,https://olimpicos.net/physicsbrawl/index.html#2021,not_published,Individual file not published; consult problem_documents for shared-paper availability.
problem,4811,physicsbrawl,2021,,Problems,https://olimpicos.net/physicsbrawl/index.html#2021,not_published,Individual file not published; consult problem_documents for shared-paper availability.
problem,4812,physicsbrawl,2021,,Problems,https://olimpicos.net/physicsbrawl/index.html#2021,not_published,Individual file not published; consult problem_documents for shared-paper availability.
problem,4813,physicsbrawl,2021,,Problems,https://olimpicos.net/physicsbrawl/index.html#2021,not_published,Individual file not published; consult problem_documents for shared-paper availability.
problem,4814,physicsbrawl,2021,,Problems,https://olimpicos.net/physicsbrawl/index.html#2021,not_published,Individual file not published; consult problem_documents for shared-paper availability.
problem,4815,physicsbrawl,2021,,Problems,https://olimpicos.net/physicsbrawl/index.html#2021,not_published,Individual file not published; consult problem_documents for shared-paper availability.
problem,4816,physicsbrawl,2021,,Problems,https://olimpicos.net/physicsbrawl/index.html#2021,not_published,Individual file not published; consult problem_documents for shared-paper availability.
problem,4817,physicsbrawl,2021,,Problems,https://olimpicos.net/physicsbrawl/index.html#2021,not_published,Individual file not published; consult problem_documents for shared-paper availability.
problem,4818,physicsbrawl,2021,,Problems,https://olimpicos.net/physicsbrawl/index.html#2021,not_published,Individual file not published; consult problem_documents for shared-paper availability.
problem,4819,physicsbrawl,2021,,Problems,https://olimpicos.net/physicsbrawl/index.html#2021,not_published,Individual file not published; consult problem_documents for shared-paper availability.
problem,4820,physicsbrawl,2021,,Problems,https://olimpicos.net/physicsbrawl/index.html#2021,not_published,Individual file not published; consult problem_documents for shared-paper availability.
problem,4821,physicsbrawl,2021,,Problems,https://olimpicos.net/physicsbrawl/index.html#2021,not_published,Individual file not published; consult problem_documents for shared-paper availability.
problem,4822,physicsbrawl,2021,,Problems,https://olimpicos.net/physicsbrawl/index.html#2021,not_published,Individual file not published; consult problem_documents for shared-paper availability.
problem,4823,physicsbrawl,2021,,Problems,https://olimpicos.net/physicsbrawl/index.html#2021,not_published,Individual file not published; consult problem_documents for shared-paper availability.
problem,4824,physicsbrawl,2021,,Problems,https://olimpicos.net/physicsbrawl/index.html#2021,not_published,Individual file not published; consult problem_documents for shared-paper availability.
problem,4825,physicsbrawl,2021,,Problems,https://olimpicos.net/physicsbrawl/index.html#2021,not_published,Individual file not published; consult problem_documents for shared-paper availability.
problem,4826,physicsbrawl,2021,,Problems,https://olimpicos.net/physicsbrawl/index.html#2021,not_published,Individual file not published; consult problem_documents for shared-paper availability.
problem,4827,physicsbrawl,2021,,Problems,https://olimpicos.net/physicsbrawl/index.html#2021,not_published,Individual file not published; consult problem_documents for shared-paper availability.
problem,4828,physicsbrawl,2021,,Problems,https://olimpicos.net/physicsbrawl/index.html#2021,not_published,Individual file not published; consult problem_documents for shared-paper availability.
problem,4829,physicsbrawl,2021,,Problems,https://olimpicos.net/physicsbrawl/index.html#2021,not_published,Individual file not published; consult problem_documents for shared-paper availability.
problem,4830,physicsbrawl,2021,,Problems,https://olimpicos.net/physicsbrawl/index.html#2021,not_published,Individual file not published; consult problem_documents for shared-paper availability.
problem,4831,physicsbrawl,2021,,Problems,https://olimpicos.net/physicsbrawl/index.html#2021,not_published,Individual file not published; consult problem_documents for shared-paper availability.
problem,4832,physicsbrawl,2021,,Problems,https://olimpicos.net/physicsbrawl/index.html#2021,not_published,Individual file not published; consult problem_documents for shared-paper availability.
problem,4833,physicsbrawl,2021,,Problems,https://olimpicos.net/physicsbrawl/index.html#2021,not_published,Individual file not published; consult problem_documents for shared-paper availability.
problem,4834,physicsbrawl,2021,,Problems,https://olimpicos.net/physicsbrawl/index.html#2021,not_published,Individual file not published; consult problem_documents for shared-paper availability.
problem,4835,physicsbrawl,2021,,Problems,https://olimpicos.net/physicsbrawl/index.html#2021,not_published,Individual file not published; consult problem_documents for shared-paper availability.
problem,4836,physicsbrawl,2021,,Problems,https://olimpicos.net/physicsbrawl/index.html#2021,not_published,Individual file not published; consult problem_documents for shared-paper availability.
problem,4837,physicsbrawl,2021,,Problems,https://olimpicos.net/physicsbrawl/index.html#2021,not_published,Individual file not published; consult problem_documents for shared-paper availability.
problem,4838,physicsbrawl,2021,,Problems,https://olimpicos.net/physicsbrawl/index.html#2021,not_published,Individual file not published; consult problem_documents for shared-paper availability.
problem,4839,physicsbrawl,2021,,Problems,https://olimpicos.net/physicsbrawl/index.html#2021,not_published,Individual file not published; consult problem_documents for shared-paper availability.
problem,4840,physicsbrawl,2021,,Problems,https://olimpicos.net/physicsbrawl/index.html#2021,not_published,Individual file not published; consult problem_documents for shared-paper availability.
problem,4841,physicsbrawl,2021,,Problems,https://olimpicos.net/physicsbrawl/index.html#2021,not_published,Individual file not published; consult problem_documents for shared-paper availability.
problem,4842,physicsbrawl,2021,,Problems,https://olimpicos.net/physicsbrawl/index.html#2021,not_published,Individual file not published; consult problem_documents for shared-paper availability.
problem,4843,physicsbrawl,2021,,Problems,https://olimpicos.net/physicsbrawl/index.html#2021,not_published,Individual file not published; consult problem_documents for shared-paper availability.
problem,4844,physicsbrawl,2021,,Problems,https://olimpicos.net/physicsbrawl/index.html#2021,not_published,Individual file not published; consult problem_documents for shared-paper availability.
problem,4845,physicsbrawl,2021,,Problems,https://olimpicos.net/physicsbrawl/index.html#2021,not_published,Individual file not published; consult problem_documents for shared-paper availability.
problem,4846,physicsbrawl,2021,,Problems,https://olimpicos.net/physicsbrawl/index.html#2021,not_published,Individual file not published; consult problem_documents for shared-paper availability.
problem,4847,physicsbrawl,2021,,Problems,https://olimpicos.net/physicsbrawl/index.html#2021,not_published,Individual file not published; consult problem_documents for shared-paper availability.
problem,4848,physicsbrawl,2021,,Problems,https://olimpicos.net/physicsbrawl/index.html#2021,not_published,Individual file not published; consult problem_documents for shared-paper availability.
problem,4849,physicsbrawl,2021,,Problems,https://olimpicos.net/physicsbrawl/index.html#2021,not_published,Individual file not published; consult problem_documents for shared-paper availability.
problem,4850,physicsbrawl,2020,,Problems,https://olimpicos.net/physicsbrawl/index.html#2020,not_published,Individual file not published; consult problem_documents for shared-paper availability.
problem,4851,physicsbrawl,2020,,Problems,https://olimpicos.net/physicsbrawl/index.html#2020,not_published,Individual file not published; consult problem_documents for shared-paper availability.
problem,4852,physicsbrawl,2020,,Problems,https://olimpicos.net/physicsbrawl/index.html#2020,not_published,Individual file not published; consult problem_documents for shared-paper availability.
problem,4853,physicsbrawl,2020,,Problems,https://olimpicos.net/physicsbrawl/index.html#2020,not_published,Individual file not published; consult problem_documents for shared-paper availability.
problem,4854,physicsbrawl,2020,,Problems,https://olimpicos.net/physicsbrawl/index.html#2020,not_published,Individual file not published; consult problem_documents for shared-paper availability.
problem,4855,physicsbrawl,2020,,Problems,https://olimpicos.net/physicsbrawl/index.html#2020,not_published,Individual file not published; consult problem_documents for shared-paper availability.
problem,4856,physicsbrawl,2020,,Problems,https://olimpicos.net/physicsbrawl/index.html#2020,not_published,Individual file not published; consult problem_documents for shared-paper availability.
problem,4857,physicsbrawl,2020,,Problems,https://olimpicos.net/physicsbrawl/index.html#2020,not_published,Individual file not published; consult problem_documents for shared-paper availability.
problem,4858,physicsbrawl,2020,,Problems,https://olimpicos.net/physicsbrawl/index.html#2020,not_published,Individual file not published; consult problem_documents for shared-paper availability.
problem,4859,physicsbrawl,2020,,Problems,https://olimpicos.net/physicsbrawl/index.html#2020,not_published,Individual file not published; consult problem_documents for shared-paper availability.
problem,4860,physicsbrawl,2020,,Problems,https://olimpicos.net/physicsbrawl/index.html#2020,not_published,Individual file not published; consult problem_documents for shared-paper availability.
problem,4861,physicsbrawl,2020,,Problems,https://olimpicos.net/physicsbrawl/index.html#2020,not_published,Individual file not published; consult problem_documents for shared-paper availability.
problem,4862,physicsbrawl,2020,,Problems,https://olimpicos.net/physicsbrawl/index.html#2020,not_published,Individual file not published; consult problem_documents for shared-paper availability.
problem,4863,physicsbrawl,2020,,Problems,https://olimpicos.net/physicsbrawl/index.html#2020,not_published,Individual file not published; consult problem_documents for shared-paper availability.
problem,4864,physicsbrawl,2020,,Problems,https://olimpicos.net/physicsbrawl/index.html#2020,not_published,Individual file not published; consult problem_documents for shared-paper availability.
problem,4865,physicsbrawl,2020,,Problems,https://olimpicos.net/physicsbrawl/index.html#2020,not_published,Individual file not published; consult problem_documents for shared-paper availability.
problem,4866,physicsbrawl,2020,,Problems,https://olimpicos.net/physicsbrawl/index.html#2020,not_published,Individual file not published; consult problem_documents for shared-paper availability.
problem,4867,physicsbrawl,2020,,Problems,https://olimpicos.net/physicsbrawl/index.html#2020,not_published,Individual file not published; consult problem_documents for shared-paper availability.
problem,4868,physicsbrawl,2020,,Problems,https://olimpicos.net/physicsbrawl/index.html#2020,not_published,Individual file not published; consult problem_documents for shared-paper availability.
problem,4869,physicsbrawl,2020,,Problems,https://olimpicos.net/physicsbrawl/index.html#2020,not_published,Individual file not published; consult problem_documents for shared-paper availability.
problem,4870,physicsbrawl,2020,,Problems,https://olimpicos.net/physicsbrawl/index.html#2020,not_published,Individual file not published; consult problem_documents for shared-paper availability.
problem,4871,physicsbrawl,2020,,Problems,https://olimpicos.net/physicsbrawl/index.html#2020,not_published,Individual file not published; consult problem_documents for shared-paper availability.
problem,4872,physicsbrawl,2020,,Problems,https://olimpicos.net/physicsbrawl/index.html#2020,not_published,Individual file not published; consult problem_documents for shared-paper availability.
problem,4873,physicsbrawl,2020,,Problems,https://olimpicos.net/physicsbrawl/index.html#2020,not_published,Individual file not published; consult problem_documents for shared-paper availability.
problem,4874,physicsbrawl,2020,,Problems,https://olimpicos.net/physicsbrawl/index.html#2020,not_published,Individual file not published; consult problem_documents for shared-paper availability.
problem,4875,physicsbrawl,2020,,Problems,https://olimpicos.net/physicsbrawl/index.html#2020,not_published,Individual file not published; consult problem_documents for shared-paper availability.
problem,4876,physicsbrawl,2020,,Problems,https://olimpicos.net/physicsbrawl/index.html#2020,not_published,Individual file not published; consult problem_documents for shared-paper availability.
problem,4877,physicsbrawl,2020,,Problems,https://olimpicos.net/physicsbrawl/index.html#2020,not_published,Individual file not published; consult problem_documents for shared-paper availability.
problem,4878,physicsbrawl,2020,,Problems,https://olimpicos.net/physicsbrawl/index.html#2020,not_published,Individual file not published; consult problem_documents for shared-paper availability.
problem,4879,physicsbrawl,2020,,Problems,https://olimpicos.net/physicsbrawl/index.html#2020,not_published,Individual file not published; consult problem_documents for shared-paper availability.
problem,4880,physicsbrawl,2020,,Problems,https://olimpicos.net/physicsbrawl/index.html#2020,not_published,Individual file not published; consult problem_documents for shared-paper availability.
problem,4881,physicsbrawl,2020,,Problems,https://olimpicos.net/physicsbrawl/index.html#2020,not_published,Individual file not published; consult problem_documents for shared-paper availability.
problem,4882,physicsbrawl,2020,,Problems,https://olimpicos.net/physicsbrawl/index.html#2020,not_published,Individual file not published; consult problem_documents for shared-paper availability.
problem,4883,physicsbrawl,2020,,Problems,https://olimpicos.net/physicsbrawl/index.html#2020,not_published,Individual file not published; consult problem_documents for shared-paper availability.
problem,4884,physicsbrawl,2020,,Problems,https://olimpicos.net/physicsbrawl/index.html#2020,not_published,Individual file not published; consult problem_documents for shared-paper availability.
problem,4885,physicsbrawl,2020,,Problems,https://olimpicos.net/physicsbrawl/index.html#2020,not_published,Individual file not published; consult problem_documents for shared-paper availability.
problem,4886,physicsbrawl,2020,,Problems,https://olimpicos.net/physicsbrawl/index.html#2020,not_published,Individual file not published; consult problem_documents for shared-paper availability.
problem,4887,physicsbrawl,2020,,Problems,https://olimpicos.net/physicsbrawl/index.html#2020,not_published,Individual file not published; consult problem_documents for shared-paper availability.
problem,4888,physicsbrawl,2020,,Problems,https://olimpicos.net/physicsbrawl/index.html#2020,not_published,Individual file not published; consult problem_documents for shared-paper availability.
problem,4889,physicsbrawl,2020,,Problems,https://olimpicos.net/physicsbrawl/index.html#2020,not_published,Individual file not published; consult problem_documents for shared-paper availability.
problem,4890,physicsbrawl,2020,,Problems,https://olimpicos.net/physicsbrawl/index.html#2020,not_published,Individual file not published; consult problem_documents for shared-paper availability.
problem,4891,physicsbrawl,2020,,Problems,https://olimpicos.net/physicsbrawl/index.html#2020,not_published,Individual file not published; consult problem_documents for shared-paper availability.
problem,4892,physicsbrawl,2020,,Problems,https://olimpicos.net/physicsbrawl/index.html#2020,not_published,Individual file not published; consult problem_documents for shared-paper availability.
problem,4893,physicsbrawl,2020,,Problems,https://olimpicos.net/physicsbrawl/index.html#2020,not_published,Individual file not published; consult problem_documents for shared-paper availability.
problem,4894,physicsbrawl,2020,,Problems,https://olimpicos.net/physicsbrawl/index.html#2020,not_published,Individual file not published; consult problem_documents for shared-paper availability.
problem,4895,physicsbrawl,2020,,Problems,https://olimpicos.net/physicsbrawl/index.html#2020,not_published,Individual file not published; consult problem_documents for shared-paper availability.
problem,4896,physicsbrawl,2020,,Problems,https://olimpicos.net/physicsbrawl/index.html#2020,not_published,Individual file not published; consult problem_documents for shared-paper availability.
problem,4897,physicsbrawl,2020,,Problems,https://olimpicos.net/physicsbrawl/index.html#2020,not_published,Individual file not published; consult problem_documents for shared-paper availability.
problem,4898,physicsbrawl,2020,,Problems,https://olimpicos.net/physicsbrawl/index.html#2020,not_published,Individual file not published; consult problem_documents for shared-paper availability.
problem,4899,physicsbrawl,2020,,Problems,https://olimpicos.net/physicsbrawl/index.html#2020,not_published,Individual file not published; consult problem_documents for shared-paper availability.
problem,4900,physicsbrawl,2020,,Problems,https://olimpicos.net/physicsbrawl/index.html#2020,not_published,Individual file not published; consult problem_documents for shared-paper availability.
problem,4901,physicsbrawl,2020,,Problems,https://olimpicos.net/physicsbrawl/index.html#2020,not_published,Individual file not published; consult problem_documents for shared-paper availability.
problem,4902,physicsbrawl,2020,,Problems,https://olimpicos.net/physicsbrawl/index.html#2020,not_published,Individual file not published; consult problem_documents for shared-paper availability.
problem,4903,physicsbrawl,2020,,Problems,https://olimpicos.net/physicsbrawl/index.html#2020,not_published,Individual file not published; consult problem_documents for shared-paper availability.
problem,4904,physicsbrawl,2020,,Problems,https://olimpicos.net/physicsbrawl/index.html#2020,not_published,Individual file not published; consult problem_documents for shared-paper availability.
problem,4905,physicsbrawl,2020,,Problems,https://olimpicos.net/physicsbrawl/index.html#2020,not_published,Individual file not published; consult problem_documents for shared-paper availability.
problem,4906,physicsbrawl,2020,,Problems,https://olimpicos.net/physicsbrawl/index.html#2020,not_published,Individual file not published; consult problem_documents for shared-paper availability.
problem,4907,physicsbrawl,2020,,Problems,https://olimpicos.net/physicsbrawl/index.html#2020,not_published,Individual file not published; consult problem_documents for shared-paper availability.
problem,4908,physicsbrawl,2020,,Problems,https://olimpicos.net/physicsbrawl/index.html#2020,not_published,Individual file not published; consult problem_documents for shared-paper availability.
problem,4909,physicsbrawl,2020,,Problems,https://olimpicos.net/physicsbrawl/index.html#2020,not_published,Individual file not published; consult problem_documents for shared-paper availability.
problem,4910,physicsbrawl,2020,,Problems,https://olimpicos.net/physicsbrawl/index.html#2020,not_published,Individual file not published; consult problem_documents for shared-paper availability.
problem,4911,physicsbrawl,2020,,Problems,https://olimpicos.net/physicsbrawl/index.html#2020,not_published,Individual file not published; consult problem_documents for shared-paper availability.
problem,4912,physicsbrawl,2020,,Problems,https://olimpicos.net/physicsbrawl/index.html#2020,not_published,Individual file not published; consult problem_documents for shared-paper availability.
problem,4913,physicsbrawl,2019,,Problems,https://olimpicos.net/physicsbrawl/index.html#2019,not_published,Individual file not published; consult problem_documents for shared-paper availability.
problem,4914,physicsbrawl,2019,,Problems,https://olimpicos.net/physicsbrawl/index.html#2019,not_published,Individual file not published; consult problem_documents for shared-paper availability.
problem,4915,physicsbrawl,2019,,Problems,https://olimpicos.net/physicsbrawl/index.html#2019,not_published,Individual file not published; consult problem_documents for shared-paper availability.
problem,4916,physicsbrawl,2019,,Problems,https://olimpicos.net/physicsbrawl/index.html#2019,not_published,Individual file not published; consult problem_documents for shared-paper availability.
problem,4917,physicsbrawl,2019,,Problems,https://olimpicos.net/physicsbrawl/index.html#2019,not_published,Individual file not published; consult problem_documents for shared-paper availability.
problem,4918,physicsbrawl,2019,,Problems,https://olimpicos.net/physicsbrawl/index.html#2019,not_published,Individual file not published; consult problem_documents for shared-paper availability.
problem,4919,physicsbrawl,2019,,Problems,https://olimpicos.net/physicsbrawl/index.html#2019,not_published,Individual file not published; consult problem_documents for shared-paper availability.
problem,4920,physicsbrawl,2019,,Problems,https://olimpicos.net/physicsbrawl/index.html#2019,not_published,Individual file not published; consult problem_documents for shared-paper availability.
problem,4921,physicsbrawl,2019,,Problems,https://olimpicos.net/physicsbrawl/index.html#2019,not_published,Individual file not published; consult problem_documents for shared-paper availability.
problem,4922,physicsbrawl,2019,,Problems,https://olimpicos.net/physicsbrawl/index.html#2019,not_published,Individual file not published; consult problem_documents for shared-paper availability.
problem,4923,physicsbrawl,2019,,Problems,https://olimpicos.net/physicsbrawl/index.html#2019,not_published,Individual file not published; consult problem_documents for shared-paper availability.
problem,4924,physicsbrawl,2019,,Problems,https://olimpicos.net/physicsbrawl/index.html#2019,not_published,Individual file not published; consult problem_documents for shared-paper availability.
problem,4925,physicsbrawl,2019,,Problems,https://olimpicos.net/physicsbrawl/index.html#2019,not_published,Individual file not published; consult problem_documents for shared-paper availability.
problem,4926,physicsbrawl,2019,,Problems,https://olimpicos.net/physicsbrawl/index.html#2019,not_published,Individual file not published; consult problem_documents for shared-paper availability.
problem,4927,physicsbrawl,2019,,Problems,https://olimpicos.net/physicsbrawl/index.html#2019,not_published,Individual file not published; consult problem_documents for shared-paper availability.
problem,4928,physicsbrawl,2019,,Problems,https://olimpicos.net/physicsbrawl/index.html#2019,not_published,Individual file not published; consult problem_documents for shared-paper availability.
problem,4929,physicsbrawl,2019,,Problems,https://olimpicos.net/physicsbrawl/index.html#2019,not_published,Individual file not published; consult problem_documents for shared-paper availability.
problem,4930,physicsbrawl,2019,,Problems,https://olimpicos.net/physicsbrawl/index.html#2019,not_published,Individual file not published; consult problem_documents for shared-paper availability.
problem,4931,physicsbrawl,2019,,Problems,https://olimpicos.net/physicsbrawl/index.html#2019,not_published,Individual file not published; consult problem_documents for shared-paper availability.
problem,4932,physicsbrawl,2019,,Problems,https://olimpicos.net/physicsbrawl/index.html#2019,not_published,Individual file not published; consult problem_documents for shared-paper availability.
problem,4933,physicsbrawl,2019,,Problems,https://olimpicos.net/physicsbrawl/index.html#2019,not_published,Individual file not published; consult problem_documents for shared-paper availability.
problem,4934,physicsbrawl,2019,,Problems,https://olimpicos.net/physicsbrawl/index.html#2019,not_published,Individual file not published; consult problem_documents for shared-paper availability.
problem,4935,physicsbrawl,2019,,Problems,https://olimpicos.net/physicsbrawl/index.html#2019,not_published,Individual file not published; consult problem_documents for shared-paper availability.
problem,4936,physicsbrawl,2019,,Problems,https://olimpicos.net/physicsbrawl/index.html#2019,not_published,Individual file not published; consult problem_documents for shared-paper availability.
problem,4937,physicsbrawl,2019,,Problems,https://olimpicos.net/physicsbrawl/index.html#2019,not_published,Individual file not published; consult problem_documents for shared-paper availability.
problem,4938,physicsbrawl,2019,,Problems,https://olimpicos.net/physicsbrawl/index.html#2019,not_published,Individual file not published; consult problem_documents for shared-paper availability.
problem,4939,physicsbrawl,2019,,Problems,https://olimpicos.net/physicsbrawl/index.html#2019,not_published,Individual file not published; consult problem_documents for shared-paper availability.
problem,4940,physicsbrawl,2019,,Problems,https://olimpicos.net/physicsbrawl/index.html#2019,not_published,Individual file not published; consult problem_documents for shared-paper availability.
problem,4941,physicsbrawl,2019,,Problems,https://olimpicos.net/physicsbrawl/index.html#2019,not_published,Individual file not published; consult problem_documents for shared-paper availability.
problem,4942,physicsbrawl,2019,,Problems,https://olimpicos.net/physicsbrawl/index.html#2019,not_published,Individual file not published; consult problem_documents for shared-paper availability.
problem,4943,physicsbrawl,2019,,Problems,https://olimpicos.net/physicsbrawl/index.html#2019,not_published,Individual file not published; consult problem_documents for shared-paper availability.
problem,4944,physicsbrawl,2019,,Problems,https://olimpicos.net/physicsbrawl/index.html#2019,not_published,Individual file not published; consult problem_documents for shared-paper availability.
problem,4945,physicsbrawl,2019,,Problems,https://olimpicos.net/physicsbrawl/index.html#2019,not_published,Individual file not published; consult problem_documents for shared-paper availability.
problem,4946,physicsbrawl,2019,,Problems,https://olimpicos.net/physicsbrawl/index.html#2019,not_published,Individual file not published; consult problem_documents for shared-paper availability.
problem,4947,physicsbrawl,2019,,Problems,https://olimpicos.net/physicsbrawl/index.html#2019,not_published,Individual file not published; consult problem_documents for shared-paper availability.
problem,4948,physicsbrawl,2019,,Problems,https://olimpicos.net/physicsbrawl/index.html#2019,not_published,Individual file not published; consult problem_documents for shared-paper availability.
problem,4949,physicsbrawl,2019,,Problems,https://olimpicos.net/physicsbrawl/index.html#2019,not_published,Individual file not published; consult problem_documents for shared-paper availability.
problem,4950,physicsbrawl,2019,,Problems,https://olimpicos.net/physicsbrawl/index.html#2019,not_published,Individual file not published; consult problem_documents for shared-paper availability.
problem,4951,physicsbrawl,2019,,Problems,https://olimpicos.net/physicsbrawl/index.html#2019,not_published,Individual file not published; consult problem_documents for shared-paper availability.
problem,4952,physicsbrawl,2019,,Problems,https://olimpicos.net/physicsbrawl/index.html#2019,not_published,Individual file not published; consult problem_documents for shared-paper availability.
problem,4953,physicsbrawl,2019,,Problems,https://olimpicos.net/physicsbrawl/index.html#2019,not_published,Individual file not published; consult problem_documents for shared-paper availability.
problem,4954,physicsbrawl,2019,,Problems,https://olimpicos.net/physicsbrawl/index.html#2019,not_published,Individual file not published; consult problem_documents for shared-paper availability.
problem,4955,physicsbrawl,2019,,Problems,https://olimpicos.net/physicsbrawl/index.html#2019,not_published,Individual file not published; consult problem_documents for shared-paper availability.
problem,4956,physicsbrawl,2019,,Problems,https://olimpicos.net/physicsbrawl/index.html#2019,not_published,Individual file not published; consult problem_documents for shared-paper availability.
problem,4957,physicsbrawl,2019,,Problems,https://olimpicos.net/physicsbrawl/index.html#2019,not_published,Individual file not published; consult problem_documents for shared-paper availability.
problem,4958,physicsbrawl,2019,,Problems,https://olimpicos.net/physicsbrawl/index.html#2019,not_published,Individual file not published; consult problem_documents for shared-paper availability.
problem,4959,physicsbrawl,2019,,Problems,https://olimpicos.net/physicsbrawl/index.html#2019,not_published,Individual file not published; consult problem_documents for shared-paper availability.
problem,4960,physicsbrawl,2019,,Problems,https://olimpicos.net/physicsbrawl/index.html#2019,not_published,Individual file not published; consult problem_documents for shared-paper availability.
problem,4961,physicsbrawl,2019,,Problems,https://olimpicos.net/physicsbrawl/index.html#2019,not_published,Individual file not published; consult problem_documents for shared-paper availability.
problem,4962,physicsbrawl,2019,,Problems,https://olimpicos.net/physicsbrawl/index.html#2019,not_published,Individual file not published; consult problem_documents for shared-paper availability.
problem,4963,physicsbrawl,2019,,Problems,https://olimpicos.net/physicsbrawl/index.html#2019,not_published,Individual file not published; consult problem_documents for shared-paper availability.
problem,4964,physicsbrawl,2019,,Problems,https://olimpicos.net/physicsbrawl/index.html#2019,not_published,Individual file not published; consult problem_documents for shared-paper availability.
problem,4965,physicsbrawl,2019,,Problems,https://olimpicos.net/physicsbrawl/index.html#2019,not_published,Individual file not published; consult problem_documents for shared-paper availability.
problem,4966,physicsbrawl,2019,,Problems,https://olimpicos.net/physicsbrawl/index.html#2019,not_published,Individual file not published; consult problem_documents for shared-paper availability.
problem,4967,physicsbrawl,2019,,Problems,https://olimpicos.net/physicsbrawl/index.html#2019,not_published,Individual file not published; consult problem_documents for shared-paper availability.
problem,4968,physicsbrawl,2019,,Problems,https://olimpicos.net/physicsbrawl/index.html#2019,not_published,Individual file not published; consult problem_documents for shared-paper availability.
problem,4969,physicsbrawl,2019,,Problems,https://olimpicos.net/physicsbrawl/index.html#2019,not_published,Individual file not published; consult problem_documents for shared-paper availability.
problem,4970,physicsbrawl,2019,,Problems,https://olimpicos.net/physicsbrawl/index.html#2019,not_published,Individual file not published; consult problem_documents for shared-paper availability.
problem,4971,physicsbrawl,2019,,Problems,https://olimpicos.net/physicsbrawl/index.html#2019,not_published,Individual file not published; consult problem_documents for shared-paper availability.
problem,4972,physicsbrawl,2019,,Problems,https://olimpicos.net/physicsbrawl/index.html#2019,not_published,Individual file not published; consult problem_documents for shared-paper availability.
problem,4973,physicsbrawl,2019,,Problems,https://olimpicos.net/physicsbrawl/index.html#2019,not_published,Individual file not published; consult problem_documents for shared-paper availability.
problem,4974,physicsbrawl,2019,,Problems,https://olimpicos.net/physicsbrawl/index.html#2019,not_published,Individual file not published; consult problem_documents for shared-paper availability.
problem,4975,physicsbrawl,2018,,Problems,https://olimpicos.net/physicsbrawl/index.html#2018,not_published,Individual file not published; consult problem_documents for shared-paper availability.
problem,4976,physicsbrawl,2018,,Problems,https://olimpicos.net/physicsbrawl/index.html#2018,not_published,Individual file not published; consult problem_documents for shared-paper availability.
problem,4977,physicsbrawl,2018,,Problems,https://olimpicos.net/physicsbrawl/index.html#2018,not_published,Individual file not published; consult problem_documents for shared-paper availability.
problem,4978,physicsbrawl,2018,,Problems,https://olimpicos.net/physicsbrawl/index.html#2018,not_published,Individual file not published; consult problem_documents for shared-paper availability.
problem,4979,physicsbrawl,2018,,Problems,https://olimpicos.net/physicsbrawl/index.html#2018,not_published,Individual file not published; consult problem_documents for shared-paper availability.
problem,4980,physicsbrawl,2018,,Problems,https://olimpicos.net/physicsbrawl/index.html#2018,not_published,Individual file not published; consult problem_documents for shared-paper availability.
problem,4981,physicsbrawl,2018,,Problems,https://olimpicos.net/physicsbrawl/index.html#2018,not_published,Individual file not published; consult problem_documents for shared-paper availability.
problem,4982,physicsbrawl,2018,,Problems,https://olimpicos.net/physicsbrawl/index.html#2018,not_published,Individual file not published; consult problem_documents for shared-paper availability.
problem,4983,physicsbrawl,2018,,Problems,https://olimpicos.net/physicsbrawl/index.html#2018,not_published,Individual file not published; consult problem_documents for shared-paper availability.
problem,4984,physicsbrawl,2018,,Problems,https://olimpicos.net/physicsbrawl/index.html#2018,not_published,Individual file not published; consult problem_documents for shared-paper availability.
problem,4985,physicsbrawl,2018,,Problems,https://olimpicos.net/physicsbrawl/index.html#2018,not_published,Individual file not published; consult problem_documents for shared-paper availability.
problem,4986,physicsbrawl,2018,,Problems,https://olimpicos.net/physicsbrawl/index.html#2018,not_published,Individual file not published; consult problem_documents for shared-paper availability.
problem,4987,physicsbrawl,2018,,Problems,https://olimpicos.net/physicsbrawl/index.html#2018,not_published,Individual file not published; consult problem_documents for shared-paper availability.
problem,4988,physicsbrawl,2018,,Problems,https://olimpicos.net/physicsbrawl/index.html#2018,not_published,Individual file not published; consult problem_documents for shared-paper availability.
problem,4989,physicsbrawl,2018,,Problems,https://olimpicos.net/physicsbrawl/index.html#2018,not_published,Individual file not published; consult problem_documents for shared-paper availability.
problem,4990,physicsbrawl,2018,,Problems,https://olimpicos.net/physicsbrawl/index.html#2018,not_published,Individual file not published; consult problem_documents for shared-paper availability.
problem,4991,physicsbrawl,2018,,Problems,https://olimpicos.net/physicsbrawl/index.html#2018,not_published,Individual file not published; consult problem_documents for shared-paper availability.
problem,4992,physicsbrawl,2018,,Problems,https://olimpicos.net/physicsbrawl/index.html#2018,not_published,Individual file not published; consult problem_documents for shared-paper availability.
problem,4993,physicsbrawl,2018,,Problems,https://olimpicos.net/physicsbrawl/index.html#2018,not_published,Individual file not published; consult problem_documents for shared-paper availability.
problem,4994,physicsbrawl,2018,,Problems,https://olimpicos.net/physicsbrawl/index.html#2018,not_published,Individual file not published; consult problem_documents for shared-paper availability.
problem,4995,physicsbrawl,2018,,Problems,https://olimpicos.net/physicsbrawl/index.html#2018,not_published,Individual file not published; consult problem_documents for shared-paper availability.
problem,4996,physicsbrawl,2018,,Problems,https://olimpicos.net/physicsbrawl/index.html#2018,not_published,Individual file not published; consult problem_documents for shared-paper availability.
problem,4997,physicsbrawl,2018,,Problems,https://olimpicos.net/physicsbrawl/index.html#2018,not_published,Individual file not published; consult problem_documents for shared-paper availability.
problem,4998,physicsbrawl,2018,,Problems,https://olimpicos.net/physicsbrawl/index.html#2018,not_published,Individual file not published; consult problem_documents for shared-paper availability.
problem,4999,physicsbrawl,2018,,Problems,https://olimpicos.net/physicsbrawl/index.html#2018,not_published,Individual file not published; consult problem_documents for shared-paper availability.
problem,5000,physicsbrawl,2018,,Problems,https://olimpicos.net/physicsbrawl/index.html#2018,not_published,Individual file not published; consult problem_documents for shared-paper availability.
problem,5001,physicsbrawl,2018,,Problems,https://olimpicos.net/physicsbrawl/index.html#2018,not_published,Individual file not published; consult problem_documents for shared-paper availability.
problem,5002,physicsbrawl,2018,,Problems,https://olimpicos.net/physicsbrawl/index.html#2018,not_published,Individual file not published; consult problem_documents for shared-paper availability.
problem,5003,physicsbrawl,2018,,Problems,https://olimpicos.net/physicsbrawl/index.html#2018,not_published,Individual file not published; consult problem_documents for shared-paper availability.
problem,5004,physicsbrawl,2018,,Problems,https://olimpicos.net/physicsbrawl/index.html#2018,not_published,Individual file not published; consult problem_documents for shared-paper availability.
problem,5005,physicsbrawl,2018,,Problems,https://olimpicos.net/physicsbrawl/index.html#2018,not_published,Individual file not published; consult problem_documents for shared-paper availability.
problem,5006,physicsbrawl,2018,,Problems,https://olimpicos.net/physicsbrawl/index.html#2018,not_published,Individual file not published; consult problem_documents for shared-paper availability.
problem,5007,physicsbrawl,2018,,Problems,https://olimpicos.net/physicsbrawl/index.html#2018,not_published,Individual file not published; consult problem_documents for shared-paper availability.
problem,5008,physicsbrawl,2018,,Problems,https://olimpicos.net/physicsbrawl/index.html#2018,not_published,Individual file not published; consult problem_documents for shared-paper availability.
problem,5009,physicsbrawl,2018,,Problems,https://olimpicos.net/physicsbrawl/index.html#2018,not_published,Individual file not published; consult problem_documents for shared-paper availability.
problem,5010,physicsbrawl,2018,,Problems,https://olimpicos.net/physicsbrawl/index.html#2018,not_published,Individual file not published; consult problem_documents for shared-paper availability.
problem,5011,physicsbrawl,2018,,Problems,https://olimpicos.net/physicsbrawl/index.html#2018,not_published,Individual file not published; consult problem_documents for shared-paper availability.
problem,5012,physicsbrawl,2018,,Problems,https://olimpicos.net/physicsbrawl/index.html#2018,not_published,Individual file not published; consult problem_documents for shared-paper availability.
problem,5013,physicsbrawl,2018,,Problems,https://olimpicos.net/physicsbrawl/index.html#2018,not_published,Individual file not published; consult problem_documents for shared-paper availability.
problem,5014,physicsbrawl,2018,,Problems,https://olimpicos.net/physicsbrawl/index.html#2018,not_published,Individual file not published; consult problem_documents for shared-paper availability.
problem,5015,physicsbrawl,2018,,Problems,https://olimpicos.net/physicsbrawl/index.html#2018,not_published,Individual file not published; consult problem_documents for shared-paper availability.
problem,5016,physicsbrawl,2018,,Problems,https://olimpicos.net/physicsbrawl/index.html#2018,not_published,Individual file not published; consult problem_documents for shared-paper availability.
problem,5017,physicsbrawl,2018,,Problems,https://olimpicos.net/physicsbrawl/index.html#2018,not_published,Individual file not published; consult problem_documents for shared-paper availability.
problem,5018,physicsbrawl,2018,,Problems,https://olimpicos.net/physicsbrawl/index.html#2018,not_published,Individual file not published; consult problem_documents for shared-paper availability.
problem,5019,physicsbrawl,2018,,Problems,https://olimpicos.net/physicsbrawl/index.html#2018,not_published,Individual file not published; consult problem_documents for shared-paper availability.
problem,5020,physicsbrawl,2018,,Problems,https://olimpicos.net/physicsbrawl/index.html#2018,not_published,Individual file not published; consult problem_documents for shared-paper availability.
problem,5021,physicsbrawl,2018,,Problems,https://olimpicos.net/physicsbrawl/index.html#2018,not_published,Individual file not published; consult problem_documents for shared-paper availability.
problem,5022,physicsbrawl,2018,,Problems,https://olimpicos.net/physicsbrawl/index.html#2018,not_published,Individual file not published; consult problem_documents for shared-paper availability.
problem,5023,physicsbrawl,2018,,Problems,https://olimpicos.net/physicsbrawl/index.html#2018,not_published,Individual file not published; consult problem_documents for shared-paper availability.
problem,5024,physicsbrawl,2018,,Problems,https://olimpicos.net/physicsbrawl/index.html#2018,not_published,Individual file not published; consult problem_documents for shared-paper availability.
problem,5025,physicsbrawl,2018,,Problems,https://olimpicos.net/physicsbrawl/index.html#2018,not_published,Individual file not published; consult problem_documents for shared-paper availability.
problem,5026,physicsbrawl,2018,,Problems,https://olimpicos.net/physicsbrawl/index.html#2018,not_published,Individual file not published; consult problem_documents for shared-paper availability.
problem,5027,physicsbrawl,2018,,Problems,https://olimpicos.net/physicsbrawl/index.html#2018,not_published,Individual file not published; consult problem_documents for shared-paper availability.
problem,5028,physicsbrawl,2018,,Problems,https://olimpicos.net/physicsbrawl/index.html#2018,not_published,Individual file not published; consult problem_documents for shared-paper availability.
problem,5029,physicsbrawl,2018,,Problems,https://olimpicos.net/physicsbrawl/index.html#2018,not_published,Individual file not published; consult problem_documents for shared-paper availability.
problem,5030,physicsbrawl,2018,,Problems,https://olimpicos.net/physicsbrawl/index.html#2018,not_published,Individual file not published; consult problem_documents for shared-paper availability.
problem,5031,physicsbrawl,2018,,Problems,https://olimpicos.net/physicsbrawl/index.html#2018,not_published,Individual file not published; consult problem_documents for shared-paper availability.
problem,5032,physicsbrawl,2018,,Problems,https://olimpicos.net/physicsbrawl/index.html#2018,not_published,Individual file not published; consult problem_documents for shared-paper availability.
problem,5033,physicsbrawl,2018,,Problems,https://olimpicos.net/physicsbrawl/index.html#2018,not_published,Individual file not published; consult problem_documents for shared-paper availability.
problem,5034,physicsbrawl,2018,,Problems,https://olimpicos.net/physicsbrawl/index.html#2018,not_published,Individual file not published; consult problem_documents for shared-paper availability.
problem,5035,physicsbrawl,2017,,Problems,https://olimpicos.net/physicsbrawl/index.html#2017,not_published,Individual file not published; consult problem_documents for shared-paper availability.
problem,5036,physicsbrawl,2017,,Problems,https://olimpicos.net/physicsbrawl/index.html#2017,not_published,Individual file not published; consult problem_documents for shared-paper availability.
problem,5037,physicsbrawl,2017,,Problems,https://olimpicos.net/physicsbrawl/index.html#2017,not_published,Individual file not published; consult problem_documents for shared-paper availability.
problem,5038,physicsbrawl,2017,,Problems,https://olimpicos.net/physicsbrawl/index.html#2017,not_published,Individual file not published; consult problem_documents for shared-paper availability.
problem,5039,physicsbrawl,2017,,Problems,https://olimpicos.net/physicsbrawl/index.html#2017,not_published,Individual file not published; consult problem_documents for shared-paper availability.
problem,5040,physicsbrawl,2017,,Problems,https://olimpicos.net/physicsbrawl/index.html#2017,not_published,Individual file not published; consult problem_documents for shared-paper availability.
problem,5041,physicsbrawl,2017,,Problems,https://olimpicos.net/physicsbrawl/index.html#2017,not_published,Individual file not published; consult problem_documents for shared-paper availability.
problem,5042,physicsbrawl,2017,,Problems,https://olimpicos.net/physicsbrawl/index.html#2017,not_published,Individual file not published; consult problem_documents for shared-paper availability.
problem,5043,physicsbrawl,2017,,Problems,https://olimpicos.net/physicsbrawl/index.html#2017,not_published,Individual file not published; consult problem_documents for shared-paper availability.
problem,5044,physicsbrawl,2017,,Problems,https://olimpicos.net/physicsbrawl/index.html#2017,not_published,Individual file not published; consult problem_documents for shared-paper availability.
problem,5045,physicsbrawl,2017,,Problems,https://olimpicos.net/physicsbrawl/index.html#2017,not_published,Individual file not published; consult problem_documents for shared-paper availability.
problem,5046,physicsbrawl,2017,,Problems,https://olimpicos.net/physicsbrawl/index.html#2017,not_published,Individual file not published; consult problem_documents for shared-paper availability.
problem,5047,physicsbrawl,2017,,Problems,https://olimpicos.net/physicsbrawl/index.html#2017,not_published,Individual file not published; consult problem_documents for shared-paper availability.
problem,5048,physicsbrawl,2017,,Problems,https://olimpicos.net/physicsbrawl/index.html#2017,not_published,Individual file not published; consult problem_documents for shared-paper availability.
problem,5049,physicsbrawl,2017,,Problems,https://olimpicos.net/physicsbrawl/index.html#2017,not_published,Individual file not published; consult problem_documents for shared-paper availability.
problem,5050,physicsbrawl,2017,,Problems,https://olimpicos.net/physicsbrawl/index.html#2017,not_published,Individual file not published; consult problem_documents for shared-paper availability.
problem,5051,physicsbrawl,2017,,Problems,https://olimpicos.net/physicsbrawl/index.html#2017,not_published,Individual file not published; consult problem_documents for shared-paper availability.
problem,5052,physicsbrawl,2017,,Problems,https://olimpicos.net/physicsbrawl/index.html#2017,not_published,Individual file not published; consult problem_documents for shared-paper availability.
problem,5053,physicsbrawl,2017,,Problems,https://olimpicos.net/physicsbrawl/index.html#2017,not_published,Individual file not published; consult problem_documents for shared-paper availability.
problem,5054,physicsbrawl,2017,,Problems,https://olimpicos.net/physicsbrawl/index.html#2017,not_published,Individual file not published; consult problem_documents for shared-paper availability.
problem,5055,physicsbrawl,2017,,Problems,https://olimpicos.net/physicsbrawl/index.html#2017,not_published,Individual file not published; consult problem_documents for shared-paper availability.
problem,5056,physicsbrawl,2017,,Problems,https://olimpicos.net/physicsbrawl/index.html#2017,not_published,Individual file not published; consult problem_documents for shared-paper availability.
problem,5057,physicsbrawl,2017,,Problems,https://olimpicos.net/physicsbrawl/index.html#2017,not_published,Individual file not published; consult problem_documents for shared-paper availability.
problem,5058,physicsbrawl,2017,,Problems,https://olimpicos.net/physicsbrawl/index.html#2017,not_published,Individual file not published; consult problem_documents for shared-paper availability.
problem,5059,physicsbrawl,2017,,Problems,https://olimpicos.net/physicsbrawl/index.html#2017,not_published,Individual file not published; consult problem_documents for shared-paper availability.
problem,5060,physicsbrawl,2017,,Problems,https://olimpicos.net/physicsbrawl/index.html#2017,not_published,Individual file not published; consult problem_documents for shared-paper availability.
problem,5061,physicsbrawl,2017,,Problems,https://olimpicos.net/physicsbrawl/index.html#2017,not_published,Individual file not published; consult problem_documents for shared-paper availability.
problem,5062,physicsbrawl,2017,,Problems,https://olimpicos.net/physicsbrawl/index.html#2017,not_published,Individual file not published; consult problem_documents for shared-paper availability.
problem,5063,physicsbrawl,2017,,Problems,https://olimpicos.net/physicsbrawl/index.html#2017,not_published,Individual file not published; consult problem_documents for shared-paper availability.
problem,5064,physicsbrawl,2017,,Problems,https://olimpicos.net/physicsbrawl/index.html#2017,not_published,Individual file not published; consult problem_documents for shared-paper availability.
problem,5065,physicsbrawl,2017,,Problems,https://olimpicos.net/physicsbrawl/index.html#2017,not_published,Individual file not published; consult problem_documents for shared-paper availability.
problem,5066,physicsbrawl,2017,,Problems,https://olimpicos.net/physicsbrawl/index.html#2017,not_published,Individual file not published; consult problem_documents for shared-paper availability.
problem,5067,physicsbrawl,2017,,Problems,https://olimpicos.net/physicsbrawl/index.html#2017,not_published,Individual file not published; consult problem_documents for shared-paper availability.
problem,5068,physicsbrawl,2017,,Problems,https://olimpicos.net/physicsbrawl/index.html#2017,not_published,Individual file not published; consult problem_documents for shared-paper availability.
problem,5069,physicsbrawl,2017,,Problems,https://olimpicos.net/physicsbrawl/index.html#2017,not_published,Individual file not published; consult problem_documents for shared-paper availability.
problem,5070,physicsbrawl,2017,,Problems,https://olimpicos.net/physicsbrawl/index.html#2017,not_published,Individual file not published; consult problem_documents for shared-paper availability.
problem,5071,physicsbrawl,2017,,Problems,https://olimpicos.net/physicsbrawl/index.html#2017,not_published,Individual file not published; consult problem_documents for shared-paper availability.
problem,5072,physicsbrawl,2017,,Problems,https://olimpicos.net/physicsbrawl/index.html#2017,not_published,Individual file not published; consult problem_documents for shared-paper availability.
problem,5073,physicsbrawl,2017,,Problems,https://olimpicos.net/physicsbrawl/index.html#2017,not_published,Individual file not published; consult problem_documents for shared-paper availability.
problem,5074,physicsbrawl,2017,,Problems,https://olimpicos.net/physicsbrawl/index.html#2017,not_published,Individual file not published; consult problem_documents for shared-paper availability.
problem,5075,physicsbrawl,2017,,Problems,https://olimpicos.net/physicsbrawl/index.html#2017,not_published,Individual file not published; consult problem_documents for shared-paper availability.
problem,5076,physicsbrawl,2017,,Problems,https://olimpicos.net/physicsbrawl/index.html#2017,not_published,Individual file not published; consult problem_documents for shared-paper availability.
problem,5077,physicsbrawl,2017,,Problems,https://olimpicos.net/physicsbrawl/index.html#2017,not_published,Individual file not published; consult problem_documents for shared-paper availability.
problem,5078,physicsbrawl,2017,,Problems,https://olimpicos.net/physicsbrawl/index.html#2017,not_published,Individual file not published; consult problem_documents for shared-paper availability.
problem,5079,physicsbrawl,2017,,Problems,https://olimpicos.net/physicsbrawl/index.html#2017,not_published,Individual file not published; consult problem_documents for shared-paper availability.
problem,5080,physicsbrawl,2017,,Problems,https://olimpicos.net/physicsbrawl/index.html#2017,not_published,Individual file not published; consult problem_documents for shared-paper availability.
problem,5081,physicsbrawl,2017,,Problems,https://olimpicos.net/physicsbrawl/index.html#2017,not_published,Individual file not published; consult problem_documents for shared-paper availability.
problem,5082,physicsbrawl,2017,,Problems,https://olimpicos.net/physicsbrawl/index.html#2017,not_published,Individual file not published; consult problem_documents for shared-paper availability.
problem,5083,physicsbrawl,2017,,Problems,https://olimpicos.net/physicsbrawl/index.html#2017,not_published,Individual file not published; consult problem_documents for shared-paper availability.
problem,5084,physicsbrawl,2017,,Problems,https://olimpicos.net/physicsbrawl/index.html#2017,not_published,Individual file not published; consult problem_documents for shared-paper availability.
problem,5085,physicsbrawl,2017,,Problems,https://olimpicos.net/physicsbrawl/index.html#2017,not_published,Individual file not published; consult problem_documents for shared-paper availability.
problem,5086,physicsbrawl,2017,,Problems,https://olimpicos.net/physicsbrawl/index.html#2017,not_published,Individual file not published; consult problem_documents for shared-paper availability.
problem,5087,physicsbrawl,2017,,Problems,https://olimpicos.net/physicsbrawl/index.html#2017,not_published,Individual file not published; consult problem_documents for shared-paper availability.
problem,5088,physicsbrawl,2017,,Problems,https://olimpicos.net/physicsbrawl/index.html#2017,not_published,Individual file not published; consult problem_documents for shared-paper availability.
problem,5089,physicsbrawl,2017,,Problems,https://olimpicos.net/physicsbrawl/index.html#2017,not_published,Individual file not published; consult problem_documents for shared-paper availability.
problem,5090,physicsbrawl,2017,,Problems,https://olimpicos.net/physicsbrawl/index.html#2017,not_published,Individual file not published; consult problem_documents for shared-paper availability.
problem,5091,physicsbrawl,2017,,Problems,https://olimpicos.net/physicsbrawl/index.html#2017,not_published,Individual file not published; consult problem_documents for shared-paper availability.
problem,5092,physicsbrawl,2017,,Problems,https://olimpicos.net/physicsbrawl/index.html#2017,not_published,Individual file not published; consult problem_documents for shared-paper availability.
problem,5093,physicsbrawl,2017,,Problems,https://olimpicos.net/physicsbrawl/index.html#2017,not_published,Individual file not published; consult problem_documents for shared-paper availability.
problem,5094,physicsbrawl,2017,,Problems,https://olimpicos.net/physicsbrawl/index.html#2017,not_published,Individual file not published; consult problem_documents for shared-paper availability.
problem,5095,physicsbrawl,2017,,Problems,https://olimpicos.net/physicsbrawl/index.html#2017,not_published,Individual file not published; consult problem_documents for shared-paper availability.
problem,5096,physicsbrawl,2017,,Problems,https://olimpicos.net/physicsbrawl/index.html#2017,not_published,Individual file not published; consult problem_documents for shared-paper availability.
problem,5097,physicsbrawl,2017,,Problems,https://olimpicos.net/physicsbrawl/index.html#2017,not_published,Individual file not published; consult problem_documents for shared-paper availability.
problem,5098,physicsbrawl,2016,,Problems,https://olimpicos.net/physicsbrawl/index.html#2016,not_published,Individual file not published; consult problem_documents for shared-paper availability.
problem,5099,physicsbrawl,2016,,Problems,https://olimpicos.net/physicsbrawl/index.html#2016,not_published,Individual file not published; consult problem_documents for shared-paper availability.
problem,5100,physicsbrawl,2016,,Problems,https://olimpicos.net/physicsbrawl/index.html#2016,not_published,Individual file not published; consult problem_documents for shared-paper availability.
problem,5101,physicsbrawl,2016,,Problems,https://olimpicos.net/physicsbrawl/index.html#2016,not_published,Individual file not published; consult problem_documents for shared-paper availability.
problem,5102,physicsbrawl,2016,,Problems,https://olimpicos.net/physicsbrawl/index.html#2016,not_published,Individual file not published; consult problem_documents for shared-paper availability.
problem,5103,physicsbrawl,2016,,Problems,https://olimpicos.net/physicsbrawl/index.html#2016,not_published,Individual file not published; consult problem_documents for shared-paper availability.
problem,5104,physicsbrawl,2016,,Problems,https://olimpicos.net/physicsbrawl/index.html#2016,not_published,Individual file not published; consult problem_documents for shared-paper availability.
problem,5105,physicsbrawl,2016,,Problems,https://olimpicos.net/physicsbrawl/index.html#2016,not_published,Individual file not published; consult problem_documents for shared-paper availability.
problem,5106,physicsbrawl,2016,,Problems,https://olimpicos.net/physicsbrawl/index.html#2016,not_published,Individual file not published; consult problem_documents for shared-paper availability.
problem,5107,physicsbrawl,2016,,Problems,https://olimpicos.net/physicsbrawl/index.html#2016,not_published,Individual file not published; consult problem_documents for shared-paper availability.
problem,5108,physicsbrawl,2016,,Problems,https://olimpicos.net/physicsbrawl/index.html#2016,not_published,Individual file not published; consult problem_documents for shared-paper availability.
problem,5109,physicsbrawl,2016,,Problems,https://olimpicos.net/physicsbrawl/index.html#2016,not_published,Individual file not published; consult problem_documents for shared-paper availability.
problem,5110,physicsbrawl,2016,,Problems,https://olimpicos.net/physicsbrawl/index.html#2016,not_published,Individual file not published; consult problem_documents for shared-paper availability.
problem,5111,physicsbrawl,2016,,Problems,https://olimpicos.net/physicsbrawl/index.html#2016,not_published,Individual file not published; consult problem_documents for shared-paper availability.
problem,5112,physicsbrawl,2016,,Problems,https://olimpicos.net/physicsbrawl/index.html#2016,not_published,Individual file not published; consult problem_documents for shared-paper availability.
problem,5113,physicsbrawl,2016,,Problems,https://olimpicos.net/physicsbrawl/index.html#2016,not_published,Individual file not published; consult problem_documents for shared-paper availability.
problem,5114,physicsbrawl,2016,,Problems,https://olimpicos.net/physicsbrawl/index.html#2016,not_published,Individual file not published; consult problem_documents for shared-paper availability.
problem,5115,physicsbrawl,2016,,Problems,https://olimpicos.net/physicsbrawl/index.html#2016,not_published,Individual file not published; consult problem_documents for shared-paper availability.
problem,5116,physicsbrawl,2016,,Problems,https://olimpicos.net/physicsbrawl/index.html#2016,not_published,Individual file not published; consult problem_documents for shared-paper availability.
problem,5117,physicsbrawl,2016,,Problems,https://olimpicos.net/physicsbrawl/index.html#2016,not_published,Individual file not published; consult problem_documents for shared-paper availability.
problem,5118,physicsbrawl,2016,,Problems,https://olimpicos.net/physicsbrawl/index.html#2016,not_published,Individual file not published; consult problem_documents for shared-paper availability.
problem,5119,physicsbrawl,2016,,Problems,https://olimpicos.net/physicsbrawl/index.html#2016,not_published,Individual file not published; consult problem_documents for shared-paper availability.
problem,5120,physicsbrawl,2016,,Problems,https://olimpicos.net/physicsbrawl/index.html#2016,not_published,Individual file not published; consult problem_documents for shared-paper availability.
problem,5121,physicsbrawl,2016,,Problems,https://olimpicos.net/physicsbrawl/index.html#2016,not_published,Individual file not published; consult problem_documents for shared-paper availability.
problem,5122,physicsbrawl,2016,,Problems,https://olimpicos.net/physicsbrawl/index.html#2016,not_published,Individual file not published; consult problem_documents for shared-paper availability.
problem,5123,physicsbrawl,2016,,Problems,https://olimpicos.net/physicsbrawl/index.html#2016,not_published,Individual file not published; consult problem_documents for shared-paper availability.
problem,5124,physicsbrawl,2016,,Problems,https://olimpicos.net/physicsbrawl/index.html#2016,not_published,Individual file not published; consult problem_documents for shared-paper availability.
problem,5125,physicsbrawl,2016,,Problems,https://olimpicos.net/physicsbrawl/index.html#2016,not_published,Individual file not published; consult problem_documents for shared-paper availability.
problem,5126,physicsbrawl,2016,,Problems,https://olimpicos.net/physicsbrawl/index.html#2016,not_published,Individual file not published; consult problem_documents for shared-paper availability.
problem,5127,physicsbrawl,2016,,Problems,https://olimpicos.net/physicsbrawl/index.html#2016,not_published,Individual file not published; consult problem_documents for shared-paper availability.
problem,5128,physicsbrawl,2016,,Problems,https://olimpicos.net/physicsbrawl/index.html#2016,not_published,Individual file not published; consult problem_documents for shared-paper availability.
problem,5129,physicsbrawl,2016,,Problems,https://olimpicos.net/physicsbrawl/index.html#2016,not_published,Individual file not published; consult problem_documents for shared-paper availability.
problem,5130,physicsbrawl,2016,,Problems,https://olimpicos.net/physicsbrawl/index.html#2016,not_published,Individual file not published; consult problem_documents for shared-paper availability.
problem,5131,physicsbrawl,2016,,Problems,https://olimpicos.net/physicsbrawl/index.html#2016,not_published,Individual file not published; consult problem_documents for shared-paper availability.
problem,5132,physicsbrawl,2016,,Problems,https://olimpicos.net/physicsbrawl/index.html#2016,not_published,Individual file not published; consult problem_documents for shared-paper availability.
problem,5133,physicsbrawl,2016,,Problems,https://olimpicos.net/physicsbrawl/index.html#2016,not_published,Individual file not published; consult problem_documents for shared-paper availability.
problem,5134,physicsbrawl,2016,,Problems,https://olimpicos.net/physicsbrawl/index.html#2016,not_published,Individual file not published; consult problem_documents for shared-paper availability.
problem,5135,physicsbrawl,2016,,Problems,https://olimpicos.net/physicsbrawl/index.html#2016,not_published,Individual file not published; consult problem_documents for shared-paper availability.
problem,5136,physicsbrawl,2016,,Problems,https://olimpicos.net/physicsbrawl/index.html#2016,not_published,Individual file not published; consult problem_documents for shared-paper availability.
problem,5137,physicsbrawl,2016,,Problems,https://olimpicos.net/physicsbrawl/index.html#2016,not_published,Individual file not published; consult problem_documents for shared-paper availability.
problem,5138,physicsbrawl,2016,,Problems,https://olimpicos.net/physicsbrawl/index.html#2016,not_published,Individual file not published; consult problem_documents for shared-paper availability.
problem,5139,physicsbrawl,2016,,Problems,https://olimpicos.net/physicsbrawl/index.html#2016,not_published,Individual file not published; consult problem_documents for shared-paper availability.
problem,5140,physicsbrawl,2016,,Problems,https://olimpicos.net/physicsbrawl/index.html#2016,not_published,Individual file not published; consult problem_documents for shared-paper availability.
problem,5141,physicsbrawl,2016,,Problems,https://olimpicos.net/physicsbrawl/index.html#2016,not_published,Individual file not published; consult problem_documents for shared-paper availability.
problem,5142,physicsbrawl,2016,,Problems,https://olimpicos.net/physicsbrawl/index.html#2016,not_published,Individual file not published; consult problem_documents for shared-paper availability.
problem,5143,physicsbrawl,2016,,Problems,https://olimpicos.net/physicsbrawl/index.html#2016,not_published,Individual file not published; consult problem_documents for shared-paper availability.
problem,5144,physicsbrawl,2016,,Problems,https://olimpicos.net/physicsbrawl/index.html#2016,not_published,Individual file not published; consult problem_documents for shared-paper availability.
problem,5145,physicsbrawl,2016,,Problems,https://olimpicos.net/physicsbrawl/index.html#2016,not_published,Individual file not published; consult problem_documents for shared-paper availability.
problem,5146,physicsbrawl,2016,,Problems,https://olimpicos.net/physicsbrawl/index.html#2016,not_published,Individual file not published; consult problem_documents for shared-paper availability.
problem,5147,physicsbrawl,2016,,Problems,https://olimpicos.net/physicsbrawl/index.html#2016,not_published,Individual file not published; consult problem_documents for shared-paper availability.
problem,5148,physicsbrawl,2016,,Problems,https://olimpicos.net/physicsbrawl/index.html#2016,not_published,Individual file not published; consult problem_documents for shared-paper availability.
problem,5149,physicsbrawl,2016,,Problems,https://olimpicos.net/physicsbrawl/index.html#2016,not_published,Individual file not published; consult problem_documents for shared-paper availability.
problem,5150,physicsbrawl,2016,,Problems,https://olimpicos.net/physicsbrawl/index.html#2016,not_published,Individual file not published; consult problem_documents for shared-paper availability.
problem,5151,physicsbrawl,2016,,Problems,https://olimpicos.net/physicsbrawl/index.html#2016,not_published,Individual file not published; consult problem_documents for shared-paper availability.
problem,5152,physicsbrawl,2016,,Problems,https://olimpicos.net/physicsbrawl/index.html#2016,not_published,Individual file not published; consult problem_documents for shared-paper availability.
problem,5153,physicsbrawl,2016,,Problems,https://olimpicos.net/physicsbrawl/index.html#2016,not_published,Individual file not published; consult problem_documents for shared-paper availability.
problem,5154,physicsbrawl,2016,,Problems,https://olimpicos.net/physicsbrawl/index.html#2016,not_published,Individual file not published; consult problem_documents for shared-paper availability.
problem,5155,physicsbrawl,2016,,Problems,https://olimpicos.net/physicsbrawl/index.html#2016,not_published,Individual file not published; consult problem_documents for shared-paper availability.
problem,5156,physicsbrawl,2016,,Problems,https://olimpicos.net/physicsbrawl/index.html#2016,not_published,Individual file not published; consult problem_documents for shared-paper availability.
problem,5157,physicsbrawl,2016,,Problems,https://olimpicos.net/physicsbrawl/index.html#2016,not_published,Individual file not published; consult problem_documents for shared-paper availability.
problem,5158,physicsbrawl,2016,,Problems,https://olimpicos.net/physicsbrawl/index.html#2016,not_published,Individual file not published; consult problem_documents for shared-paper availability.
problem,5159,physicsbrawl,2016,,Problems,https://olimpicos.net/physicsbrawl/index.html#2016,not_published,Individual file not published; consult problem_documents for shared-paper availability.
problem,5160,physicsbrawl,2016,,Problems,https://olimpicos.net/physicsbrawl/index.html#2016,not_published,Individual file not published; consult problem_documents for shared-paper availability.
problem,5161,physicsbrawl,2016,,Problems,https://olimpicos.net/physicsbrawl/index.html#2016,not_published,Individual file not published; consult problem_documents for shared-paper availability.
problem,5162,physicsbrawl,2016,,Problems,https://olimpicos.net/physicsbrawl/index.html#2016,not_published,Individual file not published; consult problem_documents for shared-paper availability.
problem,5163,physicsbrawl,2016,,Problems,https://olimpicos.net/physicsbrawl/index.html#2016,not_published,Individual file not published; consult problem_documents for shared-paper availability.
problem,5164,physicsbrawl,2016,,Problems,https://olimpicos.net/physicsbrawl/index.html#2016,not_published,Individual file not published; consult problem_documents for shared-paper availability.
problem,5165,physicsbrawl,2015,,Problems,https://olimpicos.net/physicsbrawl/index.html#2015,not_published,Individual file not published; consult problem_documents for shared-paper availability.
problem,5166,physicsbrawl,2015,,Problems,https://olimpicos.net/physicsbrawl/index.html#2015,not_published,Individual file not published; consult problem_documents for shared-paper availability.
problem,5167,physicsbrawl,2015,,Problems,https://olimpicos.net/physicsbrawl/index.html#2015,not_published,Individual file not published; consult problem_documents for shared-paper availability.
problem,5168,physicsbrawl,2015,,Problems,https://olimpicos.net/physicsbrawl/index.html#2015,not_published,Individual file not published; consult problem_documents for shared-paper availability.
problem,5169,physicsbrawl,2015,,Problems,https://olimpicos.net/physicsbrawl/index.html#2015,not_published,Individual file not published; consult problem_documents for shared-paper availability.
problem,5170,physicsbrawl,2015,,Problems,https://olimpicos.net/physicsbrawl/index.html#2015,not_published,Individual file not published; consult problem_documents for shared-paper availability.
problem,5171,physicsbrawl,2015,,Problems,https://olimpicos.net/physicsbrawl/index.html#2015,not_published,Individual file not published; consult problem_documents for shared-paper availability.
problem,5172,physicsbrawl,2015,,Problems,https://olimpicos.net/physicsbrawl/index.html#2015,not_published,Individual file not published; consult problem_documents for shared-paper availability.
problem,5173,physicsbrawl,2015,,Problems,https://olimpicos.net/physicsbrawl/index.html#2015,not_published,Individual file not published; consult problem_documents for shared-paper availability.
problem,5174,physicsbrawl,2015,,Problems,https://olimpicos.net/physicsbrawl/index.html#2015,not_published,Individual file not published; consult problem_documents for shared-paper availability.
problem,5175,physicsbrawl,2015,,Problems,https://olimpicos.net/physicsbrawl/index.html#2015,not_published,Individual file not published; consult problem_documents for shared-paper availability.
problem,5176,physicsbrawl,2015,,Problems,https://olimpicos.net/physicsbrawl/index.html#2015,not_published,Individual file not published; consult problem_documents for shared-paper availability.
problem,5177,physicsbrawl,2015,,Problems,https://olimpicos.net/physicsbrawl/index.html#2015,not_published,Individual file not published; consult problem_documents for shared-paper availability.
problem,5178,physicsbrawl,2015,,Problems,https://olimpicos.net/physicsbrawl/index.html#2015,not_published,Individual file not published; consult problem_documents for shared-paper availability.
problem,5179,physicsbrawl,2015,,Problems,https://olimpicos.net/physicsbrawl/index.html#2015,not_published,Individual file not published; consult problem_documents for shared-paper availability.
problem,5180,physicsbrawl,2015,,Problems,https://olimpicos.net/physicsbrawl/index.html#2015,not_published,Individual file not published; consult problem_documents for shared-paper availability.
problem,5181,physicsbrawl,2015,,Problems,https://olimpicos.net/physicsbrawl/index.html#2015,not_published,Individual file not published; consult problem_documents for shared-paper availability.
problem,5182,physicsbrawl,2015,,Problems,https://olimpicos.net/physicsbrawl/index.html#2015,not_published,Individual file not published; consult problem_documents for shared-paper availability.
problem,5183,physicsbrawl,2015,,Problems,https://olimpicos.net/physicsbrawl/index.html#2015,not_published,Individual file not published; consult problem_documents for shared-paper availability.
problem,5184,physicsbrawl,2015,,Problems,https://olimpicos.net/physicsbrawl/index.html#2015,not_published,Individual file not published; consult problem_documents for shared-paper availability.
problem,5185,physicsbrawl,2015,,Problems,https://olimpicos.net/physicsbrawl/index.html#2015,not_published,Individual file not published; consult problem_documents for shared-paper availability.
problem,5186,physicsbrawl,2015,,Problems,https://olimpicos.net/physicsbrawl/index.html#2015,not_published,Individual file not published; consult problem_documents for shared-paper availability.
problem,5187,physicsbrawl,2015,,Problems,https://olimpicos.net/physicsbrawl/index.html#2015,not_published,Individual file not published; consult problem_documents for shared-paper availability.
problem,5188,physicsbrawl,2015,,Problems,https://olimpicos.net/physicsbrawl/index.html#2015,not_published,Individual file not published; consult problem_documents for shared-paper availability.
problem,5189,physicsbrawl,2015,,Problems,https://olimpicos.net/physicsbrawl/index.html#2015,not_published,Individual file not published; consult problem_documents for shared-paper availability.
problem,5190,physicsbrawl,2015,,Problems,https://olimpicos.net/physicsbrawl/index.html#2015,not_published,Individual file not published; consult problem_documents for shared-paper availability.
problem,5191,physicsbrawl,2015,,Problems,https://olimpicos.net/physicsbrawl/index.html#2015,not_published,Individual file not published; consult problem_documents for shared-paper availability.
problem,5192,physicsbrawl,2015,,Problems,https://olimpicos.net/physicsbrawl/index.html#2015,not_published,Individual file not published; consult problem_documents for shared-paper availability.
problem,5193,physicsbrawl,2015,,Problems,https://olimpicos.net/physicsbrawl/index.html#2015,not_published,Individual file not published; consult problem_documents for shared-paper availability.
problem,5194,physicsbrawl,2015,,Problems,https://olimpicos.net/physicsbrawl/index.html#2015,not_published,Individual file not published; consult problem_documents for shared-paper availability.
problem,5195,physicsbrawl,2015,,Problems,https://olimpicos.net/physicsbrawl/index.html#2015,not_published,Individual file not published; consult problem_documents for shared-paper availability.
problem,5196,physicsbrawl,2015,,Problems,https://olimpicos.net/physicsbrawl/index.html#2015,not_published,Individual file not published; consult problem_documents for shared-paper availability.
problem,5197,physicsbrawl,2015,,Problems,https://olimpicos.net/physicsbrawl/index.html#2015,not_published,Individual file not published; consult problem_documents for shared-paper availability.
problem,5198,physicsbrawl,2015,,Problems,https://olimpicos.net/physicsbrawl/index.html#2015,not_published,Individual file not published; consult problem_documents for shared-paper availability.
problem,5199,physicsbrawl,2015,,Problems,https://olimpicos.net/physicsbrawl/index.html#2015,not_published,Individual file not published; consult problem_documents for shared-paper availability.
problem,5200,physicsbrawl,2015,,Problems,https://olimpicos.net/physicsbrawl/index.html#2015,not_published,Individual file not published; consult problem_documents for shared-paper availability.
problem,5201,physicsbrawl,2015,,Problems,https://olimpicos.net/physicsbrawl/index.html#2015,not_published,Individual file not published; consult problem_documents for shared-paper availability.
problem,5202,physicsbrawl,2015,,Problems,https://olimpicos.net/physicsbrawl/index.html#2015,not_published,Individual file not published; consult problem_documents for shared-paper availability.
problem,5203,physicsbrawl,2015,,Problems,https://olimpicos.net/physicsbrawl/index.html#2015,not_published,Individual file not published; consult problem_documents for shared-paper availability.
problem,5204,physicsbrawl,2015,,Problems,https://olimpicos.net/physicsbrawl/index.html#2015,not_published,Individual file not published; consult problem_documents for shared-paper availability.
problem,5205,physicsbrawl,2015,,Problems,https://olimpicos.net/physicsbrawl/index.html#2015,not_published,Individual file not published; consult problem_documents for shared-paper availability.
problem,5206,physicsbrawl,2015,,Problems,https://olimpicos.net/physicsbrawl/index.html#2015,not_published,Individual file not published; consult problem_documents for shared-paper availability.
problem,5207,physicsbrawl,2015,,Problems,https://olimpicos.net/physicsbrawl/index.html#2015,not_published,Individual file not published; consult problem_documents for shared-paper availability.
problem,5208,physicsbrawl,2015,,Problems,https://olimpicos.net/physicsbrawl/index.html#2015,not_published,Individual file not published; consult problem_documents for shared-paper availability.
problem,5209,physicsbrawl,2015,,Problems,https://olimpicos.net/physicsbrawl/index.html#2015,not_published,Individual file not published; consult problem_documents for shared-paper availability.
problem,5210,physicsbrawl,2015,,Problems,https://olimpicos.net/physicsbrawl/index.html#2015,not_published,Individual file not published; consult problem_documents for shared-paper availability.
problem,5211,physicsbrawl,2015,,Problems,https://olimpicos.net/physicsbrawl/index.html#2015,not_published,Individual file not published; consult problem_documents for shared-paper availability.
problem,5212,physicsbrawl,2015,,Problems,https://olimpicos.net/physicsbrawl/index.html#2015,not_published,Individual file not published; consult problem_documents for shared-paper availability.
problem,5213,physicsbrawl,2015,,Problems,https://olimpicos.net/physicsbrawl/index.html#2015,not_published,Individual file not published; consult problem_documents for shared-paper availability.
problem,5214,physicsbrawl,2015,,Problems,https://olimpicos.net/physicsbrawl/index.html#2015,not_published,Individual file not published; consult problem_documents for shared-paper availability.
problem,5215,physicsbrawl,2015,,Problems,https://olimpicos.net/physicsbrawl/index.html#2015,not_published,Individual file not published; consult problem_documents for shared-paper availability.
problem,5216,physicsbrawl,2015,,Problems,https://olimpicos.net/physicsbrawl/index.html#2015,not_published,Individual file not published; consult problem_documents for shared-paper availability.
problem,5217,physicsbrawl,2015,,Problems,https://olimpicos.net/physicsbrawl/index.html#2015,not_published,Individual file not published; consult problem_documents for shared-paper availability.
problem,5218,physicsbrawl,2015,,Problems,https://olimpicos.net/physicsbrawl/index.html#2015,not_published,Individual file not published; consult problem_documents for shared-paper availability.
problem,5219,physicsbrawl,2015,,Problems,https://olimpicos.net/physicsbrawl/index.html#2015,not_published,Individual file not published; consult problem_documents for shared-paper availability.
problem,5220,physicsbrawl,2015,,Problems,https://olimpicos.net/physicsbrawl/index.html#2015,not_published,Individual file not published; consult problem_documents for shared-paper availability.
problem,5221,physicsbrawl,2015,,Problems,https://olimpicos.net/physicsbrawl/index.html#2015,not_published,Individual file not published; consult problem_documents for shared-paper availability.
problem,5222,physicsbrawl,2015,,Problems,https://olimpicos.net/physicsbrawl/index.html#2015,not_published,Individual file not published; consult problem_documents for shared-paper availability.
problem,5223,physicsbrawl,2015,,Problems,https://olimpicos.net/physicsbrawl/index.html#2015,not_published,Individual file not published; consult problem_documents for shared-paper availability.
problem,5224,physicsbrawl,2015,,Problems,https://olimpicos.net/physicsbrawl/index.html#2015,not_published,Individual file not published; consult problem_documents for shared-paper availability.
problem,5225,physicsbrawl,2015,,Problems,https://olimpicos.net/physicsbrawl/index.html#2015,not_published,Individual file not published; consult problem_documents for shared-paper availability.
problem,5226,physicsbrawl,2015,,Problems,https://olimpicos.net/physicsbrawl/index.html#2015,not_published,Individual file not published; consult problem_documents for shared-paper availability.
problem,5227,physicsbrawl,2014,,Problems,https://olimpicos.net/physicsbrawl/index.html#2014,not_published,Individual file not published; consult problem_documents for shared-paper availability.
problem,5228,physicsbrawl,2014,,Problems,https://olimpicos.net/physicsbrawl/index.html#2014,not_published,Individual file not published; consult problem_documents for shared-paper availability.
problem,5229,physicsbrawl,2014,,Problems,https://olimpicos.net/physicsbrawl/index.html#2014,not_published,Individual file not published; consult problem_documents for shared-paper availability.
problem,5230,physicsbrawl,2014,,Problems,https://olimpicos.net/physicsbrawl/index.html#2014,not_published,Individual file not published; consult problem_documents for shared-paper availability.
problem,5231,physicsbrawl,2014,,Problems,https://olimpicos.net/physicsbrawl/index.html#2014,not_published,Individual file not published; consult problem_documents for shared-paper availability.
problem,5232,physicsbrawl,2014,,Problems,https://olimpicos.net/physicsbrawl/index.html#2014,not_published,Individual file not published; consult problem_documents for shared-paper availability.
problem,5233,physicsbrawl,2014,,Problems,https://olimpicos.net/physicsbrawl/index.html#2014,not_published,Individual file not published; consult problem_documents for shared-paper availability.
problem,5234,physicsbrawl,2014,,Problems,https://olimpicos.net/physicsbrawl/index.html#2014,not_published,Individual file not published; consult problem_documents for shared-paper availability.
problem,5235,physicsbrawl,2014,,Problems,https://olimpicos.net/physicsbrawl/index.html#2014,not_published,Individual file not published; consult problem_documents for shared-paper availability.
problem,5236,physicsbrawl,2014,,Problems,https://olimpicos.net/physicsbrawl/index.html#2014,not_published,Individual file not published; consult problem_documents for shared-paper availability.
problem,5237,physicsbrawl,2014,,Problems,https://olimpicos.net/physicsbrawl/index.html#2014,not_published,Individual file not published; consult problem_documents for shared-paper availability.
problem,5238,physicsbrawl,2014,,Problems,https://olimpicos.net/physicsbrawl/index.html#2014,not_published,Individual file not published; consult problem_documents for shared-paper availability.
problem,5239,physicsbrawl,2014,,Problems,https://olimpicos.net/physicsbrawl/index.html#2014,not_published,Individual file not published; consult problem_documents for shared-paper availability.
problem,5240,physicsbrawl,2014,,Problems,https://olimpicos.net/physicsbrawl/index.html#2014,not_published,Individual file not published; consult problem_documents for shared-paper availability.
problem,5241,physicsbrawl,2014,,Problems,https://olimpicos.net/physicsbrawl/index.html#2014,not_published,Individual file not published; consult problem_documents for shared-paper availability.
problem,5242,physicsbrawl,2014,,Problems,https://olimpicos.net/physicsbrawl/index.html#2014,not_published,Individual file not published; consult problem_documents for shared-paper availability.
problem,5243,physicsbrawl,2014,,Problems,https://olimpicos.net/physicsbrawl/index.html#2014,not_published,Individual file not published; consult problem_documents for shared-paper availability.
problem,5244,physicsbrawl,2014,,Problems,https://olimpicos.net/physicsbrawl/index.html#2014,not_published,Individual file not published; consult problem_documents for shared-paper availability.
problem,5245,physicsbrawl,2014,,Problems,https://olimpicos.net/physicsbrawl/index.html#2014,not_published,Individual file not published; consult problem_documents for shared-paper availability.
problem,5246,physicsbrawl,2014,,Problems,https://olimpicos.net/physicsbrawl/index.html#2014,not_published,Individual file not published; consult problem_documents for shared-paper availability.
problem,5247,physicsbrawl,2014,,Problems,https://olimpicos.net/physicsbrawl/index.html#2014,not_published,Individual file not published; consult problem_documents for shared-paper availability.
problem,5248,physicsbrawl,2014,,Problems,https://olimpicos.net/physicsbrawl/index.html#2014,not_published,Individual file not published; consult problem_documents for shared-paper availability.
problem,5249,physicsbrawl,2014,,Problems,https://olimpicos.net/physicsbrawl/index.html#2014,not_published,Individual file not published; consult problem_documents for shared-paper availability.
problem,5250,physicsbrawl,2014,,Problems,https://olimpicos.net/physicsbrawl/index.html#2014,not_published,Individual file not published; consult problem_documents for shared-paper availability.
problem,5251,physicsbrawl,2014,,Problems,https://olimpicos.net/physicsbrawl/index.html#2014,not_published,Individual file not published; consult problem_documents for shared-paper availability.
problem,5252,physicsbrawl,2014,,Problems,https://olimpicos.net/physicsbrawl/index.html#2014,not_published,Individual file not published; consult problem_documents for shared-paper availability.
problem,5253,physicsbrawl,2014,,Problems,https://olimpicos.net/physicsbrawl/index.html#2014,not_published,Individual file not published; consult problem_documents for shared-paper availability.
problem,5254,physicsbrawl,2014,,Problems,https://olimpicos.net/physicsbrawl/index.html#2014,not_published,Individual file not published; consult problem_documents for shared-paper availability.
problem,5255,physicsbrawl,2014,,Problems,https://olimpicos.net/physicsbrawl/index.html#2014,not_published,Individual file not published; consult problem_documents for shared-paper availability.
problem,5256,physicsbrawl,2014,,Problems,https://olimpicos.net/physicsbrawl/index.html#2014,not_published,Individual file not published; consult problem_documents for shared-paper availability.
problem,5257,physicsbrawl,2014,,Problems,https://olimpicos.net/physicsbrawl/index.html#2014,not_published,Individual file not published; consult problem_documents for shared-paper availability.
problem,5258,physicsbrawl,2014,,Problems,https://olimpicos.net/physicsbrawl/index.html#2014,not_published,Individual file not published; consult problem_documents for shared-paper availability.
problem,5259,physicsbrawl,2014,,Problems,https://olimpicos.net/physicsbrawl/index.html#2014,not_published,Individual file not published; consult problem_documents for shared-paper availability.
problem,5260,physicsbrawl,2014,,Problems,https://olimpicos.net/physicsbrawl/index.html#2014,not_published,Individual file not published; consult problem_documents for shared-paper availability.
problem,5261,physicsbrawl,2014,,Problems,https://olimpicos.net/physicsbrawl/index.html#2014,not_published,Individual file not published; consult problem_documents for shared-paper availability.
problem,5262,physicsbrawl,2014,,Problems,https://olimpicos.net/physicsbrawl/index.html#2014,not_published,Individual file not published; consult problem_documents for shared-paper availability.
problem,5263,physicsbrawl,2014,,Problems,https://olimpicos.net/physicsbrawl/index.html#2014,not_published,Individual file not published; consult problem_documents for shared-paper availability.
problem,5264,physicsbrawl,2014,,Problems,https://olimpicos.net/physicsbrawl/index.html#2014,not_published,Individual file not published; consult problem_documents for shared-paper availability.
problem,5265,physicsbrawl,2014,,Problems,https://olimpicos.net/physicsbrawl/index.html#2014,not_published,Individual file not published; consult problem_documents for shared-paper availability.
problem,5266,physicsbrawl,2014,,Problems,https://olimpicos.net/physicsbrawl/index.html#2014,not_published,Individual file not published; consult problem_documents for shared-paper availability.
problem,5267,physicsbrawl,2014,,Problems,https://olimpicos.net/physicsbrawl/index.html#2014,not_published,Individual file not published; consult problem_documents for shared-paper availability.
problem,5268,physicsbrawl,2014,,Problems,https://olimpicos.net/physicsbrawl/index.html#2014,not_published,Individual file not published; consult problem_documents for shared-paper availability.
problem,5269,physicsbrawl,2014,,Problems,https://olimpicos.net/physicsbrawl/index.html#2014,not_published,Individual file not published; consult problem_documents for shared-paper availability.
problem,5270,physicsbrawl,2014,,Problems,https://olimpicos.net/physicsbrawl/index.html#2014,not_published,Individual file not published; consult problem_documents for shared-paper availability.
problem,5271,physicsbrawl,2014,,Problems,https://olimpicos.net/physicsbrawl/index.html#2014,not_published,Individual file not published; consult problem_documents for shared-paper availability.
problem,5272,physicsbrawl,2014,,Problems,https://olimpicos.net/physicsbrawl/index.html#2014,not_published,Individual file not published; consult problem_documents for shared-paper availability.
problem,5273,physicsbrawl,2014,,Problems,https://olimpicos.net/physicsbrawl/index.html#2014,not_published,Individual file not published; consult problem_documents for shared-paper availability.
problem,5274,physicsbrawl,2014,,Problems,https://olimpicos.net/physicsbrawl/index.html#2014,not_published,Individual file not published; consult problem_documents for shared-paper availability.
problem,5275,physicsbrawl,2014,,Problems,https://olimpicos.net/physicsbrawl/index.html#2014,not_published,Individual file not published; consult problem_documents for shared-paper availability.
problem,5276,physicsbrawl,2014,,Problems,https://olimpicos.net/physicsbrawl/index.html#2014,not_published,Individual file not published; consult problem_documents for shared-paper availability.
problem,5277,physicsbrawl,2014,,Problems,https://olimpicos.net/physicsbrawl/index.html#2014,not_published,Individual file not published; consult problem_documents for shared-paper availability.
problem,5278,physicsbrawl,2014,,Problems,https://olimpicos.net/physicsbrawl/index.html#2014,not_published,Individual file not published; consult problem_documents for shared-paper availability.
problem,5279,physicsbrawl,2014,,Problems,https://olimpicos.net/physicsbrawl/index.html#2014,not_published,Individual file not published; consult problem_documents for shared-paper availability.
problem,5280,physicsbrawl,2014,,Problems,https://olimpicos.net/physicsbrawl/index.html#2014,not_published,Individual file not published; consult problem_documents for shared-paper availability.
problem,5281,physicsbrawl,2013,,Problems,https://olimpicos.net/physicsbrawl/index.html#2013,not_published,Individual file not published; consult problem_documents for shared-paper availability.
problem,5282,physicsbrawl,2013,,Problems,https://olimpicos.net/physicsbrawl/index.html#2013,not_published,Individual file not published; consult problem_documents for shared-paper availability.
problem,5283,physicsbrawl,2013,,Problems,https://olimpicos.net/physicsbrawl/index.html#2013,not_published,Individual file not published; consult problem_documents for shared-paper availability.
problem,5284,physicsbrawl,2013,,Problems,https://olimpicos.net/physicsbrawl/index.html#2013,not_published,Individual file not published; consult problem_documents for shared-paper availability.
problem,5285,physicsbrawl,2013,,Problems,https://olimpicos.net/physicsbrawl/index.html#2013,not_published,Individual file not published; consult problem_documents for shared-paper availability.
problem,5286,physicsbrawl,2013,,Problems,https://olimpicos.net/physicsbrawl/index.html#2013,not_published,Individual file not published; consult problem_documents for shared-paper availability.
problem,5287,physicsbrawl,2013,,Problems,https://olimpicos.net/physicsbrawl/index.html#2013,not_published,Individual file not published; consult problem_documents for shared-paper availability.
problem,5288,physicsbrawl,2013,,Problems,https://olimpicos.net/physicsbrawl/index.html#2013,not_published,Individual file not published; consult problem_documents for shared-paper availability.
problem,5289,physicsbrawl,2013,,Problems,https://olimpicos.net/physicsbrawl/index.html#2013,not_published,Individual file not published; consult problem_documents for shared-paper availability.
problem,5290,physicsbrawl,2013,,Problems,https://olimpicos.net/physicsbrawl/index.html#2013,not_published,Individual file not published; consult problem_documents for shared-paper availability.
problem,5291,physicsbrawl,2013,,Problems,https://olimpicos.net/physicsbrawl/index.html#2013,not_published,Individual file not published; consult problem_documents for shared-paper availability.
problem,5292,physicsbrawl,2013,,Problems,https://olimpicos.net/physicsbrawl/index.html#2013,not_published,Individual file not published; consult problem_documents for shared-paper availability.
problem,5293,physicsbrawl,2013,,Problems,https://olimpicos.net/physicsbrawl/index.html#2013,not_published,Individual file not published; consult problem_documents for shared-paper availability.
problem,5294,physicsbrawl,2013,,Problems,https://olimpicos.net/physicsbrawl/index.html#2013,not_published,Individual file not published; consult problem_documents for shared-paper availability.
problem,5295,physicsbrawl,2013,,Problems,https://olimpicos.net/physicsbrawl/index.html#2013,not_published,Individual file not published; consult problem_documents for shared-paper availability.
problem,5296,physicsbrawl,2013,,Problems,https://olimpicos.net/physicsbrawl/index.html#2013,not_published,Individual file not published; consult problem_documents for shared-paper availability.
problem,5297,physicsbrawl,2013,,Problems,https://olimpicos.net/physicsbrawl/index.html#2013,not_published,Individual file not published; consult problem_documents for shared-paper availability.
problem,5298,physicsbrawl,2013,,Problems,https://olimpicos.net/physicsbrawl/index.html#2013,not_published,Individual file not published; consult problem_documents for shared-paper availability.
problem,5299,physicsbrawl,2013,,Problems,https://olimpicos.net/physicsbrawl/index.html#2013,not_published,Individual file not published; consult problem_documents for shared-paper availability.
problem,5300,physicsbrawl,2013,,Problems,https://olimpicos.net/physicsbrawl/index.html#2013,not_published,Individual file not published; consult problem_documents for shared-paper availability.
problem,5301,physicsbrawl,2013,,Problems,https://olimpicos.net/physicsbrawl/index.html#2013,not_published,Individual file not published; consult problem_documents for shared-paper availability.
problem,5302,physicsbrawl,2013,,Problems,https://olimpicos.net/physicsbrawl/index.html#2013,not_published,Individual file not published; consult problem_documents for shared-paper availability.
problem,5303,physicsbrawl,2013,,Problems,https://olimpicos.net/physicsbrawl/index.html#2013,not_published,Individual file not published; consult problem_documents for shared-paper availability.
problem,5304,physicsbrawl,2013,,Problems,https://olimpicos.net/physicsbrawl/index.html#2013,not_published,Individual file not published; consult problem_documents for shared-paper availability.
problem,5305,physicsbrawl,2013,,Problems,https://olimpicos.net/physicsbrawl/index.html#2013,not_published,Individual file not published; consult problem_documents for shared-paper availability.
problem,5306,physicsbrawl,2013,,Problems,https://olimpicos.net/physicsbrawl/index.html#2013,not_published,Individual file not published; consult problem_documents for shared-paper availability.
problem,5307,physicsbrawl,2013,,Problems,https://olimpicos.net/physicsbrawl/index.html#2013,not_published,Individual file not published; consult problem_documents for shared-paper availability.
problem,5308,physicsbrawl,2013,,Problems,https://olimpicos.net/physicsbrawl/index.html#2013,not_published,Individual file not published; consult problem_documents for shared-paper availability.
problem,5309,physicsbrawl,2013,,Problems,https://olimpicos.net/physicsbrawl/index.html#2013,not_published,Individual file not published; consult problem_documents for shared-paper availability.
problem,5310,physicsbrawl,2013,,Problems,https://olimpicos.net/physicsbrawl/index.html#2013,not_published,Individual file not published; consult problem_documents for shared-paper availability.
problem,5311,physicsbrawl,2013,,Problems,https://olimpicos.net/physicsbrawl/index.html#2013,not_published,Individual file not published; consult problem_documents for shared-paper availability.
problem,5312,physicsbrawl,2013,,Problems,https://olimpicos.net/physicsbrawl/index.html#2013,not_published,Individual file not published; consult problem_documents for shared-paper availability.
problem,5313,physicsbrawl,2013,,Problems,https://olimpicos.net/physicsbrawl/index.html#2013,not_published,Individual file not published; consult problem_documents for shared-paper availability.
problem,5314,physicsbrawl,2013,,Problems,https://olimpicos.net/physicsbrawl/index.html#2013,not_published,Individual file not published; consult problem_documents for shared-paper availability.
problem,5315,physicsbrawl,2013,,Problems,https://olimpicos.net/physicsbrawl/index.html#2013,not_published,Individual file not published; consult problem_documents for shared-paper availability.
problem,5316,physicsbrawl,2013,,Problems,https://olimpicos.net/physicsbrawl/index.html#2013,not_published,Individual file not published; consult problem_documents for shared-paper availability.
problem,5317,physicsbrawl,2013,,Problems,https://olimpicos.net/physicsbrawl/index.html#2013,not_published,Individual file not published; consult problem_documents for shared-paper availability.
problem,5318,physicsbrawl,2013,,Problems,https://olimpicos.net/physicsbrawl/index.html#2013,not_published,Individual file not published; consult problem_documents for shared-paper availability.
problem,5319,physicsbrawl,2013,,Problems,https://olimpicos.net/physicsbrawl/index.html#2013,not_published,Individual file not published; consult problem_documents for shared-paper availability.
problem,5320,physicsbrawl,2013,,Problems,https://olimpicos.net/physicsbrawl/index.html#2013,not_published,Individual file not published; consult problem_documents for shared-paper availability.
problem,5321,physicsbrawl,2013,,Problems,https://olimpicos.net/physicsbrawl/index.html#2013,not_published,Individual file not published; consult problem_documents for shared-paper availability.
problem,5322,physicsbrawl,2013,,Problems,https://olimpicos.net/physicsbrawl/index.html#2013,not_published,Individual file not published; consult problem_documents for shared-paper availability.
problem,5323,physicsbrawl,2013,,Problems,https://olimpicos.net/physicsbrawl/index.html#2013,not_published,Individual file not published; consult problem_documents for shared-paper availability.
problem,5324,physicsbrawl,2013,,Problems,https://olimpicos.net/physicsbrawl/index.html#2013,not_published,Individual file not published; consult problem_documents for shared-paper availability.
problem,5325,physicsbrawl,2013,,Problems,https://olimpicos.net/physicsbrawl/index.html#2013,not_published,Individual file not published; consult problem_documents for shared-paper availability.
problem,5326,physicsbrawl,2013,,Problems,https://olimpicos.net/physicsbrawl/index.html#2013,not_published,Individual file not published; consult problem_documents for shared-paper availability.
problem,5327,physicsbrawl,2013,,Problems,https://olimpicos.net/physicsbrawl/index.html#2013,not_published,Individual file not published; consult problem_documents for shared-paper availability.
problem,5328,physicsbrawl,2013,,Problems,https://olimpicos.net/physicsbrawl/index.html#2013,not_published,Individual file not published; consult problem_documents for shared-paper availability.
problem,5329,physicsbrawl,2013,,Problems,https://olimpicos.net/physicsbrawl/index.html#2013,not_published,Individual file not published; consult problem_documents for shared-paper availability.
problem,5330,physicsbrawl,2012,,Problems,https://olimpicos.net/physicsbrawl/index.html#2012,not_published,Individual file not published; consult problem_documents for shared-paper availability.
problem,5331,physicsbrawl,2012,,Problems,https://olimpicos.net/physicsbrawl/index.html#2012,not_published,Individual file not published; consult problem_documents for shared-paper availability.
problem,5332,physicsbrawl,2012,,Problems,https://olimpicos.net/physicsbrawl/index.html#2012,not_published,Individual file not published; consult problem_documents for shared-paper availability.
problem,5333,physicsbrawl,2012,,Problems,https://olimpicos.net/physicsbrawl/index.html#2012,not_published,Individual file not published; consult problem_documents for shared-paper availability.
problem,5334,physicsbrawl,2012,,Problems,https://olimpicos.net/physicsbrawl/index.html#2012,not_published,Individual file not published; consult problem_documents for shared-paper availability.
problem,5335,physicsbrawl,2012,,Problems,https://olimpicos.net/physicsbrawl/index.html#2012,not_published,Individual file not published; consult problem_documents for shared-paper availability.
problem,5336,physicsbrawl,2012,,Problems,https://olimpicos.net/physicsbrawl/index.html#2012,not_published,Individual file not published; consult problem_documents for shared-paper availability.
problem,5337,physicsbrawl,2012,,Problems,https://olimpicos.net/physicsbrawl/index.html#2012,not_published,Individual file not published; consult problem_documents for shared-paper availability.
problem,5338,physicsbrawl,2012,,Problems,https://olimpicos.net/physicsbrawl/index.html#2012,not_published,Individual file not published; consult problem_documents for shared-paper availability.
problem,5339,physicsbrawl,2012,,Problems,https://olimpicos.net/physicsbrawl/index.html#2012,not_published,Individual file not published; consult problem_documents for shared-paper availability.
problem,5340,physicsbrawl,2012,,Problems,https://olimpicos.net/physicsbrawl/index.html#2012,not_published,Individual file not published; consult problem_documents for shared-paper availability.
problem,5341,physicsbrawl,2012,,Problems,https://olimpicos.net/physicsbrawl/index.html#2012,not_published,Individual file not published; consult problem_documents for shared-paper availability.
problem,5342,physicsbrawl,2012,,Problems,https://olimpicos.net/physicsbrawl/index.html#2012,not_published,Individual file not published; consult problem_documents for shared-paper availability.
problem,5343,physicsbrawl,2012,,Problems,https://olimpicos.net/physicsbrawl/index.html#2012,not_published,Individual file not published; consult problem_documents for shared-paper availability.
problem,5344,physicsbrawl,2012,,Problems,https://olimpicos.net/physicsbrawl/index.html#2012,not_published,Individual file not published; consult problem_documents for shared-paper availability.
problem,5345,physicsbrawl,2012,,Problems,https://olimpicos.net/physicsbrawl/index.html#2012,not_published,Individual file not published; consult problem_documents for shared-paper availability.
problem,5346,physicsbrawl,2012,,Problems,https://olimpicos.net/physicsbrawl/index.html#2012,not_published,Individual file not published; consult problem_documents for shared-paper availability.
problem,5347,physicsbrawl,2012,,Problems,https://olimpicos.net/physicsbrawl/index.html#2012,not_published,Individual file not published; consult problem_documents for shared-paper availability.
problem,5348,physicsbrawl,2012,,Problems,https://olimpicos.net/physicsbrawl/index.html#2012,not_published,Individual file not published; consult problem_documents for shared-paper availability.
problem,5349,physicsbrawl,2012,,Problems,https://olimpicos.net/physicsbrawl/index.html#2012,not_published,Individual file not published; consult problem_documents for shared-paper availability.
problem,5350,physicsbrawl,2012,,Problems,https://olimpicos.net/physicsbrawl/index.html#2012,not_published,Individual file not published; consult problem_documents for shared-paper availability.
problem,5351,physicsbrawl,2012,,Problems,https://olimpicos.net/physicsbrawl/index.html#2012,not_published,Individual file not published; consult problem_documents for shared-paper availability.
problem,5352,physicsbrawl,2012,,Problems,https://olimpicos.net/physicsbrawl/index.html#2012,not_published,Individual file not published; consult problem_documents for shared-paper availability.
problem,5353,physicsbrawl,2012,,Problems,https://olimpicos.net/physicsbrawl/index.html#2012,not_published,Individual file not published; consult problem_documents for shared-paper availability.
problem,5354,physicsbrawl,2012,,Problems,https://olimpicos.net/physicsbrawl/index.html#2012,not_published,Individual file not published; consult problem_documents for shared-paper availability.
problem,5355,physicsbrawl,2012,,Problems,https://olimpicos.net/physicsbrawl/index.html#2012,not_published,Individual file not published; consult problem_documents for shared-paper availability.
problem,5356,physicsbrawl,2012,,Problems,https://olimpicos.net/physicsbrawl/index.html#2012,not_published,Individual file not published; consult problem_documents for shared-paper availability.
problem,5357,physicsbrawl,2012,,Problems,https://olimpicos.net/physicsbrawl/index.html#2012,not_published,Individual file not published; consult problem_documents for shared-paper availability.
problem,5358,physicsbrawl,2012,,Problems,https://olimpicos.net/physicsbrawl/index.html#2012,not_published,Individual file not published; consult problem_documents for shared-paper availability.
problem,5359,physicsbrawl,2012,,Problems,https://olimpicos.net/physicsbrawl/index.html#2012,not_published,Individual file not published; consult problem_documents for shared-paper availability.
problem,5360,physicsbrawl,2012,,Problems,https://olimpicos.net/physicsbrawl/index.html#2012,not_published,Individual file not published; consult problem_documents for shared-paper availability.
problem,5361,physicsbrawl,2012,,Problems,https://olimpicos.net/physicsbrawl/index.html#2012,not_published,Individual file not published; consult problem_documents for shared-paper availability.
problem,5362,physicsbrawl,2012,,Problems,https://olimpicos.net/physicsbrawl/index.html#2012,not_published,Individual file not published; consult problem_documents for shared-paper availability.
problem,5363,physicsbrawl,2012,,Problems,https://olimpicos.net/physicsbrawl/index.html#2012,not_published,Individual file not published; consult problem_documents for shared-paper availability.
problem,5364,physicsbrawl,2012,,Problems,https://olimpicos.net/physicsbrawl/index.html#2012,not_published,Individual file not published; consult problem_documents for shared-paper availability.
problem,5365,physicsbrawl,2012,,Problems,https://olimpicos.net/physicsbrawl/index.html#2012,not_published,Individual file not published; consult problem_documents for shared-paper availability.
problem,5366,physicsbrawl,2012,,Problems,https://olimpicos.net/physicsbrawl/index.html#2012,not_published,Individual file not published; consult problem_documents for shared-paper availability.
problem,5367,physicsbrawl,2012,,Problems,https://olimpicos.net/physicsbrawl/index.html#2012,not_published,Individual file not published; consult problem_documents for shared-paper availability.
problem,5368,physicsbrawl,2012,,Problems,https://olimpicos.net/physicsbrawl/index.html#2012,not_published,Individual file not published; consult problem_documents for shared-paper availability.
problem,5369,physicsbrawl,2012,,Problems,https://olimpicos.net/physicsbrawl/index.html#2012,not_published,Individual file not published; consult problem_documents for shared-paper availability.
problem,5370,physicsbrawl,2012,,Problems,https://olimpicos.net/physicsbrawl/index.html#2012,not_published,Individual file not published; consult problem_documents for shared-paper availability.
problem,5371,physicsbrawl,2012,,Problems,https://olimpicos.net/physicsbrawl/index.html#2012,not_published,Individual file not published; consult problem_documents for shared-paper availability.
problem,5372,physicsbrawl,2012,,Problems,https://olimpicos.net/physicsbrawl/index.html#2012,not_published,Individual file not published; consult problem_documents for shared-paper availability.
problem,5373,physicsbrawl,2012,,Problems,https://olimpicos.net/physicsbrawl/index.html#2012,not_published,Individual file not published; consult problem_documents for shared-paper availability.
problem,5374,ortvay,2026,,Problems,https://olimpicos.net/ortvay/index.html#2026,not_published,Individual file not published; consult problem_documents for shared-paper availability.
problem,5375,ortvay,2026,,Problems,https://olimpicos.net/ortvay/index.html#2026,not_published,Individual file not published; consult problem_documents for shared-paper availability.
problem,5376,ortvay,2026,,Problems,https://olimpicos.net/ortvay/index.html#2026,not_published,Individual file not published; consult problem_documents for shared-paper availability.
problem,5377,ortvay,2026,,Problems,https://olimpicos.net/ortvay/index.html#2026,not_published,Individual file not published; consult problem_documents for shared-paper availability.
problem,5378,ortvay,2026,,Problems,https://olimpicos.net/ortvay/index.html#2026,not_published,Individual file not published; consult problem_documents for shared-paper availability.
problem,5379,ortvay,2026,,Problems,https://olimpicos.net/ortvay/index.html#2026,not_published,Individual file not published; consult problem_documents for shared-paper availability.
problem,5380,ortvay,2026,,Problems,https://olimpicos.net/ortvay/index.html#2026,not_published,Individual file not published; consult problem_documents for shared-paper availability.
problem,5381,ortvay,2026,,Problems,https://olimpicos.net/ortvay/index.html#2026,not_published,Individual file not published; consult problem_documents for shared-paper availability.
problem,5382,ortvay,2026,,Problems,https://olimpicos.net/ortvay/index.html#2026,not_published,Individual file not published; consult problem_documents for shared-paper availability.
problem,5383,ortvay,2026,,Problems,https://olimpicos.net/ortvay/index.html#2026,not_published,Individual file not published; consult problem_documents for shared-paper availability.
problem,5384,ortvay,2026,,Problems,https://olimpicos.net/ortvay/index.html#2026,not_published,Individual file not published; consult problem_documents for shared-paper availability.
problem,5385,ortvay,2026,,Problems,https://olimpicos.net/ortvay/index.html#2026,not_published,Individual file not published; consult problem_documents for shared-paper availability.
problem,5386,ortvay,2026,,Problems,https://olimpicos.net/ortvay/index.html#2026,not_published,Individual file not published; consult problem_documents for shared-paper availability.
problem,5387,ortvay,2026,,Problems,https://olimpicos.net/ortvay/index.html#2026,not_published,Individual file not published; consult problem_documents for shared-paper availability.
problem,5388,ortvay,2026,,Problems,https://olimpicos.net/ortvay/index.html#2026,not_published,Individual file not published; consult problem_documents for shared-paper availability.
problem,5389,ortvay,2026,,Problems,https://olimpicos.net/ortvay/index.html#2026,not_published,Individual file not published; consult problem_documents for shared-paper availability.
problem,5390,ortvay,2026,,Problems,https://olimpicos.net/ortvay/index.html#2026,not_published,Individual file not published; consult problem_documents for shared-paper availability.
problem,5391,ortvay,2026,,Problems,https://olimpicos.net/ortvay/index.html#2026,not_published,Individual file not published; consult problem_documents for shared-paper availability.
problem,5392,ortvay,2026,,Problems,https://olimpicos.net/ortvay/index.html#2026,not_published,Individual file not published; consult problem_documents for shared-paper availability.
problem,5393,ortvay,2026,,Problems,https://olimpicos.net/ortvay/index.html#2026,not_published,Individual file not published; consult problem_documents for shared-paper availability.
problem,5394,ortvay,2026,,Problems,https://olimpicos.net/ortvay/index.html#2026,not_published,Individual file not published; consult problem_documents for shared-paper availability.
problem,5395,ortvay,2026,,Problems,https://olimpicos.net/ortvay/index.html#2026,not_published,Individual file not published; consult problem_documents for shared-paper availability.
problem,5396,ortvay,2026,,Problems,https://olimpicos.net/ortvay/index.html#2026,not_published,Individual file not published; consult problem_documents for shared-paper availability.
problem,5397,ortvay,2026,,Problems,https://olimpicos.net/ortvay/index.html#2026,not_published,Individual file not published; consult problem_documents for shared-paper availability.
problem,5398,ortvay,2025,,Problems,https://olimpicos.net/ortvay/index.html#2025,not_published,Individual file not published; consult problem_documents for shared-paper availability.
problem,5399,ortvay,2025,,Problems,https://olimpicos.net/ortvay/index.html#2025,not_published,Individual file not published; consult problem_documents for shared-paper availability.
problem,5400,ortvay,2025,,Problems,https://olimpicos.net/ortvay/index.html#2025,not_published,Individual file not published; consult problem_documents for shared-paper availability.
problem,5401,ortvay,2025,,Problems,https://olimpicos.net/ortvay/index.html#2025,not_published,Individual file not published; consult problem_documents for shared-paper availability.
problem,5402,ortvay,2025,,Problems,https://olimpicos.net/ortvay/index.html#2025,not_published,Individual file not published; consult problem_documents for shared-paper availability.
problem,5403,ortvay,2025,,Problems,https://olimpicos.net/ortvay/index.html#2025,not_published,Individual file not published; consult problem_documents for shared-paper availability.
problem,5404,ortvay,2025,,Problems,https://olimpicos.net/ortvay/index.html#2025,not_published,Individual file not published; consult problem_documents for shared-paper availability.
problem,5405,ortvay,2025,,Problems,https://olimpicos.net/ortvay/index.html#2025,not_published,Individual file not published; consult problem_documents for shared-paper availability.
problem,5406,ortvay,2025,,Problems,https://olimpicos.net/ortvay/index.html#2025,not_published,Individual file not published; consult problem_documents for shared-paper availability.
problem,5407,ortvay,2025,,Problems,https://olimpicos.net/ortvay/index.html#2025,not_published,Individual file not published; consult problem_documents for shared-paper availability.
problem,5408,ortvay,2025,,Problems,https://olimpicos.net/ortvay/index.html#2025,not_published,Individual file not published; consult problem_documents for shared-paper availability.
problem,5409,ortvay,2025,,Problems,https://olimpicos.net/ortvay/index.html#2025,not_published,Individual file not published; consult problem_documents for shared-paper availability.
problem,5410,ortvay,2025,,Problems,https://olimpicos.net/ortvay/index.html#2025,not_published,Individual file not published; consult problem_documents for shared-paper availability.
problem,5411,ortvay,2025,,Problems,https://olimpicos.net/ortvay/index.html#2025,not_published,Individual file not published; consult problem_documents for shared-paper availability.
problem,5412,ortvay,2025,,Problems,https://olimpicos.net/ortvay/index.html#2025,not_published,Individual file not published; consult problem_documents for shared-paper availability.
problem,5413,ortvay,2025,,Problems,https://olimpicos.net/ortvay/index.html#2025,not_published,Individual file not published; consult problem_documents for shared-paper availability.
problem,5414,ortvay,2025,,Problems,https://olimpicos.net/ortvay/index.html#2025,not_published,Individual file not published; consult problem_documents for shared-paper availability.
problem,5415,ortvay,2025,,Problems,https://olimpicos.net/ortvay/index.html#2025,not_published,Individual file not published; consult problem_documents for shared-paper availability.
problem,5416,ortvay,2025,,Problems,https://olimpicos.net/ortvay/index.html#2025,not_published,Individual file not published; consult problem_documents for shared-paper availability.
problem,5417,ortvay,2025,,Problems,https://olimpicos.net/ortvay/index.html#2025,not_published,Individual file not published; consult problem_documents for shared-paper availability.
problem,5418,ortvay,2025,,Problems,https://olimpicos.net/ortvay/index.html#2025,not_published,Individual file not published; consult problem_documents for shared-paper availability.
problem,5419,ortvay,2025,,Problems,https://olimpicos.net/ortvay/index.html#2025,not_published,Individual file not published; consult problem_documents for shared-paper availability.
problem,5420,ortvay,2025,,Problems,https://olimpicos.net/ortvay/index.html#2025,not_published,Individual file not published; consult problem_documents for shared-paper availability.
problem,5421,ortvay,2025,,Problems,https://olimpicos.net/ortvay/index.html#2025,not_published,Individual file not published; consult problem_documents for shared-paper availability.
problem,5422,ortvay,2025,,Problems,https://olimpicos.net/ortvay/index.html#2025,not_published,Individual file not published; consult problem_documents for shared-paper availability.
problem,5423,ortvay,2024,,Problems,https://olimpicos.net/ortvay/index.html#2024,not_published,Individual file not published; consult problem_documents for shared-paper availability.
problem,5424,ortvay,2024,,Problems,https://olimpicos.net/ortvay/index.html#2024,not_published,Individual file not published; consult problem_documents for shared-paper availability.
problem,5425,ortvay,2024,,Problems,https://olimpicos.net/ortvay/index.html#2024,not_published,Individual file not published; consult problem_documents for shared-paper availability.
problem,5426,ortvay,2024,,Problems,https://olimpicos.net/ortvay/index.html#2024,not_published,Individual file not published; consult problem_documents for shared-paper availability.
problem,5427,ortvay,2024,,Problems,https://olimpicos.net/ortvay/index.html#2024,not_published,Individual file not published; consult problem_documents for shared-paper availability.
problem,5428,ortvay,2024,,Problems,https://olimpicos.net/ortvay/index.html#2024,not_published,Individual file not published; consult problem_documents for shared-paper availability.
problem,5429,ortvay,2024,,Problems,https://olimpicos.net/ortvay/index.html#2024,not_published,Individual file not published; consult problem_documents for shared-paper availability.
problem,5430,ortvay,2024,,Problems,https://olimpicos.net/ortvay/index.html#2024,not_published,Individual file not published; consult problem_documents for shared-paper availability.
problem,5431,ortvay,2024,,Problems,https://olimpicos.net/ortvay/index.html#2024,not_published,Individual file not published; consult problem_documents for shared-paper availability.
problem,5432,ortvay,2024,,Problems,https://olimpicos.net/ortvay/index.html#2024,not_published,Individual file not published; consult problem_documents for shared-paper availability.
problem,5433,ortvay,2024,,Problems,https://olimpicos.net/ortvay/index.html#2024,not_published,Individual file not published; consult problem_documents for shared-paper availability.
problem,5434,ortvay,2024,,Problems,https://olimpicos.net/ortvay/index.html#2024,not_published,Individual file not published; consult problem_documents for shared-paper availability.
problem,5435,ortvay,2024,,Problems,https://olimpicos.net/ortvay/index.html#2024,not_published,Individual file not published; consult problem_documents for shared-paper availability.
problem,5436,ortvay,2024,,Problems,https://olimpicos.net/ortvay/index.html#2024,not_published,Individual file not published; consult problem_documents for shared-paper availability.
problem,5437,ortvay,2024,,Problems,https://olimpicos.net/ortvay/index.html#2024,not_published,Individual file not published; consult problem_documents for shared-paper availability.
problem,5438,ortvay,2024,,Problems,https://olimpicos.net/ortvay/index.html#2024,not_published,Individual file not published; consult problem_documents for shared-paper availability.
problem,5439,ortvay,2024,,Problems,https://olimpicos.net/ortvay/index.html#2024,not_published,Individual file not published; consult problem_documents for shared-paper availability.
problem,5440,ortvay,2024,,Problems,https://olimpicos.net/ortvay/index.html#2024,not_published,Individual file not published; consult problem_documents for shared-paper availability.
problem,5441,ortvay,2024,,Problems,https://olimpicos.net/ortvay/index.html#2024,not_published,Individual file not published; consult problem_documents for shared-paper availability.
problem,5442,ortvay,2024,,Problems,https://olimpicos.net/ortvay/index.html#2024,not_published,Individual file not published; consult problem_documents for shared-paper availability.
problem,5443,ortvay,2024,,Problems,https://olimpicos.net/ortvay/index.html#2024,not_published,Individual file not published; consult problem_documents for shared-paper availability.
problem,5444,ortvay,2024,,Problems,https://olimpicos.net/ortvay/index.html#2024,not_published,Individual file not published; consult problem_documents for shared-paper availability.
problem,5445,ortvay,2024,,Problems,https://olimpicos.net/ortvay/index.html#2024,not_published,Individual file not published; consult problem_documents for shared-paper availability.
problem,5446,ortvay,2024,,Problems,https://olimpicos.net/ortvay/index.html#2024,not_published,Individual file not published; consult problem_documents for shared-paper availability.
problem,5447,ortvay,2024,,Problems,https://olimpicos.net/ortvay/index.html#2024,not_published,Individual file not published; consult problem_documents for shared-paper availability.
problem,5448,ortvay,2024,,Problems,https://olimpicos.net/ortvay/index.html#2024,not_published,Individual file not published; consult problem_documents for shared-paper availability.
problem,5449,ortvay,2024,,Problems,https://olimpicos.net/ortvay/index.html#2024,not_published,Individual file not published; consult problem_documents for shared-paper availability.
problem,5450,ortvay,2024,,Problems,https://olimpicos.net/ortvay/index.html#2024,not_published,Individual file not published; consult problem_documents for shared-paper availability.
problem,5451,ortvay,2024,,Problems,https://olimpicos.net/ortvay/index.html#2024,not_published,Individual file not published; consult problem_documents for shared-paper availability.
problem,5452,ortvay,2024,,Problems,https://olimpicos.net/ortvay/index.html#2024,not_published,Individual file not published; consult problem_documents for shared-paper availability.
problem,5453,ortvay,2024,,Problems,https://olimpicos.net/ortvay/index.html#2024,not_published,Individual file not published; consult problem_documents for shared-paper availability.
problem,5454,ortvay,2024,,Problems,https://olimpicos.net/ortvay/index.html#2024,not_published,Individual file not published; consult problem_documents for shared-paper availability.
problem,5455,ortvay,2023,,Problems,https://olimpicos.net/ortvay/index.html#2023,not_published,Individual file not published; consult problem_documents for shared-paper availability.
problem,5456,ortvay,2023,,Problems,https://olimpicos.net/ortvay/index.html#2023,not_published,Individual file not published; consult problem_documents for shared-paper availability.
problem,5457,ortvay,2023,,Problems,https://olimpicos.net/ortvay/index.html#2023,not_published,Individual file not published; consult problem_documents for shared-paper availability.
problem,5458,ortvay,2023,,Problems,https://olimpicos.net/ortvay/index.html#2023,not_published,Individual file not published; consult problem_documents for shared-paper availability.
problem,5459,ortvay,2023,,Problems,https://olimpicos.net/ortvay/index.html#2023,not_published,Individual file not published; consult problem_documents for shared-paper availability.
problem,5460,ortvay,2023,,Problems,https://olimpicos.net/ortvay/index.html#2023,not_published,Individual file not published; consult problem_documents for shared-paper availability.
problem,5461,ortvay,2023,,Problems,https://olimpicos.net/ortvay/index.html#2023,not_published,Individual file not published; consult problem_documents for shared-paper availability.
problem,5462,ortvay,2023,,Problems,https://olimpicos.net/ortvay/index.html#2023,not_published,Individual file not published; consult problem_documents for shared-paper availability.
problem,5463,ortvay,2023,,Problems,https://olimpicos.net/ortvay/index.html#2023,not_published,Individual file not published; consult problem_documents for shared-paper availability.
problem,5464,ortvay,2023,,Problems,https://olimpicos.net/ortvay/index.html#2023,not_published,Individual file not published; consult problem_documents for shared-paper availability.
problem,5465,ortvay,2023,,Problems,https://olimpicos.net/ortvay/index.html#2023,not_published,Individual file not published; consult problem_documents for shared-paper availability.
problem,5466,ortvay,2023,,Problems,https://olimpicos.net/ortvay/index.html#2023,not_published,Individual file not published; consult problem_documents for shared-paper availability.
problem,5467,ortvay,2023,,Problems,https://olimpicos.net/ortvay/index.html#2023,not_published,Individual file not published; consult problem_documents for shared-paper availability.
problem,5468,ortvay,2023,,Problems,https://olimpicos.net/ortvay/index.html#2023,not_published,Individual file not published; consult problem_documents for shared-paper availability.
problem,5469,ortvay,2023,,Problems,https://olimpicos.net/ortvay/index.html#2023,not_published,Individual file not published; consult problem_documents for shared-paper availability.
problem,5470,ortvay,2023,,Problems,https://olimpicos.net/ortvay/index.html#2023,not_published,Individual file not published; consult problem_documents for shared-paper availability.
problem,5471,ortvay,2023,,Problems,https://olimpicos.net/ortvay/index.html#2023,not_published,Individual file not published; consult problem_documents for shared-paper availability.
problem,5472,ortvay,2023,,Problems,https://olimpicos.net/ortvay/index.html#2023,not_published,Individual file not published; consult problem_documents for shared-paper availability.
problem,5473,ortvay,2023,,Problems,https://olimpicos.net/ortvay/index.html#2023,not_published,Individual file not published; consult problem_documents for shared-paper availability.
problem,5474,ortvay,2023,,Problems,https://olimpicos.net/ortvay/index.html#2023,not_published,Individual file not published; consult problem_documents for shared-paper availability.
problem,5475,ortvay,2023,,Problems,https://olimpicos.net/ortvay/index.html#2023,not_published,Individual file not published; consult problem_documents for shared-paper availability.
problem,5476,ortvay,2023,,Problems,https://olimpicos.net/ortvay/index.html#2023,not_published,Individual file not published; consult problem_documents for shared-paper availability.
problem,5477,ortvay,2023,,Problems,https://olimpicos.net/ortvay/index.html#2023,not_published,Individual file not published; consult problem_documents for shared-paper availability.
problem,5478,ortvay,2023,,Problems,https://olimpicos.net/ortvay/index.html#2023,not_published,Individual file not published; consult problem_documents for shared-paper availability.
problem,5479,ortvay,2023,,Problems,https://olimpicos.net/ortvay/index.html#2023,not_published,Individual file not published; consult problem_documents for shared-paper availability.
problem,5480,ortvay,2023,,Problems,https://olimpicos.net/ortvay/index.html#2023,not_published,Individual file not published; consult problem_documents for shared-paper availability.
problem,5481,ortvay,2023,,Problems,https://olimpicos.net/ortvay/index.html#2023,not_published,Individual file not published; consult problem_documents for shared-paper availability.
problem,5482,ortvay,2023,,Problems,https://olimpicos.net/ortvay/index.html#2023,not_published,Individual file not published; consult problem_documents for shared-paper availability.
problem,5483,ortvay,2023,,Problems,https://olimpicos.net/ortvay/index.html#2023,not_published,Individual file not published; consult problem_documents for shared-paper availability.
problem,5484,ortvay,2023,,Problems,https://olimpicos.net/ortvay/index.html#2023,not_published,Individual file not published; consult problem_documents for shared-paper availability.
problem,5485,ortvay,2023,,Problems,https://olimpicos.net/ortvay/index.html#2023,not_published,Individual file not published; consult problem_documents for shared-paper availability.
problem,5486,ortvay,2023,,Problems,https://olimpicos.net/ortvay/index.html#2023,not_published,Individual file not published; consult problem_documents for shared-paper availability.
problem,5487,ortvay,2023,,Problems,https://olimpicos.net/ortvay/index.html#2023,not_published,Individual file not published; consult problem_documents for shared-paper availability.
problem,5488,ortvay,2022,,Problems,https://olimpicos.net/ortvay/index.html#2022,not_published,Individual file not published; consult problem_documents for shared-paper availability.
problem,5489,ortvay,2022,,Problems,https://olimpicos.net/ortvay/index.html#2022,not_published,Individual file not published; consult problem_documents for shared-paper availability.
problem,5490,ortvay,2022,,Problems,https://olimpicos.net/ortvay/index.html#2022,not_published,Individual file not published; consult problem_documents for shared-paper availability.
problem,5491,ortvay,2022,,Problems,https://olimpicos.net/ortvay/index.html#2022,not_published,Individual file not published; consult problem_documents for shared-paper availability.
problem,5492,ortvay,2022,,Problems,https://olimpicos.net/ortvay/index.html#2022,not_published,Individual file not published; consult problem_documents for shared-paper availability.
problem,5493,ortvay,2022,,Problems,https://olimpicos.net/ortvay/index.html#2022,not_published,Individual file not published; consult problem_documents for shared-paper availability.
problem,5494,ortvay,2022,,Problems,https://olimpicos.net/ortvay/index.html#2022,not_published,Individual file not published; consult problem_documents for shared-paper availability.
problem,5495,ortvay,2022,,Problems,https://olimpicos.net/ortvay/index.html#2022,not_published,Individual file not published; consult problem_documents for shared-paper availability.
problem,5496,ortvay,2022,,Problems,https://olimpicos.net/ortvay/index.html#2022,not_published,Individual file not published; consult problem_documents for shared-paper availability.
problem,5497,ortvay,2022,,Problems,https://olimpicos.net/ortvay/index.html#2022,not_published,Individual file not published; consult problem_documents for shared-paper availability.
problem,5498,ortvay,2022,,Problems,https://olimpicos.net/ortvay/index.html#2022,not_published,Individual file not published; consult problem_documents for shared-paper availability.
problem,5499,ortvay,2022,,Problems,https://olimpicos.net/ortvay/index.html#2022,not_published,Individual file not published; consult problem_documents for shared-paper availability.
problem,5500,ortvay,2022,,Problems,https://olimpicos.net/ortvay/index.html#2022,not_published,Individual file not published; consult problem_documents for shared-paper availability.
problem,5501,ortvay,2022,,Problems,https://olimpicos.net/ortvay/index.html#2022,not_published,Individual file not published; consult problem_documents for shared-paper availability.
problem,5502,ortvay,2022,,Problems,https://olimpicos.net/ortvay/index.html#2022,not_published,Individual file not published; consult problem_documents for shared-paper availability.
problem,5503,ortvay,2022,,Problems,https://olimpicos.net/ortvay/index.html#2022,not_published,Individual file not published; consult problem_documents for shared-paper availability.
problem,5504,ortvay,2022,,Problems,https://olimpicos.net/ortvay/index.html#2022,not_published,Individual file not published; consult problem_documents for shared-paper availability.
problem,5505,ortvay,2022,,Problems,https://olimpicos.net/ortvay/index.html#2022,not_published,Individual file not published; consult problem_documents for shared-paper availability.
problem,5506,ortvay,2022,,Problems,https://olimpicos.net/ortvay/index.html#2022,not_published,Individual file not published; consult problem_documents for shared-paper availability.
problem,5507,ortvay,2022,,Problems,https://olimpicos.net/ortvay/index.html#2022,not_published,Individual file not published; consult problem_documents for shared-paper availability.
problem,5508,ortvay,2022,,Problems,https://olimpicos.net/ortvay/index.html#2022,not_published,Individual file not published; consult problem_documents for shared-paper availability.
problem,5509,ortvay,2022,,Problems,https://olimpicos.net/ortvay/index.html#2022,not_published,Individual file not published; consult problem_documents for shared-paper availability.
problem,5510,ortvay,2022,,Problems,https://olimpicos.net/ortvay/index.html#2022,not_published,Individual file not published; consult problem_documents for shared-paper availability.
problem,5511,ortvay,2022,,Problems,https://olimpicos.net/ortvay/index.html#2022,not_published,Individual file not published; consult problem_documents for shared-paper availability.
problem,5512,ortvay,2022,,Problems,https://olimpicos.net/ortvay/index.html#2022,not_published,Individual file not published; consult problem_documents for shared-paper availability.
problem,5513,ortvay,2022,,Problems,https://olimpicos.net/ortvay/index.html#2022,not_published,Individual file not published; consult problem_documents for shared-paper availability.
problem,5514,ortvay,2022,,Problems,https://olimpicos.net/ortvay/index.html#2022,not_published,Individual file not published; consult problem_documents for shared-paper availability.
problem,5515,ortvay,2022,,Problems,https://olimpicos.net/ortvay/index.html#2022,not_published,Individual file not published; consult problem_documents for shared-paper availability.
problem,5516,ortvay,2020,,Problems,https://olimpicos.net/ortvay/index.html#2020,not_published,Individual file not published; consult problem_documents for shared-paper availability.
problem,5517,ortvay,2020,,Problems,https://olimpicos.net/ortvay/index.html#2020,not_published,Individual file not published; consult problem_documents for shared-paper availability.
problem,5518,ortvay,2020,,Problems,https://olimpicos.net/ortvay/index.html#2020,not_published,Individual file not published; consult problem_documents for shared-paper availability.
problem,5519,ortvay,2020,,Problems,https://olimpicos.net/ortvay/index.html#2020,not_published,Individual file not published; consult problem_documents for shared-paper availability.
problem,5520,ortvay,2020,,Problems,https://olimpicos.net/ortvay/index.html#2020,not_published,Individual file not published; consult problem_documents for shared-paper availability.
problem,5521,ortvay,2020,,Problems,https://olimpicos.net/ortvay/index.html#2020,not_published,Individual file not published; consult problem_documents for shared-paper availability.
problem,5522,ortvay,2020,,Problems,https://olimpicos.net/ortvay/index.html#2020,not_published,Individual file not published; consult problem_documents for shared-paper availability.
problem,5523,ortvay,2020,,Problems,https://olimpicos.net/ortvay/index.html#2020,not_published,Individual file not published; consult problem_documents for shared-paper availability.
problem,5524,ortvay,2020,,Problems,https://olimpicos.net/ortvay/index.html#2020,not_published,Individual file not published; consult problem_documents for shared-paper availability.
problem,5525,ortvay,2020,,Problems,https://olimpicos.net/ortvay/index.html#2020,not_published,Individual file not published; consult problem_documents for shared-paper availability.
problem,5526,ortvay,2020,,Problems,https://olimpicos.net/ortvay/index.html#2020,not_published,Individual file not published; consult problem_documents for shared-paper availability.
problem,5527,ortvay,2020,,Problems,https://olimpicos.net/ortvay/index.html#2020,not_published,Individual file not published; consult problem_documents for shared-paper availability.
problem,5528,ortvay,2020,,Problems,https://olimpicos.net/ortvay/index.html#2020,not_published,Individual file not published; consult problem_documents for shared-paper availability.
problem,5529,ortvay,2020,,Problems,https://olimpicos.net/ortvay/index.html#2020,not_published,Individual file not published; consult problem_documents for shared-paper availability.
problem,5530,ortvay,2020,,Problems,https://olimpicos.net/ortvay/index.html#2020,not_published,Individual file not published; consult problem_documents for shared-paper availability.
problem,5531,ortvay,2020,,Problems,https://olimpicos.net/ortvay/index.html#2020,not_published,Individual file not published; consult problem_documents for shared-paper availability.
problem,5532,ortvay,2020,,Problems,https://olimpicos.net/ortvay/index.html#2020,not_published,Individual file not published; consult problem_documents for shared-paper availability.
problem,5533,ortvay,2020,,Problems,https://olimpicos.net/ortvay/index.html#2020,not_published,Individual file not published; consult problem_documents for shared-paper availability.
problem,5534,ortvay,2020,,Problems,https://olimpicos.net/ortvay/index.html#2020,not_published,Individual file not published; consult problem_documents for shared-paper availability.
problem,5535,ortvay,2020,,Problems,https://olimpicos.net/ortvay/index.html#2020,not_published,Individual file not published; consult problem_documents for shared-paper availability.
problem,5536,ortvay,2020,,Problems,https://olimpicos.net/ortvay/index.html#2020,not_published,Individual file not published; consult problem_documents for shared-paper availability.
problem,5537,ortvay,2020,,Problems,https://olimpicos.net/ortvay/index.html#2020,not_published,Individual file not published; consult problem_documents for shared-paper availability.
problem,5538,ortvay,2020,,Problems,https://olimpicos.net/ortvay/index.html#2020,not_published,Individual file not published; consult problem_documents for shared-paper availability.
problem,5539,ortvay,2020,,Problems,https://olimpicos.net/ortvay/index.html#2020,not_published,Individual file not published; consult problem_documents for shared-paper availability.
problem,5540,ortvay,2020,,Problems,https://olimpicos.net/ortvay/index.html#2020,not_published,Individual file not published; consult problem_documents for shared-paper availability.
problem,5541,ortvay,2020,,Problems,https://olimpicos.net/ortvay/index.html#2020,not_published,Individual file not published; consult problem_documents for shared-paper availability.
problem,5542,ortvay,2020,,Problems,https://olimpicos.net/ortvay/index.html#2020,not_published,Individual file not published; consult problem_documents for shared-paper availability.
problem,5543,ortvay,2020,,Problems,https://olimpicos.net/ortvay/index.html#2020,not_published,Individual file not published; consult problem_documents for shared-paper availability.
problem,5544,ortvay,2019,,Problems,https://olimpicos.net/ortvay/index.html#2019,not_published,Individual file not published; consult problem_documents for shared-paper availability.
problem,5545,ortvay,2019,,Problems,https://olimpicos.net/ortvay/index.html#2019,not_published,Individual file not published; consult problem_documents for shared-paper availability.
problem,5546,ortvay,2019,,Problems,https://olimpicos.net/ortvay/index.html#2019,not_published,Individual file not published; consult problem_documents for shared-paper availability.
problem,5547,ortvay,2019,,Problems,https://olimpicos.net/ortvay/index.html#2019,not_published,Individual file not published; consult problem_documents for shared-paper availability.
problem,5548,ortvay,2019,,Problems,https://olimpicos.net/ortvay/index.html#2019,not_published,Individual file not published; consult problem_documents for shared-paper availability.
problem,5549,ortvay,2019,,Problems,https://olimpicos.net/ortvay/index.html#2019,not_published,Individual file not published; consult problem_documents for shared-paper availability.
problem,5550,ortvay,2019,,Problems,https://olimpicos.net/ortvay/index.html#2019,not_published,Individual file not published; consult problem_documents for shared-paper availability.
problem,5551,ortvay,2019,,Problems,https://olimpicos.net/ortvay/index.html#2019,not_published,Individual file not published; consult problem_documents for shared-paper availability.
problem,5552,ortvay,2019,,Problems,https://olimpicos.net/ortvay/index.html#2019,not_published,Individual file not published; consult problem_documents for shared-paper availability.
problem,5553,ortvay,2019,,Problems,https://olimpicos.net/ortvay/index.html#2019,not_published,Individual file not published; consult problem_documents for shared-paper availability.
problem,5554,ortvay,2019,,Problems,https://olimpicos.net/ortvay/index.html#2019,not_published,Individual file not published; consult problem_documents for shared-paper availability.
problem,5555,ortvay,2019,,Problems,https://olimpicos.net/ortvay/index.html#2019,not_published,Individual file not published; consult problem_documents for shared-paper availability.
problem,5556,ortvay,2019,,Problems,https://olimpicos.net/ortvay/index.html#2019,not_published,Individual file not published; consult problem_documents for shared-paper availability.
problem,5557,ortvay,2019,,Problems,https://olimpicos.net/ortvay/index.html#2019,not_published,Individual file not published; consult problem_documents for shared-paper availability.
problem,5558,ortvay,2019,,Problems,https://olimpicos.net/ortvay/index.html#2019,not_published,Individual file not published; consult problem_documents for shared-paper availability.
problem,5559,ortvay,2019,,Problems,https://olimpicos.net/ortvay/index.html#2019,not_published,Individual file not published; consult problem_documents for shared-paper availability.
problem,5560,ortvay,2019,,Problems,https://olimpicos.net/ortvay/index.html#2019,not_published,Individual file not published; consult problem_documents for shared-paper availability.
problem,5561,ortvay,2019,,Problems,https://olimpicos.net/ortvay/index.html#2019,not_published,Individual file not published; consult problem_documents for shared-paper availability.
problem,5562,ortvay,2019,,Problems,https://olimpicos.net/ortvay/index.html#2019,not_published,Individual file not published; consult problem_documents for shared-paper availability.
problem,5563,ortvay,2019,,Problems,https://olimpicos.net/ortvay/index.html#2019,not_published,Individual file not published; consult problem_documents for shared-paper availability.
problem,5564,ortvay,2019,,Problems,https://olimpicos.net/ortvay/index.html#2019,not_published,Individual file not published; consult problem_documents for shared-paper availability.
problem,5565,ortvay,2019,,Problems,https://olimpicos.net/ortvay/index.html#2019,not_published,Individual file not published; consult problem_documents for shared-paper availability.
problem,5566,ortvay,2019,,Problems,https://olimpicos.net/ortvay/index.html#2019,not_published,Individual file not published; consult problem_documents for shared-paper availability.
problem,5567,ortvay,2019,,Problems,https://olimpicos.net/ortvay/index.html#2019,not_published,Individual file not published; consult problem_documents for shared-paper availability.
problem,5568,ortvay,2019,,Problems,https://olimpicos.net/ortvay/index.html#2019,not_published,Individual file not published; consult problem_documents for shared-paper availability.
problem,5569,ortvay,2019,,Problems,https://olimpicos.net/ortvay/index.html#2019,not_published,Individual file not published; consult problem_documents for shared-paper availability.
problem,5570,ortvay,2019,,Problems,https://olimpicos.net/ortvay/index.html#2019,not_published,Individual file not published; consult problem_documents for shared-paper availability.
problem,5571,ortvay,2019,,Problems,https://olimpicos.net/ortvay/index.html#2019,not_published,Individual file not published; consult problem_documents for shared-paper availability.
problem,5572,ortvay,2019,,Problems,https://olimpicos.net/ortvay/index.html#2019,not_published,Individual file not published; consult problem_documents for shared-paper availability.
problem,5573,ortvay,2019,,Problems,https://olimpicos.net/ortvay/index.html#2019,not_published,Individual file not published; consult problem_documents for shared-paper availability.
problem,5574,ortvay,2019,,Problems,https://olimpicos.net/ortvay/index.html#2019,not_published,Individual file not published; consult problem_documents for shared-paper availability.
problem,5575,ortvay,2019,,Problems,https://olimpicos.net/ortvay/index.html#2019,not_published,Individual file not published; consult problem_documents for shared-paper availability.
problem,5576,ortvay,2019,,Problems,https://olimpicos.net/ortvay/index.html#2019,not_published,Individual file not published; consult problem_documents for shared-paper availability.
problem,5577,ortvay,2019,,Problems,https://olimpicos.net/ortvay/index.html#2019,not_published,Individual file not published; consult problem_documents for shared-paper availability.
problem,5578,ortvay,2019,,Problems,https://olimpicos.net/ortvay/index.html#2019,not_published,Individual file not published; consult problem_documents for shared-paper availability.
problem,5579,ortvay,2019,,Problems,https://olimpicos.net/ortvay/index.html#2019,not_published,Individual file not published; consult problem_documents for shared-paper availability.
problem,5580,ortvay,2019,,Problems,https://olimpicos.net/ortvay/index.html#2019,not_published,Individual file not published; consult problem_documents for shared-paper availability.
problem,5581,ortvay,2019,,Problems,https://olimpicos.net/ortvay/index.html#2019,not_published,Individual file not published; consult problem_documents for shared-paper availability.
problem,5582,ortvay,2019,,Problems,https://olimpicos.net/ortvay/index.html#2019,not_published,Individual file not published; consult problem_documents for shared-paper availability.
problem,5583,ortvay,2019,,Problems,https://olimpicos.net/ortvay/index.html#2019,not_published,Individual file not published; consult problem_documents for shared-paper availability.
problem,5584,ortvay,2019,,Problems,https://olimpicos.net/ortvay/index.html#2019,not_published,Individual file not published; consult problem_documents for shared-paper availability.
problem,5585,ortvay,2019,,Problems,https://olimpicos.net/ortvay/index.html#2019,not_published,Individual file not published; consult problem_documents for shared-paper availability.
problem,5586,ortvay,2019,,Problems,https://olimpicos.net/ortvay/index.html#2019,not_published,Individual file not published; consult problem_documents for shared-paper availability.
problem,5587,ortvay,2019,,Problems,https://olimpicos.net/ortvay/index.html#2019,not_published,Individual file not published; consult problem_documents for shared-paper availability.
problem,5588,ortvay,2019,,Problems,https://olimpicos.net/ortvay/index.html#2019,not_published,Individual file not published; consult problem_documents for shared-paper availability.
problem,5589,ortvay,2019,,Problems,https://olimpicos.net/ortvay/index.html#2019,not_published,Individual file not published; consult problem_documents for shared-paper availability.
problem,5590,ortvay,2019,,Problems,https://olimpicos.net/ortvay/index.html#2019,not_published,Individual file not published; consult problem_documents for shared-paper availability.
problem,5591,ortvay,2019,,Problems,https://olimpicos.net/ortvay/index.html#2019,not_published,Individual file not published; consult problem_documents for shared-paper availability.
problem,5592,ortvay,2019,,Problems,https://olimpicos.net/ortvay/index.html#2019,not_published,Individual file not published; consult problem_documents for shared-paper availability.
problem,5593,ortvay,2019,,Problems,https://olimpicos.net/ortvay/index.html#2019,not_published,Individual file not published; consult problem_documents for shared-paper availability.
problem,5594,ortvay,2018,,Problems,https://olimpicos.net/ortvay/index.html#2018,not_published,Individual file not published; consult problem_documents for shared-paper availability.
problem,5595,ortvay,2018,,Problems,https://olimpicos.net/ortvay/index.html#2018,not_published,Individual file not published; consult problem_documents for shared-paper availability.
problem,5596,ortvay,2018,,Problems,https://olimpicos.net/ortvay/index.html#2018,not_published,Individual file not published; consult problem_documents for shared-paper availability.
problem,5597,ortvay,2018,,Problems,https://olimpicos.net/ortvay/index.html#2018,not_published,Individual file not published; consult problem_documents for shared-paper availability.
problem,5598,ortvay,2018,,Problems,https://olimpicos.net/ortvay/index.html#2018,not_published,Individual file not published; consult problem_documents for shared-paper availability.
problem,5599,ortvay,2018,,Problems,https://olimpicos.net/ortvay/index.html#2018,not_published,Individual file not published; consult problem_documents for shared-paper availability.
problem,5600,ortvay,2018,,Problems,https://olimpicos.net/ortvay/index.html#2018,not_published,Individual file not published; consult problem_documents for shared-paper availability.
problem,5601,ortvay,2018,,Problems,https://olimpicos.net/ortvay/index.html#2018,not_published,Individual file not published; consult problem_documents for shared-paper availability.
problem,5602,ortvay,2018,,Problems,https://olimpicos.net/ortvay/index.html#2018,not_published,Individual file not published; consult problem_documents for shared-paper availability.
problem,5603,ortvay,2018,,Problems,https://olimpicos.net/ortvay/index.html#2018,not_published,Individual file not published; consult problem_documents for shared-paper availability.
problem,5604,ortvay,2018,,Problems,https://olimpicos.net/ortvay/index.html#2018,not_published,Individual file not published; consult problem_documents for shared-paper availability.
problem,5605,ortvay,2018,,Problems,https://olimpicos.net/ortvay/index.html#2018,not_published,Individual file not published; consult problem_documents for shared-paper availability.
problem,5606,ortvay,2018,,Problems,https://olimpicos.net/ortvay/index.html#2018,not_published,Individual file not published; consult problem_documents for shared-paper availability.
problem,5607,ortvay,2018,,Problems,https://olimpicos.net/ortvay/index.html#2018,not_published,Individual file not published; consult problem_documents for shared-paper availability.
problem,5608,ortvay,2018,,Problems,https://olimpicos.net/ortvay/index.html#2018,not_published,Individual file not published; consult problem_documents for shared-paper availability.
problem,5609,ortvay,2018,,Problems,https://olimpicos.net/ortvay/index.html#2018,not_published,Individual file not published; consult problem_documents for shared-paper availability.
problem,5610,ortvay,2018,,Problems,https://olimpicos.net/ortvay/index.html#2018,not_published,Individual file not published; consult problem_documents for shared-paper availability.
problem,5611,ortvay,2018,,Problems,https://olimpicos.net/ortvay/index.html#2018,not_published,Individual file not published; consult problem_documents for shared-paper availability.
problem,5612,ortvay,2018,,Problems,https://olimpicos.net/ortvay/index.html#2018,not_published,Individual file not published; consult problem_documents for shared-paper availability.
problem,5613,ortvay,2018,,Problems,https://olimpicos.net/ortvay/index.html#2018,not_published,Individual file not published; consult problem_documents for shared-paper availability.
problem,5614,ortvay,2018,,Problems,https://olimpicos.net/ortvay/index.html#2018,not_published,Individual file not published; consult problem_documents for shared-paper availability.
problem,5615,ortvay,2018,,Problems,https://olimpicos.net/ortvay/index.html#2018,not_published,Individual file not published; consult problem_documents for shared-paper availability.
problem,5616,ortvay,2018,,Problems,https://olimpicos.net/ortvay/index.html#2018,not_published,Individual file not published; consult problem_documents for shared-paper availability.
problem,5617,ortvay,2018,,Problems,https://olimpicos.net/ortvay/index.html#2018,not_published,Individual file not published; consult problem_documents for shared-paper availability.
problem,5618,ortvay,2018,,Problems,https://olimpicos.net/ortvay/index.html#2018,not_published,Individual file not published; consult problem_documents for shared-paper availability.
problem,5619,ortvay,2018,,Problems,https://olimpicos.net/ortvay/index.html#2018,not_published,Individual file not published; consult problem_documents for shared-paper availability.
problem,5620,ortvay,2018,,Problems,https://olimpicos.net/ortvay/index.html#2018,not_published,Individual file not published; consult problem_documents for shared-paper availability.
problem,5621,ortvay,2018,,Problems,https://olimpicos.net/ortvay/index.html#2018,not_published,Individual file not published; consult problem_documents for shared-paper availability.
problem,5622,ortvay,2018,,Problems,https://olimpicos.net/ortvay/index.html#2018,not_published,Individual file not published; consult problem_documents for shared-paper availability.
problem,5623,ortvay,2018,,Problems,https://olimpicos.net/ortvay/index.html#2018,not_published,Individual file not published; consult problem_documents for shared-paper availability.
problem,5624,ortvay,2018,,Problems,https://olimpicos.net/ortvay/index.html#2018,not_published,Individual file not published; consult problem_documents for shared-paper availability.
problem,5625,ortvay,2018,,Problems,https://olimpicos.net/ortvay/index.html#2018,not_published,Individual file not published; consult problem_documents for shared-paper availability.
problem,5626,ortvay,2018,,Problems,https://olimpicos.net/ortvay/index.html#2018,not_published,Individual file not published; consult problem_documents for shared-paper availability.
problem,5627,ortvay,2017,,Problems,https://olimpicos.net/ortvay/index.html#2017,not_published,Individual file not published; consult problem_documents for shared-paper availability.
problem,5628,ortvay,2017,,Problems,https://olimpicos.net/ortvay/index.html#2017,not_published,Individual file not published; consult problem_documents for shared-paper availability.
problem,5629,ortvay,2017,,Problems,https://olimpicos.net/ortvay/index.html#2017,not_published,Individual file not published; consult problem_documents for shared-paper availability.
problem,5630,ortvay,2017,,Problems,https://olimpicos.net/ortvay/index.html#2017,not_published,Individual file not published; consult problem_documents for shared-paper availability.
problem,5631,ortvay,2017,,Problems,https://olimpicos.net/ortvay/index.html#2017,not_published,Individual file not published; consult problem_documents for shared-paper availability.
problem,5632,ortvay,2017,,Problems,https://olimpicos.net/ortvay/index.html#2017,not_published,Individual file not published; consult problem_documents for shared-paper availability.
problem,5633,ortvay,2017,,Problems,https://olimpicos.net/ortvay/index.html#2017,not_published,Individual file not published; consult problem_documents for shared-paper availability.
problem,5634,ortvay,2017,,Problems,https://olimpicos.net/ortvay/index.html#2017,not_published,Individual file not published; consult problem_documents for shared-paper availability.
problem,5635,ortvay,2017,,Problems,https://olimpicos.net/ortvay/index.html#2017,not_published,Individual file not published; consult problem_documents for shared-paper availability.
problem,5636,ortvay,2017,,Problems,https://olimpicos.net/ortvay/index.html#2017,not_published,Individual file not published; consult problem_documents for shared-paper availability.
problem,5637,ortvay,2017,,Problems,https://olimpicos.net/ortvay/index.html#2017,not_published,Individual file not published; consult problem_documents for shared-paper availability.
problem,5638,ortvay,2017,,Problems,https://olimpicos.net/ortvay/index.html#2017,not_published,Individual file not published; consult problem_documents for shared-paper availability.
problem,5639,ortvay,2017,,Problems,https://olimpicos.net/ortvay/index.html#2017,not_published,Individual file not published; consult problem_documents for shared-paper availability.
problem,5640,ortvay,2017,,Problems,https://olimpicos.net/ortvay/index.html#2017,not_published,Individual file not published; consult problem_documents for shared-paper availability.
problem,5641,ortvay,2017,,Problems,https://olimpicos.net/ortvay/index.html#2017,not_published,Individual file not published; consult problem_documents for shared-paper availability.
problem,5642,ortvay,2017,,Problems,https://olimpicos.net/ortvay/index.html#2017,not_published,Individual file not published; consult problem_documents for shared-paper availability.
problem,5643,ortvay,2017,,Problems,https://olimpicos.net/ortvay/index.html#2017,not_published,Individual file not published; consult problem_documents for shared-paper availability.
problem,5644,ortvay,2017,,Problems,https://olimpicos.net/ortvay/index.html#2017,not_published,Individual file not published; consult problem_documents for shared-paper availability.
problem,5645,ortvay,2017,,Problems,https://olimpicos.net/ortvay/index.html#2017,not_published,Individual file not published; consult problem_documents for shared-paper availability.
problem,5646,ortvay,2017,,Problems,https://olimpicos.net/ortvay/index.html#2017,not_published,Individual file not published; consult problem_documents for shared-paper availability.
problem,5647,ortvay,2017,,Problems,https://olimpicos.net/ortvay/index.html#2017,not_published,Individual file not published; consult problem_documents for shared-paper availability.
problem,5648,ortvay,2017,,Problems,https://olimpicos.net/ortvay/index.html#2017,not_published,Individual file not published; consult problem_documents for shared-paper availability.
problem,5649,ortvay,2017,,Problems,https://olimpicos.net/ortvay/index.html#2017,not_published,Individual file not published; consult problem_documents for shared-paper availability.
problem,5650,ortvay,2017,,Problems,https://olimpicos.net/ortvay/index.html#2017,not_published,Individual file not published; consult problem_documents for shared-paper availability.
problem,5651,ortvay,2017,,Problems,https://olimpicos.net/ortvay/index.html#2017,not_published,Individual file not published; consult problem_documents for shared-paper availability.
problem,5652,ortvay,2017,,Problems,https://olimpicos.net/ortvay/index.html#2017,not_published,Individual file not published; consult problem_documents for shared-paper availability.
problem,5653,ortvay,2017,,Problems,https://olimpicos.net/ortvay/index.html#2017,not_published,Individual file not published; consult problem_documents for shared-paper availability.
problem,5654,ortvay,2017,,Problems,https://olimpicos.net/ortvay/index.html#2017,not_published,Individual file not published; consult problem_documents for shared-paper availability.
problem,5655,ortvay,2017,,Problems,https://olimpicos.net/ortvay/index.html#2017,not_published,Individual file not published; consult problem_documents for shared-paper availability.
problem,5656,ortvay,2017,,Problems,https://olimpicos.net/ortvay/index.html#2017,not_published,Individual file not published; consult problem_documents for shared-paper availability.
problem,5657,ortvay,2017,,Problems,https://olimpicos.net/ortvay/index.html#2017,not_published,Individual file not published; consult problem_documents for shared-paper availability.
problem,5658,ortvay,2017,,Problems,https://olimpicos.net/ortvay/index.html#2017,not_published,Individual file not published; consult problem_documents for shared-paper availability.
problem,5659,ortvay,2017,,Problems,https://olimpicos.net/ortvay/index.html#2017,not_published,Individual file not published; consult problem_documents for shared-paper availability.
problem,5660,ortvay,2017,,Problems,https://olimpicos.net/ortvay/index.html#2017,not_published,Individual file not published; consult problem_documents for shared-paper availability.
problem,5661,ortvay,2017,,Problems,https://olimpicos.net/ortvay/index.html#2017,not_published,Individual file not published; consult problem_documents for shared-paper availability.
problem,5662,ortvay,2017,,Problems,https://olimpicos.net/ortvay/index.html#2017,not_published,Individual file not published; consult problem_documents for shared-paper availability.
problem,5663,ortvay,2017,,Problems,https://olimpicos.net/ortvay/index.html#2017,not_published,Individual file not published; consult problem_documents for shared-paper availability.
problem,5664,ortvay,2017,,Problems,https://olimpicos.net/ortvay/index.html#2017,not_published,Individual file not published; consult problem_documents for shared-paper availability.
problem,5665,ortvay,2017,,Problems,https://olimpicos.net/ortvay/index.html#2017,not_published,Individual file not published; consult problem_documents for shared-paper availability.
problem,5666,ortvay,2017,,Problems,https://olimpicos.net/ortvay/index.html#2017,not_published,Individual file not published; consult problem_documents for shared-paper availability.
problem,5667,ortvay,2016,,Problems,https://olimpicos.net/ortvay/index.html#2016,not_published,Individual file not published; consult problem_documents for shared-paper availability.
problem,5668,ortvay,2016,,Problems,https://olimpicos.net/ortvay/index.html#2016,not_published,Individual file not published; consult problem_documents for shared-paper availability.
problem,5669,ortvay,2016,,Problems,https://olimpicos.net/ortvay/index.html#2016,not_published,Individual file not published; consult problem_documents for shared-paper availability.
problem,5670,ortvay,2016,,Problems,https://olimpicos.net/ortvay/index.html#2016,not_published,Individual file not published; consult problem_documents for shared-paper availability.
problem,5671,ortvay,2016,,Problems,https://olimpicos.net/ortvay/index.html#2016,not_published,Individual file not published; consult problem_documents for shared-paper availability.
problem,5672,ortvay,2016,,Problems,https://olimpicos.net/ortvay/index.html#2016,not_published,Individual file not published; consult problem_documents for shared-paper availability.
problem,5673,ortvay,2016,,Problems,https://olimpicos.net/ortvay/index.html#2016,not_published,Individual file not published; consult problem_documents for shared-paper availability.
problem,5674,ortvay,2016,,Problems,https://olimpicos.net/ortvay/index.html#2016,not_published,Individual file not published; consult problem_documents for shared-paper availability.
problem,5675,ortvay,2016,,Problems,https://olimpicos.net/ortvay/index.html#2016,not_published,Individual file not published; consult problem_documents for shared-paper availability.
problem,5676,ortvay,2016,,Problems,https://olimpicos.net/ortvay/index.html#2016,not_published,Individual file not published; consult problem_documents for shared-paper availability.
problem,5677,ortvay,2016,,Problems,https://olimpicos.net/ortvay/index.html#2016,not_published,Individual file not published; consult problem_documents for shared-paper availability.
problem,5678,ortvay,2016,,Problems,https://olimpicos.net/ortvay/index.html#2016,not_published,Individual file not published; consult problem_documents for shared-paper availability.
problem,5679,ortvay,2016,,Problems,https://olimpicos.net/ortvay/index.html#2016,not_published,Individual file not published; consult problem_documents for shared-paper availability.
problem,5680,ortvay,2016,,Problems,https://olimpicos.net/ortvay/index.html#2016,not_published,Individual file not published; consult problem_documents for shared-paper availability.
problem,5681,ortvay,2016,,Problems,https://olimpicos.net/ortvay/index.html#2016,not_published,Individual file not published; consult problem_documents for shared-paper availability.
problem,5682,ortvay,2016,,Problems,https://olimpicos.net/ortvay/index.html#2016,not_published,Individual file not published; consult problem_documents for shared-paper availability.
problem,5683,ortvay,2016,,Problems,https://olimpicos.net/ortvay/index.html#2016,not_published,Individual file not published; consult problem_documents for shared-paper availability.
problem,5684,ortvay,2016,,Problems,https://olimpicos.net/ortvay/index.html#2016,not_published,Individual file not published; consult problem_documents for shared-paper availability.
problem,5685,ortvay,2016,,Problems,https://olimpicos.net/ortvay/index.html#2016,not_published,Individual file not published; consult problem_documents for shared-paper availability.
problem,5686,ortvay,2016,,Problems,https://olimpicos.net/ortvay/index.html#2016,not_published,Individual file not published; consult problem_documents for shared-paper availability.
problem,5687,ortvay,2016,,Problems,https://olimpicos.net/ortvay/index.html#2016,not_published,Individual file not published; consult problem_documents for shared-paper availability.
problem,5688,ortvay,2016,,Problems,https://olimpicos.net/ortvay/index.html#2016,not_published,Individual file not published; consult problem_documents for shared-paper availability.
problem,5689,ortvay,2016,,Problems,https://olimpicos.net/ortvay/index.html#2016,not_published,Individual file not published; consult problem_documents for shared-paper availability.
problem,5690,ortvay,2016,,Problems,https://olimpicos.net/ortvay/index.html#2016,not_published,Individual file not published; consult problem_documents for shared-paper availability.
problem,5691,ortvay,2016,,Problems,https://olimpicos.net/ortvay/index.html#2016,not_published,Individual file not published; consult problem_documents for shared-paper availability.
problem,5692,ortvay,2016,,Problems,https://olimpicos.net/ortvay/index.html#2016,not_published,Individual file not published; consult problem_documents for shared-paper availability.
problem,5693,ortvay,2016,,Problems,https://olimpicos.net/ortvay/index.html#2016,not_published,Individual file not published; consult problem_documents for shared-paper availability.
problem,5694,ortvay,2016,,Problems,https://olimpicos.net/ortvay/index.html#2016,not_published,Individual file not published; consult problem_documents for shared-paper availability.
problem,5695,ortvay,2016,,Problems,https://olimpicos.net/ortvay/index.html#2016,not_published,Individual file not published; consult problem_documents for shared-paper availability.
problem,5696,ortvay,2016,,Problems,https://olimpicos.net/ortvay/index.html#2016,not_published,Individual file not published; consult problem_documents for shared-paper availability.
problem,5697,ortvay,2016,,Problems,https://olimpicos.net/ortvay/index.html#2016,not_published,Individual file not published; consult problem_documents for shared-paper availability.
problem,5698,ortvay,2016,,Problems,https://olimpicos.net/ortvay/index.html#2016,not_published,Individual file not published; consult problem_documents for shared-paper availability.
problem,5699,ortvay,2016,,Problems,https://olimpicos.net/ortvay/index.html#2016,not_published,Individual file not published; consult problem_documents for shared-paper availability.
problem,5700,ortvay,2016,,Problems,https://olimpicos.net/ortvay/index.html#2016,not_published,Individual file not published; consult problem_documents for shared-paper availability.
problem,5701,ortvay,2016,,Problems,https://olimpicos.net/ortvay/index.html#2016,not_published,Individual file not published; consult problem_documents for shared-paper availability.
problem,5702,ortvay,2016,,Problems,https://olimpicos.net/ortvay/index.html#2016,not_published,Individual file not published; consult problem_documents for shared-paper availability.
problem,5703,ortvay,2015,,Problems,https://olimpicos.net/ortvay/index.html#2015,not_published,Individual file not published; consult problem_documents for shared-paper availability.
problem,5704,ortvay,2015,,Problems,https://olimpicos.net/ortvay/index.html#2015,not_published,Individual file not published; consult problem_documents for shared-paper availability.
problem,5705,ortvay,2015,,Problems,https://olimpicos.net/ortvay/index.html#2015,not_published,Individual file not published; consult problem_documents for shared-paper availability.
problem,5706,ortvay,2015,,Problems,https://olimpicos.net/ortvay/index.html#2015,not_published,Individual file not published; consult problem_documents for shared-paper availability.
problem,5707,ortvay,2015,,Problems,https://olimpicos.net/ortvay/index.html#2015,not_published,Individual file not published; consult problem_documents for shared-paper availability.
problem,5708,ortvay,2015,,Problems,https://olimpicos.net/ortvay/index.html#2015,not_published,Individual file not published; consult problem_documents for shared-paper availability.
problem,5709,ortvay,2015,,Problems,https://olimpicos.net/ortvay/index.html#2015,not_published,Individual file not published; consult problem_documents for shared-paper availability.
problem,5710,ortvay,2015,,Problems,https://olimpicos.net/ortvay/index.html#2015,not_published,Individual file not published; consult problem_documents for shared-paper availability.
problem,5711,ortvay,2015,,Problems,https://olimpicos.net/ortvay/index.html#2015,not_published,Individual file not published; consult problem_documents for shared-paper availability.
problem,5712,ortvay,2015,,Problems,https://olimpicos.net/ortvay/index.html#2015,not_published,Individual file not published; consult problem_documents for shared-paper availability.
problem,5713,ortvay,2015,,Problems,https://olimpicos.net/ortvay/index.html#2015,not_published,Individual file not published; consult problem_documents for shared-paper availability.
problem,5714,ortvay,2015,,Problems,https://olimpicos.net/ortvay/index.html#2015,not_published,Individual file not published; consult problem_documents for shared-paper availability.
problem,5715,ortvay,2015,,Problems,https://olimpicos.net/ortvay/index.html#2015,not_published,Individual file not published; consult problem_documents for shared-paper availability.
problem,5716,ortvay,2015,,Problems,https://olimpicos.net/ortvay/index.html#2015,not_published,Individual file not published; consult problem_documents for shared-paper availability.
problem,5717,ortvay,2015,,Problems,https://olimpicos.net/ortvay/index.html#2015,not_published,Individual file not published; consult problem_documents for shared-paper availability.
problem,5718,ortvay,2015,,Problems,https://olimpicos.net/ortvay/index.html#2015,not_published,Individual file not published; consult problem_documents for shared-paper availability.
problem,5719,ortvay,2015,,Problems,https://olimpicos.net/ortvay/index.html#2015,not_published,Individual file not published; consult problem_documents for shared-paper availability.
problem,5720,ortvay,2015,,Problems,https://olimpicos.net/ortvay/index.html#2015,not_published,Individual file not published; consult problem_documents for shared-paper availability.
problem,5721,ortvay,2015,,Problems,https://olimpicos.net/ortvay/index.html#2015,not_published,Individual file not published; consult problem_documents for shared-paper availability.
problem,5722,ortvay,2015,,Problems,https://olimpicos.net/ortvay/index.html#2015,not_published,Individual file not published; consult problem_documents for shared-paper availability.
problem,5723,ortvay,2015,,Problems,https://olimpicos.net/ortvay/index.html#2015,not_published,Individual file not published; consult problem_documents for shared-paper availability.
problem,5724,ortvay,2015,,Problems,https://olimpicos.net/ortvay/index.html#2015,not_published,Individual file not published; consult problem_documents for shared-paper availability.
problem,5725,ortvay,2015,,Problems,https://olimpicos.net/ortvay/index.html#2015,not_published,Individual file not published; consult problem_documents for shared-paper availability.
problem,5726,ortvay,2015,,Problems,https://olimpicos.net/ortvay/index.html#2015,not_published,Individual file not published; consult problem_documents for shared-paper availability.
problem,5727,ortvay,2015,,Problems,https://olimpicos.net/ortvay/index.html#2015,not_published,Individual file not published; consult problem_documents for shared-paper availability.
problem,5728,ortvay,2015,,Problems,https://olimpicos.net/ortvay/index.html#2015,not_published,Individual file not published; consult problem_documents for shared-paper availability.
problem,5729,ortvay,2015,,Problems,https://olimpicos.net/ortvay/index.html#2015,not_published,Individual file not published; consult problem_documents for shared-paper availability.
problem,5730,ortvay,2015,,Problems,https://olimpicos.net/ortvay/index.html#2015,not_published,Individual file not published; consult problem_documents for shared-paper availability.
problem,5731,ortvay,2015,,Problems,https://olimpicos.net/ortvay/index.html#2015,not_published,Individual file not published; consult problem_documents for shared-paper availability.
problem,5732,ortvay,2015,,Problems,https://olimpicos.net/ortvay/index.html#2015,not_published,Individual file not published; consult problem_documents for shared-paper availability.
problem,5733,ortvay,2015,,Problems,https://olimpicos.net/ortvay/index.html#2015,not_published,Individual file not published; consult problem_documents for shared-paper availability.
problem,5734,ortvay,2014,,Problems,https://olimpicos.net/ortvay/index.html#2014,not_published,Individual file not published; consult problem_documents for shared-paper availability.
problem,5735,ortvay,2014,,Problems,https://olimpicos.net/ortvay/index.html#2014,not_published,Individual file not published; consult problem_documents for shared-paper availability.
problem,5736,ortvay,2014,,Problems,https://olimpicos.net/ortvay/index.html#2014,not_published,Individual file not published; consult problem_documents for shared-paper availability.
problem,5737,ortvay,2014,,Problems,https://olimpicos.net/ortvay/index.html#2014,not_published,Individual file not published; consult problem_documents for shared-paper availability.
problem,5738,ortvay,2014,,Problems,https://olimpicos.net/ortvay/index.html#2014,not_published,Individual file not published; consult problem_documents for shared-paper availability.
problem,5739,ortvay,2014,,Problems,https://olimpicos.net/ortvay/index.html#2014,not_published,Individual file not published; consult problem_documents for shared-paper availability.
problem,5740,ortvay,2014,,Problems,https://olimpicos.net/ortvay/index.html#2014,not_published,Individual file not published; consult problem_documents for shared-paper availability.
problem,5741,ortvay,2014,,Problems,https://olimpicos.net/ortvay/index.html#2014,not_published,Individual file not published; consult problem_documents for shared-paper availability.
problem,5742,ortvay,2014,,Problems,https://olimpicos.net/ortvay/index.html#2014,not_published,Individual file not published; consult problem_documents for shared-paper availability.
problem,5743,ortvay,2014,,Problems,https://olimpicos.net/ortvay/index.html#2014,not_published,Individual file not published; consult problem_documents for shared-paper availability.
problem,5744,ortvay,2014,,Problems,https://olimpicos.net/ortvay/index.html#2014,not_published,Individual file not published; consult problem_documents for shared-paper availability.
problem,5745,ortvay,2014,,Problems,https://olimpicos.net/ortvay/index.html#2014,not_published,Individual file not published; consult problem_documents for shared-paper availability.
problem,5746,ortvay,2014,,Problems,https://olimpicos.net/ortvay/index.html#2014,not_published,Individual file not published; consult problem_documents for shared-paper availability.
problem,5747,ortvay,2014,,Problems,https://olimpicos.net/ortvay/index.html#2014,not_published,Individual file not published; consult problem_documents for shared-paper availability.
problem,5748,ortvay,2014,,Problems,https://olimpicos.net/ortvay/index.html#2014,not_published,Individual file not published; consult problem_documents for shared-paper availability.
problem,5749,ortvay,2014,,Problems,https://olimpicos.net/ortvay/index.html#2014,not_published,Individual file not published; consult problem_documents for shared-paper availability.
problem,5750,ortvay,2014,,Problems,https://olimpicos.net/ortvay/index.html#2014,not_published,Individual file not published; consult problem_documents for shared-paper availability.
problem,5751,ortvay,2014,,Problems,https://olimpicos.net/ortvay/index.html#2014,not_published,Individual file not published; consult problem_documents for shared-paper availability.
problem,5752,ortvay,2014,,Problems,https://olimpicos.net/ortvay/index.html#2014,not_published,Individual file not published; consult problem_documents for shared-paper availability.
problem,5753,ortvay,2014,,Problems,https://olimpicos.net/ortvay/index.html#2014,not_published,Individual file not published; consult problem_documents for shared-paper availability.
problem,5754,ortvay,2014,,Problems,https://olimpicos.net/ortvay/index.html#2014,not_published,Individual file not published; consult problem_documents for shared-paper availability.
problem,5755,ortvay,2014,,Problems,https://olimpicos.net/ortvay/index.html#2014,not_published,Individual file not published; consult problem_documents for shared-paper availability.
problem,5756,ortvay,2014,,Problems,https://olimpicos.net/ortvay/index.html#2014,not_published,Individual file not published; consult problem_documents for shared-paper availability.
problem,5757,ortvay,2014,,Problems,https://olimpicos.net/ortvay/index.html#2014,not_published,Individual file not published; consult problem_documents for shared-paper availability.
problem,5758,ortvay,2014,,Problems,https://olimpicos.net/ortvay/index.html#2014,not_published,Individual file not published; consult problem_documents for shared-paper availability.
problem,5759,ortvay,2014,,Problems,https://olimpicos.net/ortvay/index.html#2014,not_published,Individual file not published; consult problem_documents for shared-paper availability.
problem,5760,ortvay,2014,,Problems,https://olimpicos.net/ortvay/index.html#2014,not_published,Individual file not published; consult problem_documents for shared-paper availability.
problem,5761,ortvay,2014,,Problems,https://olimpicos.net/ortvay/index.html#2014,not_published,Individual file not published; consult problem_documents for shared-paper availability.
problem,5762,ortvay,2014,,Problems,https://olimpicos.net/ortvay/index.html#2014,not_published,Individual file not published; consult problem_documents for shared-paper availability.
problem,5763,ortvay,2014,,Problems,https://olimpicos.net/ortvay/index.html#2014,not_published,Individual file not published; consult problem_documents for shared-paper availability.
problem,5764,ortvay,2014,,Problems,https://olimpicos.net/ortvay/index.html#2014,not_published,Individual file not published; consult problem_documents for shared-paper availability.
problem,5765,ortvay,2014,,Problems,https://olimpicos.net/ortvay/index.html#2014,not_published,Individual file not published; consult problem_documents for shared-paper availability.
problem,5766,ortvay,2014,,Problems,https://olimpicos.net/ortvay/index.html#2014,not_published,Individual file not published; consult problem_documents for shared-paper availability.
problem,5767,ortvay,2014,,Problems,https://olimpicos.net/ortvay/index.html#2014,not_published,Individual file not published; consult problem_documents for shared-paper availability.
problem,5768,ortvay,2014,,Problems,https://olimpicos.net/ortvay/index.html#2014,not_published,Individual file not published; consult problem_documents for shared-paper availability.
problem,5769,ortvay,2013,,Problems,https://olimpicos.net/ortvay/index.html#2013,not_published,Individual file not published; consult problem_documents for shared-paper availability.
problem,5770,ortvay,2013,,Problems,https://olimpicos.net/ortvay/index.html#2013,not_published,Individual file not published; consult problem_documents for shared-paper availability.
problem,5771,ortvay,2013,,Problems,https://olimpicos.net/ortvay/index.html#2013,not_published,Individual file not published; consult problem_documents for shared-paper availability.
problem,5772,ortvay,2013,,Problems,https://olimpicos.net/ortvay/index.html#2013,not_published,Individual file not published; consult problem_documents for shared-paper availability.
problem,5773,ortvay,2013,,Problems,https://olimpicos.net/ortvay/index.html#2013,not_published,Individual file not published; consult problem_documents for shared-paper availability.
problem,5774,ortvay,2013,,Problems,https://olimpicos.net/ortvay/index.html#2013,not_published,Individual file not published; consult problem_documents for shared-paper availability.
problem,5775,ortvay,2013,,Problems,https://olimpicos.net/ortvay/index.html#2013,not_published,Individual file not published; consult problem_documents for shared-paper availability.
problem,5776,ortvay,2013,,Problems,https://olimpicos.net/ortvay/index.html#2013,not_published,Individual file not published; consult problem_documents for shared-paper availability.
problem,5777,ortvay,2013,,Problems,https://olimpicos.net/ortvay/index.html#2013,not_published,Individual file not published; consult problem_documents for shared-paper availability.
problem,5778,ortvay,2013,,Problems,https://olimpicos.net/ortvay/index.html#2013,not_published,Individual file not published; consult problem_documents for shared-paper availability.
problem,5779,ortvay,2013,,Problems,https://olimpicos.net/ortvay/index.html#2013,not_published,Individual file not published; consult problem_documents for shared-paper availability.
problem,5780,ortvay,2013,,Problems,https://olimpicos.net/ortvay/index.html#2013,not_published,Individual file not published; consult problem_documents for shared-paper availability.
problem,5781,ortvay,2013,,Problems,https://olimpicos.net/ortvay/index.html#2013,not_published,Individual file not published; consult problem_documents for shared-paper availability.
problem,5782,ortvay,2013,,Problems,https://olimpicos.net/ortvay/index.html#2013,not_published,Individual file not published; consult problem_documents for shared-paper availability.
problem,5783,ortvay,2013,,Problems,https://olimpicos.net/ortvay/index.html#2013,not_published,Individual file not published; consult problem_documents for shared-paper availability.
problem,5784,ortvay,2013,,Problems,https://olimpicos.net/ortvay/index.html#2013,not_published,Individual file not published; consult problem_documents for shared-paper availability.
problem,5785,ortvay,2013,,Problems,https://olimpicos.net/ortvay/index.html#2013,not_published,Individual file not published; consult problem_documents for shared-paper availability.
problem,5786,ortvay,2013,,Problems,https://olimpicos.net/ortvay/index.html#2013,not_published,Individual file not published; consult problem_documents for shared-paper availability.
problem,5787,ortvay,2013,,Problems,https://olimpicos.net/ortvay/index.html#2013,not_published,Individual file not published; consult problem_documents for shared-paper availability.
problem,5788,ortvay,2013,,Problems,https://olimpicos.net/ortvay/index.html#2013,not_published,Individual file not published; consult problem_documents for shared-paper availability.
problem,5789,ortvay,2013,,Problems,https://olimpicos.net/ortvay/index.html#2013,not_published,Individual file not published; consult problem_documents for shared-paper availability.
problem,5790,ortvay,2013,,Problems,https://olimpicos.net/ortvay/index.html#2013,not_published,Individual file not published; consult problem_documents for shared-paper availability.
problem,5791,ortvay,2013,,Problems,https://olimpicos.net/ortvay/index.html#2013,not_published,Individual file not published; consult problem_documents for shared-paper availability.
problem,5792,ortvay,2013,,Problems,https://olimpicos.net/ortvay/index.html#2013,not_published,Individual file not published; consult problem_documents for shared-paper availability.
problem,5793,ortvay,2013,,Problems,https://olimpicos.net/ortvay/index.html#2013,not_published,Individual file not published; consult problem_documents for shared-paper availability.
problem,5794,ortvay,2013,,Problems,https://olimpicos.net/ortvay/index.html#2013,not_published,Individual file not published; consult problem_documents for shared-paper availability.
problem,5795,ortvay,2013,,Problems,https://olimpicos.net/ortvay/index.html#2013,not_published,Individual file not published; consult problem_documents for shared-paper availability.
problem,5796,ortvay,2013,,Problems,https://olimpicos.net/ortvay/index.html#2013,not_published,Individual file not published; consult problem_documents for shared-paper availability.
problem,5797,ortvay,2013,,Problems,https://olimpicos.net/ortvay/index.html#2013,not_published,Individual file not published; consult problem_documents for shared-paper availability.
problem,5798,ortvay,2013,,Problems,https://olimpicos.net/ortvay/index.html#2013,not_published,Individual file not published; consult problem_documents for shared-paper availability.
problem,5799,ortvay,2013,,Problems,https://olimpicos.net/ortvay/index.html#2013,not_published,Individual file not published; consult problem_documents for shared-paper availability.
problem,5800,ortvay,2012,,Problems,https://olimpicos.net/ortvay/index.html#2012,not_published,Individual file not published; consult problem_documents for shared-paper availability.
problem,5801,ortvay,2012,,Problems,https://olimpicos.net/ortvay/index.html#2012,not_published,Individual file not published; consult problem_documents for shared-paper availability.
problem,5802,ortvay,2012,,Problems,https://olimpicos.net/ortvay/index.html#2012,not_published,Individual file not published; consult problem_documents for shared-paper availability.
problem,5803,ortvay,2012,,Problems,https://olimpicos.net/ortvay/index.html#2012,not_published,Individual file not published; consult problem_documents for shared-paper availability.
problem,5804,ortvay,2012,,Problems,https://olimpicos.net/ortvay/index.html#2012,not_published,Individual file not published; consult problem_documents for shared-paper availability.
problem,5805,ortvay,2012,,Problems,https://olimpicos.net/ortvay/index.html#2012,not_published,Individual file not published; consult problem_documents for shared-paper availability.
problem,5806,ortvay,2012,,Problems,https://olimpicos.net/ortvay/index.html#2012,not_published,Individual file not published; consult problem_documents for shared-paper availability.
problem,5807,ortvay,2012,,Problems,https://olimpicos.net/ortvay/index.html#2012,not_published,Individual file not published; consult problem_documents for shared-paper availability.
problem,5808,ortvay,2012,,Problems,https://olimpicos.net/ortvay/index.html#2012,not_published,Individual file not published; consult problem_documents for shared-paper availability.
problem,5809,ortvay,2012,,Problems,https://olimpicos.net/ortvay/index.html#2012,not_published,Individual file not published; consult problem_documents for shared-paper availability.
problem,5810,ortvay,2012,,Problems,https://olimpicos.net/ortvay/index.html#2012,not_published,Individual file not published; consult problem_documents for shared-paper availability.
problem,5811,ortvay,2012,,Problems,https://olimpicos.net/ortvay/index.html#2012,not_published,Individual file not published; consult problem_documents for shared-paper availability.
problem,5812,ortvay,2012,,Problems,https://olimpicos.net/ortvay/index.html#2012,not_published,Individual file not published; consult problem_documents for shared-paper availability.
problem,5813,ortvay,2012,,Problems,https://olimpicos.net/ortvay/index.html#2012,not_published,Individual file not published; consult problem_documents for shared-paper availability.
problem,5814,ortvay,2012,,Problems,https://olimpicos.net/ortvay/index.html#2012,not_published,Individual file not published; consult problem_documents for shared-paper availability.
problem,5815,ortvay,2012,,Problems,https://olimpicos.net/ortvay/index.html#2012,not_published,Individual file not published; consult problem_documents for shared-paper availability.
problem,5816,ortvay,2012,,Problems,https://olimpicos.net/ortvay/index.html#2012,not_published,Individual file not published; consult problem_documents for shared-paper availability.
problem,5817,ortvay,2012,,Problems,https://olimpicos.net/ortvay/index.html#2012,not_published,Individual file not published; consult problem_documents for shared-paper availability.
problem,5818,ortvay,2012,,Problems,https://olimpicos.net/ortvay/index.html#2012,not_published,Individual file not published; consult problem_documents for shared-paper availability.
problem,5819,ortvay,2012,,Problems,https://olimpicos.net/ortvay/index.html#2012,not_published,Individual file not published; consult problem_documents for shared-paper availability.
problem,5820,ortvay,2012,,Problems,https://olimpicos.net/ortvay/index.html#2012,not_published,Individual file not published; consult problem_documents for shared-paper availability.
problem,5821,ortvay,2012,,Problems,https://olimpicos.net/ortvay/index.html#2012,not_published,Individual file not published; consult problem_documents for shared-paper availability.
problem,5822,ortvay,2012,,Problems,https://olimpicos.net/ortvay/index.html#2012,not_published,Individual file not published; consult problem_documents for shared-paper availability.
problem,5823,ortvay,2012,,Problems,https://olimpicos.net/ortvay/index.html#2012,not_published,Individual file not published; consult problem_documents for shared-paper availability.
problem,5824,ortvay,2012,,Problems,https://olimpicos.net/ortvay/index.html#2012,not_published,Individual file not published; consult problem_documents for shared-paper availability.
problem,5825,ortvay,2012,,Problems,https://olimpicos.net/ortvay/index.html#2012,not_published,Individual file not published; consult problem_documents for shared-paper availability.
problem,5826,ortvay,2012,,Problems,https://olimpicos.net/ortvay/index.html#2012,not_published,Individual file not published; consult problem_documents for shared-paper availability.
problem,5827,ortvay,2012,,Problems,https://olimpicos.net/ortvay/index.html#2012,not_published,Individual file not published; consult problem_documents for shared-paper availability.
problem,5828,ortvay,2012,,Problems,https://olimpicos.net/ortvay/index.html#2012,not_published,Individual file not published; consult problem_documents for shared-paper availability.
problem,5829,ortvay,2011,,Problems,https://olimpicos.net/ortvay/index.html#2011,not_published,Individual file not published; consult problem_documents for shared-paper availability.
problem,5830,ortvay,2011,,Problems,https://olimpicos.net/ortvay/index.html#2011,not_published,Individual file not published; consult problem_documents for shared-paper availability.
problem,5831,ortvay,2011,,Problems,https://olimpicos.net/ortvay/index.html#2011,not_published,Individual file not published; consult problem_documents for shared-paper availability.
problem,5832,ortvay,2011,,Problems,https://olimpicos.net/ortvay/index.html#2011,not_published,Individual file not published; consult problem_documents for shared-paper availability.
problem,5833,ortvay,2011,,Problems,https://olimpicos.net/ortvay/index.html#2011,not_published,Individual file not published; consult problem_documents for shared-paper availability.
problem,5834,ortvay,2011,,Problems,https://olimpicos.net/ortvay/index.html#2011,not_published,Individual file not published; consult problem_documents for shared-paper availability.
problem,5835,ortvay,2011,,Problems,https://olimpicos.net/ortvay/index.html#2011,not_published,Individual file not published; consult problem_documents for shared-paper availability.
problem,5836,ortvay,2011,,Problems,https://olimpicos.net/ortvay/index.html#2011,not_published,Individual file not published; consult problem_documents for shared-paper availability.
problem,5837,ortvay,2011,,Problems,https://olimpicos.net/ortvay/index.html#2011,not_published,Individual file not published; consult problem_documents for shared-paper availability.
problem,5838,ortvay,2011,,Problems,https://olimpicos.net/ortvay/index.html#2011,not_published,Individual file not published; consult problem_documents for shared-paper availability.
problem,5839,ortvay,2011,,Problems,https://olimpicos.net/ortvay/index.html#2011,not_published,Individual file not published; consult problem_documents for shared-paper availability.
problem,5840,ortvay,2011,,Problems,https://olimpicos.net/ortvay/index.html#2011,not_published,Individual file not published; consult problem_documents for shared-paper availability.
problem,5841,ortvay,2011,,Problems,https://olimpicos.net/ortvay/index.html#2011,not_published,Individual file not published; consult problem_documents for shared-paper availability.
problem,5842,ortvay,2011,,Problems,https://olimpicos.net/ortvay/index.html#2011,not_published,Individual file not published; consult problem_documents for shared-paper availability.
problem,5843,ortvay,2011,,Problems,https://olimpicos.net/ortvay/index.html#2011,not_published,Individual file not published; consult problem_documents for shared-paper availability.
problem,5844,ortvay,2011,,Problems,https://olimpicos.net/ortvay/index.html#2011,not_published,Individual file not published; consult problem_documents for shared-paper availability.
problem,5845,ortvay,2011,,Problems,https://olimpicos.net/ortvay/index.html#2011,not_published,Individual file not published; consult problem_documents for shared-paper availability.
problem,5846,ortvay,2011,,Problems,https://olimpicos.net/ortvay/index.html#2011,not_published,Individual file not published; consult problem_documents for shared-paper availability.
problem,5847,ortvay,2011,,Problems,https://olimpicos.net/ortvay/index.html#2011,not_published,Individual file not published; consult problem_documents for shared-paper availability.
problem,5848,ortvay,2011,,Problems,https://olimpicos.net/ortvay/index.html#2011,not_published,Individual file not published; consult problem_documents for shared-paper availability.
problem,5849,ortvay,2011,,Problems,https://olimpicos.net/ortvay/index.html#2011,not_published,Individual file not published; consult problem_documents for shared-paper availability.
problem,5850,ortvay,2011,,Problems,https://olimpicos.net/ortvay/index.html#2011,not_published,Individual file not published; consult problem_documents for shared-paper availability.
problem,5851,ortvay,2011,,Problems,https://olimpicos.net/ortvay/index.html#2011,not_published,Individual file not published; consult problem_documents for shared-paper availability.
problem,5852,ortvay,2011,,Problems,https://olimpicos.net/ortvay/index.html#2011,not_published,Individual file not published; consult problem_documents for shared-paper availability.
problem,5853,ortvay,2011,,Problems,https://olimpicos.net/ortvay/index.html#2011,not_published,Individual file not published; consult problem_documents for shared-paper availability.
problem,5854,ortvay,2011,,Problems,https://olimpicos.net/ortvay/index.html#2011,not_published,Individual file not published; consult problem_documents for shared-paper availability.
problem,5855,ortvay,2011,,Problems,https://olimpicos.net/ortvay/index.html#2011,not_published,Individual file not published; consult problem_documents for shared-paper availability.
problem,5856,ortvay,2011,,Problems,https://olimpicos.net/ortvay/index.html#2011,not_published,Individual file not published; consult problem_documents for shared-paper availability.
problem,5857,ortvay,2011,,Problems,https://olimpicos.net/ortvay/index.html#2011,not_published,Individual file not published; consult problem_documents for shared-paper availability.
problem,5858,ortvay,2011,,Problems,https://olimpicos.net/ortvay/index.html#2011,not_published,Individual file not published; consult problem_documents for shared-paper availability.
problem,5859,ortvay,2011,,Problems,https://olimpicos.net/ortvay/index.html#2011,not_published,Individual file not published; consult problem_documents for shared-paper availability.
problem,5860,ortvay,2011,,Problems,https://olimpicos.net/ortvay/index.html#2011,not_published,Individual file not published; consult problem_documents for shared-paper availability.
problem,5861,ortvay,2011,,Problems,https://olimpicos.net/ortvay/index.html#2011,not_published,Individual file not published; consult problem_documents for shared-paper availability.
problem,5862,ortvay,2011,,Problems,https://olimpicos.net/ortvay/index.html#2011,not_published,Individual file not published; consult problem_documents for shared-paper availability.
problem,5863,ortvay,2011,,Problems,https://olimpicos.net/ortvay/index.html#2011,not_published,Individual file not published; consult problem_documents for shared-paper availability.
problem,5864,ortvay,2011,,Problems,https://olimpicos.net/ortvay/index.html#2011,not_published,Individual file not published; consult problem_documents for shared-paper availability.
problem,5865,ortvay,2011,,Problems,https://olimpicos.net/ortvay/index.html#2011,not_published,Individual file not published; consult problem_documents for shared-paper availability.
problem,5866,ortvay,2011,,Problems,https://olimpicos.net/ortvay/index.html#2011,not_published,Individual file not published; consult problem_documents for shared-paper availability.
problem,5867,ortvay,2011,,Problems,https://olimpicos.net/ortvay/index.html#2011,not_published,Individual file not published; consult problem_documents for shared-paper availability.
problem,5868,ortvay,2011,,Problems,https://olimpicos.net/ortvay/index.html#2011,not_published,Individual file not published; consult problem_documents for shared-paper availability.
problem,5869,ortvay,2011,,Problems,https://olimpicos.net/ortvay/index.html#2011,not_published,Individual file not published; consult problem_documents for shared-paper availability.
problem,5870,ortvay,2011,,Problems,https://olimpicos.net/ortvay/index.html#2011,not_published,Individual file not published; consult problem_documents for shared-paper availability.
problem,5871,ortvay,2010,,Problems,https://olimpicos.net/ortvay/index.html#2010,not_published,Individual file not published; consult problem_documents for shared-paper availability.
problem,5872,ortvay,2010,,Problems,https://olimpicos.net/ortvay/index.html#2010,not_published,Individual file not published; consult problem_documents for shared-paper availability.
problem,5873,ortvay,2010,,Problems,https://olimpicos.net/ortvay/index.html#2010,not_published,Individual file not published; consult problem_documents for shared-paper availability.
problem,5874,ortvay,2010,,Problems,https://olimpicos.net/ortvay/index.html#2010,not_published,Individual file not published; consult problem_documents for shared-paper availability.
problem,5875,ortvay,2010,,Problems,https://olimpicos.net/ortvay/index.html#2010,not_published,Individual file not published; consult problem_documents for shared-paper availability.
problem,5876,ortvay,2010,,Problems,https://olimpicos.net/ortvay/index.html#2010,not_published,Individual file not published; consult problem_documents for shared-paper availability.
problem,5877,ortvay,2010,,Problems,https://olimpicos.net/ortvay/index.html#2010,not_published,Individual file not published; consult problem_documents for shared-paper availability.
problem,5878,ortvay,2010,,Problems,https://olimpicos.net/ortvay/index.html#2010,not_published,Individual file not published; consult problem_documents for shared-paper availability.
problem,5879,ortvay,2010,,Problems,https://olimpicos.net/ortvay/index.html#2010,not_published,Individual file not published; consult problem_documents for shared-paper availability.
problem,5880,ortvay,2010,,Problems,https://olimpicos.net/ortvay/index.html#2010,not_published,Individual file not published; consult problem_documents for shared-paper availability.
problem,5881,ortvay,2010,,Problems,https://olimpicos.net/ortvay/index.html#2010,not_published,Individual file not published; consult problem_documents for shared-paper availability.
problem,5882,ortvay,2010,,Problems,https://olimpicos.net/ortvay/index.html#2010,not_published,Individual file not published; consult problem_documents for shared-paper availability.
problem,5883,ortvay,2010,,Problems,https://olimpicos.net/ortvay/index.html#2010,not_published,Individual file not published; consult problem_documents for shared-paper availability.
problem,5884,ortvay,2010,,Problems,https://olimpicos.net/ortvay/index.html#2010,not_published,Individual file not published; consult problem_documents for shared-paper availability.
problem,5885,ortvay,2010,,Problems,https://olimpicos.net/ortvay/index.html#2010,not_published,Individual file not published; consult problem_documents for shared-paper availability.
problem,5886,ortvay,2010,,Problems,https://olimpicos.net/ortvay/index.html#2010,not_published,Individual file not published; consult problem_documents for shared-paper availability.
problem,5887,ortvay,2010,,Problems,https://olimpicos.net/ortvay/index.html#2010,not_published,Individual file not published; consult problem_documents for shared-paper availability.
problem,5888,ortvay,2010,,Problems,https://olimpicos.net/ortvay/index.html#2010,not_published,Individual file not published; consult problem_documents for shared-paper availability.
problem,5889,ortvay,2010,,Problems,https://olimpicos.net/ortvay/index.html#2010,not_published,Individual file not published; consult problem_documents for shared-paper availability.
problem,5890,ortvay,2010,,Problems,https://olimpicos.net/ortvay/index.html#2010,not_published,Individual file not published; consult problem_documents for shared-paper availability.
problem,5891,ortvay,2010,,Problems,https://olimpicos.net/ortvay/index.html#2010,not_published,Individual file not published; consult problem_documents for shared-paper availability.
problem,5892,ortvay,2010,,Problems,https://olimpicos.net/ortvay/index.html#2010,not_published,Individual file not published; consult problem_documents for shared-paper availability.
problem,5893,ortvay,2010,,Problems,https://olimpicos.net/ortvay/index.html#2010,not_published,Individual file not published; consult problem_documents for shared-paper availability.
problem,5894,ortvay,2010,,Problems,https://olimpicos.net/ortvay/index.html#2010,not_published,Individual file not published; consult problem_documents for shared-paper availability.
problem,5895,ortvay,2010,,Problems,https://olimpicos.net/ortvay/index.html#2010,not_published,Individual file not published; consult problem_documents for shared-paper availability.
problem,5896,ortvay,2010,,Problems,https://olimpicos.net/ortvay/index.html#2010,not_published,Individual file not published; consult problem_documents for shared-paper availability.
problem,5897,ortvay,2010,,Problems,https://olimpicos.net/ortvay/index.html#2010,not_published,Individual file not published; consult problem_documents for shared-paper availability.
problem,5898,ortvay,2010,,Problems,https://olimpicos.net/ortvay/index.html#2010,not_published,Individual file not published; consult problem_documents for shared-paper availability.
problem,5899,ortvay,2010,,Problems,https://olimpicos.net/ortvay/index.html#2010,not_published,Individual file not published; consult problem_documents for shared-paper availability.
problem,5900,ortvay,2010,,Problems,https://olimpicos.net/ortvay/index.html#2010,not_published,Individual file not published; consult problem_documents for shared-paper availability.
problem,5901,ortvay,2010,,Problems,https://olimpicos.net/ortvay/index.html#2010,not_published,Individual file not published; consult problem_documents for shared-paper availability.
problem,5902,ortvay,2010,,Problems,https://olimpicos.net/ortvay/index.html#2010,not_published,Individual file not published; consult problem_documents for shared-paper availability.
problem,5903,ortvay,2010,,Problems,https://olimpicos.net/ortvay/index.html#2010,not_published,Individual file not published; consult problem_documents for shared-paper availability.
problem,5904,ortvay,2010,,Problems,https://olimpicos.net/ortvay/index.html#2010,not_published,Individual file not published; consult problem_documents for shared-paper availability.
problem,5905,ortvay,2010,,Problems,https://olimpicos.net/ortvay/index.html#2010,not_published,Individual file not published; consult problem_documents for shared-paper availability.
problem,5906,ortvay,2009,,Problems,https://olimpicos.net/ortvay/index.html#2009,not_published,Individual file not published; consult problem_documents for shared-paper availability.
problem,5907,ortvay,2009,,Problems,https://olimpicos.net/ortvay/index.html#2009,not_published,Individual file not published; consult problem_documents for shared-paper availability.
problem,5908,ortvay,2009,,Problems,https://olimpicos.net/ortvay/index.html#2009,not_published,Individual file not published; consult problem_documents for shared-paper availability.
problem,5909,ortvay,2009,,Problems,https://olimpicos.net/ortvay/index.html#2009,not_published,Individual file not published; consult problem_documents for shared-paper availability.
problem,5910,ortvay,2009,,Problems,https://olimpicos.net/ortvay/index.html#2009,not_published,Individual file not published; consult problem_documents for shared-paper availability.
problem,5911,ortvay,2009,,Problems,https://olimpicos.net/ortvay/index.html#2009,not_published,Individual file not published; consult problem_documents for shared-paper availability.
problem,5912,ortvay,2009,,Problems,https://olimpicos.net/ortvay/index.html#2009,not_published,Individual file not published; consult problem_documents for shared-paper availability.
problem,5913,ortvay,2009,,Problems,https://olimpicos.net/ortvay/index.html#2009,not_published,Individual file not published; consult problem_documents for shared-paper availability.
problem,5914,ortvay,2009,,Problems,https://olimpicos.net/ortvay/index.html#2009,not_published,Individual file not published; consult problem_documents for shared-paper availability.
problem,5915,ortvay,2009,,Problems,https://olimpicos.net/ortvay/index.html#2009,not_published,Individual file not published; consult problem_documents for shared-paper availability.
problem,5916,ortvay,2009,,Problems,https://olimpicos.net/ortvay/index.html#2009,not_published,Individual file not published; consult problem_documents for shared-paper availability.
problem,5917,ortvay,2009,,Problems,https://olimpicos.net/ortvay/index.html#2009,not_published,Individual file not published; consult problem_documents for shared-paper availability.
problem,5918,ortvay,2009,,Problems,https://olimpicos.net/ortvay/index.html#2009,not_published,Individual file not published; consult problem_documents for shared-paper availability.
problem,5919,ortvay,2009,,Problems,https://olimpicos.net/ortvay/index.html#2009,not_published,Individual file not published; consult problem_documents for shared-paper availability.
problem,5920,ortvay,2009,,Problems,https://olimpicos.net/ortvay/index.html#2009,not_published,Individual file not published; consult problem_documents for shared-paper availability.
problem,5921,ortvay,2009,,Problems,https://olimpicos.net/ortvay/index.html#2009,not_published,Individual file not published; consult problem_documents for shared-paper availability.
problem,5922,ortvay,2009,,Problems,https://olimpicos.net/ortvay/index.html#2009,not_published,Individual file not published; consult problem_documents for shared-paper availability.
problem,5923,ortvay,2009,,Problems,https://olimpicos.net/ortvay/index.html#2009,not_published,Individual file not published; consult problem_documents for shared-paper availability.
problem,5924,ortvay,2009,,Problems,https://olimpicos.net/ortvay/index.html#2009,not_published,Individual file not published; consult problem_documents for shared-paper availability.
problem,5925,ortvay,2009,,Problems,https://olimpicos.net/ortvay/index.html#2009,not_published,Individual file not published; consult problem_documents for shared-paper availability.
problem,5926,ortvay,2009,,Problems,https://olimpicos.net/ortvay/index.html#2009,not_published,Individual file not published; consult problem_documents for shared-paper availability.
problem,5927,ortvay,2009,,Problems,https://olimpicos.net/ortvay/index.html#2009,not_published,Individual file not published; consult problem_documents for shared-paper availability.
problem,5928,ortvay,2009,,Problems,https://olimpicos.net/ortvay/index.html#2009,not_published,Individual file not published; consult problem_documents for shared-paper availability.
problem,5929,ortvay,2009,,Problems,https://olimpicos.net/ortvay/index.html#2009,not_published,Individual file not published; consult problem_documents for shared-paper availability.
problem,5930,ortvay,2009,,Problems,https://olimpicos.net/ortvay/index.html#2009,not_published,Individual file not published; consult problem_documents for shared-paper availability.
problem,5931,ortvay,2009,,Problems,https://olimpicos.net/ortvay/index.html#2009,not_published,Individual file not published; consult problem_documents for shared-paper availability.
problem,5932,ortvay,2009,,Problems,https://olimpicos.net/ortvay/index.html#2009,not_published,Individual file not published; consult problem_documents for shared-paper availability.
problem,5933,ortvay,2009,,Problems,https://olimpicos.net/ortvay/index.html#2009,not_published,Individual file not published; consult problem_documents for shared-paper availability.
problem,5934,ortvay,2009,,Problems,https://olimpicos.net/ortvay/index.html#2009,not_published,Individual file not published; consult problem_documents for shared-paper availability.
problem,5935,ortvay,2009,,Problems,https://olimpicos.net/ortvay/index.html#2009,not_published,Individual file not published; consult problem_documents for shared-paper availability.
problem,5936,ortvay,2009,,Problems,https://olimpicos.net/ortvay/index.html#2009,not_published,Individual file not published; consult problem_documents for shared-paper availability.
problem,5937,ortvay,2008,,Problems,https://olimpicos.net/ortvay/index.html#2008,not_published,Individual file not published; consult problem_documents for shared-paper availability.
problem,5938,ortvay,2008,,Problems,https://olimpicos.net/ortvay/index.html#2008,not_published,Individual file not published; consult problem_documents for shared-paper availability.
problem,5939,ortvay,2008,,Problems,https://olimpicos.net/ortvay/index.html#2008,not_published,Individual file not published; consult problem_documents for shared-paper availability.
problem,5940,ortvay,2008,,Problems,https://olimpicos.net/ortvay/index.html#2008,not_published,Individual file not published; consult problem_documents for shared-paper availability.
problem,5941,ortvay,2008,,Problems,https://olimpicos.net/ortvay/index.html#2008,not_published,Individual file not published; consult problem_documents for shared-paper availability.
problem,5942,ortvay,2008,,Problems,https://olimpicos.net/ortvay/index.html#2008,not_published,Individual file not published; consult problem_documents for shared-paper availability.
problem,5943,ortvay,2008,,Problems,https://olimpicos.net/ortvay/index.html#2008,not_published,Individual file not published; consult problem_documents for shared-paper availability.
problem,5944,ortvay,2008,,Problems,https://olimpicos.net/ortvay/index.html#2008,not_published,Individual file not published; consult problem_documents for shared-paper availability.
problem,5945,ortvay,2008,,Problems,https://olimpicos.net/ortvay/index.html#2008,not_published,Individual file not published; consult problem_documents for shared-paper availability.
problem,5946,ortvay,2008,,Problems,https://olimpicos.net/ortvay/index.html#2008,not_published,Individual file not published; consult problem_documents for shared-paper availability.
problem,5947,ortvay,2008,,Problems,https://olimpicos.net/ortvay/index.html#2008,not_published,Individual file not published; consult problem_documents for shared-paper availability.
problem,5948,ortvay,2008,,Problems,https://olimpicos.net/ortvay/index.html#2008,not_published,Individual file not published; consult problem_documents for shared-paper availability.
problem,5949,ortvay,2008,,Problems,https://olimpicos.net/ortvay/index.html#2008,not_published,Individual file not published; consult problem_documents for shared-paper availability.
problem,5950,ortvay,2008,,Problems,https://olimpicos.net/ortvay/index.html#2008,not_published,Individual file not published; consult problem_documents for shared-paper availability.
problem,5951,ortvay,2008,,Problems,https://olimpicos.net/ortvay/index.html#2008,not_published,Individual file not published; consult problem_documents for shared-paper availability.
problem,5952,ortvay,2008,,Problems,https://olimpicos.net/ortvay/index.html#2008,not_published,Individual file not published; consult problem_documents for shared-paper availability.
problem,5953,ortvay,2008,,Problems,https://olimpicos.net/ortvay/index.html#2008,not_published,Individual file not published; consult problem_documents for shared-paper availability.
problem,5954,ortvay,2008,,Problems,https://olimpicos.net/ortvay/index.html#2008,not_published,Individual file not published; consult problem_documents for shared-paper availability.
problem,5955,ortvay,2008,,Problems,https://olimpicos.net/ortvay/index.html#2008,not_published,Individual file not published; consult problem_documents for shared-paper availability.
problem,5956,ortvay,2008,,Problems,https://olimpicos.net/ortvay/index.html#2008,not_published,Individual file not published; consult problem_documents for shared-paper availability.
problem,5957,ortvay,2008,,Problems,https://olimpicos.net/ortvay/index.html#2008,not_published,Individual file not published; consult problem_documents for shared-paper availability.
problem,5958,ortvay,2008,,Problems,https://olimpicos.net/ortvay/index.html#2008,not_published,Individual file not published; consult problem_documents for shared-paper availability.
problem,5959,ortvay,2008,,Problems,https://olimpicos.net/ortvay/index.html#2008,not_published,Individual file not published; consult problem_documents for shared-paper availability.
problem,5960,ortvay,2008,,Problems,https://olimpicos.net/ortvay/index.html#2008,not_published,Individual file not published; consult problem_documents for shared-paper availability.
problem,5961,ortvay,2008,,Problems,https://olimpicos.net/ortvay/index.html#2008,not_published,Individual file not published; consult problem_documents for shared-paper availability.
problem,5962,ortvay,2008,,Problems,https://olimpicos.net/ortvay/index.html#2008,not_published,Individual file not published; consult problem_documents for shared-paper availability.
problem,5963,ortvay,2008,,Problems,https://olimpicos.net/ortvay/index.html#2008,not_published,Individual file not published; consult problem_documents for shared-paper availability.
problem,5964,ortvay,2008,,Problems,https://olimpicos.net/ortvay/index.html#2008,not_published,Individual file not published; consult problem_documents for shared-paper availability.
problem,5965,ortvay,2008,,Problems,https://olimpicos.net/ortvay/index.html#2008,not_published,Individual file not published; consult problem_documents for shared-paper availability.
problem,5966,ortvay,2008,,Problems,https://olimpicos.net/ortvay/index.html#2008,not_published,Individual file not published; consult problem_documents for shared-paper availability.
problem,5967,ortvay,2008,,Problems,https://olimpicos.net/ortvay/index.html#2008,not_published,Individual file not published; consult problem_documents for shared-paper availability.
problem,5968,ortvay,2008,,Problems,https://olimpicos.net/ortvay/index.html#2008,not_published,Individual file not published; consult problem_documents for shared-paper availability.
problem,5969,ortvay,2008,,Problems,https://olimpicos.net/ortvay/index.html#2008,not_published,Individual file not published; consult problem_documents for shared-paper availability.
problem,5970,ortvay,2008,,Problems,https://olimpicos.net/ortvay/index.html#2008,not_published,Individual file not published; consult problem_documents for shared-paper availability.
problem,5971,ortvay,2008,,Problems,https://olimpicos.net/ortvay/index.html#2008,not_published,Individual file not published; consult problem_documents for shared-paper availability.
problem,5972,ortvay,2008,,Problems,https://olimpicos.net/ortvay/index.html#2008,not_published,Individual file not published; consult problem_documents for shared-paper availability.
problem,5973,ortvay,2007,,Problems,https://olimpicos.net/ortvay/index.html#2007,not_published,Individual file not published; consult problem_documents for shared-paper availability.
problem,5974,ortvay,2007,,Problems,https://olimpicos.net/ortvay/index.html#2007,not_published,Individual file not published; consult problem_documents for shared-paper availability.
problem,5975,ortvay,2007,,Problems,https://olimpicos.net/ortvay/index.html#2007,not_published,Individual file not published; consult problem_documents for shared-paper availability.
problem,5976,ortvay,2007,,Problems,https://olimpicos.net/ortvay/index.html#2007,not_published,Individual file not published; consult problem_documents for shared-paper availability.
problem,5977,ortvay,2007,,Problems,https://olimpicos.net/ortvay/index.html#2007,not_published,Individual file not published; consult problem_documents for shared-paper availability.
problem,5978,ortvay,2007,,Problems,https://olimpicos.net/ortvay/index.html#2007,not_published,Individual file not published; consult problem_documents for shared-paper availability.
problem,5979,ortvay,2007,,Problems,https://olimpicos.net/ortvay/index.html#2007,not_published,Individual file not published; consult problem_documents for shared-paper availability.
problem,5980,ortvay,2007,,Problems,https://olimpicos.net/ortvay/index.html#2007,not_published,Individual file not published; consult problem_documents for shared-paper availability.
problem,5981,ortvay,2007,,Problems,https://olimpicos.net/ortvay/index.html#2007,not_published,Individual file not published; consult problem_documents for shared-paper availability.
problem,5982,ortvay,2007,,Problems,https://olimpicos.net/ortvay/index.html#2007,not_published,Individual file not published; consult problem_documents for shared-paper availability.
problem,5983,ortvay,2007,,Problems,https://olimpicos.net/ortvay/index.html#2007,not_published,Individual file not published; consult problem_documents for shared-paper availability.
problem,5984,ortvay,2007,,Problems,https://olimpicos.net/ortvay/index.html#2007,not_published,Individual file not published; consult problem_documents for shared-paper availability.
problem,5985,ortvay,2007,,Problems,https://olimpicos.net/ortvay/index.html#2007,not_published,Individual file not published; consult problem_documents for shared-paper availability.
problem,5986,ortvay,2007,,Problems,https://olimpicos.net/ortvay/index.html#2007,not_published,Individual file not published; consult problem_documents for shared-paper availability.
problem,5987,ortvay,2007,,Problems,https://olimpicos.net/ortvay/index.html#2007,not_published,Individual file not published; consult problem_documents for shared-paper availability.
problem,5988,ortvay,2007,,Problems,https://olimpicos.net/ortvay/index.html#2007,not_published,Individual file not published; consult problem_documents for shared-paper availability.
problem,5989,ortvay,2007,,Problems,https://olimpicos.net/ortvay/index.html#2007,not_published,Individual file not published; consult problem_documents for shared-paper availability.
problem,5990,ortvay,2007,,Problems,https://olimpicos.net/ortvay/index.html#2007,not_published,Individual file not published; consult problem_documents for shared-paper availability.
problem,5991,ortvay,2007,,Problems,https://olimpicos.net/ortvay/index.html#2007,not_published,Individual file not published; consult problem_documents for shared-paper availability.
problem,5992,ortvay,2007,,Problems,https://olimpicos.net/ortvay/index.html#2007,not_published,Individual file not published; consult problem_documents for shared-paper availability.
problem,5993,ortvay,2007,,Problems,https://olimpicos.net/ortvay/index.html#2007,not_published,Individual file not published; consult problem_documents for shared-paper availability.
problem,5994,ortvay,2007,,Problems,https://olimpicos.net/ortvay/index.html#2007,not_published,Individual file not published; consult problem_documents for shared-paper availability.
problem,5995,ortvay,2007,,Problems,https://olimpicos.net/ortvay/index.html#2007,not_published,Individual file not published; consult problem_documents for shared-paper availability.
problem,5996,ortvay,2007,,Problems,https://olimpicos.net/ortvay/index.html#2007,not_published,Individual file not published; consult problem_documents for shared-paper availability.
problem,5997,ortvay,2007,,Problems,https://olimpicos.net/ortvay/index.html#2007,not_published,Individual file not published; consult problem_documents for shared-paper availability.
problem,5998,ortvay,2007,,Problems,https://olimpicos.net/ortvay/index.html#2007,not_published,Individual file not published; consult problem_documents for shared-paper availability.
problem,5999,ortvay,2007,,Problems,https://olimpicos.net/ortvay/index.html#2007,not_published,Individual file not published; consult problem_documents for shared-paper availability.
problem,6000,ortvay,2007,,Problems,https://olimpicos.net/ortvay/index.html#2007,not_published,Individual file not published; consult problem_documents for shared-paper availability.
problem,6001,ortvay,2007,,Problems,https://olimpicos.net/ortvay/index.html#2007,not_published,Individual file not published; consult problem_documents for shared-paper availability.
problem,6002,ortvay,2007,,Problems,https://olimpicos.net/ortvay/index.html#2007,not_published,Individual file not published; consult problem_documents for shared-paper availability.
problem,6003,ortvay,2007,,Problems,https://olimpicos.net/ortvay/index.html#2007,not_published,Individual file not published; consult problem_documents for shared-paper availability.
problem,6004,ortvay,2007,,Problems,https://olimpicos.net/ortvay/index.html#2007,not_published,Individual file not published; consult problem_documents for shared-paper availability.
problem,6005,ortvay,2006,,Problems,https://olimpicos.net/ortvay/index.html#2006,not_published,Individual file not published; consult problem_documents for shared-paper availability.
problem,6006,ortvay,2006,,Problems,https://olimpicos.net/ortvay/index.html#2006,not_published,Individual file not published; consult problem_documents for shared-paper availability.
problem,6007,ortvay,2006,,Problems,https://olimpicos.net/ortvay/index.html#2006,not_published,Individual file not published; consult problem_documents for shared-paper availability.
problem,6008,ortvay,2006,,Problems,https://olimpicos.net/ortvay/index.html#2006,not_published,Individual file not published; consult problem_documents for shared-paper availability.
problem,6009,ortvay,2006,,Problems,https://olimpicos.net/ortvay/index.html#2006,not_published,Individual file not published; consult problem_documents for shared-paper availability.
problem,6010,ortvay,2006,,Problems,https://olimpicos.net/ortvay/index.html#2006,not_published,Individual file not published; consult problem_documents for shared-paper availability.
problem,6011,ortvay,2006,,Problems,https://olimpicos.net/ortvay/index.html#2006,not_published,Individual file not published; consult problem_documents for shared-paper availability.
problem,6012,ortvay,2006,,Problems,https://olimpicos.net/ortvay/index.html#2006,not_published,Individual file not published; consult problem_documents for shared-paper availability.
problem,6013,ortvay,2006,,Problems,https://olimpicos.net/ortvay/index.html#2006,not_published,Individual file not published; consult problem_documents for shared-paper availability.
problem,6014,ortvay,2006,,Problems,https://olimpicos.net/ortvay/index.html#2006,not_published,Individual file not published; consult problem_documents for shared-paper availability.
problem,6015,ortvay,2006,,Problems,https://olimpicos.net/ortvay/index.html#2006,not_published,Individual file not published; consult problem_documents for shared-paper availability.
problem,6016,ortvay,2006,,Problems,https://olimpicos.net/ortvay/index.html#2006,not_published,Individual file not published; consult problem_documents for shared-paper availability.
problem,6017,ortvay,2006,,Problems,https://olimpicos.net/ortvay/index.html#2006,not_published,Individual file not published; consult problem_documents for shared-paper availability.
problem,6018,ortvay,2006,,Problems,https://olimpicos.net/ortvay/index.html#2006,not_published,Individual file not published; consult problem_documents for shared-paper availability.
problem,6019,ortvay,2006,,Problems,https://olimpicos.net/ortvay/index.html#2006,not_published,Individual file not published; consult problem_documents for shared-paper availability.
problem,6020,ortvay,2006,,Problems,https://olimpicos.net/ortvay/index.html#2006,not_published,Individual file not published; consult problem_documents for shared-paper availability.
problem,6021,ortvay,2006,,Problems,https://olimpicos.net/ortvay/index.html#2006,not_published,Individual file not published; consult problem_documents for shared-paper availability.
problem,6022,ortvay,2006,,Problems,https://olimpicos.net/ortvay/index.html#2006,not_published,Individual file not published; consult problem_documents for shared-paper availability.
problem,6023,ortvay,2006,,Problems,https://olimpicos.net/ortvay/index.html#2006,not_published,Individual file not published; consult problem_documents for shared-paper availability.
problem,6024,ortvay,2006,,Problems,https://olimpicos.net/ortvay/index.html#2006,not_published,Individual file not published; consult problem_documents for shared-paper availability.
problem,6025,ortvay,2006,,Problems,https://olimpicos.net/ortvay/index.html#2006,not_published,Individual file not published; consult problem_documents for shared-paper availability.
problem,6026,ortvay,2006,,Problems,https://olimpicos.net/ortvay/index.html#2006,not_published,Individual file not published; consult problem_documents for shared-paper availability.
problem,6027,ortvay,2006,,Problems,https://olimpicos.net/ortvay/index.html#2006,not_published,Individual file not published; consult problem_documents for shared-paper availability.
problem,6028,ortvay,2006,,Problems,https://olimpicos.net/ortvay/index.html#2006,not_published,Individual file not published; consult problem_documents for shared-paper availability.
problem,6029,ortvay,2006,,Problems,https://olimpicos.net/ortvay/index.html#2006,not_published,Individual file not published; consult problem_documents for shared-paper availability.
problem,6030,ortvay,2006,,Problems,https://olimpicos.net/ortvay/index.html#2006,not_published,Individual file not published; consult problem_documents for shared-paper availability.
problem,6031,ortvay,2006,,Problems,https://olimpicos.net/ortvay/index.html#2006,not_published,Individual file not published; consult problem_documents for shared-paper availability.
problem,6032,ortvay,2006,,Problems,https://olimpicos.net/ortvay/index.html#2006,not_published,Individual file not published; consult problem_documents for shared-paper availability.
problem,6033,ortvay,2006,,Problems,https://olimpicos.net/ortvay/index.html#2006,not_published,Individual file not published; consult problem_documents for shared-paper availability.
problem,6034,ortvay,2006,,Problems,https://olimpicos.net/ortvay/index.html#2006,not_published,Individual file not published; consult problem_documents for shared-paper availability.
problem,6035,ortvay,2006,,Problems,https://olimpicos.net/ortvay/index.html#2006,not_published,Individual file not published; consult problem_documents for shared-paper availability.
problem,6036,ortvay,2006,,Problems,https://olimpicos.net/ortvay/index.html#2006,not_published,Individual file not published; consult problem_documents for shared-paper availability.
problem,6037,ortvay,2006,,Problems,https://olimpicos.net/ortvay/index.html#2006,not_published,Individual file not published; consult problem_documents for shared-paper availability.
problem,6038,ortvay,2005,,Problems,https://olimpicos.net/ortvay/index.html#2005,not_published,Individual file not published; consult problem_documents for shared-paper availability.
problem,6039,ortvay,2005,,Problems,https://olimpicos.net/ortvay/index.html#2005,not_published,Individual file not published; consult problem_documents for shared-paper availability.
problem,6040,ortvay,2005,,Problems,https://olimpicos.net/ortvay/index.html#2005,not_published,Individual file not published; consult problem_documents for shared-paper availability.
problem,6041,ortvay,2005,,Problems,https://olimpicos.net/ortvay/index.html#2005,not_published,Individual file not published; consult problem_documents for shared-paper availability.
problem,6042,ortvay,2005,,Problems,https://olimpicos.net/ortvay/index.html#2005,not_published,Individual file not published; consult problem_documents for shared-paper availability.
problem,6043,ortvay,2005,,Problems,https://olimpicos.net/ortvay/index.html#2005,not_published,Individual file not published; consult problem_documents for shared-paper availability.
problem,6044,ortvay,2005,,Problems,https://olimpicos.net/ortvay/index.html#2005,not_published,Individual file not published; consult problem_documents for shared-paper availability.
problem,6045,ortvay,2005,,Problems,https://olimpicos.net/ortvay/index.html#2005,not_published,Individual file not published; consult problem_documents for shared-paper availability.
problem,6046,ortvay,2005,,Problems,https://olimpicos.net/ortvay/index.html#2005,not_published,Individual file not published; consult problem_documents for shared-paper availability.
problem,6047,ortvay,2005,,Problems,https://olimpicos.net/ortvay/index.html#2005,not_published,Individual file not published; consult problem_documents for shared-paper availability.
problem,6048,ortvay,2005,,Problems,https://olimpicos.net/ortvay/index.html#2005,not_published,Individual file not published; consult problem_documents for shared-paper availability.
problem,6049,ortvay,2005,,Problems,https://olimpicos.net/ortvay/index.html#2005,not_published,Individual file not published; consult problem_documents for shared-paper availability.
problem,6050,ortvay,2005,,Problems,https://olimpicos.net/ortvay/index.html#2005,not_published,Individual file not published; consult problem_documents for shared-paper availability.
problem,6051,ortvay,2005,,Problems,https://olimpicos.net/ortvay/index.html#2005,not_published,Individual file not published; consult problem_documents for shared-paper availability.
problem,6052,ortvay,2005,,Problems,https://olimpicos.net/ortvay/index.html#2005,not_published,Individual file not published; consult problem_documents for shared-paper availability.
problem,6053,ortvay,2005,,Problems,https://olimpicos.net/ortvay/index.html#2005,not_published,Individual file not published; consult problem_documents for shared-paper availability.
problem,6054,ortvay,2005,,Problems,https://olimpicos.net/ortvay/index.html#2005,not_published,Individual file not published; consult problem_documents for shared-paper availability.
problem,6055,ortvay,2005,,Problems,https://olimpicos.net/ortvay/index.html#2005,not_published,Individual file not published; consult problem_documents for shared-paper availability.
problem,6056,ortvay,2005,,Problems,https://olimpicos.net/ortvay/index.html#2005,not_published,Individual file not published; consult problem_documents for shared-paper availability.
problem,6057,ortvay,2005,,Problems,https://olimpicos.net/ortvay/index.html#2005,not_published,Individual file not published; consult problem_documents for shared-paper availability.
problem,6058,ortvay,2005,,Problems,https://olimpicos.net/ortvay/index.html#2005,not_published,Individual file not published; consult problem_documents for shared-paper availability.
problem,6059,ortvay,2005,,Problems,https://olimpicos.net/ortvay/index.html#2005,not_published,Individual file not published; consult problem_documents for shared-paper availability.
problem,6060,ortvay,2005,,Problems,https://olimpicos.net/ortvay/index.html#2005,not_published,Individual file not published; consult problem_documents for shared-paper availability.
problem,6061,ortvay,2005,,Problems,https://olimpicos.net/ortvay/index.html#2005,not_published,Individual file not published; consult problem_documents for shared-paper availability.
problem,6062,ortvay,2005,,Problems,https://olimpicos.net/ortvay/index.html#2005,not_published,Individual file not published; consult problem_documents for shared-paper availability.
problem,6063,ortvay,2005,,Problems,https://olimpicos.net/ortvay/index.html#2005,not_published,Individual file not published; consult problem_documents for shared-paper availability.
problem,6064,ortvay,2005,,Problems,https://olimpicos.net/ortvay/index.html#2005,not_published,Individual file not published; consult problem_documents for shared-paper availability.
problem,6065,ortvay,2005,,Problems,https://olimpicos.net/ortvay/index.html#2005,not_published,Individual file not published; consult problem_documents for shared-paper availability.
problem,6066,ortvay,2005,,Problems,https://olimpicos.net/ortvay/index.html#2005,not_published,Individual file not published; consult problem_documents for shared-paper availability.
problem,6067,ortvay,2005,,Problems,https://olimpicos.net/ortvay/index.html#2005,not_published,Individual file not published; consult problem_documents for shared-paper availability.
problem,6068,ortvay,2005,,Problems,https://olimpicos.net/ortvay/index.html#2005,not_published,Individual file not published; consult problem_documents for shared-paper availability.
problem,6069,ortvay,2005,,Problems,https://olimpicos.net/ortvay/index.html#2005,not_published,Individual file not published; consult problem_documents for shared-paper availability.
problem,6070,ortvay,2005,,Problems,https://olimpicos.net/ortvay/index.html#2005,not_published,Individual file not published; consult problem_documents for shared-paper availability.
problem,6071,ortvay,2005,,Problems,https://olimpicos.net/ortvay/index.html#2005,not_published,Individual file not published; consult problem_documents for shared-paper availability.
problem,6072,ortvay,2005,,Problems,https://olimpicos.net/ortvay/index.html#2005,not_published,Individual file not published; consult problem_documents for shared-paper availability.
problem,6073,ortvay,2005,,Problems,https://olimpicos.net/ortvay/index.html#2005,not_published,Individual file not published; consult problem_documents for shared-paper availability.
problem,6074,ortvay,2005,,Problems,https://olimpicos.net/ortvay/index.html#2005,not_published,Individual file not published; consult problem_documents for shared-paper availability.
problem,6075,ortvay,2005,,Problems,https://olimpicos.net/ortvay/index.html#2005,not_published,Individual file not published; consult problem_documents for shared-paper availability.
problem,6076,ortvay,2005,,Problems,https://olimpicos.net/ortvay/index.html#2005,not_published,Individual file not published; consult problem_documents for shared-paper availability.
problem,6077,ortvay,2005,,Problems,https://olimpicos.net/ortvay/index.html#2005,not_published,Individual file not published; consult problem_documents for shared-paper availability.
problem,6078,ortvay,2005,,Problems,https://olimpicos.net/ortvay/index.html#2005,not_published,Individual file not published; consult problem_documents for shared-paper availability.
problem,6079,ortvay,2005,,Problems,https://olimpicos.net/ortvay/index.html#2005,not_published,Individual file not published; consult problem_documents for shared-paper availability.
problem,6080,ortvay,2004,,Problems,https://olimpicos.net/ortvay/index.html#2004,not_published,Individual file not published; consult problem_documents for shared-paper availability.
problem,6081,ortvay,2004,,Problems,https://olimpicos.net/ortvay/index.html#2004,not_published,Individual file not published; consult problem_documents for shared-paper availability.
problem,6082,ortvay,2004,,Problems,https://olimpicos.net/ortvay/index.html#2004,not_published,Individual file not published; consult problem_documents for shared-paper availability.
problem,6083,ortvay,2004,,Problems,https://olimpicos.net/ortvay/index.html#2004,not_published,Individual file not published; consult problem_documents for shared-paper availability.
problem,6084,ortvay,2004,,Problems,https://olimpicos.net/ortvay/index.html#2004,not_published,Individual file not published; consult problem_documents for shared-paper availability.
problem,6085,ortvay,2004,,Problems,https://olimpicos.net/ortvay/index.html#2004,not_published,Individual file not published; consult problem_documents for shared-paper availability.
problem,6086,ortvay,2004,,Problems,https://olimpicos.net/ortvay/index.html#2004,not_published,Individual file not published; consult problem_documents for shared-paper availability.
problem,6087,ortvay,2004,,Problems,https://olimpicos.net/ortvay/index.html#2004,not_published,Individual file not published; consult problem_documents for shared-paper availability.
problem,6088,ortvay,2004,,Problems,https://olimpicos.net/ortvay/index.html#2004,not_published,Individual file not published; consult problem_documents for shared-paper availability.
problem,6089,ortvay,2004,,Problems,https://olimpicos.net/ortvay/index.html#2004,not_published,Individual file not published; consult problem_documents for shared-paper availability.
problem,6090,ortvay,2004,,Problems,https://olimpicos.net/ortvay/index.html#2004,not_published,Individual file not published; consult problem_documents for shared-paper availability.
problem,6091,ortvay,2004,,Problems,https://olimpicos.net/ortvay/index.html#2004,not_published,Individual file not published; consult problem_documents for shared-paper availability.
problem,6092,ortvay,2004,,Problems,https://olimpicos.net/ortvay/index.html#2004,not_published,Individual file not published; consult problem_documents for shared-paper availability.
problem,6093,ortvay,2004,,Problems,https://olimpicos.net/ortvay/index.html#2004,not_published,Individual file not published; consult problem_documents for shared-paper availability.
problem,6094,ortvay,2004,,Problems,https://olimpicos.net/ortvay/index.html#2004,not_published,Individual file not published; consult problem_documents for shared-paper availability.
problem,6095,ortvay,2004,,Problems,https://olimpicos.net/ortvay/index.html#2004,not_published,Individual file not published; consult problem_documents for shared-paper availability.
problem,6096,ortvay,2004,,Problems,https://olimpicos.net/ortvay/index.html#2004,not_published,Individual file not published; consult problem_documents for shared-paper availability.
problem,6097,ortvay,2004,,Problems,https://olimpicos.net/ortvay/index.html#2004,not_published,Individual file not published; consult problem_documents for shared-paper availability.
problem,6098,ortvay,2004,,Problems,https://olimpicos.net/ortvay/index.html#2004,not_published,Individual file not published; consult problem_documents for shared-paper availability.
problem,6099,ortvay,2004,,Problems,https://olimpicos.net/ortvay/index.html#2004,not_published,Individual file not published; consult problem_documents for shared-paper availability.
problem,6100,ortvay,2004,,Problems,https://olimpicos.net/ortvay/index.html#2004,not_published,Individual file not published; consult problem_documents for shared-paper availability.
problem,6101,ortvay,2004,,Problems,https://olimpicos.net/ortvay/index.html#2004,not_published,Individual file not published; consult problem_documents for shared-paper availability.
problem,6102,ortvay,2004,,Problems,https://olimpicos.net/ortvay/index.html#2004,not_published,Individual file not published; consult problem_documents for shared-paper availability.
problem,6103,ortvay,2004,,Problems,https://olimpicos.net/ortvay/index.html#2004,not_published,Individual file not published; consult problem_documents for shared-paper availability.
problem,6104,ortvay,2004,,Problems,https://olimpicos.net/ortvay/index.html#2004,not_published,Individual file not published; consult problem_documents for shared-paper availability.
problem,6105,ortvay,2004,,Problems,https://olimpicos.net/ortvay/index.html#2004,not_published,Individual file not published; consult problem_documents for shared-paper availability.
problem,6106,ortvay,2004,,Problems,https://olimpicos.net/ortvay/index.html#2004,not_published,Individual file not published; consult problem_documents for shared-paper availability.
problem,6107,ortvay,2004,,Problems,https://olimpicos.net/ortvay/index.html#2004,not_published,Individual file not published; consult problem_documents for shared-paper availability.
problem,6108,ortvay,2004,,Problems,https://olimpicos.net/ortvay/index.html#2004,not_published,Individual file not published; consult problem_documents for shared-paper availability.
problem,6109,ortvay,2004,,Problems,https://olimpicos.net/ortvay/index.html#2004,not_published,Individual file not published; consult problem_documents for shared-paper availability.
problem,6110,ortvay,2004,,Problems,https://olimpicos.net/ortvay/index.html#2004,not_published,Individual file not published; consult problem_documents for shared-paper availability.
problem,6111,ortvay,2004,,Problems,https://olimpicos.net/ortvay/index.html#2004,not_published,Individual file not published; consult problem_documents for shared-paper availability.
problem,6112,ortvay,2003,,Problems,https://olimpicos.net/ortvay/index.html#2003,not_published,Individual file not published; consult problem_documents for shared-paper availability.
problem,6113,ortvay,2003,,Problems,https://olimpicos.net/ortvay/index.html#2003,not_published,Individual file not published; consult problem_documents for shared-paper availability.
problem,6114,ortvay,2003,,Problems,https://olimpicos.net/ortvay/index.html#2003,not_published,Individual file not published; consult problem_documents for shared-paper availability.
problem,6115,ortvay,2003,,Problems,https://olimpicos.net/ortvay/index.html#2003,not_published,Individual file not published; consult problem_documents for shared-paper availability.
problem,6116,ortvay,2003,,Problems,https://olimpicos.net/ortvay/index.html#2003,not_published,Individual file not published; consult problem_documents for shared-paper availability.
problem,6117,ortvay,2003,,Problems,https://olimpicos.net/ortvay/index.html#2003,not_published,Individual file not published; consult problem_documents for shared-paper availability.
problem,6118,ortvay,2003,,Problems,https://olimpicos.net/ortvay/index.html#2003,not_published,Individual file not published; consult problem_documents for shared-paper availability.
problem,6119,ortvay,2003,,Problems,https://olimpicos.net/ortvay/index.html#2003,not_published,Individual file not published; consult problem_documents for shared-paper availability.
problem,6120,ortvay,2003,,Problems,https://olimpicos.net/ortvay/index.html#2003,not_published,Individual file not published; consult problem_documents for shared-paper availability.
problem,6121,ortvay,2003,,Problems,https://olimpicos.net/ortvay/index.html#2003,not_published,Individual file not published; consult problem_documents for shared-paper availability.
problem,6122,ortvay,2003,,Problems,https://olimpicos.net/ortvay/index.html#2003,not_published,Individual file not published; consult problem_documents for shared-paper availability.
problem,6123,ortvay,2003,,Problems,https://olimpicos.net/ortvay/index.html#2003,not_published,Individual file not published; consult problem_documents for shared-paper availability.
problem,6124,ortvay,2003,,Problems,https://olimpicos.net/ortvay/index.html#2003,not_published,Individual file not published; consult problem_documents for shared-paper availability.
problem,6125,ortvay,2003,,Problems,https://olimpicos.net/ortvay/index.html#2003,not_published,Individual file not published; consult problem_documents for shared-paper availability.
problem,6126,ortvay,2003,,Problems,https://olimpicos.net/ortvay/index.html#2003,not_published,Individual file not published; consult problem_documents for shared-paper availability.
problem,6127,ortvay,2003,,Problems,https://olimpicos.net/ortvay/index.html#2003,not_published,Individual file not published; consult problem_documents for shared-paper availability.
problem,6128,ortvay,2003,,Problems,https://olimpicos.net/ortvay/index.html#2003,not_published,Individual file not published; consult problem_documents for shared-paper availability.
problem,6129,ortvay,2003,,Problems,https://olimpicos.net/ortvay/index.html#2003,not_published,Individual file not published; consult problem_documents for shared-paper availability.
problem,6130,ortvay,2003,,Problems,https://olimpicos.net/ortvay/index.html#2003,not_published,Individual file not published; consult problem_documents for shared-paper availability.
problem,6131,ortvay,2003,,Problems,https://olimpicos.net/ortvay/index.html#2003,not_published,Individual file not published; consult problem_documents for shared-paper availability.
problem,6132,ortvay,2003,,Problems,https://olimpicos.net/ortvay/index.html#2003,not_published,Individual file not published; consult problem_documents for shared-paper availability.
problem,6133,ortvay,2003,,Problems,https://olimpicos.net/ortvay/index.html#2003,not_published,Individual file not published; consult problem_documents for shared-paper availability.
problem,6134,ortvay,2003,,Problems,https://olimpicos.net/ortvay/index.html#2003,not_published,Individual file not published; consult problem_documents for shared-paper availability.
problem,6135,ortvay,2003,,Problems,https://olimpicos.net/ortvay/index.html#2003,not_published,Individual file not published; consult problem_documents for shared-paper availability.
problem,6136,ortvay,2003,,Problems,https://olimpicos.net/ortvay/index.html#2003,not_published,Individual file not published; consult problem_documents for shared-paper availability.
problem,6137,ortvay,2003,,Problems,https://olimpicos.net/ortvay/index.html#2003,not_published,Individual file not published; consult problem_documents for shared-paper availability.
problem,6138,ortvay,2003,,Problems,https://olimpicos.net/ortvay/index.html#2003,not_published,Individual file not published; consult problem_documents for shared-paper availability.
problem,6139,ortvay,2003,,Problems,https://olimpicos.net/ortvay/index.html#2003,not_published,Individual file not published; consult problem_documents for shared-paper availability.
problem,6140,ortvay,2003,,Problems,https://olimpicos.net/ortvay/index.html#2003,not_published,Individual file not published; consult problem_documents for shared-paper availability.
problem,6141,ortvay,2003,,Problems,https://olimpicos.net/ortvay/index.html#2003,not_published,Individual file not published; consult problem_documents for shared-paper availability.
problem,6142,ortvay,2003,,Problems,https://olimpicos.net/ortvay/index.html#2003,not_published,Individual file not published; consult problem_documents for shared-paper availability.
problem,6143,ortvay,2003,,Problems,https://olimpicos.net/ortvay/index.html#2003,not_published,Individual file not published; consult problem_documents for shared-paper availability.
problem,6144,ortvay,2003,,Problems,https://olimpicos.net/ortvay/index.html#2003,not_published,Individual file not published; consult problem_documents for shared-paper availability.
problem,6145,ortvay,2003,,Problems,https://olimpicos.net/ortvay/index.html#2003,not_published,Individual file not published; consult problem_documents for shared-paper availability.
problem,6146,ortvay,2003,,Problems,https://olimpicos.net/ortvay/index.html#2003,not_published,Individual file not published; consult problem_documents for shared-paper availability.
problem,6147,ortvay,2003,,Problems,https://olimpicos.net/ortvay/index.html#2003,not_published,Individual file not published; consult problem_documents for shared-paper availability.
problem,6148,ortvay,2003,,Problems,https://olimpicos.net/ortvay/index.html#2003,not_published,Individual file not published; consult problem_documents for shared-paper availability.
problem,6149,ortvay,2003,,Problems,https://olimpicos.net/ortvay/index.html#2003,not_published,Individual file not published; consult problem_documents for shared-paper availability.
problem,6150,ortvay,2003,,Problems,https://olimpicos.net/ortvay/index.html#2003,not_published,Individual file not published; consult problem_documents for shared-paper availability.
problem,6151,ortvay,2003,,Problems,https://olimpicos.net/ortvay/index.html#2003,not_published,Individual file not published; consult problem_documents for shared-paper availability.
problem,6152,ortvay,2003,,Problems,https://olimpicos.net/ortvay/index.html#2003,not_published,Individual file not published; consult problem_documents for shared-paper availability.
problem,6153,ortvay,2003,,Problems,https://olimpicos.net/ortvay/index.html#2003,not_published,Individual file not published; consult problem_documents for shared-paper availability.
problem,6154,ortvay,2002,,Problems,https://olimpicos.net/ortvay/index.html#2002,not_published,Individual file not published; consult problem_documents for shared-paper availability.
problem,6155,ortvay,2002,,Problems,https://olimpicos.net/ortvay/index.html#2002,not_published,Individual file not published; consult problem_documents for shared-paper availability.
problem,6156,ortvay,2002,,Problems,https://olimpicos.net/ortvay/index.html#2002,not_published,Individual file not published; consult problem_documents for shared-paper availability.
problem,6157,ortvay,2002,,Problems,https://olimpicos.net/ortvay/index.html#2002,not_published,Individual file not published; consult problem_documents for shared-paper availability.
problem,6158,ortvay,2002,,Problems,https://olimpicos.net/ortvay/index.html#2002,not_published,Individual file not published; consult problem_documents for shared-paper availability.
problem,6159,ortvay,2002,,Problems,https://olimpicos.net/ortvay/index.html#2002,not_published,Individual file not published; consult problem_documents for shared-paper availability.
problem,6160,ortvay,2002,,Problems,https://olimpicos.net/ortvay/index.html#2002,not_published,Individual file not published; consult problem_documents for shared-paper availability.
problem,6161,ortvay,2002,,Problems,https://olimpicos.net/ortvay/index.html#2002,not_published,Individual file not published; consult problem_documents for shared-paper availability.
problem,6162,ortvay,2002,,Problems,https://olimpicos.net/ortvay/index.html#2002,not_published,Individual file not published; consult problem_documents for shared-paper availability.
problem,6163,ortvay,2002,,Problems,https://olimpicos.net/ortvay/index.html#2002,not_published,Individual file not published; consult problem_documents for shared-paper availability.
problem,6164,ortvay,2002,,Problems,https://olimpicos.net/ortvay/index.html#2002,not_published,Individual file not published; consult problem_documents for shared-paper availability.
problem,6165,ortvay,2002,,Problems,https://olimpicos.net/ortvay/index.html#2002,not_published,Individual file not published; consult problem_documents for shared-paper availability.
problem,6166,ortvay,2002,,Problems,https://olimpicos.net/ortvay/index.html#2002,not_published,Individual file not published; consult problem_documents for shared-paper availability.
problem,6167,ortvay,2002,,Problems,https://olimpicos.net/ortvay/index.html#2002,not_published,Individual file not published; consult problem_documents for shared-paper availability.
problem,6168,ortvay,2002,,Problems,https://olimpicos.net/ortvay/index.html#2002,not_published,Individual file not published; consult problem_documents for shared-paper availability.
problem,6169,ortvay,2002,,Problems,https://olimpicos.net/ortvay/index.html#2002,not_published,Individual file not published; consult problem_documents for shared-paper availability.
problem,6170,ortvay,2002,,Problems,https://olimpicos.net/ortvay/index.html#2002,not_published,Individual file not published; consult problem_documents for shared-paper availability.
problem,6171,ortvay,2002,,Problems,https://olimpicos.net/ortvay/index.html#2002,not_published,Individual file not published; consult problem_documents for shared-paper availability.
problem,6172,ortvay,2002,,Problems,https://olimpicos.net/ortvay/index.html#2002,not_published,Individual file not published; consult problem_documents for shared-paper availability.
problem,6173,ortvay,2002,,Problems,https://olimpicos.net/ortvay/index.html#2002,not_published,Individual file not published; consult problem_documents for shared-paper availability.
problem,6174,ortvay,2002,,Problems,https://olimpicos.net/ortvay/index.html#2002,not_published,Individual file not published; consult problem_documents for shared-paper availability.
problem,6175,ortvay,2002,,Problems,https://olimpicos.net/ortvay/index.html#2002,not_published,Individual file not published; consult problem_documents for shared-paper availability.
problem,6176,ortvay,2002,,Problems,https://olimpicos.net/ortvay/index.html#2002,not_published,Individual file not published; consult problem_documents for shared-paper availability.
problem,6177,ortvay,2002,,Problems,https://olimpicos.net/ortvay/index.html#2002,not_published,Individual file not published; consult problem_documents for shared-paper availability.
problem,6178,ortvay,2002,,Problems,https://olimpicos.net/ortvay/index.html#2002,not_published,Individual file not published; consult problem_documents for shared-paper availability.
problem,6179,ortvay,2002,,Problems,https://olimpicos.net/ortvay/index.html#2002,not_published,Individual file not published; consult problem_documents for shared-paper availability.
problem,6180,ortvay,2002,,Problems,https://olimpicos.net/ortvay/index.html#2002,not_published,Individual file not published; consult problem_documents for shared-paper availability.
problem,6181,ortvay,2002,,Problems,https://olimpicos.net/ortvay/index.html#2002,not_published,Individual file not published; consult problem_documents for shared-paper availability.
problem,6182,ortvay,2002,,Problems,https://olimpicos.net/ortvay/index.html#2002,not_published,Individual file not published; consult problem_documents for shared-paper availability.
problem,6183,ortvay,2002,,Problems,https://olimpicos.net/ortvay/index.html#2002,not_published,Individual file not published; consult problem_documents for shared-paper availability.
problem,6184,ortvay,2002,,Problems,https://olimpicos.net/ortvay/index.html#2002,not_published,Individual file not published; consult problem_documents for shared-paper availability.
problem,6185,ortvay,2002,,Problems,https://olimpicos.net/ortvay/index.html#2002,not_published,Individual file not published; consult problem_documents for shared-paper availability.
problem,6186,ortvay,2002,,Problems,https://olimpicos.net/ortvay/index.html#2002,not_published,Individual file not published; consult problem_documents for shared-paper availability.
problem,6187,ortvay,2001,,Problems,https://olimpicos.net/ortvay/index.html#2001,not_published,Individual file not published; consult problem_documents for shared-paper availability.
problem,6188,ortvay,2001,,Problems,https://olimpicos.net/ortvay/index.html#2001,not_published,Individual file not published; consult problem_documents for shared-paper availability.
problem,6189,ortvay,2001,,Problems,https://olimpicos.net/ortvay/index.html#2001,not_published,Individual file not published; consult problem_documents for shared-paper availability.
problem,6190,ortvay,2001,,Problems,https://olimpicos.net/ortvay/index.html#2001,not_published,Individual file not published; consult problem_documents for shared-paper availability.
problem,6191,ortvay,2001,,Problems,https://olimpicos.net/ortvay/index.html#2001,not_published,Individual file not published; consult problem_documents for shared-paper availability.
problem,6192,ortvay,2001,,Problems,https://olimpicos.net/ortvay/index.html#2001,not_published,Individual file not published; consult problem_documents for shared-paper availability.
problem,6193,ortvay,2001,,Problems,https://olimpicos.net/ortvay/index.html#2001,not_published,Individual file not published; consult problem_documents for shared-paper availability.
problem,6194,ortvay,2001,,Problems,https://olimpicos.net/ortvay/index.html#2001,not_published,Individual file not published; consult problem_documents for shared-paper availability.
problem,6195,ortvay,2001,,Problems,https://olimpicos.net/ortvay/index.html#2001,not_published,Individual file not published; consult problem_documents for shared-paper availability.
problem,6196,ortvay,2001,,Problems,https://olimpicos.net/ortvay/index.html#2001,not_published,Individual file not published; consult problem_documents for shared-paper availability.
problem,6197,ortvay,2001,,Problems,https://olimpicos.net/ortvay/index.html#2001,not_published,Individual file not published; consult problem_documents for shared-paper availability.
problem,6198,ortvay,2001,,Problems,https://olimpicos.net/ortvay/index.html#2001,not_published,Individual file not published; consult problem_documents for shared-paper availability.
problem,6199,ortvay,2001,,Problems,https://olimpicos.net/ortvay/index.html#2001,not_published,Individual file not published; consult problem_documents for shared-paper availability.
problem,6200,ortvay,2001,,Problems,https://olimpicos.net/ortvay/index.html#2001,not_published,Individual file not published; consult problem_documents for shared-paper availability.
problem,6201,ortvay,2001,,Problems,https://olimpicos.net/ortvay/index.html#2001,not_published,Individual file not published; consult problem_documents for shared-paper availability.
problem,6202,ortvay,2001,,Problems,https://olimpicos.net/ortvay/index.html#2001,not_published,Individual file not published; consult problem_documents for shared-paper availability.
problem,6203,ortvay,2001,,Problems,https://olimpicos.net/ortvay/index.html#2001,not_published,Individual file not published; consult problem_documents for shared-paper availability.
problem,6204,ortvay,2001,,Problems,https://olimpicos.net/ortvay/index.html#2001,not_published,Individual file not published; consult problem_documents for shared-paper availability.
problem,6205,ortvay,2001,,Problems,https://olimpicos.net/ortvay/index.html#2001,not_published,Individual file not published; consult problem_documents for shared-paper availability.
problem,6206,ortvay,2001,,Problems,https://olimpicos.net/ortvay/index.html#2001,not_published,Individual file not published; consult problem_documents for shared-paper availability.
problem,6207,ortvay,2001,,Problems,https://olimpicos.net/ortvay/index.html#2001,not_published,Individual file not published; consult problem_documents for shared-paper availability.
problem,6208,ortvay,2001,,Problems,https://olimpicos.net/ortvay/index.html#2001,not_published,Individual file not published; consult problem_documents for shared-paper availability.
problem,6209,ortvay,2001,,Problems,https://olimpicos.net/ortvay/index.html#2001,not_published,Individual file not published; consult problem_documents for shared-paper availability.
problem,6210,ortvay,2001,,Problems,https://olimpicos.net/ortvay/index.html#2001,not_published,Individual file not published; consult problem_documents for shared-paper availability.
problem,6211,ortvay,2001,,Problems,https://olimpicos.net/ortvay/index.html#2001,not_published,Individual file not published; consult problem_documents for shared-paper availability.
problem,6212,ortvay,2001,,Problems,https://olimpicos.net/ortvay/index.html#2001,not_published,Individual file not published; consult problem_documents for shared-paper availability.
problem,6213,ortvay,2001,,Problems,https://olimpicos.net/ortvay/index.html#2001,not_published,Individual file not published; consult problem_documents for shared-paper availability.
problem,6214,ortvay,2001,,Problems,https://olimpicos.net/ortvay/index.html#2001,not_published,Individual file not published; consult problem_documents for shared-paper availability.
problem,6215,ortvay,2001,,Problems,https://olimpicos.net/ortvay/index.html#2001,not_published,Individual file not published; consult problem_documents for shared-paper availability.
problem,6216,ortvay,2001,,Problems,https://olimpicos.net/ortvay/index.html#2001,not_published,Individual file not published; consult problem_documents for shared-paper availability.
problem,6217,ortvay,2001,,Problems,https://olimpicos.net/ortvay/index.html#2001,not_published,Individual file not published; consult problem_documents for shared-paper availability.
problem,6218,ortvay,2001,,Problems,https://olimpicos.net/ortvay/index.html#2001,not_published,Individual file not published; consult problem_documents for shared-paper availability.
problem,6219,ortvay,2001,,Problems,https://olimpicos.net/ortvay/index.html#2001,not_published,Individual file not published; consult problem_documents for shared-paper availability.
problem,6220,ortvay,2001,,Problems,https://olimpicos.net/ortvay/index.html#2001,not_published,Individual file not published; consult problem_documents for shared-paper availability.
problem,6221,ortvay,2000,,Problems,https://olimpicos.net/ortvay/index.html#2000,not_published,Individual file not published; consult problem_documents for shared-paper availability.
problem,6222,ortvay,2000,,Problems,https://olimpicos.net/ortvay/index.html#2000,not_published,Individual file not published; consult problem_documents for shared-paper availability.
problem,6223,ortvay,2000,,Problems,https://olimpicos.net/ortvay/index.html#2000,not_published,Individual file not published; consult problem_documents for shared-paper availability.
problem,6224,ortvay,2000,,Problems,https://olimpicos.net/ortvay/index.html#2000,not_published,Individual file not published; consult problem_documents for shared-paper availability.
problem,6225,ortvay,2000,,Problems,https://olimpicos.net/ortvay/index.html#2000,not_published,Individual file not published; consult problem_documents for shared-paper availability.
problem,6226,ortvay,2000,,Problems,https://olimpicos.net/ortvay/index.html#2000,not_published,Individual file not published; consult problem_documents for shared-paper availability.
problem,6227,ortvay,2000,,Problems,https://olimpicos.net/ortvay/index.html#2000,not_published,Individual file not published; consult problem_documents for shared-paper availability.
problem,6228,ortvay,2000,,Problems,https://olimpicos.net/ortvay/index.html#2000,not_published,Individual file not published; consult problem_documents for shared-paper availability.
problem,6229,ortvay,2000,,Problems,https://olimpicos.net/ortvay/index.html#2000,not_published,Individual file not published; consult problem_documents for shared-paper availability.
problem,6230,ortvay,2000,,Problems,https://olimpicos.net/ortvay/index.html#2000,not_published,Individual file not published; consult problem_documents for shared-paper availability.
problem,6231,ortvay,2000,,Problems,https://olimpicos.net/ortvay/index.html#2000,not_published,Individual file not published; consult problem_documents for shared-paper availability.
problem,6232,ortvay,2000,,Problems,https://olimpicos.net/ortvay/index.html#2000,not_published,Individual file not published; consult problem_documents for shared-paper availability.
problem,6233,ortvay,2000,,Problems,https://olimpicos.net/ortvay/index.html#2000,not_published,Individual file not published; consult problem_documents for shared-paper availability.
problem,6234,ortvay,2000,,Problems,https://olimpicos.net/ortvay/index.html#2000,not_published,Individual file not published; consult problem_documents for shared-paper availability.
problem,6235,ortvay,2000,,Problems,https://olimpicos.net/ortvay/index.html#2000,not_published,Individual file not published; consult problem_documents for shared-paper availability.
problem,6236,ortvay,2000,,Problems,https://olimpicos.net/ortvay/index.html#2000,not_published,Individual file not published; consult problem_documents for shared-paper availability.
problem,6237,ortvay,2000,,Problems,https://olimpicos.net/ortvay/index.html#2000,not_published,Individual file not published; consult problem_documents for shared-paper availability.
problem,6238,ortvay,2000,,Problems,https://olimpicos.net/ortvay/index.html#2000,not_published,Individual file not published; consult problem_documents for shared-paper availability.
problem,6239,ortvay,2000,,Problems,https://olimpicos.net/ortvay/index.html#2000,not_published,Individual file not published; consult problem_documents for shared-paper availability.
problem,6240,ortvay,2000,,Problems,https://olimpicos.net/ortvay/index.html#2000,not_published,Individual file not published; consult problem_documents for shared-paper availability.
problem,6241,ortvay,2000,,Problems,https://olimpicos.net/ortvay/index.html#2000,not_published,Individual file not published; consult problem_documents for shared-paper availability.
problem,6242,ortvay,2000,,Problems,https://olimpicos.net/ortvay/index.html#2000,not_published,Individual file not published; consult problem_documents for shared-paper availability.
problem,6243,ortvay,2000,,Problems,https://olimpicos.net/ortvay/index.html#2000,not_published,Individual file not published; consult problem_documents for shared-paper availability.
problem,6244,ortvay,2000,,Problems,https://olimpicos.net/ortvay/index.html#2000,not_published,Individual file not published; consult problem_documents for shared-paper availability.
problem,6245,ortvay,2000,,Problems,https://olimpicos.net/ortvay/index.html#2000,not_published,Individual file not published; consult problem_documents for shared-paper availability.
problem,6246,ortvay,2000,,Problems,https://olimpicos.net/ortvay/index.html#2000,not_published,Individual file not published; consult problem_documents for shared-paper availability.
problem,6247,ortvay,2000,,Problems,https://olimpicos.net/ortvay/index.html#2000,not_published,Individual file not published; consult problem_documents for shared-paper availability.
problem,6248,ortvay,2000,,Problems,https://olimpicos.net/ortvay/index.html#2000,not_published,Individual file not published; consult problem_documents for shared-paper availability.
problem,6249,ortvay,2000,,Problems,https://olimpicos.net/ortvay/index.html#2000,not_published,Individual file not published; consult problem_documents for shared-paper availability.
problem,6250,ortvay,2000,,Problems,https://olimpicos.net/ortvay/index.html#2000,not_published,Individual file not published; consult problem_documents for shared-paper availability.
problem,6251,ortvay,2000,,Problems,https://olimpicos.net/ortvay/index.html#2000,not_published,Individual file not published; consult problem_documents for shared-paper availability.
problem,6252,ortvay,2000,,Problems,https://olimpicos.net/ortvay/index.html#2000,not_published,Individual file not published; consult problem_documents for shared-paper availability.
problem,6253,ortvay,2000,,Problems,https://olimpicos.net/ortvay/index.html#2000,not_published,Individual file not published; consult problem_documents for shared-paper availability.
problem,6254,ortvay,2000,,Problems,https://olimpicos.net/ortvay/index.html#2000,not_published,Individual file not published; consult problem_documents for shared-paper availability.
problem,6255,ortvay,2000,,Problems,https://olimpicos.net/ortvay/index.html#2000,not_published,Individual file not published; consult problem_documents for shared-paper availability.
problem,6256,ortvay,2000,,Problems,https://olimpicos.net/ortvay/index.html#2000,not_published,Individual file not published; consult problem_documents for shared-paper availability.
problem,6257,ortvay,2000,,Problems,https://olimpicos.net/ortvay/index.html#2000,not_published,Individual file not published; consult problem_documents for shared-paper availability.
problem,6258,ortvay,1999,,Problems,https://olimpicos.net/ortvay/index.html#1999,not_published,Individual file not published; consult problem_documents for shared-paper availability.
problem,6259,ortvay,1999,,Problems,https://olimpicos.net/ortvay/index.html#1999,not_published,Individual file not published; consult problem_documents for shared-paper availability.
problem,6260,ortvay,1999,,Problems,https://olimpicos.net/ortvay/index.html#1999,not_published,Individual file not published; consult problem_documents for shared-paper availability.
problem,6261,ortvay,1999,,Problems,https://olimpicos.net/ortvay/index.html#1999,not_published,Individual file not published; consult problem_documents for shared-paper availability.
problem,6262,ortvay,1999,,Problems,https://olimpicos.net/ortvay/index.html#1999,not_published,Individual file not published; consult problem_documents for shared-paper availability.
problem,6263,ortvay,1999,,Problems,https://olimpicos.net/ortvay/index.html#1999,not_published,Individual file not published; consult problem_documents for shared-paper availability.
problem,6264,ortvay,1999,,Problems,https://olimpicos.net/ortvay/index.html#1999,not_published,Individual file not published; consult problem_documents for shared-paper availability.
problem,6265,ortvay,1999,,Problems,https://olimpicos.net/ortvay/index.html#1999,not_published,Individual file not published; consult problem_documents for shared-paper availability.
problem,6266,ortvay,1999,,Problems,https://olimpicos.net/ortvay/index.html#1999,not_published,Individual file not published; consult problem_documents for shared-paper availability.
problem,6267,ortvay,1999,,Problems,https://olimpicos.net/ortvay/index.html#1999,not_published,Individual file not published; consult problem_documents for shared-paper availability.
problem,6268,ortvay,1999,,Problems,https://olimpicos.net/ortvay/index.html#1999,not_published,Individual file not published; consult problem_documents for shared-paper availability.
problem,6269,ortvay,1999,,Problems,https://olimpicos.net/ortvay/index.html#1999,not_published,Individual file not published; consult problem_documents for shared-paper availability.
problem,6270,ortvay,1999,,Problems,https://olimpicos.net/ortvay/index.html#1999,not_published,Individual file not published; consult problem_documents for shared-paper availability.
problem,6271,ortvay,1999,,Problems,https://olimpicos.net/ortvay/index.html#1999,not_published,Individual file not published; consult problem_documents for shared-paper availability.
problem,6272,ortvay,1999,,Problems,https://olimpicos.net/ortvay/index.html#1999,not_published,Individual file not published; consult problem_documents for shared-paper availability.
problem,6273,ortvay,1999,,Problems,https://olimpicos.net/ortvay/index.html#1999,not_published,Individual file not published; consult problem_documents for shared-paper availability.
problem,6274,ortvay,1999,,Problems,https://olimpicos.net/ortvay/index.html#1999,not_published,Individual file not published; consult problem_documents for shared-paper availability.
problem,6275,ortvay,1999,,Problems,https://olimpicos.net/ortvay/index.html#1999,not_published,Individual file not published; consult problem_documents for shared-paper availability.
problem,6276,ortvay,1999,,Problems,https://olimpicos.net/ortvay/index.html#1999,not_published,Individual file not published; consult problem_documents for shared-paper availability.
problem,6277,ortvay,1999,,Problems,https://olimpicos.net/ortvay/index.html#1999,not_published,Individual file not published; consult problem_documents for shared-paper availability.
problem,6278,ortvay,1999,,Problems,https://olimpicos.net/ortvay/index.html#1999,not_published,Individual file not published; consult problem_documents for shared-paper availability.
problem,6279,ortvay,1999,,Problems,https://olimpicos.net/ortvay/index.html#1999,not_published,Individual file not published; consult problem_documents for shared-paper availability.
problem,6280,ortvay,1999,,Problems,https://olimpicos.net/ortvay/index.html#1999,not_published,Individual file not published; consult problem_documents for shared-paper availability.
problem,6281,ortvay,1999,,Problems,https://olimpicos.net/ortvay/index.html#1999,not_published,Individual file not published; consult problem_documents for shared-paper availability.
problem,6282,ortvay,1999,,Problems,https://olimpicos.net/ortvay/index.html#1999,not_published,Individual file not published; consult problem_documents for shared-paper availability.
problem,6283,ortvay,1999,,Problems,https://olimpicos.net/ortvay/index.html#1999,not_published,Individual file not published; consult problem_documents for shared-paper availability.
problem,6284,ortvay,1999,,Problems,https://olimpicos.net/ortvay/index.html#1999,not_published,Individual file not published; consult problem_documents for shared-paper availability.
problem,6285,ortvay,1999,,Problems,https://olimpicos.net/ortvay/index.html#1999,not_published,Individual file not published; consult problem_documents for shared-paper availability.
problem,6286,ortvay,1999,,Problems,https://olimpicos.net/ortvay/index.html#1999,not_published,Individual file not published; consult problem_documents for shared-paper availability.
problem,6287,ortvay,1999,,Problems,https://olimpicos.net/ortvay/index.html#1999,not_published,Individual file not published; consult problem_documents for shared-paper availability.
problem,6288,ortvay,1999,,Problems,https://olimpicos.net/ortvay/index.html#1999,not_published,Individual file not published; consult problem_documents for shared-paper availability.
problem,6289,ortvay,1999,,Problems,https://olimpicos.net/ortvay/index.html#1999,not_published,Individual file not published; consult problem_documents for shared-paper availability.
problem,6290,ortvay,1999,,Problems,https://olimpicos.net/ortvay/index.html#1999,not_published,Individual file not published; consult problem_documents for shared-paper availability.
problem,6291,ortvay,1999,,Problems,https://olimpicos.net/ortvay/index.html#1999,not_published,Individual file not published; consult problem_documents for shared-paper availability.
problem,6292,ortvay,1998,,Problems,https://olimpicos.net/ortvay/index.html#1998,not_published,Individual file not published; consult problem_documents for shared-paper availability.
problem,6293,ortvay,1998,,Problems,https://olimpicos.net/ortvay/index.html#1998,not_published,Individual file not published; consult problem_documents for shared-paper availability.
problem,6294,ortvay,1998,,Problems,https://olimpicos.net/ortvay/index.html#1998,not_published,Individual file not published; consult problem_documents for shared-paper availability.
problem,6295,ortvay,1998,,Problems,https://olimpicos.net/ortvay/index.html#1998,not_published,Individual file not published; consult problem_documents for shared-paper availability.
problem,6296,ortvay,1998,,Problems,https://olimpicos.net/ortvay/index.html#1998,not_published,Individual file not published; consult problem_documents for shared-paper availability.
problem,6297,ortvay,1998,,Problems,https://olimpicos.net/ortvay/index.html#1998,not_published,Individual file not published; consult problem_documents for shared-paper availability.
problem,6298,ortvay,1998,,Problems,https://olimpicos.net/ortvay/index.html#1998,not_published,Individual file not published; consult problem_documents for shared-paper availability.
problem,6299,ortvay,1998,,Problems,https://olimpicos.net/ortvay/index.html#1998,not_published,Individual file not published; consult problem_documents for shared-paper availability.
problem,6300,ortvay,1998,,Problems,https://olimpicos.net/ortvay/index.html#1998,not_published,Individual file not published; consult problem_documents for shared-paper availability.
problem,6301,ortvay,1998,,Problems,https://olimpicos.net/ortvay/index.html#1998,not_published,Individual file not published; consult problem_documents for shared-paper availability.
problem,6302,ortvay,1998,,Problems,https://olimpicos.net/ortvay/index.html#1998,not_published,Individual file not published; consult problem_documents for shared-paper availability.
problem,6303,ortvay,1998,,Problems,https://olimpicos.net/ortvay/index.html#1998,not_published,Individual file not published; consult problem_documents for shared-paper availability.
problem,6304,ortvay,1998,,Problems,https://olimpicos.net/ortvay/index.html#1998,not_published,Individual file not published; consult problem_documents for shared-paper availability.
problem,6305,ortvay,1998,,Problems,https://olimpicos.net/ortvay/index.html#1998,not_published,Individual file not published; consult problem_documents for shared-paper availability.
problem,6306,ortvay,1998,,Problems,https://olimpicos.net/ortvay/index.html#1998,not_published,Individual file not published; consult problem_documents for shared-paper availability.
problem,6307,ortvay,1998,,Problems,https://olimpicos.net/ortvay/index.html#1998,not_published,Individual file not published; consult problem_documents for shared-paper availability.
problem,6308,ortvay,1998,,Problems,https://olimpicos.net/ortvay/index.html#1998,not_published,Individual file not published; consult problem_documents for shared-paper availability.
problem,6309,ortvay,1998,,Problems,https://olimpicos.net/ortvay/index.html#1998,not_published,Individual file not published; consult problem_documents for shared-paper availability.
problem,6310,ortvay,1998,,Problems,https://olimpicos.net/ortvay/index.html#1998,not_published,Individual file not published; consult problem_documents for shared-paper availability.
problem,6311,ortvay,1998,,Problems,https://olimpicos.net/ortvay/index.html#1998,not_published,Individual file not published; consult problem_documents for shared-paper availability.
problem,6312,ortvay,1998,,Problems,https://olimpicos.net/ortvay/index.html#1998,not_published,Individual file not published; consult problem_documents for shared-paper availability.
problem,6313,ortvay,1998,,Problems,https://olimpicos.net/ortvay/index.html#1998,not_published,Individual file not published; consult problem_documents for shared-paper availability.
problem,6314,ortvay,1998,,Problems,https://olimpicos.net/ortvay/index.html#1998,not_published,Individual file not published; consult problem_documents for shared-paper availability.
problem,6315,ortvay,1998,,Problems,https://olimpicos.net/ortvay/index.html#1998,not_published,Individual file not published; consult problem_documents for shared-paper availability.
problem,6316,ortvay,1998,,Problems,https://olimpicos.net/ortvay/index.html#1998,not_published,Individual file not published; consult problem_documents for shared-paper availability.
problem,6317,ortvay,1998,,Problems,https://olimpicos.net/ortvay/index.html#1998,not_published,Individual file not published; consult problem_documents for shared-paper availability.
problem,6318,ortvay,1998,,Problems,https://olimpicos.net/ortvay/index.html#1998,not_published,Individual file not published; consult problem_documents for shared-paper availability.
problem,6319,ortvay,1998,,Problems,https://olimpicos.net/ortvay/index.html#1998,not_published,Individual file not published; consult problem_documents for shared-paper availability.
problem,6320,ortvay,1998,,Problems,https://olimpicos.net/ortvay/index.html#1998,not_published,Individual file not published; consult problem_documents for shared-paper availability.
problem,6321,ortvay,1998,,Problems,https://olimpicos.net/ortvay/index.html#1998,not_published,Individual file not published; consult problem_documents for shared-paper availability.
problem,6322,ortvay,1998,,Problems,https://olimpicos.net/ortvay/index.html#1998,not_published,Individual file not published; consult problem_documents for shared-paper availability.
problem,6323,ortvay,1998,,Problems,https://olimpicos.net/ortvay/index.html#1998,not_published,Individual file not published; consult problem_documents for shared-paper availability.
problem,6324,ortvay,1998,,Problems,https://olimpicos.net/ortvay/index.html#1998,not_published,Individual file not published; consult problem_documents for shared-paper availability.
problem,6325,ortvay,1998,,Problems,https://olimpicos.net/ortvay/index.html#1998,not_published,Individual file not published; consult problem_documents for shared-paper availability.
problem,6326,ortvay,1998,,Problems,https://olimpicos.net/ortvay/index.html#1998,not_published,Individual file not published; consult problem_documents for shared-paper availability.
problem,6327,ortvay,1997,,Problems,https://olimpicos.net/ortvay/index.html#1997,not_published,Individual file not published; consult problem_documents for shared-paper availability.
problem,6328,ortvay,1997,,Problems,https://olimpicos.net/ortvay/index.html#1997,not_published,Individual file not published; consult problem_documents for shared-paper availability.
problem,6329,ortvay,1997,,Problems,https://olimpicos.net/ortvay/index.html#1997,not_published,Individual file not published; consult problem_documents for shared-paper availability.
problem,6330,ortvay,1997,,Problems,https://olimpicos.net/ortvay/index.html#1997,not_published,Individual file not published; consult problem_documents for shared-paper availability.
problem,6331,ortvay,1997,,Problems,https://olimpicos.net/ortvay/index.html#1997,not_published,Individual file not published; consult problem_documents for shared-paper availability.
problem,6332,ortvay,1997,,Problems,https://olimpicos.net/ortvay/index.html#1997,not_published,Individual file not published; consult problem_documents for shared-paper availability.
problem,6333,ortvay,1997,,Problems,https://olimpicos.net/ortvay/index.html#1997,not_published,Individual file not published; consult problem_documents for shared-paper availability.
problem,6334,ortvay,1997,,Problems,https://olimpicos.net/ortvay/index.html#1997,not_published,Individual file not published; consult problem_documents for shared-paper availability.
problem,6335,ortvay,1997,,Problems,https://olimpicos.net/ortvay/index.html#1997,not_published,Individual file not published; consult problem_documents for shared-paper availability.
problem,6336,ortvay,1997,,Problems,https://olimpicos.net/ortvay/index.html#1997,not_published,Individual file not published; consult problem_documents for shared-paper availability.
problem,6337,ortvay,1997,,Problems,https://olimpicos.net/ortvay/index.html#1997,not_published,Individual file not published; consult problem_documents for shared-paper availability.
problem,6338,ortvay,1997,,Problems,https://olimpicos.net/ortvay/index.html#1997,not_published,Individual file not published; consult problem_documents for shared-paper availability.
problem,6339,ortvay,1997,,Problems,https://olimpicos.net/ortvay/index.html#1997,not_published,Individual file not published; consult problem_documents for shared-paper availability.
problem,6340,ortvay,1997,,Problems,https://olimpicos.net/ortvay/index.html#1997,not_published,Individual file not published; consult problem_documents for shared-paper availability.
problem,6341,ortvay,1997,,Problems,https://olimpicos.net/ortvay/index.html#1997,not_published,Individual file not published; consult problem_documents for shared-paper availability.
problem,6342,ortvay,1997,,Problems,https://olimpicos.net/ortvay/index.html#1997,not_published,Individual file not published; consult problem_documents for shared-paper availability.
problem,6343,ortvay,1997,,Problems,https://olimpicos.net/ortvay/index.html#1997,not_published,Individual file not published; consult problem_documents for shared-paper availability.
problem,6344,ortvay,1997,,Problems,https://olimpicos.net/ortvay/index.html#1997,not_published,Individual file not published; consult problem_documents for shared-paper availability.
problem,6345,ortvay,1997,,Problems,https://olimpicos.net/ortvay/index.html#1997,not_published,Individual file not published; consult problem_documents for shared-paper availability.
problem,6346,ortvay,1997,,Problems,https://olimpicos.net/ortvay/index.html#1997,not_published,Individual file not published; consult problem_documents for shared-paper availability.
problem,6347,ortvay,1997,,Problems,https://olimpicos.net/ortvay/index.html#1997,not_published,Individual file not published; consult problem_documents for shared-paper availability.
problem,6348,ortvay,1997,,Problems,https://olimpicos.net/ortvay/index.html#1997,not_published,Individual file not published; consult problem_documents for shared-paper availability.
problem,6349,ortvay,1997,,Problems,https://olimpicos.net/ortvay/index.html#1997,not_published,Individual file not published; consult problem_documents for shared-paper availability.
problem,6350,ortvay,1997,,Problems,https://olimpicos.net/ortvay/index.html#1997,not_published,Individual file not published; consult problem_documents for shared-paper availability.
problem,6351,ortvay,1997,,Problems,https://olimpicos.net/ortvay/index.html#1997,not_published,Individual file not published; consult problem_documents for shared-paper availability.
problem,6352,ortvay,1997,,Problems,https://olimpicos.net/ortvay/index.html#1997,not_published,Individual file not published; consult problem_documents for shared-paper availability.
problem,6353,ortvay,1997,,Problems,https://olimpicos.net/ortvay/index.html#1997,not_published,Individual file not published; consult problem_documents for shared-paper availability.
problem,6354,ortvay,1997,,Problems,https://olimpicos.net/ortvay/index.html#1997,not_published,Individual file not published; consult problem_documents for shared-paper availability.
problem,6355,ortvay,1997,,Problems,https://olimpicos.net/ortvay/index.html#1997,not_published,Individual file not published; consult problem_documents for shared-paper availability.
problem,6356,ortvay,1997,,Problems,https://olimpicos.net/ortvay/index.html#1997,not_published,Individual file not published; consult problem_documents for shared-paper availability.
problem,6357,ortvay,1997,,Problems,https://olimpicos.net/ortvay/index.html#1997,not_published,Individual file not published; consult problem_documents for shared-paper availability.
problem,6358,ortvay,1997,,Problems,https://olimpicos.net/ortvay/index.html#1997,not_published,Individual file not published; consult problem_documents for shared-paper availability.
problem,6359,ortvay,1997,,Problems,https://olimpicos.net/ortvay/index.html#1997,not_published,Individual file not published; consult problem_documents for shared-paper availability.
problem,6360,ortvay,1997,,Problems,https://olimpicos.net/ortvay/index.html#1997,not_published,Individual file not published; consult problem_documents for shared-paper availability.
problem,6361,ortvay,1997,,Problems,https://olimpicos.net/ortvay/index.html#1997,not_published,Individual file not published; consult problem_documents for shared-paper availability.
problem,6362,ortvay,1997,,Problems,https://olimpicos.net/ortvay/index.html#1997,not_published,Individual file not published; consult problem_documents for shared-paper availability.
problem,6363,ortvay,1997,,Problems,https://olimpicos.net/ortvay/index.html#1997,not_published,Individual file not published; consult problem_documents for shared-paper availability.
problem,6364,ortvay,1997,,Problems,https://olimpicos.net/ortvay/index.html#1997,not_published,Individual file not published; consult problem_documents for shared-paper availability.
problem,6365,ortvay,1997,,Problems,https://olimpicos.net/ortvay/index.html#1997,not_published,Individual file not published; consult problem_documents for shared-paper availability.
problem,6366,ortvay,1997,,Problems,https://olimpicos.net/ortvay/index.html#1997,not_published,Individual file not published; consult problem_documents for shared-paper availability.
problem,6367,ortvay,1997,,Problems,https://olimpicos.net/ortvay/index.html#1997,not_published,Individual file not published; consult problem_documents for shared-paper availability.
problem,6368,ortvay,1997,,Problems,https://olimpicos.net/ortvay/index.html#1997,not_published,Individual file not published; consult problem_documents for shared-paper availability.
document,2010,oibf,2015,,Problems,https://olimpicos.net/files/oibf/OIbF_2015_S1.pdf,source_content_mismatch,"Source link is labelled Solution, but its PDF is byte-identical to the statement and contains no solutions. Corrected normalized document_type to problem; original label, URL and bytes retained. A genuine solution was not supplied at this URL."
document,2012,oibf,2015,,Problems,https://olimpicos.net/files/oibf/OIbF_2015_S2.pdf,source_content_mismatch,"Source link is labelled Solution, but its PDF is byte-identical to the statement and contains no solutions. Corrected normalized document_type to problem; original label, URL and bytes retained. A genuine solution was not supplied at this URL."
document,2014,oibf,2015,,Problems,https://olimpicos.net/files/oibf/OIbF_2015_S3.pdf,source_content_mismatch,"Source link is labelled Solution, but its PDF is byte-identical to the statement and contains no solutions. Corrected normalized document_type to problem; original label, URL and bytes retained. A genuine solution was not supplied at this URL."
document,2017,oibf,2014,,Problems,https://olimpicos.net/files/oibf/OIbF_2014_S1-3.pdf,source_content_mismatch,"Source link is labelled Solution, but its PDF is byte-identical to the statement and contains no solutions. Corrected normalized document_type to problem; original label, URL and bytes retained. A genuine solution was not supplied at this URL."
document,2091,rmph,2021,,Experimental,https://olimpicos.net/files/rmph/RMPh_2021_S4.pdf,source_content_mismatch,"Source link is labelled Solution, but its PDF is byte-identical to the statement and contains no solutions. Corrected normalized document_type to problem; original label, URL and bytes retained. A genuine solution was not supplied at this URL."
