problem_id,document_id,relationship
1,2,individual_link
1,3,individual_link
1,4,individual_link
1,5,individual_link
1,6,individual_link
1,7,individual_link
1,8,individual_link
2,9,individual_link
2,10,individual_link
2,11,individual_link
2,12,individual_link
2,13,individual_link
2,14,individual_link
2,15,individual_link
3,16,individual_link
3,17,individual_link
3,18,individual_link
3,19,individual_link
3,20,individual_link
3,21,individual_link
3,22,individual_link
4,23,shared_paper
4,24,shared_paper
4,25,shared_paper
4,26,shared_paper
4,27,shared_paper
4,28,shared_paper
5,33,individual_link
5,34,individual_link
5,35,individual_link
5,36,individual_link
5,37,individual_link
5,38,individual_link
6,39,individual_link
6,40,individual_link
6,41,individual_link
6,42,individual_link
6,43,individual_link
6,44,individual_link
6,45,individual_link
7,46,individual_link
7,47,individual_link
7,48,individual_link
7,49,individual_link
7,50,individual_link
7,51,individual_link
8,52,individual_link
8,53,individual_link
8,54,individual_link
8,55,individual_link
8,56,individual_link
8,57,individual_link
8,58,individual_link
9,59,individual_link
9,60,individual_link
9,61,individual_link
9,62,individual_link
9,63,individual_link
9,64,individual_link
9,65,individual_link
10,66,shared_paper
10,67,shared_paper
10,68,shared_paper
10,69,shared_paper
10,70,shared_paper
11,72,individual_link
11,73,individual_link
11,74,individual_link
11,75,individual_link
11,76,individual_link
11,77,individual_link
11,78,individual_link
11,79,individual_link
12,80,individual_link
12,81,individual_link
12,82,individual_link
12,83,individual_link
12,84,individual_link
12,85,individual_link
12,86,individual_link
12,87,individual_link
13,88,individual_link
13,89,individual_link
13,90,individual_link
13,91,individual_link
13,92,individual_link
14,93,individual_link
14,94,individual_link
14,95,individual_link
14,96,individual_link
14,97,individual_link
15,98,individual_link
15,99,individual_link
15,100,individual_link
15,101,individual_link
15,102,individual_link
16,106,individual_link
16,107,individual_link
16,108,individual_link
16,109,individual_link
17,110,individual_link
17,111,individual_link
17,112,individual_link
17,113,individual_link
18,114,individual_link
18,115,individual_link
18,116,individual_link
18,117,individual_link
19,118,individual_link
19,119,individual_link
19,120,individual_link
19,121,individual_link
20,122,individual_link
20,123,individual_link
20,124,individual_link
20,125,individual_link
21,132,individual_link
21,133,shared_file
21,134,individual_link
22,135,individual_link
22,136,shared_file
22,137,individual_link
23,138,individual_link
23,139,shared_file
23,140,individual_link
24,141,individual_link
24,142,shared_file
24,143,individual_link
25,144,individual_link
25,145,shared_file
25,146,individual_link
26,151,individual_link
26,152,individual_link
26,153,individual_link
27,154,individual_link
27,155,individual_link
27,156,individual_link
28,157,individual_link
28,158,individual_link
28,159,individual_link
29,160,individual_link
29,161,individual_link
29,162,individual_link
30,163,individual_link
30,164,individual_link
30,165,individual_link
31,166,individual_link
31,167,individual_link
32,168,individual_link
32,169,individual_link
33,170,individual_link
33,171,individual_link
34,172,shared_paper
34,173,shared_paper
34,174,shared_paper
34,175,shared_paper
34,176,shared_paper
35,178,individual_link
35,179,individual_link
35,180,individual_link
35,181,individual_link
36,182,individual_link
36,183,individual_link
36,184,individual_link
36,185,individual_link
37,186,individual_link
37,187,individual_link
37,188,individual_link
37,189,individual_link
38,190,individual_link
38,191,individual_link
38,192,individual_link
38,193,individual_link
38,194,individual_link
38,195,individual_link
39,196,individual_link
39,197,individual_link
39,198,individual_link
39,199,individual_link
39,200,individual_link
40,202,individual_link
40,203,individual_link
40,204,individual_link
40,205,individual_link
41,206,individual_link
41,207,individual_link
41,208,individual_link
41,209,individual_link
42,210,individual_link
42,211,individual_link
42,212,individual_link
42,213,individual_link
43,214,individual_link
43,215,individual_link
43,216,individual_link
43,217,individual_link
44,218,individual_link
44,219,individual_link
44,220,individual_link
44,221,individual_link
45,225,individual_link
45,226,individual_link
45,227,individual_link
46,228,individual_link
46,229,individual_link
46,230,individual_link
47,231,individual_link
47,232,individual_link
47,233,individual_link
48,234,individual_link
48,235,individual_link
48,236,individual_link
49,237,individual_link
49,238,individual_link
49,239,individual_link
50,244,individual_link
50,245,individual_link
50,246,individual_link
50,247,individual_link
51,248,individual_link
51,249,individual_link
51,250,individual_link
51,251,individual_link
52,252,individual_link
52,253,individual_link
52,254,individual_link
52,255,individual_link
53,256,individual_link
53,257,individual_link
53,258,individual_link
53,259,individual_link
53,260,individual_link
53,261,individual_link
54,262,individual_link
54,263,individual_link
54,264,individual_link
54,265,individual_link
54,266,individual_link
55,269,individual_link
55,270,individual_link
56,271,individual_link
56,272,individual_link
57,273,individual_link
57,274,individual_link
58,275,individual_link
58,276,individual_link
59,277,individual_link
59,278,individual_link
59,279,individual_link
59,280,individual_link
59,281,individual_link
60,283,individual_link
60,284,individual_link
60,285,individual_link
61,286,individual_link
61,287,individual_link
61,288,individual_link
62,289,individual_link
62,290,individual_link
62,291,individual_link
63,292,shared_paper
63,293,shared_paper
64,297,individual_link
64,298,individual_link
65,299,individual_link
65,300,individual_link
66,301,individual_link
66,302,individual_link
67,303,individual_link
67,304,individual_link
68,305,individual_link
68,306,individual_link
69,309,individual_link
69,310,individual_link
70,311,individual_link
70,312,individual_link
71,313,individual_link
71,314,individual_link
72,315,individual_link
72,316,individual_link
73,317,individual_link
73,318,individual_link
74,320,individual_link
74,321,individual_link
74,322,individual_link
75,323,individual_link
75,324,individual_link
75,325,individual_link
76,326,individual_link
76,327,individual_link
76,328,individual_link
77,329,individual_link
77,330,individual_link
77,331,individual_link
78,332,individual_link
78,333,individual_link
78,334,individual_link
79,338,individual_link
79,339,individual_link
79,340,individual_link
80,341,individual_link
80,342,individual_link
80,343,individual_link
81,344,individual_link
81,345,individual_link
81,346,individual_link
82,347,individual_link
82,348,individual_link
82,349,individual_link
83,350,individual_link
83,351,individual_link
83,352,individual_link
84,354,individual_link
84,355,individual_link
84,356,individual_link
85,357,individual_link
85,358,individual_link
85,359,individual_link
86,360,individual_link
86,361,individual_link
86,362,individual_link
87,363,individual_link
87,364,individual_link
87,365,individual_link
88,366,individual_link
88,367,individual_link
88,368,individual_link
89,370,individual_link
89,371,individual_link
90,372,individual_link
90,373,individual_link
91,374,individual_link
91,375,individual_link
92,376,shared_paper
92,377,shared_paper
93,380,individual_link
93,381,individual_link
94,382,individual_link
94,383,individual_link
95,384,individual_link
95,385,individual_link
96,386,shared_paper
96,387,shared_paper
97,389,individual_link
97,390,individual_link
98,391,individual_link
98,392,individual_link
99,393,individual_link
99,394,individual_link
100,395,shared_paper
100,396,shared_paper
101,398,individual_link
101,399,individual_link
102,400,individual_link
102,401,individual_link
103,402,individual_link
103,403,individual_link
104,404,shared_paper
104,405,shared_paper
105,407,individual_link
105,408,individual_link
105,409,individual_link
106,410,individual_link
106,411,individual_link
106,412,individual_link
107,413,individual_link
107,414,individual_link
107,415,individual_link
108,416,shared_paper
108,417,shared_paper
108,418,shared_paper
109,420,individual_link
109,421,individual_link
110,422,individual_link
110,423,individual_link
111,424,individual_link
111,425,individual_link
112,426,shared_paper
112,427,shared_paper
113,431,individual_link
113,432,individual_link
114,433,individual_link
114,434,individual_link
115,435,individual_link
115,436,individual_link
116,437,individual_link
116,438,individual_link
117,439,individual_link
117,440,individual_link
118,442,individual_link
118,443,individual_link
119,444,individual_link
119,445,individual_link
120,446,individual_link
120,447,individual_link
121,448,shared_paper
121,449,shared_paper
122,451,individual_link
122,452,individual_link
123,453,individual_link
123,454,individual_link
124,455,individual_link
124,456,individual_link
125,457,individual_link
126,458,individual_link
127,460,individual_link
127,461,individual_link
128,462,individual_link
128,463,individual_link
129,464,individual_link
129,465,individual_link
130,466,shared_paper
130,467,shared_paper
131,469,individual_link
131,470,individual_link
132,471,individual_link
132,472,individual_link
133,473,individual_link
133,474,individual_link
134,475,shared_paper
135,476,individual_link
135,477,individual_link
136,478,individual_link
136,479,individual_link
137,480,individual_link
137,481,individual_link
138,482,shared_paper
138,483,shared_paper
139,484,individual_link
139,485,individual_link
140,486,individual_link
140,487,individual_link
141,488,individual_link
141,489,individual_link
142,490,shared_paper
142,491,shared_paper
143,493,individual_link
143,494,individual_link
144,495,individual_link
144,496,individual_link
145,497,individual_link
145,498,individual_link
146,499,individual_link
146,500,individual_link
147,501,individual_link
147,502,individual_link
148,503,individual_link
148,504,individual_link
149,505,individual_link
149,506,individual_link
150,507,individual_link
150,508,individual_link
151,509,individual_link
151,510,individual_link
152,511,individual_link
152,512,individual_link
153,513,individual_link
153,514,individual_link
154,515,individual_link
154,516,individual_link
155,517,individual_link
155,518,individual_link
156,519,individual_link
156,520,individual_link
157,521,individual_link
157,522,individual_link
158,523,individual_link
158,524,individual_link
159,525,individual_link
159,526,individual_link
160,527,individual_link
160,528,individual_link
161,529,individual_link
161,530,individual_link
162,531,individual_link
162,532,individual_link
163,533,individual_link
163,534,individual_link
164,535,individual_link
164,536,individual_link
165,537,individual_link
165,538,individual_link
166,539,shared_paper
166,540,shared_paper
167,541,individual_link
167,542,individual_link
168,543,individual_link
168,544,individual_link
169,545,individual_link
169,546,individual_link
170,547,individual_link
170,548,individual_link
171,549,individual_link
171,550,individual_link
172,551,individual_link
172,552,individual_link
173,553,individual_link
173,554,individual_link
174,555,individual_link
174,556,individual_link
175,557,shared_paper
175,558,shared_paper
176,559,individual_link
176,560,individual_link
177,561,individual_link
177,562,individual_link
178,563,individual_link
178,564,individual_link
179,565,individual_link
179,566,individual_link
180,567,individual_link
180,568,individual_link
181,569,individual_link
181,570,individual_link
182,571,individual_link
182,572,individual_link
183,573,individual_link
183,574,individual_link
184,575,shared_paper
184,576,shared_paper
185,577,individual_link
185,578,individual_link
186,579,individual_link
186,580,individual_link
187,581,individual_link
187,582,individual_link
188,583,individual_link
188,584,individual_link
189,585,individual_link
189,586,individual_link
190,587,individual_link
190,588,individual_link
190,589,individual_link
190,590,individual_link
190,591,individual_link
191,592,individual_link
191,593,individual_link
192,594,individual_link
192,595,individual_link
193,596,individual_link
193,597,individual_link
194,598,individual_link
194,599,individual_link
195,600,individual_link
195,601,individual_link
196,602,individual_link
196,603,individual_link
197,604,individual_link
197,605,individual_link
198,606,individual_link
198,607,individual_link
199,608,individual_link
199,609,individual_link
200,610,individual_link
200,611,individual_link
200,612,individual_link
201,613,individual_link
201,614,individual_link
201,615,individual_link
202,616,individual_link
202,617,individual_link
202,618,individual_link
203,619,individual_link
203,620,individual_link
203,621,individual_link
204,622,individual_link
204,623,individual_link
205,624,individual_link
205,625,individual_link
206,626,individual_link
206,627,individual_link
207,628,individual_link
207,629,individual_link
208,630,individual_link
208,631,individual_link
209,632,individual_link
209,633,individual_link
210,634,individual_link
210,635,individual_link
211,636,individual_link
211,637,individual_link
212,638,individual_link
212,639,individual_link
213,640,shared_paper
213,641,shared_paper
214,642,individual_link
214,643,individual_link
215,644,individual_link
215,645,individual_link
216,646,individual_link
216,647,individual_link
217,648,shared_paper
217,649,shared_paper
218,650,individual_link
218,651,individual_link
219,652,individual_link
219,653,individual_link
220,654,individual_link
220,655,individual_link
221,656,individual_link
221,657,individual_link
222,658,individual_link
222,659,individual_link
223,660,individual_link
223,661,individual_link
224,662,shared_paper
224,663,shared_paper
225,664,individual_link
225,665,individual_link
226,666,individual_link
226,667,individual_link
227,668,individual_link
227,669,individual_link
228,670,shared_paper
228,671,shared_paper
229,672,individual_link
229,673,individual_link
230,674,individual_link
230,675,individual_link
231,676,individual_link
231,677,individual_link
232,678,shared_paper
232,679,shared_paper
233,680,individual_link
233,681,individual_link
234,682,individual_link
234,683,individual_link
235,684,individual_link
235,685,individual_link
236,686,individual_link
236,687,individual_link
237,688,shared_paper
237,689,shared_paper
238,690,individual_link
238,691,individual_link
239,692,individual_link
239,693,individual_link
240,694,individual_link
240,695,individual_link
241,696,individual_link
241,697,individual_link
242,698,shared_paper
242,699,shared_paper
243,700,individual_link
243,701,individual_link
244,702,individual_link
244,703,individual_link
245,704,individual_link
245,705,individual_link
246,706,individual_link
246,707,individual_link
247,708,shared_paper
247,709,shared_paper
248,710,individual_link
248,711,individual_link
249,712,individual_link
249,713,individual_link
250,714,individual_link
250,715,individual_link
251,716,individual_link
251,717,individual_link
252,718,individual_link
252,719,individual_link
253,720,individual_link
253,721,individual_link
254,722,individual_link
254,723,individual_link
255,724,shared_paper
255,725,shared_paper
256,726,individual_link
256,727,individual_link
256,728,individual_link
257,729,individual_link
257,730,individual_link
257,731,individual_link
258,732,individual_link
258,733,individual_link
258,734,individual_link
259,735,individual_link
259,736,individual_link
259,737,individual_link
260,738,shared_paper
260,739,shared_paper
260,740,shared_paper
261,744,shared_paper
262,744,shared_paper
263,744,shared_paper
261,745,shared_paper
262,745,shared_paper
263,745,shared_paper
261,746,individual_link
261,747,individual_link
261,748,individual_link
261,749,individual_link
261,750,individual_link
262,751,individual_link
262,752,individual_link
262,753,individual_link
262,754,individual_link
262,755,individual_link
263,756,individual_link
263,757,individual_link
263,758,individual_link
263,759,individual_link
263,760,individual_link
264,761,shared_paper
264,762,shared_paper
264,763,shared_paper
264,764,shared_paper
264,765,shared_paper
265,767,shared_paper
266,767,shared_paper
267,767,shared_paper
265,768,shared_paper
266,768,shared_paper
267,768,shared_paper
265,769,individual_link
265,770,individual_link
265,771,individual_link
265,772,individual_link
265,773,individual_link
266,774,individual_link
266,775,individual_link
266,776,individual_link
266,777,individual_link
266,778,individual_link
267,779,individual_link
267,780,individual_link
267,781,individual_link
267,782,individual_link
267,783,individual_link
268,784,shared_paper
269,784,shared_paper
268,785,shared_paper
269,785,shared_paper
268,786,individual_link
268,787,individual_link
268,788,individual_link
268,789,individual_link
268,790,individual_link
269,791,individual_link
269,792,individual_link
269,793,individual_link
269,794,individual_link
269,795,individual_link
270,797,shared_paper
271,797,shared_paper
272,797,shared_paper
270,798,shared_paper
271,798,shared_paper
272,798,shared_paper
270,799,individual_link
270,800,individual_link
270,801,individual_link
270,802,individual_link
270,803,individual_link
271,804,individual_link
271,805,individual_link
271,806,individual_link
271,807,individual_link
271,808,individual_link
272,809,individual_link
272,810,individual_link
272,811,individual_link
272,812,individual_link
272,813,individual_link
273,814,shared_paper
273,815,shared_paper
273,816,shared_paper
273,817,shared_paper
273,818,shared_paper
274,820,shared_paper
275,820,shared_paper
276,820,shared_paper
274,821,shared_paper
275,821,shared_paper
276,821,shared_paper
274,822,individual_link
274,823,individual_link
274,824,individual_link
274,825,individual_link
274,826,individual_link
275,827,individual_link
275,828,individual_link
275,829,individual_link
275,830,individual_link
275,831,individual_link
276,832,individual_link
276,833,individual_link
276,834,individual_link
276,835,individual_link
276,836,individual_link
277,837,shared_paper
278,837,shared_paper
277,838,shared_paper
278,838,shared_paper
277,839,individual_link
277,840,individual_link
277,841,individual_link
277,842,individual_link
277,843,individual_link
278,844,individual_link
278,845,individual_link
278,846,individual_link
278,847,individual_link
278,848,individual_link
279,850,shared_paper
280,850,shared_paper
281,850,shared_paper
279,851,shared_paper
280,851,shared_paper
281,851,shared_paper
279,852,individual_link
279,853,individual_link
279,854,individual_link
279,855,individual_link
279,856,individual_link
280,857,individual_link
280,858,individual_link
280,859,individual_link
280,860,individual_link
280,861,individual_link
281,862,individual_link
281,863,individual_link
281,864,individual_link
281,865,individual_link
281,866,individual_link
282,867,shared_paper
282,868,shared_paper
282,869,shared_paper
282,870,shared_paper
282,871,shared_paper
283,874,individual_link
283,875,shared_file
283,876,individual_link
283,877,individual_link
283,878,individual_link
284,879,individual_link
284,880,shared_file
284,881,individual_link
284,882,individual_link
284,883,individual_link
285,884,individual_link
285,885,shared_file
285,886,individual_link
285,887,individual_link
285,888,individual_link
286,889,shared_paper
287,889,shared_paper
286,890,shared_paper
287,890,shared_paper
286,891,individual_link
286,892,individual_link
286,893,individual_link
286,894,individual_link
286,895,individual_link
287,896,individual_link
287,897,individual_link
287,898,individual_link
287,899,individual_link
287,900,individual_link
288,903,individual_link
288,904,shared_file
288,905,individual_link
288,906,individual_link
288,907,individual_link
289,908,individual_link
289,909,shared_file
289,910,individual_link
289,911,individual_link
289,912,individual_link
290,913,individual_link
290,914,shared_file
290,915,individual_link
290,916,individual_link
290,917,individual_link
291,918,shared_paper
292,918,shared_paper
291,919,shared_paper
292,919,shared_paper
291,920,individual_link
291,921,individual_link
291,922,individual_link
291,923,individual_link
291,924,individual_link
292,925,individual_link
292,926,individual_link
292,927,individual_link
292,928,individual_link
292,929,individual_link
293,932,individual_link
293,933,shared_file
293,934,individual_link
293,935,individual_link
293,936,individual_link
294,937,individual_link
294,938,shared_file
294,939,individual_link
294,940,individual_link
294,941,individual_link
295,942,individual_link
295,943,shared_file
295,944,individual_link
295,945,individual_link
295,946,individual_link
296,947,shared_paper
296,948,shared_paper
296,949,shared_paper
296,950,shared_paper
297,954,individual_link
297,955,individual_link
297,956,individual_link
297,957,individual_link
297,958,individual_link
298,959,individual_link
298,960,individual_link
298,961,individual_link
298,962,individual_link
298,963,individual_link
299,964,individual_link
299,965,individual_link
299,966,individual_link
299,967,individual_link
299,968,individual_link
300,969,shared_paper
300,970,shared_paper
300,971,shared_paper
300,972,shared_paper
300,973,shared_paper
301,975,individual_link
301,976,individual_link
301,977,individual_link
301,978,individual_link
301,979,individual_link
301,980,individual_link
302,981,individual_link
302,982,individual_link
302,983,individual_link
302,984,individual_link
302,985,individual_link
302,986,individual_link
303,987,individual_link
303,988,individual_link
303,989,individual_link
303,990,individual_link
303,991,individual_link
303,992,individual_link
304,993,shared_paper
304,994,shared_paper
304,995,shared_paper
304,996,shared_paper
304,997,shared_paper
305,1000,individual_link
305,1001,individual_link
305,1002,individual_link
305,1003,individual_link
305,1004,individual_link
306,1005,individual_link
306,1006,individual_link
306,1007,individual_link
306,1008,individual_link
306,1009,individual_link
307,1010,individual_link
307,1011,individual_link
308,1012,individual_link
308,1013,individual_link
309,1014,individual_link
309,1015,individual_link
310,1017,individual_link
310,1018,individual_link
310,1019,individual_link
310,1020,individual_link
310,1021,individual_link
310,1022,individual_link
311,1023,individual_link
311,1024,individual_link
311,1025,individual_link
311,1026,individual_link
311,1027,individual_link
311,1028,individual_link
312,1029,individual_link
312,1030,individual_link
312,1031,individual_link
312,1032,individual_link
313,1033,shared_paper
313,1034,shared_paper
313,1035,shared_paper
313,1036,shared_paper
314,1037,individual_link
314,1038,individual_link
315,1039,individual_link
315,1040,individual_link
316,1041,individual_link
316,1042,individual_link
317,1043,shared_paper
317,1044,shared_paper
318,1046,individual_link
318,1047,individual_link
318,1048,individual_link
319,1049,individual_link
319,1050,individual_link
319,1051,individual_link
320,1052,individual_link
320,1053,individual_link
320,1054,individual_link
321,1055,individual_link
321,1056,individual_link
322,1057,individual_link
322,1058,individual_link
323,1063,individual_link
323,1064,individual_link
323,1065,individual_link
323,1066,individual_link
323,1067,individual_link
323,1068,individual_link
324,1069,individual_link
324,1070,individual_link
324,1071,individual_link
324,1072,individual_link
324,1073,individual_link
324,1074,individual_link
325,1075,individual_link
325,1076,individual_link
325,1077,individual_link
325,1078,individual_link
325,1079,individual_link
325,1080,individual_link
326,1081,individual_link
326,1082,individual_link
326,1083,individual_link
326,1084,individual_link
327,1085,individual_link
327,1086,individual_link
327,1087,individual_link
327,1088,individual_link
328,1091,individual_link
328,1092,individual_link
328,1093,individual_link
328,1094,individual_link
329,1095,individual_link
329,1096,individual_link
329,1097,individual_link
329,1098,individual_link
330,1099,individual_link
330,1100,individual_link
330,1101,individual_link
330,1102,individual_link
331,1103,individual_link
331,1104,individual_link
331,1105,individual_link
331,1106,individual_link
332,1107,individual_link
332,1108,individual_link
332,1109,individual_link
332,1110,individual_link
333,1115,individual_link
333,1116,individual_link
333,1117,individual_link
333,1118,individual_link
334,1119,individual_link
334,1120,individual_link
334,1121,individual_link
334,1122,individual_link
335,1123,individual_link
335,1124,individual_link
335,1125,individual_link
335,1126,individual_link
336,1127,individual_link
336,1128,individual_link
336,1129,individual_link
336,1130,individual_link
337,1131,individual_link
337,1132,individual_link
337,1133,individual_link
337,1134,individual_link
338,1135,individual_link
338,1136,individual_link
339,1137,individual_link
339,1138,individual_link
340,1139,individual_link
340,1140,individual_link
341,1141,shared_paper
341,1142,shared_paper
341,1143,shared_paper
342,1145,individual_link
342,1146,individual_link
342,1147,individual_link
342,1148,individual_link
342,1149,individual_link
342,1150,individual_link
342,1151,individual_link
342,1152,individual_link
343,1153,individual_link
343,1154,individual_link
343,1155,individual_link
343,1156,individual_link
343,1157,individual_link
343,1158,individual_link
343,1159,individual_link
343,1160,individual_link
344,1161,individual_link
344,1162,individual_link
344,1163,individual_link
344,1164,individual_link
344,1165,individual_link
344,1166,individual_link
344,1167,individual_link
345,1168,shared_paper
345,1169,shared_paper
345,1170,shared_paper
345,1171,shared_paper
345,1172,shared_paper
345,1173,shared_paper
345,1174,shared_paper
346,1177,individual_link
346,1178,individual_link
346,1179,individual_link
346,1180,individual_link
346,1181,individual_link
346,1182,individual_link
346,1183,individual_link
346,1184,individual_link
347,1185,individual_link
347,1186,individual_link
347,1187,individual_link
347,1188,individual_link
347,1189,individual_link
347,1190,individual_link
347,1191,individual_link
347,1192,individual_link
348,1193,individual_link
348,1194,individual_link
348,1195,individual_link
348,1196,individual_link
348,1197,individual_link
348,1198,individual_link
348,1199,individual_link
348,1200,individual_link
349,1201,individual_link
349,1202,individual_link
349,1203,individual_link
349,1204,individual_link
349,1205,individual_link
349,1206,individual_link
349,1207,individual_link
349,1208,individual_link
349,1209,individual_link
350,1210,individual_link
350,1211,individual_link
350,1212,individual_link
350,1213,individual_link
350,1214,individual_link
350,1215,individual_link
350,1216,individual_link
350,1217,individual_link
351,1219,individual_link
351,1220,individual_link
351,1221,individual_link
352,1222,individual_link
352,1223,individual_link
352,1224,individual_link
353,1225,individual_link
353,1226,individual_link
353,1227,individual_link
354,1228,shared_paper
354,1229,shared_paper
354,1230,shared_paper
355,1232,individual_link
355,1233,individual_link
355,1234,individual_link
356,1235,individual_link
356,1236,individual_link
356,1237,individual_link
357,1238,individual_link
357,1239,individual_link
357,1240,individual_link
358,1241,shared_paper
358,1242,shared_paper
358,1243,shared_paper
359,1245,individual_link
359,1246,individual_link
359,1247,individual_link
360,1248,individual_link
360,1249,individual_link
360,1250,individual_link
361,1251,individual_link
361,1252,individual_link
361,1253,individual_link
362,1254,shared_paper
362,1255,shared_paper
363,1257,individual_link
363,1258,individual_link
364,1259,individual_link
364,1260,individual_link
365,1261,individual_link
365,1262,individual_link
366,1263,individual_link
366,1264,individual_link
366,1265,individual_link
367,1266,individual_link
367,1267,individual_link
367,1268,individual_link
367,1269,individual_link
368,1271,individual_link
368,1272,individual_link
368,1273,individual_link
368,1274,individual_link
369,1275,individual_link
369,1276,individual_link
369,1277,individual_link
369,1278,individual_link
370,1279,individual_link
370,1280,individual_link
370,1281,individual_link
370,1282,individual_link
371,1283,individual_link
371,1284,individual_link
371,1285,individual_link
371,1286,individual_link
372,1287,individual_link
372,1288,individual_link
372,1289,individual_link
372,1290,individual_link
373,1292,individual_link
373,1293,individual_link
373,1294,individual_link
373,1295,individual_link
374,1296,individual_link
374,1297,individual_link
374,1298,individual_link
374,1299,individual_link
375,1300,individual_link
375,1301,individual_link
375,1302,individual_link
375,1303,individual_link
376,1304,individual_link
376,1305,individual_link
376,1306,individual_link
376,1307,individual_link
377,1308,individual_link
377,1309,individual_link
377,1310,individual_link
377,1311,individual_link
378,1313,individual_link
378,1314,individual_link
379,1315,individual_link
379,1316,individual_link
380,1317,individual_link
380,1318,individual_link
381,1319,individual_link
381,1320,individual_link
382,1321,individual_link
382,1322,individual_link
383,1324,individual_link
383,1325,individual_link
384,1326,individual_link
384,1327,individual_link
385,1328,individual_link
385,1329,individual_link
386,1330,shared_paper
387,1332,individual_link
387,1333,individual_link
388,1334,individual_link
388,1335,individual_link
389,1336,individual_link
389,1337,individual_link
390,1338,individual_link
390,1339,individual_link
391,1340,individual_link
391,1341,individual_link
392,1343,individual_link
392,1344,individual_link
393,1345,individual_link
393,1346,individual_link
394,1347,individual_link
394,1348,individual_link
395,1349,shared_paper
395,1350,shared_paper
396,1352,individual_link
396,1353,individual_link
397,1354,individual_link
397,1355,individual_link
398,1356,individual_link
398,1357,individual_link
399,1358,shared_paper
400,1358,shared_paper
399,1359,shared_paper
400,1359,shared_paper
401,1361,individual_link
401,1362,individual_link
402,1363,individual_link
402,1364,individual_link
403,1365,individual_link
403,1366,individual_link
404,1367,individual_link
404,1368,individual_link
405,1369,individual_link
405,1370,individual_link
406,1372,individual_link
406,1373,individual_link
407,1374,individual_link
407,1375,individual_link
408,1376,individual_link
408,1377,individual_link
409,1378,individual_link
409,1379,individual_link
410,1380,individual_link
410,1381,individual_link
411,1383,individual_link
411,1384,individual_link
412,1385,individual_link
412,1386,individual_link
413,1387,individual_link
413,1388,individual_link
414,1389,individual_link
414,1390,individual_link
415,1391,individual_link
415,1392,individual_link
416,1394,individual_link
416,1395,individual_link
416,1396,individual_link
416,1397,individual_link
417,1398,individual_link
417,1399,individual_link
417,1400,individual_link
417,1401,individual_link
418,1402,individual_link
418,1403,individual_link
418,1404,individual_link
418,1405,individual_link
419,1406,shared_paper
419,1407,shared_paper
419,1408,shared_paper
420,1410,individual_link
420,1411,individual_link
421,1412,individual_link
421,1413,individual_link
422,1414,individual_link
422,1415,individual_link
423,1416,shared_paper
424,1416,shared_paper
423,1417,shared_paper
424,1417,shared_paper
425,1420,shared_paper
426,1420,shared_paper
427,1420,shared_paper
428,1420,shared_paper
429,1420,shared_paper
430,1420,shared_paper
431,1420,shared_paper
432,1420,shared_paper
433,1420,shared_paper
434,1420,shared_paper
425,1421,shared_paper
426,1421,shared_paper
427,1421,shared_paper
428,1421,shared_paper
429,1421,shared_paper
430,1421,shared_paper
431,1421,shared_paper
432,1421,shared_paper
433,1421,shared_paper
434,1421,shared_paper
425,1422,individual_link
425,1423,individual_link
425,1424,individual_link
425,1425,individual_link
425,1426,individual_link
426,1427,individual_link
426,1428,individual_link
427,1429,individual_link
427,1430,individual_link
427,1431,individual_link
427,1432,individual_link
427,1433,individual_link
428,1434,individual_link
428,1435,individual_link
429,1436,individual_link
429,1437,individual_link
430,1438,individual_link
430,1439,individual_link
430,1440,individual_link
430,1441,individual_link
430,1442,individual_link
431,1443,individual_link
431,1444,individual_link
431,1445,individual_link
432,1446,individual_link
432,1447,individual_link
433,1448,individual_link
433,1449,individual_link
434,1450,individual_link
434,1451,individual_link
435,1453,shared_paper
436,1453,shared_paper
437,1453,shared_paper
438,1453,shared_paper
439,1453,shared_paper
440,1453,shared_paper
441,1453,shared_paper
442,1453,shared_paper
443,1453,shared_paper
435,1454,shared_paper
436,1454,shared_paper
437,1454,shared_paper
438,1454,shared_paper
439,1454,shared_paper
440,1454,shared_paper
441,1454,shared_paper
442,1454,shared_paper
443,1454,shared_paper
435,1455,individual_link
435,1456,individual_link
436,1457,individual_link
436,1458,individual_link
437,1459,individual_link
437,1460,individual_link
438,1461,individual_link
438,1462,individual_link
439,1463,individual_link
439,1464,individual_link
440,1465,individual_link
440,1466,individual_link
441,1467,individual_link
441,1468,individual_link
442,1469,individual_link
442,1470,individual_link
443,1471,individual_link
443,1472,individual_link
444,1474,shared_paper
445,1474,shared_paper
446,1474,shared_paper
447,1474,shared_paper
448,1474,shared_paper
449,1474,shared_paper
450,1474,shared_paper
451,1474,shared_paper
452,1474,shared_paper
453,1474,shared_paper
444,1475,shared_paper
445,1475,shared_paper
446,1475,shared_paper
447,1475,shared_paper
448,1475,shared_paper
449,1475,shared_paper
450,1475,shared_paper
451,1475,shared_paper
452,1475,shared_paper
453,1475,shared_paper
444,1476,individual_link
444,1477,individual_link
445,1478,individual_link
445,1479,individual_link
446,1480,individual_link
446,1481,individual_link
447,1482,individual_link
447,1483,individual_link
448,1484,individual_link
448,1485,individual_link
449,1486,individual_link
449,1487,individual_link
450,1488,individual_link
450,1489,individual_link
451,1490,individual_link
451,1491,individual_link
452,1492,individual_link
452,1493,individual_link
453,1494,individual_link
453,1495,individual_link
454,1497,shared_paper
455,1497,shared_paper
456,1497,shared_paper
457,1497,shared_paper
458,1497,shared_paper
459,1497,shared_paper
460,1497,shared_paper
461,1497,shared_paper
462,1497,shared_paper
454,1498,shared_paper
455,1498,shared_paper
456,1498,shared_paper
457,1498,shared_paper
458,1498,shared_paper
459,1498,shared_paper
460,1498,shared_paper
461,1498,shared_paper
462,1498,shared_paper
454,1499,individual_link
454,1500,individual_link
454,1501,individual_link
454,1502,individual_link
454,1503,individual_link
454,1504,individual_link
455,1505,individual_link
455,1506,individual_link
455,1507,individual_link
455,1508,individual_link
455,1509,individual_link
455,1510,individual_link
456,1511,individual_link
456,1512,individual_link
456,1513,individual_link
456,1514,individual_link
456,1515,individual_link
457,1516,individual_link
457,1517,individual_link
457,1518,individual_link
457,1519,individual_link
457,1520,individual_link
458,1521,individual_link
458,1522,individual_link
458,1523,individual_link
458,1524,individual_link
458,1525,individual_link
459,1526,individual_link
459,1527,individual_link
459,1528,individual_link
459,1529,individual_link
459,1530,individual_link
460,1531,individual_link
460,1532,individual_link
460,1533,individual_link
460,1534,individual_link
460,1535,individual_link
461,1536,individual_link
461,1537,individual_link
461,1538,individual_link
461,1539,individual_link
461,1540,individual_link
462,1541,individual_link
462,1542,individual_link
462,1543,individual_link
462,1544,individual_link
462,1545,individual_link
463,1547,shared_paper
464,1547,shared_paper
465,1547,shared_paper
466,1547,shared_paper
467,1547,shared_paper
468,1547,shared_paper
469,1547,shared_paper
470,1547,shared_paper
471,1547,shared_paper
463,1548,shared_paper
464,1548,shared_paper
465,1548,shared_paper
466,1548,shared_paper
467,1548,shared_paper
468,1548,shared_paper
469,1548,shared_paper
470,1548,shared_paper
471,1548,shared_paper
463,1549,individual_link
463,1550,individual_link
463,1551,individual_link
463,1552,individual_link
463,1553,individual_link
463,1554,individual_link
464,1555,individual_link
464,1556,individual_link
464,1557,individual_link
464,1558,individual_link
464,1559,individual_link
464,1560,individual_link
465,1561,individual_link
465,1562,individual_link
465,1563,individual_link
465,1564,individual_link
465,1565,individual_link
465,1566,individual_link
466,1567,individual_link
466,1568,individual_link
466,1569,individual_link
466,1570,individual_link
466,1571,individual_link
466,1572,individual_link
467,1573,individual_link
467,1574,individual_link
467,1575,individual_link
467,1576,individual_link
467,1577,individual_link
467,1578,individual_link
468,1579,individual_link
468,1580,individual_link
468,1581,individual_link
468,1582,individual_link
468,1583,individual_link
468,1584,individual_link
469,1585,individual_link
469,1586,individual_link
469,1587,individual_link
469,1588,individual_link
469,1589,individual_link
469,1590,individual_link
470,1591,individual_link
470,1592,individual_link
470,1593,individual_link
470,1594,individual_link
470,1595,individual_link
470,1596,individual_link
471,1597,individual_link
471,1598,individual_link
471,1599,individual_link
471,1600,individual_link
471,1601,individual_link
471,1602,individual_link
472,1604,shared_file
472,1605,shared_file
473,1606,shared_file
473,1607,shared_file
474,1608,shared_file
474,1609,shared_file
475,1610,shared_file
475,1611,shared_file
476,1613,shared_file
476,1614,shared_file
477,1615,shared_file
477,1616,shared_file
478,1617,shared_file
478,1618,shared_file
479,1619,shared_file
479,1620,shared_file
480,1621,shared_file
480,1622,shared_file
481,1624,shared_file
481,1625,shared_file
482,1626,shared_file
482,1627,shared_file
483,1628,shared_file
483,1629,shared_file
484,1630,shared_file
484,1631,shared_file
485,1632,shared_file
485,1633,shared_file
486,1634,shared_file
486,1635,shared_file
487,1636,shared_file
487,1637,shared_file
488,1638,shared_file
488,1639,shared_file
489,1641,shared_file
489,1642,shared_file
490,1643,shared_file
490,1644,shared_file
491,1645,shared_file
491,1646,shared_file
492,1647,shared_file
492,1648,shared_file
493,1649,shared_file
493,1650,shared_file
494,1651,shared_file
494,1652,shared_file
495,1653,shared_file
495,1654,shared_file
496,1655,shared_file
496,1656,shared_file
497,1657,shared_file
497,1658,shared_file
498,1660,shared_file
498,1661,shared_file
499,1662,shared_file
499,1663,shared_file
500,1664,shared_file
500,1665,shared_file
501,1666,shared_file
501,1667,shared_file
502,1668,shared_file
502,1669,shared_file
503,1670,shared_file
503,1671,shared_file
504,1672,shared_file
504,1673,shared_file
505,1674,shared_file
505,1675,shared_file
506,1676,shared_file
506,1677,shared_file
507,1678,shared_file
507,1679,shared_file
508,1681,shared_file
508,1682,shared_file
509,1683,shared_file
509,1684,shared_file
510,1685,shared_file
510,1686,shared_file
511,1687,shared_file
511,1688,shared_file
512,1689,shared_file
512,1690,shared_file
513,1691,shared_file
513,1692,shared_file
514,1693,shared_file
514,1694,shared_file
515,1695,shared_file
515,1696,shared_file
516,1697,shared_file
516,1698,shared_file
517,1699,shared_file
517,1700,shared_file
518,1702,shared_file
518,1703,shared_file
519,1704,shared_file
519,1705,shared_file
520,1706,shared_file
520,1707,shared_file
521,1708,shared_file
521,1709,shared_file
522,1710,shared_file
522,1711,shared_file
523,1712,shared_file
523,1713,shared_file
524,1714,shared_file
524,1715,shared_file
525,1716,shared_file
525,1717,shared_file
526,1718,shared_file
526,1719,shared_file
527,1720,shared_file
527,1721,shared_file
528,1723,shared_file
528,1724,shared_file
529,1725,shared_file
529,1726,shared_file
530,1727,shared_file
530,1728,shared_file
531,1729,shared_file
531,1730,shared_file
532,1731,shared_file
532,1732,shared_file
533,1733,shared_file
533,1734,shared_file
534,1735,shared_file
534,1736,shared_file
535,1737,shared_file
535,1738,shared_file
536,1739,shared_file
536,1740,shared_file
537,1741,shared_file
537,1742,shared_file
538,1744,shared_file
538,1745,shared_file
539,1746,shared_file
539,1747,shared_file
540,1748,shared_file
540,1749,shared_file
541,1750,shared_file
541,1751,shared_file
542,1752,shared_file
542,1753,shared_file
543,1754,shared_file
543,1755,shared_file
544,1756,shared_file
544,1757,shared_file
545,1758,shared_file
545,1759,shared_file
546,1760,shared_file
546,1761,shared_file
547,1762,shared_file
547,1763,shared_file
548,1765,shared_file
548,1766,shared_file
549,1767,shared_file
549,1768,shared_file
550,1769,shared_file
550,1770,shared_file
551,1771,shared_file
551,1772,shared_file
552,1773,shared_file
552,1774,shared_file
553,1775,shared_file
553,1776,shared_file
554,1777,shared_file
554,1778,shared_file
555,1779,shared_file
555,1780,shared_file
556,1781,shared_file
556,1782,shared_file
557,1783,shared_file
557,1784,shared_file
558,1786,shared_file
558,1787,shared_file
559,1788,shared_file
559,1789,shared_file
560,1790,shared_file
560,1791,shared_file
561,1792,shared_file
561,1793,shared_file
562,1794,shared_file
562,1795,shared_file
563,1796,shared_file
563,1797,shared_file
564,1798,shared_file
564,1799,shared_file
565,1800,shared_file
565,1801,shared_file
566,1802,shared_file
566,1803,shared_file
567,1805,shared_file
567,1806,shared_file
568,1807,shared_file
568,1808,shared_file
569,1809,shared_file
569,1810,shared_file
570,1811,shared_file
570,1812,shared_file
571,1813,shared_file
571,1814,shared_file
572,1815,shared_file
572,1816,shared_file
573,1817,shared_file
573,1818,shared_file
574,1819,shared_file
574,1820,shared_file
575,1821,shared_file
575,1822,shared_file
576,1823,shared_file
576,1824,shared_file
577,1825,shared_file
577,1826,shared_file
578,1828,shared_file
578,1829,shared_file
579,1830,shared_file
579,1831,shared_file
580,1832,shared_file
580,1833,shared_file
581,1834,shared_file
581,1835,shared_file
582,1836,shared_file
582,1837,shared_file
583,1838,shared_file
583,1839,shared_file
584,1840,shared_file
584,1841,shared_file
585,1842,shared_file
585,1843,shared_file
586,1844,shared_file
586,1845,shared_file
587,1846,shared_file
587,1847,shared_file
588,1849,shared_file
588,1850,shared_file
589,1851,shared_file
589,1852,shared_file
590,1853,shared_file
590,1854,shared_file
591,1855,shared_file
591,1856,shared_file
592,1857,shared_file
592,1858,shared_file
593,1859,shared_file
593,1860,shared_file
594,1861,shared_file
594,1862,shared_file
595,1863,shared_file
595,1864,shared_file
596,1865,shared_file
596,1866,shared_file
597,1867,shared_file
597,1868,shared_file
598,1870,shared_file
598,1871,shared_file
599,1872,shared_file
599,1873,shared_file
600,1874,shared_file
600,1875,shared_file
601,1876,shared_file
601,1877,shared_file
602,1878,shared_file
602,1879,shared_file
603,1880,shared_file
603,1881,shared_file
604,1882,shared_file
604,1883,shared_file
605,1884,shared_file
605,1885,shared_file
606,1887,shared_file
606,1888,shared_file
607,1889,shared_file
607,1890,shared_file
608,1891,shared_file
608,1892,shared_file
609,1893,shared_file
609,1894,shared_file
610,1895,shared_file
610,1896,shared_file
611,1897,shared_file
611,1898,shared_file
612,1899,shared_file
612,1900,shared_file
613,1901,shared_file
613,1902,shared_file
614,1904,shared_file
614,1905,shared_file
615,1906,shared_file
615,1907,shared_file
616,1908,shared_file
616,1909,shared_file
617,1910,shared_file
617,1911,shared_file
618,1912,shared_file
618,1913,shared_file
619,1914,shared_file
619,1915,shared_file
620,1916,shared_file
620,1917,shared_file
621,1918,shared_file
621,1919,shared_file
622,1920,shared_file
622,1921,shared_file
623,1923,shared_file
623,1924,shared_file
624,1925,shared_file
624,1926,shared_file
625,1927,shared_file
625,1928,shared_file
626,1929,shared_file
626,1930,shared_file
627,1931,shared_file
627,1932,shared_file
628,1933,shared_file
628,1934,shared_file
629,1935,shared_file
629,1936,shared_file
630,1937,shared_file
630,1938,shared_file
631,1939,shared_file
631,1940,shared_file
632,1942,shared_file
632,1943,shared_file
633,1944,shared_file
633,1945,shared_file
634,1946,shared_file
634,1947,shared_file
635,1948,shared_file
635,1949,shared_file
636,1950,shared_file
636,1951,shared_file
637,1952,shared_file
637,1953,shared_file
638,1954,shared_file
638,1955,shared_file
639,1956,shared_file
639,1957,shared_file
640,1959,shared_paper
641,1959,shared_paper
642,1959,shared_paper
643,1959,shared_paper
644,1960,individual_link
645,1961,individual_link
645,1962,individual_link
646,1963,individual_link
646,1964,individual_link
647,1965,individual_link
647,1966,individual_link
648,1967,individual_link
648,1968,individual_link
649,1969,individual_link
649,1970,individual_link
650,1971,shared_paper
651,1971,shared_paper
652,1971,shared_paper
653,1972,individual_link
654,1973,shared_paper
655,1973,shared_paper
656,1973,shared_paper
657,1973,shared_paper
658,1973,shared_paper
654,1974,shared_paper
655,1974,shared_paper
656,1974,shared_paper
657,1974,shared_paper
658,1974,shared_paper
659,1975,individual_link
659,1976,individual_link
660,1977,individual_link
660,1978,individual_link
661,1979,individual_link
661,1980,individual_link
662,1981,individual_link
662,1982,individual_link
663,1983,individual_link
663,1984,individual_link
664,1985,individual_link
664,1986,individual_link
665,1987,individual_link
665,1988,individual_link
666,1989,individual_link
666,1990,individual_link
667,1991,individual_link
667,1992,individual_link
668,1993,individual_link
668,1994,individual_link
669,1995,individual_link
670,1996,individual_link
671,1997,individual_link
672,1998,individual_link
673,1999,individual_link
674,2000,individual_link
675,2001,individual_link
675,2002,individual_link
676,2003,individual_link
676,2004,individual_link
677,2005,individual_link
677,2006,individual_link
678,2007,individual_link
679,2008,individual_link
680,2009,individual_link
680,2010,individual_link
681,2011,individual_link
681,2012,individual_link
682,2013,individual_link
682,2014,individual_link
683,2015,individual_link
684,2016,shared_paper
685,2016,shared_paper
686,2016,shared_paper
684,2017,shared_paper
685,2017,shared_paper
686,2017,shared_paper
687,2018,individual_link
688,2019,individual_link
689,2020,individual_link
690,2021,individual_link
691,2022,individual_link
692,2023,individual_link
693,2024,shared_paper
694,2024,shared_paper
695,2024,shared_paper
696,2024,shared_paper
697,2024,shared_paper
698,2024,shared_paper
693,2025,shared_paper
694,2025,shared_paper
695,2025,shared_paper
696,2025,shared_paper
697,2025,shared_paper
698,2025,shared_paper
699,2026,shared_paper
700,2026,shared_paper
701,2027,individual_link
702,2028,shared_paper
703,2028,shared_paper
704,2028,shared_paper
705,2029,individual_link
706,2030,shared_paper
707,2030,shared_paper
708,2030,shared_paper
709,2030,shared_paper
706,2031,shared_paper
707,2031,shared_paper
708,2031,shared_paper
709,2031,shared_paper
710,2032,individual_link
711,2033,individual_link
711,2034,individual_link
712,2035,individual_link
712,2036,individual_link
713,2037,individual_link
713,2038,individual_link
714,2039,individual_link
715,2040,shared_paper
716,2040,shared_paper
717,2040,shared_paper
718,2041,individual_link
719,2042,shared_paper
720,2042,shared_paper
721,2042,shared_paper
722,2042,shared_paper
719,2043,shared_paper
720,2043,shared_paper
721,2043,shared_paper
722,2043,shared_paper
723,2044,shared_paper
724,2044,shared_paper
723,2045,shared_paper
724,2045,shared_paper
725,2046,shared_paper
726,2046,shared_paper
727,2046,shared_paper
728,2046,shared_paper
729,2046,shared_paper
730,2047,shared_paper
731,2047,shared_paper
732,2048,shared_paper
733,2048,shared_paper
734,2048,shared_paper
735,2048,shared_paper
736,2049,individual_link
737,2050,individual_link
738,2051,shared_paper
739,2051,shared_paper
740,2051,shared_paper
741,2052,individual_link
742,2053,shared_paper
743,2053,shared_paper
744,2053,shared_paper
745,2053,shared_paper
746,2053,shared_paper
747,2053,shared_paper
748,2054,individual_link
749,2055,shared_paper
750,2055,shared_paper
751,2055,shared_paper
752,2055,shared_paper
753,2055,shared_paper
754,2055,shared_paper
755,2055,shared_paper
756,2056,individual_link
757,2057,shared_paper
758,2057,shared_paper
759,2057,shared_paper
760,2057,shared_paper
761,2057,shared_paper
762,2058,shared_paper
763,2058,shared_paper
764,2059,shared_paper
765,2059,shared_paper
766,2059,shared_paper
767,2059,shared_paper
768,2060,shared_paper
769,2060,shared_paper
770,2061,shared_paper
771,2061,shared_paper
772,2061,shared_paper
773,2061,shared_paper
774,2061,shared_paper
775,2061,shared_paper
776,2061,shared_paper
777,2062,shared_paper
778,2062,shared_paper
779,2063,shared_paper
780,2063,shared_paper
781,2063,shared_paper
782,2063,shared_paper
783,2063,shared_paper
784,2063,shared_paper
785,2063,shared_paper
786,2064,shared_paper
787,2064,shared_paper
788,2065,shared_paper
789,2065,shared_paper
790,2065,shared_paper
791,2066,individual_link
792,2068,individual_link
792,2069,individual_link
793,2070,individual_link
793,2071,individual_link
794,2072,individual_link
794,2073,individual_link
795,2074,individual_link
795,2075,individual_link
796,2077,individual_link
796,2078,individual_link
797,2079,individual_link
797,2080,individual_link
798,2081,individual_link
798,2082,individual_link
799,2083,individual_link
800,2084,individual_link
800,2085,individual_link
801,2086,individual_link
801,2087,individual_link
802,2088,individual_link
802,2089,individual_link
803,2090,shared_paper
803,2091,shared_paper
804,2092,individual_link
804,2093,individual_link
805,2094,individual_link
805,2095,individual_link
805,2096,individual_link
805,2097,individual_link
806,2098,individual_link
806,2099,individual_link
807,2100,shared_paper
808,2101,individual_link
808,2102,individual_link
809,2103,shared_file
809,2104,individual_link
810,2105,shared_file
810,2106,individual_link
811,2107,individual_link
811,2108,individual_link
812,2109,shared_paper
812,2110,shared_paper
813,2111,individual_link
814,2112,individual_link
815,2113,individual_link
816,2114,individual_link
816,2115,individual_link
817,2116,individual_link
817,2117,individual_link
818,2118,individual_link
818,2119,individual_link
819,2120,individual_link
819,2121,individual_link
820,2122,individual_link
820,2123,individual_link
821,2124,individual_link
821,2125,individual_link
821,2126,individual_link
822,2127,individual_link
822,2128,individual_link
822,2129,individual_link
823,2130,individual_link
823,2131,individual_link
824,2132,individual_link
824,2133,individual_link
825,2134,individual_link
825,2135,individual_link
826,2136,individual_link
826,2137,individual_link
827,2138,individual_link
827,2139,individual_link
828,2140,individual_link
828,2141,individual_link
829,2142,individual_link
829,2143,individual_link
830,2144,individual_link
830,2145,individual_link
831,2147,individual_link
831,2148,individual_link
832,2149,individual_link
832,2150,individual_link
833,2151,individual_link
833,2152,individual_link
834,2153,individual_link
834,2154,individual_link
835,2155,individual_link
835,2156,individual_link
836,2157,individual_link
836,2158,individual_link
837,2159,individual_link
837,2160,individual_link
838,2161,individual_link
838,2162,individual_link
839,2163,individual_link
839,2164,individual_link
840,2165,individual_link
840,2166,individual_link
841,2167,individual_link
842,2168,individual_link
843,2169,individual_link
844,2170,individual_link
845,2171,individual_link
845,2172,individual_link
846,2173,individual_link
847,2174,individual_link
847,2175,individual_link
848,2176,individual_link
848,2177,individual_link
849,2178,individual_link
850,2179,individual_link
850,2180,individual_link
851,2181,individual_link
851,2182,individual_link
852,2183,individual_link
852,2184,individual_link
853,2185,individual_link
853,2186,individual_link
854,2187,individual_link
855,2188,individual_link
856,2189,individual_link
857,2190,individual_link
858,2191,individual_link
859,2192,individual_link
860,2193,individual_link
861,2194,individual_link
862,2195,individual_link
863,2196,individual_link
864,2197,individual_link
864,2198,individual_link
865,2199,individual_link
865,2200,individual_link
866,2201,individual_link
866,2202,individual_link
867,2205,shared_paper
868,2205,shared_paper
869,2205,shared_paper
867,2206,shared_paper
868,2206,shared_paper
869,2206,shared_paper
870,2207,shared_paper
870,2208,shared_paper
871,2212,shared_paper
872,2212,shared_paper
873,2212,shared_paper
871,2213,shared_paper
872,2213,shared_paper
873,2213,shared_paper
874,2214,shared_paper
874,2215,shared_paper
875,2218,shared_paper
876,2218,shared_paper
877,2218,shared_paper
875,2219,shared_paper
876,2219,shared_paper
877,2219,shared_paper
878,2220,shared_paper
878,2221,shared_paper
879,2224,shared_paper
880,2224,shared_paper
881,2224,shared_paper
879,2225,shared_paper
880,2225,shared_paper
881,2225,shared_paper
882,2226,shared_paper
883,2226,shared_paper
882,2227,shared_paper
883,2227,shared_paper
884,2230,shared_paper
884,2231,shared_paper
885,2232,shared_paper
885,2233,shared_paper
886,2234,shared_paper
886,2235,shared_paper
887,2236,shared_paper
887,2237,shared_paper
888,2238,shared_paper
888,2239,shared_paper
889,2240,shared_paper
889,2241,shared_paper
890,2242,shared_paper
890,2243,shared_paper
891,2244,shared_paper
891,2245,shared_paper
892,2246,shared_paper
892,2247,shared_paper
893,2248,shared_paper
893,2249,shared_paper
894,2250,shared_paper
894,2251,shared_paper
895,2252,shared_paper
895,2253,shared_paper
896,2254,shared_paper
896,2255,shared_paper
897,2256,shared_paper
897,2257,shared_paper
898,2258,shared_paper
898,2259,shared_paper
899,2260,shared_paper
899,2261,shared_paper
900,2262,shared_paper
900,2263,shared_paper
901,2264,shared_paper
901,2265,shared_paper
902,2266,shared_paper
902,2267,shared_paper
903,2268,shared_paper
903,2269,shared_paper
904,2270,shared_paper
904,2271,shared_paper
905,2272,shared_paper
905,2273,shared_paper
906,2274,shared_paper
906,2275,shared_paper
907,2276,shared_paper
907,2277,shared_paper
908,2278,shared_paper
908,2279,shared_paper
909,2280,shared_paper
909,2281,shared_paper
910,2282,shared_paper
910,2283,shared_paper
911,2284,shared_paper
911,2285,shared_paper
912,2286,shared_paper
912,2287,shared_paper
913,2288,shared_paper
913,2289,shared_paper
914,2290,shared_paper
914,2291,shared_paper
915,2292,shared_paper
915,2293,shared_paper
916,2296,individual_link
916,2297,individual_link
916,2298,individual_link
916,2299,individual_link
917,2300,individual_link
917,2301,individual_link
917,2302,individual_link
917,2303,individual_link
918,2304,individual_link
918,2305,individual_link
918,2306,individual_link
918,2307,individual_link
919,2308,shared_paper
919,2309,shared_paper
920,2310,individual_link
921,2311,individual_link
922,2312,individual_link
923,2313,shared_paper
924,2314,individual_link
924,2315,individual_link
925,2316,individual_link
925,2317,individual_link
926,2318,individual_link
926,2319,individual_link
927,2320,shared_paper
927,2321,shared_paper
928,2322,individual_link
928,2323,individual_link
929,2324,individual_link
929,2325,individual_link
930,2326,individual_link
930,2327,individual_link
931,2329,shared_paper
932,2329,shared_paper
933,2329,shared_paper
934,2329,shared_paper
935,2329,shared_paper
936,2329,shared_paper
937,2329,shared_paper
938,2329,shared_paper
939,2329,shared_paper
940,2329,shared_paper
941,2329,shared_paper
942,2329,shared_paper
943,2329,shared_paper
944,2329,shared_paper
945,2329,shared_paper
946,2329,shared_paper
947,2329,shared_paper
948,2329,shared_paper
949,2329,shared_paper
950,2329,shared_paper
951,2329,shared_paper
952,2329,shared_paper
953,2329,shared_paper
954,2329,shared_paper
955,2329,shared_paper
931,2330,shared_paper
932,2330,shared_paper
933,2330,shared_paper
934,2330,shared_paper
935,2330,shared_paper
936,2330,shared_paper
937,2330,shared_paper
938,2330,shared_paper
939,2330,shared_paper
940,2330,shared_paper
941,2330,shared_paper
942,2330,shared_paper
943,2330,shared_paper
944,2330,shared_paper
945,2330,shared_paper
946,2330,shared_paper
947,2330,shared_paper
948,2330,shared_paper
949,2330,shared_paper
950,2330,shared_paper
951,2330,shared_paper
952,2330,shared_paper
953,2330,shared_paper
954,2330,shared_paper
955,2330,shared_paper
956,2331,shared_paper
957,2331,shared_paper
958,2331,shared_paper
959,2331,shared_paper
960,2331,shared_paper
961,2331,shared_paper
956,2332,shared_paper
957,2332,shared_paper
958,2332,shared_paper
959,2332,shared_paper
960,2332,shared_paper
961,2332,shared_paper
962,2333,shared_paper
963,2333,shared_paper
964,2333,shared_paper
965,2333,shared_paper
966,2333,shared_paper
967,2333,shared_paper
968,2333,shared_paper
969,2333,shared_paper
970,2333,shared_paper
971,2333,shared_paper
972,2333,shared_paper
973,2333,shared_paper
974,2333,shared_paper
975,2333,shared_paper
976,2333,shared_paper
977,2333,shared_paper
978,2333,shared_paper
979,2333,shared_paper
980,2333,shared_paper
981,2333,shared_paper
982,2333,shared_paper
983,2333,shared_paper
984,2333,shared_paper
985,2333,shared_paper
986,2333,shared_paper
962,2334,shared_paper
963,2334,shared_paper
964,2334,shared_paper
965,2334,shared_paper
966,2334,shared_paper
967,2334,shared_paper
968,2334,shared_paper
969,2334,shared_paper
970,2334,shared_paper
971,2334,shared_paper
972,2334,shared_paper
973,2334,shared_paper
974,2334,shared_paper
975,2334,shared_paper
976,2334,shared_paper
977,2334,shared_paper
978,2334,shared_paper
979,2334,shared_paper
980,2334,shared_paper
981,2334,shared_paper
982,2334,shared_paper
983,2334,shared_paper
984,2334,shared_paper
985,2334,shared_paper
986,2334,shared_paper
987,2335,shared_paper
988,2335,shared_paper
989,2335,shared_paper
990,2335,shared_paper
991,2335,shared_paper
992,2335,shared_paper
987,2336,shared_paper
988,2336,shared_paper
989,2336,shared_paper
990,2336,shared_paper
991,2336,shared_paper
992,2336,shared_paper
993,2337,shared_paper
994,2337,shared_paper
995,2337,shared_paper
996,2337,shared_paper
997,2337,shared_paper
998,2337,shared_paper
999,2337,shared_paper
1000,2337,shared_paper
1001,2337,shared_paper
1002,2337,shared_paper
1003,2337,shared_paper
1004,2337,shared_paper
1005,2337,shared_paper
1006,2337,shared_paper
1007,2337,shared_paper
1008,2337,shared_paper
1009,2337,shared_paper
1010,2337,shared_paper
1011,2337,shared_paper
1012,2337,shared_paper
1013,2337,shared_paper
1014,2337,shared_paper
1015,2337,shared_paper
1016,2337,shared_paper
1017,2337,shared_paper
993,2338,shared_paper
994,2338,shared_paper
995,2338,shared_paper
996,2338,shared_paper
997,2338,shared_paper
998,2338,shared_paper
999,2338,shared_paper
1000,2338,shared_paper
1001,2338,shared_paper
1002,2338,shared_paper
1003,2338,shared_paper
1004,2338,shared_paper
1005,2338,shared_paper
1006,2338,shared_paper
1007,2338,shared_paper
1008,2338,shared_paper
1009,2338,shared_paper
1010,2338,shared_paper
1011,2338,shared_paper
1012,2338,shared_paper
1013,2338,shared_paper
1014,2338,shared_paper
1015,2338,shared_paper
1016,2338,shared_paper
1017,2338,shared_paper
1018,2339,shared_paper
1019,2339,shared_paper
1020,2339,shared_paper
1021,2339,shared_paper
1022,2339,shared_paper
1023,2339,shared_paper
1018,2340,shared_paper
1019,2340,shared_paper
1020,2340,shared_paper
1021,2340,shared_paper
1022,2340,shared_paper
1023,2340,shared_paper
1024,2341,shared_paper
1025,2341,shared_paper
1026,2341,shared_paper
1027,2341,shared_paper
1028,2341,shared_paper
1029,2341,shared_paper
1030,2341,shared_paper
1031,2341,shared_paper
1032,2341,shared_paper
1033,2341,shared_paper
1034,2341,shared_paper
1035,2341,shared_paper
1036,2341,shared_paper
1037,2341,shared_paper
1038,2341,shared_paper
1039,2341,shared_paper
1040,2341,shared_paper
1041,2341,shared_paper
1042,2341,shared_paper
1043,2341,shared_paper
1044,2341,shared_paper
1045,2341,shared_paper
1046,2341,shared_paper
1047,2341,shared_paper
1048,2341,shared_paper
1024,2342,shared_paper
1025,2342,shared_paper
1026,2342,shared_paper
1027,2342,shared_paper
1028,2342,shared_paper
1029,2342,shared_paper
1030,2342,shared_paper
1031,2342,shared_paper
1032,2342,shared_paper
1033,2342,shared_paper
1034,2342,shared_paper
1035,2342,shared_paper
1036,2342,shared_paper
1037,2342,shared_paper
1038,2342,shared_paper
1039,2342,shared_paper
1040,2342,shared_paper
1041,2342,shared_paper
1042,2342,shared_paper
1043,2342,shared_paper
1044,2342,shared_paper
1045,2342,shared_paper
1046,2342,shared_paper
1047,2342,shared_paper
1048,2342,shared_paper
1049,2343,shared_paper
1050,2343,shared_paper
1051,2343,shared_paper
1052,2343,shared_paper
1053,2343,shared_paper
1054,2343,shared_paper
1049,2344,shared_paper
1050,2344,shared_paper
1051,2344,shared_paper
1052,2344,shared_paper
1053,2344,shared_paper
1054,2344,shared_paper
1055,2345,shared_paper
1056,2345,shared_paper
1057,2345,shared_paper
1058,2345,shared_paper
1059,2345,shared_paper
1060,2345,shared_paper
1061,2345,shared_paper
1062,2345,shared_paper
1063,2345,shared_paper
1064,2345,shared_paper
1065,2345,shared_paper
1066,2345,shared_paper
1067,2345,shared_paper
1068,2345,shared_paper
1069,2345,shared_paper
1070,2345,shared_paper
1071,2345,shared_paper
1072,2345,shared_paper
1073,2345,shared_paper
1074,2345,shared_paper
1075,2345,shared_paper
1076,2345,shared_paper
1077,2345,shared_paper
1078,2345,shared_paper
1079,2345,shared_paper
1055,2346,shared_paper
1056,2346,shared_paper
1057,2346,shared_paper
1058,2346,shared_paper
1059,2346,shared_paper
1060,2346,shared_paper
1061,2346,shared_paper
1062,2346,shared_paper
1063,2346,shared_paper
1064,2346,shared_paper
1065,2346,shared_paper
1066,2346,shared_paper
1067,2346,shared_paper
1068,2346,shared_paper
1069,2346,shared_paper
1070,2346,shared_paper
1071,2346,shared_paper
1072,2346,shared_paper
1073,2346,shared_paper
1074,2346,shared_paper
1075,2346,shared_paper
1076,2346,shared_paper
1077,2346,shared_paper
1078,2346,shared_paper
1079,2346,shared_paper
1080,2347,shared_paper
1081,2347,shared_paper
1082,2347,shared_paper
1083,2347,shared_paper
1084,2347,shared_paper
1085,2347,shared_paper
1086,2347,shared_paper
1087,2347,shared_paper
1088,2347,shared_paper
1089,2347,shared_paper
1090,2347,shared_paper
1091,2347,shared_paper
1092,2347,shared_paper
1093,2347,shared_paper
1094,2347,shared_paper
1095,2347,shared_paper
1096,2347,shared_paper
1097,2347,shared_paper
1098,2347,shared_paper
1099,2347,shared_paper
1100,2347,shared_paper
1101,2347,shared_paper
1102,2347,shared_paper
1103,2347,shared_paper
1104,2347,shared_paper
1080,2348,shared_paper
1081,2348,shared_paper
1082,2348,shared_paper
1083,2348,shared_paper
1084,2348,shared_paper
1085,2348,shared_paper
1086,2348,shared_paper
1087,2348,shared_paper
1088,2348,shared_paper
1089,2348,shared_paper
1090,2348,shared_paper
1091,2348,shared_paper
1092,2348,shared_paper
1093,2348,shared_paper
1094,2348,shared_paper
1095,2348,shared_paper
1096,2348,shared_paper
1097,2348,shared_paper
1098,2348,shared_paper
1099,2348,shared_paper
1100,2348,shared_paper
1101,2348,shared_paper
1102,2348,shared_paper
1103,2348,shared_paper
1104,2348,shared_paper
1105,2349,shared_paper
1106,2349,shared_paper
1107,2349,shared_paper
1108,2349,shared_paper
1109,2349,shared_paper
1110,2349,shared_paper
1105,2350,shared_paper
1106,2350,shared_paper
1107,2350,shared_paper
1108,2350,shared_paper
1109,2350,shared_paper
1110,2350,shared_paper
1111,2351,shared_paper
1112,2351,shared_paper
1113,2351,shared_paper
1111,2352,shared_paper
1112,2352,shared_paper
1113,2352,shared_paper
1114,2353,shared_file
1114,2354,shared_file
1115,2355,shared_paper
1116,2355,shared_paper
1117,2355,shared_paper
1118,2355,shared_paper
1119,2355,shared_paper
1120,2355,shared_paper
1121,2355,shared_paper
1122,2355,shared_paper
1123,2355,shared_paper
1124,2355,shared_paper
1125,2355,shared_paper
1126,2355,shared_paper
1127,2355,shared_paper
1128,2355,shared_paper
1129,2355,shared_paper
1130,2355,shared_paper
1131,2355,shared_paper
1132,2355,shared_paper
1133,2355,shared_paper
1134,2355,shared_paper
1135,2355,shared_paper
1136,2355,shared_paper
1137,2355,shared_paper
1138,2355,shared_paper
1139,2355,shared_paper
1115,2356,shared_paper
1116,2356,shared_paper
1117,2356,shared_paper
1118,2356,shared_paper
1119,2356,shared_paper
1120,2356,shared_paper
1121,2356,shared_paper
1122,2356,shared_paper
1123,2356,shared_paper
1124,2356,shared_paper
1125,2356,shared_paper
1126,2356,shared_paper
1127,2356,shared_paper
1128,2356,shared_paper
1129,2356,shared_paper
1130,2356,shared_paper
1131,2356,shared_paper
1132,2356,shared_paper
1133,2356,shared_paper
1134,2356,shared_paper
1135,2356,shared_paper
1136,2356,shared_paper
1137,2356,shared_paper
1138,2356,shared_paper
1139,2356,shared_paper
1140,2357,shared_paper
1141,2357,shared_paper
1142,2357,shared_paper
1143,2357,shared_paper
1144,2357,shared_paper
1145,2357,shared_paper
1140,2358,shared_paper
1141,2358,shared_paper
1142,2358,shared_paper
1143,2358,shared_paper
1144,2358,shared_paper
1145,2358,shared_paper
1146,2359,shared_paper
1147,2359,shared_paper
1148,2359,shared_paper
1146,2360,shared_paper
1147,2360,shared_paper
1148,2360,shared_paper
1149,2361,shared_paper
1150,2361,shared_paper
1151,2361,shared_paper
1152,2361,shared_paper
1153,2361,shared_paper
1154,2361,shared_paper
1155,2361,shared_paper
1156,2361,shared_paper
1157,2361,shared_paper
1158,2361,shared_paper
1159,2361,shared_paper
1160,2361,shared_paper
1161,2361,shared_paper
1162,2361,shared_paper
1163,2361,shared_paper
1164,2361,shared_paper
1165,2361,shared_paper
1166,2361,shared_paper
1167,2361,shared_paper
1168,2361,shared_paper
1169,2361,shared_paper
1170,2361,shared_paper
1171,2361,shared_paper
1172,2361,shared_paper
1173,2361,shared_paper
1149,2362,shared_paper
1150,2362,shared_paper
1151,2362,shared_paper
1152,2362,shared_paper
1153,2362,shared_paper
1154,2362,shared_paper
1155,2362,shared_paper
1156,2362,shared_paper
1157,2362,shared_paper
1158,2362,shared_paper
1159,2362,shared_paper
1160,2362,shared_paper
1161,2362,shared_paper
1162,2362,shared_paper
1163,2362,shared_paper
1164,2362,shared_paper
1165,2362,shared_paper
1166,2362,shared_paper
1167,2362,shared_paper
1168,2362,shared_paper
1169,2362,shared_paper
1170,2362,shared_paper
1171,2362,shared_paper
1172,2362,shared_paper
1173,2362,shared_paper
1174,2363,shared_paper
1175,2363,shared_paper
1176,2363,shared_paper
1177,2363,shared_paper
1178,2363,shared_paper
1179,2363,shared_paper
1180,2363,shared_paper
1181,2363,shared_paper
1182,2363,shared_paper
1183,2363,shared_paper
1184,2363,shared_paper
1185,2363,shared_paper
1186,2363,shared_paper
1187,2363,shared_paper
1188,2363,shared_paper
1189,2363,shared_paper
1190,2363,shared_paper
1191,2363,shared_paper
1192,2363,shared_paper
1193,2363,shared_paper
1194,2363,shared_paper
1195,2363,shared_paper
1196,2363,shared_paper
1197,2363,shared_paper
1198,2363,shared_paper
1174,2364,shared_paper
1175,2364,shared_paper
1176,2364,shared_paper
1177,2364,shared_paper
1178,2364,shared_paper
1179,2364,shared_paper
1180,2364,shared_paper
1181,2364,shared_paper
1182,2364,shared_paper
1183,2364,shared_paper
1184,2364,shared_paper
1185,2364,shared_paper
1186,2364,shared_paper
1187,2364,shared_paper
1188,2364,shared_paper
1189,2364,shared_paper
1190,2364,shared_paper
1191,2364,shared_paper
1192,2364,shared_paper
1193,2364,shared_paper
1194,2364,shared_paper
1195,2364,shared_paper
1196,2364,shared_paper
1197,2364,shared_paper
1198,2364,shared_paper
1199,2365,shared_paper
1200,2365,shared_paper
1201,2365,shared_paper
1202,2365,shared_paper
1203,2365,shared_paper
1204,2365,shared_paper
1199,2366,shared_paper
1200,2366,shared_paper
1201,2366,shared_paper
1202,2366,shared_paper
1203,2366,shared_paper
1204,2366,shared_paper
1205,2367,shared_paper
1206,2367,shared_paper
1207,2367,shared_paper
1208,2367,shared_paper
1209,2367,shared_paper
1210,2367,shared_paper
1211,2367,shared_paper
1212,2367,shared_paper
1213,2367,shared_paper
1214,2367,shared_paper
1215,2367,shared_paper
1216,2367,shared_paper
1217,2367,shared_paper
1218,2367,shared_paper
1219,2367,shared_paper
1220,2367,shared_paper
1221,2367,shared_paper
1222,2367,shared_paper
1223,2367,shared_paper
1224,2367,shared_paper
1225,2367,shared_paper
1226,2367,shared_paper
1227,2367,shared_paper
1228,2367,shared_paper
1229,2367,shared_paper
1205,2368,shared_paper
1206,2368,shared_paper
1207,2368,shared_paper
1208,2368,shared_paper
1209,2368,shared_paper
1210,2368,shared_paper
1211,2368,shared_paper
1212,2368,shared_paper
1213,2368,shared_paper
1214,2368,shared_paper
1215,2368,shared_paper
1216,2368,shared_paper
1217,2368,shared_paper
1218,2368,shared_paper
1219,2368,shared_paper
1220,2368,shared_paper
1221,2368,shared_paper
1222,2368,shared_paper
1223,2368,shared_paper
1224,2368,shared_paper
1225,2368,shared_paper
1226,2368,shared_paper
1227,2368,shared_paper
1228,2368,shared_paper
1229,2368,shared_paper
1230,2369,shared_paper
1231,2369,shared_paper
1232,2369,shared_paper
1233,2369,shared_paper
1234,2369,shared_paper
1235,2369,shared_paper
1236,2369,shared_paper
1237,2369,shared_paper
1238,2369,shared_paper
1239,2369,shared_paper
1240,2369,shared_paper
1241,2369,shared_paper
1242,2369,shared_paper
1243,2369,shared_paper
1244,2369,shared_paper
1245,2369,shared_paper
1246,2369,shared_paper
1247,2369,shared_paper
1248,2369,shared_paper
1249,2369,shared_paper
1250,2369,shared_paper
1251,2369,shared_paper
1252,2369,shared_paper
1253,2369,shared_paper
1254,2369,shared_paper
1230,2370,shared_paper
1231,2370,shared_paper
1232,2370,shared_paper
1233,2370,shared_paper
1234,2370,shared_paper
1235,2370,shared_paper
1236,2370,shared_paper
1237,2370,shared_paper
1238,2370,shared_paper
1239,2370,shared_paper
1240,2370,shared_paper
1241,2370,shared_paper
1242,2370,shared_paper
1243,2370,shared_paper
1244,2370,shared_paper
1245,2370,shared_paper
1246,2370,shared_paper
1247,2370,shared_paper
1248,2370,shared_paper
1249,2370,shared_paper
1250,2370,shared_paper
1251,2370,shared_paper
1252,2370,shared_paper
1253,2370,shared_paper
1254,2370,shared_paper
1255,2371,shared_paper
1256,2371,shared_paper
1257,2371,shared_paper
1258,2371,shared_paper
1259,2371,shared_paper
1260,2371,shared_paper
1255,2372,shared_paper
1256,2372,shared_paper
1257,2372,shared_paper
1258,2372,shared_paper
1259,2372,shared_paper
1260,2372,shared_paper
1261,2373,shared_paper
1262,2373,shared_paper
1263,2373,shared_paper
1264,2373,shared_paper
1265,2373,shared_paper
1266,2373,shared_paper
1267,2373,shared_paper
1268,2373,shared_paper
1269,2373,shared_paper
1270,2373,shared_paper
1271,2373,shared_paper
1272,2373,shared_paper
1273,2373,shared_paper
1274,2373,shared_paper
1275,2373,shared_paper
1276,2373,shared_paper
1277,2373,shared_paper
1278,2373,shared_paper
1279,2373,shared_paper
1280,2373,shared_paper
1281,2373,shared_paper
1282,2373,shared_paper
1283,2373,shared_paper
1284,2373,shared_paper
1285,2373,shared_paper
1261,2374,shared_paper
1262,2374,shared_paper
1263,2374,shared_paper
1264,2374,shared_paper
1265,2374,shared_paper
1266,2374,shared_paper
1267,2374,shared_paper
1268,2374,shared_paper
1269,2374,shared_paper
1270,2374,shared_paper
1271,2374,shared_paper
1272,2374,shared_paper
1273,2374,shared_paper
1274,2374,shared_paper
1275,2374,shared_paper
1276,2374,shared_paper
1277,2374,shared_paper
1278,2374,shared_paper
1279,2374,shared_paper
1280,2374,shared_paper
1281,2374,shared_paper
1282,2374,shared_paper
1283,2374,shared_paper
1284,2374,shared_paper
1285,2374,shared_paper
1286,2375,shared_paper
1287,2375,shared_paper
1288,2375,shared_paper
1289,2375,shared_paper
1290,2375,shared_paper
1291,2375,shared_paper
1292,2375,shared_paper
1293,2375,shared_paper
1294,2375,shared_paper
1295,2375,shared_paper
1296,2375,shared_paper
1297,2375,shared_paper
1298,2375,shared_paper
1299,2375,shared_paper
1300,2375,shared_paper
1301,2375,shared_paper
1302,2375,shared_paper
1303,2375,shared_paper
1304,2375,shared_paper
1305,2375,shared_paper
1306,2375,shared_paper
1307,2375,shared_paper
1308,2375,shared_paper
1309,2375,shared_paper
1310,2375,shared_paper
1286,2376,shared_paper
1287,2376,shared_paper
1288,2376,shared_paper
1289,2376,shared_paper
1290,2376,shared_paper
1291,2376,shared_paper
1292,2376,shared_paper
1293,2376,shared_paper
1294,2376,shared_paper
1295,2376,shared_paper
1296,2376,shared_paper
1297,2376,shared_paper
1298,2376,shared_paper
1299,2376,shared_paper
1300,2376,shared_paper
1301,2376,shared_paper
1302,2376,shared_paper
1303,2376,shared_paper
1304,2376,shared_paper
1305,2376,shared_paper
1306,2376,shared_paper
1307,2376,shared_paper
1308,2376,shared_paper
1309,2376,shared_paper
1310,2376,shared_paper
1311,2377,shared_paper
1312,2377,shared_paper
1313,2377,shared_paper
1314,2377,shared_paper
1315,2377,shared_paper
1316,2377,shared_paper
1311,2378,shared_paper
1312,2378,shared_paper
1313,2378,shared_paper
1314,2378,shared_paper
1315,2378,shared_paper
1316,2378,shared_paper
1317,2379,shared_paper
1318,2379,shared_paper
1319,2379,shared_paper
1320,2379,shared_paper
1321,2379,shared_paper
1322,2379,shared_paper
1323,2379,shared_paper
1324,2379,shared_paper
1325,2379,shared_paper
1326,2379,shared_paper
1327,2379,shared_paper
1328,2379,shared_paper
1329,2379,shared_paper
1330,2379,shared_paper
1331,2379,shared_paper
1332,2379,shared_paper
1333,2379,shared_paper
1334,2379,shared_paper
1335,2379,shared_paper
1336,2379,shared_paper
1337,2379,shared_paper
1338,2379,shared_paper
1339,2379,shared_paper
1340,2379,shared_paper
1341,2379,shared_paper
1317,2380,shared_paper
1318,2380,shared_paper
1319,2380,shared_paper
1320,2380,shared_paper
1321,2380,shared_paper
1322,2380,shared_paper
1323,2380,shared_paper
1324,2380,shared_paper
1325,2380,shared_paper
1326,2380,shared_paper
1327,2380,shared_paper
1328,2380,shared_paper
1329,2380,shared_paper
1330,2380,shared_paper
1331,2380,shared_paper
1332,2380,shared_paper
1333,2380,shared_paper
1334,2380,shared_paper
1335,2380,shared_paper
1336,2380,shared_paper
1337,2380,shared_paper
1338,2380,shared_paper
1339,2380,shared_paper
1340,2380,shared_paper
1341,2380,shared_paper
1342,2381,shared_paper
1343,2381,shared_paper
1344,2381,shared_paper
1345,2381,shared_paper
1346,2381,shared_paper
1347,2381,shared_paper
1342,2382,shared_paper
1343,2382,shared_paper
1344,2382,shared_paper
1345,2382,shared_paper
1346,2382,shared_paper
1347,2382,shared_paper
1348,2383,shared_paper
1349,2383,shared_paper
1350,2383,shared_paper
1351,2383,shared_paper
1352,2383,shared_paper
1353,2383,shared_paper
1354,2383,shared_paper
1355,2383,shared_paper
1356,2383,shared_paper
1357,2383,shared_paper
1358,2383,shared_paper
1359,2383,shared_paper
1360,2383,shared_paper
1361,2383,shared_paper
1362,2383,shared_paper
1363,2383,shared_paper
1364,2383,shared_paper
1365,2383,shared_paper
1366,2383,shared_paper
1367,2383,shared_paper
1368,2383,shared_paper
1369,2383,shared_paper
1370,2383,shared_paper
1371,2383,shared_paper
1372,2383,shared_paper
1348,2384,shared_paper
1349,2384,shared_paper
1350,2384,shared_paper
1351,2384,shared_paper
1352,2384,shared_paper
1353,2384,shared_paper
1354,2384,shared_paper
1355,2384,shared_paper
1356,2384,shared_paper
1357,2384,shared_paper
1358,2384,shared_paper
1359,2384,shared_paper
1360,2384,shared_paper
1361,2384,shared_paper
1362,2384,shared_paper
1363,2384,shared_paper
1364,2384,shared_paper
1365,2384,shared_paper
1366,2384,shared_paper
1367,2384,shared_paper
1368,2384,shared_paper
1369,2384,shared_paper
1370,2384,shared_paper
1371,2384,shared_paper
1372,2384,shared_paper
1373,2385,shared_paper
1374,2385,shared_paper
1375,2385,shared_paper
1376,2385,shared_paper
1377,2385,shared_paper
1378,2385,shared_paper
1373,2386,shared_paper
1374,2386,shared_paper
1375,2386,shared_paper
1376,2386,shared_paper
1377,2386,shared_paper
1378,2386,shared_paper
1379,2387,shared_paper
1380,2387,shared_paper
1381,2387,shared_paper
1382,2387,shared_paper
1383,2387,shared_paper
1384,2387,shared_paper
1385,2387,shared_paper
1386,2387,shared_paper
1387,2387,shared_paper
1388,2387,shared_paper
1389,2387,shared_paper
1390,2387,shared_paper
1391,2387,shared_paper
1392,2387,shared_paper
1393,2387,shared_paper
1394,2387,shared_paper
1395,2387,shared_paper
1396,2387,shared_paper
1397,2387,shared_paper
1398,2387,shared_paper
1399,2387,shared_paper
1400,2387,shared_paper
1401,2387,shared_paper
1402,2387,shared_paper
1403,2387,shared_paper
1379,2388,shared_paper
1380,2388,shared_paper
1381,2388,shared_paper
1382,2388,shared_paper
1383,2388,shared_paper
1384,2388,shared_paper
1385,2388,shared_paper
1386,2388,shared_paper
1387,2388,shared_paper
1388,2388,shared_paper
1389,2388,shared_paper
1390,2388,shared_paper
1391,2388,shared_paper
1392,2388,shared_paper
1393,2388,shared_paper
1394,2388,shared_paper
1395,2388,shared_paper
1396,2388,shared_paper
1397,2388,shared_paper
1398,2388,shared_paper
1399,2388,shared_paper
1400,2388,shared_paper
1401,2388,shared_paper
1402,2388,shared_paper
1403,2388,shared_paper
1404,2389,shared_paper
1405,2389,shared_paper
1406,2389,shared_paper
1407,2389,shared_paper
1408,2389,shared_paper
1409,2389,shared_paper
1404,2390,shared_paper
1405,2390,shared_paper
1406,2390,shared_paper
1407,2390,shared_paper
1408,2390,shared_paper
1409,2390,shared_paper
1410,2391,shared_paper
1411,2391,shared_paper
1412,2391,shared_paper
1413,2391,shared_paper
1414,2391,shared_paper
1415,2391,shared_paper
1416,2391,shared_paper
1417,2391,shared_paper
1418,2391,shared_paper
1419,2391,shared_paper
1420,2391,shared_paper
1421,2391,shared_paper
1422,2391,shared_paper
1423,2391,shared_paper
1424,2391,shared_paper
1425,2391,shared_paper
1426,2391,shared_paper
1427,2391,shared_paper
1428,2391,shared_paper
1429,2391,shared_paper
1430,2391,shared_paper
1431,2391,shared_paper
1432,2391,shared_paper
1433,2391,shared_paper
1434,2391,shared_paper
1410,2392,shared_paper
1411,2392,shared_paper
1412,2392,shared_paper
1413,2392,shared_paper
1414,2392,shared_paper
1415,2392,shared_paper
1416,2392,shared_paper
1417,2392,shared_paper
1418,2392,shared_paper
1419,2392,shared_paper
1420,2392,shared_paper
1421,2392,shared_paper
1422,2392,shared_paper
1423,2392,shared_paper
1424,2392,shared_paper
1425,2392,shared_paper
1426,2392,shared_paper
1427,2392,shared_paper
1428,2392,shared_paper
1429,2392,shared_paper
1430,2392,shared_paper
1431,2392,shared_paper
1432,2392,shared_paper
1433,2392,shared_paper
1434,2392,shared_paper
1435,2393,shared_paper
1436,2393,shared_paper
1437,2393,shared_paper
1438,2393,shared_paper
1439,2393,shared_paper
1440,2393,shared_paper
1435,2394,shared_paper
1436,2394,shared_paper
1437,2394,shared_paper
1438,2394,shared_paper
1439,2394,shared_paper
1440,2394,shared_paper
1441,2395,shared_paper
1442,2395,shared_paper
1443,2395,shared_paper
1444,2395,shared_paper
1445,2395,shared_paper
1446,2395,shared_paper
1447,2395,shared_paper
1448,2395,shared_paper
1449,2395,shared_paper
1450,2395,shared_paper
1451,2395,shared_paper
1452,2395,shared_paper
1453,2395,shared_paper
1454,2395,shared_paper
1455,2395,shared_paper
1456,2395,shared_paper
1457,2395,shared_paper
1458,2395,shared_paper
1459,2395,shared_paper
1460,2395,shared_paper
1461,2395,shared_paper
1462,2395,shared_paper
1463,2395,shared_paper
1464,2395,shared_paper
1465,2395,shared_paper
1441,2396,shared_paper
1442,2396,shared_paper
1443,2396,shared_paper
1444,2396,shared_paper
1445,2396,shared_paper
1446,2396,shared_paper
1447,2396,shared_paper
1448,2396,shared_paper
1449,2396,shared_paper
1450,2396,shared_paper
1451,2396,shared_paper
1452,2396,shared_paper
1453,2396,shared_paper
1454,2396,shared_paper
1455,2396,shared_paper
1456,2396,shared_paper
1457,2396,shared_paper
1458,2396,shared_paper
1459,2396,shared_paper
1460,2396,shared_paper
1461,2396,shared_paper
1462,2396,shared_paper
1463,2396,shared_paper
1464,2396,shared_paper
1465,2396,shared_paper
1466,2397,shared_paper
1467,2397,shared_paper
1468,2397,shared_paper
1469,2397,shared_paper
1470,2397,shared_paper
1471,2397,shared_paper
1466,2398,shared_paper
1467,2398,shared_paper
1468,2398,shared_paper
1469,2398,shared_paper
1470,2398,shared_paper
1471,2398,shared_paper
1472,2399,shared_paper
1473,2399,shared_paper
1474,2399,shared_paper
1475,2399,shared_paper
1476,2399,shared_paper
1477,2399,shared_paper
1478,2399,shared_paper
1479,2399,shared_paper
1480,2399,shared_paper
1481,2399,shared_paper
1482,2399,shared_paper
1483,2399,shared_paper
1484,2399,shared_paper
1485,2399,shared_paper
1486,2399,shared_paper
1487,2399,shared_paper
1488,2399,shared_paper
1489,2399,shared_paper
1490,2399,shared_paper
1491,2399,shared_paper
1492,2399,shared_paper
1493,2399,shared_paper
1494,2399,shared_paper
1495,2399,shared_paper
1496,2399,shared_paper
1472,2400,shared_paper
1473,2400,shared_paper
1474,2400,shared_paper
1475,2400,shared_paper
1476,2400,shared_paper
1477,2400,shared_paper
1478,2400,shared_paper
1479,2400,shared_paper
1480,2400,shared_paper
1481,2400,shared_paper
1482,2400,shared_paper
1483,2400,shared_paper
1484,2400,shared_paper
1485,2400,shared_paper
1486,2400,shared_paper
1487,2400,shared_paper
1488,2400,shared_paper
1489,2400,shared_paper
1490,2400,shared_paper
1491,2400,shared_paper
1492,2400,shared_paper
1493,2400,shared_paper
1494,2400,shared_paper
1495,2400,shared_paper
1496,2400,shared_paper
1497,2401,shared_paper
1498,2401,shared_paper
1499,2401,shared_paper
1500,2401,shared_paper
1501,2401,shared_paper
1502,2401,shared_paper
1497,2402,shared_paper
1498,2402,shared_paper
1499,2402,shared_paper
1500,2402,shared_paper
1501,2402,shared_paper
1502,2402,shared_paper
1503,2403,shared_paper
1504,2403,shared_paper
1505,2403,shared_paper
1506,2403,shared_paper
1507,2403,shared_paper
1508,2403,shared_paper
1509,2403,shared_paper
1510,2403,shared_paper
1511,2403,shared_paper
1512,2403,shared_paper
1513,2403,shared_paper
1514,2403,shared_paper
1515,2403,shared_paper
1516,2403,shared_paper
1517,2403,shared_paper
1518,2403,shared_paper
1519,2403,shared_paper
1520,2403,shared_paper
1521,2403,shared_paper
1522,2403,shared_paper
1523,2403,shared_paper
1524,2403,shared_paper
1525,2403,shared_paper
1526,2403,shared_paper
1527,2403,shared_paper
1503,2404,shared_paper
1504,2404,shared_paper
1505,2404,shared_paper
1506,2404,shared_paper
1507,2404,shared_paper
1508,2404,shared_paper
1509,2404,shared_paper
1510,2404,shared_paper
1511,2404,shared_paper
1512,2404,shared_paper
1513,2404,shared_paper
1514,2404,shared_paper
1515,2404,shared_paper
1516,2404,shared_paper
1517,2404,shared_paper
1518,2404,shared_paper
1519,2404,shared_paper
1520,2404,shared_paper
1521,2404,shared_paper
1522,2404,shared_paper
1523,2404,shared_paper
1524,2404,shared_paper
1525,2404,shared_paper
1526,2404,shared_paper
1527,2404,shared_paper
1528,2405,shared_paper
1529,2405,shared_paper
1530,2405,shared_paper
1531,2405,shared_paper
1532,2405,shared_paper
1533,2405,shared_paper
1528,2406,shared_paper
1529,2406,shared_paper
1530,2406,shared_paper
1531,2406,shared_paper
1532,2406,shared_paper
1533,2406,shared_paper
1534,2407,shared_paper
1535,2407,shared_paper
1536,2407,shared_paper
1537,2407,shared_paper
1538,2407,shared_paper
1539,2407,shared_paper
1540,2407,shared_paper
1541,2407,shared_paper
1542,2407,shared_paper
1543,2407,shared_paper
1544,2407,shared_paper
1545,2407,shared_paper
1546,2407,shared_paper
1547,2407,shared_paper
1548,2407,shared_paper
1549,2407,shared_paper
1550,2407,shared_paper
1551,2407,shared_paper
1552,2407,shared_paper
1553,2407,shared_paper
1554,2407,shared_paper
1555,2407,shared_paper
1556,2407,shared_paper
1557,2407,shared_paper
1558,2407,shared_paper
1534,2408,shared_paper
1535,2408,shared_paper
1536,2408,shared_paper
1537,2408,shared_paper
1538,2408,shared_paper
1539,2408,shared_paper
1540,2408,shared_paper
1541,2408,shared_paper
1542,2408,shared_paper
1543,2408,shared_paper
1544,2408,shared_paper
1545,2408,shared_paper
1546,2408,shared_paper
1547,2408,shared_paper
1548,2408,shared_paper
1549,2408,shared_paper
1550,2408,shared_paper
1551,2408,shared_paper
1552,2408,shared_paper
1553,2408,shared_paper
1554,2408,shared_paper
1555,2408,shared_paper
1556,2408,shared_paper
1557,2408,shared_paper
1558,2408,shared_paper
1559,2409,shared_paper
1560,2409,shared_paper
1561,2409,shared_paper
1562,2409,shared_paper
1563,2409,shared_paper
1564,2409,shared_paper
1559,2410,shared_paper
1560,2410,shared_paper
1561,2410,shared_paper
1562,2410,shared_paper
1563,2410,shared_paper
1564,2410,shared_paper
1565,2411,shared_paper
1566,2411,shared_paper
1567,2411,shared_paper
1568,2411,shared_paper
1569,2411,shared_paper
1570,2411,shared_paper
1571,2411,shared_paper
1572,2411,shared_paper
1573,2411,shared_paper
1574,2411,shared_paper
1575,2411,shared_paper
1576,2411,shared_paper
1577,2411,shared_paper
1578,2411,shared_paper
1579,2411,shared_paper
1580,2411,shared_paper
1581,2411,shared_paper
1582,2411,shared_paper
1583,2411,shared_paper
1584,2411,shared_paper
1585,2411,shared_paper
1586,2411,shared_paper
1587,2411,shared_paper
1588,2411,shared_paper
1589,2411,shared_paper
1565,2412,shared_paper
1566,2412,shared_paper
1567,2412,shared_paper
1568,2412,shared_paper
1569,2412,shared_paper
1570,2412,shared_paper
1571,2412,shared_paper
1572,2412,shared_paper
1573,2412,shared_paper
1574,2412,shared_paper
1575,2412,shared_paper
1576,2412,shared_paper
1577,2412,shared_paper
1578,2412,shared_paper
1579,2412,shared_paper
1580,2412,shared_paper
1581,2412,shared_paper
1582,2412,shared_paper
1583,2412,shared_paper
1584,2412,shared_paper
1585,2412,shared_paper
1586,2412,shared_paper
1587,2412,shared_paper
1588,2412,shared_paper
1589,2412,shared_paper
1590,2413,shared_paper
1591,2413,shared_paper
1592,2413,shared_paper
1593,2413,shared_paper
1590,2414,shared_paper
1591,2414,shared_paper
1592,2414,shared_paper
1593,2414,shared_paper
1594,2415,shared_paper
1595,2415,shared_paper
1596,2415,shared_paper
1597,2415,shared_paper
1598,2415,shared_paper
1599,2415,shared_paper
1594,2416,shared_paper
1595,2416,shared_paper
1596,2416,shared_paper
1597,2416,shared_paper
1598,2416,shared_paper
1599,2416,shared_paper
1600,2417,shared_paper
1601,2417,shared_paper
1602,2417,shared_paper
1603,2417,shared_paper
1604,2417,shared_paper
1605,2417,shared_paper
1606,2417,shared_paper
1607,2417,shared_paper
1608,2417,shared_paper
1609,2417,shared_paper
1610,2417,shared_paper
1611,2417,shared_paper
1612,2417,shared_paper
1613,2417,shared_paper
1614,2417,shared_paper
1615,2417,shared_paper
1616,2417,shared_paper
1617,2417,shared_paper
1618,2417,shared_paper
1619,2417,shared_paper
1620,2417,shared_paper
1621,2417,shared_paper
1622,2417,shared_paper
1623,2417,shared_paper
1624,2417,shared_paper
1600,2418,shared_paper
1601,2418,shared_paper
1602,2418,shared_paper
1603,2418,shared_paper
1604,2418,shared_paper
1605,2418,shared_paper
1606,2418,shared_paper
1607,2418,shared_paper
1608,2418,shared_paper
1609,2418,shared_paper
1610,2418,shared_paper
1611,2418,shared_paper
1612,2418,shared_paper
1613,2418,shared_paper
1614,2418,shared_paper
1615,2418,shared_paper
1616,2418,shared_paper
1617,2418,shared_paper
1618,2418,shared_paper
1619,2418,shared_paper
1620,2418,shared_paper
1621,2418,shared_paper
1622,2418,shared_paper
1623,2418,shared_paper
1624,2418,shared_paper
1625,2419,shared_paper
1626,2419,shared_paper
1627,2419,shared_paper
1628,2419,shared_paper
1625,2420,shared_paper
1626,2420,shared_paper
1627,2420,shared_paper
1628,2420,shared_paper
1629,2421,shared_paper
1630,2421,shared_paper
1631,2421,shared_paper
1632,2421,shared_paper
1633,2421,shared_paper
1634,2421,shared_paper
1629,2422,shared_paper
1630,2422,shared_paper
1631,2422,shared_paper
1632,2422,shared_paper
1633,2422,shared_paper
1634,2422,shared_paper
1635,2423,shared_paper
1636,2423,shared_paper
1637,2423,shared_paper
1638,2423,shared_paper
1639,2423,shared_paper
1640,2423,shared_paper
1641,2423,shared_paper
1642,2423,shared_paper
1643,2423,shared_paper
1644,2423,shared_paper
1645,2423,shared_paper
1646,2423,shared_paper
1647,2423,shared_paper
1648,2423,shared_paper
1649,2423,shared_paper
1650,2423,shared_paper
1651,2423,shared_paper
1652,2423,shared_paper
1653,2423,shared_paper
1654,2423,shared_paper
1655,2423,shared_paper
1656,2423,shared_paper
1657,2423,shared_paper
1658,2423,shared_paper
1659,2423,shared_paper
1660,2423,shared_paper
1661,2423,shared_paper
1662,2423,shared_paper
1663,2423,shared_paper
1664,2423,shared_paper
1665,2423,shared_paper
1666,2423,shared_paper
1667,2423,shared_paper
1668,2423,shared_paper
1669,2423,shared_paper
1670,2423,shared_paper
1671,2423,shared_paper
1672,2423,shared_paper
1635,2424,shared_paper
1636,2424,shared_paper
1637,2424,shared_paper
1638,2424,shared_paper
1639,2424,shared_paper
1640,2424,shared_paper
1641,2424,shared_paper
1642,2424,shared_paper
1643,2424,shared_paper
1644,2424,shared_paper
1645,2424,shared_paper
1646,2424,shared_paper
1647,2424,shared_paper
1648,2424,shared_paper
1649,2424,shared_paper
1650,2424,shared_paper
1651,2424,shared_paper
1652,2424,shared_paper
1653,2424,shared_paper
1654,2424,shared_paper
1655,2424,shared_paper
1656,2424,shared_paper
1657,2424,shared_paper
1658,2424,shared_paper
1659,2424,shared_paper
1660,2424,shared_paper
1661,2424,shared_paper
1662,2424,shared_paper
1663,2424,shared_paper
1664,2424,shared_paper
1665,2424,shared_paper
1666,2424,shared_paper
1667,2424,shared_paper
1668,2424,shared_paper
1669,2424,shared_paper
1670,2424,shared_paper
1671,2424,shared_paper
1672,2424,shared_paper
1673,2425,shared_paper
1674,2425,shared_paper
1675,2425,shared_paper
1676,2425,shared_paper
1677,2425,shared_paper
1678,2425,shared_paper
1673,2426,shared_paper
1674,2426,shared_paper
1675,2426,shared_paper
1676,2426,shared_paper
1677,2426,shared_paper
1678,2426,shared_paper
1679,2429,shared_paper
1679,2430,shared_paper
1680,2431,shared_paper
1680,2432,shared_paper
1681,2433,shared_paper
1681,2434,shared_paper
1682,2436,shared_paper
1683,2437,shared_paper
1683,2438,shared_paper
1684,2439,shared_paper
1684,2440,shared_paper
1685,2441,shared_paper
1685,2442,shared_paper
1686,2443,shared_paper
1686,2444,shared_paper
1687,2445,shared_paper
1687,2446,shared_paper
1688,2447,shared_paper
1688,2448,shared_paper
1689,2449,shared_paper
1689,2450,shared_paper
1690,2451,shared_paper
1690,2452,shared_paper
1691,2453,shared_paper
1691,2454,shared_paper
1692,2455,shared_paper
1692,2456,shared_paper
1693,2457,shared_paper
1693,2458,shared_paper
1694,2459,shared_paper
1694,2460,shared_paper
1695,2461,shared_paper
1696,2462,shared_paper
1696,2463,shared_paper
1697,2464,shared_paper
1698,2465,shared_paper
1699,2466,shared_paper
1700,2467,shared_paper
1701,2468,shared_paper
1702,2469,shared_paper
1703,2470,shared_paper
1704,2471,shared_paper
1705,2473,shared_paper
1706,2473,shared_paper
1707,2473,shared_paper
1708,2473,shared_paper
1705,2474,shared_paper
1706,2474,shared_paper
1707,2474,shared_paper
1708,2474,shared_paper
1705,2475,individual_link
1705,2476,individual_link
1705,2477,individual_link
1705,2478,individual_link
1705,2479,individual_link
1706,2480,individual_link
1706,2481,individual_link
1707,2482,individual_link
1707,2483,individual_link
1708,2484,individual_link
1708,2485,individual_link
1709,2486,shared_paper
1710,2486,shared_paper
1709,2487,shared_paper
1710,2487,shared_paper
1711,2488,shared_paper
1712,2488,shared_paper
1713,2488,shared_paper
1714,2488,shared_paper
1711,2489,shared_paper
1712,2489,shared_paper
1713,2489,shared_paper
1714,2489,shared_paper
1715,2490,shared_paper
1716,2490,shared_paper
1715,2491,shared_paper
1716,2491,shared_paper
1717,2492,shared_paper
1718,2492,shared_paper
1719,2492,shared_paper
1720,2492,shared_paper
1717,2493,shared_paper
1718,2493,shared_paper
1719,2493,shared_paper
1720,2493,shared_paper
1721,2494,shared_paper
1722,2494,shared_paper
1721,2495,shared_paper
1722,2495,shared_paper
1723,2496,shared_paper
1724,2496,shared_paper
1725,2496,shared_paper
1726,2496,shared_paper
1723,2497,shared_paper
1724,2497,shared_paper
1725,2497,shared_paper
1726,2497,shared_paper
1727,2498,shared_paper
1728,2498,shared_paper
1727,2499,shared_paper
1728,2499,shared_paper
1729,2500,shared_paper
1730,2500,shared_paper
1731,2500,shared_paper
1732,2500,shared_paper
1729,2501,shared_paper
1730,2501,shared_paper
1731,2501,shared_paper
1732,2501,shared_paper
1733,2502,shared_paper
1734,2502,shared_paper
1733,2503,shared_paper
1734,2503,shared_paper
1735,2504,shared_paper
1736,2504,shared_paper
1737,2504,shared_paper
1738,2504,shared_paper
1735,2505,shared_paper
1736,2505,shared_paper
1737,2505,shared_paper
1738,2505,shared_paper
1739,2506,shared_paper
1740,2506,shared_paper
1739,2507,shared_paper
1740,2507,shared_paper
1741,2508,shared_paper
1742,2508,shared_paper
1743,2508,shared_paper
1744,2508,shared_paper
1741,2509,shared_paper
1742,2509,shared_paper
1743,2509,shared_paper
1744,2509,shared_paper
1745,2510,shared_paper
1746,2510,shared_paper
1745,2511,shared_paper
1746,2511,shared_paper
1747,2512,shared_paper
1748,2512,shared_paper
1749,2512,shared_paper
1750,2512,shared_paper
1747,2513,shared_paper
1748,2513,shared_paper
1749,2513,shared_paper
1750,2513,shared_paper
1751,2514,shared_paper
1752,2514,shared_paper
1751,2515,shared_paper
1752,2515,shared_paper
1753,2516,shared_paper
1754,2516,shared_paper
1755,2516,shared_paper
1756,2516,shared_paper
1757,2516,shared_paper
1758,2516,shared_paper
1753,2517,shared_paper
1754,2517,shared_paper
1755,2517,shared_paper
1756,2517,shared_paper
1757,2517,shared_paper
1758,2517,shared_paper
1759,2518,shared_paper
1760,2518,shared_paper
1759,2519,shared_paper
1760,2519,shared_paper
1761,2520,shared_paper
1762,2520,shared_paper
1763,2520,shared_paper
1764,2520,shared_paper
1765,2520,shared_paper
1766,2520,shared_paper
1767,2520,shared_paper
1761,2521,shared_paper
1762,2521,shared_paper
1763,2521,shared_paper
1764,2521,shared_paper
1765,2521,shared_paper
1766,2521,shared_paper
1767,2521,shared_paper
1768,2522,shared_paper
1769,2522,shared_paper
1768,2523,shared_paper
1769,2523,shared_paper
1770,2524,shared_paper
1771,2524,shared_paper
1772,2524,shared_paper
1773,2524,shared_paper
1774,2524,shared_paper
1770,2525,shared_paper
1771,2525,shared_paper
1772,2525,shared_paper
1773,2525,shared_paper
1774,2525,shared_paper
1775,2526,shared_paper
1776,2526,shared_paper
1777,2526,shared_paper
1775,2527,shared_paper
1776,2527,shared_paper
1777,2527,shared_paper
1778,2528,shared_paper
1779,2528,shared_paper
1780,2528,shared_paper
1781,2528,shared_paper
1782,2528,shared_paper
1783,2528,shared_paper
1784,2528,shared_paper
1778,2529,shared_paper
1779,2529,shared_paper
1780,2529,shared_paper
1781,2529,shared_paper
1782,2529,shared_paper
1783,2529,shared_paper
1784,2529,shared_paper
1785,2530,shared_paper
1786,2530,shared_paper
1787,2530,shared_paper
1788,2530,shared_paper
1789,2530,shared_paper
1790,2530,shared_paper
1791,2530,shared_paper
1792,2530,shared_paper
1785,2531,shared_paper
1786,2531,shared_paper
1787,2531,shared_paper
1788,2531,shared_paper
1789,2531,shared_paper
1790,2531,shared_paper
1791,2531,shared_paper
1792,2531,shared_paper
1793,2532,shared_paper
1794,2532,shared_paper
1795,2532,shared_paper
1796,2532,shared_paper
1797,2532,shared_paper
1798,2532,shared_paper
1799,2532,shared_paper
1793,2533,shared_paper
1794,2533,shared_paper
1795,2533,shared_paper
1796,2533,shared_paper
1797,2533,shared_paper
1798,2533,shared_paper
1799,2533,shared_paper
1800,2534,shared_paper
1801,2534,shared_paper
1802,2534,shared_paper
1803,2534,shared_paper
1804,2534,shared_paper
1805,2534,shared_paper
1806,2534,shared_paper
1807,2534,shared_paper
1808,2534,shared_paper
1800,2535,shared_paper
1801,2535,shared_paper
1802,2535,shared_paper
1803,2535,shared_paper
1804,2535,shared_paper
1805,2535,shared_paper
1806,2535,shared_paper
1807,2535,shared_paper
1808,2535,shared_paper
1809,2536,shared_paper
1810,2536,shared_paper
1811,2536,shared_paper
1812,2536,shared_paper
1813,2536,shared_paper
1814,2536,shared_paper
1815,2536,shared_paper
1816,2536,shared_paper
1817,2536,shared_paper
1809,2537,shared_paper
1810,2537,shared_paper
1811,2537,shared_paper
1812,2537,shared_paper
1813,2537,shared_paper
1814,2537,shared_paper
1815,2537,shared_paper
1816,2537,shared_paper
1817,2537,shared_paper
1818,2538,shared_paper
1819,2538,shared_paper
1820,2538,shared_paper
1821,2538,shared_paper
1822,2538,shared_paper
1823,2538,shared_paper
1824,2538,shared_paper
1825,2538,shared_paper
1826,2538,shared_paper
1818,2539,shared_paper
1819,2539,shared_paper
1820,2539,shared_paper
1821,2539,shared_paper
1822,2539,shared_paper
1823,2539,shared_paper
1824,2539,shared_paper
1825,2539,shared_paper
1826,2539,shared_paper
1827,2540,shared_paper
1828,2540,shared_paper
1829,2540,shared_paper
1830,2540,shared_paper
1831,2540,shared_paper
1832,2540,shared_paper
1833,2540,shared_paper
1834,2540,shared_paper
1827,2541,shared_paper
1828,2541,shared_paper
1829,2541,shared_paper
1830,2541,shared_paper
1831,2541,shared_paper
1832,2541,shared_paper
1833,2541,shared_paper
1834,2541,shared_paper
1835,2542,shared_paper
1836,2542,shared_paper
1837,2542,shared_paper
1838,2542,shared_paper
1839,2542,shared_paper
1840,2542,shared_paper
1841,2542,shared_paper
1842,2542,shared_paper
1843,2542,shared_paper
1835,2543,shared_paper
1836,2543,shared_paper
1837,2543,shared_paper
1838,2543,shared_paper
1839,2543,shared_paper
1840,2543,shared_paper
1841,2543,shared_paper
1842,2543,shared_paper
1843,2543,shared_paper
1844,2544,shared_paper
1845,2544,shared_paper
1846,2544,shared_paper
1847,2544,shared_paper
1848,2544,shared_paper
1849,2544,shared_paper
1850,2544,shared_paper
1851,2544,shared_paper
1852,2544,shared_paper
1853,2544,shared_paper
1844,2545,shared_paper
1845,2545,shared_paper
1846,2545,shared_paper
1847,2545,shared_paper
1848,2545,shared_paper
1849,2545,shared_paper
1850,2545,shared_paper
1851,2545,shared_paper
1852,2545,shared_paper
1853,2545,shared_paper
1854,2546,shared_paper
1855,2546,shared_paper
1856,2546,shared_paper
1857,2546,shared_paper
1858,2546,shared_paper
1859,2546,shared_paper
1860,2546,shared_paper
1861,2546,shared_paper
1854,2547,shared_paper
1855,2547,shared_paper
1856,2547,shared_paper
1857,2547,shared_paper
1858,2547,shared_paper
1859,2547,shared_paper
1860,2547,shared_paper
1861,2547,shared_paper
1862,2548,shared_paper
1863,2548,shared_paper
1864,2548,shared_paper
1865,2548,shared_paper
1866,2548,shared_paper
1867,2548,shared_paper
1868,2548,shared_paper
1869,2548,shared_paper
1862,2549,shared_paper
1863,2549,shared_paper
1864,2549,shared_paper
1865,2549,shared_paper
1866,2549,shared_paper
1867,2549,shared_paper
1868,2549,shared_paper
1869,2549,shared_paper
1870,2552,shared_paper
1871,2552,shared_paper
1872,2552,shared_paper
1873,2552,shared_paper
1874,2552,shared_paper
1870,2553,shared_paper
1871,2553,shared_paper
1872,2553,shared_paper
1873,2553,shared_paper
1874,2553,shared_paper
1875,2554,shared_paper
1876,2554,shared_paper
1877,2554,shared_paper
1878,2554,shared_paper
1879,2554,shared_paper
1875,2555,shared_paper
1876,2555,shared_paper
1877,2555,shared_paper
1878,2555,shared_paper
1879,2555,shared_paper
1880,2556,shared_paper
1881,2556,shared_paper
1882,2556,shared_paper
1883,2556,shared_paper
1884,2556,shared_paper
1880,2557,shared_paper
1881,2557,shared_paper
1882,2557,shared_paper
1883,2557,shared_paper
1884,2557,shared_paper
1885,2558,shared_paper
1886,2558,shared_paper
1887,2558,shared_paper
1888,2558,shared_paper
1889,2558,shared_paper
1885,2559,shared_paper
1886,2559,shared_paper
1887,2559,shared_paper
1888,2559,shared_paper
1889,2559,shared_paper
1890,2560,shared_paper
1891,2560,shared_paper
1892,2560,shared_paper
1893,2560,shared_paper
1894,2560,shared_paper
1890,2561,shared_paper
1891,2561,shared_paper
1892,2561,shared_paper
1893,2561,shared_paper
1894,2561,shared_paper
1895,2562,shared_paper
1896,2562,shared_paper
1897,2562,shared_paper
1898,2562,shared_paper
1899,2562,shared_paper
1895,2563,shared_paper
1896,2563,shared_paper
1897,2563,shared_paper
1898,2563,shared_paper
1899,2563,shared_paper
1900,2564,shared_paper
1901,2564,shared_paper
1902,2564,shared_paper
1903,2564,shared_paper
1904,2564,shared_paper
1900,2565,shared_paper
1901,2565,shared_paper
1902,2565,shared_paper
1903,2565,shared_paper
1904,2565,shared_paper
1905,2566,shared_paper
1906,2566,shared_paper
1907,2566,shared_paper
1908,2566,shared_paper
1909,2566,shared_paper
1905,2567,shared_paper
1906,2567,shared_paper
1907,2567,shared_paper
1908,2567,shared_paper
1909,2567,shared_paper
1910,2568,shared_paper
1911,2568,shared_paper
1912,2568,shared_paper
1913,2568,shared_paper
1914,2568,shared_paper
1910,2569,shared_paper
1911,2569,shared_paper
1912,2569,shared_paper
1913,2569,shared_paper
1914,2569,shared_paper
1915,2570,shared_paper
1916,2570,shared_paper
1917,2570,shared_paper
1918,2570,shared_paper
1919,2570,shared_paper
1915,2571,shared_paper
1916,2571,shared_paper
1917,2571,shared_paper
1918,2571,shared_paper
1919,2571,shared_paper
1920,2572,shared_paper
1921,2572,shared_paper
1922,2572,shared_paper
1923,2572,shared_paper
1924,2572,shared_paper
1920,2573,shared_paper
1921,2573,shared_paper
1922,2573,shared_paper
1923,2573,shared_paper
1924,2573,shared_paper
1925,2574,shared_paper
1926,2574,shared_paper
1927,2574,shared_paper
1928,2574,shared_paper
1929,2574,shared_paper
1925,2575,shared_paper
1926,2575,shared_paper
1927,2575,shared_paper
1928,2575,shared_paper
1929,2575,shared_paper
1930,2576,shared_paper
1931,2576,shared_paper
1932,2576,shared_paper
1933,2576,shared_paper
1934,2576,shared_paper
1930,2577,shared_paper
1931,2577,shared_paper
1932,2577,shared_paper
1933,2577,shared_paper
1934,2577,shared_paper
1935,2578,shared_paper
1936,2578,shared_paper
1937,2578,shared_paper
1938,2578,shared_paper
1939,2578,shared_paper
1935,2579,shared_paper
1936,2579,shared_paper
1937,2579,shared_paper
1938,2579,shared_paper
1939,2579,shared_paper
1940,2580,shared_paper
1941,2580,shared_paper
1942,2580,shared_paper
1943,2580,shared_paper
1944,2580,shared_paper
1940,2581,shared_paper
1941,2581,shared_paper
1942,2581,shared_paper
1943,2581,shared_paper
1944,2581,shared_paper
1945,2583,individual_link
1945,2584,individual_link
1946,2585,individual_link
1946,2586,individual_link
1947,2587,individual_link
1947,2588,individual_link
1948,2589,individual_link
1948,2590,individual_link
1949,2591,individual_link
1949,2592,individual_link
1950,2593,individual_link
1950,2594,individual_link
1951,2595,individual_link
1951,2596,individual_link
1952,2597,individual_link
1952,2598,individual_link
1953,2599,individual_link
1953,2600,individual_link
1954,2601,individual_link
1954,2602,individual_link
1955,2603,individual_link
1955,2604,individual_link
1956,2605,individual_link
1956,2606,individual_link
1957,2607,individual_link
1957,2608,individual_link
1958,2609,individual_link
1958,2610,individual_link
1959,2611,individual_link
1959,2612,individual_link
1960,2613,individual_link
1960,2614,individual_link
1961,2615,individual_link
1961,2616,individual_link
1962,2617,individual_link
1962,2618,individual_link
1962,2619,individual_link
1963,2620,individual_link
1963,2621,individual_link
1963,2622,individual_link
1964,2623,individual_link
1964,2624,individual_link
1965,2625,individual_link
1965,2626,individual_link
1966,2627,individual_link
1966,2628,individual_link
1967,2629,individual_link
1967,2630,individual_link
1968,2631,individual_link
1968,2632,individual_link
1969,2633,individual_link
1969,2634,individual_link
1970,2635,individual_link
1970,2636,individual_link
1971,2637,individual_link
1971,2638,individual_link
1972,2639,individual_link
1972,2640,individual_link
1973,2641,individual_link
1973,2642,individual_link
1974,2643,individual_link
1974,2644,individual_link
1975,2645,individual_link
1975,2646,individual_link
1976,2647,individual_link
1976,2648,individual_link
1977,2649,individual_link
1977,2650,individual_link
1978,2651,individual_link
1978,2652,individual_link
1979,2653,individual_link
1979,2654,individual_link
1980,2655,individual_link
1980,2656,individual_link
1981,2657,individual_link
1981,2658,individual_link
1982,2659,shared_paper
1982,2660,shared_paper
1983,2661,individual_link
1983,2662,individual_link
1984,2663,individual_link
1984,2664,individual_link
1985,2665,individual_link
1985,2666,individual_link
1986,2667,individual_link
1986,2668,individual_link
1987,2669,individual_link
1987,2670,individual_link
1988,2671,individual_link
1988,2672,individual_link
1989,2673,individual_link
1989,2674,individual_link
1990,2675,individual_link
1990,2676,individual_link
1991,2677,shared_paper
1992,2678,individual_link
1992,2679,individual_link
1993,2680,individual_link
1993,2681,individual_link
1994,2682,individual_link
1994,2683,individual_link
1995,2684,individual_link
1995,2685,individual_link
1996,2686,individual_link
1996,2687,individual_link
1997,2688,individual_link
1997,2689,individual_link
1998,2690,individual_link
1998,2691,individual_link
1999,2692,individual_link
1999,2693,individual_link
2000,2694,shared_paper
2000,2695,shared_paper
2001,2696,individual_link
2001,2697,individual_link
2002,2698,individual_link
2002,2699,individual_link
2003,2700,shared_paper
2003,2701,shared_paper
2003,2702,shared_paper
2004,2703,individual_link
2004,2704,individual_link
2005,2705,individual_link
2005,2706,individual_link
2006,2707,individual_link
2006,2708,individual_link
2007,2709,individual_link
2007,2710,individual_link
2008,2711,individual_link
2008,2712,individual_link
2009,2713,individual_link
2009,2714,individual_link
2010,2715,individual_link
2010,2716,individual_link
2011,2717,individual_link
2011,2718,individual_link
2012,2719,shared_paper
2012,2720,shared_paper
2012,2721,shared_paper
2013,2722,individual_link
2013,2723,individual_link
2014,2724,individual_link
2014,2725,individual_link
2015,2726,individual_link
2015,2727,individual_link
2016,2728,individual_link
2016,2729,individual_link
2017,2730,individual_link
2017,2731,individual_link
2018,2732,individual_link
2018,2733,individual_link
2019,2734,individual_link
2019,2735,individual_link
2020,2736,individual_link
2021,2737,shared_paper
2021,2738,shared_paper
2022,2739,individual_link
2022,2740,individual_link
2023,2741,individual_link
2023,2742,individual_link
2024,2743,shared_paper
2024,2744,shared_paper
2025,2745,individual_link
2025,2746,individual_link
2026,2747,individual_link
2026,2748,individual_link
2027,2749,individual_link
2027,2750,individual_link
2028,2751,individual_link
2028,2752,individual_link
2029,2753,individual_link
2029,2754,individual_link
2030,2755,individual_link
2030,2756,individual_link
2031,2757,individual_link
2031,2758,individual_link
2032,2759,individual_link
2032,2760,individual_link
2033,2761,shared_paper
2033,2762,shared_paper
2033,2763,shared_paper
2034,2764,individual_link
2034,2765,individual_link
2035,2766,individual_link
2035,2767,individual_link
2036,2768,individual_link
2037,2769,individual_link
2037,2770,individual_link
2038,2771,individual_link
2038,2772,individual_link
2039,2773,individual_link
2039,2774,individual_link
2040,2775,shared_paper
2040,2776,shared_paper
2041,2777,individual_link
2041,2778,individual_link
2041,2779,individual_link
2042,2780,individual_link
2042,2781,individual_link
2043,2782,individual_link
2043,2783,individual_link
2044,2784,individual_link
2044,2785,individual_link
2045,2786,individual_link
2045,2787,individual_link
2046,2788,shared_paper
2046,2789,shared_paper
2046,2790,shared_paper
2047,2791,individual_link
2047,2792,individual_link
2048,2793,individual_link
2048,2794,individual_link
2049,2795,individual_link
2049,2796,individual_link
2050,2797,individual_link
2050,2798,individual_link
2051,2799,individual_link
2051,2800,individual_link
2052,2801,individual_link
2052,2802,individual_link
2053,2803,individual_link
2053,2804,individual_link
2054,2805,individual_link
2054,2806,individual_link
2055,2807,individual_link
2055,2808,individual_link
2056,2809,shared_paper
2056,2810,shared_paper
2057,2811,individual_link
2057,2812,individual_link
2058,2813,individual_link
2058,2814,individual_link
2059,2815,individual_link
2059,2816,individual_link
2060,2817,individual_link
2060,2818,individual_link
2061,2819,individual_link
2061,2820,individual_link
2062,2821,individual_link
2062,2822,individual_link
2063,2823,shared_paper
2063,2824,shared_paper
2064,2825,individual_link
2064,2826,individual_link
2065,2827,individual_link
2065,2828,individual_link
2066,2829,individual_link
2066,2830,individual_link
2067,2831,individual_link
2067,2832,individual_link
2068,2833,individual_link
2068,2834,individual_link
2069,2835,individual_link
2069,2836,individual_link
2070,2837,individual_link
2070,2838,individual_link
2071,2839,individual_link
2071,2840,individual_link
2072,2841,individual_link
2072,2842,individual_link
2073,2843,individual_link
2073,2844,individual_link
2074,2845,individual_link
2074,2846,individual_link
2075,2847,individual_link
2075,2848,individual_link
2076,2849,shared_paper
2076,2850,shared_paper
2077,2851,individual_link
2077,2852,individual_link
2078,2853,individual_link
2078,2854,individual_link
2079,2855,individual_link
2079,2856,individual_link
2080,2857,individual_link
2080,2858,individual_link
2081,2859,individual_link
2081,2860,individual_link
2082,2861,individual_link
2082,2862,individual_link
2083,2863,individual_link
2083,2864,individual_link
2084,2865,individual_link
2084,2866,individual_link
2085,2867,individual_link
2085,2868,individual_link
2086,2869,shared_paper
2086,2870,shared_paper
2087,2871,individual_link
2087,2872,individual_link
2088,2873,individual_link
2088,2874,individual_link
2089,2875,individual_link
2089,2876,individual_link
2090,2877,individual_link
2090,2878,individual_link
2091,2879,individual_link
2091,2880,individual_link
2092,2881,individual_link
2092,2882,individual_link
2093,2883,individual_link
2093,2884,individual_link
2094,2885,individual_link
2094,2886,individual_link
2095,2887,individual_link
2095,2888,individual_link
2096,2889,shared_paper
2096,2890,shared_paper
2096,2891,shared_paper
2097,2892,individual_link
2097,2893,individual_link
2098,2894,individual_link
2098,2895,individual_link
2099,2896,individual_link
2099,2897,individual_link
2100,2898,individual_link
2100,2899,individual_link
2101,2900,individual_link
2102,2901,individual_link
2102,2902,individual_link
2103,2903,individual_link
2103,2904,individual_link
2104,2905,individual_link
2104,2906,individual_link
2105,2907,individual_link
2105,2908,individual_link
2106,2909,individual_link
2106,2910,individual_link
2107,2911,individual_link
2107,2912,individual_link
2108,2913,individual_link
2108,2914,individual_link
2109,2915,individual_link
2109,2916,individual_link
2110,2917,individual_link
2110,2918,individual_link
2111,2919,individual_link
2111,2920,individual_link
2112,2921,individual_link
2112,2922,individual_link
2113,2923,individual_link
2113,2924,individual_link
2114,2925,individual_link
2114,2926,individual_link
2115,2927,individual_link
2115,2928,individual_link
2116,2929,individual_link
2116,2930,individual_link
2117,2931,individual_link
2117,2932,individual_link
2118,2933,individual_link
2118,2934,individual_link
2119,2935,individual_link
2119,2936,individual_link
2120,2937,individual_link
2121,2938,individual_link
2122,2939,individual_link
2123,2940,individual_link
2124,2941,individual_link
2125,2942,individual_link
2125,2943,individual_link
2126,2944,individual_link
2127,2945,individual_link
2127,2946,individual_link
2128,2947,individual_link
2129,2948,individual_link
2130,2949,individual_link
2130,2950,individual_link
2131,2951,individual_link
2131,2952,individual_link
2131,2953,individual_link
2132,2954,individual_link
2132,2955,individual_link
2133,2956,individual_link
2134,2957,individual_link
2134,2958,individual_link
2135,2959,individual_link
2135,2960,individual_link
2136,2961,individual_link
2137,2962,individual_link
2137,2963,individual_link
2138,2964,individual_link
2139,2965,individual_link
2139,2966,individual_link
2139,2967,individual_link
2140,2968,individual_link
2141,2969,individual_link
2142,2970,individual_link
2143,2971,individual_link
2143,2972,individual_link
2144,2973,individual_link
2145,2974,individual_link
2146,2975,individual_link
2146,2976,individual_link
2147,2977,individual_link
2147,2978,individual_link
2148,2979,individual_link
2149,2980,individual_link
2150,2981,individual_link
2151,2982,individual_link
2152,2983,individual_link
2153,2984,individual_link
2154,2985,individual_link
2154,2986,individual_link
2154,2987,individual_link
2155,2988,individual_link
2156,2989,individual_link
2157,2990,individual_link
2157,2991,individual_link
2158,2992,individual_link
2159,2993,individual_link
2160,2994,individual_link
2161,2995,individual_link
2162,2996,individual_link
2163,2997,individual_link
2163,2998,individual_link
2164,2999,individual_link
2165,3000,individual_link
2166,3001,individual_link
2166,3002,individual_link
2167,3003,individual_link
2168,3004,individual_link
2169,3005,individual_link
2170,3007,shared_paper
2171,3007,shared_paper
2172,3007,shared_paper
2173,3007,shared_paper
2174,3007,shared_paper
2170,3008,shared_paper
2171,3008,shared_paper
2172,3008,shared_paper
2173,3008,shared_paper
2174,3008,shared_paper
2175,3009,shared_paper
2176,3009,shared_paper
2177,3009,shared_paper
2178,3009,shared_paper
2179,3009,shared_paper
2175,3010,shared_paper
2176,3010,shared_paper
2177,3010,shared_paper
2178,3010,shared_paper
2179,3010,shared_paper
2180,3011,shared_paper
2181,3011,shared_paper
2182,3011,shared_paper
2183,3011,shared_paper
2184,3011,shared_paper
2180,3012,shared_paper
2181,3012,shared_paper
2182,3012,shared_paper
2183,3012,shared_paper
2184,3012,shared_paper
2185,3013,shared_paper
2186,3013,shared_paper
2187,3013,shared_paper
2188,3013,shared_paper
2189,3013,shared_paper
2185,3014,shared_paper
2186,3014,shared_paper
2187,3014,shared_paper
2188,3014,shared_paper
2189,3014,shared_paper
2190,3015,shared_paper
2191,3015,shared_paper
2192,3015,shared_paper
2193,3015,shared_paper
2194,3015,shared_paper
2190,3016,shared_paper
2191,3016,shared_paper
2192,3016,shared_paper
2193,3016,shared_paper
2194,3016,shared_paper
2195,3017,shared_paper
2196,3017,shared_paper
2197,3017,shared_paper
2198,3017,shared_paper
2199,3017,shared_paper
2195,3018,shared_paper
2196,3018,shared_paper
2197,3018,shared_paper
2198,3018,shared_paper
2199,3018,shared_paper
2200,3019,shared_paper
2201,3019,shared_paper
2202,3019,shared_paper
2203,3019,shared_paper
2204,3019,shared_paper
2200,3020,shared_paper
2201,3020,shared_paper
2202,3020,shared_paper
2203,3020,shared_paper
2204,3020,shared_paper
2205,3021,shared_paper
2206,3021,shared_paper
2207,3021,shared_paper
2208,3021,shared_paper
2209,3021,shared_paper
2205,3022,shared_paper
2206,3022,shared_paper
2207,3022,shared_paper
2208,3022,shared_paper
2209,3022,shared_paper
2210,3023,shared_paper
2211,3023,shared_paper
2212,3023,shared_paper
2213,3023,shared_paper
2214,3023,shared_paper
2210,3024,shared_paper
2211,3024,shared_paper
2212,3024,shared_paper
2213,3024,shared_paper
2214,3024,shared_paper
2215,3025,shared_paper
2216,3025,shared_paper
2217,3025,shared_paper
2218,3025,shared_paper
2219,3025,shared_paper
2215,3026,shared_paper
2216,3026,shared_paper
2217,3026,shared_paper
2218,3026,shared_paper
2219,3026,shared_paper
2220,3027,shared_paper
2221,3027,shared_paper
2222,3027,shared_paper
2223,3027,shared_paper
2224,3027,shared_paper
2220,3028,shared_paper
2221,3028,shared_paper
2222,3028,shared_paper
2223,3028,shared_paper
2224,3028,shared_paper
2225,3029,shared_paper
2226,3029,shared_paper
2227,3029,shared_paper
2228,3029,shared_paper
2229,3029,shared_paper
2225,3030,shared_paper
2226,3030,shared_paper
2227,3030,shared_paper
2228,3030,shared_paper
2229,3030,shared_paper
2230,3031,shared_paper
2231,3031,shared_paper
2232,3031,shared_paper
2233,3031,shared_paper
2234,3031,shared_paper
2230,3032,shared_paper
2231,3032,shared_paper
2232,3032,shared_paper
2233,3032,shared_paper
2234,3032,shared_paper
2235,3033,shared_paper
2236,3033,shared_paper
2237,3033,shared_paper
2238,3033,shared_paper
2239,3033,shared_paper
2235,3034,shared_paper
2236,3034,shared_paper
2237,3034,shared_paper
2238,3034,shared_paper
2239,3034,shared_paper
2240,3035,shared_paper
2241,3035,shared_paper
2242,3035,shared_paper
2243,3035,shared_paper
2244,3035,shared_paper
2240,3036,shared_paper
2241,3036,shared_paper
2242,3036,shared_paper
2243,3036,shared_paper
2244,3036,shared_paper
2245,3037,shared_paper
2246,3037,shared_paper
2247,3037,shared_paper
2248,3037,shared_paper
2249,3037,shared_paper
2245,3038,shared_paper
2246,3038,shared_paper
2247,3038,shared_paper
2248,3038,shared_paper
2249,3038,shared_paper
2250,3039,shared_paper
2251,3039,shared_paper
2252,3039,shared_paper
2253,3039,shared_paper
2254,3039,shared_paper
2250,3040,shared_paper
2251,3040,shared_paper
2252,3040,shared_paper
2253,3040,shared_paper
2254,3040,shared_paper
2255,3041,shared_paper
2256,3041,shared_paper
2257,3041,shared_paper
2258,3041,shared_paper
2259,3041,shared_paper
2255,3042,shared_paper
2256,3042,shared_paper
2257,3042,shared_paper
2258,3042,shared_paper
2259,3042,shared_paper
2260,3043,shared_paper
2261,3043,shared_paper
2262,3043,shared_paper
2263,3043,shared_paper
2264,3043,shared_paper
2260,3044,shared_paper
2261,3044,shared_paper
2262,3044,shared_paper
2263,3044,shared_paper
2264,3044,shared_paper
2265,3045,shared_paper
2266,3045,shared_paper
2267,3045,shared_paper
2268,3045,shared_paper
2269,3045,shared_paper
2265,3046,shared_paper
2266,3046,shared_paper
2267,3046,shared_paper
2268,3046,shared_paper
2269,3046,shared_paper
2270,3047,shared_paper
2271,3047,shared_paper
2272,3047,shared_paper
2273,3047,shared_paper
2274,3047,shared_paper
2270,3048,shared_paper
2271,3048,shared_paper
2272,3048,shared_paper
2273,3048,shared_paper
2274,3048,shared_paper
2275,3049,shared_paper
2276,3049,shared_paper
2277,3049,shared_paper
2278,3049,shared_paper
2279,3049,shared_paper
2275,3050,shared_paper
2276,3050,shared_paper
2277,3050,shared_paper
2278,3050,shared_paper
2279,3050,shared_paper
2280,3051,shared_paper
2281,3051,shared_paper
2282,3051,shared_paper
2283,3051,shared_paper
2284,3051,shared_paper
2280,3052,shared_paper
2281,3052,shared_paper
2282,3052,shared_paper
2283,3052,shared_paper
2284,3052,shared_paper
2285,3053,shared_paper
2286,3053,shared_paper
2287,3053,shared_paper
2288,3053,shared_paper
2289,3053,shared_paper
2285,3054,shared_paper
2286,3054,shared_paper
2287,3054,shared_paper
2288,3054,shared_paper
2289,3054,shared_paper
2290,3055,shared_paper
2291,3055,shared_paper
2292,3055,shared_paper
2293,3055,shared_paper
2294,3055,shared_paper
2290,3056,shared_paper
2291,3056,shared_paper
2292,3056,shared_paper
2293,3056,shared_paper
2294,3056,shared_paper
2295,3057,shared_paper
2296,3057,shared_paper
2297,3057,shared_paper
2298,3057,shared_paper
2299,3057,shared_paper
2295,3058,shared_paper
2296,3058,shared_paper
2297,3058,shared_paper
2298,3058,shared_paper
2299,3058,shared_paper
2300,3059,shared_paper
2301,3059,shared_paper
2302,3059,shared_paper
2303,3059,shared_paper
2304,3059,shared_paper
2300,3060,shared_paper
2301,3060,shared_paper
2302,3060,shared_paper
2303,3060,shared_paper
2304,3060,shared_paper
2305,3061,shared_paper
2306,3061,shared_paper
2307,3061,shared_paper
2308,3061,shared_paper
2309,3061,shared_paper
2305,3062,shared_paper
2306,3062,shared_paper
2307,3062,shared_paper
2308,3062,shared_paper
2309,3062,shared_paper
2310,3063,shared_paper
2311,3063,shared_paper
2312,3063,shared_paper
2313,3063,shared_paper
2314,3063,shared_paper
2310,3064,shared_paper
2311,3064,shared_paper
2312,3064,shared_paper
2313,3064,shared_paper
2314,3064,shared_paper
2315,3065,shared_paper
2316,3065,shared_paper
2317,3065,shared_paper
2318,3065,shared_paper
2319,3065,shared_paper
2315,3066,shared_paper
2316,3066,shared_paper
2317,3066,shared_paper
2318,3066,shared_paper
2319,3066,shared_paper
2320,3069,shared_paper
2321,3069,shared_paper
2322,3069,shared_paper
2323,3069,shared_paper
2324,3069,shared_paper
2320,3070,shared_paper
2321,3070,shared_paper
2322,3070,shared_paper
2323,3070,shared_paper
2324,3070,shared_paper
2325,3072,shared_paper
2326,3072,shared_paper
2327,3072,shared_paper
2328,3072,shared_paper
2329,3072,shared_paper
2330,3072,shared_paper
2325,3073,shared_paper
2326,3073,shared_paper
2327,3073,shared_paper
2328,3073,shared_paper
2329,3073,shared_paper
2330,3073,shared_paper
2331,3074,shared_paper
2332,3074,shared_paper
2333,3074,shared_paper
2334,3074,shared_paper
2335,3074,shared_paper
2331,3075,shared_paper
2332,3075,shared_paper
2333,3075,shared_paper
2334,3075,shared_paper
2335,3075,shared_paper
2336,3076,shared_paper
2337,3076,shared_paper
2338,3076,shared_paper
2339,3076,shared_paper
2340,3076,shared_paper
2336,3077,shared_paper
2337,3077,shared_paper
2338,3077,shared_paper
2339,3077,shared_paper
2340,3077,shared_paper
2341,3078,shared_paper
2342,3078,shared_paper
2343,3078,shared_paper
2344,3078,shared_paper
2345,3078,shared_paper
2341,3079,shared_paper
2342,3079,shared_paper
2343,3079,shared_paper
2344,3079,shared_paper
2345,3079,shared_paper
2346,3080,shared_paper
2347,3080,shared_paper
2348,3080,shared_paper
2349,3080,shared_paper
2350,3080,shared_paper
2346,3081,shared_paper
2347,3081,shared_paper
2348,3081,shared_paper
2349,3081,shared_paper
2350,3081,shared_paper
2351,3082,shared_paper
2352,3082,shared_paper
2353,3082,shared_paper
2354,3082,shared_paper
2355,3082,shared_paper
2356,3082,shared_paper
2357,3082,shared_paper
2351,3083,shared_paper
2352,3083,shared_paper
2353,3083,shared_paper
2354,3083,shared_paper
2355,3083,shared_paper
2356,3083,shared_paper
2357,3083,shared_paper
2358,3084,shared_paper
2359,3084,shared_paper
2360,3084,shared_paper
2361,3084,shared_paper
2362,3084,shared_paper
2363,3084,shared_paper
2364,3084,shared_paper
2358,3085,shared_paper
2359,3085,shared_paper
2360,3085,shared_paper
2361,3085,shared_paper
2362,3085,shared_paper
2363,3085,shared_paper
2364,3085,shared_paper
2365,3086,shared_paper
2366,3086,shared_paper
2367,3086,shared_paper
2368,3086,shared_paper
2369,3086,shared_paper
2370,3086,shared_paper
2365,3087,shared_paper
2366,3087,shared_paper
2367,3087,shared_paper
2368,3087,shared_paper
2369,3087,shared_paper
2370,3087,shared_paper
2371,3088,shared_paper
2372,3088,shared_paper
2373,3088,shared_paper
2374,3088,shared_paper
2375,3088,shared_paper
2376,3088,shared_paper
2371,3089,shared_paper
2372,3089,shared_paper
2373,3089,shared_paper
2374,3089,shared_paper
2375,3089,shared_paper
2376,3089,shared_paper
2377,3090,shared_paper
2378,3090,shared_paper
2379,3090,shared_paper
2380,3090,shared_paper
2381,3090,shared_paper
2382,3090,shared_paper
2377,3091,shared_paper
2378,3091,shared_paper
2379,3091,shared_paper
2380,3091,shared_paper
2381,3091,shared_paper
2382,3091,shared_paper
2383,3092,shared_paper
2384,3092,shared_paper
2385,3092,shared_paper
2386,3092,shared_paper
2387,3092,shared_paper
2388,3092,shared_paper
2389,3092,shared_paper
2390,3092,shared_paper
2383,3093,shared_paper
2384,3093,shared_paper
2385,3093,shared_paper
2386,3093,shared_paper
2387,3093,shared_paper
2388,3093,shared_paper
2389,3093,shared_paper
2390,3093,shared_paper
2391,3094,shared_paper
2392,3094,shared_paper
2393,3094,shared_paper
2394,3094,shared_paper
2395,3094,shared_paper
2396,3094,shared_paper
2397,3094,shared_paper
2391,3095,shared_paper
2392,3095,shared_paper
2393,3095,shared_paper
2394,3095,shared_paper
2395,3095,shared_paper
2396,3095,shared_paper
2397,3095,shared_paper
2398,3097,shared_paper
2399,3097,shared_paper
2400,3097,shared_paper
2401,3097,shared_paper
2402,3097,shared_paper
2398,3098,shared_paper
2399,3098,shared_paper
2400,3098,shared_paper
2401,3098,shared_paper
2402,3098,shared_paper
2403,3100,shared_paper
2404,3100,shared_paper
2405,3100,shared_paper
2406,3100,shared_paper
2407,3100,shared_paper
2408,3100,shared_paper
2409,3100,shared_paper
2410,3101,shared_paper
2411,3101,shared_paper
2412,3101,shared_paper
2413,3101,shared_paper
2414,3101,shared_paper
2410,3102,shared_paper
2411,3102,shared_paper
2412,3102,shared_paper
2413,3102,shared_paper
2414,3102,shared_paper
2415,3103,individual_link
2415,3104,individual_link
2416,3105,shared_paper
2417,3105,shared_paper
2418,3105,shared_paper
2419,3105,shared_paper
2420,3105,shared_paper
2421,3105,shared_paper
2422,3105,shared_paper
2423,3107,shared_paper
2424,3107,shared_paper
2425,3107,shared_paper
2426,3107,shared_paper
2427,3107,shared_paper
2428,3107,shared_paper
2429,3107,shared_paper
2430,3107,shared_paper
2431,3108,shared_paper
2432,3108,shared_paper
2433,3108,shared_paper
2434,3108,shared_paper
2435,3108,shared_paper
2436,3108,shared_paper
2437,3108,shared_paper
2438,3108,shared_paper
2439,3109,shared_paper
2440,3109,shared_paper
2441,3109,shared_paper
2442,3109,shared_paper
2443,3109,shared_paper
2444,3109,shared_paper
2445,3109,shared_paper
2446,3109,shared_paper
2447,3110,shared_paper
2448,3110,shared_paper
2449,3110,shared_paper
2450,3110,shared_paper
2451,3110,shared_paper
2452,3110,shared_paper
2453,3110,shared_paper
2454,3110,shared_paper
2455,3111,shared_paper
2456,3111,shared_paper
2457,3111,shared_paper
2458,3111,shared_paper
2459,3111,shared_paper
2460,3111,shared_paper
2461,3111,shared_paper
2462,3111,shared_paper
2463,3112,shared_paper
2464,3112,shared_paper
2465,3112,shared_paper
2466,3112,shared_paper
2467,3112,shared_paper
2468,3112,shared_paper
2469,3112,shared_paper
2470,3112,shared_paper
2471,3113,shared_paper
2472,3113,shared_paper
2473,3113,shared_paper
2474,3113,shared_paper
2475,3113,shared_paper
2476,3113,shared_paper
2477,3113,shared_paper
2478,3113,shared_paper
2479,3114,shared_paper
2480,3114,shared_paper
2481,3114,shared_paper
2482,3114,shared_paper
2483,3114,shared_paper
2484,3114,shared_paper
2485,3114,shared_paper
2486,3114,shared_paper
2487,3115,shared_paper
2488,3115,shared_paper
2489,3115,shared_paper
2490,3115,shared_paper
2491,3115,shared_paper
2492,3115,shared_paper
2493,3115,shared_paper
2494,3115,shared_paper
2495,3116,shared_paper
2496,3116,shared_paper
2497,3116,shared_paper
2498,3116,shared_paper
2499,3116,shared_paper
2500,3116,shared_paper
2501,3116,shared_paper
2502,3116,shared_paper
2503,3117,shared_paper
2504,3117,shared_paper
2505,3117,shared_paper
2506,3117,shared_paper
2507,3117,shared_paper
2508,3117,shared_paper
2509,3117,shared_paper
2510,3117,shared_paper
2503,3118,shared_paper
2504,3118,shared_paper
2505,3118,shared_paper
2506,3118,shared_paper
2507,3118,shared_paper
2508,3118,shared_paper
2509,3118,shared_paper
2510,3118,shared_paper
2511,3119,shared_paper
2512,3119,shared_paper
2513,3119,shared_paper
2514,3119,shared_paper
2515,3119,shared_paper
2516,3119,shared_paper
2517,3119,shared_paper
2518,3119,shared_paper
2511,3120,shared_paper
2512,3120,shared_paper
2513,3120,shared_paper
2514,3120,shared_paper
2515,3120,shared_paper
2516,3120,shared_paper
2517,3120,shared_paper
2518,3120,shared_paper
2519,3122,shared_paper
2520,3122,shared_paper
2521,3122,shared_paper
2522,3122,shared_paper
2523,3122,shared_paper
2519,3123,shared_paper
2520,3123,shared_paper
2521,3123,shared_paper
2522,3123,shared_paper
2523,3123,shared_paper
2524,3124,shared_paper
2525,3124,shared_paper
2526,3124,shared_paper
2527,3124,shared_paper
2528,3124,shared_paper
2524,3125,shared_paper
2525,3125,shared_paper
2526,3125,shared_paper
2527,3125,shared_paper
2528,3125,shared_paper
2529,3126,shared_paper
2530,3126,shared_paper
2531,3126,shared_paper
2532,3126,shared_paper
2533,3126,shared_paper
2529,3127,shared_paper
2530,3127,shared_paper
2531,3127,shared_paper
2532,3127,shared_paper
2533,3127,shared_paper
2534,3128,shared_paper
2535,3128,shared_paper
2536,3128,shared_paper
2537,3128,shared_paper
2538,3128,shared_paper
2534,3129,shared_paper
2535,3129,shared_paper
2536,3129,shared_paper
2537,3129,shared_paper
2538,3129,shared_paper
2539,3130,shared_paper
2540,3130,shared_paper
2541,3130,shared_paper
2542,3130,shared_paper
2543,3130,shared_paper
2544,3130,shared_paper
2539,3131,shared_paper
2540,3131,shared_paper
2541,3131,shared_paper
2542,3131,shared_paper
2543,3131,shared_paper
2544,3131,shared_paper
2545,3133,shared_paper
2546,3134,shared_paper
2546,3135,shared_paper
2547,3136,shared_paper
2547,3137,shared_paper
2548,3138,shared_paper
2549,3139,shared_paper
2549,3140,shared_paper
2550,3141,shared_paper
2550,3142,shared_paper
2551,3143,shared_paper
2551,3144,shared_paper
2552,3145,shared_paper
2552,3146,shared_paper
2553,3147,shared_paper
2553,3148,shared_paper
2554,3149,shared_paper
2555,3150,shared_paper
2555,3151,shared_paper
2556,3152,shared_paper
2556,3153,shared_paper
2557,3154,shared_paper
2558,3155,shared_paper
2558,3156,shared_paper
2559,3157,shared_paper
2559,3158,shared_paper
2560,3159,shared_paper
2561,3160,shared_paper
2561,3161,shared_paper
2562,3162,shared_paper
2562,3163,shared_paper
2563,3164,shared_paper
2563,3165,shared_paper
2564,3166,shared_paper
2564,3167,shared_paper
2565,3168,shared_paper
2565,3169,shared_paper
2566,3170,shared_paper
2566,3171,shared_paper
2567,3172,shared_paper
2567,3173,shared_paper
2568,3174,shared_paper
2568,3175,shared_paper
2569,3176,shared_paper
2569,3177,shared_paper
2570,3178,shared_paper
2570,3179,shared_paper
2571,3180,shared_paper
2571,3181,shared_paper
2572,3182,shared_paper
2572,3183,shared_paper
2573,3184,shared_paper
2573,3185,shared_paper
2574,3186,shared_paper
2574,3187,shared_paper
2575,3188,shared_paper
2576,3189,shared_paper
2576,3190,shared_paper
2577,3191,shared_paper
2577,3192,shared_paper
2578,3193,shared_paper
2578,3194,shared_paper
2579,3195,shared_paper
2579,3196,shared_paper
2580,3197,shared_paper
2580,3198,shared_paper
2581,3199,shared_paper
2581,3200,shared_paper
2582,3201,shared_paper
2582,3202,shared_paper
2583,3203,shared_paper
2583,3204,shared_paper
2584,3205,shared_paper
2584,3206,shared_paper
2585,3207,shared_paper
2585,3208,shared_paper
2586,3209,shared_paper
2586,3210,shared_paper
2587,3211,shared_paper
2588,3212,shared_paper
2588,3213,shared_paper
2589,3214,shared_paper
2589,3215,shared_paper
2590,3216,shared_paper
2591,3217,shared_paper
2591,3218,shared_paper
2592,3219,shared_paper
2592,3220,shared_paper
2593,3221,shared_paper
2593,3222,shared_paper
2594,3223,shared_paper
2595,3224,shared_paper
2595,3225,shared_paper
2596,3226,shared_paper
2597,3227,shared_paper
2597,3228,shared_paper
2598,3229,shared_paper
2599,3230,shared_paper
2599,3231,shared_paper
2600,3232,shared_paper
2601,3233,shared_paper
2601,3234,shared_paper
2602,3235,shared_paper
2603,3236,shared_paper
2603,3237,shared_paper
2604,3238,shared_paper
2605,3239,shared_paper
2605,3240,shared_paper
2606,3241,shared_paper
2606,3242,shared_paper
2607,3244,shared_paper
2608,3244,shared_paper
2609,3244,shared_paper
2607,3245,shared_paper
2608,3245,shared_paper
2609,3245,shared_paper
2610,3246,shared_paper
2611,3246,shared_paper
2612,3246,shared_paper
2610,3247,shared_paper
2611,3247,shared_paper
2612,3247,shared_paper
2613,3248,shared_paper
2614,3248,shared_paper
2615,3248,shared_paper
2613,3249,shared_paper
2614,3249,shared_paper
2615,3249,shared_paper
2616,3250,shared_paper
2617,3250,shared_paper
2618,3250,shared_paper
2616,3251,shared_paper
2617,3251,shared_paper
2618,3251,shared_paper
2619,3252,shared_paper
2620,3252,shared_paper
2621,3252,shared_paper
2619,3253,shared_paper
2620,3253,shared_paper
2621,3253,shared_paper
2622,3254,shared_paper
2623,3254,shared_paper
2624,3254,shared_paper
2622,3255,shared_paper
2623,3255,shared_paper
2624,3255,shared_paper
2625,3256,shared_paper
2626,3256,shared_paper
2627,3256,shared_paper
2625,3257,shared_paper
2626,3257,shared_paper
2627,3257,shared_paper
2628,3258,shared_paper
2629,3258,shared_paper
2630,3258,shared_paper
2628,3259,shared_paper
2629,3259,shared_paper
2630,3259,shared_paper
2631,3260,shared_paper
2632,3260,shared_paper
2633,3260,shared_paper
2631,3261,shared_paper
2632,3261,shared_paper
2633,3261,shared_paper
2634,3262,shared_paper
2635,3262,shared_paper
2636,3262,shared_paper
2634,3263,shared_paper
2635,3263,shared_paper
2636,3263,shared_paper
2637,3264,shared_paper
2638,3264,shared_paper
2639,3264,shared_paper
2640,3265,shared_paper
2641,3265,shared_paper
2642,3265,shared_paper
2640,3266,shared_paper
2641,3266,shared_paper
2642,3266,shared_paper
2643,3267,shared_paper
2644,3267,shared_paper
2645,3267,shared_paper
2643,3268,shared_paper
2644,3268,shared_paper
2645,3268,shared_paper
2646,3269,shared_paper
2647,3269,shared_paper
2648,3269,shared_paper
2646,3270,shared_paper
2647,3270,shared_paper
2648,3270,shared_paper
2649,3271,shared_paper
2650,3271,shared_paper
2651,3271,shared_paper
2649,3272,shared_paper
2650,3272,shared_paper
2651,3272,shared_paper
2652,3273,shared_paper
2653,3273,shared_paper
2654,3273,shared_paper
2652,3274,shared_paper
2653,3274,shared_paper
2654,3274,shared_paper
2655,3275,shared_paper
2656,3275,shared_paper
2657,3275,shared_paper
2655,3276,shared_paper
2656,3276,shared_paper
2657,3276,shared_paper
2658,3277,shared_paper
2659,3277,shared_paper
2660,3277,shared_paper
2658,3278,shared_paper
2659,3278,shared_paper
2660,3278,shared_paper
2661,3279,shared_paper
2662,3279,shared_paper
2663,3279,shared_paper
2661,3280,shared_paper
2662,3280,shared_paper
2663,3280,shared_paper
2664,3281,shared_paper
2665,3281,shared_paper
2666,3281,shared_paper
2664,3282,shared_paper
2665,3282,shared_paper
2666,3282,shared_paper
2667,3283,shared_paper
2668,3283,shared_paper
2669,3283,shared_paper
2667,3284,shared_paper
2668,3284,shared_paper
2669,3284,shared_paper
2670,3286,shared_paper
2671,3286,shared_paper
2672,3286,shared_paper
2673,3286,shared_paper
2674,3286,shared_paper
2675,3288,shared_paper
2676,3288,shared_paper
2677,3288,shared_paper
2678,3289,shared_paper
2679,3289,shared_paper
2680,3289,shared_paper
2681,3290,shared_paper
2682,3290,shared_paper
2683,3290,shared_paper
2684,3291,shared_paper
2685,3291,shared_paper
2686,3291,shared_paper
2687,3292,shared_paper
2688,3292,shared_paper
2689,3292,shared_paper
2690,3293,shared_paper
2691,3293,shared_paper
2692,3293,shared_paper
2693,3294,shared_paper
2694,3294,shared_paper
2695,3294,shared_paper
2696,3295,shared_paper
2697,3295,shared_paper
2698,3295,shared_paper
2699,3296,shared_paper
2700,3296,shared_paper
2701,3296,shared_paper
2702,3297,shared_paper
2703,3297,shared_paper
2704,3297,shared_paper
2705,3298,shared_paper
2706,3298,shared_paper
2707,3298,shared_paper
2708,3299,shared_paper
2709,3299,shared_paper
2710,3299,shared_paper
2711,3302,shared_paper
2712,3302,shared_paper
2713,3302,shared_paper
2714,3302,shared_paper
2715,3302,shared_paper
2716,3302,shared_paper
2717,3302,shared_paper
2718,3302,shared_paper
2719,3302,shared_paper
2720,3302,shared_paper
2721,3302,shared_paper
2722,3302,shared_paper
2723,3302,shared_paper
2724,3302,shared_paper
2725,3302,shared_paper
2726,3302,shared_paper
2727,3302,shared_paper
2728,3302,shared_paper
2729,3302,shared_paper
2730,3302,shared_paper
2731,3302,shared_paper
2732,3302,shared_paper
2733,3302,shared_paper
2734,3302,shared_paper
2735,3302,shared_paper
2736,3302,shared_paper
2737,3302,shared_paper
2738,3302,shared_paper
2739,3302,shared_paper
2740,3302,shared_paper
2741,3302,shared_paper
2742,3302,shared_paper
2743,3302,shared_paper
2744,3302,shared_paper
2745,3302,shared_paper
2746,3302,shared_paper
2747,3302,shared_paper
2748,3302,shared_paper
2749,3302,shared_paper
2750,3302,shared_paper
2751,3302,shared_paper
2752,3302,shared_paper
2753,3302,shared_paper
2754,3302,shared_paper
2755,3302,shared_paper
2756,3302,shared_paper
2757,3302,shared_paper
2758,3302,shared_paper
2759,3302,shared_paper
2760,3302,shared_paper
2761,3302,shared_paper
2762,3302,shared_paper
2763,3302,shared_paper
2764,3302,shared_paper
2765,3302,shared_paper
2766,3302,shared_paper
2767,3302,shared_paper
2768,3302,shared_paper
2711,3303,shared_paper
2712,3303,shared_paper
2713,3303,shared_paper
2714,3303,shared_paper
2715,3303,shared_paper
2716,3303,shared_paper
2717,3303,shared_paper
2718,3303,shared_paper
2719,3303,shared_paper
2720,3303,shared_paper
2721,3303,shared_paper
2722,3303,shared_paper
2723,3303,shared_paper
2724,3303,shared_paper
2725,3303,shared_paper
2726,3303,shared_paper
2727,3303,shared_paper
2728,3303,shared_paper
2729,3303,shared_paper
2730,3303,shared_paper
2731,3303,shared_paper
2732,3303,shared_paper
2733,3303,shared_paper
2734,3303,shared_paper
2735,3303,shared_paper
2736,3303,shared_paper
2737,3303,shared_paper
2738,3303,shared_paper
2739,3303,shared_paper
2740,3303,shared_paper
2741,3303,shared_paper
2742,3303,shared_paper
2743,3303,shared_paper
2744,3303,shared_paper
2745,3303,shared_paper
2746,3303,shared_paper
2747,3303,shared_paper
2748,3303,shared_paper
2749,3303,shared_paper
2750,3303,shared_paper
2751,3303,shared_paper
2752,3303,shared_paper
2753,3303,shared_paper
2754,3303,shared_paper
2755,3303,shared_paper
2756,3303,shared_paper
2757,3303,shared_paper
2758,3303,shared_paper
2759,3303,shared_paper
2760,3303,shared_paper
2761,3303,shared_paper
2762,3303,shared_paper
2763,3303,shared_paper
2764,3303,shared_paper
2765,3303,shared_paper
2766,3303,shared_paper
2767,3303,shared_paper
2768,3303,shared_paper
2769,3304,shared_paper
2770,3304,shared_paper
2771,3304,shared_paper
2772,3304,shared_paper
2773,3304,shared_paper
2774,3304,shared_paper
2775,3304,shared_paper
2776,3304,shared_paper
2777,3304,shared_paper
2778,3304,shared_paper
2779,3304,shared_paper
2780,3304,shared_paper
2781,3304,shared_paper
2782,3304,shared_paper
2783,3304,shared_paper
2784,3304,shared_paper
2785,3304,shared_paper
2786,3304,shared_paper
2787,3304,shared_paper
2788,3304,shared_paper
2789,3304,shared_paper
2790,3304,shared_paper
2791,3304,shared_paper
2792,3304,shared_paper
2793,3304,shared_paper
2794,3304,shared_paper
2795,3304,shared_paper
2796,3304,shared_paper
2797,3304,shared_paper
2798,3304,shared_paper
2799,3304,shared_paper
2800,3304,shared_paper
2801,3304,shared_paper
2802,3304,shared_paper
2803,3304,shared_paper
2804,3304,shared_paper
2805,3304,shared_paper
2806,3304,shared_paper
2807,3304,shared_paper
2808,3304,shared_paper
2809,3304,shared_paper
2810,3304,shared_paper
2811,3304,shared_paper
2812,3304,shared_paper
2813,3304,shared_paper
2814,3304,shared_paper
2815,3304,shared_paper
2816,3304,shared_paper
2817,3304,shared_paper
2818,3304,shared_paper
2819,3304,shared_paper
2820,3304,shared_paper
2821,3304,shared_paper
2822,3304,shared_paper
2823,3304,shared_paper
2824,3304,shared_paper
2769,3305,shared_paper
2770,3305,shared_paper
2771,3305,shared_paper
2772,3305,shared_paper
2773,3305,shared_paper
2774,3305,shared_paper
2775,3305,shared_paper
2776,3305,shared_paper
2777,3305,shared_paper
2778,3305,shared_paper
2779,3305,shared_paper
2780,3305,shared_paper
2781,3305,shared_paper
2782,3305,shared_paper
2783,3305,shared_paper
2784,3305,shared_paper
2785,3305,shared_paper
2786,3305,shared_paper
2787,3305,shared_paper
2788,3305,shared_paper
2789,3305,shared_paper
2790,3305,shared_paper
2791,3305,shared_paper
2792,3305,shared_paper
2793,3305,shared_paper
2794,3305,shared_paper
2795,3305,shared_paper
2796,3305,shared_paper
2797,3305,shared_paper
2798,3305,shared_paper
2799,3305,shared_paper
2800,3305,shared_paper
2801,3305,shared_paper
2802,3305,shared_paper
2803,3305,shared_paper
2804,3305,shared_paper
2805,3305,shared_paper
2806,3305,shared_paper
2807,3305,shared_paper
2808,3305,shared_paper
2809,3305,shared_paper
2810,3305,shared_paper
2811,3305,shared_paper
2812,3305,shared_paper
2813,3305,shared_paper
2814,3305,shared_paper
2815,3305,shared_paper
2816,3305,shared_paper
2817,3305,shared_paper
2818,3305,shared_paper
2819,3305,shared_paper
2820,3305,shared_paper
2821,3305,shared_paper
2822,3305,shared_paper
2823,3305,shared_paper
2824,3305,shared_paper
2825,3306,shared_paper
2826,3306,shared_paper
2827,3306,shared_paper
2828,3306,shared_paper
2829,3306,shared_paper
2830,3306,shared_paper
2831,3306,shared_paper
2832,3306,shared_paper
2833,3306,shared_paper
2834,3306,shared_paper
2835,3306,shared_paper
2836,3306,shared_paper
2837,3306,shared_paper
2838,3306,shared_paper
2839,3306,shared_paper
2840,3306,shared_paper
2841,3306,shared_paper
2842,3306,shared_paper
2843,3306,shared_paper
2844,3306,shared_paper
2845,3306,shared_paper
2846,3306,shared_paper
2847,3306,shared_paper
2848,3306,shared_paper
2849,3306,shared_paper
2850,3306,shared_paper
2851,3306,shared_paper
2852,3306,shared_paper
2853,3306,shared_paper
2854,3306,shared_paper
2855,3306,shared_paper
2856,3306,shared_paper
2857,3306,shared_paper
2858,3306,shared_paper
2859,3306,shared_paper
2860,3306,shared_paper
2861,3306,shared_paper
2862,3306,shared_paper
2863,3306,shared_paper
2864,3306,shared_paper
2865,3306,shared_paper
2866,3306,shared_paper
2867,3306,shared_paper
2868,3306,shared_paper
2869,3306,shared_paper
2870,3306,shared_paper
2871,3306,shared_paper
2872,3306,shared_paper
2873,3306,shared_paper
2874,3306,shared_paper
2875,3306,shared_paper
2876,3306,shared_paper
2877,3306,shared_paper
2878,3306,shared_paper
2825,3307,shared_paper
2826,3307,shared_paper
2827,3307,shared_paper
2828,3307,shared_paper
2829,3307,shared_paper
2830,3307,shared_paper
2831,3307,shared_paper
2832,3307,shared_paper
2833,3307,shared_paper
2834,3307,shared_paper
2835,3307,shared_paper
2836,3307,shared_paper
2837,3307,shared_paper
2838,3307,shared_paper
2839,3307,shared_paper
2840,3307,shared_paper
2841,3307,shared_paper
2842,3307,shared_paper
2843,3307,shared_paper
2844,3307,shared_paper
2845,3307,shared_paper
2846,3307,shared_paper
2847,3307,shared_paper
2848,3307,shared_paper
2849,3307,shared_paper
2850,3307,shared_paper
2851,3307,shared_paper
2852,3307,shared_paper
2853,3307,shared_paper
2854,3307,shared_paper
2855,3307,shared_paper
2856,3307,shared_paper
2857,3307,shared_paper
2858,3307,shared_paper
2859,3307,shared_paper
2860,3307,shared_paper
2861,3307,shared_paper
2862,3307,shared_paper
2863,3307,shared_paper
2864,3307,shared_paper
2865,3307,shared_paper
2866,3307,shared_paper
2867,3307,shared_paper
2868,3307,shared_paper
2869,3307,shared_paper
2870,3307,shared_paper
2871,3307,shared_paper
2872,3307,shared_paper
2873,3307,shared_paper
2874,3307,shared_paper
2875,3307,shared_paper
2876,3307,shared_paper
2877,3307,shared_paper
2878,3307,shared_paper
2879,3308,shared_paper
2880,3308,shared_paper
2881,3308,shared_paper
2882,3308,shared_paper
2883,3308,shared_paper
2884,3308,shared_paper
2885,3308,shared_paper
2886,3308,shared_paper
2887,3308,shared_paper
2888,3308,shared_paper
2889,3308,shared_paper
2890,3308,shared_paper
2891,3308,shared_paper
2892,3308,shared_paper
2893,3308,shared_paper
2894,3308,shared_paper
2895,3308,shared_paper
2896,3308,shared_paper
2897,3308,shared_paper
2898,3308,shared_paper
2899,3308,shared_paper
2900,3308,shared_paper
2901,3308,shared_paper
2902,3308,shared_paper
2903,3308,shared_paper
2904,3308,shared_paper
2905,3308,shared_paper
2906,3308,shared_paper
2907,3308,shared_paper
2908,3308,shared_paper
2909,3308,shared_paper
2910,3308,shared_paper
2911,3308,shared_paper
2912,3308,shared_paper
2913,3308,shared_paper
2914,3308,shared_paper
2915,3308,shared_paper
2916,3308,shared_paper
2917,3308,shared_paper
2918,3308,shared_paper
2919,3308,shared_paper
2920,3308,shared_paper
2921,3308,shared_paper
2922,3308,shared_paper
2923,3308,shared_paper
2924,3308,shared_paper
2925,3308,shared_paper
2926,3308,shared_paper
2927,3308,shared_paper
2928,3308,shared_paper
2929,3308,shared_paper
2879,3309,shared_paper
2880,3309,shared_paper
2881,3309,shared_paper
2882,3309,shared_paper
2883,3309,shared_paper
2884,3309,shared_paper
2885,3309,shared_paper
2886,3309,shared_paper
2887,3309,shared_paper
2888,3309,shared_paper
2889,3309,shared_paper
2890,3309,shared_paper
2891,3309,shared_paper
2892,3309,shared_paper
2893,3309,shared_paper
2894,3309,shared_paper
2895,3309,shared_paper
2896,3309,shared_paper
2897,3309,shared_paper
2898,3309,shared_paper
2899,3309,shared_paper
2900,3309,shared_paper
2901,3309,shared_paper
2902,3309,shared_paper
2903,3309,shared_paper
2904,3309,shared_paper
2905,3309,shared_paper
2906,3309,shared_paper
2907,3309,shared_paper
2908,3309,shared_paper
2909,3309,shared_paper
2910,3309,shared_paper
2911,3309,shared_paper
2912,3309,shared_paper
2913,3309,shared_paper
2914,3309,shared_paper
2915,3309,shared_paper
2916,3309,shared_paper
2917,3309,shared_paper
2918,3309,shared_paper
2919,3309,shared_paper
2920,3309,shared_paper
2921,3309,shared_paper
2922,3309,shared_paper
2923,3309,shared_paper
2924,3309,shared_paper
2925,3309,shared_paper
2926,3309,shared_paper
2927,3309,shared_paper
2928,3309,shared_paper
2929,3309,shared_paper
2930,3310,shared_paper
2931,3310,shared_paper
2932,3310,shared_paper
2933,3310,shared_paper
2934,3310,shared_paper
2935,3310,shared_paper
2936,3310,shared_paper
2937,3310,shared_paper
2938,3310,shared_paper
2939,3310,shared_paper
2940,3310,shared_paper
2941,3310,shared_paper
2942,3310,shared_paper
2943,3310,shared_paper
2944,3310,shared_paper
2945,3310,shared_paper
2946,3310,shared_paper
2947,3310,shared_paper
2948,3310,shared_paper
2949,3310,shared_paper
2950,3310,shared_paper
2951,3310,shared_paper
2952,3310,shared_paper
2953,3310,shared_paper
2954,3310,shared_paper
2955,3310,shared_paper
2956,3310,shared_paper
2957,3310,shared_paper
2958,3310,shared_paper
2959,3310,shared_paper
2960,3310,shared_paper
2961,3310,shared_paper
2962,3310,shared_paper
2963,3310,shared_paper
2964,3310,shared_paper
2965,3310,shared_paper
2966,3310,shared_paper
2967,3310,shared_paper
2968,3310,shared_paper
2969,3310,shared_paper
2970,3310,shared_paper
2971,3310,shared_paper
2972,3310,shared_paper
2973,3310,shared_paper
2974,3310,shared_paper
2975,3310,shared_paper
2976,3310,shared_paper
2977,3310,shared_paper
2978,3310,shared_paper
2979,3310,shared_paper
2930,3311,shared_paper
2931,3311,shared_paper
2932,3311,shared_paper
2933,3311,shared_paper
2934,3311,shared_paper
2935,3311,shared_paper
2936,3311,shared_paper
2937,3311,shared_paper
2938,3311,shared_paper
2939,3311,shared_paper
2940,3311,shared_paper
2941,3311,shared_paper
2942,3311,shared_paper
2943,3311,shared_paper
2944,3311,shared_paper
2945,3311,shared_paper
2946,3311,shared_paper
2947,3311,shared_paper
2948,3311,shared_paper
2949,3311,shared_paper
2950,3311,shared_paper
2951,3311,shared_paper
2952,3311,shared_paper
2953,3311,shared_paper
2954,3311,shared_paper
2955,3311,shared_paper
2956,3311,shared_paper
2957,3311,shared_paper
2958,3311,shared_paper
2959,3311,shared_paper
2960,3311,shared_paper
2961,3311,shared_paper
2962,3311,shared_paper
2963,3311,shared_paper
2964,3311,shared_paper
2965,3311,shared_paper
2966,3311,shared_paper
2967,3311,shared_paper
2968,3311,shared_paper
2969,3311,shared_paper
2970,3311,shared_paper
2971,3311,shared_paper
2972,3311,shared_paper
2973,3311,shared_paper
2974,3311,shared_paper
2975,3311,shared_paper
2976,3311,shared_paper
2977,3311,shared_paper
2978,3311,shared_paper
2979,3311,shared_paper
2980,3312,shared_paper
2981,3312,shared_paper
2982,3312,shared_paper
2983,3312,shared_paper
2984,3312,shared_paper
2985,3312,shared_paper
2986,3312,shared_paper
2987,3312,shared_paper
2988,3312,shared_paper
2989,3312,shared_paper
2990,3312,shared_paper
2991,3312,shared_paper
2992,3312,shared_paper
2993,3312,shared_paper
2994,3312,shared_paper
2995,3312,shared_paper
2996,3312,shared_paper
2997,3312,shared_paper
2998,3312,shared_paper
2999,3312,shared_paper
3000,3312,shared_paper
3001,3312,shared_paper
3002,3312,shared_paper
3003,3312,shared_paper
3004,3312,shared_paper
3005,3312,shared_paper
3006,3312,shared_paper
3007,3312,shared_paper
3008,3312,shared_paper
3009,3312,shared_paper
3010,3312,shared_paper
3011,3312,shared_paper
3012,3312,shared_paper
3013,3312,shared_paper
3014,3312,shared_paper
3015,3312,shared_paper
3016,3312,shared_paper
3017,3312,shared_paper
3018,3312,shared_paper
3019,3312,shared_paper
3020,3312,shared_paper
3021,3312,shared_paper
3022,3312,shared_paper
3023,3312,shared_paper
3024,3312,shared_paper
3025,3312,shared_paper
3026,3312,shared_paper
3027,3312,shared_paper
3028,3312,shared_paper
3029,3312,shared_paper
3030,3312,shared_paper
3031,3312,shared_paper
3032,3312,shared_paper
3033,3312,shared_paper
3034,3312,shared_paper
3035,3312,shared_paper
2980,3313,shared_paper
2981,3313,shared_paper
2982,3313,shared_paper
2983,3313,shared_paper
2984,3313,shared_paper
2985,3313,shared_paper
2986,3313,shared_paper
2987,3313,shared_paper
2988,3313,shared_paper
2989,3313,shared_paper
2990,3313,shared_paper
2991,3313,shared_paper
2992,3313,shared_paper
2993,3313,shared_paper
2994,3313,shared_paper
2995,3313,shared_paper
2996,3313,shared_paper
2997,3313,shared_paper
2998,3313,shared_paper
2999,3313,shared_paper
3000,3313,shared_paper
3001,3313,shared_paper
3002,3313,shared_paper
3003,3313,shared_paper
3004,3313,shared_paper
3005,3313,shared_paper
3006,3313,shared_paper
3007,3313,shared_paper
3008,3313,shared_paper
3009,3313,shared_paper
3010,3313,shared_paper
3011,3313,shared_paper
3012,3313,shared_paper
3013,3313,shared_paper
3014,3313,shared_paper
3015,3313,shared_paper
3016,3313,shared_paper
3017,3313,shared_paper
3018,3313,shared_paper
3019,3313,shared_paper
3020,3313,shared_paper
3021,3313,shared_paper
3022,3313,shared_paper
3023,3313,shared_paper
3024,3313,shared_paper
3025,3313,shared_paper
3026,3313,shared_paper
3027,3313,shared_paper
3028,3313,shared_paper
3029,3313,shared_paper
3030,3313,shared_paper
3031,3313,shared_paper
3032,3313,shared_paper
3033,3313,shared_paper
3034,3313,shared_paper
3035,3313,shared_paper
3036,3314,shared_paper
3037,3314,shared_paper
3038,3314,shared_paper
3039,3314,shared_paper
3040,3314,shared_paper
3041,3314,shared_paper
3042,3314,shared_paper
3043,3314,shared_paper
3044,3314,shared_paper
3045,3314,shared_paper
3046,3314,shared_paper
3047,3314,shared_paper
3048,3314,shared_paper
3049,3314,shared_paper
3050,3314,shared_paper
3051,3314,shared_paper
3052,3314,shared_paper
3053,3314,shared_paper
3054,3314,shared_paper
3055,3314,shared_paper
3056,3314,shared_paper
3057,3314,shared_paper
3058,3314,shared_paper
3059,3314,shared_paper
3060,3314,shared_paper
3061,3314,shared_paper
3062,3314,shared_paper
3063,3314,shared_paper
3064,3314,shared_paper
3065,3314,shared_paper
3066,3314,shared_paper
3067,3314,shared_paper
3068,3314,shared_paper
3069,3314,shared_paper
3070,3314,shared_paper
3071,3314,shared_paper
3072,3314,shared_paper
3073,3314,shared_paper
3074,3314,shared_paper
3075,3314,shared_paper
3076,3314,shared_paper
3077,3314,shared_paper
3078,3314,shared_paper
3079,3314,shared_paper
3080,3314,shared_paper
3081,3314,shared_paper
3082,3314,shared_paper
3083,3314,shared_paper
3084,3314,shared_paper
3085,3314,shared_paper
3086,3314,shared_paper
3036,3315,shared_paper
3037,3315,shared_paper
3038,3315,shared_paper
3039,3315,shared_paper
3040,3315,shared_paper
3041,3315,shared_paper
3042,3315,shared_paper
3043,3315,shared_paper
3044,3315,shared_paper
3045,3315,shared_paper
3046,3315,shared_paper
3047,3315,shared_paper
3048,3315,shared_paper
3049,3315,shared_paper
3050,3315,shared_paper
3051,3315,shared_paper
3052,3315,shared_paper
3053,3315,shared_paper
3054,3315,shared_paper
3055,3315,shared_paper
3056,3315,shared_paper
3057,3315,shared_paper
3058,3315,shared_paper
3059,3315,shared_paper
3060,3315,shared_paper
3061,3315,shared_paper
3062,3315,shared_paper
3063,3315,shared_paper
3064,3315,shared_paper
3065,3315,shared_paper
3066,3315,shared_paper
3067,3315,shared_paper
3068,3315,shared_paper
3069,3315,shared_paper
3070,3315,shared_paper
3071,3315,shared_paper
3072,3315,shared_paper
3073,3315,shared_paper
3074,3315,shared_paper
3075,3315,shared_paper
3076,3315,shared_paper
3077,3315,shared_paper
3078,3315,shared_paper
3079,3315,shared_paper
3080,3315,shared_paper
3081,3315,shared_paper
3082,3315,shared_paper
3083,3315,shared_paper
3084,3315,shared_paper
3085,3315,shared_paper
3086,3315,shared_paper
3087,3316,shared_paper
3088,3316,shared_paper
3089,3316,shared_paper
3090,3316,shared_paper
3091,3316,shared_paper
3092,3316,shared_paper
3093,3316,shared_paper
3094,3316,shared_paper
3095,3316,shared_paper
3096,3316,shared_paper
3097,3316,shared_paper
3098,3316,shared_paper
3099,3316,shared_paper
3100,3316,shared_paper
3101,3316,shared_paper
3102,3316,shared_paper
3103,3316,shared_paper
3104,3316,shared_paper
3105,3316,shared_paper
3106,3316,shared_paper
3107,3316,shared_paper
3108,3316,shared_paper
3109,3316,shared_paper
3110,3316,shared_paper
3111,3316,shared_paper
3112,3316,shared_paper
3113,3316,shared_paper
3114,3316,shared_paper
3115,3316,shared_paper
3116,3316,shared_paper
3117,3316,shared_paper
3118,3316,shared_paper
3119,3316,shared_paper
3120,3316,shared_paper
3121,3316,shared_paper
3122,3316,shared_paper
3123,3316,shared_paper
3124,3316,shared_paper
3125,3316,shared_paper
3126,3316,shared_paper
3127,3316,shared_paper
3128,3316,shared_paper
3129,3316,shared_paper
3130,3316,shared_paper
3131,3316,shared_paper
3132,3316,shared_paper
3133,3316,shared_paper
3134,3316,shared_paper
3135,3316,shared_paper
3136,3316,shared_paper
3087,3317,shared_paper
3088,3317,shared_paper
3089,3317,shared_paper
3090,3317,shared_paper
3091,3317,shared_paper
3092,3317,shared_paper
3093,3317,shared_paper
3094,3317,shared_paper
3095,3317,shared_paper
3096,3317,shared_paper
3097,3317,shared_paper
3098,3317,shared_paper
3099,3317,shared_paper
3100,3317,shared_paper
3101,3317,shared_paper
3102,3317,shared_paper
3103,3317,shared_paper
3104,3317,shared_paper
3105,3317,shared_paper
3106,3317,shared_paper
3107,3317,shared_paper
3108,3317,shared_paper
3109,3317,shared_paper
3110,3317,shared_paper
3111,3317,shared_paper
3112,3317,shared_paper
3113,3317,shared_paper
3114,3317,shared_paper
3115,3317,shared_paper
3116,3317,shared_paper
3117,3317,shared_paper
3118,3317,shared_paper
3119,3317,shared_paper
3120,3317,shared_paper
3121,3317,shared_paper
3122,3317,shared_paper
3123,3317,shared_paper
3124,3317,shared_paper
3125,3317,shared_paper
3126,3317,shared_paper
3127,3317,shared_paper
3128,3317,shared_paper
3129,3317,shared_paper
3130,3317,shared_paper
3131,3317,shared_paper
3132,3317,shared_paper
3133,3317,shared_paper
3134,3317,shared_paper
3135,3317,shared_paper
3136,3317,shared_paper
3137,3318,shared_paper
3138,3318,shared_paper
3139,3318,shared_paper
3140,3318,shared_paper
3141,3318,shared_paper
3142,3318,shared_paper
3143,3318,shared_paper
3144,3318,shared_paper
3145,3318,shared_paper
3146,3318,shared_paper
3147,3318,shared_paper
3148,3318,shared_paper
3149,3318,shared_paper
3150,3318,shared_paper
3151,3318,shared_paper
3152,3318,shared_paper
3153,3318,shared_paper
3154,3318,shared_paper
3155,3318,shared_paper
3156,3318,shared_paper
3157,3318,shared_paper
3158,3318,shared_paper
3159,3318,shared_paper
3160,3318,shared_paper
3161,3318,shared_paper
3162,3318,shared_paper
3163,3318,shared_paper
3164,3318,shared_paper
3165,3318,shared_paper
3166,3318,shared_paper
3167,3318,shared_paper
3168,3318,shared_paper
3169,3318,shared_paper
3170,3318,shared_paper
3171,3318,shared_paper
3172,3318,shared_paper
3173,3318,shared_paper
3174,3318,shared_paper
3175,3318,shared_paper
3176,3318,shared_paper
3177,3318,shared_paper
3178,3318,shared_paper
3179,3318,shared_paper
3180,3318,shared_paper
3181,3318,shared_paper
3182,3318,shared_paper
3183,3318,shared_paper
3184,3318,shared_paper
3185,3318,shared_paper
3186,3318,shared_paper
3187,3318,shared_paper
3137,3319,shared_paper
3138,3319,shared_paper
3139,3319,shared_paper
3140,3319,shared_paper
3141,3319,shared_paper
3142,3319,shared_paper
3143,3319,shared_paper
3144,3319,shared_paper
3145,3319,shared_paper
3146,3319,shared_paper
3147,3319,shared_paper
3148,3319,shared_paper
3149,3319,shared_paper
3150,3319,shared_paper
3151,3319,shared_paper
3152,3319,shared_paper
3153,3319,shared_paper
3154,3319,shared_paper
3155,3319,shared_paper
3156,3319,shared_paper
3157,3319,shared_paper
3158,3319,shared_paper
3159,3319,shared_paper
3160,3319,shared_paper
3161,3319,shared_paper
3162,3319,shared_paper
3163,3319,shared_paper
3164,3319,shared_paper
3165,3319,shared_paper
3166,3319,shared_paper
3167,3319,shared_paper
3168,3319,shared_paper
3169,3319,shared_paper
3170,3319,shared_paper
3171,3319,shared_paper
3172,3319,shared_paper
3173,3319,shared_paper
3174,3319,shared_paper
3175,3319,shared_paper
3176,3319,shared_paper
3177,3319,shared_paper
3178,3319,shared_paper
3179,3319,shared_paper
3180,3319,shared_paper
3181,3319,shared_paper
3182,3319,shared_paper
3183,3319,shared_paper
3184,3319,shared_paper
3185,3319,shared_paper
3186,3319,shared_paper
3187,3319,shared_paper
3188,3320,shared_paper
3189,3320,shared_paper
3190,3320,shared_paper
3191,3320,shared_paper
3192,3320,shared_paper
3193,3320,shared_paper
3194,3320,shared_paper
3195,3320,shared_paper
3196,3320,shared_paper
3197,3320,shared_paper
3198,3320,shared_paper
3199,3320,shared_paper
3200,3320,shared_paper
3201,3320,shared_paper
3202,3320,shared_paper
3203,3320,shared_paper
3204,3320,shared_paper
3205,3320,shared_paper
3206,3320,shared_paper
3207,3320,shared_paper
3208,3320,shared_paper
3209,3320,shared_paper
3210,3320,shared_paper
3211,3320,shared_paper
3212,3320,shared_paper
3213,3320,shared_paper
3214,3320,shared_paper
3215,3320,shared_paper
3216,3320,shared_paper
3217,3320,shared_paper
3218,3320,shared_paper
3219,3320,shared_paper
3220,3320,shared_paper
3221,3320,shared_paper
3222,3320,shared_paper
3223,3320,shared_paper
3224,3320,shared_paper
3225,3320,shared_paper
3226,3320,shared_paper
3227,3320,shared_paper
3228,3320,shared_paper
3229,3320,shared_paper
3230,3320,shared_paper
3231,3320,shared_paper
3232,3320,shared_paper
3233,3320,shared_paper
3234,3320,shared_paper
3235,3320,shared_paper
3236,3320,shared_paper
3237,3320,shared_paper
3188,3321,shared_paper
3189,3321,shared_paper
3190,3321,shared_paper
3191,3321,shared_paper
3192,3321,shared_paper
3193,3321,shared_paper
3194,3321,shared_paper
3195,3321,shared_paper
3196,3321,shared_paper
3197,3321,shared_paper
3198,3321,shared_paper
3199,3321,shared_paper
3200,3321,shared_paper
3201,3321,shared_paper
3202,3321,shared_paper
3203,3321,shared_paper
3204,3321,shared_paper
3205,3321,shared_paper
3206,3321,shared_paper
3207,3321,shared_paper
3208,3321,shared_paper
3209,3321,shared_paper
3210,3321,shared_paper
3211,3321,shared_paper
3212,3321,shared_paper
3213,3321,shared_paper
3214,3321,shared_paper
3215,3321,shared_paper
3216,3321,shared_paper
3217,3321,shared_paper
3218,3321,shared_paper
3219,3321,shared_paper
3220,3321,shared_paper
3221,3321,shared_paper
3222,3321,shared_paper
3223,3321,shared_paper
3224,3321,shared_paper
3225,3321,shared_paper
3226,3321,shared_paper
3227,3321,shared_paper
3228,3321,shared_paper
3229,3321,shared_paper
3230,3321,shared_paper
3231,3321,shared_paper
3232,3321,shared_paper
3233,3321,shared_paper
3234,3321,shared_paper
3235,3321,shared_paper
3236,3321,shared_paper
3237,3321,shared_paper
3238,3322,shared_paper
3239,3322,shared_paper
3240,3322,shared_paper
3241,3322,shared_paper
3242,3322,shared_paper
3243,3322,shared_paper
3244,3322,shared_paper
3245,3322,shared_paper
3246,3322,shared_paper
3247,3322,shared_paper
3248,3322,shared_paper
3249,3322,shared_paper
3250,3322,shared_paper
3251,3322,shared_paper
3252,3322,shared_paper
3253,3322,shared_paper
3254,3322,shared_paper
3255,3322,shared_paper
3256,3322,shared_paper
3257,3322,shared_paper
3258,3322,shared_paper
3259,3322,shared_paper
3260,3322,shared_paper
3261,3322,shared_paper
3262,3322,shared_paper
3263,3322,shared_paper
3264,3322,shared_paper
3265,3322,shared_paper
3266,3322,shared_paper
3267,3322,shared_paper
3268,3322,shared_paper
3269,3322,shared_paper
3270,3322,shared_paper
3271,3322,shared_paper
3272,3322,shared_paper
3273,3322,shared_paper
3274,3322,shared_paper
3275,3322,shared_paper
3276,3322,shared_paper
3277,3322,shared_paper
3278,3322,shared_paper
3279,3322,shared_paper
3280,3322,shared_paper
3281,3322,shared_paper
3282,3322,shared_paper
3283,3322,shared_paper
3284,3322,shared_paper
3285,3322,shared_paper
3286,3322,shared_paper
3238,3323,shared_paper
3239,3323,shared_paper
3240,3323,shared_paper
3241,3323,shared_paper
3242,3323,shared_paper
3243,3323,shared_paper
3244,3323,shared_paper
3245,3323,shared_paper
3246,3323,shared_paper
3247,3323,shared_paper
3248,3323,shared_paper
3249,3323,shared_paper
3250,3323,shared_paper
3251,3323,shared_paper
3252,3323,shared_paper
3253,3323,shared_paper
3254,3323,shared_paper
3255,3323,shared_paper
3256,3323,shared_paper
3257,3323,shared_paper
3258,3323,shared_paper
3259,3323,shared_paper
3260,3323,shared_paper
3261,3323,shared_paper
3262,3323,shared_paper
3263,3323,shared_paper
3264,3323,shared_paper
3265,3323,shared_paper
3266,3323,shared_paper
3267,3323,shared_paper
3268,3323,shared_paper
3269,3323,shared_paper
3270,3323,shared_paper
3271,3323,shared_paper
3272,3323,shared_paper
3273,3323,shared_paper
3274,3323,shared_paper
3275,3323,shared_paper
3276,3323,shared_paper
3277,3323,shared_paper
3278,3323,shared_paper
3279,3323,shared_paper
3280,3323,shared_paper
3281,3323,shared_paper
3282,3323,shared_paper
3283,3323,shared_paper
3284,3323,shared_paper
3285,3323,shared_paper
3286,3323,shared_paper
3287,3324,shared_paper
3288,3324,shared_paper
3289,3324,shared_paper
3290,3324,shared_paper
3291,3324,shared_paper
3292,3324,shared_paper
3293,3324,shared_paper
3294,3324,shared_paper
3295,3324,shared_paper
3296,3324,shared_paper
3297,3324,shared_paper
3298,3324,shared_paper
3299,3324,shared_paper
3300,3324,shared_paper
3301,3324,shared_paper
3302,3324,shared_paper
3303,3324,shared_paper
3304,3324,shared_paper
3305,3324,shared_paper
3306,3324,shared_paper
3307,3324,shared_paper
3308,3324,shared_paper
3309,3324,shared_paper
3310,3324,shared_paper
3311,3324,shared_paper
3312,3324,shared_paper
3313,3324,shared_paper
3314,3324,shared_paper
3315,3324,shared_paper
3316,3324,shared_paper
3317,3324,shared_paper
3318,3324,shared_paper
3319,3324,shared_paper
3320,3324,shared_paper
3321,3324,shared_paper
3322,3324,shared_paper
3323,3324,shared_paper
3324,3324,shared_paper
3325,3324,shared_paper
3326,3324,shared_paper
3327,3324,shared_paper
3328,3324,shared_paper
3329,3324,shared_paper
3330,3324,shared_paper
3331,3324,shared_paper
3332,3324,shared_paper
3333,3324,shared_paper
3334,3324,shared_paper
3335,3324,shared_paper
3336,3324,shared_paper
3337,3324,shared_paper
3338,3324,shared_paper
3339,3324,shared_paper
3287,3325,shared_paper
3288,3325,shared_paper
3289,3325,shared_paper
3290,3325,shared_paper
3291,3325,shared_paper
3292,3325,shared_paper
3293,3325,shared_paper
3294,3325,shared_paper
3295,3325,shared_paper
3296,3325,shared_paper
3297,3325,shared_paper
3298,3325,shared_paper
3299,3325,shared_paper
3300,3325,shared_paper
3301,3325,shared_paper
3302,3325,shared_paper
3303,3325,shared_paper
3304,3325,shared_paper
3305,3325,shared_paper
3306,3325,shared_paper
3307,3325,shared_paper
3308,3325,shared_paper
3309,3325,shared_paper
3310,3325,shared_paper
3311,3325,shared_paper
3312,3325,shared_paper
3313,3325,shared_paper
3314,3325,shared_paper
3315,3325,shared_paper
3316,3325,shared_paper
3317,3325,shared_paper
3318,3325,shared_paper
3319,3325,shared_paper
3320,3325,shared_paper
3321,3325,shared_paper
3322,3325,shared_paper
3323,3325,shared_paper
3324,3325,shared_paper
3325,3325,shared_paper
3326,3325,shared_paper
3327,3325,shared_paper
3328,3325,shared_paper
3329,3325,shared_paper
3330,3325,shared_paper
3331,3325,shared_paper
3332,3325,shared_paper
3333,3325,shared_paper
3334,3325,shared_paper
3335,3325,shared_paper
3336,3325,shared_paper
3337,3325,shared_paper
3338,3325,shared_paper
3339,3325,shared_paper
3340,3326,shared_paper
3341,3326,shared_paper
3342,3326,shared_paper
3343,3326,shared_paper
3344,3326,shared_paper
3345,3326,shared_paper
3346,3326,shared_paper
3347,3326,shared_paper
3348,3326,shared_paper
3349,3326,shared_paper
3350,3326,shared_paper
3351,3326,shared_paper
3352,3326,shared_paper
3353,3326,shared_paper
3354,3326,shared_paper
3355,3326,shared_paper
3356,3326,shared_paper
3357,3326,shared_paper
3358,3326,shared_paper
3359,3326,shared_paper
3360,3326,shared_paper
3361,3326,shared_paper
3362,3326,shared_paper
3363,3326,shared_paper
3364,3326,shared_paper
3365,3326,shared_paper
3366,3326,shared_paper
3367,3326,shared_paper
3368,3326,shared_paper
3369,3326,shared_paper
3370,3326,shared_paper
3371,3326,shared_paper
3372,3326,shared_paper
3373,3326,shared_paper
3374,3326,shared_paper
3375,3326,shared_paper
3376,3326,shared_paper
3377,3326,shared_paper
3378,3326,shared_paper
3379,3326,shared_paper
3380,3326,shared_paper
3381,3326,shared_paper
3382,3326,shared_paper
3383,3326,shared_paper
3384,3326,shared_paper
3385,3326,shared_paper
3386,3326,shared_paper
3387,3326,shared_paper
3388,3326,shared_paper
3389,3326,shared_paper
3390,3326,shared_paper
3340,3327,shared_paper
3341,3327,shared_paper
3342,3327,shared_paper
3343,3327,shared_paper
3344,3327,shared_paper
3345,3327,shared_paper
3346,3327,shared_paper
3347,3327,shared_paper
3348,3327,shared_paper
3349,3327,shared_paper
3350,3327,shared_paper
3351,3327,shared_paper
3352,3327,shared_paper
3353,3327,shared_paper
3354,3327,shared_paper
3355,3327,shared_paper
3356,3327,shared_paper
3357,3327,shared_paper
3358,3327,shared_paper
3359,3327,shared_paper
3360,3327,shared_paper
3361,3327,shared_paper
3362,3327,shared_paper
3363,3327,shared_paper
3364,3327,shared_paper
3365,3327,shared_paper
3366,3327,shared_paper
3367,3327,shared_paper
3368,3327,shared_paper
3369,3327,shared_paper
3370,3327,shared_paper
3371,3327,shared_paper
3372,3327,shared_paper
3373,3327,shared_paper
3374,3327,shared_paper
3375,3327,shared_paper
3376,3327,shared_paper
3377,3327,shared_paper
3378,3327,shared_paper
3379,3327,shared_paper
3380,3327,shared_paper
3381,3327,shared_paper
3382,3327,shared_paper
3383,3327,shared_paper
3384,3327,shared_paper
3385,3327,shared_paper
3386,3327,shared_paper
3387,3327,shared_paper
3388,3327,shared_paper
3389,3327,shared_paper
3390,3327,shared_paper
3391,3328,shared_paper
3392,3328,shared_paper
3393,3328,shared_paper
3394,3328,shared_paper
3395,3328,shared_paper
3396,3328,shared_paper
3397,3328,shared_paper
3398,3328,shared_paper
3399,3328,shared_paper
3400,3328,shared_paper
3401,3328,shared_paper
3402,3328,shared_paper
3403,3328,shared_paper
3404,3328,shared_paper
3405,3328,shared_paper
3406,3328,shared_paper
3407,3328,shared_paper
3408,3328,shared_paper
3409,3328,shared_paper
3410,3328,shared_paper
3411,3328,shared_paper
3412,3328,shared_paper
3413,3328,shared_paper
3414,3328,shared_paper
3415,3328,shared_paper
3416,3328,shared_paper
3417,3328,shared_paper
3418,3328,shared_paper
3419,3328,shared_paper
3420,3328,shared_paper
3421,3328,shared_paper
3422,3328,shared_paper
3423,3328,shared_paper
3424,3328,shared_paper
3425,3328,shared_paper
3426,3328,shared_paper
3427,3328,shared_paper
3428,3328,shared_paper
3429,3328,shared_paper
3430,3328,shared_paper
3431,3328,shared_paper
3432,3328,shared_paper
3433,3328,shared_paper
3434,3328,shared_paper
3435,3328,shared_paper
3436,3328,shared_paper
3437,3328,shared_paper
3391,3329,shared_paper
3392,3329,shared_paper
3393,3329,shared_paper
3394,3329,shared_paper
3395,3329,shared_paper
3396,3329,shared_paper
3397,3329,shared_paper
3398,3329,shared_paper
3399,3329,shared_paper
3400,3329,shared_paper
3401,3329,shared_paper
3402,3329,shared_paper
3403,3329,shared_paper
3404,3329,shared_paper
3405,3329,shared_paper
3406,3329,shared_paper
3407,3329,shared_paper
3408,3329,shared_paper
3409,3329,shared_paper
3410,3329,shared_paper
3411,3329,shared_paper
3412,3329,shared_paper
3413,3329,shared_paper
3414,3329,shared_paper
3415,3329,shared_paper
3416,3329,shared_paper
3417,3329,shared_paper
3418,3329,shared_paper
3419,3329,shared_paper
3420,3329,shared_paper
3421,3329,shared_paper
3422,3329,shared_paper
3423,3329,shared_paper
3424,3329,shared_paper
3425,3329,shared_paper
3426,3329,shared_paper
3427,3329,shared_paper
3428,3329,shared_paper
3429,3329,shared_paper
3430,3329,shared_paper
3431,3329,shared_paper
3432,3329,shared_paper
3433,3329,shared_paper
3434,3329,shared_paper
3435,3329,shared_paper
3436,3329,shared_paper
3437,3329,shared_paper
3438,3330,shared_paper
3439,3330,shared_paper
3440,3330,shared_paper
3441,3330,shared_paper
3442,3330,shared_paper
3443,3330,shared_paper
3444,3330,shared_paper
3445,3330,shared_paper
3446,3330,shared_paper
3447,3330,shared_paper
3448,3330,shared_paper
3449,3330,shared_paper
3450,3330,shared_paper
3451,3330,shared_paper
3452,3330,shared_paper
3453,3330,shared_paper
3454,3330,shared_paper
3455,3330,shared_paper
3456,3330,shared_paper
3457,3330,shared_paper
3458,3330,shared_paper
3459,3330,shared_paper
3460,3330,shared_paper
3461,3330,shared_paper
3462,3330,shared_paper
3463,3330,shared_paper
3464,3330,shared_paper
3465,3330,shared_paper
3466,3330,shared_paper
3467,3330,shared_paper
3468,3330,shared_paper
3469,3330,shared_paper
3470,3330,shared_paper
3471,3330,shared_paper
3472,3330,shared_paper
3473,3330,shared_paper
3474,3330,shared_paper
3475,3330,shared_paper
3476,3330,shared_paper
3477,3330,shared_paper
3478,3330,shared_paper
3479,3330,shared_paper
3438,3331,shared_paper
3439,3331,shared_paper
3440,3331,shared_paper
3441,3331,shared_paper
3442,3331,shared_paper
3443,3331,shared_paper
3444,3331,shared_paper
3445,3331,shared_paper
3446,3331,shared_paper
3447,3331,shared_paper
3448,3331,shared_paper
3449,3331,shared_paper
3450,3331,shared_paper
3451,3331,shared_paper
3452,3331,shared_paper
3453,3331,shared_paper
3454,3331,shared_paper
3455,3331,shared_paper
3456,3331,shared_paper
3457,3331,shared_paper
3458,3331,shared_paper
3459,3331,shared_paper
3460,3331,shared_paper
3461,3331,shared_paper
3462,3331,shared_paper
3463,3331,shared_paper
3464,3331,shared_paper
3465,3331,shared_paper
3466,3331,shared_paper
3467,3331,shared_paper
3468,3331,shared_paper
3469,3331,shared_paper
3470,3331,shared_paper
3471,3331,shared_paper
3472,3331,shared_paper
3473,3331,shared_paper
3474,3331,shared_paper
3475,3331,shared_paper
3476,3331,shared_paper
3477,3331,shared_paper
3478,3331,shared_paper
3479,3331,shared_paper
3480,3332,shared_paper
3481,3332,shared_paper
3482,3332,shared_paper
3483,3332,shared_paper
3484,3332,shared_paper
3485,3332,shared_paper
3486,3332,shared_paper
3487,3332,shared_paper
3488,3332,shared_paper
3489,3332,shared_paper
3490,3332,shared_paper
3491,3332,shared_paper
3492,3332,shared_paper
3493,3332,shared_paper
3494,3332,shared_paper
3495,3332,shared_paper
3496,3332,shared_paper
3497,3332,shared_paper
3498,3332,shared_paper
3499,3332,shared_paper
3500,3332,shared_paper
3501,3332,shared_paper
3502,3332,shared_paper
3503,3332,shared_paper
3504,3332,shared_paper
3505,3332,shared_paper
3506,3332,shared_paper
3507,3332,shared_paper
3508,3332,shared_paper
3509,3332,shared_paper
3510,3332,shared_paper
3511,3332,shared_paper
3512,3332,shared_paper
3513,3332,shared_paper
3514,3332,shared_paper
3515,3332,shared_paper
3516,3332,shared_paper
3517,3332,shared_paper
3480,3333,shared_paper
3481,3333,shared_paper
3482,3333,shared_paper
3483,3333,shared_paper
3484,3333,shared_paper
3485,3333,shared_paper
3486,3333,shared_paper
3487,3333,shared_paper
3488,3333,shared_paper
3489,3333,shared_paper
3490,3333,shared_paper
3491,3333,shared_paper
3492,3333,shared_paper
3493,3333,shared_paper
3494,3333,shared_paper
3495,3333,shared_paper
3496,3333,shared_paper
3497,3333,shared_paper
3498,3333,shared_paper
3499,3333,shared_paper
3500,3333,shared_paper
3501,3333,shared_paper
3502,3333,shared_paper
3503,3333,shared_paper
3504,3333,shared_paper
3505,3333,shared_paper
3506,3333,shared_paper
3507,3333,shared_paper
3508,3333,shared_paper
3509,3333,shared_paper
3510,3333,shared_paper
3511,3333,shared_paper
3512,3333,shared_paper
3513,3333,shared_paper
3514,3333,shared_paper
3515,3333,shared_paper
3516,3333,shared_paper
3517,3333,shared_paper
3518,3334,shared_paper
3519,3334,shared_paper
3520,3334,shared_paper
3521,3334,shared_paper
3522,3334,shared_paper
3523,3334,shared_paper
3524,3334,shared_paper
3525,3334,shared_paper
3526,3334,shared_paper
3527,3334,shared_paper
3528,3334,shared_paper
3529,3334,shared_paper
3530,3334,shared_paper
3531,3334,shared_paper
3532,3334,shared_paper
3533,3334,shared_paper
3534,3334,shared_paper
3535,3334,shared_paper
3536,3334,shared_paper
3537,3334,shared_paper
3538,3334,shared_paper
3539,3334,shared_paper
3540,3334,shared_paper
3541,3334,shared_paper
3542,3334,shared_paper
3543,3334,shared_paper
3544,3334,shared_paper
3545,3334,shared_paper
3546,3334,shared_paper
3547,3334,shared_paper
3548,3334,shared_paper
3549,3334,shared_paper
3550,3334,shared_paper
3551,3334,shared_paper
3552,3334,shared_paper
3553,3334,shared_paper
3554,3334,shared_paper
3555,3334,shared_paper
3556,3334,shared_paper
3557,3334,shared_paper
3518,3335,shared_paper
3519,3335,shared_paper
3520,3335,shared_paper
3521,3335,shared_paper
3522,3335,shared_paper
3523,3335,shared_paper
3524,3335,shared_paper
3525,3335,shared_paper
3526,3335,shared_paper
3527,3335,shared_paper
3528,3335,shared_paper
3529,3335,shared_paper
3530,3335,shared_paper
3531,3335,shared_paper
3532,3335,shared_paper
3533,3335,shared_paper
3534,3335,shared_paper
3535,3335,shared_paper
3536,3335,shared_paper
3537,3335,shared_paper
3538,3335,shared_paper
3539,3335,shared_paper
3540,3335,shared_paper
3541,3335,shared_paper
3542,3335,shared_paper
3543,3335,shared_paper
3544,3335,shared_paper
3545,3335,shared_paper
3546,3335,shared_paper
3547,3335,shared_paper
3548,3335,shared_paper
3549,3335,shared_paper
3550,3335,shared_paper
3551,3335,shared_paper
3552,3335,shared_paper
3553,3335,shared_paper
3554,3335,shared_paper
3555,3335,shared_paper
3556,3335,shared_paper
3557,3335,shared_paper
3558,3336,shared_paper
3559,3336,shared_paper
3560,3336,shared_paper
3561,3336,shared_paper
3562,3336,shared_paper
3563,3336,shared_paper
3564,3336,shared_paper
3565,3336,shared_paper
3566,3336,shared_paper
3567,3336,shared_paper
3568,3336,shared_paper
3569,3336,shared_paper
3570,3336,shared_paper
3571,3336,shared_paper
3572,3336,shared_paper
3573,3336,shared_paper
3574,3336,shared_paper
3575,3336,shared_paper
3576,3336,shared_paper
3577,3336,shared_paper
3578,3336,shared_paper
3579,3336,shared_paper
3580,3336,shared_paper
3581,3336,shared_paper
3582,3336,shared_paper
3583,3336,shared_paper
3584,3336,shared_paper
3585,3336,shared_paper
3586,3336,shared_paper
3587,3336,shared_paper
3588,3336,shared_paper
3589,3336,shared_paper
3590,3336,shared_paper
3591,3336,shared_paper
3592,3336,shared_paper
3593,3336,shared_paper
3594,3336,shared_paper
3595,3336,shared_paper
3596,3336,shared_paper
3597,3336,shared_paper
3558,3337,shared_paper
3559,3337,shared_paper
3560,3337,shared_paper
3561,3337,shared_paper
3562,3337,shared_paper
3563,3337,shared_paper
3564,3337,shared_paper
3565,3337,shared_paper
3566,3337,shared_paper
3567,3337,shared_paper
3568,3337,shared_paper
3569,3337,shared_paper
3570,3337,shared_paper
3571,3337,shared_paper
3572,3337,shared_paper
3573,3337,shared_paper
3574,3337,shared_paper
3575,3337,shared_paper
3576,3337,shared_paper
3577,3337,shared_paper
3578,3337,shared_paper
3579,3337,shared_paper
3580,3337,shared_paper
3581,3337,shared_paper
3582,3337,shared_paper
3583,3337,shared_paper
3584,3337,shared_paper
3585,3337,shared_paper
3586,3337,shared_paper
3587,3337,shared_paper
3588,3337,shared_paper
3589,3337,shared_paper
3590,3337,shared_paper
3591,3337,shared_paper
3592,3337,shared_paper
3593,3337,shared_paper
3594,3337,shared_paper
3595,3337,shared_paper
3596,3337,shared_paper
3597,3337,shared_paper
3598,3338,shared_paper
3599,3338,shared_paper
3600,3338,shared_paper
3601,3338,shared_paper
3602,3338,shared_paper
3603,3338,shared_paper
3604,3338,shared_paper
3605,3338,shared_paper
3606,3338,shared_paper
3607,3338,shared_paper
3608,3338,shared_paper
3609,3338,shared_paper
3610,3338,shared_paper
3611,3338,shared_paper
3612,3338,shared_paper
3613,3338,shared_paper
3614,3338,shared_paper
3615,3338,shared_paper
3616,3338,shared_paper
3617,3338,shared_paper
3618,3338,shared_paper
3619,3338,shared_paper
3620,3338,shared_paper
3621,3338,shared_paper
3622,3338,shared_paper
3623,3338,shared_paper
3624,3338,shared_paper
3625,3338,shared_paper
3626,3338,shared_paper
3627,3338,shared_paper
3628,3338,shared_paper
3629,3338,shared_paper
3630,3338,shared_paper
3631,3338,shared_paper
3632,3338,shared_paper
3633,3338,shared_paper
3634,3338,shared_paper
3635,3338,shared_paper
3636,3338,shared_paper
3637,3338,shared_paper
3598,3339,shared_paper
3599,3339,shared_paper
3600,3339,shared_paper
3601,3339,shared_paper
3602,3339,shared_paper
3603,3339,shared_paper
3604,3339,shared_paper
3605,3339,shared_paper
3606,3339,shared_paper
3607,3339,shared_paper
3608,3339,shared_paper
3609,3339,shared_paper
3610,3339,shared_paper
3611,3339,shared_paper
3612,3339,shared_paper
3613,3339,shared_paper
3614,3339,shared_paper
3615,3339,shared_paper
3616,3339,shared_paper
3617,3339,shared_paper
3618,3339,shared_paper
3619,3339,shared_paper
3620,3339,shared_paper
3621,3339,shared_paper
3622,3339,shared_paper
3623,3339,shared_paper
3624,3339,shared_paper
3625,3339,shared_paper
3626,3339,shared_paper
3627,3339,shared_paper
3628,3339,shared_paper
3629,3339,shared_paper
3630,3339,shared_paper
3631,3339,shared_paper
3632,3339,shared_paper
3633,3339,shared_paper
3634,3339,shared_paper
3635,3339,shared_paper
3636,3339,shared_paper
3637,3339,shared_paper
3638,3340,shared_paper
3639,3340,shared_paper
3640,3340,shared_paper
3641,3340,shared_paper
3642,3340,shared_paper
3643,3340,shared_paper
3644,3340,shared_paper
3645,3340,shared_paper
3646,3340,shared_paper
3647,3340,shared_paper
3648,3340,shared_paper
3649,3340,shared_paper
3650,3340,shared_paper
3651,3340,shared_paper
3652,3340,shared_paper
3653,3340,shared_paper
3654,3340,shared_paper
3655,3340,shared_paper
3656,3340,shared_paper
3657,3340,shared_paper
3658,3340,shared_paper
3659,3340,shared_paper
3660,3340,shared_paper
3661,3340,shared_paper
3662,3340,shared_paper
3663,3340,shared_paper
3664,3340,shared_paper
3665,3340,shared_paper
3666,3340,shared_paper
3667,3340,shared_paper
3668,3340,shared_paper
3669,3340,shared_paper
3670,3340,shared_paper
3671,3340,shared_paper
3672,3340,shared_paper
3673,3340,shared_paper
3674,3340,shared_paper
3675,3340,shared_paper
3676,3340,shared_paper
3677,3340,shared_paper
3678,3340,shared_paper
3679,3340,shared_paper
3638,3341,shared_paper
3639,3341,shared_paper
3640,3341,shared_paper
3641,3341,shared_paper
3642,3341,shared_paper
3643,3341,shared_paper
3644,3341,shared_paper
3645,3341,shared_paper
3646,3341,shared_paper
3647,3341,shared_paper
3648,3341,shared_paper
3649,3341,shared_paper
3650,3341,shared_paper
3651,3341,shared_paper
3652,3341,shared_paper
3653,3341,shared_paper
3654,3341,shared_paper
3655,3341,shared_paper
3656,3341,shared_paper
3657,3341,shared_paper
3658,3341,shared_paper
3659,3341,shared_paper
3660,3341,shared_paper
3661,3341,shared_paper
3662,3341,shared_paper
3663,3341,shared_paper
3664,3341,shared_paper
3665,3341,shared_paper
3666,3341,shared_paper
3667,3341,shared_paper
3668,3341,shared_paper
3669,3341,shared_paper
3670,3341,shared_paper
3671,3341,shared_paper
3672,3341,shared_paper
3673,3341,shared_paper
3674,3341,shared_paper
3675,3341,shared_paper
3676,3341,shared_paper
3677,3341,shared_paper
3678,3341,shared_paper
3679,3341,shared_paper
3680,3344,shared_paper
3681,3344,shared_paper
3682,3344,shared_paper
3683,3344,shared_paper
3684,3344,shared_paper
3685,3344,shared_paper
3686,3344,shared_paper
3687,3344,shared_paper
3688,3344,shared_paper
3689,3344,shared_paper
3680,3345,shared_paper
3681,3345,shared_paper
3682,3345,shared_paper
3683,3345,shared_paper
3684,3345,shared_paper
3685,3345,shared_paper
3686,3345,shared_paper
3687,3345,shared_paper
3688,3345,shared_paper
3689,3345,shared_paper
3690,3346,shared_paper
3691,3346,shared_paper
3692,3346,shared_paper
3693,3346,shared_paper
3694,3346,shared_paper
3695,3346,shared_paper
3696,3346,shared_paper
3697,3346,shared_paper
3698,3346,shared_paper
3699,3346,shared_paper
3690,3347,shared_paper
3691,3347,shared_paper
3692,3347,shared_paper
3693,3347,shared_paper
3694,3347,shared_paper
3695,3347,shared_paper
3696,3347,shared_paper
3697,3347,shared_paper
3698,3347,shared_paper
3699,3347,shared_paper
3700,3348,shared_paper
3701,3348,shared_paper
3702,3348,shared_paper
3703,3348,shared_paper
3704,3348,shared_paper
3705,3348,shared_paper
3706,3348,shared_paper
3707,3348,shared_paper
3708,3348,shared_paper
3709,3348,shared_paper
3700,3349,shared_paper
3701,3349,shared_paper
3702,3349,shared_paper
3703,3349,shared_paper
3704,3349,shared_paper
3705,3349,shared_paper
3706,3349,shared_paper
3707,3349,shared_paper
3708,3349,shared_paper
3709,3349,shared_paper
3710,3350,shared_paper
3711,3350,shared_paper
3712,3350,shared_paper
3713,3350,shared_paper
3714,3350,shared_paper
3715,3350,shared_paper
3716,3350,shared_paper
3717,3350,shared_paper
3718,3350,shared_paper
3719,3350,shared_paper
3710,3351,shared_paper
3711,3351,shared_paper
3712,3351,shared_paper
3713,3351,shared_paper
3714,3351,shared_paper
3715,3351,shared_paper
3716,3351,shared_paper
3717,3351,shared_paper
3718,3351,shared_paper
3719,3351,shared_paper
3720,3352,shared_paper
3721,3352,shared_paper
3722,3352,shared_paper
3723,3352,shared_paper
3724,3352,shared_paper
3725,3352,shared_paper
3726,3352,shared_paper
3727,3352,shared_paper
3728,3352,shared_paper
3729,3352,shared_paper
3720,3353,shared_paper
3721,3353,shared_paper
3722,3353,shared_paper
3723,3353,shared_paper
3724,3353,shared_paper
3725,3353,shared_paper
3726,3353,shared_paper
3727,3353,shared_paper
3728,3353,shared_paper
3729,3353,shared_paper
3730,3354,shared_paper
3731,3354,shared_paper
3732,3354,shared_paper
3733,3354,shared_paper
3734,3354,shared_paper
3735,3354,shared_paper
3736,3354,shared_paper
3737,3354,shared_paper
3738,3354,shared_paper
3739,3354,shared_paper
3730,3355,shared_paper
3731,3355,shared_paper
3732,3355,shared_paper
3733,3355,shared_paper
3734,3355,shared_paper
3735,3355,shared_paper
3736,3355,shared_paper
3737,3355,shared_paper
3738,3355,shared_paper
3739,3355,shared_paper
3740,3356,shared_paper
3741,3356,shared_paper
3742,3356,shared_paper
3743,3356,shared_paper
3744,3356,shared_paper
3745,3356,shared_paper
3746,3356,shared_paper
3747,3356,shared_paper
3748,3356,shared_paper
3749,3356,shared_paper
3740,3357,shared_paper
3741,3357,shared_paper
3742,3357,shared_paper
3743,3357,shared_paper
3744,3357,shared_paper
3745,3357,shared_paper
3746,3357,shared_paper
3747,3357,shared_paper
3748,3357,shared_paper
3749,3357,shared_paper
3750,3358,shared_paper
3751,3358,shared_paper
3752,3358,shared_paper
3753,3358,shared_paper
3754,3358,shared_paper
3755,3358,shared_paper
3756,3358,shared_paper
3757,3358,shared_paper
3758,3358,shared_paper
3759,3358,shared_paper
3750,3359,shared_paper
3751,3359,shared_paper
3752,3359,shared_paper
3753,3359,shared_paper
3754,3359,shared_paper
3755,3359,shared_paper
3756,3359,shared_paper
3757,3359,shared_paper
3758,3359,shared_paper
3759,3359,shared_paper
3760,3360,shared_paper
3761,3360,shared_paper
3762,3360,shared_paper
3763,3360,shared_paper
3764,3360,shared_paper
3765,3360,shared_paper
3766,3360,shared_paper
3767,3360,shared_paper
3768,3360,shared_paper
3769,3360,shared_paper
3760,3361,shared_paper
3761,3361,shared_paper
3762,3361,shared_paper
3763,3361,shared_paper
3764,3361,shared_paper
3765,3361,shared_paper
3766,3361,shared_paper
3767,3361,shared_paper
3768,3361,shared_paper
3769,3361,shared_paper
3770,3362,shared_paper
3771,3362,shared_paper
3772,3362,shared_paper
3773,3362,shared_paper
3774,3362,shared_paper
3775,3362,shared_paper
3776,3362,shared_paper
3777,3362,shared_paper
3778,3362,shared_paper
3779,3362,shared_paper
3770,3363,shared_paper
3771,3363,shared_paper
3772,3363,shared_paper
3773,3363,shared_paper
3774,3363,shared_paper
3775,3363,shared_paper
3776,3363,shared_paper
3777,3363,shared_paper
3778,3363,shared_paper
3779,3363,shared_paper
3780,3364,shared_paper
3781,3364,shared_paper
3782,3364,shared_paper
3783,3364,shared_paper
3784,3364,shared_paper
3785,3364,shared_paper
3786,3364,shared_paper
3787,3364,shared_paper
3788,3364,shared_paper
3789,3364,shared_paper
3780,3365,shared_paper
3781,3365,shared_paper
3782,3365,shared_paper
3783,3365,shared_paper
3784,3365,shared_paper
3785,3365,shared_paper
3786,3365,shared_paper
3787,3365,shared_paper
3788,3365,shared_paper
3789,3365,shared_paper
3790,3366,shared_paper
3791,3366,shared_paper
3792,3366,shared_paper
3793,3366,shared_paper
3794,3366,shared_paper
3795,3366,shared_paper
3796,3366,shared_paper
3797,3366,shared_paper
3798,3366,shared_paper
3799,3366,shared_paper
3790,3367,shared_paper
3791,3367,shared_paper
3792,3367,shared_paper
3793,3367,shared_paper
3794,3367,shared_paper
3795,3367,shared_paper
3796,3367,shared_paper
3797,3367,shared_paper
3798,3367,shared_paper
3799,3367,shared_paper
3800,3368,shared_paper
3801,3368,shared_paper
3802,3368,shared_paper
3803,3368,shared_paper
3804,3368,shared_paper
3805,3368,shared_paper
3806,3368,shared_paper
3807,3368,shared_paper
3808,3368,shared_paper
3809,3368,shared_paper
3800,3369,shared_paper
3801,3369,shared_paper
3802,3369,shared_paper
3803,3369,shared_paper
3804,3369,shared_paper
3805,3369,shared_paper
3806,3369,shared_paper
3807,3369,shared_paper
3808,3369,shared_paper
3809,3369,shared_paper
3810,3370,shared_paper
3811,3370,shared_paper
3812,3370,shared_paper
3813,3370,shared_paper
3814,3370,shared_paper
3815,3370,shared_paper
3816,3370,shared_paper
3817,3370,shared_paper
3818,3370,shared_paper
3819,3370,shared_paper
3810,3371,shared_paper
3811,3371,shared_paper
3812,3371,shared_paper
3813,3371,shared_paper
3814,3371,shared_paper
3815,3371,shared_paper
3816,3371,shared_paper
3817,3371,shared_paper
3818,3371,shared_paper
3819,3371,shared_paper
3820,3372,shared_paper
3821,3372,shared_paper
3822,3372,shared_paper
3823,3372,shared_paper
3824,3372,shared_paper
3825,3372,shared_paper
3826,3372,shared_paper
3827,3372,shared_paper
3828,3372,shared_paper
3829,3372,shared_paper
3820,3373,shared_paper
3821,3373,shared_paper
3822,3373,shared_paper
3823,3373,shared_paper
3824,3373,shared_paper
3825,3373,shared_paper
3826,3373,shared_paper
3827,3373,shared_paper
3828,3373,shared_paper
3829,3373,shared_paper
3830,3374,shared_paper
3831,3374,shared_paper
3832,3374,shared_paper
3833,3374,shared_paper
3834,3374,shared_paper
3835,3374,shared_paper
3836,3374,shared_paper
3837,3374,shared_paper
3838,3374,shared_paper
3839,3374,shared_paper
3830,3375,shared_paper
3831,3375,shared_paper
3832,3375,shared_paper
3833,3375,shared_paper
3834,3375,shared_paper
3835,3375,shared_paper
3836,3375,shared_paper
3837,3375,shared_paper
3838,3375,shared_paper
3839,3375,shared_paper
3840,3376,shared_paper
3841,3376,shared_paper
3842,3376,shared_paper
3843,3376,shared_paper
3844,3376,shared_paper
3845,3376,shared_paper
3846,3376,shared_paper
3847,3376,shared_paper
3848,3376,shared_paper
3849,3376,shared_paper
3840,3377,shared_paper
3841,3377,shared_paper
3842,3377,shared_paper
3843,3377,shared_paper
3844,3377,shared_paper
3845,3377,shared_paper
3846,3377,shared_paper
3847,3377,shared_paper
3848,3377,shared_paper
3849,3377,shared_paper
3850,3378,shared_paper
3851,3378,shared_paper
3852,3378,shared_paper
3853,3378,shared_paper
3854,3378,shared_paper
3855,3378,shared_paper
3856,3378,shared_paper
3857,3378,shared_paper
3858,3378,shared_paper
3859,3378,shared_paper
3850,3379,shared_paper
3851,3379,shared_paper
3852,3379,shared_paper
3853,3379,shared_paper
3854,3379,shared_paper
3855,3379,shared_paper
3856,3379,shared_paper
3857,3379,shared_paper
3858,3379,shared_paper
3859,3379,shared_paper
3860,3380,shared_paper
3861,3380,shared_paper
3862,3380,shared_paper
3863,3380,shared_paper
3864,3380,shared_paper
3865,3380,shared_paper
3866,3380,shared_paper
3867,3380,shared_paper
3868,3380,shared_paper
3869,3380,shared_paper
3860,3381,shared_paper
3861,3381,shared_paper
3862,3381,shared_paper
3863,3381,shared_paper
3864,3381,shared_paper
3865,3381,shared_paper
3866,3381,shared_paper
3867,3381,shared_paper
3868,3381,shared_paper
3869,3381,shared_paper
3870,3382,shared_paper
3871,3382,shared_paper
3872,3382,shared_paper
3873,3382,shared_paper
3874,3382,shared_paper
3875,3382,shared_paper
3876,3382,shared_paper
3877,3382,shared_paper
3878,3382,shared_paper
3879,3382,shared_paper
3870,3383,shared_paper
3871,3383,shared_paper
3872,3383,shared_paper
3873,3383,shared_paper
3874,3383,shared_paper
3875,3383,shared_paper
3876,3383,shared_paper
3877,3383,shared_paper
3878,3383,shared_paper
3879,3383,shared_paper
3880,3384,shared_paper
3881,3384,shared_paper
3882,3384,shared_paper
3883,3384,shared_paper
3884,3384,shared_paper
3885,3384,shared_paper
3886,3384,shared_paper
3887,3384,shared_paper
3888,3384,shared_paper
3889,3384,shared_paper
3880,3385,shared_paper
3881,3385,shared_paper
3882,3385,shared_paper
3883,3385,shared_paper
3884,3385,shared_paper
3885,3385,shared_paper
3886,3385,shared_paper
3887,3385,shared_paper
3888,3385,shared_paper
3889,3385,shared_paper
3890,3386,shared_paper
3891,3386,shared_paper
3892,3386,shared_paper
3893,3386,shared_paper
3894,3386,shared_paper
3895,3386,shared_paper
3896,3386,shared_paper
3897,3386,shared_paper
3898,3386,shared_paper
3899,3386,shared_paper
3890,3387,shared_paper
3891,3387,shared_paper
3892,3387,shared_paper
3893,3387,shared_paper
3894,3387,shared_paper
3895,3387,shared_paper
3896,3387,shared_paper
3897,3387,shared_paper
3898,3387,shared_paper
3899,3387,shared_paper
3900,3388,shared_paper
3901,3388,shared_paper
3902,3388,shared_paper
3903,3388,shared_paper
3904,3388,shared_paper
3905,3388,shared_paper
3906,3388,shared_paper
3907,3388,shared_paper
3908,3388,shared_paper
3909,3388,shared_paper
3900,3389,shared_paper
3901,3389,shared_paper
3902,3389,shared_paper
3903,3389,shared_paper
3904,3389,shared_paper
3905,3389,shared_paper
3906,3389,shared_paper
3907,3389,shared_paper
3908,3389,shared_paper
3909,3389,shared_paper
3910,3390,shared_paper
3911,3390,shared_paper
3912,3390,shared_paper
3913,3390,shared_paper
3914,3390,shared_paper
3915,3390,shared_paper
3916,3390,shared_paper
3917,3390,shared_paper
3918,3390,shared_paper
3919,3390,shared_paper
3910,3391,shared_paper
3911,3391,shared_paper
3912,3391,shared_paper
3913,3391,shared_paper
3914,3391,shared_paper
3915,3391,shared_paper
3916,3391,shared_paper
3917,3391,shared_paper
3918,3391,shared_paper
3919,3391,shared_paper
3920,3392,shared_paper
3921,3392,shared_paper
3922,3392,shared_paper
3923,3392,shared_paper
3924,3392,shared_paper
3925,3392,shared_paper
3926,3392,shared_paper
3927,3392,shared_paper
3928,3392,shared_paper
3929,3392,shared_paper
3920,3393,shared_paper
3921,3393,shared_paper
3922,3393,shared_paper
3923,3393,shared_paper
3924,3393,shared_paper
3925,3393,shared_paper
3926,3393,shared_paper
3927,3393,shared_paper
3928,3393,shared_paper
3929,3393,shared_paper
3930,3395,shared_paper
3931,3395,shared_paper
3932,3395,shared_paper
3933,3395,shared_paper
3934,3395,shared_paper
3935,3395,shared_paper
3930,3396,shared_paper
3931,3396,shared_paper
3932,3396,shared_paper
3933,3396,shared_paper
3934,3396,shared_paper
3935,3396,shared_paper
3936,3397,shared_paper
3937,3397,shared_paper
3938,3397,shared_paper
3939,3397,shared_paper
3940,3397,shared_paper
3941,3397,shared_paper
3936,3398,shared_paper
3937,3398,shared_paper
3938,3398,shared_paper
3939,3398,shared_paper
3940,3398,shared_paper
3941,3398,shared_paper
3942,3399,shared_paper
3943,3399,shared_paper
3944,3399,shared_paper
3945,3399,shared_paper
3946,3399,shared_paper
3947,3399,shared_paper
3942,3400,shared_paper
3943,3400,shared_paper
3944,3400,shared_paper
3945,3400,shared_paper
3946,3400,shared_paper
3947,3400,shared_paper
3948,3401,shared_paper
3949,3401,shared_paper
3950,3401,shared_paper
3951,3401,shared_paper
3952,3401,shared_paper
3953,3401,shared_paper
3948,3402,shared_paper
3949,3402,shared_paper
3950,3402,shared_paper
3951,3402,shared_paper
3952,3402,shared_paper
3953,3402,shared_paper
3954,3403,shared_paper
3955,3403,shared_paper
3956,3403,shared_paper
3957,3403,shared_paper
3958,3403,shared_paper
3959,3403,shared_paper
3954,3404,shared_paper
3955,3404,shared_paper
3956,3404,shared_paper
3957,3404,shared_paper
3958,3404,shared_paper
3959,3404,shared_paper
3960,3405,shared_paper
3961,3405,shared_paper
3962,3405,shared_paper
3963,3405,shared_paper
3964,3405,shared_paper
3965,3405,shared_paper
3960,3406,shared_paper
3961,3406,shared_paper
3962,3406,shared_paper
3963,3406,shared_paper
3964,3406,shared_paper
3965,3406,shared_paper
3966,3407,shared_paper
3967,3407,shared_paper
3968,3407,shared_paper
3969,3407,shared_paper
3970,3407,shared_paper
3971,3407,shared_paper
3966,3408,shared_paper
3967,3408,shared_paper
3968,3408,shared_paper
3969,3408,shared_paper
3970,3408,shared_paper
3971,3408,shared_paper
3972,3409,shared_paper
3973,3409,shared_paper
3974,3409,shared_paper
3975,3409,shared_paper
3976,3409,shared_paper
3977,3409,shared_paper
3972,3410,shared_paper
3973,3410,shared_paper
3974,3410,shared_paper
3975,3410,shared_paper
3976,3410,shared_paper
3977,3410,shared_paper
3978,3411,shared_paper
3979,3411,shared_paper
3980,3411,shared_paper
3981,3411,shared_paper
3982,3411,shared_paper
3983,3411,shared_paper
3978,3412,shared_paper
3979,3412,shared_paper
3980,3412,shared_paper
3981,3412,shared_paper
3982,3412,shared_paper
3983,3412,shared_paper
3984,3413,shared_paper
3985,3413,shared_paper
3986,3413,shared_paper
3987,3413,shared_paper
3988,3413,shared_paper
3989,3413,shared_paper
3984,3414,shared_paper
3985,3414,shared_paper
3986,3414,shared_paper
3987,3414,shared_paper
3988,3414,shared_paper
3989,3414,shared_paper
3990,3415,shared_paper
3991,3415,shared_paper
3992,3415,shared_paper
3993,3415,shared_paper
3994,3415,shared_paper
3995,3415,shared_paper
3990,3416,shared_paper
3991,3416,shared_paper
3992,3416,shared_paper
3993,3416,shared_paper
3994,3416,shared_paper
3995,3416,shared_paper
3996,3417,shared_paper
3997,3418,shared_paper
3998,3419,shared_paper
3999,3420,shared_paper
4000,3421,shared_paper
4001,3422,shared_paper
4002,3424,shared_paper
4003,3425,shared_paper
4004,3426,shared_paper
4005,3427,shared_paper
4006,3428,shared_paper
4007,3429,shared_paper
4008,3430,shared_paper
4009,3431,shared_paper
4010,3432,shared_paper
4011,3433,shared_paper
4012,3434,shared_paper
4013,3435,shared_paper
4014,3436,shared_paper
4015,3437,shared_paper
4016,3438,shared_paper
4017,3439,shared_paper
4018,3440,shared_paper
4019,3441,shared_paper
4020,3443,shared_paper
4020,3444,shared_paper
4021,3445,shared_paper
4022,3446,individual_link
4023,3447,individual_link
4024,3448,individual_link
4025,3449,individual_link
4026,3450,shared_paper
4027,3451,shared_paper
4028,3452,individual_link
4029,3453,individual_link
4030,3454,individual_link
4031,3455,individual_link
4032,3456,individual_link
4033,3457,individual_link
4034,3458,shared_paper
4035,3459,shared_paper
4036,3460,shared_paper
4037,3461,shared_paper
4038,3462,shared_paper
4039,3463,shared_paper
4040,3464,shared_paper
4041,3465,shared_paper
4042,3466,shared_paper
4043,3467,shared_paper
4044,3468,shared_paper
4045,3469,shared_paper
4046,3472,shared_paper
4046,3473,shared_paper
4047,3474,shared_paper
4047,3475,shared_paper
4048,3476,shared_paper
4048,3477,shared_paper
4049,3479,shared_paper
4049,3480,shared_paper
4050,3481,shared_paper
4050,3482,shared_paper
4051,3483,shared_paper
4052,3484,shared_paper
4052,3485,shared_paper
4053,3486,shared_paper
4053,3487,shared_paper
4054,3488,shared_paper
4054,3489,shared_paper
4055,3491,shared_paper
4055,3492,shared_paper
4056,3493,shared_paper
4057,3495,shared_paper
4057,3496,shared_paper
4058,3497,shared_paper
4059,3498,shared_paper
4059,3499,shared_paper
4060,3500,shared_paper
4061,3501,shared_paper
4061,3502,shared_paper
4062,3503,shared_paper
4062,3504,shared_paper
4063,3505,shared_paper
4063,3506,shared_paper
4064,3507,shared_paper
4064,3508,shared_paper
4065,3509,shared_paper
4065,3510,shared_paper
4066,3511,shared_paper
4066,3512,shared_paper
4067,3513,shared_paper
4067,3514,shared_paper
4068,3515,shared_paper
4068,3516,shared_paper
4069,3517,shared_paper
4069,3518,shared_paper
4070,3519,shared_paper
4070,3520,shared_paper
4071,3521,shared_paper
4071,3522,shared_paper
4072,3524,shared_paper
4073,3525,shared_paper
4074,3526,shared_paper
4075,3527,shared_paper
4076,3528,shared_paper
4077,3529,shared_paper
4078,3530,shared_paper
4079,3531,shared_paper
4080,3532,shared_paper
4081,3533,shared_paper
4082,3535,shared_paper
4082,3536,shared_paper
4083,3537,shared_paper
4083,3538,shared_paper
4084,3539,shared_paper
4084,3540,shared_paper
4085,3541,shared_paper
4085,3542,shared_paper
4086,3543,shared_paper
4086,3544,shared_paper
4087,3545,shared_paper
4087,3546,shared_paper
4088,3548,shared_paper
4088,3549,shared_paper
4089,3550,shared_paper
4089,3551,shared_paper
4090,3553,shared_paper
4090,3554,shared_paper
4091,3556,shared_paper
4091,3557,shared_paper
4092,3559,shared_paper
4092,3560,shared_paper
4093,3562,shared_paper
4093,3563,shared_paper
4094,3565,shared_paper
4094,3566,shared_paper
4095,3567,shared_paper
4095,3568,shared_paper
4096,3569,shared_paper
4096,3570,shared_paper
4097,3571,shared_paper
4097,3572,shared_paper
4098,3573,shared_paper
4099,3573,shared_paper
4098,3574,individual_link
4099,3575,individual_link
4100,3576,shared_paper
4100,3577,shared_paper
4101,3579,shared_paper
4102,3579,shared_paper
4103,3579,shared_paper
4104,3579,shared_paper
4105,3579,shared_paper
4106,3579,shared_paper
4107,3579,shared_paper
4108,3579,shared_paper
4109,3579,shared_paper
4110,3579,shared_paper
4111,3579,shared_paper
4112,3579,shared_paper
4113,3579,shared_paper
4114,3579,shared_paper
4115,3579,shared_paper
4116,3579,shared_paper
4117,3579,shared_paper
4118,3579,shared_paper
4119,3579,shared_paper
4120,3579,shared_paper
4121,3579,shared_paper
4122,3579,shared_paper
4123,3579,shared_paper
4124,3579,shared_paper
4125,3579,shared_paper
4126,3579,shared_paper
4127,3579,shared_paper
4128,3579,shared_paper
4129,3579,shared_paper
4130,3579,shared_paper
4131,3579,shared_paper
4132,3579,shared_paper
4133,3579,shared_paper
4134,3579,shared_paper
4135,3579,shared_paper
4136,3579,shared_paper
4137,3579,shared_paper
4138,3579,shared_paper
4139,3579,shared_paper
4140,3579,shared_paper
4101,3580,shared_paper
4102,3580,shared_paper
4103,3580,shared_paper
4104,3580,shared_paper
4105,3580,shared_paper
4106,3580,shared_paper
4107,3580,shared_paper
4108,3580,shared_paper
4109,3580,shared_paper
4110,3580,shared_paper
4111,3580,shared_paper
4112,3580,shared_paper
4113,3580,shared_paper
4114,3580,shared_paper
4115,3580,shared_paper
4116,3580,shared_paper
4117,3580,shared_paper
4118,3580,shared_paper
4119,3580,shared_paper
4120,3580,shared_paper
4121,3580,shared_paper
4122,3580,shared_paper
4123,3580,shared_paper
4124,3580,shared_paper
4125,3580,shared_paper
4126,3580,shared_paper
4127,3580,shared_paper
4128,3580,shared_paper
4129,3580,shared_paper
4130,3580,shared_paper
4131,3580,shared_paper
4132,3580,shared_paper
4133,3580,shared_paper
4134,3580,shared_paper
4135,3580,shared_paper
4136,3580,shared_paper
4137,3580,shared_paper
4138,3580,shared_paper
4139,3580,shared_paper
4140,3580,shared_paper
4141,3581,shared_paper
4142,3581,shared_paper
4143,3581,shared_paper
4144,3581,shared_paper
4145,3581,shared_paper
4146,3581,shared_paper
4147,3581,shared_paper
4148,3581,shared_paper
4149,3581,shared_paper
4150,3581,shared_paper
4151,3581,shared_paper
4152,3581,shared_paper
4153,3581,shared_paper
4154,3581,shared_paper
4155,3581,shared_paper
4156,3581,shared_paper
4157,3581,shared_paper
4158,3581,shared_paper
4159,3581,shared_paper
4160,3581,shared_paper
4161,3581,shared_paper
4162,3581,shared_paper
4163,3581,shared_paper
4164,3581,shared_paper
4165,3581,shared_paper
4166,3581,shared_paper
4167,3581,shared_paper
4168,3581,shared_paper
4169,3581,shared_paper
4170,3581,shared_paper
4171,3581,shared_paper
4172,3581,shared_paper
4173,3581,shared_paper
4174,3581,shared_paper
4175,3581,shared_paper
4176,3581,shared_paper
4177,3581,shared_paper
4178,3581,shared_paper
4179,3581,shared_paper
4180,3581,shared_paper
4181,3582,shared_paper
4182,3582,shared_paper
4183,3582,shared_paper
4184,3582,shared_paper
4185,3582,shared_paper
4186,3582,shared_paper
4187,3582,shared_paper
4188,3583,shared_paper
4189,3583,shared_paper
4190,3583,shared_paper
4191,3583,shared_paper
4192,3583,shared_paper
4193,3583,shared_paper
4194,3583,shared_paper
4195,3583,shared_paper
4196,3585,shared_paper
4197,3585,shared_paper
4198,3585,shared_paper
4199,3585,shared_paper
4200,3585,shared_paper
4201,3585,shared_paper
4202,3585,shared_paper
4203,3585,shared_paper
4204,3585,shared_paper
4205,3585,shared_paper
4206,3585,shared_paper
4207,3585,shared_paper
4208,3585,shared_paper
4209,3585,shared_paper
4210,3585,shared_paper
4211,3585,shared_paper
4212,3585,shared_paper
4213,3585,shared_paper
4214,3585,shared_paper
4215,3585,shared_paper
4216,3586,shared_paper
4217,3586,shared_paper
4218,3586,shared_paper
4219,3586,shared_paper
4220,3586,shared_paper
4221,3586,shared_paper
4222,3586,shared_paper
4223,3586,shared_paper
4224,3586,shared_paper
4225,3586,shared_paper
4226,3586,shared_paper
4227,3586,shared_paper
4228,3586,shared_paper
4229,3586,shared_paper
4230,3586,shared_paper
4231,3586,shared_paper
4232,3586,shared_paper
4233,3586,shared_paper
4234,3586,shared_paper
4235,3586,shared_paper
4236,3586,shared_paper
4237,3586,shared_paper
4238,3586,shared_paper
4239,3586,shared_paper
4240,3586,shared_paper
4241,3586,shared_paper
4242,3586,shared_paper
4243,3586,shared_paper
4244,3586,shared_paper
4245,3586,shared_paper
4246,3587,shared_paper
4247,3587,shared_paper
4248,3587,shared_paper
4249,3587,shared_paper
4250,3587,shared_paper
4251,3589,shared_paper
4252,3589,shared_paper
4253,3589,shared_paper
4254,3589,shared_paper
4255,3589,shared_paper
4256,3589,shared_paper
4257,3589,shared_paper
4258,3589,shared_paper
4259,3589,shared_paper
4260,3589,shared_paper
4261,3589,shared_paper
4262,3589,shared_paper
4263,3589,shared_paper
4264,3589,shared_paper
4265,3589,shared_paper
4266,3589,shared_paper
4267,3589,shared_paper
4268,3589,shared_paper
4269,3589,shared_paper
4270,3589,shared_paper
4271,3589,shared_paper
4272,3589,shared_paper
4273,3589,shared_paper
4274,3589,shared_paper
4275,3589,shared_paper
4276,3589,shared_paper
4277,3589,shared_paper
4278,3589,shared_paper
4279,3589,shared_paper
4280,3589,shared_paper
4281,3589,shared_paper
4282,3589,shared_paper
4283,3589,shared_paper
4284,3589,shared_paper
4285,3589,shared_paper
4251,3590,shared_paper
4252,3590,shared_paper
4253,3590,shared_paper
4254,3590,shared_paper
4255,3590,shared_paper
4256,3590,shared_paper
4257,3590,shared_paper
4258,3590,shared_paper
4259,3590,shared_paper
4260,3590,shared_paper
4261,3590,shared_paper
4262,3590,shared_paper
4263,3590,shared_paper
4264,3590,shared_paper
4265,3590,shared_paper
4266,3590,shared_paper
4267,3590,shared_paper
4268,3590,shared_paper
4269,3590,shared_paper
4270,3590,shared_paper
4271,3590,shared_paper
4272,3590,shared_paper
4273,3590,shared_paper
4274,3590,shared_paper
4275,3590,shared_paper
4276,3590,shared_paper
4277,3590,shared_paper
4278,3590,shared_paper
4279,3590,shared_paper
4280,3590,shared_paper
4281,3590,shared_paper
4282,3590,shared_paper
4283,3590,shared_paper
4284,3590,shared_paper
4285,3590,shared_paper
4286,3591,shared_paper
4287,3591,shared_paper
4288,3591,shared_paper
4286,3592,shared_paper
4287,3592,shared_paper
4288,3592,shared_paper
4289,3593,shared_paper
4290,3593,shared_paper
4291,3594,shared_paper
4292,3594,shared_paper
4293,3594,shared_paper
4294,3594,shared_paper
4295,3594,shared_paper
4296,3594,shared_paper
4297,3594,shared_paper
4298,3594,shared_paper
4299,3594,shared_paper
4300,3594,shared_paper
4301,3594,shared_paper
4302,3594,shared_paper
4303,3594,shared_paper
4304,3594,shared_paper
4305,3594,shared_paper
4306,3594,shared_paper
4307,3594,shared_paper
4308,3594,shared_paper
4309,3594,shared_paper
4310,3594,shared_paper
4311,3594,shared_paper
4312,3594,shared_paper
4313,3594,shared_paper
4314,3594,shared_paper
4315,3594,shared_paper
4316,3594,shared_paper
4317,3594,shared_paper
4318,3594,shared_paper
4319,3594,shared_paper
4320,3594,shared_paper
4321,3594,shared_paper
4322,3594,shared_paper
4323,3594,shared_paper
4324,3594,shared_paper
4325,3594,shared_paper
4291,3595,shared_paper
4292,3595,shared_paper
4293,3595,shared_paper
4294,3595,shared_paper
4295,3595,shared_paper
4296,3595,shared_paper
4297,3595,shared_paper
4298,3595,shared_paper
4299,3595,shared_paper
4300,3595,shared_paper
4301,3595,shared_paper
4302,3595,shared_paper
4303,3595,shared_paper
4304,3595,shared_paper
4305,3595,shared_paper
4306,3595,shared_paper
4307,3595,shared_paper
4308,3595,shared_paper
4309,3595,shared_paper
4310,3595,shared_paper
4311,3595,shared_paper
4312,3595,shared_paper
4313,3595,shared_paper
4314,3595,shared_paper
4315,3595,shared_paper
4316,3595,shared_paper
4317,3595,shared_paper
4318,3595,shared_paper
4319,3595,shared_paper
4320,3595,shared_paper
4321,3595,shared_paper
4322,3595,shared_paper
4323,3595,shared_paper
4324,3595,shared_paper
4325,3595,shared_paper
4326,3596,shared_paper
4327,3596,shared_paper
4328,3596,shared_paper
4329,3596,shared_paper
4326,3597,shared_paper
4327,3597,shared_paper
4328,3597,shared_paper
4329,3597,shared_paper
4330,3598,shared_paper
4330,3599,shared_paper
4331,3600,shared_paper
4332,3600,shared_paper
4333,3600,shared_paper
4334,3600,shared_paper
4335,3600,shared_paper
4336,3600,shared_paper
4337,3600,shared_paper
4338,3600,shared_paper
4339,3600,shared_paper
4340,3600,shared_paper
4341,3600,shared_paper
4342,3600,shared_paper
4343,3600,shared_paper
4344,3600,shared_paper
4345,3600,shared_paper
4346,3600,shared_paper
4347,3600,shared_paper
4348,3600,shared_paper
4349,3600,shared_paper
4350,3600,shared_paper
4351,3600,shared_paper
4352,3600,shared_paper
4353,3600,shared_paper
4354,3600,shared_paper
4355,3600,shared_paper
4356,3600,shared_paper
4357,3600,shared_paper
4358,3600,shared_paper
4359,3600,shared_paper
4360,3600,shared_paper
4361,3600,shared_paper
4362,3600,shared_paper
4363,3600,shared_paper
4364,3600,shared_paper
4365,3600,shared_paper
4331,3601,shared_paper
4332,3601,shared_paper
4333,3601,shared_paper
4334,3601,shared_paper
4335,3601,shared_paper
4336,3601,shared_paper
4337,3601,shared_paper
4338,3601,shared_paper
4339,3601,shared_paper
4340,3601,shared_paper
4341,3601,shared_paper
4342,3601,shared_paper
4343,3601,shared_paper
4344,3601,shared_paper
4345,3601,shared_paper
4346,3601,shared_paper
4347,3601,shared_paper
4348,3601,shared_paper
4349,3601,shared_paper
4350,3601,shared_paper
4351,3601,shared_paper
4352,3601,shared_paper
4353,3601,shared_paper
4354,3601,shared_paper
4355,3601,shared_paper
4356,3601,shared_paper
4357,3601,shared_paper
4358,3601,shared_paper
4359,3601,shared_paper
4360,3601,shared_paper
4361,3601,shared_paper
4362,3601,shared_paper
4363,3601,shared_paper
4364,3601,shared_paper
4365,3601,shared_paper
4366,3602,shared_paper
4367,3602,shared_paper
4368,3602,shared_paper
4366,3603,shared_paper
4367,3603,shared_paper
4368,3603,shared_paper
4369,3604,shared_paper
4370,3605,shared_paper
4371,3605,shared_paper
4372,3605,shared_paper
4373,3605,shared_paper
4374,3605,shared_paper
4375,3605,shared_paper
4376,3605,shared_paper
4377,3605,shared_paper
4378,3605,shared_paper
4379,3605,shared_paper
4380,3605,shared_paper
4381,3605,shared_paper
4382,3605,shared_paper
4383,3605,shared_paper
4384,3605,shared_paper
4385,3605,shared_paper
4386,3605,shared_paper
4387,3605,shared_paper
4388,3605,shared_paper
4389,3605,shared_paper
4390,3605,shared_paper
4391,3605,shared_paper
4392,3605,shared_paper
4393,3605,shared_paper
4394,3605,shared_paper
4395,3605,shared_paper
4396,3605,shared_paper
4397,3605,shared_paper
4398,3605,shared_paper
4399,3605,shared_paper
4400,3605,shared_paper
4401,3605,shared_paper
4402,3605,shared_paper
4403,3605,shared_paper
4404,3605,shared_paper
4370,3606,shared_paper
4371,3606,shared_paper
4372,3606,shared_paper
4373,3606,shared_paper
4374,3606,shared_paper
4375,3606,shared_paper
4376,3606,shared_paper
4377,3606,shared_paper
4378,3606,shared_paper
4379,3606,shared_paper
4380,3606,shared_paper
4381,3606,shared_paper
4382,3606,shared_paper
4383,3606,shared_paper
4384,3606,shared_paper
4385,3606,shared_paper
4386,3606,shared_paper
4387,3606,shared_paper
4388,3606,shared_paper
4389,3606,shared_paper
4390,3606,shared_paper
4391,3606,shared_paper
4392,3606,shared_paper
4393,3606,shared_paper
4394,3606,shared_paper
4395,3606,shared_paper
4396,3606,shared_paper
4397,3606,shared_paper
4398,3606,shared_paper
4399,3606,shared_paper
4400,3606,shared_paper
4401,3606,shared_paper
4402,3606,shared_paper
4403,3606,shared_paper
4404,3606,shared_paper
4405,3607,shared_paper
4406,3607,shared_paper
4407,3607,shared_paper
4408,3607,shared_paper
4409,3607,shared_paper
4405,3608,shared_paper
4406,3608,shared_paper
4407,3608,shared_paper
4408,3608,shared_paper
4409,3608,shared_paper
4410,3609,shared_paper
4411,3610,shared_paper
4412,3610,shared_paper
4413,3610,shared_paper
4414,3610,shared_paper
4415,3610,shared_paper
4416,3610,shared_paper
4417,3610,shared_paper
4418,3610,shared_paper
4419,3610,shared_paper
4420,3610,shared_paper
4421,3610,shared_paper
4422,3610,shared_paper
4423,3610,shared_paper
4424,3610,shared_paper
4425,3610,shared_paper
4426,3610,shared_paper
4427,3610,shared_paper
4428,3610,shared_paper
4429,3610,shared_paper
4430,3610,shared_paper
4431,3610,shared_paper
4432,3610,shared_paper
4433,3610,shared_paper
4434,3610,shared_paper
4435,3610,shared_paper
4436,3610,shared_paper
4437,3610,shared_paper
4438,3610,shared_paper
4439,3610,shared_paper
4440,3610,shared_paper
4441,3610,shared_paper
4442,3610,shared_paper
4443,3610,shared_paper
4444,3610,shared_paper
4445,3610,shared_paper
4411,3611,shared_paper
4412,3611,shared_paper
4413,3611,shared_paper
4414,3611,shared_paper
4415,3611,shared_paper
4416,3611,shared_paper
4417,3611,shared_paper
4418,3611,shared_paper
4419,3611,shared_paper
4420,3611,shared_paper
4421,3611,shared_paper
4422,3611,shared_paper
4423,3611,shared_paper
4424,3611,shared_paper
4425,3611,shared_paper
4426,3611,shared_paper
4427,3611,shared_paper
4428,3611,shared_paper
4429,3611,shared_paper
4430,3611,shared_paper
4431,3611,shared_paper
4432,3611,shared_paper
4433,3611,shared_paper
4434,3611,shared_paper
4435,3611,shared_paper
4436,3611,shared_paper
4437,3611,shared_paper
4438,3611,shared_paper
4439,3611,shared_paper
4440,3611,shared_paper
4441,3611,shared_paper
4442,3611,shared_paper
4443,3611,shared_paper
4444,3611,shared_paper
4445,3611,shared_paper
4446,3612,shared_paper
4447,3612,shared_paper
4448,3612,shared_paper
4449,3612,shared_paper
4446,3613,shared_paper
4447,3613,shared_paper
4448,3613,shared_paper
4449,3613,shared_paper
4450,3614,shared_paper
4451,3615,shared_paper
4452,3615,shared_paper
4453,3615,shared_paper
4454,3615,shared_paper
4455,3615,shared_paper
4456,3615,shared_paper
4457,3615,shared_paper
4458,3615,shared_paper
4459,3615,shared_paper
4460,3615,shared_paper
4461,3615,shared_paper
4462,3615,shared_paper
4463,3615,shared_paper
4464,3615,shared_paper
4465,3615,shared_paper
4466,3615,shared_paper
4467,3615,shared_paper
4468,3615,shared_paper
4469,3615,shared_paper
4470,3615,shared_paper
4471,3615,shared_paper
4472,3615,shared_paper
4473,3615,shared_paper
4474,3615,shared_paper
4475,3615,shared_paper
4476,3615,shared_paper
4477,3615,shared_paper
4478,3615,shared_paper
4479,3615,shared_paper
4480,3615,shared_paper
4481,3615,shared_paper
4482,3615,shared_paper
4483,3615,shared_paper
4484,3615,shared_paper
4485,3615,shared_paper
4486,3615,shared_paper
4487,3615,shared_paper
4488,3615,shared_paper
4489,3615,shared_paper
4490,3615,shared_paper
4491,3615,shared_paper
4492,3615,shared_paper
4493,3615,shared_paper
4494,3615,shared_paper
4495,3615,shared_paper
4496,3615,shared_paper
4497,3615,shared_paper
4498,3615,shared_paper
4499,3615,shared_paper
4500,3615,shared_paper
4501,3615,shared_paper
4502,3615,shared_paper
4503,3615,shared_paper
4504,3615,shared_paper
4505,3615,shared_paper
4451,3616,shared_paper
4452,3616,shared_paper
4453,3616,shared_paper
4454,3616,shared_paper
4455,3616,shared_paper
4456,3616,shared_paper
4457,3616,shared_paper
4458,3616,shared_paper
4459,3616,shared_paper
4460,3616,shared_paper
4461,3616,shared_paper
4462,3616,shared_paper
4463,3616,shared_paper
4464,3616,shared_paper
4465,3616,shared_paper
4466,3616,shared_paper
4467,3616,shared_paper
4468,3616,shared_paper
4469,3616,shared_paper
4470,3616,shared_paper
4471,3616,shared_paper
4472,3616,shared_paper
4473,3616,shared_paper
4474,3616,shared_paper
4475,3616,shared_paper
4476,3616,shared_paper
4477,3616,shared_paper
4478,3616,shared_paper
4479,3616,shared_paper
4480,3616,shared_paper
4481,3616,shared_paper
4482,3616,shared_paper
4483,3616,shared_paper
4484,3616,shared_paper
4485,3616,shared_paper
4486,3616,shared_paper
4487,3616,shared_paper
4488,3616,shared_paper
4489,3616,shared_paper
4490,3616,shared_paper
4491,3616,shared_paper
4492,3616,shared_paper
4493,3616,shared_paper
4494,3616,shared_paper
4495,3616,shared_paper
4496,3616,shared_paper
4497,3616,shared_paper
4498,3616,shared_paper
4499,3616,shared_paper
4500,3616,shared_paper
4501,3616,shared_paper
4502,3616,shared_paper
4503,3616,shared_paper
4504,3616,shared_paper
4505,3616,shared_paper
4506,3617,shared_paper
4507,3617,shared_paper
4508,3617,shared_paper
4509,3617,shared_paper
4510,3617,shared_paper
4511,3617,shared_paper
4512,3617,shared_paper
4513,3617,shared_paper
4514,3617,shared_paper
4515,3617,shared_paper
4507,3618,shared_file
4508,3618,shared_file
4509,3618,shared_file
4510,3618,shared_file
4511,3618,shared_file
4512,3618,shared_file
4513,3618,shared_file
4514,3618,shared_file
4515,3618,shared_file
4516,3620,shared_paper
4517,3620,shared_paper
4518,3620,shared_paper
4519,3620,shared_paper
4520,3620,shared_paper
4521,3620,shared_paper
4522,3620,shared_paper
4523,3620,shared_paper
4524,3620,shared_paper
4525,3620,shared_paper
4526,3620,shared_paper
4527,3620,shared_paper
4528,3620,shared_paper
4529,3620,shared_paper
4530,3620,shared_paper
4531,3620,shared_paper
4532,3620,shared_paper
4533,3620,shared_paper
4534,3620,shared_paper
4535,3620,shared_paper
4536,3620,shared_paper
4537,3620,shared_paper
4538,3620,shared_paper
4539,3620,shared_paper
4540,3620,shared_paper
4541,3620,shared_paper
4542,3620,shared_paper
4543,3620,shared_paper
4544,3620,shared_paper
4545,3620,shared_paper
4546,3620,shared_paper
4547,3620,shared_paper
4548,3620,shared_paper
4549,3620,shared_paper
4550,3620,shared_paper
4551,3620,shared_paper
4552,3620,shared_paper
4553,3620,shared_paper
4554,3620,shared_paper
4555,3620,shared_paper
4556,3620,shared_paper
4557,3620,shared_paper
4558,3620,shared_paper
4559,3620,shared_paper
4560,3620,shared_paper
4561,3620,shared_paper
4562,3620,shared_paper
4563,3620,shared_paper
4564,3620,shared_paper
4565,3620,shared_paper
4566,3620,shared_paper
4567,3620,shared_paper
4568,3620,shared_paper
4569,3620,shared_paper
4570,3620,shared_paper
4571,3620,shared_paper
4572,3620,shared_paper
4573,3620,shared_paper
4574,3620,shared_paper
4575,3620,shared_paper
4576,3620,shared_paper
4577,3620,shared_paper
4578,3620,shared_paper
4579,3620,shared_paper
4580,3620,shared_paper
4581,3620,shared_paper
4582,3620,shared_paper
4583,3620,shared_paper
4516,3621,shared_paper
4517,3621,shared_paper
4518,3621,shared_paper
4519,3621,shared_paper
4520,3621,shared_paper
4521,3621,shared_paper
4522,3621,shared_paper
4523,3621,shared_paper
4524,3621,shared_paper
4525,3621,shared_paper
4526,3621,shared_paper
4527,3621,shared_paper
4528,3621,shared_paper
4529,3621,shared_paper
4530,3621,shared_paper
4531,3621,shared_paper
4532,3621,shared_paper
4533,3621,shared_paper
4534,3621,shared_paper
4535,3621,shared_paper
4536,3621,shared_paper
4537,3621,shared_paper
4538,3621,shared_paper
4539,3621,shared_paper
4540,3621,shared_paper
4541,3621,shared_paper
4542,3621,shared_paper
4543,3621,shared_paper
4544,3621,shared_paper
4545,3621,shared_paper
4546,3621,shared_paper
4547,3621,shared_paper
4548,3621,shared_paper
4549,3621,shared_paper
4550,3621,shared_paper
4551,3621,shared_paper
4552,3621,shared_paper
4553,3621,shared_paper
4554,3621,shared_paper
4555,3621,shared_paper
4556,3621,shared_paper
4557,3621,shared_paper
4558,3621,shared_paper
4559,3621,shared_paper
4560,3621,shared_paper
4561,3621,shared_paper
4562,3621,shared_paper
4563,3621,shared_paper
4564,3621,shared_paper
4565,3621,shared_paper
4566,3621,shared_paper
4567,3621,shared_paper
4568,3621,shared_paper
4569,3621,shared_paper
4570,3621,shared_paper
4571,3621,shared_paper
4572,3621,shared_paper
4573,3621,shared_paper
4574,3621,shared_paper
4575,3621,shared_paper
4576,3621,shared_paper
4577,3621,shared_paper
4578,3621,shared_paper
4579,3621,shared_paper
4580,3621,shared_paper
4581,3621,shared_paper
4582,3621,shared_paper
4583,3621,shared_paper
4584,3622,shared_paper
4585,3622,shared_paper
4586,3622,shared_paper
4587,3622,shared_paper
4588,3622,shared_paper
4589,3622,shared_paper
4590,3622,shared_paper
4591,3622,shared_paper
4592,3622,shared_paper
4593,3622,shared_paper
4594,3622,shared_paper
4595,3622,shared_paper
4596,3622,shared_paper
4597,3622,shared_paper
4598,3622,shared_paper
4599,3622,shared_paper
4600,3622,shared_paper
4601,3622,shared_paper
4602,3622,shared_paper
4603,3622,shared_paper
4604,3622,shared_paper
4605,3622,shared_paper
4606,3622,shared_paper
4607,3622,shared_paper
4608,3622,shared_paper
4609,3622,shared_paper
4610,3622,shared_paper
4611,3622,shared_paper
4612,3622,shared_paper
4613,3622,shared_paper
4614,3622,shared_paper
4615,3622,shared_paper
4616,3622,shared_paper
4617,3622,shared_paper
4618,3622,shared_paper
4619,3622,shared_paper
4620,3622,shared_paper
4621,3622,shared_paper
4622,3622,shared_paper
4623,3622,shared_paper
4624,3622,shared_paper
4625,3622,shared_paper
4626,3622,shared_paper
4627,3622,shared_paper
4628,3622,shared_paper
4629,3622,shared_paper
4630,3622,shared_paper
4631,3622,shared_paper
4632,3622,shared_paper
4633,3622,shared_paper
4634,3622,shared_paper
4635,3622,shared_paper
4636,3622,shared_paper
4637,3622,shared_paper
4638,3622,shared_paper
4639,3622,shared_paper
4640,3622,shared_paper
4641,3622,shared_paper
4642,3622,shared_paper
4643,3622,shared_paper
4644,3622,shared_paper
4645,3622,shared_paper
4584,3623,shared_paper
4585,3623,shared_paper
4586,3623,shared_paper
4587,3623,shared_paper
4588,3623,shared_paper
4589,3623,shared_paper
4590,3623,shared_paper
4591,3623,shared_paper
4592,3623,shared_paper
4593,3623,shared_paper
4594,3623,shared_paper
4595,3623,shared_paper
4596,3623,shared_paper
4597,3623,shared_paper
4598,3623,shared_paper
4599,3623,shared_paper
4600,3623,shared_paper
4601,3623,shared_paper
4602,3623,shared_paper
4603,3623,shared_paper
4604,3623,shared_paper
4605,3623,shared_paper
4606,3623,shared_paper
4607,3623,shared_paper
4608,3623,shared_paper
4609,3623,shared_paper
4610,3623,shared_paper
4611,3623,shared_paper
4612,3623,shared_paper
4613,3623,shared_paper
4614,3623,shared_paper
4615,3623,shared_paper
4616,3623,shared_paper
4617,3623,shared_paper
4618,3623,shared_paper
4619,3623,shared_paper
4620,3623,shared_paper
4621,3623,shared_paper
4622,3623,shared_paper
4623,3623,shared_paper
4624,3623,shared_paper
4625,3623,shared_paper
4626,3623,shared_paper
4627,3623,shared_paper
4628,3623,shared_paper
4629,3623,shared_paper
4630,3623,shared_paper
4631,3623,shared_paper
4632,3623,shared_paper
4633,3623,shared_paper
4634,3623,shared_paper
4635,3623,shared_paper
4636,3623,shared_paper
4637,3623,shared_paper
4638,3623,shared_paper
4639,3623,shared_paper
4640,3623,shared_paper
4641,3623,shared_paper
4642,3623,shared_paper
4643,3623,shared_paper
4644,3623,shared_paper
4645,3623,shared_paper
4646,3624,shared_paper
4647,3624,shared_paper
4648,3624,shared_paper
4649,3624,shared_paper
4650,3624,shared_paper
4651,3624,shared_paper
4652,3624,shared_paper
4653,3624,shared_paper
4654,3624,shared_paper
4655,3624,shared_paper
4656,3624,shared_paper
4657,3624,shared_paper
4658,3624,shared_paper
4659,3624,shared_paper
4660,3624,shared_paper
4661,3624,shared_paper
4662,3624,shared_paper
4663,3624,shared_paper
4664,3624,shared_paper
4665,3624,shared_paper
4666,3624,shared_paper
4667,3624,shared_paper
4668,3624,shared_paper
4669,3624,shared_paper
4670,3624,shared_paper
4671,3624,shared_paper
4672,3624,shared_paper
4673,3624,shared_paper
4674,3624,shared_paper
4675,3624,shared_paper
4676,3624,shared_paper
4677,3624,shared_paper
4678,3624,shared_paper
4679,3624,shared_paper
4680,3624,shared_paper
4681,3624,shared_paper
4682,3624,shared_paper
4683,3624,shared_paper
4684,3624,shared_paper
4685,3624,shared_paper
4686,3624,shared_paper
4687,3624,shared_paper
4688,3624,shared_paper
4689,3624,shared_paper
4690,3624,shared_paper
4691,3624,shared_paper
4692,3624,shared_paper
4693,3624,shared_paper
4694,3624,shared_paper
4695,3624,shared_paper
4696,3624,shared_paper
4697,3624,shared_paper
4698,3624,shared_paper
4699,3624,shared_paper
4700,3624,shared_paper
4701,3624,shared_paper
4702,3624,shared_paper
4703,3624,shared_paper
4704,3624,shared_paper
4705,3624,shared_paper
4706,3624,shared_paper
4707,3624,shared_paper
4708,3624,shared_paper
4709,3624,shared_paper
4710,3624,shared_paper
4711,3624,shared_paper
4712,3624,shared_paper
4713,3624,shared_paper
4714,3624,shared_paper
4646,3625,shared_paper
4647,3625,shared_paper
4648,3625,shared_paper
4649,3625,shared_paper
4650,3625,shared_paper
4651,3625,shared_paper
4652,3625,shared_paper
4653,3625,shared_paper
4654,3625,shared_paper
4655,3625,shared_paper
4656,3625,shared_paper
4657,3625,shared_paper
4658,3625,shared_paper
4659,3625,shared_paper
4660,3625,shared_paper
4661,3625,shared_paper
4662,3625,shared_paper
4663,3625,shared_paper
4664,3625,shared_paper
4665,3625,shared_paper
4666,3625,shared_paper
4667,3625,shared_paper
4668,3625,shared_paper
4669,3625,shared_paper
4670,3625,shared_paper
4671,3625,shared_paper
4672,3625,shared_paper
4673,3625,shared_paper
4674,3625,shared_paper
4675,3625,shared_paper
4676,3625,shared_paper
4677,3625,shared_paper
4678,3625,shared_paper
4679,3625,shared_paper
4680,3625,shared_paper
4681,3625,shared_paper
4682,3625,shared_paper
4683,3625,shared_paper
4684,3625,shared_paper
4685,3625,shared_paper
4686,3625,shared_paper
4687,3625,shared_paper
4688,3625,shared_paper
4689,3625,shared_paper
4690,3625,shared_paper
4691,3625,shared_paper
4692,3625,shared_paper
4693,3625,shared_paper
4694,3625,shared_paper
4695,3625,shared_paper
4696,3625,shared_paper
4697,3625,shared_paper
4698,3625,shared_paper
4699,3625,shared_paper
4700,3625,shared_paper
4701,3625,shared_paper
4702,3625,shared_paper
4703,3625,shared_paper
4704,3625,shared_paper
4705,3625,shared_paper
4706,3625,shared_paper
4707,3625,shared_paper
4708,3625,shared_paper
4709,3625,shared_paper
4710,3625,shared_paper
4711,3625,shared_paper
4712,3625,shared_paper
4713,3625,shared_paper
4714,3625,shared_paper
4715,3626,shared_paper
4716,3626,shared_paper
4717,3626,shared_paper
4718,3626,shared_paper
4719,3626,shared_paper
4720,3626,shared_paper
4721,3626,shared_paper
4722,3626,shared_paper
4723,3626,shared_paper
4724,3626,shared_paper
4725,3626,shared_paper
4726,3626,shared_paper
4727,3626,shared_paper
4728,3626,shared_paper
4729,3626,shared_paper
4730,3626,shared_paper
4731,3626,shared_paper
4732,3626,shared_paper
4733,3626,shared_paper
4734,3626,shared_paper
4735,3626,shared_paper
4736,3626,shared_paper
4737,3626,shared_paper
4738,3626,shared_paper
4739,3626,shared_paper
4740,3626,shared_paper
4741,3626,shared_paper
4742,3626,shared_paper
4743,3626,shared_paper
4744,3626,shared_paper
4745,3626,shared_paper
4746,3626,shared_paper
4747,3626,shared_paper
4748,3626,shared_paper
4749,3626,shared_paper
4750,3626,shared_paper
4751,3626,shared_paper
4752,3626,shared_paper
4753,3626,shared_paper
4754,3626,shared_paper
4755,3626,shared_paper
4756,3626,shared_paper
4757,3626,shared_paper
4758,3626,shared_paper
4759,3626,shared_paper
4760,3626,shared_paper
4761,3626,shared_paper
4762,3626,shared_paper
4763,3626,shared_paper
4764,3626,shared_paper
4765,3626,shared_paper
4766,3626,shared_paper
4767,3626,shared_paper
4768,3626,shared_paper
4769,3626,shared_paper
4770,3626,shared_paper
4771,3626,shared_paper
4772,3626,shared_paper
4773,3626,shared_paper
4774,3626,shared_paper
4775,3626,shared_paper
4776,3626,shared_paper
4777,3626,shared_paper
4778,3626,shared_paper
4779,3626,shared_paper
4780,3626,shared_paper
4781,3626,shared_paper
4782,3626,shared_paper
4783,3626,shared_paper
4715,3627,shared_paper
4716,3627,shared_paper
4717,3627,shared_paper
4718,3627,shared_paper
4719,3627,shared_paper
4720,3627,shared_paper
4721,3627,shared_paper
4722,3627,shared_paper
4723,3627,shared_paper
4724,3627,shared_paper
4725,3627,shared_paper
4726,3627,shared_paper
4727,3627,shared_paper
4728,3627,shared_paper
4729,3627,shared_paper
4730,3627,shared_paper
4731,3627,shared_paper
4732,3627,shared_paper
4733,3627,shared_paper
4734,3627,shared_paper
4735,3627,shared_paper
4736,3627,shared_paper
4737,3627,shared_paper
4738,3627,shared_paper
4739,3627,shared_paper
4740,3627,shared_paper
4741,3627,shared_paper
4742,3627,shared_paper
4743,3627,shared_paper
4744,3627,shared_paper
4745,3627,shared_paper
4746,3627,shared_paper
4747,3627,shared_paper
4748,3627,shared_paper
4749,3627,shared_paper
4750,3627,shared_paper
4751,3627,shared_paper
4752,3627,shared_paper
4753,3627,shared_paper
4754,3627,shared_paper
4755,3627,shared_paper
4756,3627,shared_paper
4757,3627,shared_paper
4758,3627,shared_paper
4759,3627,shared_paper
4760,3627,shared_paper
4761,3627,shared_paper
4762,3627,shared_paper
4763,3627,shared_paper
4764,3627,shared_paper
4765,3627,shared_paper
4766,3627,shared_paper
4767,3627,shared_paper
4768,3627,shared_paper
4769,3627,shared_paper
4770,3627,shared_paper
4771,3627,shared_paper
4772,3627,shared_paper
4773,3627,shared_paper
4774,3627,shared_paper
4775,3627,shared_paper
4776,3627,shared_paper
4777,3627,shared_paper
4778,3627,shared_paper
4779,3627,shared_paper
4780,3627,shared_paper
4781,3627,shared_paper
4782,3627,shared_paper
4783,3627,shared_paper
4784,3628,shared_paper
4785,3628,shared_paper
4786,3628,shared_paper
4787,3628,shared_paper
4788,3628,shared_paper
4789,3628,shared_paper
4790,3628,shared_paper
4791,3628,shared_paper
4792,3628,shared_paper
4793,3628,shared_paper
4794,3628,shared_paper
4795,3628,shared_paper
4796,3628,shared_paper
4797,3628,shared_paper
4798,3628,shared_paper
4799,3628,shared_paper
4800,3628,shared_paper
4801,3628,shared_paper
4802,3628,shared_paper
4803,3628,shared_paper
4804,3628,shared_paper
4805,3628,shared_paper
4806,3628,shared_paper
4807,3628,shared_paper
4808,3628,shared_paper
4809,3628,shared_paper
4810,3628,shared_paper
4811,3628,shared_paper
4812,3628,shared_paper
4813,3628,shared_paper
4814,3628,shared_paper
4815,3628,shared_paper
4816,3628,shared_paper
4817,3628,shared_paper
4818,3628,shared_paper
4819,3628,shared_paper
4820,3628,shared_paper
4821,3628,shared_paper
4822,3628,shared_paper
4823,3628,shared_paper
4824,3628,shared_paper
4825,3628,shared_paper
4826,3628,shared_paper
4827,3628,shared_paper
4828,3628,shared_paper
4829,3628,shared_paper
4830,3628,shared_paper
4831,3628,shared_paper
4832,3628,shared_paper
4833,3628,shared_paper
4834,3628,shared_paper
4835,3628,shared_paper
4836,3628,shared_paper
4837,3628,shared_paper
4838,3628,shared_paper
4839,3628,shared_paper
4840,3628,shared_paper
4841,3628,shared_paper
4842,3628,shared_paper
4843,3628,shared_paper
4844,3628,shared_paper
4845,3628,shared_paper
4846,3628,shared_paper
4847,3628,shared_paper
4848,3628,shared_paper
4849,3628,shared_paper
4784,3629,shared_paper
4785,3629,shared_paper
4786,3629,shared_paper
4787,3629,shared_paper
4788,3629,shared_paper
4789,3629,shared_paper
4790,3629,shared_paper
4791,3629,shared_paper
4792,3629,shared_paper
4793,3629,shared_paper
4794,3629,shared_paper
4795,3629,shared_paper
4796,3629,shared_paper
4797,3629,shared_paper
4798,3629,shared_paper
4799,3629,shared_paper
4800,3629,shared_paper
4801,3629,shared_paper
4802,3629,shared_paper
4803,3629,shared_paper
4804,3629,shared_paper
4805,3629,shared_paper
4806,3629,shared_paper
4807,3629,shared_paper
4808,3629,shared_paper
4809,3629,shared_paper
4810,3629,shared_paper
4811,3629,shared_paper
4812,3629,shared_paper
4813,3629,shared_paper
4814,3629,shared_paper
4815,3629,shared_paper
4816,3629,shared_paper
4817,3629,shared_paper
4818,3629,shared_paper
4819,3629,shared_paper
4820,3629,shared_paper
4821,3629,shared_paper
4822,3629,shared_paper
4823,3629,shared_paper
4824,3629,shared_paper
4825,3629,shared_paper
4826,3629,shared_paper
4827,3629,shared_paper
4828,3629,shared_paper
4829,3629,shared_paper
4830,3629,shared_paper
4831,3629,shared_paper
4832,3629,shared_paper
4833,3629,shared_paper
4834,3629,shared_paper
4835,3629,shared_paper
4836,3629,shared_paper
4837,3629,shared_paper
4838,3629,shared_paper
4839,3629,shared_paper
4840,3629,shared_paper
4841,3629,shared_paper
4842,3629,shared_paper
4843,3629,shared_paper
4844,3629,shared_paper
4845,3629,shared_paper
4846,3629,shared_paper
4847,3629,shared_paper
4848,3629,shared_paper
4849,3629,shared_paper
4850,3630,shared_paper
4851,3630,shared_paper
4852,3630,shared_paper
4853,3630,shared_paper
4854,3630,shared_paper
4855,3630,shared_paper
4856,3630,shared_paper
4857,3630,shared_paper
4858,3630,shared_paper
4859,3630,shared_paper
4860,3630,shared_paper
4861,3630,shared_paper
4862,3630,shared_paper
4863,3630,shared_paper
4864,3630,shared_paper
4865,3630,shared_paper
4866,3630,shared_paper
4867,3630,shared_paper
4868,3630,shared_paper
4869,3630,shared_paper
4870,3630,shared_paper
4871,3630,shared_paper
4872,3630,shared_paper
4873,3630,shared_paper
4874,3630,shared_paper
4875,3630,shared_paper
4876,3630,shared_paper
4877,3630,shared_paper
4878,3630,shared_paper
4879,3630,shared_paper
4880,3630,shared_paper
4881,3630,shared_paper
4882,3630,shared_paper
4883,3630,shared_paper
4884,3630,shared_paper
4885,3630,shared_paper
4886,3630,shared_paper
4887,3630,shared_paper
4888,3630,shared_paper
4889,3630,shared_paper
4890,3630,shared_paper
4891,3630,shared_paper
4892,3630,shared_paper
4893,3630,shared_paper
4894,3630,shared_paper
4895,3630,shared_paper
4896,3630,shared_paper
4897,3630,shared_paper
4898,3630,shared_paper
4899,3630,shared_paper
4900,3630,shared_paper
4901,3630,shared_paper
4902,3630,shared_paper
4903,3630,shared_paper
4904,3630,shared_paper
4905,3630,shared_paper
4906,3630,shared_paper
4907,3630,shared_paper
4908,3630,shared_paper
4909,3630,shared_paper
4910,3630,shared_paper
4911,3630,shared_paper
4912,3630,shared_paper
4850,3631,shared_paper
4851,3631,shared_paper
4852,3631,shared_paper
4853,3631,shared_paper
4854,3631,shared_paper
4855,3631,shared_paper
4856,3631,shared_paper
4857,3631,shared_paper
4858,3631,shared_paper
4859,3631,shared_paper
4860,3631,shared_paper
4861,3631,shared_paper
4862,3631,shared_paper
4863,3631,shared_paper
4864,3631,shared_paper
4865,3631,shared_paper
4866,3631,shared_paper
4867,3631,shared_paper
4868,3631,shared_paper
4869,3631,shared_paper
4870,3631,shared_paper
4871,3631,shared_paper
4872,3631,shared_paper
4873,3631,shared_paper
4874,3631,shared_paper
4875,3631,shared_paper
4876,3631,shared_paper
4877,3631,shared_paper
4878,3631,shared_paper
4879,3631,shared_paper
4880,3631,shared_paper
4881,3631,shared_paper
4882,3631,shared_paper
4883,3631,shared_paper
4884,3631,shared_paper
4885,3631,shared_paper
4886,3631,shared_paper
4887,3631,shared_paper
4888,3631,shared_paper
4889,3631,shared_paper
4890,3631,shared_paper
4891,3631,shared_paper
4892,3631,shared_paper
4893,3631,shared_paper
4894,3631,shared_paper
4895,3631,shared_paper
4896,3631,shared_paper
4897,3631,shared_paper
4898,3631,shared_paper
4899,3631,shared_paper
4900,3631,shared_paper
4901,3631,shared_paper
4902,3631,shared_paper
4903,3631,shared_paper
4904,3631,shared_paper
4905,3631,shared_paper
4906,3631,shared_paper
4907,3631,shared_paper
4908,3631,shared_paper
4909,3631,shared_paper
4910,3631,shared_paper
4911,3631,shared_paper
4912,3631,shared_paper
4913,3632,shared_paper
4914,3632,shared_paper
4915,3632,shared_paper
4916,3632,shared_paper
4917,3632,shared_paper
4918,3632,shared_paper
4919,3632,shared_paper
4920,3632,shared_paper
4921,3632,shared_paper
4922,3632,shared_paper
4923,3632,shared_paper
4924,3632,shared_paper
4925,3632,shared_paper
4926,3632,shared_paper
4927,3632,shared_paper
4928,3632,shared_paper
4929,3632,shared_paper
4930,3632,shared_paper
4931,3632,shared_paper
4932,3632,shared_paper
4933,3632,shared_paper
4934,3632,shared_paper
4935,3632,shared_paper
4936,3632,shared_paper
4937,3632,shared_paper
4938,3632,shared_paper
4939,3632,shared_paper
4940,3632,shared_paper
4941,3632,shared_paper
4942,3632,shared_paper
4943,3632,shared_paper
4944,3632,shared_paper
4945,3632,shared_paper
4946,3632,shared_paper
4947,3632,shared_paper
4948,3632,shared_paper
4949,3632,shared_paper
4950,3632,shared_paper
4951,3632,shared_paper
4952,3632,shared_paper
4953,3632,shared_paper
4954,3632,shared_paper
4955,3632,shared_paper
4956,3632,shared_paper
4957,3632,shared_paper
4958,3632,shared_paper
4959,3632,shared_paper
4960,3632,shared_paper
4961,3632,shared_paper
4962,3632,shared_paper
4963,3632,shared_paper
4964,3632,shared_paper
4965,3632,shared_paper
4966,3632,shared_paper
4967,3632,shared_paper
4968,3632,shared_paper
4969,3632,shared_paper
4970,3632,shared_paper
4971,3632,shared_paper
4972,3632,shared_paper
4973,3632,shared_paper
4974,3632,shared_paper
4913,3633,shared_paper
4914,3633,shared_paper
4915,3633,shared_paper
4916,3633,shared_paper
4917,3633,shared_paper
4918,3633,shared_paper
4919,3633,shared_paper
4920,3633,shared_paper
4921,3633,shared_paper
4922,3633,shared_paper
4923,3633,shared_paper
4924,3633,shared_paper
4925,3633,shared_paper
4926,3633,shared_paper
4927,3633,shared_paper
4928,3633,shared_paper
4929,3633,shared_paper
4930,3633,shared_paper
4931,3633,shared_paper
4932,3633,shared_paper
4933,3633,shared_paper
4934,3633,shared_paper
4935,3633,shared_paper
4936,3633,shared_paper
4937,3633,shared_paper
4938,3633,shared_paper
4939,3633,shared_paper
4940,3633,shared_paper
4941,3633,shared_paper
4942,3633,shared_paper
4943,3633,shared_paper
4944,3633,shared_paper
4945,3633,shared_paper
4946,3633,shared_paper
4947,3633,shared_paper
4948,3633,shared_paper
4949,3633,shared_paper
4950,3633,shared_paper
4951,3633,shared_paper
4952,3633,shared_paper
4953,3633,shared_paper
4954,3633,shared_paper
4955,3633,shared_paper
4956,3633,shared_paper
4957,3633,shared_paper
4958,3633,shared_paper
4959,3633,shared_paper
4960,3633,shared_paper
4961,3633,shared_paper
4962,3633,shared_paper
4963,3633,shared_paper
4964,3633,shared_paper
4965,3633,shared_paper
4966,3633,shared_paper
4967,3633,shared_paper
4968,3633,shared_paper
4969,3633,shared_paper
4970,3633,shared_paper
4971,3633,shared_paper
4972,3633,shared_paper
4973,3633,shared_paper
4974,3633,shared_paper
4975,3634,shared_paper
4976,3634,shared_paper
4977,3634,shared_paper
4978,3634,shared_paper
4979,3634,shared_paper
4980,3634,shared_paper
4981,3634,shared_paper
4982,3634,shared_paper
4983,3634,shared_paper
4984,3634,shared_paper
4985,3634,shared_paper
4986,3634,shared_paper
4987,3634,shared_paper
4988,3634,shared_paper
4989,3634,shared_paper
4990,3634,shared_paper
4991,3634,shared_paper
4992,3634,shared_paper
4993,3634,shared_paper
4994,3634,shared_paper
4995,3634,shared_paper
4996,3634,shared_paper
4997,3634,shared_paper
4998,3634,shared_paper
4999,3634,shared_paper
5000,3634,shared_paper
5001,3634,shared_paper
5002,3634,shared_paper
5003,3634,shared_paper
5004,3634,shared_paper
5005,3634,shared_paper
5006,3634,shared_paper
5007,3634,shared_paper
5008,3634,shared_paper
5009,3634,shared_paper
5010,3634,shared_paper
5011,3634,shared_paper
5012,3634,shared_paper
5013,3634,shared_paper
5014,3634,shared_paper
5015,3634,shared_paper
5016,3634,shared_paper
5017,3634,shared_paper
5018,3634,shared_paper
5019,3634,shared_paper
5020,3634,shared_paper
5021,3634,shared_paper
5022,3634,shared_paper
5023,3634,shared_paper
5024,3634,shared_paper
5025,3634,shared_paper
5026,3634,shared_paper
5027,3634,shared_paper
5028,3634,shared_paper
5029,3634,shared_paper
5030,3634,shared_paper
5031,3634,shared_paper
5032,3634,shared_paper
5033,3634,shared_paper
5034,3634,shared_paper
4975,3635,shared_paper
4976,3635,shared_paper
4977,3635,shared_paper
4978,3635,shared_paper
4979,3635,shared_paper
4980,3635,shared_paper
4981,3635,shared_paper
4982,3635,shared_paper
4983,3635,shared_paper
4984,3635,shared_paper
4985,3635,shared_paper
4986,3635,shared_paper
4987,3635,shared_paper
4988,3635,shared_paper
4989,3635,shared_paper
4990,3635,shared_paper
4991,3635,shared_paper
4992,3635,shared_paper
4993,3635,shared_paper
4994,3635,shared_paper
4995,3635,shared_paper
4996,3635,shared_paper
4997,3635,shared_paper
4998,3635,shared_paper
4999,3635,shared_paper
5000,3635,shared_paper
5001,3635,shared_paper
5002,3635,shared_paper
5003,3635,shared_paper
5004,3635,shared_paper
5005,3635,shared_paper
5006,3635,shared_paper
5007,3635,shared_paper
5008,3635,shared_paper
5009,3635,shared_paper
5010,3635,shared_paper
5011,3635,shared_paper
5012,3635,shared_paper
5013,3635,shared_paper
5014,3635,shared_paper
5015,3635,shared_paper
5016,3635,shared_paper
5017,3635,shared_paper
5018,3635,shared_paper
5019,3635,shared_paper
5020,3635,shared_paper
5021,3635,shared_paper
5022,3635,shared_paper
5023,3635,shared_paper
5024,3635,shared_paper
5025,3635,shared_paper
5026,3635,shared_paper
5027,3635,shared_paper
5028,3635,shared_paper
5029,3635,shared_paper
5030,3635,shared_paper
5031,3635,shared_paper
5032,3635,shared_paper
5033,3635,shared_paper
5034,3635,shared_paper
5035,3636,shared_paper
5036,3636,shared_paper
5037,3636,shared_paper
5038,3636,shared_paper
5039,3636,shared_paper
5040,3636,shared_paper
5041,3636,shared_paper
5042,3636,shared_paper
5043,3636,shared_paper
5044,3636,shared_paper
5045,3636,shared_paper
5046,3636,shared_paper
5047,3636,shared_paper
5048,3636,shared_paper
5049,3636,shared_paper
5050,3636,shared_paper
5051,3636,shared_paper
5052,3636,shared_paper
5053,3636,shared_paper
5054,3636,shared_paper
5055,3636,shared_paper
5056,3636,shared_paper
5057,3636,shared_paper
5058,3636,shared_paper
5059,3636,shared_paper
5060,3636,shared_paper
5061,3636,shared_paper
5062,3636,shared_paper
5063,3636,shared_paper
5064,3636,shared_paper
5065,3636,shared_paper
5066,3636,shared_paper
5067,3636,shared_paper
5068,3636,shared_paper
5069,3636,shared_paper
5070,3636,shared_paper
5071,3636,shared_paper
5072,3636,shared_paper
5073,3636,shared_paper
5074,3636,shared_paper
5075,3636,shared_paper
5076,3636,shared_paper
5077,3636,shared_paper
5078,3636,shared_paper
5079,3636,shared_paper
5080,3636,shared_paper
5081,3636,shared_paper
5082,3636,shared_paper
5083,3636,shared_paper
5084,3636,shared_paper
5085,3636,shared_paper
5086,3636,shared_paper
5087,3636,shared_paper
5088,3636,shared_paper
5089,3636,shared_paper
5090,3636,shared_paper
5091,3636,shared_paper
5092,3636,shared_paper
5093,3636,shared_paper
5094,3636,shared_paper
5095,3636,shared_paper
5096,3636,shared_paper
5097,3636,shared_paper
5035,3637,shared_paper
5036,3637,shared_paper
5037,3637,shared_paper
5038,3637,shared_paper
5039,3637,shared_paper
5040,3637,shared_paper
5041,3637,shared_paper
5042,3637,shared_paper
5043,3637,shared_paper
5044,3637,shared_paper
5045,3637,shared_paper
5046,3637,shared_paper
5047,3637,shared_paper
5048,3637,shared_paper
5049,3637,shared_paper
5050,3637,shared_paper
5051,3637,shared_paper
5052,3637,shared_paper
5053,3637,shared_paper
5054,3637,shared_paper
5055,3637,shared_paper
5056,3637,shared_paper
5057,3637,shared_paper
5058,3637,shared_paper
5059,3637,shared_paper
5060,3637,shared_paper
5061,3637,shared_paper
5062,3637,shared_paper
5063,3637,shared_paper
5064,3637,shared_paper
5065,3637,shared_paper
5066,3637,shared_paper
5067,3637,shared_paper
5068,3637,shared_paper
5069,3637,shared_paper
5070,3637,shared_paper
5071,3637,shared_paper
5072,3637,shared_paper
5073,3637,shared_paper
5074,3637,shared_paper
5075,3637,shared_paper
5076,3637,shared_paper
5077,3637,shared_paper
5078,3637,shared_paper
5079,3637,shared_paper
5080,3637,shared_paper
5081,3637,shared_paper
5082,3637,shared_paper
5083,3637,shared_paper
5084,3637,shared_paper
5085,3637,shared_paper
5086,3637,shared_paper
5087,3637,shared_paper
5088,3637,shared_paper
5089,3637,shared_paper
5090,3637,shared_paper
5091,3637,shared_paper
5092,3637,shared_paper
5093,3637,shared_paper
5094,3637,shared_paper
5095,3637,shared_paper
5096,3637,shared_paper
5097,3637,shared_paper
5098,3638,shared_paper
5099,3638,shared_paper
5100,3638,shared_paper
5101,3638,shared_paper
5102,3638,shared_paper
5103,3638,shared_paper
5104,3638,shared_paper
5105,3638,shared_paper
5106,3638,shared_paper
5107,3638,shared_paper
5108,3638,shared_paper
5109,3638,shared_paper
5110,3638,shared_paper
5111,3638,shared_paper
5112,3638,shared_paper
5113,3638,shared_paper
5114,3638,shared_paper
5115,3638,shared_paper
5116,3638,shared_paper
5117,3638,shared_paper
5118,3638,shared_paper
5119,3638,shared_paper
5120,3638,shared_paper
5121,3638,shared_paper
5122,3638,shared_paper
5123,3638,shared_paper
5124,3638,shared_paper
5125,3638,shared_paper
5126,3638,shared_paper
5127,3638,shared_paper
5128,3638,shared_paper
5129,3638,shared_paper
5130,3638,shared_paper
5131,3638,shared_paper
5132,3638,shared_paper
5133,3638,shared_paper
5134,3638,shared_paper
5135,3638,shared_paper
5136,3638,shared_paper
5137,3638,shared_paper
5138,3638,shared_paper
5139,3638,shared_paper
5140,3638,shared_paper
5141,3638,shared_paper
5142,3638,shared_paper
5143,3638,shared_paper
5144,3638,shared_paper
5145,3638,shared_paper
5146,3638,shared_paper
5147,3638,shared_paper
5148,3638,shared_paper
5149,3638,shared_paper
5150,3638,shared_paper
5151,3638,shared_paper
5152,3638,shared_paper
5153,3638,shared_paper
5154,3638,shared_paper
5155,3638,shared_paper
5156,3638,shared_paper
5157,3638,shared_paper
5158,3638,shared_paper
5159,3638,shared_paper
5160,3638,shared_paper
5161,3638,shared_paper
5162,3638,shared_paper
5163,3638,shared_paper
5164,3638,shared_paper
5098,3639,shared_paper
5099,3639,shared_paper
5100,3639,shared_paper
5101,3639,shared_paper
5102,3639,shared_paper
5103,3639,shared_paper
5104,3639,shared_paper
5105,3639,shared_paper
5106,3639,shared_paper
5107,3639,shared_paper
5108,3639,shared_paper
5109,3639,shared_paper
5110,3639,shared_paper
5111,3639,shared_paper
5112,3639,shared_paper
5113,3639,shared_paper
5114,3639,shared_paper
5115,3639,shared_paper
5116,3639,shared_paper
5117,3639,shared_paper
5118,3639,shared_paper
5119,3639,shared_paper
5120,3639,shared_paper
5121,3639,shared_paper
5122,3639,shared_paper
5123,3639,shared_paper
5124,3639,shared_paper
5125,3639,shared_paper
5126,3639,shared_paper
5127,3639,shared_paper
5128,3639,shared_paper
5129,3639,shared_paper
5130,3639,shared_paper
5131,3639,shared_paper
5132,3639,shared_paper
5133,3639,shared_paper
5134,3639,shared_paper
5135,3639,shared_paper
5136,3639,shared_paper
5137,3639,shared_paper
5138,3639,shared_paper
5139,3639,shared_paper
5140,3639,shared_paper
5141,3639,shared_paper
5142,3639,shared_paper
5143,3639,shared_paper
5144,3639,shared_paper
5145,3639,shared_paper
5146,3639,shared_paper
5147,3639,shared_paper
5148,3639,shared_paper
5149,3639,shared_paper
5150,3639,shared_paper
5151,3639,shared_paper
5152,3639,shared_paper
5153,3639,shared_paper
5154,3639,shared_paper
5155,3639,shared_paper
5156,3639,shared_paper
5157,3639,shared_paper
5158,3639,shared_paper
5159,3639,shared_paper
5160,3639,shared_paper
5161,3639,shared_paper
5162,3639,shared_paper
5163,3639,shared_paper
5164,3639,shared_paper
5165,3640,shared_paper
5166,3640,shared_paper
5167,3640,shared_paper
5168,3640,shared_paper
5169,3640,shared_paper
5170,3640,shared_paper
5171,3640,shared_paper
5172,3640,shared_paper
5173,3640,shared_paper
5174,3640,shared_paper
5175,3640,shared_paper
5176,3640,shared_paper
5177,3640,shared_paper
5178,3640,shared_paper
5179,3640,shared_paper
5180,3640,shared_paper
5181,3640,shared_paper
5182,3640,shared_paper
5183,3640,shared_paper
5184,3640,shared_paper
5185,3640,shared_paper
5186,3640,shared_paper
5187,3640,shared_paper
5188,3640,shared_paper
5189,3640,shared_paper
5190,3640,shared_paper
5191,3640,shared_paper
5192,3640,shared_paper
5193,3640,shared_paper
5194,3640,shared_paper
5195,3640,shared_paper
5196,3640,shared_paper
5197,3640,shared_paper
5198,3640,shared_paper
5199,3640,shared_paper
5200,3640,shared_paper
5201,3640,shared_paper
5202,3640,shared_paper
5203,3640,shared_paper
5204,3640,shared_paper
5205,3640,shared_paper
5206,3640,shared_paper
5207,3640,shared_paper
5208,3640,shared_paper
5209,3640,shared_paper
5210,3640,shared_paper
5211,3640,shared_paper
5212,3640,shared_paper
5213,3640,shared_paper
5214,3640,shared_paper
5215,3640,shared_paper
5216,3640,shared_paper
5217,3640,shared_paper
5218,3640,shared_paper
5219,3640,shared_paper
5220,3640,shared_paper
5221,3640,shared_paper
5222,3640,shared_paper
5223,3640,shared_paper
5224,3640,shared_paper
5225,3640,shared_paper
5226,3640,shared_paper
5165,3641,shared_paper
5166,3641,shared_paper
5167,3641,shared_paper
5168,3641,shared_paper
5169,3641,shared_paper
5170,3641,shared_paper
5171,3641,shared_paper
5172,3641,shared_paper
5173,3641,shared_paper
5174,3641,shared_paper
5175,3641,shared_paper
5176,3641,shared_paper
5177,3641,shared_paper
5178,3641,shared_paper
5179,3641,shared_paper
5180,3641,shared_paper
5181,3641,shared_paper
5182,3641,shared_paper
5183,3641,shared_paper
5184,3641,shared_paper
5185,3641,shared_paper
5186,3641,shared_paper
5187,3641,shared_paper
5188,3641,shared_paper
5189,3641,shared_paper
5190,3641,shared_paper
5191,3641,shared_paper
5192,3641,shared_paper
5193,3641,shared_paper
5194,3641,shared_paper
5195,3641,shared_paper
5196,3641,shared_paper
5197,3641,shared_paper
5198,3641,shared_paper
5199,3641,shared_paper
5200,3641,shared_paper
5201,3641,shared_paper
5202,3641,shared_paper
5203,3641,shared_paper
5204,3641,shared_paper
5205,3641,shared_paper
5206,3641,shared_paper
5207,3641,shared_paper
5208,3641,shared_paper
5209,3641,shared_paper
5210,3641,shared_paper
5211,3641,shared_paper
5212,3641,shared_paper
5213,3641,shared_paper
5214,3641,shared_paper
5215,3641,shared_paper
5216,3641,shared_paper
5217,3641,shared_paper
5218,3641,shared_paper
5219,3641,shared_paper
5220,3641,shared_paper
5221,3641,shared_paper
5222,3641,shared_paper
5223,3641,shared_paper
5224,3641,shared_paper
5225,3641,shared_paper
5226,3641,shared_paper
5227,3642,shared_paper
5228,3642,shared_paper
5229,3642,shared_paper
5230,3642,shared_paper
5231,3642,shared_paper
5232,3642,shared_paper
5233,3642,shared_paper
5234,3642,shared_paper
5235,3642,shared_paper
5236,3642,shared_paper
5237,3642,shared_paper
5238,3642,shared_paper
5239,3642,shared_paper
5240,3642,shared_paper
5241,3642,shared_paper
5242,3642,shared_paper
5243,3642,shared_paper
5244,3642,shared_paper
5245,3642,shared_paper
5246,3642,shared_paper
5247,3642,shared_paper
5248,3642,shared_paper
5249,3642,shared_paper
5250,3642,shared_paper
5251,3642,shared_paper
5252,3642,shared_paper
5253,3642,shared_paper
5254,3642,shared_paper
5255,3642,shared_paper
5256,3642,shared_paper
5257,3642,shared_paper
5258,3642,shared_paper
5259,3642,shared_paper
5260,3642,shared_paper
5261,3642,shared_paper
5262,3642,shared_paper
5263,3642,shared_paper
5264,3642,shared_paper
5265,3642,shared_paper
5266,3642,shared_paper
5267,3642,shared_paper
5268,3642,shared_paper
5269,3642,shared_paper
5270,3642,shared_paper
5271,3642,shared_paper
5272,3642,shared_paper
5273,3642,shared_paper
5274,3642,shared_paper
5275,3642,shared_paper
5276,3642,shared_paper
5277,3642,shared_paper
5278,3642,shared_paper
5279,3642,shared_paper
5280,3642,shared_paper
5227,3643,shared_paper
5228,3643,shared_paper
5229,3643,shared_paper
5230,3643,shared_paper
5231,3643,shared_paper
5232,3643,shared_paper
5233,3643,shared_paper
5234,3643,shared_paper
5235,3643,shared_paper
5236,3643,shared_paper
5237,3643,shared_paper
5238,3643,shared_paper
5239,3643,shared_paper
5240,3643,shared_paper
5241,3643,shared_paper
5242,3643,shared_paper
5243,3643,shared_paper
5244,3643,shared_paper
5245,3643,shared_paper
5246,3643,shared_paper
5247,3643,shared_paper
5248,3643,shared_paper
5249,3643,shared_paper
5250,3643,shared_paper
5251,3643,shared_paper
5252,3643,shared_paper
5253,3643,shared_paper
5254,3643,shared_paper
5255,3643,shared_paper
5256,3643,shared_paper
5257,3643,shared_paper
5258,3643,shared_paper
5259,3643,shared_paper
5260,3643,shared_paper
5261,3643,shared_paper
5262,3643,shared_paper
5263,3643,shared_paper
5264,3643,shared_paper
5265,3643,shared_paper
5266,3643,shared_paper
5267,3643,shared_paper
5268,3643,shared_paper
5269,3643,shared_paper
5270,3643,shared_paper
5271,3643,shared_paper
5272,3643,shared_paper
5273,3643,shared_paper
5274,3643,shared_paper
5275,3643,shared_paper
5276,3643,shared_paper
5277,3643,shared_paper
5278,3643,shared_paper
5279,3643,shared_paper
5280,3643,shared_paper
5281,3644,shared_paper
5282,3644,shared_paper
5283,3644,shared_paper
5284,3644,shared_paper
5285,3644,shared_paper
5286,3644,shared_paper
5287,3644,shared_paper
5288,3644,shared_paper
5289,3644,shared_paper
5290,3644,shared_paper
5291,3644,shared_paper
5292,3644,shared_paper
5293,3644,shared_paper
5294,3644,shared_paper
5295,3644,shared_paper
5296,3644,shared_paper
5297,3644,shared_paper
5298,3644,shared_paper
5299,3644,shared_paper
5300,3644,shared_paper
5301,3644,shared_paper
5302,3644,shared_paper
5303,3644,shared_paper
5304,3644,shared_paper
5305,3644,shared_paper
5306,3644,shared_paper
5307,3644,shared_paper
5308,3644,shared_paper
5309,3644,shared_paper
5310,3644,shared_paper
5311,3644,shared_paper
5312,3644,shared_paper
5313,3644,shared_paper
5314,3644,shared_paper
5315,3644,shared_paper
5316,3644,shared_paper
5317,3644,shared_paper
5318,3644,shared_paper
5319,3644,shared_paper
5320,3644,shared_paper
5321,3644,shared_paper
5322,3644,shared_paper
5323,3644,shared_paper
5324,3644,shared_paper
5325,3644,shared_paper
5326,3644,shared_paper
5327,3644,shared_paper
5328,3644,shared_paper
5329,3644,shared_paper
5281,3645,shared_paper
5282,3645,shared_paper
5283,3645,shared_paper
5284,3645,shared_paper
5285,3645,shared_paper
5286,3645,shared_paper
5287,3645,shared_paper
5288,3645,shared_paper
5289,3645,shared_paper
5290,3645,shared_paper
5291,3645,shared_paper
5292,3645,shared_paper
5293,3645,shared_paper
5294,3645,shared_paper
5295,3645,shared_paper
5296,3645,shared_paper
5297,3645,shared_paper
5298,3645,shared_paper
5299,3645,shared_paper
5300,3645,shared_paper
5301,3645,shared_paper
5302,3645,shared_paper
5303,3645,shared_paper
5304,3645,shared_paper
5305,3645,shared_paper
5306,3645,shared_paper
5307,3645,shared_paper
5308,3645,shared_paper
5309,3645,shared_paper
5310,3645,shared_paper
5311,3645,shared_paper
5312,3645,shared_paper
5313,3645,shared_paper
5314,3645,shared_paper
5315,3645,shared_paper
5316,3645,shared_paper
5317,3645,shared_paper
5318,3645,shared_paper
5319,3645,shared_paper
5320,3645,shared_paper
5321,3645,shared_paper
5322,3645,shared_paper
5323,3645,shared_paper
5324,3645,shared_paper
5325,3645,shared_paper
5326,3645,shared_paper
5327,3645,shared_paper
5328,3645,shared_paper
5329,3645,shared_paper
5330,3646,shared_paper
5331,3646,shared_paper
5332,3646,shared_paper
5333,3646,shared_paper
5334,3646,shared_paper
5335,3646,shared_paper
5336,3646,shared_paper
5337,3646,shared_paper
5338,3646,shared_paper
5339,3646,shared_paper
5340,3646,shared_paper
5341,3646,shared_paper
5342,3646,shared_paper
5343,3646,shared_paper
5344,3646,shared_paper
5345,3646,shared_paper
5346,3646,shared_paper
5347,3646,shared_paper
5348,3646,shared_paper
5349,3646,shared_paper
5350,3646,shared_paper
5351,3646,shared_paper
5352,3646,shared_paper
5353,3646,shared_paper
5354,3646,shared_paper
5355,3646,shared_paper
5356,3646,shared_paper
5357,3646,shared_paper
5358,3646,shared_paper
5359,3646,shared_paper
5360,3646,shared_paper
5361,3646,shared_paper
5362,3646,shared_paper
5363,3646,shared_paper
5364,3646,shared_paper
5365,3646,shared_paper
5366,3646,shared_paper
5367,3646,shared_paper
5368,3646,shared_paper
5369,3646,shared_paper
5370,3646,shared_paper
5371,3646,shared_paper
5372,3646,shared_paper
5373,3646,shared_paper
5330,3647,shared_paper
5331,3647,shared_paper
5332,3647,shared_paper
5333,3647,shared_paper
5334,3647,shared_paper
5335,3647,shared_paper
5336,3647,shared_paper
5337,3647,shared_paper
5338,3647,shared_paper
5339,3647,shared_paper
5340,3647,shared_paper
5341,3647,shared_paper
5342,3647,shared_paper
5343,3647,shared_paper
5344,3647,shared_paper
5345,3647,shared_paper
5346,3647,shared_paper
5347,3647,shared_paper
5348,3647,shared_paper
5349,3647,shared_paper
5350,3647,shared_paper
5351,3647,shared_paper
5352,3647,shared_paper
5353,3647,shared_paper
5354,3647,shared_paper
5355,3647,shared_paper
5356,3647,shared_paper
5357,3647,shared_paper
5358,3647,shared_paper
5359,3647,shared_paper
5360,3647,shared_paper
5361,3647,shared_paper
5362,3647,shared_paper
5363,3647,shared_paper
5364,3647,shared_paper
5365,3647,shared_paper
5366,3647,shared_paper
5367,3647,shared_paper
5368,3647,shared_paper
5369,3647,shared_paper
5370,3647,shared_paper
5371,3647,shared_paper
5372,3647,shared_paper
5373,3647,shared_paper
5374,3650,shared_paper
5375,3650,shared_paper
5376,3650,shared_paper
5377,3650,shared_paper
5378,3650,shared_paper
5379,3650,shared_paper
5380,3650,shared_paper
5381,3650,shared_paper
5382,3650,shared_paper
5383,3650,shared_paper
5384,3650,shared_paper
5385,3650,shared_paper
5386,3650,shared_paper
5387,3650,shared_paper
5388,3650,shared_paper
5389,3650,shared_paper
5390,3650,shared_paper
5391,3650,shared_paper
5392,3650,shared_paper
5393,3650,shared_paper
5394,3650,shared_paper
5395,3650,shared_paper
5396,3650,shared_paper
5397,3650,shared_paper
5398,3651,shared_paper
5399,3651,shared_paper
5400,3651,shared_paper
5401,3651,shared_paper
5402,3651,shared_paper
5403,3651,shared_paper
5404,3651,shared_paper
5405,3651,shared_paper
5406,3651,shared_paper
5407,3651,shared_paper
5408,3651,shared_paper
5409,3651,shared_paper
5410,3651,shared_paper
5411,3651,shared_paper
5412,3651,shared_paper
5413,3651,shared_paper
5414,3651,shared_paper
5415,3651,shared_paper
5416,3651,shared_paper
5417,3651,shared_paper
5418,3651,shared_paper
5419,3651,shared_paper
5420,3651,shared_paper
5421,3651,shared_paper
5422,3651,shared_paper
5423,3652,shared_paper
5424,3652,shared_paper
5425,3652,shared_paper
5426,3652,shared_paper
5427,3652,shared_paper
5428,3652,shared_paper
5429,3652,shared_paper
5430,3652,shared_paper
5431,3652,shared_paper
5432,3652,shared_paper
5433,3652,shared_paper
5434,3652,shared_paper
5435,3652,shared_paper
5436,3652,shared_paper
5437,3652,shared_paper
5438,3652,shared_paper
5439,3652,shared_paper
5440,3652,shared_paper
5441,3652,shared_paper
5442,3652,shared_paper
5443,3652,shared_paper
5444,3652,shared_paper
5445,3652,shared_paper
5446,3652,shared_paper
5447,3652,shared_paper
5448,3652,shared_paper
5449,3652,shared_paper
5450,3652,shared_paper
5451,3652,shared_paper
5452,3652,shared_paper
5453,3652,shared_paper
5454,3652,shared_paper
5455,3653,shared_paper
5456,3653,shared_paper
5457,3653,shared_paper
5458,3653,shared_paper
5459,3653,shared_paper
5460,3653,shared_paper
5461,3653,shared_paper
5462,3653,shared_paper
5463,3653,shared_paper
5464,3653,shared_paper
5465,3653,shared_paper
5466,3653,shared_paper
5467,3653,shared_paper
5468,3653,shared_paper
5469,3653,shared_paper
5470,3653,shared_paper
5471,3653,shared_paper
5472,3653,shared_paper
5473,3653,shared_paper
5474,3653,shared_paper
5475,3653,shared_paper
5476,3653,shared_paper
5477,3653,shared_paper
5478,3653,shared_paper
5479,3653,shared_paper
5480,3653,shared_paper
5481,3653,shared_paper
5482,3653,shared_paper
5483,3653,shared_paper
5484,3653,shared_paper
5485,3653,shared_paper
5486,3653,shared_paper
5487,3653,shared_paper
5488,3654,shared_paper
5489,3654,shared_paper
5490,3654,shared_paper
5491,3654,shared_paper
5492,3654,shared_paper
5493,3654,shared_paper
5494,3654,shared_paper
5495,3654,shared_paper
5496,3654,shared_paper
5497,3654,shared_paper
5498,3654,shared_paper
5499,3654,shared_paper
5500,3654,shared_paper
5501,3654,shared_paper
5502,3654,shared_paper
5503,3654,shared_paper
5504,3654,shared_paper
5505,3654,shared_paper
5506,3654,shared_paper
5507,3654,shared_paper
5508,3654,shared_paper
5509,3654,shared_paper
5510,3654,shared_paper
5511,3654,shared_paper
5512,3654,shared_paper
5513,3654,shared_paper
5514,3654,shared_paper
5515,3654,shared_paper
5516,3655,shared_paper
5517,3655,shared_paper
5518,3655,shared_paper
5519,3655,shared_paper
5520,3655,shared_paper
5521,3655,shared_paper
5522,3655,shared_paper
5523,3655,shared_paper
5524,3655,shared_paper
5525,3655,shared_paper
5526,3655,shared_paper
5527,3655,shared_paper
5528,3655,shared_paper
5529,3655,shared_paper
5530,3655,shared_paper
5531,3655,shared_paper
5532,3655,shared_paper
5533,3655,shared_paper
5534,3655,shared_paper
5535,3655,shared_paper
5536,3655,shared_paper
5537,3655,shared_paper
5538,3655,shared_paper
5539,3655,shared_paper
5540,3655,shared_paper
5541,3655,shared_paper
5542,3655,shared_paper
5543,3655,shared_paper
5544,3656,shared_paper
5545,3656,shared_paper
5546,3656,shared_paper
5547,3656,shared_paper
5548,3656,shared_paper
5549,3656,shared_paper
5550,3656,shared_paper
5551,3656,shared_paper
5552,3656,shared_paper
5553,3656,shared_paper
5554,3656,shared_paper
5555,3656,shared_paper
5556,3656,shared_paper
5557,3656,shared_paper
5558,3656,shared_paper
5559,3656,shared_paper
5560,3656,shared_paper
5561,3656,shared_paper
5562,3656,shared_paper
5563,3656,shared_paper
5564,3656,shared_paper
5565,3656,shared_paper
5566,3656,shared_paper
5567,3656,shared_paper
5568,3656,shared_paper
5569,3656,shared_paper
5570,3656,shared_paper
5571,3656,shared_paper
5572,3656,shared_paper
5573,3656,shared_paper
5574,3656,shared_paper
5575,3656,shared_paper
5576,3656,shared_paper
5577,3656,shared_paper
5578,3656,shared_paper
5579,3656,shared_paper
5580,3656,shared_paper
5581,3656,shared_paper
5582,3656,shared_paper
5583,3656,shared_paper
5584,3656,shared_paper
5585,3656,shared_paper
5586,3656,shared_paper
5587,3656,shared_paper
5588,3656,shared_paper
5589,3656,shared_paper
5590,3656,shared_paper
5591,3656,shared_paper
5592,3656,shared_paper
5593,3656,shared_paper
5594,3657,shared_paper
5595,3657,shared_paper
5596,3657,shared_paper
5597,3657,shared_paper
5598,3657,shared_paper
5599,3657,shared_paper
5600,3657,shared_paper
5601,3657,shared_paper
5602,3657,shared_paper
5603,3657,shared_paper
5604,3657,shared_paper
5605,3657,shared_paper
5606,3657,shared_paper
5607,3657,shared_paper
5608,3657,shared_paper
5609,3657,shared_paper
5610,3657,shared_paper
5611,3657,shared_paper
5612,3657,shared_paper
5613,3657,shared_paper
5614,3657,shared_paper
5615,3657,shared_paper
5616,3657,shared_paper
5617,3657,shared_paper
5618,3657,shared_paper
5619,3657,shared_paper
5620,3657,shared_paper
5621,3657,shared_paper
5622,3657,shared_paper
5623,3657,shared_paper
5624,3657,shared_paper
5625,3657,shared_paper
5626,3657,shared_paper
5627,3658,shared_paper
5628,3658,shared_paper
5629,3658,shared_paper
5630,3658,shared_paper
5631,3658,shared_paper
5632,3658,shared_paper
5633,3658,shared_paper
5634,3658,shared_paper
5635,3658,shared_paper
5636,3658,shared_paper
5637,3658,shared_paper
5638,3658,shared_paper
5639,3658,shared_paper
5640,3658,shared_paper
5641,3658,shared_paper
5642,3658,shared_paper
5643,3658,shared_paper
5644,3658,shared_paper
5645,3658,shared_paper
5646,3658,shared_paper
5647,3658,shared_paper
5648,3658,shared_paper
5649,3658,shared_paper
5650,3658,shared_paper
5651,3658,shared_paper
5652,3658,shared_paper
5653,3658,shared_paper
5654,3658,shared_paper
5655,3658,shared_paper
5656,3658,shared_paper
5657,3658,shared_paper
5658,3658,shared_paper
5659,3658,shared_paper
5660,3658,shared_paper
5661,3658,shared_paper
5662,3658,shared_paper
5663,3658,shared_paper
5664,3658,shared_paper
5665,3658,shared_paper
5666,3658,shared_paper
5667,3659,shared_paper
5668,3659,shared_paper
5669,3659,shared_paper
5670,3659,shared_paper
5671,3659,shared_paper
5672,3659,shared_paper
5673,3659,shared_paper
5674,3659,shared_paper
5675,3659,shared_paper
5676,3659,shared_paper
5677,3659,shared_paper
5678,3659,shared_paper
5679,3659,shared_paper
5680,3659,shared_paper
5681,3659,shared_paper
5682,3659,shared_paper
5683,3659,shared_paper
5684,3659,shared_paper
5685,3659,shared_paper
5686,3659,shared_paper
5687,3659,shared_paper
5688,3659,shared_paper
5689,3659,shared_paper
5690,3659,shared_paper
5691,3659,shared_paper
5692,3659,shared_paper
5693,3659,shared_paper
5694,3659,shared_paper
5695,3659,shared_paper
5696,3659,shared_paper
5697,3659,shared_paper
5698,3659,shared_paper
5699,3659,shared_paper
5700,3659,shared_paper
5701,3659,shared_paper
5702,3659,shared_paper
5703,3660,shared_paper
5704,3660,shared_paper
5705,3660,shared_paper
5706,3660,shared_paper
5707,3660,shared_paper
5708,3660,shared_paper
5709,3660,shared_paper
5710,3660,shared_paper
5711,3660,shared_paper
5712,3660,shared_paper
5713,3660,shared_paper
5714,3660,shared_paper
5715,3660,shared_paper
5716,3660,shared_paper
5717,3660,shared_paper
5718,3660,shared_paper
5719,3660,shared_paper
5720,3660,shared_paper
5721,3660,shared_paper
5722,3660,shared_paper
5723,3660,shared_paper
5724,3660,shared_paper
5725,3660,shared_paper
5726,3660,shared_paper
5727,3660,shared_paper
5728,3660,shared_paper
5729,3660,shared_paper
5730,3660,shared_paper
5731,3660,shared_paper
5732,3660,shared_paper
5733,3660,shared_paper
5734,3661,shared_paper
5735,3661,shared_paper
5736,3661,shared_paper
5737,3661,shared_paper
5738,3661,shared_paper
5739,3661,shared_paper
5740,3661,shared_paper
5741,3661,shared_paper
5742,3661,shared_paper
5743,3661,shared_paper
5744,3661,shared_paper
5745,3661,shared_paper
5746,3661,shared_paper
5747,3661,shared_paper
5748,3661,shared_paper
5749,3661,shared_paper
5750,3661,shared_paper
5751,3661,shared_paper
5752,3661,shared_paper
5753,3661,shared_paper
5754,3661,shared_paper
5755,3661,shared_paper
5756,3661,shared_paper
5757,3661,shared_paper
5758,3661,shared_paper
5759,3661,shared_paper
5760,3661,shared_paper
5761,3661,shared_paper
5762,3661,shared_paper
5763,3661,shared_paper
5764,3661,shared_paper
5765,3661,shared_paper
5766,3661,shared_paper
5767,3661,shared_paper
5768,3661,shared_paper
5769,3662,shared_paper
5770,3662,shared_paper
5771,3662,shared_paper
5772,3662,shared_paper
5773,3662,shared_paper
5774,3662,shared_paper
5775,3662,shared_paper
5776,3662,shared_paper
5777,3662,shared_paper
5778,3662,shared_paper
5779,3662,shared_paper
5780,3662,shared_paper
5781,3662,shared_paper
5782,3662,shared_paper
5783,3662,shared_paper
5784,3662,shared_paper
5785,3662,shared_paper
5786,3662,shared_paper
5787,3662,shared_paper
5788,3662,shared_paper
5789,3662,shared_paper
5790,3662,shared_paper
5791,3662,shared_paper
5792,3662,shared_paper
5793,3662,shared_paper
5794,3662,shared_paper
5795,3662,shared_paper
5796,3662,shared_paper
5797,3662,shared_paper
5798,3662,shared_paper
5799,3662,shared_paper
5800,3663,shared_paper
5801,3663,shared_paper
5802,3663,shared_paper
5803,3663,shared_paper
5804,3663,shared_paper
5805,3663,shared_paper
5806,3663,shared_paper
5807,3663,shared_paper
5808,3663,shared_paper
5809,3663,shared_paper
5810,3663,shared_paper
5811,3663,shared_paper
5812,3663,shared_paper
5813,3663,shared_paper
5814,3663,shared_paper
5815,3663,shared_paper
5816,3663,shared_paper
5817,3663,shared_paper
5818,3663,shared_paper
5819,3663,shared_paper
5820,3663,shared_paper
5821,3663,shared_paper
5822,3663,shared_paper
5823,3663,shared_paper
5824,3663,shared_paper
5825,3663,shared_paper
5826,3663,shared_paper
5827,3663,shared_paper
5828,3663,shared_paper
5829,3664,shared_paper
5830,3664,shared_paper
5831,3664,shared_paper
5832,3664,shared_paper
5833,3664,shared_paper
5834,3664,shared_paper
5835,3664,shared_paper
5836,3664,shared_paper
5837,3664,shared_paper
5838,3664,shared_paper
5839,3664,shared_paper
5840,3664,shared_paper
5841,3664,shared_paper
5842,3664,shared_paper
5843,3664,shared_paper
5844,3664,shared_paper
5845,3664,shared_paper
5846,3664,shared_paper
5847,3664,shared_paper
5848,3664,shared_paper
5849,3664,shared_paper
5850,3664,shared_paper
5851,3664,shared_paper
5852,3664,shared_paper
5853,3664,shared_paper
5854,3664,shared_paper
5855,3664,shared_paper
5856,3664,shared_paper
5857,3664,shared_paper
5858,3664,shared_paper
5859,3664,shared_paper
5860,3664,shared_paper
5861,3664,shared_paper
5862,3664,shared_paper
5863,3664,shared_paper
5864,3664,shared_paper
5865,3664,shared_paper
5866,3664,shared_paper
5867,3664,shared_paper
5868,3664,shared_paper
5869,3664,shared_paper
5870,3664,shared_paper
5871,3665,shared_paper
5872,3665,shared_paper
5873,3665,shared_paper
5874,3665,shared_paper
5875,3665,shared_paper
5876,3665,shared_paper
5877,3665,shared_paper
5878,3665,shared_paper
5879,3665,shared_paper
5880,3665,shared_paper
5881,3665,shared_paper
5882,3665,shared_paper
5883,3665,shared_paper
5884,3665,shared_paper
5885,3665,shared_paper
5886,3665,shared_paper
5887,3665,shared_paper
5888,3665,shared_paper
5889,3665,shared_paper
5890,3665,shared_paper
5891,3665,shared_paper
5892,3665,shared_paper
5893,3665,shared_paper
5894,3665,shared_paper
5895,3665,shared_paper
5896,3665,shared_paper
5897,3665,shared_paper
5898,3665,shared_paper
5899,3665,shared_paper
5900,3665,shared_paper
5901,3665,shared_paper
5902,3665,shared_paper
5903,3665,shared_paper
5904,3665,shared_paper
5905,3665,shared_paper
5906,3666,shared_paper
5907,3666,shared_paper
5908,3666,shared_paper
5909,3666,shared_paper
5910,3666,shared_paper
5911,3666,shared_paper
5912,3666,shared_paper
5913,3666,shared_paper
5914,3666,shared_paper
5915,3666,shared_paper
5916,3666,shared_paper
5917,3666,shared_paper
5918,3666,shared_paper
5919,3666,shared_paper
5920,3666,shared_paper
5921,3666,shared_paper
5922,3666,shared_paper
5923,3666,shared_paper
5924,3666,shared_paper
5925,3666,shared_paper
5926,3666,shared_paper
5927,3666,shared_paper
5928,3666,shared_paper
5929,3666,shared_paper
5930,3666,shared_paper
5931,3666,shared_paper
5932,3666,shared_paper
5933,3666,shared_paper
5934,3666,shared_paper
5935,3666,shared_paper
5936,3666,shared_paper
5937,3667,shared_paper
5938,3667,shared_paper
5939,3667,shared_paper
5940,3667,shared_paper
5941,3667,shared_paper
5942,3667,shared_paper
5943,3667,shared_paper
5944,3667,shared_paper
5945,3667,shared_paper
5946,3667,shared_paper
5947,3667,shared_paper
5948,3667,shared_paper
5949,3667,shared_paper
5950,3667,shared_paper
5951,3667,shared_paper
5952,3667,shared_paper
5953,3667,shared_paper
5954,3667,shared_paper
5955,3667,shared_paper
5956,3667,shared_paper
5957,3667,shared_paper
5958,3667,shared_paper
5959,3667,shared_paper
5960,3667,shared_paper
5961,3667,shared_paper
5962,3667,shared_paper
5963,3667,shared_paper
5964,3667,shared_paper
5965,3667,shared_paper
5966,3667,shared_paper
5967,3667,shared_paper
5968,3667,shared_paper
5969,3667,shared_paper
5970,3667,shared_paper
5971,3667,shared_paper
5972,3667,shared_paper
5973,3668,shared_paper
5974,3668,shared_paper
5975,3668,shared_paper
5976,3668,shared_paper
5977,3668,shared_paper
5978,3668,shared_paper
5979,3668,shared_paper
5980,3668,shared_paper
5981,3668,shared_paper
5982,3668,shared_paper
5983,3668,shared_paper
5984,3668,shared_paper
5985,3668,shared_paper
5986,3668,shared_paper
5987,3668,shared_paper
5988,3668,shared_paper
5989,3668,shared_paper
5990,3668,shared_paper
5991,3668,shared_paper
5992,3668,shared_paper
5993,3668,shared_paper
5994,3668,shared_paper
5995,3668,shared_paper
5996,3668,shared_paper
5997,3668,shared_paper
5998,3668,shared_paper
5999,3668,shared_paper
6000,3668,shared_paper
6001,3668,shared_paper
6002,3668,shared_paper
6003,3668,shared_paper
6004,3668,shared_paper
6005,3669,shared_paper
6006,3669,shared_paper
6007,3669,shared_paper
6008,3669,shared_paper
6009,3669,shared_paper
6010,3669,shared_paper
6011,3669,shared_paper
6012,3669,shared_paper
6013,3669,shared_paper
6014,3669,shared_paper
6015,3669,shared_paper
6016,3669,shared_paper
6017,3669,shared_paper
6018,3669,shared_paper
6019,3669,shared_paper
6020,3669,shared_paper
6021,3669,shared_paper
6022,3669,shared_paper
6023,3669,shared_paper
6024,3669,shared_paper
6025,3669,shared_paper
6026,3669,shared_paper
6027,3669,shared_paper
6028,3669,shared_paper
6029,3669,shared_paper
6030,3669,shared_paper
6031,3669,shared_paper
6032,3669,shared_paper
6033,3669,shared_paper
6034,3669,shared_paper
6035,3669,shared_paper
6036,3669,shared_paper
6037,3669,shared_paper
6038,3670,shared_paper
6039,3670,shared_paper
6040,3670,shared_paper
6041,3670,shared_paper
6042,3670,shared_paper
6043,3670,shared_paper
6044,3670,shared_paper
6045,3670,shared_paper
6046,3670,shared_paper
6047,3670,shared_paper
6048,3670,shared_paper
6049,3670,shared_paper
6050,3670,shared_paper
6051,3670,shared_paper
6052,3670,shared_paper
6053,3670,shared_paper
6054,3670,shared_paper
6055,3670,shared_paper
6056,3670,shared_paper
6057,3670,shared_paper
6058,3670,shared_paper
6059,3670,shared_paper
6060,3670,shared_paper
6061,3670,shared_paper
6062,3670,shared_paper
6063,3670,shared_paper
6064,3670,shared_paper
6065,3670,shared_paper
6066,3670,shared_paper
6067,3670,shared_paper
6068,3670,shared_paper
6069,3670,shared_paper
6070,3670,shared_paper
6071,3670,shared_paper
6072,3670,shared_paper
6073,3670,shared_paper
6074,3670,shared_paper
6075,3670,shared_paper
6076,3670,shared_paper
6077,3670,shared_paper
6078,3670,shared_paper
6079,3670,shared_paper
6080,3671,shared_paper
6081,3671,shared_paper
6082,3671,shared_paper
6083,3671,shared_paper
6084,3671,shared_paper
6085,3671,shared_paper
6086,3671,shared_paper
6087,3671,shared_paper
6088,3671,shared_paper
6089,3671,shared_paper
6090,3671,shared_paper
6091,3671,shared_paper
6092,3671,shared_paper
6093,3671,shared_paper
6094,3671,shared_paper
6095,3671,shared_paper
6096,3671,shared_paper
6097,3671,shared_paper
6098,3671,shared_paper
6099,3671,shared_paper
6100,3671,shared_paper
6101,3671,shared_paper
6102,3671,shared_paper
6103,3671,shared_paper
6104,3671,shared_paper
6105,3671,shared_paper
6106,3671,shared_paper
6107,3671,shared_paper
6108,3671,shared_paper
6109,3671,shared_paper
6110,3671,shared_paper
6111,3671,shared_paper
6112,3672,shared_paper
6113,3672,shared_paper
6114,3672,shared_paper
6115,3672,shared_paper
6116,3672,shared_paper
6117,3672,shared_paper
6118,3672,shared_paper
6119,3672,shared_paper
6120,3672,shared_paper
6121,3672,shared_paper
6122,3672,shared_paper
6123,3672,shared_paper
6124,3672,shared_paper
6125,3672,shared_paper
6126,3672,shared_paper
6127,3672,shared_paper
6128,3672,shared_paper
6129,3672,shared_paper
6130,3672,shared_paper
6131,3672,shared_paper
6132,3672,shared_paper
6133,3672,shared_paper
6134,3672,shared_paper
6135,3672,shared_paper
6136,3672,shared_paper
6137,3672,shared_paper
6138,3672,shared_paper
6139,3672,shared_paper
6140,3672,shared_paper
6141,3672,shared_paper
6142,3672,shared_paper
6143,3672,shared_paper
6144,3672,shared_paper
6145,3672,shared_paper
6146,3672,shared_paper
6147,3672,shared_paper
6148,3672,shared_paper
6149,3672,shared_paper
6150,3672,shared_paper
6151,3672,shared_paper
6152,3672,shared_paper
6153,3672,shared_paper
6154,3673,shared_paper
6155,3673,shared_paper
6156,3673,shared_paper
6157,3673,shared_paper
6158,3673,shared_paper
6159,3673,shared_paper
6160,3673,shared_paper
6161,3673,shared_paper
6162,3673,shared_paper
6163,3673,shared_paper
6164,3673,shared_paper
6165,3673,shared_paper
6166,3673,shared_paper
6167,3673,shared_paper
6168,3673,shared_paper
6169,3673,shared_paper
6170,3673,shared_paper
6171,3673,shared_paper
6172,3673,shared_paper
6173,3673,shared_paper
6174,3673,shared_paper
6175,3673,shared_paper
6176,3673,shared_paper
6177,3673,shared_paper
6178,3673,shared_paper
6179,3673,shared_paper
6180,3673,shared_paper
6181,3673,shared_paper
6182,3673,shared_paper
6183,3673,shared_paper
6184,3673,shared_paper
6185,3673,shared_paper
6186,3673,shared_paper
6187,3674,shared_paper
6188,3674,shared_paper
6189,3674,shared_paper
6190,3674,shared_paper
6191,3674,shared_paper
6192,3674,shared_paper
6193,3674,shared_paper
6194,3674,shared_paper
6195,3674,shared_paper
6196,3674,shared_paper
6197,3674,shared_paper
6198,3674,shared_paper
6199,3674,shared_paper
6200,3674,shared_paper
6201,3674,shared_paper
6202,3674,shared_paper
6203,3674,shared_paper
6204,3674,shared_paper
6205,3674,shared_paper
6206,3674,shared_paper
6207,3674,shared_paper
6208,3674,shared_paper
6209,3674,shared_paper
6210,3674,shared_paper
6211,3674,shared_paper
6212,3674,shared_paper
6213,3674,shared_paper
6214,3674,shared_paper
6215,3674,shared_paper
6216,3674,shared_paper
6217,3674,shared_paper
6218,3674,shared_paper
6219,3674,shared_paper
6220,3674,shared_paper
6221,3675,shared_paper
6222,3675,shared_paper
6223,3675,shared_paper
6224,3675,shared_paper
6225,3675,shared_paper
6226,3675,shared_paper
6227,3675,shared_paper
6228,3675,shared_paper
6229,3675,shared_paper
6230,3675,shared_paper
6231,3675,shared_paper
6232,3675,shared_paper
6233,3675,shared_paper
6234,3675,shared_paper
6235,3675,shared_paper
6236,3675,shared_paper
6237,3675,shared_paper
6238,3675,shared_paper
6239,3675,shared_paper
6240,3675,shared_paper
6241,3675,shared_paper
6242,3675,shared_paper
6243,3675,shared_paper
6244,3675,shared_paper
6245,3675,shared_paper
6246,3675,shared_paper
6247,3675,shared_paper
6248,3675,shared_paper
6249,3675,shared_paper
6250,3675,shared_paper
6251,3675,shared_paper
6252,3675,shared_paper
6253,3675,shared_paper
6254,3675,shared_paper
6255,3675,shared_paper
6256,3675,shared_paper
6257,3675,shared_paper
6258,3676,shared_paper
6259,3676,shared_paper
6260,3676,shared_paper
6261,3676,shared_paper
6262,3676,shared_paper
6263,3676,shared_paper
6264,3676,shared_paper
6265,3676,shared_paper
6266,3676,shared_paper
6267,3676,shared_paper
6268,3676,shared_paper
6269,3676,shared_paper
6270,3676,shared_paper
6271,3676,shared_paper
6272,3676,shared_paper
6273,3676,shared_paper
6274,3676,shared_paper
6275,3676,shared_paper
6276,3676,shared_paper
6277,3676,shared_paper
6278,3676,shared_paper
6279,3676,shared_paper
6280,3676,shared_paper
6281,3676,shared_paper
6282,3676,shared_paper
6283,3676,shared_paper
6284,3676,shared_paper
6285,3676,shared_paper
6286,3676,shared_paper
6287,3676,shared_paper
6288,3676,shared_paper
6289,3676,shared_paper
6290,3676,shared_paper
6291,3676,shared_paper
6292,3677,shared_paper
6293,3677,shared_paper
6294,3677,shared_paper
6295,3677,shared_paper
6296,3677,shared_paper
6297,3677,shared_paper
6298,3677,shared_paper
6299,3677,shared_paper
6300,3677,shared_paper
6301,3677,shared_paper
6302,3677,shared_paper
6303,3677,shared_paper
6304,3677,shared_paper
6305,3677,shared_paper
6306,3677,shared_paper
6307,3677,shared_paper
6308,3677,shared_paper
6309,3677,shared_paper
6310,3677,shared_paper
6311,3677,shared_paper
6312,3677,shared_paper
6313,3677,shared_paper
6314,3677,shared_paper
6315,3677,shared_paper
6316,3677,shared_paper
6317,3677,shared_paper
6318,3677,shared_paper
6319,3677,shared_paper
6320,3677,shared_paper
6321,3677,shared_paper
6322,3677,shared_paper
6323,3677,shared_paper
6324,3677,shared_paper
6325,3677,shared_paper
6326,3677,shared_paper
6327,3678,shared_paper
6328,3678,shared_paper
6329,3678,shared_paper
6330,3678,shared_paper
6331,3678,shared_paper
6332,3678,shared_paper
6333,3678,shared_paper
6334,3678,shared_paper
6335,3678,shared_paper
6336,3678,shared_paper
6337,3678,shared_paper
6338,3678,shared_paper
6339,3678,shared_paper
6340,3678,shared_paper
6341,3678,shared_paper
6342,3678,shared_paper
6343,3678,shared_paper
6344,3678,shared_paper
6345,3678,shared_paper
6346,3678,shared_paper
6347,3678,shared_paper
6348,3678,shared_paper
6349,3678,shared_paper
6350,3678,shared_paper
6351,3678,shared_paper
6352,3678,shared_paper
6353,3678,shared_paper
6354,3678,shared_paper
6355,3678,shared_paper
6356,3678,shared_paper
6357,3678,shared_paper
6358,3678,shared_paper
6359,3678,shared_paper
6360,3678,shared_paper
6361,3678,shared_paper
6362,3678,shared_paper
6363,3678,shared_paper
6364,3678,shared_paper
6365,3678,shared_paper
6366,3678,shared_paper
6367,3678,shared_paper
6368,3678,shared_paper
6369,3680,individual_link
6370,3681,individual_link
6371,3682,individual_link
6372,3683,individual_link
6373,3684,individual_link
6374,3685,individual_link
6375,3686,individual_link
6376,3687,individual_link
6377,3688,individual_link
6378,3689,individual_link
6379,3690,individual_link
6380,3691,individual_link
6381,3692,individual_link
6382,3693,individual_link
6383,3695,shared_paper
6383,3696,shared_paper
6384,3697,shared_paper
6384,3698,shared_paper
6385,3699,shared_paper
6385,3700,shared_paper
6386,3701,shared_paper
6386,3702,shared_paper
6387,3703,shared_paper
6387,3704,shared_paper
6388,3705,shared_paper
6388,3706,shared_paper
6389,3707,shared_paper
6389,3708,shared_paper
6390,3709,shared_paper
6390,3710,shared_paper
6391,3711,shared_paper
6391,3712,shared_paper
6392,3713,shared_paper
6392,3714,shared_paper
