item_type,item_id,stage,competition_slug,year,source_problem_id,source_file_id,source_file,source_sha256,detail,status,observed_units
physical_paper,5,paper_boundary_audit,ipho,2026,,5,originals/ipho/2026/IPhO_2026_Q1__0fc29bcca76d88b3.pdf,0fc29bcca76d88b36c6cc6630cddb9bd22fceb96da857a527b675b72cb97f833,"Reused persisted complete actual-statement inspection; manually checked boundary packet for every physical page, printed question headers, internal sections and file ending. QUESTION T1 with internal T1-A, T1-B electron pair, T1-C ozone. No additional independent top-level statement.",full_paper_boundaries_verified,1
physical_paper,10,paper_boundary_audit,ipho,2026,,10,originals/ipho/2026/IPhO_2026_Q2__d105a67ea95650c0.pdf,d105a67ea95650c035c3c1c2f7649b27fc594843e8037485927af1711225ce55,"Reused persisted complete actual-statement inspection; manually checked boundary packet for every physical page, printed question headers, internal sections and file ending. QUESTION T2 with internal solar cooker and caustics Parts A-C. No additional independent top-level statement.",full_paper_boundaries_verified,1
physical_paper,14,paper_boundary_audit,ipho,2026,,14,originals/ipho/2026/IPhO_2026_Q3__1fc6e246a0f1a369.pdf,1fc6e246a0f1a369719f5bd39bfc12f7b665353be84a91485c8643370330b224,"Reused persisted complete actual-statement inspection; manually checked boundary packet for every physical page, printed question headers, internal sections and file ending. QUESTION T3 with internal magnetic cooling tasks A-C. No additional independent top-level statement.",full_paper_boundaries_verified,1
physical_paper,24,paper_boundary_audit,ipho,2026,,24,originals/ipho/2026/IPhO_2026_Q4__3f79b7d7fd62784a.pdf,3f79b7d7fd62784a61679721d953e3eadf9d1a2838b5bec34c6a249a14014471,"Reused persisted complete actual-statement inspection; manually checked boundary packet for every physical page, printed question headers, internal sections and file ending. One 20-point experimental paper with shared apparatus and internal Parts A ideal gas, B vapor pressure, C heat conduction; operating notes not tasks. No additional independent top-level statement.",full_paper_boundaries_verified,1
physical_paper,31,paper_boundary_audit,ipho,2025,,31,originals/ipho/2025/IPhO_2025_Q1__866d34e6f1c5469c.pdf,866d34e6f1c5469c9a33761f9b8fea94e41620cb28831ed5401b056febdc4485,"Reused persisted complete actual-statement inspection; manually checked boundary packet for every physical page, printed question headers, internal sections and file ending. Q1 Hydrogen and galaxies, Parts A-D. No additional independent top-level statement.",full_paper_boundaries_verified,1
physical_paper,36,paper_boundary_audit,ipho,2025,,36,originals/ipho/2025/IPhO_2025_Q2__2a23bf9c8451fbaa.pdf,2a23bf9c8451fbaa7036ca6eaf83aaae49995d3b5aa5f2600874296319ddd333,"Reused persisted complete actual-statement inspection; manually checked boundary packet for every physical page, printed question headers, internal sections and file ending. Q2 Cox timepiece, Parts A-C. No additional independent top-level statement.",full_paper_boundaries_verified,1
physical_paper,43,paper_boundary_audit,ipho,2025,,43,originals/ipho/2025/IPhO_2025_Q3__d8715ed3a2c6e552.pdf,d8715ed3a2c6e552f294aef451382db869c8e7fd800621a7b1b30886c705cdd8,"Reused persisted complete actual-statement inspection; manually checked boundary packet for every physical page, printed question headers, internal sections and file ending. Q3 Champagne, Parts A-C. No additional independent top-level statement.",full_paper_boundaries_verified,1
physical_paper,51,paper_boundary_audit,ipho,2025,,51,originals/ipho/2025/IPhO_2025_Q4__eae8d246bbd81254.pdf,eae8d246bbd812547299a4d126281138f1225a4eaa6da8298f6bfb4570e4b314,"Reused persisted complete actual-statement inspection; manually checked boundary packet for every physical page, printed question headers, internal sections and file ending. Experimental Q1 Earth magnetic field, Parts A-B. No additional independent top-level statement.",full_paper_boundaries_verified,1
physical_paper,57,paper_boundary_audit,ipho,2025,,57,originals/ipho/2025/IPhO_2025_Q5__52e680658d4b701e.pdf,52e680658d4b701e4fe0d78a342130cdedbe312fefebac4f17f131617eb98572,"Reused persisted complete actual-statement inspection; manually checked boundary packet for every physical page, printed question headers, internal sections and file ending. Experimental Q2 Sand craters and dunes, internal craters/dunes tasks A-B. No additional independent top-level statement.",full_paper_boundaries_verified,1
physical_paper,64,paper_boundary_audit,ipho,2025,,64,originals/ipho/2025/IPhO_2025_Q6__01f1b530c5f5d125.pdf,01f1b530c5f5d1253c9043fe26344a61e3af573ea653c2ba8db8e90822b813af,"Reused persisted complete actual-statement inspection; manually checked boundary packet for every physical page, printed question headers, internal sections and file ending. Backup theoretical Q4 Fermi gases, internal A-B. No additional independent top-level statement.",full_paper_boundaries_verified,1
physical_paper,70,paper_boundary_audit,ipho,2024,,70,originals/ipho/2024/IPhO_2024_Q1__a513d544b6dc80e8.pdf,a513d544b6dc80e8fd6454d908e14b378b6e4306cb3bc49d26f826558862803a,"Reused persisted complete actual-statement inspection; manually checked boundary packet for every physical page, printed question headers, internal sections and file ending. Greenhouse-effect theory, internal A-B. No additional independent top-level statement.",full_paper_boundaries_verified,1
physical_paper,77,paper_boundary_audit,ipho,2024,,77,originals/ipho/2024/IPhO_2024_Q2__0f3b3e4f6162f1e0.pdf,0f3b3e4f6162f1e0341cfe0ab33b22e98fadb3d9750de53ebf2fb169d9263df4,"Reused persisted complete actual-statement inspection; manually checked boundary packet for every physical page, printed question headers, internal sections and file ending. Trapping ions and cooling atoms, internal A-B. No additional independent top-level statement.",full_paper_boundaries_verified,1
physical_paper,86,paper_boundary_audit,ipho,2024,,86,originals/ipho/2024/IPhO_2024_Q3__2ff2d180492f1655.pdf,2ff2d180492f1655f30d2655847b2aeaff827d69ccba54ff5d0dbcb9f7489ddb,"Reused persisted complete actual-statement inspection; manually checked boundary packet for every physical page, printed question headers, internal sections and file ending. Black widow pulsar, internal A-B. No additional independent top-level statement.",full_paper_boundaries_verified,1
physical_paper,89,paper_boundary_audit,ipho,2024,,89,originals/ipho/2024/IPhO_2024_Q4__b3b1f0bff9aecfb4.pdf,b3b1f0bff9aecfb4e0f9e657748d4af98433a286bbec4c3deb219f259f7f7f4a,"Reused persisted complete actual-statement inspection; manually checked boundary packet for every physical page, printed question headers, internal sections and file ending. Experimental heat conduction in copper rod, Parts A-C, shared apparatus. No additional independent top-level statement.",full_paper_boundaries_verified,1
physical_paper,95,paper_boundary_audit,ipho,2024,,95,originals/ipho/2024/IPhO_2024_Q5__5b2694682b0035a7.pdf,5b2694682b0035a7d04801bc92bed8e1f97e97450b73a44577018345204e7434,"Reused persisted complete actual-statement inspection; manually checked boundary packet for every physical page, printed question headers, internal sections and file ending. Experimental diffraction phase steps, Parts A-C, shared apparatus. No additional independent top-level statement.",full_paper_boundaries_verified,1
physical_paper,101,paper_boundary_audit,ipho,2023,,101,originals/ipho/2023/IPhO_2023_Q1__4fef805edaaa3c23.pdf,4fef805edaaa3c236c1e6a326bb5dd217e2915bee3bddfeb42652355cd7154c0,"Reused persisted complete actual-statement inspection; manually checked boundary packet for every physical page, printed question headers, internal sections and file ending. Q1 Soil colloids, internal Parts A-E. No additional independent top-level statement.",full_paper_boundaries_verified,1
physical_paper,107,paper_boundary_audit,ipho,2023,,107,originals/ipho/2023/IPhO_2023_Q2__1952ff21f907107b.pdf,1952ff21f907107b23c3757af34ecdcb362f38b56085aae32bc183d287beb4cd,"Reused persisted complete actual-statement inspection; manually checked boundary packet for every physical page, printed question headers, internal sections and file ending. Q2 Neutron stars, internal Parts A-C. No additional independent top-level statement.",full_paper_boundaries_verified,1
physical_paper,111,paper_boundary_audit,ipho,2023,,111,originals/ipho/2023/IPhO_2023_Q3__fe25d0f5ef076db8.pdf,fe25d0f5ef076db853d8b64a1a9d58ca343665087ab8afe1dec294e53d8a9016,"Reused persisted complete actual-statement inspection; manually checked boundary packet for every physical page, printed question headers, internal sections and file ending. Q3 Water and objects, internal Parts A-C. No additional independent top-level statement.",full_paper_boundaries_verified,1
physical_paper,113,paper_boundary_audit,ipho,2023,,113,originals/ipho/2023/IPhO_2023_Q4__01c27da4a0fa4bbd.pdf,01c27da4a0fa4bbdced37c9a7f6eca4eac4254ff3d02502079907871ef540e6e,"Reused persisted complete actual-statement inspection; manually checked boundary packet for every physical page, printed question headers, internal sections and file ending. Experimental Q1 mass measurement, internal Parts A-D. No additional independent top-level statement.",full_paper_boundaries_verified,1
physical_paper,118,paper_boundary_audit,ipho,2023,,118,originals/ipho/2023/IPhO_2023_Q5__5d2645f3e0f65422.pdf,5d2645f3e0f6542259c854a14832733fe5e89a2aeb0be629c8352ad018d961b0,"Reused persisted complete actual-statement inspection; manually checked boundary packet for every physical page, printed question headers, internal sections and file ending. Experimental Q2 birefringence thickness, Parts A-C; final three pages refractive-index table. No additional independent top-level statement.",full_paper_boundaries_verified,1
physical_paper,124,paper_boundary_audit,ipho,2022,,124,originals/ipho/2022/IPhO_2022_Q1__0f90f13d7fc724fd.pdf,0f90f13d7fc724fdda8393698e0e7450f3c1e47970bd91b36dbd96eefeaff99d,"Reused persisted complete actual-statement inspection; manually checked boundary packet for every physical page, printed question headers, internal sections and file ending. Q1 permanent magnets, internal Parts A-C. No additional independent top-level statement.",full_paper_boundaries_verified,1
physical_paper,127,paper_boundary_audit,ipho,2022,,127,originals/ipho/2022/IPhO_2022_Q2__6566f8eff10a5467.pdf,6566f8eff10a54679574c2834ed1d1e9888fe4533a5b6d7f546d061fe53c0337,"Reused persisted complete actual-statement inspection; manually checked boundary packet for every physical page, printed question headers, internal sections and file ending. Q2 Webb telescope, internal Parts A-D. No additional independent top-level statement.",full_paper_boundaries_verified,1
physical_paper,130,paper_boundary_audit,ipho,2022,,130,originals/ipho/2022/IPhO_2022_Q3__d3fc5f300c6854c3.pdf,d3fc5f300c6854c3a0d91554f7c52b9cb54d2bb3b9d15dfcea0a2d38ea983bf6,Read complete physical file cached text across all pages: Q3 Scaling laws Parts A-D. One printed top-level unit matches existing row; no separate omitted task. Internal parts remain together. Existing physics decision retained.,full_paper_boundaries_verified,1
physical_paper,131,paper_boundary_audit,ipho,2022,,131,originals/ipho/2022/IPhO_2022_Q4__7210388f1b8aa4d6.pdf,7210388f1b8aa4d6de1d8d634d7dccca4556533b5f8b00736c8c65ba7258cff9,"Reused persisted complete actual-statement inspection; manually checked boundary packet for every physical page, printed question headers, internal sections and file ending. Experimental Q1 planet, internal Parts A-C with simulation instructions. No additional independent top-level statement.",full_paper_boundaries_verified,1
physical_paper,134,paper_boundary_audit,ipho,2022,,134,originals/ipho/2022/IPhO_2022_Q5__65eafb197a655131.pdf,65eafb197a655131c934f68673394250c61b0ac25336dc563b4284301de1cd19,"Reused persisted complete actual-statement inspection; manually checked boundary packet for every physical page, printed question headers, internal sections and file ending. Experimental Q2 cylindrical diode, internal Parts A-C with simulation instructions. No additional independent top-level statement.",full_paper_boundaries_verified,1
physical_paper,137,paper_boundary_audit,ipho,2021,,137,originals/ipho/2021/IPhO_2021_Q1__f37517d2efa23f5d.pdf,f37517d2efa23f5d2b7c1426452bb6af43302aba01ba5c2fb516ca4e763342c1,"Reused persisted complete actual-statement inspection; manually checked boundary packet for every physical page, printed question headers, internal sections and file ending. Q1 planetary physics, internal Parts A-B. No additional independent top-level statement.",full_paper_boundaries_verified,1
physical_paper,141,paper_boundary_audit,ipho,2021,,141,originals/ipho/2021/IPhO_2021_Q2__7c90dde74ecbae90.pdf,7c90dde74ecbae904c90324acf177348b68ef8f5b00b865e890bd5a3cf296a2f,"Reused persisted complete actual-statement inspection; manually checked boundary packet for every physical page, printed question headers, internal sections and file ending. Q2 electrostatic lens, internal Parts A-D. No additional independent top-level statement.",full_paper_boundaries_verified,1
physical_paper,144,paper_boundary_audit,ipho,2021,,144,originals/ipho/2021/IPhO_2021_Q3__c065e99f72751b1f.pdf,c065e99f72751b1f7e544c95516ba292aecc2f3320d42b25b96e7faf7c5750b4,"Reused persisted complete actual-statement inspection; manually checked boundary packet for every physical page, printed question headers, internal sections and file ending. Q3 particles and waves, internal Parts A-D. No additional independent top-level statement.",full_paper_boundaries_verified,1
physical_paper,146,paper_boundary_audit,ipho,2021,,146,originals/ipho/2021/IPhO_2021_Q4__2e3003603f5e689a.pdf,2e3003603f5e689ad1c8dcf1672ecd1f8595f154d1e82c621c000d37dcaf181c,"Reused persisted complete actual-statement inspection; manually checked boundary packet for every physical page, printed question headers, internal sections and file ending. Experimental Q1 nonideal capacitors, Parts A-D; measurement examples are instructions. No additional independent top-level statement.",full_paper_boundaries_verified,1
physical_paper,151,paper_boundary_audit,ipho,2021,,151,originals/ipho/2021/IPhO_2021_Q5__b2d76544bf01c5e6.pdf,b2d76544bf01c5e6f6d11625725d6f03939ad9cd1e9755036408643fc032c91d,"Reused persisted complete actual-statement inspection; manually checked boundary packet for every physical page, printed question headers, internal sections and file ending. Experimental Q2 LEDs, internal Parts A-C. No additional independent top-level statement.",full_paper_boundaries_verified,1
physical_paper,153,paper_boundary_audit,ipho,2020,,153,originals/ipho/2020/IPhO_2020_Q1__24b8620c41f5ec6f.pdf,24b8620c41f5ec6fa0e62bd038a289f874d615ea92cd9e1d8ec2d4d02937bc9d,Read complete physical file cached text across all pages: Q1 Problem mix Parts A-C. One printed top-level unit matches existing row; no separate omitted task. Internal parts remain together. Existing physics decision retained.,full_paper_boundaries_verified,1
physical_paper,156,paper_boundary_audit,ipho,2020,,156,originals/ipho/2020/IPhO_2020_Q2__e6138b8b130cee69.pdf,e6138b8b130cee69f9976b73b1f8652d44599f3f024b19c3f13483cbaecbe7d0,Read complete physical file cached text across all pages: Q2 Anisotropic friction Parts A-C. One printed top-level unit matches existing row; no separate omitted task. Internal parts remain together. Existing physics decision retained.,full_paper_boundaries_verified,1
physical_paper,158,paper_boundary_audit,ipho,2020,,158,originals/ipho/2020/IPhO_2020_Q3__8f24d3578be62d45.pdf,8f24d3578be62d45501ea9fbfe1d1f7759f249d5f9e85e22aa6f1f85b2a52ee0,"Reused persisted complete actual-statement inspection; manually checked boundary packet for every physical page, printed question headers, internal sections and file ending. Q3 laser technologies, internal Parts A-C. No additional independent top-level statement.",full_paper_boundaries_verified,1
physical_paper,161,paper_boundary_audit,ipho,2020,,161,originals/ipho/2020/IPhO_2020_Q4__3aebe20ff8a3af68.pdf,3aebe20ff8a3af686e7c7b052d87d82ce1235bd47134e8cdbde80db49fe36da1,"Reused persisted complete actual-statement inspection; manually checked boundary packet for every physical page, printed question headers, internal sections and file ending. Experimental Q1 crystallography, internal A-D and equipment/instructions at end. No additional independent top-level statement.",full_paper_boundaries_verified,1
physical_paper,165,paper_boundary_audit,ipho,2019,,165,originals/ipho/2019/IPhO_2019_Q1__96b623b665b38e67.pdf,96b623b665b38e671740257d7e28b7b2b2d92db3450be39e5043f00e22ef6927,"Reused persisted complete actual-statement inspection; manually checked boundary packet for every physical page, printed question headers, internal sections and file ending. Q1 zero-length springs and slinky, internal Parts A-C. No additional independent top-level statement.",full_paper_boundaries_verified,1
physical_paper,169,paper_boundary_audit,ipho,2019,,169,originals/ipho/2019/IPhO_2019_Q2__a33326a968579e95.pdf,a33326a968579e95499464f29c90da9bffb3c4e6e715d54bab49e9f5319a8ee1,"Reused persisted complete actual-statement inspection; manually checked boundary packet for every physical page, printed question headers, internal sections and file ending. Q2 microwave oven, internal Parts A-B. No additional independent top-level statement.",full_paper_boundaries_verified,1
physical_paper,171,paper_boundary_audit,ipho,2019,,171,originals/ipho/2019/IPhO_2019_Q3__30182f27b8154b5f.pdf,30182f27b8154b5fa2e7c12b99e11b98c3a3dc136b77ad74722df26bdf040362,"Reused persisted complete actual-statement inspection; manually checked boundary packet for every physical page, printed question headers, internal sections and file ending. Q3 thermoacoustic engine, internal Parts A-B. No additional independent top-level statement.",full_paper_boundaries_verified,1
physical_paper,176,paper_boundary_audit,ipho,2019,,176,originals/ipho/2019/IPhO_2019_Q4__91fdde2739624b55.pdf,91fdde2739624b552ec578ec07e038159d64823d86bfcf26ff3f0e31edd935d0,"Reused persisted complete actual-statement inspection; manually checked boundary packet for every physical page, printed question headers, internal sections and file ending. Experimental Q1 optical measurements, internal Parts A-C and common equipment. No additional independent top-level statement.",full_paper_boundaries_verified,1
physical_paper,182,paper_boundary_audit,ipho,2019,,182,originals/ipho/2019/IPhO_2019_Q5__6c4f60f7ea73d300.pdf,6c4f60f7ea73d300608ebeff80927c94143d360d2c3955d792e441d108530f6d,"Manually inspected all-page physical-file boundary packet and reused persisted complete statement/render inspection. Experimental Q2 Wiedemann-Franz, internal Parts A-D; equipment and calibration belong to that experiment. No additional top-level problem.",full_paper_boundaries_verified,1
physical_paper,189,paper_boundary_audit,ipho,2018,,189,originals/ipho/2018/IPhO_2018_Q1__5d0ba5473601aec1.pdf,5d0ba5473601aec11962a660ed55bc759485db68a0b66109c324335fbebf9752,"Manually inspected all-page physical-file boundary packet and reused persisted complete statement/render inspection. Q1 LIGO, internal Parts A-B. No additional top-level problem.",full_paper_boundaries_verified,1
physical_paper,191,paper_boundary_audit,ipho,2018,,191,originals/ipho/2018/IPhO_2018_Q2__848199e2cc3a3118.pdf,848199e2cc3a3118555fb8e73dbfbd3d0f05969beb37317d5757c1499f48e1f6,"Manually inspected all-page physical-file boundary packet and reused persisted complete statement/render inspection. Q2 neutrino, internal Parts A-B. No additional top-level problem.",full_paper_boundaries_verified,1
physical_paper,195,paper_boundary_audit,ipho,2018,,195,originals/ipho/2018/IPhO_2018_Q3__fdce49fdb954bb31.pdf,fdce49fdb954bb317d0e6c5e227adef48a758ac90e0d45bbcecdb6991c40165e,"Manually inspected all-page physical-file boundary packet and reused persisted complete statement/render inspection. Q3 live systems, internal Parts A-B. No additional top-level problem.",full_paper_boundaries_verified,1
physical_paper,202,paper_boundary_audit,ipho,2018,,202,originals/ipho/2018/IPhO_2018_Q4__9233c4a76bc944d7.pdf,9233c4a76bc944d7c2c8b24df18f24dae5612e063d58f4b707292e188c093fb8,"Manually inspected all-page physical-file boundary packet and reused persisted complete statement/render inspection. Experimental Q1 paper transistor, internal Parts A-D and equipment. No additional top-level problem.",full_paper_boundaries_verified,1
physical_paper,204,paper_boundary_audit,ipho,2018,,204,originals/ipho/2018/IPhO_2018_Q5__b06660ac30afa2c4.pdf,b06660ac30afa2c40c3cc453f82ab86972279869ae2cf83203c8daf3ff0de2b6,"Manually inspected all-page physical-file boundary packet and reused persisted complete statement/render inspection. Experimental Q2 polymer viscoelasticity, internal Parts A-D and equipment. No additional top-level problem.",full_paper_boundaries_verified,1
physical_paper,209,paper_boundary_audit,ipho,2017,,209,originals/ipho/2017/IPhO_2017_Q1__83bacf0ca9134cfc.pdf,83bacf0ca9134cfcd8cb2009cf963fc702618cfd75843138c10b2621473d8892,Manually inspected all-page physical-file boundary packet and reused persisted complete statement/render inspection. T1 repeated on all five pages; prior all-page rendered inspection reused because extraction is damaged. No additional top-level problem.,full_paper_boundaries_verified,1
physical_paper,212,paper_boundary_audit,ipho,2017,,212,originals/ipho/2017/IPhO_2017_Q2__56af240e6ee694b3.pdf,56af240e6ee694b30404ad210c50544a8e2b37ff656a8dd2f26909c06a314e4f,Manually inspected all-page physical-file boundary packet and reused persisted complete statement/render inspection. T2 repeated on all six pages; prior all-page rendered inspection reused because extraction is damaged. No additional top-level problem.,full_paper_boundaries_verified,1
physical_paper,215,paper_boundary_audit,ipho,2017,,215,originals/ipho/2017/IPhO_2017_Q3__23dab6c537a90073.pdf,23dab6c537a9007370eba4f67c31c715c71f2aaa856716b7a3fdee357b543e61,Manually inspected all-page physical-file boundary packet and reused persisted complete statement/render inspection. T3 repeated on all five pages; prior all-page rendered inspection reused because extraction is damaged. No additional top-level problem.,full_paper_boundaries_verified,1
physical_paper,220,paper_boundary_audit,ipho,2017,,220,originals/ipho/2017/IPhO_2017_Q4__7f56233ce9ebabbd.pdf,7f56233ce9ebabbd3178d45683ddf3e859de9bb992727557a5f2a26b14ab48ce,Manually inspected all-page physical-file boundary packet and reused persisted complete statement/render inspection. E1 repeated on all eight pages; prior all-page rendered inspection reused because extraction is damaged. No additional top-level problem.,full_paper_boundaries_verified,1
physical_paper,224,paper_boundary_audit,ipho,2017,,224,originals/ipho/2017/IPhO_2017_Q5__bc75d85492335347.pdf,bc75d85492335347a6f97fd37248c1af890df86a51dccd415fc3ac3ca21619f9,Manually inspected all-page physical-file boundary packet and reused persisted complete statement/render inspection. E2 repeated on all eleven pages; prior all-page rendered inspection reused because extraction is damaged. No additional top-level problem.,full_paper_boundaries_verified,1
physical_paper,227,paper_boundary_audit,ipho,2016,,227,originals/ipho/2016/IPhO_2016_Q1__bb5f498da4d5f0fe.pdf,bb5f498da4d5f0fe13e8540346780e17a12a1a5aefd1f3ee1f1b8c8bab724300,Manually inspected all-page physical-file boundary packet and reused persisted complete statement/render inspection. Q1 Two Problems in Mechanics: hidden disk and rotating station are explicitly internal Parts A-B of one 10-point problem. No additional top-level problem.,full_paper_boundaries_verified,1
physical_paper,230,paper_boundary_audit,ipho,2016,,230,originals/ipho/2016/IPhO_2016_Q2__6bf5c3371973491e.pdf,6bf5c3371973491e192442bc6585262a6574d0f8fd34debeca2e83625041a1b7,"Manually inspected all-page physical-file boundary packet and reused persisted complete statement/render inspection. Q2 nonlinear circuits, internal Parts A-C. No additional top-level problem.",full_paper_boundaries_verified,1
physical_paper,233,paper_boundary_audit,ipho,2016,,233,originals/ipho/2016/IPhO_2016_Q3__672adee6f5181ea4.pdf,672adee6f5181ea48bb90130a3e4dc00c39ded39fc92e14508e289b43ea1029c,"Manually inspected all-page physical-file boundary packet and reused persisted complete statement/render inspection. Q3 Large Hadron Collider, internal Parts A-B. No additional top-level problem.",full_paper_boundaries_verified,1
physical_paper,239,paper_boundary_audit,ipho,2016,,239,originals/ipho/2016/IPhO_2016_Q4__2ed88d2e3c7bced9.pdf,2ed88d2e3c7bced9295ba0e505cdc6a4bbdfed1a76f8933f03d8bf3ebbbcce9b,"Manually inspected all-page physical-file boundary packet and reused persisted complete statement/render inspection. pp1-4 general experimental instructions and shared equipment; pp5-13 experimental Q1 conductivity only, internal Parts A-E. No additional top-level problem.",full_paper_boundaries_verified,1
physical_paper,244,paper_boundary_audit,ipho,2016,,244,originals/ipho/2016/IPhO_2016_Q5__8bcd286320d4ecb6.pdf,8bcd286320d4ecb65b5e35073384df41364e037442106a96cb8eba2162b7eba2,"Manually inspected all-page physical-file boundary packet and reused persisted complete statement/render inspection. Experimental Q2 jumping beads, internal Parts A-C. No additional top-level problem.",full_paper_boundaries_verified,1
physical_paper,250,paper_boundary_audit,ipho,2015,,250,originals/ipho/2015/IPhO_2015_Q1__8a2011423c093bff.pdf,8a2011423c093bffb23b121b63e7e07f8422f20a49d5a6521623a58d44759f9c,Read complete physical file cached text across all pages: T1 Particles from the Sun A1-A10/B1-B4. One printed top-level unit matches existing row; no separate omitted task. Internal parts remain together. Existing physics decision retained.,full_paper_boundaries_verified,1
physical_paper,252,paper_boundary_audit,ipho,2015,,252,originals/ipho/2015/IPhO_2015_Q2__408546e55fec4a80.pdf,408546e55fec4a800aebb7ea20aaddc70bf87e9e5899772518130da6aa98a891,Read complete physical file cached text across all pages: T2 Extremum Principle Parts A-D. One printed top-level unit matches existing row; no separate omitted task. Internal parts remain together. Existing physics decision retained.,full_paper_boundaries_verified,1
physical_paper,254,paper_boundary_audit,ipho,2015,,254,originals/ipho/2015/IPhO_2015_Q3__9d713aaa58ff54b6.pdf,9d713aaa58ff54b62a0c07496328cb82b5d209fc0e6ba4eab0ca57825a72c892,Read complete physical file cached text across all pages: T3 Nuclear Reactor Parts A-C. One printed top-level unit matches existing row; no separate omitted task. Internal parts remain together. Existing physics decision retained.,full_paper_boundaries_verified,1
physical_paper,256,paper_boundary_audit,ipho,2015,,256,originals/ipho/2015/IPhO_2015_Q4__de2b9b31dab3e92a.pdf,de2b9b31dab3e92abc0563bb27c253987899957812492dbaff5cf4b591258807,"Manually inspected all-page physical-file boundary packet and reused persisted complete statement/render inspection. E-I helical diffraction, internal Parts A-B and apparatus. No additional top-level problem.",full_paper_boundaries_verified,1
physical_paper,258,paper_boundary_audit,ipho,2015,,258,originals/ipho/2015/IPhO_2015_Q5__a2aa9e6ae4dbea20.pdf,a2aa9e6ae4dbea20dcce9d427b04851a259e8732377a3fbe897d093e24aec2ae,"Manually inspected all-page physical-file boundary packet and reused persisted complete statement/render inspection. E-II surface-wave diffraction, internal Parts C-E and apparatus; E1-E3 are internal numbered viscosity outputs, not three experiments. No additional top-level problem.",full_paper_boundaries_verified,1
physical_paper,263,paper_boundary_audit,ipho,2014,,263,originals/ipho/2014/IPhO_2014_Q1__ccf942b469f4e811.pdf,ccf942b469f4e81119bfaac50bac1010daad35e678fd14af2abdb0c19fcb44ad,Read complete physical file cached text across all pages: Problem 1 Parts A-C expressly independent INTERNAL parts of one 9-point problem. One printed top-level unit matches existing row; no separate omitted task. Internal parts remain together. Existing physics decision retained.,full_paper_boundaries_verified,1
physical_paper,265,paper_boundary_audit,ipho,2014,,265,originals/ipho/2014/IPhO_2014_Q2__862c0db3b0c07a22.pdf,862c0db3b0c07a227da642c70516ff8273491bd7bc04820e9ea79d0983456934,"Manually inspected all-page physical-file boundary packet and reused persisted complete statement/render inspection. Problem 2 van der Waals gas, internal Parts A-B. No additional top-level problem.",full_paper_boundaries_verified,1
physical_paper,268,paper_boundary_audit,ipho,2014,,268,originals/ipho/2014/IPhO_2014_Q3__0e3dcc253bdf2e88.pdf,0e3dcc253bdf2e889af946083bcba30328cdcc920ac2a3da0fa54c94bcce2138,Read complete physical file cached text across all pages: Problem 3 Gas discharge Parts A-B. One printed top-level unit matches existing row; no separate omitted task. Internal parts remain together. Existing physics decision retained.,full_paper_boundaries_verified,1
physical_paper,271,paper_boundary_audit,ipho,2014,,271,originals/ipho/2014/IPhO_2014_Q4__999c398576413f5c.pdf,999c398576413f5cc98d677fc2a05d3e34f91472f0a6a70c34ab7fe2a5833682,"Manually inspected all-page physical-file boundary packet and reused persisted complete statement/render inspection. One 20-point experimental problem To See Invisible, internal Parts 1/2 and apparatus Appendix A/B. No additional top-level problem.",full_paper_boundaries_verified,1
physical_paper,275,paper_boundary_audit,ipho,2013,,275,originals/ipho/2013/IPhO_2013_Q1__2c684cd54d06972a.pdf,2c684cd54d06972ad1b220c0d9554a70e56112e984bcb3590be5c084a94a9875,Manually inspected all-page physical-file boundary packet and reused persisted complete statement/render inspection. p1 constants data sheet only; pp2-5 one T1 Maribo meteorite. No additional top-level problem.,full_paper_boundaries_verified,1
physical_paper,277,paper_boundary_audit,ipho,2013,,277,originals/ipho/2013/IPhO_2013_Q2__5f7951cb064f6670.pdf,5f7951cb064f66701ac13e3b584cc74d2af76da8725b134b6f325f6010950be8,Manually inspected all-page physical-file boundary packet and reused persisted complete statement/render inspection. p1 constants data sheet only; pp2-5 one T2 plasmonic steam generator. No additional top-level problem.,full_paper_boundaries_verified,1
physical_paper,278,paper_boundary_audit,ipho,2013,,278,originals/ipho/2013/IPhO_2013_Q3__8b84c2f2f1183044.pdf,8b84c2f2f11830442b585c49db7b0859f83de57d43fd36e74ce14ba96f82ea30,Manually inspected all-page physical-file boundary packet and reused persisted complete statement/render inspection. p1 constants data sheet only; pp2-5 one T3 Greenland ice sheet. No additional top-level problem.,full_paper_boundaries_verified,1
physical_paper,280,paper_boundary_audit,ipho,2013,,280,originals/ipho/2013/IPhO_2013_Q4__727bfa5b90f3535b.pdf,727bfa5b90f3535be7343096f9303b61f0be92be0fa37090b5daf2a68addb78c,"Manually inspected all-page physical-file boundary packet and reused persisted complete statement/render inspection. One E1 speed-of-light experiment, internal sections 1.1-1.4; shared laser distance meter. No additional top-level problem.",full_paper_boundaries_verified,1
physical_paper,282,paper_boundary_audit,ipho,2013,,282,originals/ipho/2013/IPhO_2013_Q5__40489a5d2c495fac.pdf,40489a5d2c495fac519718ffb0d3a12b7689ffb35b34966b9a6b50cc394bf68c,"All physical-page boundary contexts manually checked against complete persisted source inspection. One E2 Solar cells, internal sections 2.1-2.7 and equipment. No additional independent statement.",full_paper_boundaries_verified,1
physical_paper,285,paper_boundary_audit,ipho,2012,,285,originals/ipho/2012/IPhO_2012_Q1__7150fb8bf4eeab36.pdf,7150fb8bf4eeab366d03a52b2ed7e8ce40d0f1addf21c4d634a45a75273c2cb4,Read complete physical file cached text across all pages: T1 Focus on sketches Parts A-C. One printed top-level unit matches existing row; no separate omitted task. Internal parts remain together. Existing physics decision retained.,full_paper_boundaries_verified,1
physical_paper,287,paper_boundary_audit,ipho,2012,,287,originals/ipho/2012/IPhO_2012_Q2__2861013a629439e5.pdf,2861013a629439e55c3db905e764fd115fb31c9b1ce294d1e1aab3c78a19b2a2,Read complete physical file cached text across all pages: T2 Kelvin dropper Parts A-B. One printed top-level unit matches existing row; no separate omitted task. Internal parts remain together. Existing physics decision retained.,full_paper_boundaries_verified,1
physical_paper,289,paper_boundary_audit,ipho,2012,,289,originals/ipho/2012/IPhO_2012_Q3__f045d1d81bcab9f3.pdf,f045d1d81bcab9f3220e5a54108d7166e158df0a75d52c11c802e12a0b209876,Read complete physical file cached text across all pages: T3 Protostar formation i-vi. One printed top-level unit matches existing row; no separate omitted task. Internal parts remain together. Existing physics decision retained.,full_paper_boundaries_verified,1
physical_paper,291,paper_boundary_audit,ipho,2012,,291,originals/ipho/2012/IPhO_2012_Q4__824150e675e8d2ba.pdf,824150e675e8d2ba0defd7531dcc1fdf6ffc4169de63167187e453ce91be87e2,All physical-page boundary contexts manually checked against complete persisted source inspection. p1 general experimental instructions mention both experiments but contain no other statement; pp2-3 E1 water permeability Parts A-B only. No additional independent statement.,full_paper_boundaries_verified,1
physical_paper,293,paper_boundary_audit,ipho,2012,,293,originals/ipho/2012/IPhO_2012_Q5__33a4af915f778563.pdf,33a4af915f778563aa19211d6922211a23a165786e400f7334d8d91489064015,"Read complete physical file cached text across all pages: E2 Nonlinear Black Box Parts A-B then multimeter manual, not additional experiment. One printed top-level unit matches existing row; no separate omitted task. Internal parts remain together. Existing physics decision retained.",full_paper_boundaries_verified,1
physical_paper,294,paper_boundary_audit,ipho,2011,,294,originals/ipho/2011/IPhO_2011_Q1__356ee3ec4a4f3ea2.pdf,356ee3ec4a4f3ea200393a2b814b7bbdcdfc4bbd831cf99055cb1db093d0aaae,"All physical-page boundary contexts manually checked against complete persisted source inspection. Question 1 three-body LISA, internal sections 1.1-1.4. No additional independent statement.",full_paper_boundaries_verified,1
physical_paper,297,paper_boundary_audit,ipho,2011,,297,originals/ipho/2011/IPhO_2011_Q2__8b71dc45da02c002.pdf,8b71dc45da02c0022e091225e851b8bea9e8256e75182f7d2fd3ffe393cbdab4,Read complete physical file cached text across all pages: Question 2 Electrified soap bubble 2.1-2.8. One printed top-level unit matches existing row; no separate omitted task. Internal parts remain together. Existing physics decision retained.,full_paper_boundaries_verified,1
physical_paper,300,paper_boundary_audit,ipho,2011,,300,originals/ipho/2011/IPhO_2011_Q3__dc3d260bad948313.pdf,dc3d260bad9483137a79bc0e2d83a41fa03c410032b5f4205dec8b23258d884a,Read complete physical file cached text across all pages: Question 3 Ion scattering 3.1-3.5. One printed top-level unit matches existing row; no separate omitted task. Internal parts remain together. Existing physics decision retained.,full_paper_boundaries_verified,1
physical_paper,304,paper_boundary_audit,ipho,2011,,304,originals/ipho/2011/IPhO_2011_Q4__0b5aca433d511597.pdf,0b5aca433d5115973c9d5ff9272d4799d7c71b65c44da4fe1ad163d95e81e7f8,"All physical-page boundary contexts manually checked against complete persisted source inspection. Experimental Problem 1 capacitive displacement blackbox, internal calibration/measurement sections. No additional independent statement.",full_paper_boundaries_verified,1
physical_paper,307,paper_boundary_audit,ipho,2011,,307,originals/ipho/2011/IPhO_2011_Q5__9919f1da58e2c376.pdf,9919f1da58e2c3763690a9af17f45f821861641b545e0ff7502f4506a348df6a,Read complete physical file cached text across all pages: Experimental problem 2 mechanical black box i-iv then equipment/useful-information page. One printed top-level unit matches existing row; no separate omitted task. Internal parts remain together. Existing physics decision retained.,full_paper_boundaries_verified,1
physical_paper,312,paper_boundary_audit,ipho,2010,,312,originals/ipho/2010/IPhO_2010_Q1__67701ceca004cc12.pdf,67701ceca004cc12a187b6f0d8dc950a73ec9af64dc1a22b2f7e0bba0af0d195,All physical-page boundary contexts manually checked against complete persisted source inspection. Theory Problem 1 charge image and conducting sphere. No additional independent statement.,full_paper_boundaries_verified,1
physical_paper,315,paper_boundary_audit,ipho,2010,,315,originals/ipho/2010/IPhO_2010_Q2__04358456d1e65414.pdf,04358456d1e6541487927ff56142df9615213af4453a5c3872994865fb504c0f,"All physical-page boundary contexts manually checked against complete persisted source inspection. Theory Problem 2 chimney power plant, internal Tasks 1-4. No additional independent statement.",full_paper_boundaries_verified,1
physical_paper,317,paper_boundary_audit,ipho,2010,,317,originals/ipho/2010/IPhO_2010_Q3__258459e3dd3d4a3e.pdf,258459e3dd3d4a3e05ed071419a08b70061f321e438a9c031fcfb951acd74dad,"All physical-page boundary contexts manually checked against complete persisted source inspection. Theory Problem 3 atomic nuclei model, internal Tasks 1-5. No additional independent statement.",full_paper_boundaries_verified,1
physical_paper,321,paper_boundary_audit,ipho,2010,,321,originals/ipho/2010/IPhO_2010_Q4__4c95b87d434a8211.pdf,4c95b87d434a8211e02bc0f828d3ca8ab46163f9775e9758faaed27fb9d6fefc,All physical-page boundary contexts manually checked against complete persisted source inspection. Experimental Problem 1 elasticity of sheets only. No additional independent statement.,full_paper_boundaries_verified,1
physical_paper,323,paper_boundary_audit,ipho,2010,,323,originals/ipho/2010/IPhO_2010_Q5__1b5eb029fc4fd921.pdf,1b5eb029fc4fd921923cc07aeb24c1c035015371c950da9595cb517d877a5808,All physical-page boundary contexts manually checked against complete persisted source inspection. Experimental Problem 2 forces between magnets only. No additional independent statement.,full_paper_boundaries_verified,1
physical_paper,326,paper_boundary_audit,ipho,2009,,326,originals/ipho/2009/IPhO_2009_Q1__d33c90b935374704.pdf,d33c90b9353747045d51c1fcf29c28290371fcdc036ae79aa6dc41409bc56560,"All physical-page boundary contexts manually checked against complete persisted source inspection. Theoretical Problem 1 Earth-Moon evolution, internal sections 1-3. No additional independent statement.",full_paper_boundaries_verified,1
physical_paper,329,paper_boundary_audit,ipho,2009,,329,originals/ipho/2009/IPhO_2009_Q2__456e8dcc4e97c4a6.pdf,456e8dcc4e97c4a6a3d95ca24b09eab5c9d03aa4e5d0230ab568ba9777104bac,"All physical-page boundary contexts manually checked against complete persisted source inspection. Theoretical Problem 2 Doppler laser cooling, internal sections 1-8. No additional independent statement.",full_paper_boundaries_verified,1
physical_paper,332,paper_boundary_audit,ipho,2009,,332,originals/ipho/2009/IPhO_2009_Q3__12ee1e58a24f29bc.pdf,12ee1e58a24f29bcbfc94c501526a61d0ff0c2ea554e70b46730a1cb888b164e,"All physical-page boundary contexts manually checked against complete persisted source inspection. Theoretical Problem 3 Why stars are large, internal sections 1-5. No additional independent statement.",full_paper_boundaries_verified,1
physical_paper,336,paper_boundary_audit,ipho,2009,,336,originals/ipho/2009/IPhO_2009_Q4__dc943309ba7cad0d.pdf,dc943309ba7cad0d0d7a6d76618416078b174687c883a171eafe3061bd30b000,All physical-page boundary contexts manually checked against complete persisted source inspection. pp1-4 general instructions/equipment; blank-extraction p2 additionally rendered and checked: apparatus photographs only. pp5-10 one Experimental Problem 1 laser wavelength. No additional independent statement.,full_paper_boundaries_verified,1
physical_paper,339,paper_boundary_audit,ipho,2009,,339,originals/ipho/2009/IPhO_2009_Q5__54fcd299289704ca.pdf,54fcd299289704ca99002b1c358b13b543b7dab47207fc402fc8b4821385616f,"All physical-page boundary contexts manually checked against complete persisted source inspection. Experimental Problem 2 mica birefringence; final mention of Problem 1 is a wavelength reference, not a new statement. No additional independent statement.",full_paper_boundaries_verified,1
physical_paper,341,paper_boundary_audit,ipho,2008,,341,originals/ipho/2008/IPhO_2008_Q1__06d0070a48ec398a.pdf,06d0070a48ec398a02c337a160be4b0d59e106257b7e95ad53d139fb2e95114e,"All physical-page boundary contexts manually checked against complete persisted source inspection. Repeated Theoretical Problem No.1 across all six pages, water mortar. No additional independent statement.",full_paper_boundaries_verified,1
physical_paper,344,paper_boundary_audit,ipho,2008,,344,originals/ipho/2008/IPhO_2008_Q2__75e6b3948a145525.pdf,75e6b3948a145525ff31121ea279d7d2071fc8db2e7a0bd82330aac0a43685a6,"All physical-page boundary contexts manually checked against complete persisted source inspection. Repeated Theoretical Problem No.2 across all three pages, Cherenkov light. No additional independent statement.",full_paper_boundaries_verified,1
physical_paper,345,paper_boundary_audit,ipho,2008,,345,originals/ipho/2008/IPhO_2008_Q3__fbda1c6860f72e3d.pdf,fbda1c6860f72e3d55f5b8405f117c68e57fce347e71e49c6e7517cb935b4fcb,"All physical-page boundary contexts manually checked against complete persisted source inspection. Repeated Theoretical Problem No.3 across all six pages, atmospheric air temperature. No additional independent statement.",full_paper_boundaries_verified,1
physical_paper,347,paper_boundary_audit,ipho,2008,,347,originals/ipho/2008/IPhO_2008_Q4__ca949b35e187f2f1.pdf,ca949b35e187f2f169ef2a5750c241a716594f928ba26f8e6dbf6b5ff1790e5e,"All physical-page boundary contexts manually checked against complete persisted source inspection. One Experimental Problem differential thermometry: internal diode calibration, phase transition and solar-cell tasks; final kit photographs not extra statements. No additional independent statement.",full_paper_boundaries_verified,1
physical_paper,349,paper_boundary_audit,ipho,2007,,349,originals/ipho/2007/IPhO_2007_Q1__d7973f68b890cf59.pdf,d7973f68b890cf59773632ec3dff991fb2e2dfa4e6f3fb04240ca8d5c34da9b3,All physical-page boundary contexts manually checked against complete persisted source inspection. One theory problem with internal dimensional analysis and black-hole sections 1-3. No additional independent statement.,full_paper_boundaries_verified,1
physical_paper,352,paper_boundary_audit,ipho,2007,,352,originals/ipho/2007/IPhO_2007_Q2__a5553bf1e5702140.pdf,a5553bf1e5702140aa3c4e3496acde6fb826e114b976b17e50bb7bcd906dd48b,"All physical-page boundary contexts manually checked against complete persisted source inspection. One theory accelerometer/airbag problem, internal sections 1-4. No additional independent statement.",full_paper_boundaries_verified,1
physical_paper,355,paper_boundary_audit,ipho,2007,,355,originals/ipho/2007/IPhO_2007_Q3__8cd4886eb9d1eff5.pdf,8cd4886eb9d1eff52053ab2141bbbbd55d6cbb167137df4fed20c53a0fc620de,"All physical-page boundary contexts manually checked against complete persisted source inspection. One binary-star theory problem, internal sections 1-4. No additional independent statement.",full_paper_boundaries_verified,1
physical_paper,357,paper_boundary_audit,ipho,2006,,357,originals/ipho/2006/IPhO_2006_Q1__820cb63d3c767837.pdf,820cb63d3c76783782d41f14a61cec9ed50d6edc207c431eb3f0fe4427c82603,All physical-page boundary contexts manually checked against complete persisted source inspection. pp1-2 Theory Question 1 neutron interferometer; pp3-5 answer script repeats internal outputs. No additional independent statement.,full_paper_boundaries_verified,1
physical_paper,358,paper_boundary_audit,ipho,2007,,358,originals/ipho/2007/IPhO_2007_Q4__dffc59f0470d0048.pdf,dffc59f0470d00481f0cfe3e8a2c18d67fbdfe38397373538f8c4b115b24128e,All physical-page boundary contexts manually checked against complete persisted source inspection. pp1-5 apparatus description; pp6-12 one semiconductor-bandgap Experimental Problem. No additional independent statement.,full_paper_boundaries_verified,1
physical_paper,361,paper_boundary_audit,ipho,2006,,361,originals/ipho/2006/IPhO_2006_Q2__65f7ab6338ec204f.pdf,65f7ab6338ec204f6fca64759ebff91488e25c4e277afe45c5ed61585c5527ba,All physical-page boundary contexts manually checked against complete persisted source inspection. pp1-2 Theory Question 2 moving rod; pp3-5 answer script repeats internal outputs. No additional independent statement.,full_paper_boundaries_verified,1
physical_paper,362,paper_boundary_audit,ipho,2006,,362,originals/ipho/2006/IPhO_2006_Q3__56f9233ee4aaf86a.pdf,56f9233ee4aaf86ae9ef2afd16ac84bc34faba9464e06c4a31418cce64ce4872,"All physical-page boundary contexts manually checked against complete persisted source inspection. pp1-4 Theory Question 3 multiple contexts under same explicit heading; pp5-8 answer script, no new top-level units. No additional independent statement.",full_paper_boundaries_verified,1
physical_paper,364,paper_boundary_audit,ipho,2006,,364,originals/ipho/2006/IPhO_2006_Q4__9e3ffdb6fa3518dc.pdf,9e3ffdb6fa3518dc728f66822e6d8f7b6f10721289395dfd30c029ddcb4c79f9,All physical-page boundary contexts manually checked against complete persisted source inspection. One 20-point Experimental Competition with common microwave apparatus and internal Parts 1-4. No additional independent statement.,full_paper_boundaries_verified,1
physical_paper,367,paper_boundary_audit,ipho,2005,,367,originals/ipho/2005/IPhO_2005_Q1__7ab175fc3932a60b.pdf,7ab175fc3932a60b47f0f7999e1ad5cd91c12f9d47ff54c47b958f05bf04a847,All physical-page boundary contexts manually checked against complete persisted source inspection. pp1-2 Th1 satellite with internal Questions 1-4; p3 response template. No additional independent statement.,full_paper_boundaries_verified,1
physical_paper,368,paper_boundary_audit,ipho,2005,,368,originals/ipho/2005/IPhO_2005_Q2__ccdc01b92366f30d.pdf,ccdc01b92366f30ddeb017eeba5223765b436ddfdee0101ea774c8ae0e76ef49,All physical-page boundary contexts manually checked against complete persisted source inspection. pp1-2 Th2 electrical quantities with internal Tasks 1-7; p3 response template. No additional independent statement.,full_paper_boundaries_verified,1
physical_paper,370,paper_boundary_audit,ipho,2005,,370,originals/ipho/2005/IPhO_2005_Q3__767d57e26ee90e4e.pdf,767d57e26ee90e4e476d09ff8b5f05020750f9ac024df6d7b2181b646fcdbb53,"All-page physical-file boundary packet manually reviewed and complete persisted statement/render inspection reused. Th3 gravitational neutrons pp1-2, p3 answer template. No additional independent problem.",full_paper_boundaries_verified,1
physical_paper,372,paper_boundary_audit,ipho,2005,,372,originals/ipho/2005/IPhO_2005_Q4__f6a4a4911a96c9e2.pdf,f6a4a4911a96c9e2741e1ff04c41c54f2861b3fd6d5cbe93b2323889597b01be,All-page physical-file boundary packet manually reviewed and complete persisted statement/render inspection reused. One Planck-constant experiment pp1-6; pp7-11 apparatus diagrams and response templates. No additional independent problem.,full_paper_boundaries_verified,1
physical_paper,374,paper_boundary_audit,ipho,2004,,374,originals/ipho/2004/IPhO_2004_Q1__217798634d7982ac.pdf,217798634d7982acd0f9726efcdd016f2d76cae24182f712f5cffd8d7e06a30f,Read complete physical file cached text across all pages: Theoretical Question 1 Ping-Pong Resistor (a)-(f). One printed top-level unit matches existing row; no separate omitted task. Internal parts remain together. Existing physics decision retained.,full_paper_boundaries_verified,1
physical_paper,377,paper_boundary_audit,ipho,2004,,377,originals/ipho/2004/IPhO_2004_Q2__456f22de09f90007.pdf,456f22de09f90007886d8cc4006c4b85add6c4cce574f268e3f66f1b20392815,"All-page physical-file boundary packet manually reviewed and complete persisted statement/render inspection reused. Theoretical Question 2 rising balloon, internal Parts A-B. No additional independent problem.",full_paper_boundaries_verified,1
physical_paper,381,paper_boundary_audit,ipho,2004,,381,originals/ipho/2004/IPhO_2004_Q3__a9a4e9f678153ab1.pdf,a9a4e9f678153ab190f268dc19930dab8067d05f1fbcb1d38cb9b38610f9ba4b,"All-page physical-file boundary packet manually reviewed and complete persisted statement/render inspection reused. Theoretical Question 3 atomic probe microscope, internal (a-f). No additional independent problem.",full_paper_boundaries_verified,1
physical_paper,383,paper_boundary_audit,ipho,2004,,383,originals/ipho/2004/IPhO_2004_Q4__7f8957552f2ac0e8.pdf,7f8957552f2ac0e8a84d30c7250cb9103e96c484d73707f02d8559dcec854b66,"All-page physical-file boundary packet manually reviewed and complete persisted statement/render inspection reused. pp1-5 common apparatus/instructions; pp6-12 one mechanical black-box experiment, internal Parts A-C. No additional independent problem.",full_paper_boundaries_verified,1
physical_paper,386,paper_boundary_audit,ipho,2003,,386,originals/ipho/2003/IPhO_2003_Q1__9554af3bfef749d4.pdf,9554af3bfef749d42eb34503f04671ebc505e0c7c3a117f475e705cbc19b39c5,All-page physical-file boundary packet manually reviewed and complete persisted statement/render inspection reused. Theoretical Question 1 falling weight swing pp1-2; p3 answer sheet. No additional independent problem.,full_paper_boundaries_verified,1
physical_paper,389,paper_boundary_audit,ipho,2003,,389,originals/ipho/2003/IPhO_2003_Q2__46337ad48f62aba2.pdf,46337ad48f62aba2394de255defc52f10ebdc0e002e2c8ee9af71774ab1c75c1,"All-page physical-file boundary packet manually reviewed and complete persisted statement/render inspection reused. Theoretical Question 2 piezoelectric resonator pp1-3, internal A-B; p4 answer sheet. No additional independent problem.",full_paper_boundaries_verified,1
physical_paper,391,paper_boundary_audit,ipho,2003,,391,originals/ipho/2003/IPhO_2003_Q3__88371b2b3c0e05d0.pdf,88371b2b3c0e05d0687b7004047c5b8b9e7ca57fb2c68f1d7f380aed5fb5e0bf,All-page physical-file boundary packet manually reviewed and complete persisted statement/render inspection reused. Theoretical Question 3 internal A neutrino decay/B optical levitation; p3 answer sheet. No additional independent problem.,full_paper_boundaries_verified,1
physical_paper,394,paper_boundary_audit,ipho,2003,,394,originals/ipho/2003/IPhO_2003_Q4__7bf9860269e8c2fc.pdf,7bf9860269e8c2fc3abdd077a0445f350df28849b0e971b197587cf6dcfc1033,"All-page physical-file boundary packet manually reviewed and complete persisted statement/render inspection reused. pp1-4 common apparatus/instructions, pp5-13 one experiment with internal Parts A laser/B,C liquid crystal. No additional independent problem.",full_paper_boundaries_verified,1
physical_paper,395,paper_boundary_audit,ipho,2002,,395,originals/ipho/2002/IPhO_2002_Q1__2119f1b7f274d98c.pdf,2119f1b7f274d98cda03e30932893815c7469e10a3de1f93e3bfee7f30dd165e,Read complete physical file cached text across all pages: I Ground-penetrating radar with four internal questions sharing one model. One printed top-level unit matches existing row; no separate omitted task. Internal parts remain together. Existing physics decision retained.,full_paper_boundaries_verified,1
physical_paper,399,paper_boundary_audit,ipho,2002,,399,originals/ipho/2002/IPhO_2002_Q2__be2fb24f7f026710.pdf,be2fb24f7f026710841bbac19b4a43c53c5d9b1182ce2c22dddceb8de26e3068,"All-page physical-file boundary packet manually reviewed and complete persisted statement/render inspection reused. One theory II electric signal sensing, internal numbered tasks. No additional independent problem.",full_paper_boundaries_verified,1
physical_paper,400,paper_boundary_audit,ipho,2002,,400,originals/ipho/2002/IPhO_2002_Q3__25f56b40eb036b7f.pdf,25f56b40eb036b7f75ae1caa691081286d6ad285b584aebc3439572e1a9abd9b,All-page physical-file boundary packet manually reviewed and complete persisted statement/render inspection reused. One theory III heavy vehicle on inclined road pp1-2; p3 footer only. No additional independent problem.,full_paper_boundaries_verified,1
physical_paper,403,paper_boundary_audit,ipho,2002,,403,originals/ipho/2002/IPhO_2002_Q4__6b2a1604302801c3.pdf,6b2a1604302801c3ac0a08ab9467f7bb8426115eabcc880f7525061557f2eafc,"All-page physical-file boundary packet manually reviewed and complete persisted statement/render inspection reused. One experimental I electrolysis e/kB, internal Parts A-B; pp3-4 response templates. No additional independent problem.",full_paper_boundaries_verified,1
physical_paper,405,paper_boundary_audit,ipho,2002,,405,originals/ipho/2002/IPhO_2002_Q5__67c7a12b4ef26938.pdf,67c7a12b4ef26938115ad2a5295c0413cee65a0ee7fb41782ff10938f56c62cf,All-page physical-file boundary packet manually reviewed and complete persisted statement/render inspection reused. One experimental II optical black box pp1-2; pp3-7 response templates. No additional independent problem.,full_paper_boundaries_verified,1
physical_paper,408,paper_boundary_audit,ipho,2001,,408,originals/ipho/2001/IPhO_2001_Q1__0a77e5ef689b46e0.pdf,0a77e5ef689b46e0c65f5def3fa840a148c04bc82db4537b6c34968d7bc35abd,Read complete physical file cached text across all pages: Question 1 internally labelled 1a Klystron /1b Intermolecular distance /1c Sawtooth /1d Atomic beam. One printed top-level unit matches existing row; no separate omitted task. Internal parts remain together. Existing physics decision retained.,full_paper_boundaries_verified,1
physical_paper,409,paper_boundary_audit,ipho,2001,,409,originals/ipho/2001/IPhO_2001_Q2__ba4d5fe01013afae.pdf,ba4d5fe01013afaec1bea231ece243340d16488534c2ca72c401fe8a3dc5be97,Read complete physical file cached text across all pages: Question 2 Binary Star (a)-(b). One printed top-level unit matches existing row; no separate omitted task. Internal parts remain together. Existing physics decision retained.,full_paper_boundaries_verified,1
physical_paper,411,paper_boundary_audit,ipho,2001,,411,originals/ipho/2001/IPhO_2001_Q3__ba5ece929337a33f.pdf,ba5ece929337a33f4b3e401627b04d2e109b80223821b7b9478d59f48494bcc7,Complete physical file read and compared with registered row: Question 3 MHD Generator (a)-(d). No extra top-level task; physics decision preserved.,full_paper_boundaries_verified,1
physical_paper,412,paper_boundary_audit,ipho,2001,,412,originals/ipho/2001/IPhO_2001_Q4__d4dc93246ea0ad70.pdf,d4dc93246ea0ad707db22c3a52d8a6bdbfe1adcf56638b5e9a75dc5f668b57b1,"All-page physical-file boundary packet manually reviewed and complete persisted statement/render inspection reused. One rotating-liquid experiment, internal Parts 1-3; pp10-12 response templates. No additional independent problem.",full_paper_boundaries_verified,1
physical_paper,416,paper_boundary_audit,ipho,2000,,416,originals/ipho/2000/IPhO_2000_Q2__2ce75e4aa1a93d69.pdf,2ce75e4aa1a93d69c79a39bcccd9bec72ce590fc247f56a72fec0ff693902740,Complete physical file read and compared with registered row: Theoretical Problem 2 CRT/beta-particle methods (a)-(d). No extra top-level task; physics decision preserved.,full_paper_boundaries_verified,1
physical_paper,417,paper_boundary_audit,ipho,2000,,417,originals/ipho/2000/IPhO_2000_Q1__2fc5189cd3644ebc.pdf,2fc5189cd3644ebcf30c610664c8b761f1425eb4af5a5e1906b29ec924e643e5,All-page physical-file boundary packet manually reviewed and complete persisted statement/render inspection reused. One Theoretical Problem 1 with internal independent contexts A-D. No additional independent problem.,full_paper_boundaries_verified,1
physical_paper,418,paper_boundary_audit,ipho,2000,,418,originals/ipho/2000/IPhO_2000_Q3__a0752a1b1aae7fa5.pdf,a0752a1b1aae7fa523e9c25dbc45dc8154e6786e83f8c8ac60744742036bd2d5,"All-page physical-file boundary packet manually reviewed and complete persisted statement/render inspection reused. One Theoretical Problem 3, internal Parts A-B gravitational effects. No additional independent problem.",full_paper_boundaries_verified,1
physical_paper,421,paper_boundary_audit,ipho,2000,,421,originals/ipho/2000/IPhO_2000_Q4__9196cee05b9d7800.pdf,9196cee05b9d7800a543cd00f1f0cd2cdd10e99e103be9ebd5f161dfd1d148ff,All-page physical-file boundary packet manually reviewed and complete persisted statement/render inspection reused. One experimental paper with internal procedures; pp3-4 figures/graphs; p5 blank-extraction page additionally rendered and checked. No additional independent problem.,full_paper_boundaries_verified,1
physical_paper,422,paper_boundary_audit,ipho,2000,,422,originals/ipho/2000/IPhO_2000_Q5__1f332deeec1ea8a9.pdf,1f332deeec1ea8a96ee0a6d3a2feca7992371882835090c97f8460cf607b5b77,"Complete physical file read and compared with registered row: The Magnetic Puck: one aim and one experimental investigation, timing instructions/data are supplemental. No extra top-level task; physics decision preserved.",full_paper_boundaries_verified,1
physical_paper,423,paper_boundary_audit,ipho,1999,,423,originals/ipho/1999/IPhO_1999_Q1__94db6eb1ea95284b.pdf,94db6eb1ea95284bc9147061ee02499c661eb457b938d98b14db119f1c3e40b7,All-page physical-file boundary packet manually reviewed and complete persisted statement/render inspection reused. p1 competition introduction; pp2-3 Problem 1 gas radiation; p4 answer sheet; p5 constants data. No additional independent problem.,full_paper_boundaries_verified,1
physical_paper,425,paper_boundary_audit,ipho,1999,,425,originals/ipho/1999/IPhO_1999_Q2__2337fd3e5b0060f0.pdf,2337fd3e5b0060f0f0335a4f4d55b9938bd397f5c5c94a2f451c1e8556addf10,All-page physical-file boundary packet manually reviewed and complete persisted statement/render inspection reused. Problem 2 V-shaped wire pp1-2; p3 answer sheet. No additional independent problem.,full_paper_boundaries_verified,1
physical_paper,428,paper_boundary_audit,ipho,1999,,428,originals/ipho/1999/IPhO_1999_Q3__3d5840b0e8a61e12.pdf,3d5840b0e8a61e12ea8bc60daded072a41dfd8d1dc91db6a9c2e651775fe163a,All-page physical-file boundary packet manually reviewed and complete persisted statement/render inspection reused. Problem 3 Jupiter probe pp1-4; p5 answer sheet. No additional independent problem.,full_paper_boundaries_verified,1
physical_paper,429,paper_boundary_audit,ipho,1999,,429,originals/ipho/1999/IPhO_1999_Q4__5fab37d5b74e2d52.pdf,5fab37d5b74e2d52c97672ae0dbe8809eb81dfbe72d33dad8b951661e728e700,"All-page physical-file boundary packet manually reviewed and complete persisted statement/render inspection reused. p1 introduction, pp2-7 one torsion-pendulum Experimental problem. No additional independent problem.",full_paper_boundaries_verified,1
physical_paper,431,paper_boundary_audit,ipho,1998,,431,originals/ipho/1998/IPhO_1998_Q1__6e9b7d53ff8d8f47.pdf,6e9b7d53ff8d8f47f0fcbe3793f15a9393e4bb4e3d837692e29dd29b9a6c9ca0,"Complete physical file read and compared with registered row: Rendered complete two-page Rolling of a hexagonal prism: one Problem 1 with (a)-(e), p2 then starts its solution. No extra top-level task; physics decision preserved.",full_paper_boundaries_verified,1
physical_paper,433,paper_boundary_audit,ipho,1998,,433,originals/ipho/1998/IPhO_1998_Q2__8fc568d0713697ae.pdf,8fc568d0713697aededa59c35fe6dce8e87a7d26db1b5706d9f6f8982ffded53,"All-page physical-file boundary packet manually reviewed and complete persisted statement/render inspection reused. Reuse persisted complete rendered inspection, printed Problem 2 Water under an Ice Cap, all three pages. No additional independent problem.",full_paper_boundaries_verified,1
physical_paper,434,paper_boundary_audit,ipho,1998,,434,originals/ipho/1998/IPhO_1998_Q3__cc81f6dc6ae524f4.pdf,cc81f6dc6ae524f44758941b0658028f058927e6d267b253adb1b3992a7b7bdb,"All-page physical-file boundary packet manually reviewed and complete persisted statement/render inspection reused. Reuse persisted complete rendered inspection, printed Problem 3 Faster than Light, all three pages. No additional independent problem.",full_paper_boundaries_verified,1
physical_paper,436,paper_boundary_audit,ipho,1998,,436,originals/ipho/1998/IPhO_1998_Q4__26b45ae84bf0eb3b.pdf,26b45ae84bf0eb3bdaed5ac460c2b9b45ec1a8970b4e7b6d4c408d857df5d772,"All-page physical-file boundary packet manually reviewed and complete persisted statement/render inspection reused. One experimental paper, internal Part I eddy-current shielding/Part II coupled magnetic core and common apparatus. No additional independent problem.",full_paper_boundaries_verified,1
physical_paper,438,paper_boundary_audit,ipho,1997,,438,originals/ipho/1997/IPhO_1997_Q1__076296d4641c5039.pdf,076296d4641c503954b44c9403ac4a1bf58e7a2e0e85874ac5b2907abc767333,Complete physical file read and compared with registered row: Theory Question No.1 Scaling (a)-(e). No extra top-level task; physics decision preserved.,full_paper_boundaries_verified,1
physical_paper,441,paper_boundary_audit,ipho,1997,,441,originals/ipho/1997/IPhO_1997_Q3__def56bfce26ab84a.pdf,def56bfce26ab84aa26f42339a76648657707c4c205a39c5f3dc15851a0c5fb8,"All-page physical-file boundary packet manually reviewed and complete persisted statement/render inspection reused. One Theory Question No.3 solar aircraft, internal (a-d). No additional independent problem.",full_paper_boundaries_verified,1
physical_paper,442,paper_boundary_audit,ipho,1997,,442,originals/ipho/1997/IPhO_1997_Q2__0b67f66e53f6dbf3.pdf,0b67f66e53f6dbf390370ee57de49945487125629a3bfde53ac1fbacafdccc2b,"All-page physical-file boundary packet manually reviewed and complete persisted statement/render inspection reused. Reuse persisted complete rendered inspection, printed Problem 2 Nuclear Masses and Stability, all three pages. No additional independent problem.",full_paper_boundaries_verified,1
physical_paper,444,paper_boundary_audit,ipho,1997,,444,originals/ipho/1997/IPhO_1997_Q4__c4d7c5180144cda8.pdf,c4d7c5180144cda8c7f98f1b7e877f6865a62d5b8bc4f9195d4f0c7d62cece13,All-page physical-file boundary packet manually reviewed and complete persisted statement/render inspection reused. One piezoelectric-bimorph experimental paper with internal Parts 1-2. No additional independent problem.,full_paper_boundaries_verified,1
physical_paper,446,paper_boundary_audit,ipho,1996,,446,originals/ipho/1996/IPhO_1996_Q1__f2e460deaa9d0470.pdf,f2e460deaa9d04700c02662b3a815d6714fb65f082e2b89276911dbdf75c93ad,Complete physical file read and compared with registered row: Problem 1 explicitly calls five unrelated INTERNAL parts (a)-(e). No extra top-level task; physics decision preserved.,full_paper_boundaries_verified,1
physical_paper,448,paper_boundary_audit,ipho,1996,,448,originals/ipho/1996/IPhO_1996_Q2__48076bc2bbe6c035.pdf,48076bc2bbe6c03595d949b89ee023ae5c2ce20b3f1b6a3b8bccdfba47987527,Complete physical file read and compared with registered row: Problem 2 coaxial-electrode electron dynamics (a)-(f). No extra top-level task; physics decision preserved.,full_paper_boundaries_verified,1
physical_paper,450,paper_boundary_audit,ipho,1996,,450,originals/ipho/1996/IPhO_1996_Q3__13e0b091cec8061c.pdf,13e0b091cec8061c31773cd358b891064ad9ee593f7d4bf6dfa22fb94561dc21,Complete physical file read and compared with registered row: Problem 3 tides model (a)-(c). No extra top-level task; physics decision preserved.,full_paper_boundaries_verified,1
physical_paper,452,paper_boundary_audit,ipho,1996,,452,originals/ipho/1996/IPhO_1996_Q4__3de204b53cea0571.pdf,3de204b53cea0571f2ca855e83c69531d6c8ff5db82c7d8db262f27ecff9034e,"All-page physical-file boundary packet manually reviewed and complete persisted statement/render inspection reused. p1 acknowledgments/p2 intro, pp3-11 one experimental set with shared rod/pendulum/magnet/Hall equipment; p12 equipment-constructor credits only. No additional independent problem.",full_paper_boundaries_verified,1
physical_paper,454,paper_boundary_audit,ipho,1995,,454,originals/ipho/1995/IPhO_1995_Q1__df9702091d0e36ff.pdf,df9702091d0e36ff8345658013b4d785f8098b2d90a8ef3cdbf90ffd144f2e12,"Complete physical file read and compared with registered row: Theoretical Question 1 gravitational red shift (a)-(c), p2 supplied constants only. No extra top-level task; physics decision preserved.",full_paper_boundaries_verified,1
physical_paper,456,paper_boundary_audit,ipho,1995,,456,originals/ipho/1995/IPhO_1995_Q2__5eb9e3dbf4f747ca.pdf,5eb9e3dbf4f747ca3cde4456e4735e377f56aa3ed2076f97edc9ab297489129f,Complete physical file read and compared with registered row: Theoretical Question 2 sound propagation (a)-(e). No extra top-level task; physics decision preserved.,full_paper_boundaries_verified,1
physical_paper,460,paper_boundary_audit,ipho,1995,,460,originals/ipho/1995/IPhO_1995_Q3__505ec635abe1045d.pdf,505ec635abe1045d7bafff07c11516014a8eda268c6519a6b0885d6e87940806,Complete physical file read and compared with registered row: Theoretical Question 3 cylindrical buoy (a)-(d). No extra top-level task; physics decision preserved.,full_paper_boundaries_verified,1
physical_paper,461,paper_boundary_audit,ipho,1995,,461,originals/ipho/1995/IPhO_1995_Q4__3d6ace201fa966eb.pdf,3d6ace201fa966ebea1240456128df34f797c9eae9cd140ea1320499e39daac8,"Reused previously persisted complete-statement inspection covering every physical page; manually compared current SHA-cache page starts, all printed problem headings and page endings. Experimental Question 1 Terminal velocity. No additional top-level statement; repeated solutions/reference data are not new units.",full_paper_boundaries_verified,1
physical_paper,463,paper_boundary_audit,ipho,1995,,463,originals/ipho/1995/IPhO_1995_Q5__244d83a88f4d3e32.pdf,244d83a88f4d3e32a6d79f1fba57a6d9762414e2ceb9e1448706d704ddd495d0,"Reused previously persisted complete-statement inspection covering every physical page; manually compared current SHA-cache page starts, all printed problem headings and page endings. Experimental Question 2 diffraction/scattering Sections 1-4. No additional top-level statement; repeated solutions/reference data are not new units.",full_paper_boundaries_verified,1
physical_paper,466,paper_boundary_audit,ipho,1994,,466,originals/ipho/1994/IPhO_1994_Q1__ed04a937aa8b7a06.pdf,ed04a937aa8b7a06cb9eddb3e8b8399045a076d1d48805275bcd9cd466bf257f,"Reused previously persisted complete-statement inspection covering every physical page; manually compared current SHA-cache page starts, all printed problem headings and page endings. Theoretical Problem 1 relativistic particle internal 1)-4). No additional top-level statement; repeated solutions/reference data are not new units.",full_paper_boundaries_verified,1
physical_paper,468,paper_boundary_audit,ipho,1994,,468,originals/ipho/1994/IPhO_1994_Q3__d441ba909fb02886.pdf,d441ba909fb028863ed61aea641045caf281eead0e6c7f4de5933917e8aaffe3,"Reused previously persisted complete-statement inspection covering every physical page; manually compared current SHA-cache page starts, all printed problem headings and page endings. Theoretical Problem 3 disc collision then its own solution. No additional top-level statement; repeated solutions/reference data are not new units.",full_paper_boundaries_verified,1
physical_paper,469,paper_boundary_audit,ipho,1994,,469,originals/ipho/1994/IPhO_1994_Q2__3a929d9d255b46b6.pdf,3a929d9d255b46b645f2141ea012b3d038842bfb123dd83a9225c6acefeb310c,"Complete physical-file boundary checked from all-page cache packet and prior statement/render evidence; extra unreadable cover/boundary pages inspected as stated. One Theoretical Problem 2 superconducting magnet, internal Tasks 1-3; last page figure5d only. No omitted independent problem.",full_paper_boundaries_verified,1
physical_paper,471,paper_boundary_audit,ipho,1994,,471,originals/ipho/1994/IPhO_1994_Q4__353c78e8c3dff876.pdf,353c78e8c3dff87603b87a3b46c87aa243335dcbd4a5bbcbaface1348a8c6156,"Complete physical-file boundary checked from all-page cache packet and prior statement/render evidence; extra unreadable cover/boundary pages inspected as stated. p1 practical instructions, pp2-4 one Experimental Problem 1 dielectric reflectivity and equipment. No omitted independent problem.",full_paper_boundaries_verified,1
physical_paper,473,paper_boundary_audit,ipho,1994,,473,originals/ipho/1994/IPhO_1994_Q5__9bd220e7557a6b9a.pdf,9bd220e7557a6b9a7d5c1d60ab7e81670d817c79a659f391343ea1c9b45c3f4d,"Reused previously persisted complete-statement inspection covering every physical page; manually compared current SHA-cache page starts, all printed problem headings and page endings. Experimental Problem 2 black box plus equipment/operation instructions. No additional top-level statement; repeated solutions/reference data are not new units.",full_paper_boundaries_verified,1
physical_paper,475,paper_boundary_audit,ipho,1993,,475,originals/ipho/1993/IPhO_1993_Q1__b3652787244ebfad.pdf,b3652787244ebfad4042517e9c55a858e4a7a0a1cddb4ccb03f4972c5c3ac9d3,Complete physical-file boundary checked from all-page cache packet and prior statement/render evidence; extra unreadable cover/boundary pages inspected as stated. p1 additionally rendered: general constants table only; prior complete rendered Problem 1 pp2-3 reused. No omitted independent problem.,full_paper_boundaries_verified,1
physical_paper,477,paper_boundary_audit,ipho,1993,,477,originals/ipho/1993/IPhO_1993_Q2__2fd438407e6d584e.pdf,2fd438407e6d584ef7d02ea50d3e197c07dcc94702c376209bb92e2bee68286d,Complete physical file rendered and manually audited against existing row. Laser forces on transparent prism: common setup with internal tasks 1)-4). No extra top-level statement; existing decision retained.,full_paper_boundaries_verified,1
physical_paper,479,paper_boundary_audit,ipho,1993,,479,originals/ipho/1993/IPhO_1993_Q3__6a1c8ad6d7464557.pdf,6a1c8ad6d74645576a7fcb55ce01c9b4081496cf47b2c3e8b8a0615acb805821,Complete physical file rendered and manually audited against existing row. Theoretical Problem 3 Electron beam: internal tasks 1)-4). No extra top-level statement; existing decision retained.,full_paper_boundaries_verified,1
physical_paper,481,paper_boundary_audit,ipho,1993,,481,originals/ipho/1993/IPhO_1993_Q4__5370ad35e9b46dff.pdf,5370ad35e9b46dff115d182db7fbd1c3f5098ec562393bbd697125a4885da999,Complete physical-file boundary checked from all-page cache packet and prior statement/render evidence; extra unreadable cover/boundary pages inspected as stated. p1 additionally rendered: Experiment No.1 cover and instructions only; prior complete rendered pp2-5 experiment reused. No omitted independent problem.,full_paper_boundaries_verified,1
physical_paper,483,paper_boundary_audit,ipho,1993,,483,originals/ipho/1993/IPhO_1993_Q5__1d64f864037cf056.pdf,1d64f864037cf056eeab78e529fe918e9eda9346ada94bc7d85e82733e46c83e,Complete physical-file boundary checked from all-page cache packet and prior statement/render evidence; extra unreadable cover/boundary pages inspected as stated. p1 additionally rendered: Experiment No.2 cover and instructions only; prior complete rendered pp2-5 experiment reused. No omitted independent problem.,full_paper_boundaries_verified,1
physical_paper,485,paper_boundary_audit,ipho,1992,,485,originals/ipho/1992/IPhO_1992_Q1__4eb939b200e2dbee.pdf,4eb939b200e2dbee3418f8db9051fc07c05320cf1e082a3dfedb13bd651997f6,"Complete physical-file boundary checked from all-page cache packet and prior statement/render evidence; extra unreadable cover/boundary pages inspected as stated. Prior complete all-three-page rendered inspection reused, plus p1 and p3 reread now for full-paper boundaries: one theoretical Problem1. No omitted independent problem.",full_paper_boundaries_verified,1
physical_paper,487,paper_boundary_audit,ipho,1992,,487,originals/ipho/1992/IPhO_1992_Q2__dc9adcb67893066d.pdf,dc9adcb67893066d89de86a4deec4a087e95a8ea7b40479436105ec117ced98b,Complete physical file rendered and manually audited against existing row. Problem 2 longitudinal motion of a linear molecule: shared spring model with internal tasks 1)-4). No extra top-level statement; existing decision retained.,full_paper_boundaries_verified,1
physical_paper,489,paper_boundary_audit,ipho,1992,,489,originals/ipho/1992/IPhO_1992_Q3__0d40ce754dfcde9b.pdf,0d40ce754dfcde9becb88ba267402df85848d8a07f314833cb61d7facbaa6b15,Complete physical file rendered and manually audited against existing row. Problem 3 satellite sunshine: shared radiative model with internal tasks 1)-5). No extra top-level statement; existing decision retained.,full_paper_boundaries_verified,1
physical_paper,491,paper_boundary_audit,ipho,1992,,491,originals/ipho/1992/IPhO_1992_Q4__195fa53dfe963c5d.pdf,195fa53dfe963c5db009c3ae6e7ebb363408816b08260c56b206cad587284ae2,Complete physical-file boundary checked from all-page cache packet and prior statement/render evidence; extra unreadable cover/boundary pages inspected as stated. p1 additionally rendered: general experimental cover/instructions only; prior complete rendered pp2-4 experiment reused. No omitted independent problem.,full_paper_boundaries_verified,1
physical_paper,492,paper_boundary_audit,ipho,1992,,492,originals/ipho/1992/IPhO_1992_Q5__d56d7ed51a1b67e2.pdf,d56d7ed51a1b67e26a04c35733018b717271d21f878b416183b6779cba34b3f4,Complete physical file rendered and manually audited against existing row. Experimental Problem 2 grating/optical filters: shared equipment with internal tasks 1)-3). No extra top-level statement; existing decision retained.,full_paper_boundaries_verified,1
physical_paper,495,paper_boundary_audit,ipho,1991,,495,originals/ipho/1991/IPhO_1991_Q1__ff888e8048675287.pdf,ff888e804867528773b860473c9861036d951e32a262fd878270ae6671827276,Complete one-page file contains complete Q1 and beginning of Q2. Exact cached page text equals fid497 p1. Both printed identities already registered raw::163/164; additional partial-source relationship preserved.,full_paper_boundaries_verified,2
physical_paper,497,paper_boundary_audit,ipho,1991,,497,originals/ipho/1991/IPhO_1991_Q2__e3f9a07d021528ab.pdf,e3f9a07d021528abf4b2dc058fa1c3421893186daa71c6b31c11138a814ee254,"Complete two-page source has Q1 plus Q2 starting p1 and continuing p2, then supplied relativity reference. Existing raw::163/164 represent both; preserve alternate Q1 source without creating duplicate logical problem.",full_paper_boundaries_verified,2
physical_paper,499,paper_boundary_audit,ipho,1991,,499,originals/ipho/1991/IPhO_1991_Q3__27c227c80ec0e450.pdf,27c227c80ec0e4507e9631c2c6e357e15ea362a2b9b028c8d549ec072285e39b,"Reused previously persisted complete-statement inspection covering every physical page; manually compared current SHA-cache page starts, all printed problem headings and page endings. Problem 3 laser cooling then its own solution. No additional top-level statement; repeated solutions/reference data are not new units.",full_paper_boundaries_verified,1
physical_paper,501,paper_boundary_audit,ipho,1991,,501,originals/ipho/1991/IPhO_1991_Q4__a0302508da225afc.pdf,a0302508da225afc5ad5c9e058a9bf574c556bf4f27541717c6f6706186f0f17,"Complete physical file rendered and manually audited against existing row. One Three Terminal Black Box experiment on p1; p2 only circuit-symbol reference, rendered and checked. No extra top-level statement; existing decision retained.",full_paper_boundaries_verified,1
physical_paper,503,paper_boundary_audit,ipho,1990,,503,originals/ipho/1990/IPhO_1990_Q1__4ef503e7a17ae029.pdf,4ef503e7a17ae02991a9c734574d528639a62575d3762578eaeae00dad8df344,"Both pages rendered: complete Q1 diffraction pp1-2; p2 also begins Q2 magnetosphere, already represented by raw::168/fid505. No genuinely missing unit; overlapping source relationship retained.",full_paper_boundaries_verified,2
physical_paper,505,paper_boundary_audit,ipho,1990,,505,originals/ipho/1990/IPhO_1990_Q2__2ebdb4798e5f34be.pdf,2ebdb4798e5f34befd64ad75ba112be17d653a2b17ed4e094b5e2145c4305dd6,Both pages rendered: Q2 magnetosphere begins p1 and completes p2; no other top-level problem. Its beginning/continuation also occur in adjacent physical extracts.,full_paper_boundaries_verified,1
physical_paper,507,paper_boundary_audit,ipho,1990,,507,originals/ipho/1990/IPhO_1990_Q3__24555411035eba76.pdf,24555411035eba76dfb32c6364ab0ca23e6530dadecf597715eee2d6b4f82a4f,"Both pages rendered completely: Q2 continuation p1, complete Q3 rotating neutron star pp1-2, Q4 LED experiment beginning p2. All three already registered; alternate partial sources explicitly mapped, no count inflation.",full_paper_boundaries_verified,3
physical_paper,510,paper_boundary_audit,ipho,1990,,510,originals/ipho/1990/IPhO_1990_Q4__06ebf91fde08d3d4.pdf,06ebf91fde08d3d4a02a10e5972cce7acaf0168e8647743bb63530446d182072,"All three physical pages rendered and inspected. Q3 neutron-star tail p1; Q4 LED efficiency starts p1, continues p2 and completes p3; Q5 magnets introduction starts p3. All three already registered.",full_paper_boundaries_verified,3
physical_paper,511,paper_boundary_audit,ipho,1990,,511,originals/ipho/1990/IPhO_1990_Q5__67201aee3772415c.pdf,67201aee3772415cd9d3bb85f8c6889883c8061e7585354e9cfe026c2f36fafd,"All three physical pages rendered and inspected. Q4 LED experiment conclusion p1, then Q5 magnet-ratio experiment p1-2; p3 stopwatch manual only. Both questions already registered.",full_paper_boundaries_verified,2
physical_paper,513,paper_boundary_audit,ipho,1989,,513,originals/ipho/1989/IPhO_1989_Q1__64085906b0ab34b6.pdf,64085906b0ab34b615152151707cbd838f700c775c3af8d5e80ef13de1662552,"Reused previously persisted complete-statement inspection covering every physical page; manually compared current SHA-cache page starts, all printed problem headings and page endings. Problem 1 two immiscible liquids with continuing common setup. No additional top-level statement; repeated solutions/reference data are not new units.",full_paper_boundaries_verified,1
physical_paper,515,paper_boundary_audit,ipho,1989,,515,originals/ipho/1989/IPhO_1989_Q2__6c0f8498314041ef.pdf,6c0f8498314041efbcfa10446439975f55dd624f7c3cb4fea28738c0d1c9ba6d,"Reused previously persisted complete-statement inspection covering every physical page; manually compared current SHA-cache page starts, all printed problem headings and page endings. Problem 2 gravitational three-body configuration. No additional top-level statement; repeated solutions/reference data are not new units.",full_paper_boundaries_verified,1
physical_paper,518,paper_boundary_audit,ipho,1989,,518,originals/ipho/1989/IPhO_1989_Q3__5335f825c3ef667b.pdf,5335f825c3ef667bd600d2b2889c98cea24e50996ddb53a7726fd254bdb4814e,"Reused previously persisted complete-statement inspection covering every physical page; manually compared current SHA-cache page starts, all printed problem headings and page endings. Problem 3 electron/proton microscope. No additional top-level statement; repeated solutions/reference data are not new units.",full_paper_boundaries_verified,1
physical_paper,519,paper_boundary_audit,ipho,1989,,519,originals/ipho/1989/IPhO_1989_Q4__1d37330c67bf1940.pdf,1d37330c67bf1940e4b15633d96989f38a7e94f5a79589d62fd6b8c70bc89b64,"Reused previously persisted complete-statement inspection covering every physical page; manually compared current SHA-cache page starts, all printed problem headings and page endings. Experimental Problem 1 acoustic measurement plus synopsis sheet; historical superconductivity note is not a task. No additional top-level statement; repeated solutions/reference data are not new units.",full_paper_boundaries_verified,1
physical_paper,521,paper_boundary_audit,ipho,1988,,521,originals/ipho/1988/IPhO_1988_Q1__ae201b6a60e64b6c.pdf,ae201b6a60e64b6c20f26e9e0615fffabcb6e475a5bad8ee225bb10edc249a4b,"Reused previously persisted complete-statement inspection covering every physical page; manually compared current SHA-cache page starts, all printed problem headings and page endings. THEORY 1 velocity spectrum with internal 1.1/1.2. No additional top-level statement; repeated solutions/reference data are not new units.",full_paper_boundaries_verified,1
physical_paper,524,paper_boundary_audit,ipho,1988,,524,originals/ipho/1988/IPhO_1988_Q2__05e5cae415c2d41c.pdf,05e5cae415c2d41c761efc2d9a567b0d050e3951880f6cd9c1ca6d988e7fa24c,"Reused previously persisted complete-statement inspection covering every physical page; manually compared current SHA-cache page starts, all printed problem headings and page endings. THEORY 2 Maxwell wheel with internal 2.1 etc. No additional top-level statement; repeated solutions/reference data are not new units.",full_paper_boundaries_verified,1
physical_paper,525,paper_boundary_audit,ipho,1988,,525,originals/ipho/1988/IPhO_1988_Q3__865427fc3e5f06fd.pdf,865427fc3e5f06fd13da05baa6411f24640ddb5554637411907499e3f8504bfb,"Reused previously persisted complete-statement inspection covering every physical page; manually compared current SHA-cache page starts, all printed problem headings and page endings. THEORY 3 ion recombination with continuing internal 3.2. No additional top-level statement; repeated solutions/reference data are not new units.",full_paper_boundaries_verified,1
physical_paper,527,paper_boundary_audit,ipho,1988,,527,originals/ipho/1988/IPhO_1988_Q4__298c3e9ab6bed985.pdf,298c3e9ab6bed9853733351a8d757fbdf966405d7eb9a350146ce95af7f3a4c3,Complete physical-file boundary checked from all-page cache packet and prior statement/render evidence; extra unreadable cover/boundary pages inspected as stated. One Experiment1 polarization; four questions belong to common polarizers. No omitted independent problem.,full_paper_boundaries_verified,1
physical_paper,529,paper_boundary_audit,ipho,1988,,529,originals/ipho/1988/IPhO_1988_Q5__1753cd7ae7ffee33.pdf,1753cd7ae7ffee3337bb613f84a3414988f93a57cf9bd68ce2364a85126689e9,"Complete physical-file boundary checked from all-page cache packet and prior statement/render evidence; extra unreadable cover/boundary pages inspected as stated. One Experiment2 electron tube, internal material/resistivity/work-function tasks. No omitted independent problem.",full_paper_boundaries_verified,1
physical_paper,531,paper_boundary_audit,ipho,1987,,531,originals/ipho/1987/IPhO_1987_Q1__03ae9e18044d9aa0.pdf,03ae9e18044d9aa0945f6aa28ca1d241924edc0121b9a04cb7c1334eaa84ad7d,"Reused previously persisted complete-statement inspection covering every physical page; manually compared current SHA-cache page starts, all printed problem headings and page endings. Problem 1 moist-air ascent and its own solution. No additional top-level statement; repeated solutions/reference data are not new units.",full_paper_boundaries_verified,1
physical_paper,533,paper_boundary_audit,ipho,1987,,533,originals/ipho/1987/IPhO_1987_Q2__ef0a16e651bc745b.pdf,ef0a16e651bc745b13b4bcff8c5232083496d8fa9cec9b066798e75b1c19d838,"Reused previously persisted complete-statement inspection covering every physical page; manually compared current SHA-cache page starts, all printed problem headings and page endings. Starts with previous moist-air SOLUTION only, then Problem 2 electrons in magnetic field and its solution. No additional top-level statement; repeated solutions/reference data are not new units.",full_paper_boundaries_verified,1
physical_paper,534,paper_boundary_audit,ipho,1987,,534,originals/ipho/1987/IPhO_1987_Q3__416011263705a8d9.pdf,416011263705a8d96e3baff8a5f6caabc0911bac80e052f9c18ef35c6a0f3b3b,"Reused previously persisted complete-statement inspection covering every physical page; manually compared current SHA-cache page starts, all printed problem headings and page endings. Problem 3 LC grid with internal (a)/(b) and its solution. No additional top-level statement; repeated solutions/reference data are not new units.",full_paper_boundaries_verified,1
physical_paper,538,paper_boundary_audit,ipho,1987,,538,originals/ipho/1987/IPhO_1987_Q4__eda3a5b2f5043498.pdf,eda3a5b2f50434989f5f9903c818f86fab3748cbc59fe2bd553cddc28bcc3926,"Reused previously persisted complete-statement inspection covering every physical page; manually compared current SHA-cache page starts, all printed problem headings and page endings. Starts with previous LC-grid SOLUTION only, then Problem 4 experimental refractive indices with internal (a)/(b) and its solution. No additional top-level statement; repeated solutions/reference data are not new units.",full_paper_boundaries_verified,1
physical_paper,540,paper_boundary_audit,ipho,1986,,540,originals/ipho/1986/IPhO_1986_Q1__ab50345dac6f8337.pdf,ab50345dac6f8337638a2ccf87c64c7dda4276db4af464c4b5765114289748e7,"Reused previously persisted complete-statement inspection covering every physical page; manually compared current SHA-cache page starts, all printed problem headings and page endings. Q1 grating, continued internal (iii)-(v). No additional top-level statement; repeated solutions/reference data are not new units.",full_paper_boundaries_verified,1
physical_paper,541,paper_boundary_audit,ipho,1986,,541,originals/ipho/1986/IPhO_1986_Q2__79d6be07f30d6bc1.pdf,79d6be07f30d6bc1e4b131da8b0006d89159be9ac9b400b0e4e43fc7e5f69f0e,"Reused previously persisted complete-statement inspection covering every physical page; manually compared current SHA-cache page starts, all printed problem headings and page endings. Q2 seismic waves, continued internal (iii)-(iv). No additional top-level statement; repeated solutions/reference data are not new units.",full_paper_boundaries_verified,1
physical_paper,543,paper_boundary_audit,ipho,1986,,543,originals/ipho/1986/IPhO_1986_Q3__2cb9bee4b3fa3496.pdf,2cb9bee4b3fa3496542e6c1dc32904d616f5ffecc7099349bcf384eba8436590,"Reused saved complete actual statement inspection; current manual boundary comparison examined every SHA-cache page opening, printed headings and ending: Q3 spring modes internal (i)-(iv), then trig reference. No further top-level problem statement. Internal tasks retained; previous/own solutions are not additional units.",full_paper_boundaries_verified,1
physical_paper,546,paper_boundary_audit,ipho,1986,,546,originals/ipho/1986/IPhO_1986_Q5__7c5f133d29bb35d9.pdf,7c5f133d29bb35d99907d47f91190a84451182ad490102e8efc48507c9f3f989,"Complete physical-file boundary checked from all-page cache packet and prior statement/render evidence; extra unreadable cover/boundary pages inspected as stated. One Experiment2 computer simulation, internal Computational Problems1-6 and information sets; reference to Problem6 denotes internal question. No omitted independent problem.",full_paper_boundaries_verified,1
physical_paper,547,paper_boundary_audit,ipho,1986,,547,originals/ipho/1986/IPhO_1986_Q4__8c07a71e22d583f4.pdf,8c07a71e22d583f4ebb8f8cb13e36a671530d6d7b111cf25025be1a8981dbb5e,"Complete physical-file boundary checked from all-page cache packet and prior statement/render evidence; extra unreadable cover/boundary pages inspected as stated. One telescope water-rainbow Experiment1, internal measurements and supplied refractive-index table. No omitted independent problem.",full_paper_boundaries_verified,1
physical_paper,549,paper_boundary_audit,ipho,1985,,549,originals/ipho/1985/IPhO_1985_Q1__10b5052005a5fe9a.pdf,10b5052005a5fe9a597111a72fada03c3a59557eecdd5e673ba1ed5a0f466504,"All two rendered pages inspected: cover and Problem 1 antenna followed on p2 by its (a,b) conclusion and complete Problem 2 Hall effect (a-d). Both printed problems already registered.",full_paper_boundaries_verified,2
physical_paper,554,paper_boundary_audit,ipho,1985,,554,originals/ipho/1985/IPhO_1985_Q2__0f28cc82ac3e7e67.pdf,0f28cc82ac3e7e67dd9f0629e4799609b9de30e5b7339df3208b19544c924618,"Entire rendered page inspected: Problem 1 antenna conclusion (a,b), then complete Problem 2 Hall effect (a-d). Both existing registered problems.",full_paper_boundaries_verified,2
physical_paper,556,paper_boundary_audit,ipho,1985,,556,originals/ipho/1985/IPhO_1985_Q3__629c37d9e8ab9a43.pdf,629c37d9e8ab9a43f540b154962632082da6137ce6ebd73aa2aae1bf90bf77a8,"Entire rendered page inspected: Problem 3 spacecraft launch and gravity assist, internal (a-d); no other problem.",full_paper_boundaries_verified,1
physical_paper,558,paper_boundary_audit,ipho,1985,,558,originals/ipho/1985/IPhO_1985_Q4__953d9e9d8513de21.pdf,953d9e9d8513de21e9188c8e2a7fb0185f9ceab8e404e821b63193358fe01466,Both rendered pages inspected: Experimental Exercise A motor and brass-disc acceleration/deceleration; second page continues operation and moment-of-inertia measurement. One experiment; no Exercise B in this file.,full_paper_boundaries_verified,1
physical_paper,560,paper_boundary_audit,ipho,1985,,560,originals/ipho/1985/IPhO_1985_Q5__aa0d4c5f15caa62a.pdf,aa0d4c5f15caa62ad231d6bfab20dd1f5bca0722c5da0e1d88a2fe83283ca772,"Complete physical-file boundary checked from all-page cache packet and prior statement/render evidence; extra unreadable cover/boundary pages inspected as stated. All three pages rendered: one Exercise B hidden magnets, followed by instrument list and operating instructions. No omitted independent problem.",full_paper_boundaries_verified,1
physical_paper,562,paper_boundary_audit,ipho,1984,,562,originals/ipho/1984/IPhO_1984_Q1__bb7d9904d4ad590d.pdf,bb7d9904d4ad590df9ab4e9a41ce778ac7baaa319512bd06cc73e4ac571c0009,"Reused saved complete actual statement inspection; current manual boundary comparison examined every SHA-cache page opening, printed headings and ending: Problem 1 mirage and its own solution. No further top-level problem statement. Internal tasks retained; previous/own solutions are not additional units.",full_paper_boundaries_verified,1
physical_paper,564,paper_boundary_audit,ipho,1984,,564,originals/ipho/1984/IPhO_1984_Q2__e4764bfaa48e3532.pdf,e4764bfaa48e353225ca08b6c17d62bc47b0abce6bf52ef27114d2a147f10043,"Reused saved complete actual statement inspection; current manual boundary comparison examined every SHA-cache page opening, printed headings and ending: Problem 2 seiching with p2 measurement graph only. No further top-level problem statement. Internal tasks retained; previous/own solutions are not additional units.",full_paper_boundaries_verified,1
physical_paper,566,paper_boundary_audit,ipho,1984,,566,originals/ipho/1984/IPhO_1984_Q3__231dceef3efb484c.pdf,231dceef3efb484cb5eb54b93a941bb1e86f7d2ba26b2adabe21a2eca32da61b,"Reused saved complete actual statement inspection; current manual boundary comparison examined every SHA-cache page opening, printed headings and ending: Problem 3 frequency filter and its own solution. No further top-level problem statement. Internal tasks retained; previous/own solutions are not additional units.",full_paper_boundaries_verified,1
physical_paper,568,paper_boundary_audit,ipho,1984,,568,originals/ipho/1984/IPhO_1984_Q4__c761404b0776e73c.pdf,c761404b0776e73c3ec613b66edcc7d64f8d996eae9a69fd8cfdfe24168de075,Entire rendered page inspected: Experimental Problem 1 diode RC circuit mean-power measurement; one complete experiment only.,full_paper_boundaries_verified,1
physical_paper,571,paper_boundary_audit,ipho,1984,,571,originals/ipho/1984/IPhO_1984_Q5__3246d9d8faa870f1.pdf,3246d9d8faa870f1b15f7496a9c5be3e112f6034edaaaf767738f08ca752c9f1,"Entire rendered page inspected: Experimental Problem 2 glow-lamp diffraction wavelengths with laser, grating and ruler calibration; one experiment only.",full_paper_boundaries_verified,1
physical_paper,572,paper_boundary_audit,ipho,1983,,572,originals/ipho/1983/IPhO_1983_Q1__d83ac72ae6f0461c.pdf,d83ac72ae6f0461c59b00d616a45f9c88854531629e705d3a2ed17fb8f647512,"Reused saved complete actual statement inspection; current manual boundary comparison examined every SHA-cache page opening, printed headings and ending: Mechanics Problem I jumping particle. No further top-level problem statement. Internal tasks retained; previous/own solutions are not additional units.",full_paper_boundaries_verified,1
physical_paper,574,paper_boundary_audit,ipho,1983,,574,originals/ipho/1983/IPhO_1983_Q2__19fcffa45a3c6521.pdf,19fcffa45a3c6521e11fb2e12a7e288faad5bdc6702fcfc64530d5ecb3620924,"Reused saved complete actual statement inspection; current manual boundary comparison examined every SHA-cache page opening, printed headings and ending: Electricity Problem II circuit oscillation. No further top-level problem statement. Internal tasks retained; previous/own solutions are not additional units.",full_paper_boundaries_verified,1
physical_paper,578,paper_boundary_audit,ipho,1983,,578,originals/ipho/1983/IPhO_1983_Q3__2a781bdf3ea27cbd.pdf,2a781bdf3ea27cbd873d25c5c7ca203fa109c61bfdf3afc284639e968bfb0126,"Reused saved complete actual statement inspection; current manual boundary comparison examined every SHA-cache page opening, printed headings and ending: Optics Problem III glued prisms. No further top-level problem statement. Internal tasks retained; previous/own solutions are not additional units.",full_paper_boundaries_verified,1
physical_paper,580,paper_boundary_audit,ipho,1983,,580,originals/ipho/1983/IPhO_1983_Q4__4368386cfcbcbb1e.pdf,4368386cfcbcbb1e97b9aaee98955cc7b45132ed9e91f71412dbd561d02e03b1,"Reused saved complete actual statement inspection; current manual boundary comparison examined every SHA-cache page opening, printed headings and ending: Atomics Problem IV Compton scattering. No further top-level problem statement. Internal tasks retained; previous/own solutions are not additional units.",full_paper_boundaries_verified,1
physical_paper,584,paper_boundary_audit,ipho,1983,,584,originals/ipho/1983/IPhO_1983_Q5__74e9fca3df877693.pdf,74e9fca3df877693e0e7d47dc0885127ae5fc013095391f592104950bf8055a3,"Reused saved complete actual statement inspection; current manual boundary comparison examined every SHA-cache page opening, printed headings and ending: Bonus IPhO logo Problem V, expressly outside general score but valid printed task. No further top-level problem statement. Internal tasks retained; previous/own solutions are not additional units.",full_paper_boundaries_verified,1
physical_paper,586,paper_boundary_audit,ipho,1982,,586,originals/ipho/1982/IPhO_1982_Q1__a304b90571500067.pdf,a304b9057150006711a802a65c191f3ff5b648ac8371de845fcbbfed77c3b7bc,Complete physical-file boundary checked from all-page cache packet and prior statement/render evidence; extra unreadable cover/boundary pages inspected as stated. p1 historical article and p2 intro continuation; pp2-3 only Theoretical Problem1 fluorescent lamp. No omitted independent problem.,full_paper_boundaries_verified,1
physical_paper,588,paper_boundary_audit,ipho,1982,,588,originals/ipho/1982/IPhO_1982_Q2__18049d2e4e27717e.pdf,18049d2e4e27717efefb0f5601fa6c307d550b508bc3242b04b9c729a7608d93,"Reused saved complete actual statement inspection; current manual boundary comparison examined every SHA-cache page opening, printed headings and ending: Previous rectifier solution then Problem 2 oscillating coat hanger and its solution. No further top-level problem statement. Internal tasks retained; previous/own solutions are not additional units.",full_paper_boundaries_verified,1
physical_paper,589,paper_boundary_audit,ipho,1982,,589,originals/ipho/1982/IPhO_1982_Q3__a1fcf12eb487663d.pdf,a1fcf12eb487663d9cc714099b43420a56fc464f6094ff99f03c31be540590fb,"Reused saved complete actual statement inspection; current manual boundary comparison examined every SHA-cache page opening, printed headings and ending: Problem 3 hot-air balloon and its solution. No further top-level problem statement. Internal tasks retained; previous/own solutions are not additional units.",full_paper_boundaries_verified,1
physical_paper,592,paper_boundary_audit,ipho,1982,,592,originals/ipho/1982/IPhO_1982_Q4__eecfd0c403f7ef79.pdf,eecfd0c403f7ef79dca7b41b1b41c497a311443d173e1325e39d7f44119fbec7,"Reused saved complete actual statement inspection; current manual boundary comparison examined every SHA-cache page opening, printed headings and ending: Experimental Problem 4 lens experiment and its solution. No further top-level problem statement. Internal tasks retained; previous/own solutions are not additional units.",full_paper_boundaries_verified,1
physical_paper,594,paper_boundary_audit,ipho,1982,,594,originals/ipho/1982/IPhO_1982_Q5__13ec050d7a590ea3.pdf,13ec050d7a590ea3535ef810c5e0884716a92d8261d2cb56dda8319f0e3fa923,"Complete physical-file boundary checked from all-page cache packet and prior statement/render evidence; extra unreadable cover/boundary pages inspected as stated. p1 preceding lens Problem4 SOLUTION with nominal results, not statement; then Problem5 rolling cylinder starts p1 and continues pp2-3. One independent statement. No omitted independent problem.",full_paper_boundaries_verified,1
physical_paper,596,paper_boundary_audit,ipho,1981,,596,originals/ipho/1981/IPhO_1981_Q1__19c87c29fb9d2175.pdf,19c87c29fb9d2175b1e69aae154cbd2f2997b5d6b7757ed7063c8c8d5fd6a58a,"Reused saved complete actual statement inspection; current manual boundary comparison examined every SHA-cache page opening, printed headings and ending: Theoretical Problem 1 piston thermodynamics. No further top-level problem statement. Internal tasks retained; previous/own solutions are not additional units.",full_paper_boundaries_verified,1
physical_paper,598,paper_boundary_audit,ipho,1981,,598,originals/ipho/1981/IPhO_1981_Q2__f0b3f83b09eeb239.pdf,f0b3f83b09eeb239548db8e556d66f39ecfabc73612c6c609c73a23bbbd46ae3,"Reused saved complete actual statement inspection; current manual boundary comparison examined every SHA-cache page opening, printed headings and ending: Theoretical Problem 2 lamp circuit internal 1/2. No further top-level problem statement. Internal tasks retained; previous/own solutions are not additional units.",full_paper_boundaries_verified,1
physical_paper,599,paper_boundary_audit,ipho,1981,,599,originals/ipho/1981/IPhO_1981_Q3__899cb61dd59bfb5e.pdf,899cb61dd59bfb5e172eac5e169e62b62ef1b08475cd449644ee9813ad69af5d,"Reused saved complete actual statement inspection; current manual boundary comparison examined every SHA-cache page opening, printed headings and ending: Theoretical Problem 3 radio interference internal 1-4. No further top-level problem statement. Internal tasks retained; previous/own solutions are not additional units.",full_paper_boundaries_verified,1
physical_paper,601,paper_boundary_audit,ipho,1981,,601,originals/ipho/1981/IPhO_1981_Q4__abbda7eb91a187e5.pdf,abbda7eb91a187e533f0eb7cb062094fe793276efbedeb6cef616c6ec15b31e2,"Reused saved complete actual statement inspection; current manual boundary comparison examined every SHA-cache page opening, printed headings and ending: One rubber-cord experiment with three internal measurement/analysis tasks. No further top-level problem statement. Internal tasks retained; previous/own solutions are not additional units.",full_paper_boundaries_verified,1
physical_paper,604,paper_boundary_audit,ipho,1979,,604,originals/ipho/1979/IPhO_1979_Q1__b71d33140728d652.pdf,b71d33140728d652169c89009e610f4fe95e2fb4faaad4f35f0285e9e0e5d5ce,"Reused saved complete actual statement inspection; current manual boundary comparison examined every SHA-cache page opening, printed headings and ending: Intro then Problem 1 lunar rocket. No further top-level problem statement. Internal tasks retained; previous/own solutions are not additional units.",full_paper_boundaries_verified,1
physical_paper,605,paper_boundary_audit,ipho,1979,,605,originals/ipho/1979/IPhO_1979_Q2__7a759751bc803b28.pdf,7a759751bc803b2802f4cacb4664da7d88ab71cd8d19302943bfdf7c55e19b3e,"Reused saved complete actual statement inspection; current manual boundary comparison examined every SHA-cache page opening, printed headings and ending: Problem 2 humid-air weighing. No further top-level problem statement. Internal tasks retained; previous/own solutions are not additional units.",full_paper_boundaries_verified,1
physical_paper,607,paper_boundary_audit,ipho,1979,,607,originals/ipho/1979/IPhO_1979_Q3__fee8d6be2cd005e5.pdf,fee8d6be2cd005e567c6edca76e2a68309e0d2834666981e54d0067c5596360c,"Reused saved complete actual statement inspection; current manual boundary comparison examined every SHA-cache page opening, printed headings and ending: Problem 3 lunar laser ranging internal 1-4. No further top-level problem statement. Internal tasks retained; previous/own solutions are not additional units.",full_paper_boundaries_verified,1
physical_paper,610,paper_boundary_audit,ipho,1979,,610,originals/ipho/1979/IPhO_1979_Q4__93652bc30aa60df5.pdf,93652bc30aa60df58952c5738fc4a17673104f1295a1df752ccd77157b8e0903,"Reused saved complete actual statement inspection; current manual boundary comparison examined every SHA-cache page opening, printed headings and ending: One electrical black-box experimental task and instrument list. No further top-level problem statement. Internal tasks retained; previous/own solutions are not additional units.",full_paper_boundaries_verified,1
physical_paper,611,paper_boundary_audit,ipho,1977,,611,originals/ipho/1977/IPhO_1977_Q1__e6850448b7bc6d8e.pdf,e6850448b7bc6d8e430068d8c6e9afe49ba7cacb8b1064a468f6cd60a536e6db,"Both rendered pages inspected: Problem 1 internal-combustion ideal PV cycle, setup p1 and (a-d) plus its solution p2. No additional statement.",full_paper_boundaries_verified,1
physical_paper,614,paper_boundary_audit,ipho,1977,,614,originals/ipho/1977/IPhO_1977_Q2__1cfa476abeab8208.pdf,1cfa476abeab820859c9df70c63786727887a2daac959bb9162c9496d373f95d,"Entire rendered page inspected: previous Problem 1 solution only at top, then complete Problem 2 soap film (a,b) and data. Solution continuation is not a new problem.",full_paper_boundaries_verified,1
physical_paper,616,paper_boundary_audit,ipho,1977,,616,originals/ipho/1977/IPhO_1977_Q3__40d7f3d62ae2d59a.pdf,40d7f3d62ae2d59a743de57b7ce17a86d035586b477699459df6a926ff699684,"Both rendered pages inspected: previous Problem 2 solution only followed by Problem 3 electron gun, diagram and (a,b), then its solution. One problem statement.",full_paper_boundaries_verified,1
physical_paper,618,paper_boundary_audit,ipho,1976,,618,originals/ipho/1976/IPhO_1976_Q1__ac3450d62ac6acf2.pdf,ac3450d62ac6acf29f366d7202aa7434f258a4c0e57c429f084c9ea1e002c905,"Reused saved complete actual statement inspection; current manual boundary comparison examined every SHA-cache page opening, printed headings and ending: Problem 1 rotating hollow sphere. No further top-level problem statement. Internal tasks retained; previous/own solutions are not additional units.",full_paper_boundaries_verified,1
physical_paper,620,paper_boundary_audit,ipho,1976,,620,originals/ipho/1976/IPhO_1976_Q2__1184d570cb432392.pdf,1184d570cb43239223374a6aa731fea4910ee9fee9988392877198b90d6dbe3b,"Reused saved complete actual statement inspection; current manual boundary comparison examined every SHA-cache page opening, printed headings and ending: Problem 2 insulated cylinder and valve. No further top-level problem statement. Internal tasks retained; previous/own solutions are not additional units.",full_paper_boundaries_verified,1
physical_paper,623,paper_boundary_audit,ipho,1976,,623,originals/ipho/1976/IPhO_1976_Q3__0ccb6c9f29be9dea.pdf,0ccb6c9f29be9dea9d97b9ab8768640744f88194a5353409ae7e756eeecc6711,"Reused saved complete actual statement inspection; current manual boundary comparison examined every SHA-cache page opening, printed headings and ending: Problem 3 nondestructive bubble measurement. No further top-level problem statement. Internal tasks retained; previous/own solutions are not additional units.",full_paper_boundaries_verified,1
physical_paper,624,paper_boundary_audit,ipho,1976,,624,originals/ipho/1976/IPhO_1976_Q4__6df9626c005b0ca1.pdf,6df9626c005b0ca11b9adc6ec24c0a89256f88f869d053e8677427321065933c,"Reused saved complete actual statement inspection; current manual boundary comparison examined every SHA-cache page opening, printed headings and ending: One printed calorimetry experiment. No further top-level problem statement. Internal tasks retained; previous/own solutions are not additional units.",full_paper_boundaries_verified,1
physical_paper,626,paper_boundary_audit,ipho,1975,,626,originals/ipho/1975/IPhO_1975_Q1__98f2fc7c12a93ffd.pdf,98f2fc7c12a93ffdb83929035d1a40397b1d67df877d41a25d57b0a27de1e562,"Reused saved complete actual statement inspection; current manual boundary comparison examined every SHA-cache page opening, printed headings and ending: p1 historical introduction/contact; p2 Theoretical problem 1 rotating rod with supplied trig reference. No further top-level problem statement. Internal tasks retained; previous/own solutions are not additional units.",full_paper_boundaries_verified,1
physical_paper,627,paper_boundary_audit,ipho,1975,,627,originals/ipho/1975/IPhO_1975_Q2__69af4a68bcdbedf0.pdf,69af4a68bcdbedf0c92dfc726cbe52649bcd248119dddded252b86f055613f4f,"Reused saved complete actual statement inspection; current manual boundary comparison examined every SHA-cache page opening, printed headings and ending: Previous rotating-rod solution then Theoretical problem 2 thick lens and its solution. No further top-level problem statement. Internal tasks retained; previous/own solutions are not additional units.",full_paper_boundaries_verified,1
physical_paper,629,paper_boundary_audit,ipho,1975,,629,originals/ipho/1975/IPhO_1975_Q3__779b78e6503fd1c7.pdf,779b78e6503fd1c7571f9e82c2efad99838e5775f27cad9572a88b12639c1725,"Reused saved complete actual statement inspection; current manual boundary comparison examined every SHA-cache page opening, printed headings and ending: Previous thick-lens solution then Theoretical problem 3 magnetic ion focusing, continued p2. No further top-level problem statement. Internal tasks retained; previous/own solutions are not additional units.",full_paper_boundaries_verified,1
physical_paper,632,paper_boundary_audit,ipho,1975,,632,originals/ipho/1975/IPhO_1975_Q4__3d01ff69e3892c85.pdf,3d01ff69e3892c85d52b6fdda2689ac59977705575ab3f3df60b786153ca148a,"Reused saved complete actual statement inspection; current manual boundary comparison examined every SHA-cache page opening, printed headings and ending: One semiconductor-element experiment and meter calibration table. No further top-level problem statement. Internal tasks retained; previous/own solutions are not additional units.",full_paper_boundaries_verified,1
physical_paper,634,paper_boundary_audit,ipho,1974,,634,originals/ipho/1974/IPhO_1974_Q1__c4e694a4d51714ef.pdf,c4e694a4d51714efd293cab495f39792549941cd93fb714dd76d2e6412a39580,"Reused saved complete actual statement inspection; current manual boundary comparison examined every SHA-cache page opening, printed headings and ending: Article introduction then theoretical Problem 1 particle orbit, p2 constants continuation only. No further top-level problem statement. Internal tasks retained; previous/own solutions are not additional units.",full_paper_boundaries_verified,1
physical_paper,636,paper_boundary_audit,ipho,1974,,636,originals/ipho/1974/IPhO_1974_Q2__6ce46b3fd5e4fa0c.pdf,6ce46b3fd5e4fa0cd9122ba826c160812e2438ddad615a7a7e4e36388bee1674,"Reused saved complete actual statement inspection; current manual boundary comparison examined every SHA-cache page opening, printed headings and ending: Problem 2 graded-index plate with three internal tasks. No further top-level problem statement. Internal tasks retained; previous/own solutions are not additional units.",full_paper_boundaries_verified,1
physical_paper,638,paper_boundary_audit,ipho,1974,,638,originals/ipho/1974/IPhO_1974_Q3__0b0584023a3e4d02.pdf,0b0584023a3e4d02f4b64780f6aac1897671e9e5a541ad798058acb67a1235fc,"Reused saved complete actual statement inspection; current manual boundary comparison examined every SHA-cache page opening, printed headings and ending: Problem 3 geothermal engine. No further top-level problem statement. Internal tasks retained; previous/own solutions are not additional units.",full_paper_boundaries_verified,1
physical_paper,640,paper_boundary_audit,ipho,1974,,640,originals/ipho/1974/IPhO_1974_Q4__a92b6a2f558ec380.pdf,a92b6a2f558ec380d03c5e7579fba669252630a8d03b43cae13d1172bf2a948f,"Entire physical-file boundary packet inspected against existing complete actual-statement evidence. Experimental black box with two diodes and resistor; instruments are apparatus, not extra tasks. No additional top-level statement.",full_paper_boundaries_verified,1
physical_paper,643,paper_boundary_audit,ipho,1972,,643,originals/ipho/1972/IPhO_1972_Q1__07e5badee25ccf70.pdf,07e5badee25ccf70ae51e04ac65bc59f2a45dd9d91018dc256dfe7e642ef7526,Entire physical-file boundary packet inspected against existing complete actual-statement evidence. Historical introduction followed by Theoretical Problem 1 mechanics only. No additional top-level statement.,full_paper_boundaries_verified,1
physical_paper,644,paper_boundary_audit,ipho,1972,,644,originals/ipho/1972/IPhO_1972_Q2__215c2be1af7a8361.pdf,215c2be1af7a83616430f46f155a65a15608dd449f24dcc0a4b3caecc1fa7725,Entire physical-file boundary packet inspected against existing complete actual-statement evidence. Problem 2 gas-cylinder molecular physics only. No additional top-level statement.,full_paper_boundaries_verified,1
physical_paper,647,paper_boundary_audit,ipho,1972,,647,originals/ipho/1972/IPhO_1972_Q4__cf70b4bf05fa63bc.pdf,cf70b4bf05fa63bc2f1c2586a4a140faec6b1230171dd0b357ce5a1cc5f40067,Entire physical-file boundary packet inspected against existing complete actual-statement evidence. Problem 4 optics lens and wavelength only. No additional top-level statement.,full_paper_boundaries_verified,1
physical_paper,648,paper_boundary_audit,ipho,1972,,648,originals/ipho/1972/IPhO_1972_Q3__15e84fd615ac2127.pdf,15e84fd615ac2127e933caaa459fb89432afa9b247c6db3da1c8c9eb03502bfc,Entire physical-file boundary packet inspected against existing complete actual-statement evidence. Problem 3 dielectric liquid capacitor only. No additional top-level statement.,full_paper_boundaries_verified,1
physical_paper,650,paper_boundary_audit,ipho,1972,,650,originals/ipho/1972/IPhO_1972_Q5__5fc12b3a1a2f3e8e.pdf,5fc12b3a1a2f3e8eaaab00de174805f192e29a4803a67058e7aa3f565bfe8a52,Entire physical-file boundary packet inspected against existing complete actual-statement evidence. One experimental cylindrical-bodies mechanics task with multiple proposed methods. No additional top-level statement.,full_paper_boundaries_verified,1
physical_paper,651,paper_boundary_audit,ipho,1971,,651,originals/ipho/1971/IPhO_1971_Q1__e8321ccd7e86a100.pdf,e8321ccd7e86a1000e6d983fb28da4fbdcfdfa01a7a33cba8e1ed1dab82c7b54,Entire physical-file boundary packet inspected against existing complete actual-statement evidence. Introduction and Question 1 mechanics only. No additional top-level statement.,full_paper_boundaries_verified,1
physical_paper,654,paper_boundary_audit,ipho,1971,,654,originals/ipho/1971/IPhO_1971_Q2__66e9e664d38f241b.pdf,66e9e664d38f241b424130665f84aec49f7cad697cc832240155ebd801495cc2,Entire physical-file boundary packet inspected against existing complete actual-statement evidence. Question 2 hydrogen and mercury tube only. No additional top-level statement.,full_paper_boundaries_verified,1
physical_paper,656,paper_boundary_audit,ipho,1971,,656,originals/ipho/1971/IPhO_1971_Q3__89760015186c4317.pdf,89760015186c431732741da98847f61e5e55a692e15ca63e835ebeb764eda021,Entire physical-file boundary packet inspected against existing complete actual-statement evidence. Question 3 batteries and capacitors only. No additional top-level statement.,full_paper_boundaries_verified,1
physical_paper,658,paper_boundary_audit,ipho,1971,,658,originals/ipho/1971/IPhO_1971_Q4__bb31a2255db2c9e9.pdf,bb31a2255db2c9e9834823425cc9a7ec25d50f5d86d1ae3b0b39a2fa699c46f9,Entire physical-file boundary packet inspected against existing complete actual-statement evidence. Question 4 spherical aquarium and mirror only. No additional top-level statement.,full_paper_boundaries_verified,1
physical_paper,660,paper_boundary_audit,ipho,1971,,660,originals/ipho/1971/IPhO_1971_Q5__e1bb6e02b66aab32.pdf,e1bb6e02b66aab327bc88239d644c595b4c9a42bb9d7687bd9b4590b4adb7c18,Entire physical-file boundary packet inspected against existing complete actual-statement evidence. One DC-source experiment; six numbered outputs are internal measurements/plots. No additional top-level statement.,full_paper_boundaries_verified,1
physical_paper,662,paper_boundary_audit,ipho,1970,,662,originals/ipho/1970/IPhO_1970_Q1__c43cb7d49a6c431e.pdf,c43cb7d49a6c431e384a10afe093e9c005de2c9c7e612886d01d22bdbeda77f4,Entire physical-file boundary packet inspected against existing complete actual-statement evidence. Historical introduction and Problem 1 bar and carriage only. No additional top-level statement.,full_paper_boundaries_verified,1
physical_paper,665,paper_boundary_audit,ipho,1970,,665,originals/ipho/1970/IPhO_1970_Q3__40e4461f9b991240.pdf,40e4461f9b9912409ad33f61fc0d57a5ac20840df32e9a96e9fba6ebd69b3353,Entire physical-file boundary packet inspected against existing complete actual-statement evidence. Problem 3 concentric metal spheres only. No additional top-level statement.,full_paper_boundaries_verified,1
physical_paper,666,paper_boundary_audit,ipho,1970,,666,originals/ipho/1970/IPhO_1970_Q2__fcc11f58d7d9bbf6.pdf,fcc11f58d7d9bbf6565d34b3b18cdec70fc6a0e3b425f53c29b63cf6ab512157,Entire physical-file boundary packet inspected against existing complete actual-statement evidence. Problem 2 NaCl crystal unit cell only. No additional top-level statement.,full_paper_boundaries_verified,1
physical_paper,668,paper_boundary_audit,ipho,1970,,668,originals/ipho/1970/IPhO_1970_Q4__1f71ac0faa3a49cc.pdf,1f71ac0faa3a49cc3453a9fdfea3320aaf6df89e836fb5d422357e7ade67a72d,Entire physical-file boundary packet inspected against existing complete actual-statement evidence. Problem 4 spherical telescope mirror only. No additional top-level statement.,full_paper_boundaries_verified,1
physical_paper,669,paper_boundary_audit,ipho,1970,,669,originals/ipho/1970/IPhO_1970_Q5__05c4ab69f34c24b9.pdf,05c4ab69f34c24b9f01470b281bc3c811a5250161818a1a920ead8eea25cd164,Entire physical-file boundary packet inspected against existing complete actual-statement evidence. One experimental focal-length determination; instrument list is not extra problems. No additional top-level statement.,full_paper_boundaries_verified,1
physical_paper,672,paper_boundary_audit,ipho,1969,,672,originals/ipho/1969/IPhO_1969_Q1__db6f329e5f36143a.pdf,db6f329e5f36143adfcc7773d8f3750a52fcb097a23c37102a726b4595274a9a,"Entire physical-file boundary packet inspected against existing complete actual-statement evidence. Reuse complete persisted scan inspection: one Problem 1 with internal 1(a,b), 2(a,b). No additional top-level statement.",full_paper_boundaries_verified,1
physical_paper,673,paper_boundary_audit,ipho,1969,,673,originals/ipho/1969/IPhO_1969_Q2__762f75a8374214b8.pdf,762f75a8374214b8a907749b3c813d4d58dd07268f25914d440c33393b5c3846,Entire physical-file boundary packet inspected against existing complete actual-statement evidence. Reuse complete persisted scan inspection: preceding solution tail then one Problem 2. No additional top-level statement.,full_paper_boundaries_verified,1
physical_paper,675,paper_boundary_audit,ipho,1969,,675,originals/ipho/1969/IPhO_1969_Q3__fce4811f0ada0d8d.pdf,fce4811f0ada0d8db8297631c6b2a1a4c9ff06aab95ec1cb7d65a945ff5074bc,Entire physical-file boundary packet inspected against existing complete actual-statement evidence. Reuse complete persisted scan inspection: one Problem 3 charged rings and its solution. No additional top-level statement.,full_paper_boundaries_verified,1
physical_paper,678,paper_boundary_audit,ipho,1969,,678,originals/ipho/1969/IPhO_1969_Q4__8375a28bd909af89.pdf,8375a28bd909af89a46f2b4ab458b5ffb33c2c1eac0012f229ca88a60b2f4642,Entire physical-file boundary packet inspected against existing complete actual-statement evidence. Reuse complete persisted scan inspection of both pages: previous Problem 3 solution then one Problem 4 calculation. No additional top-level statement.,full_paper_boundaries_verified,1
physical_paper,680,paper_boundary_audit,ipho,1968,,680,originals/ipho/1968/IPhO_1968_Q1__c3afca878a3fc3db.pdf,c3afca878a3fc3db5bb13a9a0a04480983d84097c55ea2f3013349f4322a5ace,Entire physical-file boundary packet inspected against existing complete actual-statement evidence. p1 historical introduction; p2 only Problem 1 inclined plane and cylinder. No additional top-level statement.,full_paper_boundaries_verified,1
physical_paper,682,paper_boundary_audit,ipho,1968,,682,originals/ipho/1968/IPhO_1968_Q2__3d1edc288312b2bd.pdf,3d1edc288312b2bd169dcf1df1f1e5a83e0de5f18e3b902af31a351695f0d9d5,Entire physical-file boundary packet inspected against existing complete actual-statement evidence. Problem 2 thermal expansion and toluene mixing only. No additional top-level statement.,full_paper_boundaries_verified,1
physical_paper,684,paper_boundary_audit,ipho,1968,,684,originals/ipho/1968/IPhO_1968_Q3__82558e0a66b1b3f9.pdf,82558e0a66b1b3f92e9e7643d7d59548c0283bcb74025e697a2fc62c9569c82f,Entire physical-file boundary packet inspected against existing complete actual-statement evidence. Problem 3 glass semicylinder optics only. No additional top-level statement.,full_paper_boundaries_verified,1
physical_paper,686,paper_boundary_audit,ipho,1968,,686,originals/ipho/1968/IPhO_1968_Q4__47f708a9d1a98ee0.pdf,47f708a9d1a98ee01c8cdb665a35dfb13bc9ef40616c5016c0aae9837671d129,"Entire physical-file boundary packet inspected against existing complete actual-statement evidence. One experimental three-black-box investigation, shared instruments. No additional top-level statement.",full_paper_boundaries_verified,1
physical_paper,687,paper_boundary_audit,ipho,1967,,687,originals/ipho/1967/IPhO_1967_Q1__b6d4bbdf1fcc5d68.pdf,b6d4bbdf1fcc5d6804bbb25ffc4e0725afd207c0d47dc9998bebb1dfd28c58c6,Entire physical-file boundary packet inspected against existing complete actual-statement evidence. p1 historical introduction; p2 introduction continuation then only Problem 1 cart and block. No additional top-level statement.,full_paper_boundaries_verified,1
physical_paper,691,paper_boundary_audit,ipho,1967,,691,originals/ipho/1967/IPhO_1967_Q2__36def1c63d26cf52.pdf,36def1c63d26cf52ec9c60eacb166db4e9899025c0bb28d8aff103934531cf46,Entire physical-file boundary packet inspected against existing complete actual-statement evidence. Problem 2 infinite resistor network only. No additional top-level statement.,full_paper_boundaries_verified,1
physical_paper,692,paper_boundary_audit,ipho,1967,,692,originals/ipho/1967/IPhO_1967_Q3__9709ea4259798945.pdf,9709ea42597989453b44d3903274389593351f217892ca81624e698062a9c7a0,Entire physical-file boundary packet inspected against existing complete actual-statement evidence. Problem 3 heating two balls only. No additional top-level statement.,full_paper_boundaries_verified,1
physical_paper,697,paper_boundary_audit,ipho,1967,,697,originals/ipho/1967/IPhO_1967_Q4__e50052106c0c3dee.pdf,e50052106c0c3dee15d3614f0336d881330bee1f075f759e6f84fd4bb1c98c48,Entire physical-file boundary packet inspected against existing complete actual-statement evidence. Problem 4 gas and added water only; prefatory history explains fourth question. No additional top-level statement.,full_paper_boundaries_verified,1
physical_paper,700,paper_boundary_audit,ipho,1967,,700,originals/ipho/1967/IPhO_1967_Q5__b99cbcd41f9a437e.pdf,b99cbcd41f9a437e5ebb2d7f1a948e70870ec2cde35d23f3a59cc80efd370022,"Entire physical-file boundary packet inspected against existing complete actual-statement evidence. One petroleum specific-heat experiment; twelve numbered items are apparatus, not tasks. No additional top-level statement.",full_paper_boundaries_verified,1
physical_paper,704,paper_boundary_audit,eupho,2026,,704,originals/eupho/2026/EuPhO_2026_Q1-3__f200074e0fb1f54d.pdf,f200074e0fb1f54db6b97cc949cf51cc0d44bb8198286f89d59435da79726f35,Manually inspected every cached page and printed top-level headings; prior complete statement/render review reused. All 3 top-level problems registered; diagrams/instructions and internal parts excluded from extra-unit count.,full_paper_boundaries_verified,3
physical_paper,721,paper_boundary_audit,eupho,2026,,721,originals/eupho/2026/EuPhO_2026_Q4__46a2836608c2dddc.pdf,46a2836608c2dddc6bf3de68c5761e66878629eeeb182370f1bf52505aba5208,Manually inspected every cached page and printed top-level headings; prior complete statement/render review reused. All 1 top-level problems registered; diagrams/instructions and internal parts excluded from extra-unit count.,full_paper_boundaries_verified,1
physical_paper,727,paper_boundary_audit,eupho,2025,,727,originals/eupho/2025/EuPhO_2025_Q1-3__0dfca9e991269571.pdf,0dfca9e9912695719359a8f628af396834ca9bb99ff1f5677c317dc5752cb8c5,Manually inspected every cached page and printed top-level headings; prior complete statement/render review reused. All 3 top-level problems registered; diagrams/instructions and internal parts excluded from extra-unit count.,full_paper_boundaries_verified,3
physical_paper,742,paper_boundary_audit,eupho,2025,,742,originals/eupho/2025/EuPhO_2025_Q4-5__39aab1c42e4b0650.pdf,39aab1c42e4b06505fc285519d5a7791880cd8f2a983cc78e709a08ec912648b,Manually inspected every cached page and printed top-level headings; prior complete statement/render review reused. All 2 top-level problems registered; diagrams/instructions and internal parts excluded from extra-unit count.,full_paper_boundaries_verified,2
physical_paper,756,paper_boundary_audit,eupho,2024,,756,originals/eupho/2024/EuPhO_2024_Q1-3__43438581a9bacd76.pdf,43438581a9bacd766dc485a4518c649c281ad89c7f426589ccbde4228c1d0883,Manually inspected every cached page and printed top-level headings; prior complete statement/render review reused. All 3 top-level problems registered; diagrams/instructions and internal parts excluded from extra-unit count.,full_paper_boundaries_verified,3
physical_paper,772,paper_boundary_audit,eupho,2024,,772,originals/eupho/2024/EuPhO_2024_Q4__b3930607da4bf274.pdf,b3930607da4bf274e33111db4e6cce9d55d07701e2d117a81be127ebef59a6ba,Manually inspected every cached page and printed top-level headings; prior complete statement/render review reused. All 1 top-level problems registered; diagrams/instructions and internal parts excluded from extra-unit count.,full_paper_boundaries_verified,1
physical_paper,775,paper_boundary_audit,eupho,2023,,775,originals/eupho/2023/EuPhO_2023_Q1-3__7727f0faed48a058.pdf,7727f0faed48a05881a5c4158ac8459fa1ab33288cc1dbd1ce854330134edbb0,Manually inspected every cached page and printed top-level headings; prior complete statement/render review reused. All 3 top-level problems registered; diagrams/instructions and internal parts excluded from extra-unit count.,full_paper_boundaries_verified,3
physical_paper,794,paper_boundary_audit,eupho,2023,,794,originals/eupho/2023/EuPhO_2023_Q4-5__d6f0c21334b99e55.pdf,d6f0c21334b99e551f813969c847a180db8a7457df6052d1c64d323e7b2790aa,Manually inspected every cached page and printed top-level headings; prior complete statement/render review reused. All 2 top-level problems registered; diagrams/instructions and internal parts excluded from extra-unit count.,full_paper_boundaries_verified,2
physical_paper,806,paper_boundary_audit,eupho,2022,,806,originals/eupho/2022/EuPhO_2022_Q1-3__27d731e334ec5866.pdf,27d731e334ec5866835122bf8d5279c171705aa69616ea60e9b9e8fe87fab26d,Manually inspected every cached page and printed top-level headings; prior complete statement/render review reused. All 3 top-level problems registered; diagrams/instructions and internal parts excluded from extra-unit count.,full_paper_boundaries_verified,3
physical_paper,826,paper_boundary_audit,eupho,2022,,826,originals/eupho/2022/EuPhO_2022_Q4__c2183f6fad141a2c.pdf,c2183f6fad141a2c90b684eaaca3419969d5e54b76b9da436b0086d93d8fbce6,Manually inspected every cached page and printed top-level headings; prior complete statement/render review reused. All 1 top-level problems registered; diagrams/instructions and internal parts excluded from extra-unit count.,full_paper_boundaries_verified,1
physical_paper,828,paper_boundary_audit,eupho,2021,,828,originals/eupho/2021/EuPhO_2021_Q1__9311e752af53a094.pdf,9311e752af53a0948b1c9026cd6f3df2ab2d30635e13d1096d34d246290d270f,Manually inspected every cached page and printed top-level headings; prior complete statement/render review reused. All 1 top-level problems registered; diagrams/instructions and internal parts excluded from extra-unit count.,full_paper_boundaries_verified,1
physical_paper,834,paper_boundary_audit,eupho,2021,,834,originals/eupho/2021/EuPhO_2021_Q2__9dc92c0b5791d955.pdf,9dc92c0b5791d9550143467891372fb2c080305bd46253fa25bfa849323b0a04,Manually inspected every cached page and printed top-level headings; prior complete statement/render review reused. All 1 top-level problems registered; diagrams/instructions and internal parts excluded from extra-unit count.,full_paper_boundaries_verified,1
physical_paper,838,paper_boundary_audit,eupho,2021,,838,originals/eupho/2021/EuPhO_2021_Q3__f02aa103c5dd58cd.pdf,f02aa103c5dd58cd852a7f41d61d6260599383108fe4bf2e9967b256419ad71c,Manually inspected every cached page and printed top-level headings; prior complete statement/render review reused. All 1 top-level problems registered; diagrams/instructions and internal parts excluded from extra-unit count.,full_paper_boundaries_verified,1
physical_paper,842,paper_boundary_audit,eupho,2021,,842,originals/eupho/2021/EuPhO_2021_Q4-5__4ce95ca661bc348d.pdf,4ce95ca661bc348d8353b326b93c199bc26c4d863a6910a23c203d8fa0bc7f35,Manually inspected every cached page and printed top-level headings; prior complete statement/render review reused. All 2 top-level problems registered; diagrams/instructions and internal parts excluded from extra-unit count.,full_paper_boundaries_verified,2
physical_paper,854,paper_boundary_audit,eupho,2020,,854,originals/eupho/2020/EuPhO_2020_Q1__a97bcb738b15c221.pdf,a97bcb738b15c221743ee73e6119590c9d01a38e2dcbacbd277c8755184ef52e,Manually inspected every cached page and printed top-level headings; prior complete statement/render review reused. All 1 top-level problems registered; diagrams/instructions and internal parts excluded from extra-unit count.,full_paper_boundaries_verified,1
physical_paper,859,paper_boundary_audit,eupho,2020,,859,originals/eupho/2020/EuPhO_2020_Q2__d276707f182dc054.pdf,d276707f182dc05488e2a85d8670d2aa9ab8e6cba5c2c3b2ed7c91fd72da2580,Manually inspected every cached page and printed top-level headings; prior complete statement/render review reused. All 1 top-level problems registered; diagrams/instructions and internal parts excluded from extra-unit count.,full_paper_boundaries_verified,1
physical_paper,864,paper_boundary_audit,eupho,2020,,864,originals/eupho/2020/EuPhO_2020_Q3__881984893972159d.pdf,881984893972159d82a8c1f315f62c8fc8ee8c3c8bd81bb595abf7fe3c028cab,Manually inspected every cached page and printed top-level headings; prior complete statement/render review reused. All 1 top-level problems registered; diagrams/instructions and internal parts excluded from extra-unit count.,full_paper_boundaries_verified,1
physical_paper,868,paper_boundary_audit,eupho,2020,,868,originals/eupho/2020/EuPhO_2020_Q4-5__844f292ece3a3f1c.pdf,844f292ece3a3f1c8d05c1bd38c9f79475ee47e6e914310e92686871fcb84c6d,Manually inspected every cached page and printed top-level headings; prior complete statement/render review reused. All 2 top-level problems registered; diagrams/instructions and internal parts excluded from extra-unit count.,full_paper_boundaries_verified,2
physical_paper,881,paper_boundary_audit,eupho,2019,,881,originals/eupho/2019/EuPhO_2019_Q1__a97a425ed79620b7.pdf,a97a425ed79620b797affcb63d354b9da45ad82f62c8e5ba7341d3439372f14b,Manually inspected every cached page and printed top-level headings; prior complete statement/render review reused. All 1 top-level problems registered; diagrams/instructions and internal parts excluded from extra-unit count.,full_paper_boundaries_verified,1
physical_paper,886,paper_boundary_audit,eupho,2019,,886,originals/eupho/2019/EuPhO_2019_Q2__9e848c42bb6bf9c4.pdf,9e848c42bb6bf9c4078baa649c8f6aabb000a9c9af382625835254eb21b0b3e9,Manually inspected every cached page and printed top-level headings; prior complete statement/render review reused. All 1 top-level problems registered; diagrams/instructions and internal parts excluded from extra-unit count.,full_paper_boundaries_verified,1
physical_paper,890,paper_boundary_audit,eupho,2019,,890,originals/eupho/2019/EuPhO_2019_Q3__39d6d4246695bc72.pdf,39d6d4246695bc724a3d08eae896074e891d8b18948ef03a4ff5f2cb0e012f80,Manually inspected every cached page and printed top-level headings; prior complete statement/render review reused. All 1 top-level problems registered; diagrams/instructions and internal parts excluded from extra-unit count.,full_paper_boundaries_verified,1
physical_paper,894,paper_boundary_audit,eupho,2019,,894,originals/eupho/2019/EuPhO_2019_Q4__46cc62193518996e.pdf,46cc62193518996e3a3841be06e97f156ed13f8c5baca0eaf08561e57fd60bcb,Manually inspected every cached page and printed top-level headings; prior complete statement/render review reused. All 1 top-level problems registered; diagrams/instructions and internal parts excluded from extra-unit count.,full_paper_boundaries_verified,1
physical_paper,900,paper_boundary_audit,eupho,2018,,900,originals/eupho/2018/EuPhO_2018_Q1__68ee710bd9c1876f.pdf,68ee710bd9c1876fa62af6be9b85fb683149ece4419b5d2beddb71f44e9f5713,Manually inspected every cached page and printed top-level headings; prior complete statement/render review reused. All 1 top-level problems registered; diagrams/instructions and internal parts excluded from extra-unit count.,full_paper_boundaries_verified,1
physical_paper,904,paper_boundary_audit,eupho,2018,,904,originals/eupho/2018/EuPhO_2018_Q2__9e3d9b4b947321e7.pdf,9e3d9b4b947321e7fb210f092a19341454cab0e7fa1504de3a9763cccd1cde23,Manually inspected every cached page and printed top-level headings; prior complete statement/render review reused. All 1 top-level problems registered; diagrams/instructions and internal parts excluded from extra-unit count.,full_paper_boundaries_verified,1
physical_paper,910,paper_boundary_audit,eupho,2018,,910,originals/eupho/2018/EuPhO_2018_Q3__48d0499741e115ed.pdf,48d0499741e115edcaa3caf62a40818a9c262352385ea6c8939c00737f3aa370,Manually inspected every cached page and printed top-level headings; prior complete statement/render review reused. All 1 top-level problems registered; diagrams/instructions and internal parts excluded from extra-unit count.,full_paper_boundaries_verified,1
physical_paper,915,paper_boundary_audit,eupho,2018,,915,originals/eupho/2018/EuPhO_2018_Q4__4e37a97e9523ffbc.pdf,4e37a97e9523ffbcb647661e0d8e10f8595d6104d63e1ad09bd49438e67c2b7b,Manually inspected every cached page and printed top-level headings; prior complete statement/render review reused. Porous membrane A-D are dependent parts of one shared membrane experiment; D combines earlier results. All 1 top-level problems registered; diagrams/instructions and internal parts excluded from extra-unit count.,full_paper_boundaries_verified,1
physical_paper,920,paper_boundary_audit,eupho,2017,,920,originals/eupho/2017/EuPhO_2017_Q1__c3ffc37ae9f55be2.pdf,c3ffc37ae9f55be20736a077278ef5e43851250c75989c40aadd009edf7cbb93,Manually inspected every cached page and printed top-level headings; prior complete statement/render review reused. All 1 top-level problems registered; diagrams/instructions and internal parts excluded from extra-unit count.,full_paper_boundaries_verified,1
physical_paper,925,paper_boundary_audit,eupho,2017,,925,originals/eupho/2017/EuPhO_2017_Q2__6a2025f52290c166.pdf,6a2025f52290c1664e800de6ff70928cc66d08a183f00d550fe5a20668298f2c,Manually inspected every cached page and printed top-level headings; prior complete statement/render review reused. All 1 top-level problems registered; diagrams/instructions and internal parts excluded from extra-unit count.,full_paper_boundaries_verified,1
physical_paper,931,paper_boundary_audit,eupho,2017,,931,originals/eupho/2017/EuPhO_2017_Q3__a1a75f04b0bfe36a.pdf,a1a75f04b0bfe36ad071c500a9b2ff92ecff79796fc1a059ff1505edbf2a388b,Manually inspected every cached page and printed top-level headings; prior complete statement/render review reused. All 1 top-level problems registered; diagrams/instructions and internal parts excluded from extra-unit count.,full_paper_boundaries_verified,1
physical_paper,938,paper_boundary_audit,eupho,2017,,938,originals/eupho/2017/EuPhO_2017_Q4__f130f8b548f862f5.pdf,f130f8b548f862f5086988f45eb54901a5edb072324e2dfa802ca6b86aae6aef,Manually inspected every cached page and printed top-level headings; prior complete statement/render review reused. All 1 top-level problems registered; diagrams/instructions and internal parts excluded from extra-unit count.,full_paper_boundaries_verified,1
physical_paper,944,paper_boundary_audit,apho,2026,,944,originals/apho/2026/APhO_2026_Q1__f70b8a51cfe52d48.pdf,f70b8a51cfe52d485f47ab15de9d5d440473389db1232a275bdd377652ce53a5,"All 6 physical pages read, official Q1 source header and complete internal part sequence. One independently numbered theory problem, no omitted top-level task. Internal lettered/question response entries remain one parent.",full_paper_boundaries_verified,1
physical_paper,948,paper_boundary_audit,apho,2026,,948,originals/apho/2026/APhO_2026_Q2__df0226dde76ee920.pdf,df0226dde76ee920f7dcd984916e3661c79db0b62851262639b67e2ce452af20,"All 4 physical pages read, official Q2 source header and complete internal part sequence. One independently numbered theory problem, no omitted top-level task. Internal lettered/question response entries remain one parent.",full_paper_boundaries_verified,1
physical_paper,953,paper_boundary_audit,apho,2026,,953,originals/apho/2026/APhO_2026_Q3__6f244f61faa5a9d5.pdf,6f244f61faa5a9d564a165e9ad51385d14ca6fdb99719d45e885d2511e1d4bce,"All 4 physical pages read, official Q3 source header and complete internal part sequence. One independently numbered theory problem, no omitted top-level task. Internal lettered/question response entries remain one parent.",full_paper_boundaries_verified,1
physical_paper,957,paper_boundary_audit,apho,2026,,957,originals/apho/2026/APhO_2026_Q5__19dd68d2d384b38e.pdf,19dd68d2d384b38eb234be3ad1b4c22b44f94ac610ccaf481c4a8e2e0f77252e,"All six physical pages and apparatus images checked. Official Experimental Q2, one top-level task containing its complete internal parts. Acquisition number retained separately; no omitted independent problem.",full_paper_boundaries_verified,1
physical_paper,958,paper_boundary_audit,apho,2025,,958,originals/apho/2025/APhO_2025_Q1__147955df3edee912.pdf,147955df3edee9127aeee3eaac3e457a33773976dca5a13c03159b4f7d28bd38,"Reused complete actual source inspection; manually checked all-page cached question/header sequence, continuations and final page. Theory Q1 Earth precession, internal Parts A-D. No additional independent top-level statement.",full_paper_boundaries_verified,1
physical_paper,959,paper_boundary_audit,apho,2026,,959,originals/apho/2026/APhO_2026_Q4__0ad0ca419f9952d2.pdf,0ad0ca419f9952d294963e7ad8b38a4c8c6ee7d2defece211c8e5b64aa10fce4,"All six physical pages and apparatus images checked. Official Experimental Q1, one top-level task containing its complete internal parts. Acquisition number retained separately; no omitted independent problem.",full_paper_boundaries_verified,1
physical_paper,965,paper_boundary_audit,apho,2025,,965,originals/apho/2025/APhO_2025_Q2__5d83bac49bd75466.pdf,5d83bac49bd75466a699c054a5cd70d0e141cac327bd5260733869154a20536f,"Reused complete actual source inspection; manually checked all-page cached question/header sequence, continuations and final page. Theory Q2 classical spins, internal Parts A-C. No additional independent top-level statement.",full_paper_boundaries_verified,1
physical_paper,972,paper_boundary_audit,apho,2025,,972,originals/apho/2025/APhO_2025_Q3__1bf6709ccd044f96.pdf,1bf6709ccd044f96985d6cb75373f6711e878046493cfcf0dda5e0c72ce68258,"Reused complete actual source inspection; manually checked all-page cached question/header sequence, continuations and final page. Theory Q3 atmosphere, internal Parts A-E. No additional independent top-level statement.",full_paper_boundaries_verified,1
physical_paper,976,paper_boundary_audit,apho,2025,,976,originals/apho/2025/APhO_2025_Q4__c9c8e9f6cb6396dc.pdf,c9c8e9f6cb6396dc00257f5f7fb76171730be07678273ec8cff43e3474d93bf8,"Reused complete actual source inspection; manually checked all-page cached question/header sequence, continuations and final page. Experimental Q1 repeated through12pages; internal electromagnetism experiments1-3 plus operating instructions. No additional independent top-level statement.",full_paper_boundaries_verified,1
physical_paper,979,paper_boundary_audit,apho,2024,,979,originals/apho/2024/APhO_2024_Q1__2e39c2cb44119a4f.pdf,2e39c2cb44119a4f92adb2d688ac13f54d14b582956ca192d2565fee0ce64ab9,"All 3 physical pages inspected, beginning through final part. One independently headed theory task; internal A/B/etc and answer-option items remain subparts, no omitted top-level question.",full_paper_boundaries_verified,1
physical_paper,981,paper_boundary_audit,apho,2024,,981,originals/apho/2024/APhO_2024_Q2__bedb16eb1c7436e1.pdf,bedb16eb1c7436e141e6481a6e0a38f0db4fe4a6f15d8daa9ebb8825760c54fe,"All 4 physical pages inspected, beginning through final part. One independently headed theory task; internal A/B/etc and answer-option items remain subparts, no omitted top-level question.",full_paper_boundaries_verified,1
physical_paper,984,paper_boundary_audit,apho,2024,,984,originals/apho/2024/APhO_2024_Q3__b76c445714fb8c56.pdf,b76c445714fb8c56a197163171c4f80abbc99cc2c35bed577cfd127bba74d5dc,"All 8 physical pages inspected, beginning through final part. One independently headed mixed task; internal A/B/etc and answer-option items remain subparts, no omitted top-level question.",full_paper_boundaries_verified,1
physical_paper,986,paper_boundary_audit,apho,2024,,986,originals/apho/2024/APhO_2024_Q4__97fcc45b99f4f004.pdf,97fcc45b99f4f0041227ff534f46554350e184ef3bbdfd2641f2287156f0dfac,"All 22 physical pages inspected, beginning through final part. One independently headed experimental task; internal A/B/etc and answer-option items remain subparts, no omitted top-level question.",full_paper_boundaries_verified,1
physical_paper,988,paper_boundary_audit,apho,2023,,988,originals/apho/2023/APhO_2023_Q1__c107325e7d342179.pdf,c107325e7d34217900653f8dc337ceddb80aa9e7cd2e1ff53c591f2cd92c8e28,All 7 pages physically inspected from heading through final task. One independently headed theory parent; every internal letter/number remains its subpart. No omitted top-level task.,full_paper_boundaries_verified,1
physical_paper,991,paper_boundary_audit,apho,2023,,991,originals/apho/2023/APhO_2023_Q2__3bbff44638e7bbd4.pdf,3bbff44638e7bbd44d369a4469014b73095efedb60708fa2d9d4dac7107add44,All 4 pages physically inspected from heading through final task. One independently headed theory parent; every internal letter/number remains its subpart. No omitted top-level task.,full_paper_boundaries_verified,1
physical_paper,994,paper_boundary_audit,apho,2023,,994,originals/apho/2023/APhO_2023_Q3__897d0121a46051f9.pdf,897d0121a46051f906b7a141f9249a585c4ed3e389b7e8426194da709b45cba0,All 7 pages physically inspected from heading through final task. One independently headed theory parent; every internal letter/number remains its subpart. No omitted top-level task.,full_paper_boundaries_verified,1
physical_paper,996,paper_boundary_audit,apho,2023,,996,originals/apho/2023/APhO_2023_Q4__86fa88c1728aaaed.pdf,86fa88c1728aaaed3203ff1da002a519c24fd9a623fcb2d44dbc270c1da3c24d,All 10 pages physically inspected from heading through final task. One independently headed experimental parent; every internal letter/number remains its subpart. No omitted top-level task.,full_paper_boundaries_verified,1
physical_paper,1001,paper_boundary_audit,apho,2023,,1001,originals/apho/2023/APhO_2023_Q5__e81d29a298f6b0bd.pdf,e81d29a298f6b0bdd0112b96b5ed66dc8116bec0eb9eefe4f916a6ab83a2fb1a,All 6 pages physically inspected from heading through final task. One independently headed experimental parent; every internal letter/number remains its subpart. No omitted top-level task.,full_paper_boundaries_verified,1
physical_paper,1003,paper_boundary_audit,apho,2022,,1003,originals/apho/2022/APhO_2022_Q1__2ea57b3ea45d3e06.pdf,2ea57b3ea45d3e0688ee32a6883d8bde86bec6863a4187c645bf8ae26e3a8fa9,"All 4 physical pages inspected. Single independently headed theory problem; every internal letter and task number belongs to this parent. No omitted independently headed task. Transcriptions, when present, checked against original with same complete subtask list.",full_paper_boundaries_verified,1
physical_paper,1010,paper_boundary_audit,apho,2022,,1010,originals/apho/2022/APhO_2022_Q2__b5bc5ffcd53a3094.pdf,b5bc5ffcd53a30943215d5a4bb8d48221ed6ae6e0cfb3d397bbda07ec4494481,"All 4 physical pages inspected. Single independently headed theory problem; every internal letter and task number belongs to this parent. No omitted independently headed task. Transcriptions, when present, checked against original with same complete subtask list.",full_paper_boundaries_verified,1
physical_paper,1016,paper_boundary_audit,apho,2022,,1016,originals/apho/2022/APhO_2022_Q3__8fc87dbae975d577.pdf,8fc87dbae975d577745dfdfe351b3419172145f2aad70a83a0563db53beee55c,"All 4 physical pages inspected. Single independently headed theory problem; every internal letter and task number belongs to this parent. No omitted independently headed task. Transcriptions, when present, checked against original with same complete subtask list.",full_paper_boundaries_verified,1
physical_paper,1022,paper_boundary_audit,apho,2022,,1022,originals/apho/2022/APhO_2022_Q4__533607df51a66925.pdf,533607df51a66925511a44512bb1f1b2efcc714d2d8099cab17ab9b9b8f89a95,"All 5 physical pages inspected. Single independently headed experimental problem; every internal letter and task number belongs to this parent. No omitted independently headed task. Transcriptions, when present, checked against original with same complete subtask list.",full_paper_boundaries_verified,1
physical_paper,1026,paper_boundary_audit,apho,2022,,1026,originals/apho/2022/APhO_2022_Q5__62698a99e12b9eae.pdf,62698a99e12b9eae8174d15a94e7e36d0e133054e757458485f3d1c89ab76109,"All 4 physical pages inspected. Single independently headed experimental problem; every internal letter and task number belongs to this parent. No omitted independently headed task. Transcriptions, when present, checked against original with same complete subtask list.",full_paper_boundaries_verified,1
physical_paper,1031,paper_boundary_audit,apho,2021,,1031,originals/apho/2021/APhO_2021_Q1__2a1fb6322b5c85c4.pdf,2a1fb6322b5c85c41fde5e2ba952d8c18f8f3ebe43bc6875421a2d04a9aeb746,"All4 actual pages inspected: one complete top-level theory parent, with all internally numbered/lettered tasks belonging to it. No omitted independent question. Experiment files labelled Q1/Q2 despite acquisition numbering4/5; source relationship retained.",full_paper_boundaries_verified,1
physical_paper,1035,paper_boundary_audit,apho,2021,,1035,originals/apho/2021/APhO_2021_Q2__c2fe02a61d641a44.pdf,c2fe02a61d641a44e6a8c3f6048a87061736e7d65ccbf217ccb2797d87f863dd,"All5 actual pages inspected: one complete top-level theory parent, with all internally numbered/lettered tasks belonging to it. No omitted independent question. Experiment files labelled Q1/Q2 despite acquisition numbering4/5; source relationship retained.",full_paper_boundaries_verified,1
physical_paper,1040,paper_boundary_audit,apho,2021,,1040,originals/apho/2021/APhO_2021_Q3__aae77264d3588089.pdf,aae77264d35880893c40cc5dd551c54e44965c9dfe19ee04b2a34e67e4d1dd17,"All5 actual pages inspected: one complete top-level theory parent, with all internally numbered/lettered tasks belonging to it. No omitted independent question. Experiment files labelled Q1/Q2 despite acquisition numbering4/5; source relationship retained.",full_paper_boundaries_verified,1
physical_paper,1044,paper_boundary_audit,apho,2021,,1044,originals/apho/2021/APhO_2021_Q4__1c6af3dfcc9af570.pdf,1c6af3dfcc9af5704359746ceb03f9eb45e0fde1194c6457a25a98e959626d59,"All12 actual pages inspected: one complete top-level experimental parent, with all internally numbered/lettered tasks belonging to it. No omitted independent question. Experiment files labelled Q1/Q2 despite acquisition numbering4/5; source relationship retained.",full_paper_boundaries_verified,1
physical_paper,1047,paper_boundary_audit,apho,2021,,1047,originals/apho/2021/APhO_2021_Q5__1ed9709e0201c151.pdf,1ed9709e0201c15159ff167e50177c9e938cbe2854467f152d368b0e4fb4710e,"All7 actual pages inspected: one complete top-level experimental parent, with all internally numbered/lettered tasks belonging to it. No omitted independent question. Experiment files labelled Q1/Q2 despite acquisition numbering4/5; source relationship retained.",full_paper_boundaries_verified,1
physical_paper,1054,paper_boundary_audit,apho,2019,,1054,originals/apho/2019/APhO_2019_Q1__aa38cd9596f44656.pdf,aa38cd9596f44656d9ed4b7973778ae5ec284d29b7c7ca21df9fe77917de2601,"All6 physical pages inspected. One independently headed theory parent, internal tasks constitute that parent. No omitted top-level task. Experiments actual printed Q1/Q2 are acquisition4/5; same apparatus and cross-reference do not make them equivalent problems. Camera appendix belongs to E2.",full_paper_boundaries_verified,1
physical_paper,1058,paper_boundary_audit,apho,2019,,1058,originals/apho/2019/APhO_2019_Q2__5efc7dcba95a671a.pdf,5efc7dcba95a671a062f53a2278dc7a473b9893cc7293c253b0ebfa6e939f03f,"All6 physical pages inspected. One independently headed theory parent, internal tasks constitute that parent. No omitted top-level task. Experiments actual printed Q1/Q2 are acquisition4/5; same apparatus and cross-reference do not make them equivalent problems. Camera appendix belongs to E2.",full_paper_boundaries_verified,1
physical_paper,1062,paper_boundary_audit,apho,2019,,1062,originals/apho/2019/APhO_2019_Q3__b4d75088981628ee.pdf,b4d75088981628eec08fa7ca1156d9782365c265b7b740d76344f8633caff44b,"All4 physical pages inspected. One independently headed theory parent, internal tasks constitute that parent. No omitted top-level task. Experiments actual printed Q1/Q2 are acquisition4/5; same apparatus and cross-reference do not make them equivalent problems. Camera appendix belongs to E2.",full_paper_boundaries_verified,1
physical_paper,1066,paper_boundary_audit,apho,2019,,1066,originals/apho/2019/APhO_2019_Q4__ce8635a6dd13fd56.pdf,ce8635a6dd13fd56c32ac484826f12556d73133649e26418f05b80230fe0262a,"All8 physical pages inspected. One independently headed experimental parent, internal tasks constitute that parent. No omitted top-level task. Experiments actual printed Q1/Q2 are acquisition4/5; same apparatus and cross-reference do not make them equivalent problems. Camera appendix belongs to E2.",full_paper_boundaries_verified,1
physical_paper,1070,paper_boundary_audit,apho,2019,,1070,originals/apho/2019/APhO_2019_Q5__70cee4e2453c3a28.pdf,70cee4e2453c3a28268ff8fd434c5a3b37082c6152db1dd136c3645924b011b8,"All8 physical pages inspected. One independently headed experimental parent, internal tasks constitute that parent. No omitted top-level task. Experiments actual printed Q1/Q2 are acquisition4/5; same apparatus and cross-reference do not make them equivalent problems. Camera appendix belongs to E2.",full_paper_boundaries_verified,1
physical_paper,1073,paper_boundary_audit,apho,2018,,1073,originals/apho/2018/APhO_2018_Q1__5337e5696833799c.pdf,5337e5696833799cf565cb5ef6ca90cb195ae45075a56b7e6128d4d63a17050f,"All6 physical pages inspected. One top-level theory parent; internally numbered/lettered tasks retained. No omitted independent task. Experiment printed Q1/A-D totals20points despite acquisition labelQ4, with multimeter/battery/pin appendix included.",full_paper_boundaries_verified,1
physical_paper,1077,paper_boundary_audit,apho,2018,,1077,originals/apho/2018/APhO_2018_Q3__64100f0197371334.pdf,64100f01973713343700f62a8b5e51a76c7985f2a5bf8265322fa31fd3ad7292,"All7 physical pages inspected. One top-level theory parent; internally numbered/lettered tasks retained. No omitted independent task. Experiment printed Q1/A-D totals20points despite acquisition labelQ4, with multimeter/battery/pin appendix included.",full_paper_boundaries_verified,1
physical_paper,1079,paper_boundary_audit,apho,2018,,1079,originals/apho/2018/APhO_2018_Q2__06c54bf0fe8e9e4d.pdf,06c54bf0fe8e9e4d1e5ccc104ff608a41bff74cde4bea53c8f87f2eb1396400b,"All5 physical pages inspected. One top-level theory parent; internally numbered/lettered tasks retained. No omitted independent task. Experiment printed Q1/A-D totals20points despite acquisition labelQ4, with multimeter/battery/pin appendix included.",full_paper_boundaries_verified,1
physical_paper,1081,paper_boundary_audit,apho,2018,,1081,originals/apho/2018/APhO_2018_Q4__07b973fcd31c221d.pdf,07b973fcd31c221d7eb082ca1bfd722ef8bf45cc8599fe155dc54e10fa7c0d8d,"All13 physical pages inspected. One top-level experimental parent; internally numbered/lettered tasks retained. No omitted independent task. Experiment printed Q1/A-D totals20points despite acquisition labelQ4, with multimeter/battery/pin appendix included.",full_paper_boundaries_verified,1
physical_paper,1082,paper_boundary_audit,apho,2017,,1082,originals/apho/2017/APhO_2017_Q1__250263c0501cf00c.pdf,250263c0501cf00c413bb068fdea601a2b7b0adc9ff94d0fbcb170cea378e24b,"All8 actual physical pages inspected: one top-level theory task, all internal sections retained. No omitted independent problem. Photonic experiment actual Q1 is acquisitionQ4; A-E and three samples are internal tasks, full candidate appendix onp19.",full_paper_boundaries_verified,1
physical_paper,1090,paper_boundary_audit,apho,2017,,1090,originals/apho/2017/APhO_2017_Q2__e39d71efe30ec9ea.pdf,e39d71efe30ec9eae62b74f90c31675b6075baa92e42cac9182d0284c868202a,"All6 actual physical pages inspected: one top-level theory task, all internal sections retained. No omitted independent problem. Photonic experiment actual Q1 is acquisitionQ4; A-E and three samples are internal tasks, full candidate appendix onp19.",full_paper_boundaries_verified,1
physical_paper,1099,paper_boundary_audit,apho,2017,,1099,originals/apho/2017/APhO_2017_Q3__39c6a0c5b6c28dc5.pdf,39c6a0c5b6c28dc54e4c4ae4ca67c02f7369631705b69b2dcb2ae45c6c4bce73,"All6 actual physical pages inspected: one top-level theory task, all internal sections retained. No omitted independent problem. Photonic experiment actual Q1 is acquisitionQ4; A-E and three samples are internal tasks, full candidate appendix onp19.",full_paper_boundaries_verified,1
physical_paper,1106,paper_boundary_audit,apho,2017,,1106,originals/apho/2017/APhO_2017_Q4__82fa3c79ef2498ae.pdf,82fa3c79ef2498ae80c0ce53c05641b1b84154f8e4eb743bac73d636e01023d3,"All19 actual physical pages inspected: one top-level experimental task, all internal sections retained. No omitted independent problem. Photonic experiment actual Q1 is acquisitionQ4; A-E and three samples are internal tasks, full candidate appendix onp19.",full_paper_boundaries_verified,1
physical_paper,1113,paper_boundary_audit,apho,2016,,1113,originals/apho/2016/APhO_2016_Q1__a09471cbeaa43759.pdf,a09471cbeaa43759b19fa7f508b687156ab4dbdcbb753b4aba827ef348d67a76,"All3 physical pages inspected: ONE separately graded theory parent, internal sections/tasks retained. No omitted independent task. ActualT1-T3/E1-E2 correspond acquisitionQ1-Q5; E1twelvepoints/E2eightpoints independently graded despite shared bench.",full_paper_boundaries_verified,1
physical_paper,1122,paper_boundary_audit,apho,2016,,1122,originals/apho/2016/APhO_2016_Q2__0e831a538adb97b3.pdf,0e831a538adb97b3ec924e7bef5997da3d11babb14d4eedaae813af55432ca68,"All4 physical pages inspected: ONE separately graded theory parent, internal sections/tasks retained. No omitted independent task. ActualT1-T3/E1-E2 correspond acquisitionQ1-Q5; E1twelvepoints/E2eightpoints independently graded despite shared bench.",full_paper_boundaries_verified,1
physical_paper,1130,paper_boundary_audit,apho,2016,,1130,originals/apho/2016/APhO_2016_Q3__2c1d1c4d62c9e78a.pdf,2c1d1c4d62c9e78a235a96cebd86ce699b030e6d52b906ba0f3410dd7dde554b,"All5 physical pages inspected: ONE separately graded theory parent, internal sections/tasks retained. No omitted independent task. ActualT1-T3/E1-E2 correspond acquisitionQ1-Q5; E1twelvepoints/E2eightpoints independently graded despite shared bench.",full_paper_boundaries_verified,1
physical_paper,1138,paper_boundary_audit,apho,2016,,1138,originals/apho/2016/APhO_2016_Q4__993e29122ff52ef8.pdf,993e29122ff52ef88b104f5a17bdc936028de49dab151ce12fe85f8c19017a45,"All11 physical pages inspected: ONE separately graded experimental parent, internal sections/tasks retained. No omitted independent task. ActualT1-T3/E1-E2 correspond acquisitionQ1-Q5; E1twelvepoints/E2eightpoints independently graded despite shared bench.",full_paper_boundaries_verified,1
physical_paper,1146,paper_boundary_audit,apho,2016,,1146,originals/apho/2016/APhO_2016_Q5__e8e0bb0c4a8c425d.pdf,e8e0bb0c4a8c425dd0444bb3a7b8e8dfada5c85c9698ee34f94f8caeb75802df,"All10 physical pages inspected: ONE separately graded experimental parent, internal sections/tasks retained. No omitted independent task. ActualT1-T3/E1-E2 correspond acquisitionQ1-Q5; E1twelvepoints/E2eightpoints independently graded despite shared bench.",full_paper_boundaries_verified,1
physical_paper,1154,paper_boundary_audit,apho,2015,,1154,originals/apho/2015/APhO_2015_Q1__71e314181b1b58b3.pdf,71e314181b1b58b3a4f62e823e917f4810c46a466265b348325ebe4963d9fe91,"Reused complete actual source inspection; manually checked all-page cached question/header sequence, continuations and final page. Question1 fractional Hall effect, internal parts across4pages. No additional independent top-level statement.",full_paper_boundaries_verified,1
physical_paper,1158,paper_boundary_audit,apho,2015,,1158,originals/apho/2015/APhO_2015_Q2__93fea0aa00d3d25d.pdf,93fea0aa00d3d25dc88221a9e80bff5a93986132db869cf7467bebd7dbba5c9c,"Reused complete actual source inspection; manually checked all-page cached question/header sequence, continuations and final page. Question2 aurora repeated through8pages. No additional independent top-level statement.",full_paper_boundaries_verified,1
physical_paper,1160,paper_boundary_audit,apho,2015,,1160,originals/apho/2015/APhO_2015_Q3__81a3d2e03f8585ec.pdf,81a3d2e03f8585eca26cb872c2e4181b652f792b6c7677ad97526bd3e66879a4,"Reused complete actual source inspection; manually checked all-page cached question/header sequence, continuations and final page. Question3 Fabry-Perot/Zeeman, internal (a-f). No additional independent top-level statement.",full_paper_boundaries_verified,1
physical_paper,1164,paper_boundary_audit,apho,2015,,1164,originals/apho/2015/APhO_2015_Q4__a4e3ebadf2f8eb57.pdf,a4e3ebadf2f8eb572913b425bf0839876ae9df94d3739830cef75f4e4873bddb,"Reused complete actual source inspection; manually checked all-page cached question/header sequence, continuations and final page. One22-page Experiment Problem with internal A-E piezoelectric applications; apparatus and all dependent calibration stages retained together. No additional independent top-level statement.",full_paper_boundaries_verified,1
physical_paper,1167,paper_boundary_audit,apho,2014,,1167,originals/apho/2014/APhO_2014_Q1__ae0ee6001442873f.pdf,ae0ee6001442873f5fe4db080dfd947e8e94881623c0ea6f1b08d14361e6a998,"Reused complete actual source inspection; manually checked all-page cached question/header sequence, continuations and final page. Question1 Hadley circulation, internal (a-f). No additional independent top-level statement.",full_paper_boundaries_verified,1
physical_paper,1170,paper_boundary_audit,apho,2014,,1170,originals/apho/2014/APhO_2014_Q2__36457730acc639e2.pdf,36457730acc639e286c2e447277876fdd3edd71cf8fd01bd7b038f33f57b9b43,"Reused complete actual source inspection; manually checked all-page cached question/header sequence, continuations and final page. Question2 electron interference, internal (a,b). No additional independent top-level statement.",full_paper_boundaries_verified,1
physical_paper,1173,paper_boundary_audit,apho,2014,,1173,originals/apho/2014/APhO_2014_Q3__3507ee19e53fa1e9.pdf,3507ee19e53fa1e9a782722f3d6c51d6ade6d3dda3d132519c757fca7ad4bfe7,"Reused complete actual source inspection; manually checked all-page cached question/header sequence, continuations and final page. Question3 gravitational lensing, internal (a-h). No additional independent top-level statement.",full_paper_boundaries_verified,1
physical_paper,1178,paper_boundary_audit,apho,2014,,1178,originals/apho/2014/APhO_2014_Q4__7dfd7f89dbb0b828.pdf,7dfd7f89dbb0b8285ffa395726ddcb611eda440e5717cc400070656b13c75098,"Reused complete actual source inspection; manually checked all-page cached question/header sequence, continuations and final page. One14-page Experiment Problem ultrasonic speed in solution, internal Experiments A-D with common calibrated apparatus. No additional independent top-level statement.",full_paper_boundaries_verified,1
physical_paper,1180,paper_boundary_audit,apho,2013,,1180,originals/apho/2013/APhO_2013_Q1__c367ae27d70e1b04.pdf,c367ae27d70e1b04de8be8dcb550696c20fc3a004a5ec5df192bb6a5ca83f766,"Reused complete actual source inspection; manually checked all-page cached question/header sequence, continuations and final page. One-page Theory Question1 only. No additional independent top-level statement.",full_paper_boundaries_verified,1
physical_paper,1182,paper_boundary_audit,apho,2013,,1182,originals/apho/2013/APhO_2013_Q2__0ce11b98f5a959f5.pdf,0ce11b98f5a959f5b39b5d23ab59b8aed72c6ee6b7edbf2b46adc02b5de74eee,"Reused complete actual source inspection; manually checked all-page cached question/header sequence, continuations and final page. Theory Question2 repeated through6pages, internal Parts A-E. No additional independent top-level statement.",full_paper_boundaries_verified,1
physical_paper,1185,paper_boundary_audit,apho,2013,,1185,originals/apho/2013/APhO_2013_Q3__9827ab77ad668760.pdf,9827ab77ad668760a97a15cad9cfeef4baf19881f9b4ef125bccbaf3d60a83de,"Reused complete actual source inspection; manually checked all-page cached question/header sequence, continuations and final page. Theory Question3 repeated through4pages, internal Parts A-D. No additional independent top-level statement.",full_paper_boundaries_verified,1
physical_paper,1188,paper_boundary_audit,apho,2012,,1188,originals/apho/2012/APhO_2012_Q1__ee699cfd96001665.pdf,ee699cfd960016652e8058a68439bd0fb669738a7dd1f6977250a20394905c75,"Reused complete actual source inspection; manually checked all-page cached question/header sequence, continuations and final page. One Theory Question I across3pages, internal I-numbered tasks. No additional independent top-level statement.",full_paper_boundaries_verified,1
physical_paper,1191,paper_boundary_audit,apho,2013,,1191,originals/apho/2013/APhO_2013_Q4__2d93cde21ab176e7.pdf,2d93cde21ab176e76e952d08e7800647a55b5a8ddd42971169346786af147396,"Reused complete actual source inspection; manually checked all-page cached question/header sequence, continuations and final page. Experimental Question1 repeated through14pages, internal wind-tunnel/turbine/anemometer tasks. No additional independent top-level statement.",full_paper_boundaries_verified,1
physical_paper,1192,paper_boundary_audit,apho,2012,,1192,originals/apho/2012/APhO_2012_Q2__c4cd72c09e3c4031.pdf,c4cd72c09e3c4031efa4f22bcb1a51c72878a29f84638807afb036fcce0f1f33,"Reused complete actual source inspection; manually checked all-page cached question/header sequence, continuations and final page. One Theory Question II across2pages, internal II-numbered tasks. No additional independent top-level statement.",full_paper_boundaries_verified,1
physical_paper,1194,paper_boundary_audit,apho,2012,,1194,originals/apho/2012/APhO_2012_Q3__c96a44cdc5476b3b.pdf,c96a44cdc5476b3b921d0dd2b0253daff1ced71b28e13aa5e29f3905bdea42f9,"Reused complete actual source inspection; manually checked all-page cached question/header sequence, continuations and final page. Theory Question III repeated through4pages, internal III-numbered polarization tasks. No additional independent top-level statement.",full_paper_boundaries_verified,1
physical_paper,1196,paper_boundary_audit,apho,2012,,1196,originals/apho/2012/APhO_2012_Q4__ca2f846ae32935ad.pdf,ca2f846ae32935ade91cd5ab8ea7b0522c9a2030c394ee5f74272871ac49dbd8,"Reused complete actual source inspection; manually checked all-page cached question/header sequence, continuations and final page. Experimental Question No.1 repeated through6pages, friction with internal Parts1-2. No additional independent top-level statement.",full_paper_boundaries_verified,1
physical_paper,1199,paper_boundary_audit,apho,2012,,1199,originals/apho/2012/APhO_2012_Q5__0adf8eb388054ecb.pdf,0adf8eb388054ecb9e5230f9b6d291274782449a734880820a27910d6dc0fc4f,"Reused complete actual source inspection; manually checked all-page cached question/header sequence, continuations and final page. One experimental induction question, common apparatus and internal (a-k). No additional independent top-level statement.",full_paper_boundaries_verified,1
physical_paper,1204,paper_boundary_audit,apho,2011,,1204,originals/apho/2011/APhO_2011_Q1__99c1edbe27ef09ce.pdf,99c1edbe27ef09ce9624a7446b598f1ef38b8876d6b4152d59b0f14ec5ed10db,"Reused complete actual source inspection; manually checked all-page cached question/header sequence, continuations and final page. Theoretical Question1 Shockley-James paradox, internal Parts A-C. No additional independent top-level statement.",full_paper_boundaries_verified,1
physical_paper,1207,paper_boundary_audit,apho,2011,,1207,originals/apho/2011/APhO_2011_Q2__8462e48e92094017.pdf,8462e48e92094017d3ec904a8c6cbc60c680d7a28266016fa1a86a57aab44b15,"Reused complete actual source inspection; manually checked all-page cached question/header sequence, continuations and final page. Theoretical Question2 creaking door, internal tasks. No additional independent top-level statement.",full_paper_boundaries_verified,1
physical_paper,1211,paper_boundary_audit,apho,2011,,1211,originals/apho/2011/APhO_2011_Q3__00525cd63425c5ad.pdf,00525cd63425c5ade046cd6b404a487dfa2259aadaabae0c8ec535df32ce6f67,Complete saved actual-statement reading reused; every page boundary/printed question and internal continuation manually checked in cached packet. Theory Question3 birthday balloon. No extra top-level problem.,full_paper_boundaries_verified,1
physical_paper,1215,paper_boundary_audit,apho,2011,,1215,originals/apho/2011/APhO_2011_Q4__95d5181dfab61900.pdf,95d5181dfab61900b72a3f60121b4ee367ec23be206c13f535c8a62842bc761a,Complete saved actual-statement reading reused; every page boundary/printed question and internal continuation manually checked in cached packet. Experimental Question1 conductor levitation and common apparatus. No extra top-level problem.,full_paper_boundaries_verified,1
physical_paper,1219,paper_boundary_audit,apho,2011,,1219,originals/apho/2011/APhO_2011_Q5__854fa3ae6b55f46f.pdf,854fa3ae6b55f46f15255d76be33d53197a7d077ef8a2ab5ca441158ed2462a6,"Complete saved actual-statement reading reused; every page boundary/printed question and internal continuation manually checked in cached packet. Experimental Question2 optical blackbox, internal Parts I-II. No extra top-level problem.",full_paper_boundaries_verified,1
physical_paper,1223,paper_boundary_audit,apho,2010,,1223,originals/apho/2010/APhO_2010_Q1__1bdd3087d8c45ee5.pdf,1bdd3087d8c45ee5826acf8bd7cf5ff9ca0031de7ba6778ff2e8ca5d52e20e9b,Complete saved actual-statement reading reused; every page boundary/printed question and internal continuation manually checked in cached packet. Theory Question1 with explicitly internal Parts A scattering/B string/C universe; final Appendix. No extra top-level problem.,full_paper_boundaries_verified,1
physical_paper,1227,paper_boundary_audit,apho,2010,,1227,originals/apho/2010/APhO_2010_Q2__74022368ec8d53f9.pdf,74022368ec8d53f9327cb2f5669f01f4745004b52821af476239cb0a97192a89,"Complete saved actual-statement reading reused; every page boundary/printed question and internal continuation manually checked in cached packet. Theory Question2 coil/magnet, internal Parts A-D and Appendix. No extra top-level problem.",full_paper_boundaries_verified,1
physical_paper,1230,paper_boundary_audit,apho,2010,,1230,originals/apho/2010/APhO_2010_Q3__0cfee2a58b709fc6.pdf,0cfee2a58b709fc695183224f6577117d6c4200e345124e16d308d4aaf3409e1,Complete saved actual-statement reading reused; every page boundary/printed question and internal continuation manually checked in cached packet. Theory Question3 internal A electron bubble/B collapsing gas bubble. No extra top-level problem.,full_paper_boundaries_verified,1
physical_paper,1237,paper_boundary_audit,apho,2010,,1237,originals/apho/2010/APhO_2010_Q4__aef95844872b4b95.pdf,aef95844872b4b95ba3ff57efd3db1f89a2f19b920bb32853aaed3025fb367f5,"Complete saved actual-statement reading reused; every page boundary/printed question and internal continuation manually checked in cached packet. Experimental Question1 repeated across12pages, common calibrated setup and internal stages. No extra top-level problem.",full_paper_boundaries_verified,1
physical_paper,1239,paper_boundary_audit,apho,2010,,1239,originals/apho/2010/APhO_2010_Q5__8bf9e0f6498e7bdf.pdf,8bf9e0f6498e7bdf115ef4cd8ca518b9aebc979a385b5a8e00660d27e5eafb66,"Complete saved actual-statement reading reused; every page boundary/printed question and internal continuation manually checked in cached packet. Experimental Question2 repeated across8pages, electrooptic crystal and photocell stages. No extra top-level problem.",full_paper_boundaries_verified,1
physical_paper,1244,paper_boundary_audit,apho,2009,,1244,originals/apho/2009/APhO_2009_Q1__775f096f642e87b4.pdf,775f096f642e87b459f2433ba83b870889531977c4113249cfb656d62b9240da,"Complete saved actual-statement reading reused; every page boundary/printed question and internal continuation manually checked in cached packet. Theoretical competition Question1 repeated through2pages, internal1-numbered tasks. No extra top-level problem.",full_paper_boundaries_verified,1
physical_paper,1246,paper_boundary_audit,apho,2009,,1246,originals/apho/2009/APhO_2009_Q2__d2008a2861702dd9.pdf,d2008a2861702dd90dcd68a3a30005450cc74c9c8b2e4817f2258b1c3c8f0ccc,"Complete saved actual-statement reading reused; every page boundary/printed question and internal continuation manually checked in cached packet. Theoretical competition Question2 repeated through2pages, internal2-numbered tasks. No extra top-level problem.",full_paper_boundaries_verified,1
physical_paper,1248,paper_boundary_audit,apho,2009,,1248,originals/apho/2009/APhO_2009_Q3__bd8c99a8876f7b69.pdf,bd8c99a8876f7b6986576578ae92e5edf80c0c50c18545f8505628e188849d19,"Complete saved actual-statement reading reused; every page boundary/printed question and internal continuation manually checked in cached packet. Theoretical competition Question3 repeated through2pages, internal3-numbered tasks. No extra top-level problem.",full_paper_boundaries_verified,1
physical_paper,1251,paper_boundary_audit,apho,2009,,1251,originals/apho/2009/APhO_2009_Q5__4418dcc2c2ee7247.pdf,4418dcc2c2ee724758f2b17d768b0cdd14caa000f84b0fa4134fd92041caced6,"Complete saved actual-statement reading reused; every page boundary/printed question and internal continuation manually checked in cached packet. Experimental Problem2 oscillating water vessel, internal two parts and common apparatus. No extra top-level problem.",full_paper_boundaries_verified,1
physical_paper,1252,paper_boundary_audit,apho,2009,,1252,originals/apho/2009/APhO_2009_Q4__cdefbfb3aecf8513.pdf,cdefbfb3aecf851389f96697d9615d2bdb2a54f6c26a1ec2617d29f8e0b86eb8,Complete saved actual-statement reading reused; every page boundary/printed question and internal continuation manually checked in cached packet. Experimental Problem1 Earth horizontal magnetic field only. No extra top-level problem.,full_paper_boundaries_verified,1
physical_paper,1253,paper_boundary_audit,apho,2008,,1253,originals/apho/2008/APhO_2008_Q1__990a4d640a9c5654.pdf,990a4d640a9c5654aed46a641bbfe705106496d00b0de7fad889d97562f0b41f,"Complete saved actual-statement reading reused; every page boundary/printed question and internal continuation manually checked in cached packet. Theory Problem/Question1 tea bubbles, common introduction/data and internal tasks. No extra top-level problem.",full_paper_boundaries_verified,1
physical_paper,1256,paper_boundary_audit,apho,2008,,1256,originals/apho/2008/APhO_2008_Q2__1265cfa1b1439fab.pdf,1265cfa1b1439faba020e5a73fd7aa9277a6990a4e62f9400d11cc01b5a3bbf2,Complete saved actual-statement reading reused; every page boundary/printed question and internal continuation manually checked in cached packet. Theory Problem/Question2 ionic crystal only. No extra top-level problem.,full_paper_boundaries_verified,1
physical_paper,1258,paper_boundary_audit,apho,2008,,1258,originals/apho/2008/APhO_2008_Q3__1ea1bcbe80c4c275.pdf,1ea1bcbe80c4c2756041249282d216afa5f8492e41ac225fae6efdbcc744c1d2,"Complete saved actual-statement reading reused; every page boundary/printed question and internal continuation manually checked in cached packet. Theory Problem3 superluminal object, internal numbered tasks. No extra top-level problem.",full_paper_boundaries_verified,1
physical_paper,1260,paper_boundary_audit,apho,2008,,1260,originals/apho/2008/APhO_2008_Q4__596b055b99b4377a.pdf,596b055b99b4377ae5c5074e26703ee2b5328c65d6ad304dbd76e61795639018,Complete saved actual-statement reading reused; every page boundary/printed question and internal continuation manually checked in cached packet. One experimental paper with internal Parts1-4 common acoustic apparatus; no independent Experiment2 heading. No extra top-level problem.,full_paper_boundaries_verified,1
physical_paper,1261,paper_boundary_audit,apho,2007,,1261,originals/apho/2007/APhO_2007_Q1__af4b2772f6a84923.pdf,af4b2772f6a84923b8a6b4cf33dd4841c5bfe8e04f56c8342bb6b27d487092ac,Complete saved actual-statement reading reused; every page boundary/printed question and internal continuation manually checked in cached packet. p1 instructions; pp2-3 Theory Problem1 liquid sphere only. No extra top-level problem.,full_paper_boundaries_verified,1
physical_paper,1263,paper_boundary_audit,apho,2007,,1263,originals/apho/2007/APhO_2007_Q2__b5524a1cb0b32010.pdf,b5524a1cb0b32010213be2c92ac3c1525cd6c1c08b94eff35dd295ade875c7a3,"Complete saved actual-statement reading reused; every page boundary/printed question and internal continuation manually checked in cached packet. Theory Problem2, internal2A optical material/2B dielectric spheres. No extra top-level problem.",full_paper_boundaries_verified,1
physical_paper,1265,paper_boundary_audit,apho,2007,,1265,originals/apho/2007/APhO_2007_Q3__cf5708247e92057a.pdf,cf5708247e92057a94c2cd2389f9e14106167b92da5f849ebcb120c6f7f80ab3,"Complete saved actual-statement reading reused; every page boundary/printed question and internal continuation manually checked in cached packet. Theory Problem3, internal3A electron heat capacity/3B inverse Compton. No extra top-level problem.",full_paper_boundaries_verified,1
physical_paper,1268,paper_boundary_audit,apho,2007,,1268,originals/apho/2007/APhO_2007_Q4__9a5a8fc5e42668f1.pdf,9a5a8fc5e42668f17791bc5f2ad2d218497a9cda9f716c45925b9d9c3a62e5f6,"Complete saved actual-statement reading reused; every page boundary/printed question and internal continuation manually checked in cached packet. p1 general instructions, pp2-7 Experimental Problem1 thermal-expansion interference only. No extra top-level problem.",full_paper_boundaries_verified,1
physical_paper,1270,paper_boundary_audit,apho,2006,,1270,originals/apho/2006/APhO_2006_Q1__3230ce7003d81915.pdf,3230ce7003d819157d23dc1d5d8195a69b7c11518819ea04f3a93567294534d7,"Complete saved actual-statement reading reused; every page boundary/printed question and internal continuation manually checked in cached packet. Theoretical Question1 repeated through3pages, internal(a-f). No extra top-level problem.",full_paper_boundaries_verified,1
physical_paper,1271,paper_boundary_audit,apho,2007,,1271,originals/apho/2007/APhO_2007_Q5__0884a9574361373b.pdf,0884a9574361373b5bcbc7b8aa6161e4fea6536ed3a03a1765cc2a41d15311dd,"Complete saved actual-statement reading reused; every page boundary/printed question and internal continuation manually checked in cached packet. pp1-2 instructions/equipment, pp3-6 Experimental Problem2 liquid conductivity. No extra top-level problem.",full_paper_boundaries_verified,1
physical_paper,1273,paper_boundary_audit,apho,2006,,1273,originals/apho/2006/APhO_2006_Q2__9a229d0e841347a9.pdf,9a229d0e841347a9ec2d8d3fd134c7b59621440fac408b3585a890facbf6e49a,"Complete saved actual-statement reading reused; every page boundary/printed question and internal continuation manually checked in cached packet. Theoretical Question2 repeated through3pages, internal Parts A-B. No extra top-level problem.",full_paper_boundaries_verified,1
physical_paper,1274,paper_boundary_audit,apho,2006,,1274,originals/apho/2006/APhO_2006_Q3__95b2dba89a3294c0.pdf,95b2dba89a3294c0522ea50ebfaa70802172261cf624bb454b643f6df7054d2e,"Complete saved actual-statement reading reused; every page boundary/printed question and internal continuation manually checked in cached packet. Theoretical Question3 repeated through2pages, internal Parts A-C. No extra top-level problem.",full_paper_boundaries_verified,1
physical_paper,1277,paper_boundary_audit,apho,2006,,1277,originals/apho/2006/APhO_2006_Q4__7aa9a7c4ddcc796b.pdf,7aa9a7c4ddcc796b3d38f2f5090f996f92f43bd12d29a57b82202ad77aa3d98c,"Complete previous statement inspection reused; every physical page boundary and printed independent problem sequence manually checked in cached packet. One Experimental Problem, shared calorimeter with internal tasks. No unregistered additional statement.",full_paper_boundaries_verified,1
physical_paper,1278,paper_boundary_audit,apho,2005,,1278,originals/apho/2005/APhO_2005_Q1__ac661808d11321ed.pdf,ac661808d11321ed845877f5458437f68dc992bab48b6bdf5ccfa4eeefccf618,"Complete previous statement inspection reused; every physical page boundary and printed independent problem sequence manually checked in cached packet. Theory Question1, internal statements and final answer template. No unregistered additional statement.",full_paper_boundaries_verified,1
physical_paper,1280,paper_boundary_audit,apho,2005,,1280,originals/apho/2005/APhO_2005_Q2__dd0e8a45cf4ac2c5.pdf,dd0e8a45cf4ac2c5312d7d6a9e8a261bc194a44929906b56a8fc57e0a9ba0f15,"Complete previous statement inspection reused; every physical page boundary and printed independent problem sequence manually checked in cached packet. Theory Question2 magnetic focusing, internal tasks and final answer template. No unregistered additional statement.",full_paper_boundaries_verified,1
physical_paper,1283,paper_boundary_audit,apho,2005,,1283,originals/apho/2005/APhO_2005_Q3__64e7f1ac28099a97.pdf,64e7f1ac28099a9774b7e92abf6670dfbf901f7ff936d0c9f5854e91d458b469,"Complete previous statement inspection reused; every physical page boundary and printed independent problem sequence manually checked in cached packet. Theory Question3 moving mirror, internal tasks and final answer templates. No unregistered additional statement.",full_paper_boundaries_verified,1
physical_paper,1285,paper_boundary_audit,apho,2005,,1285,originals/apho/2005/APhO_2005_Q4-5__2aa89255ef70a635.pdf,2aa89255ef70a635b1e8d0f43122fd148f888613254e08939f043ec54c672983,Complete previous statement inspection reused; every physical page boundary and printed independent problem sequence manually checked in cached packet. Two separately printed experiments: 1 shape determination pp1-4; 2 magnetic braking pp5-9. Both already registered. No unregistered additional statement.,full_paper_boundaries_verified,2
physical_paper,1286,paper_boundary_audit,apho,2004,,1286,originals/apho/2004/APhO_2004_Q1__ef55525bfb07bc52.pdf,ef55525bfb07bc5220c9ba559aac5d62440e633cc5959116cfa652dd2f656139,Complete previous statement inspection reused; every physical page boundary and printed independent problem sequence manually checked in cached packet. Theory Problem No.1 weightless mass. No unregistered additional statement.,full_paper_boundaries_verified,1
physical_paper,1288,paper_boundary_audit,apho,2004,,1288,originals/apho/2004/APhO_2004_Q2__df0a0d6fc1e3c25c.pdf,df0a0d6fc1e3c25cc814fb4a25b6fb4db8c3619932b5d0e28f68fa3a94fc14a6,Complete previous statement inspection reused; every physical page boundary and printed independent problem sequence manually checked in cached packet. Theory Problem No.2 optical fiber. No unregistered additional statement.,full_paper_boundaries_verified,1
physical_paper,1291,paper_boundary_audit,apho,2004,,1291,originals/apho/2004/APhO_2004_Q3__85b27325510c7e63.pdf,85b27325510c7e63ff3bd171bdc4e3657cb3db7da2b0915463b26f28ca754374,Complete previous statement inspection reused; every physical page boundary and printed independent problem sequence manually checked in cached packet. Theory Problem No.3 two-gas compression/expansion. No unregistered additional statement.,full_paper_boundaries_verified,1
physical_paper,1294,paper_boundary_audit,apho,2004,,1294,originals/apho/2004/APhO_2004_Q4__53a8726fe156936b.pdf,53a8726fe156936b693aa05f79a1b005c04211992f0e689254d89f540cae9012,"Complete previous statement inspection reused; every physical page boundary and printed independent problem sequence manually checked in cached packet. Experimental Problem No.1 Hall/magnetoresistivity, internal calibration/measurement stages. No unregistered additional statement.",full_paper_boundaries_verified,1
physical_paper,1295,paper_boundary_audit,apho,2003,,1295,originals/apho/2003/APhO_2003_Q1__866c5932c9de8afa.pdf,866c5932c9de8afab765d0c7867c804db46503d0292f18c1865516b7e936bc87,Complete previous statement inspection reused; every physical page boundary and printed independent problem sequence manually checked in cached packet. One Theory I problem with internal(a-f). No unregistered additional statement.,full_paper_boundaries_verified,1
physical_paper,1298,paper_boundary_audit,apho,2004,,1298,originals/apho/2004/APhO_2004_Q5__9fd3020eb5986202.pdf,9fd3020eb5986202b9e82cd734ed137812a33102ff04467def5243fe9876864c,Complete previous statement inspection reused; every physical page boundary and printed independent problem sequence manually checked in cached packet. Experimental Problem No.2 blackbox only. No unregistered additional statement.,full_paper_boundaries_verified,1
physical_paper,1299,paper_boundary_audit,apho,2003,,1299,originals/apho/2003/APhO_2003_Q2__05b7fb3b8a2e4930.pdf,05b7fb3b8a2e4930f11c1051047aba7b108d322b959db7c51d4f049442716548,Complete previous statement inspection reused; every physical page boundary and printed independent problem sequence manually checked in cached packet. One Theory II optical gyroscope problem. No unregistered additional statement.,full_paper_boundaries_verified,1
physical_paper,1300,paper_boundary_audit,apho,2003,,1300,originals/apho/2003/APhO_2003_Q3__a982dea02c38d90f.pdf,a982dea02c38d90fa23f6757c9e78721fc47fe93cac15ec3bab6959d99947582,Complete previous statement inspection reused; every physical page boundary and printed independent problem sequence manually checked in cached packet. One Theory III plasma lens problem. No unregistered additional statement.,full_paper_boundaries_verified,1
physical_paper,1302,paper_boundary_audit,apho,2003,,1302,originals/apho/2003/APhO_2003_Q4__f0a9f7c1bcc6cc9d.pdf,f0a9f7c1bcc6cc9d50f7a45b09e3aa37546e44b526e8d72171d57948a59e4037,"Complete previous statement inspection reused; every physical page boundary and printed independent problem sequence manually checked in cached packet. One experimental electrical question, common instructions and internal tasks. No unregistered additional statement.",full_paper_boundaries_verified,1
physical_paper,1305,paper_boundary_audit,apho,2003,,1305,originals/apho/2003/APhO_2003_Q5__8595d41b2068a8c6.pdf,8595d41b2068a8c62eacbed0f901b237d2b2b408fbf44cee6d456bbd8585576c,"Complete previous statement inspection reused; every physical page boundary and printed independent problem sequence manually checked in cached packet. One experimental cube-inertia question, common instructions and internal tasks. No unregistered additional statement.",full_paper_boundaries_verified,1
physical_paper,1307,paper_boundary_audit,apho,2002,,1307,originals/apho/2002/APhO_2002_Q1__981410838328b62c.pdf,981410838328b62c0b98013c1490fc59c285b2c11aa902353c91a9cdf9a5c78d,Complete previous statement inspection reused; every physical page boundary and printed independent problem sequence manually checked in cached packet. Theory Question1 lattice vibrations. No unregistered additional statement.,full_paper_boundaries_verified,1
physical_paper,1309,paper_boundary_audit,apho,2002,,1309,originals/apho/2002/APhO_2002_Q2__ea0775fa52fbc491.pdf,ea0775fa52fbc4916499bf88ecddb42126d5d195f418c9af91a08a9193e3baf7,"Complete previous statement inspection reused; every physical page boundary and printed independent problem sequence manually checked in cached packet. Theory Question2 rail gun, internal numbered tasks. No unregistered additional statement.",full_paper_boundaries_verified,1
physical_paper,1311,paper_boundary_audit,apho,2002,,1311,originals/apho/2002/APhO_2002_Q3__102355d9c41afe6c.pdf,102355d9c41afe6cc72d49b0855f519836fc79a7efd3fa3c050f22a4f29e4c90,Complete previous statement inspection reused; every physical page boundary and printed independent problem sequence manually checked in cached packet. Theory Question3 wafer fabrication. No unregistered additional statement.,full_paper_boundaries_verified,1
physical_paper,1313,paper_boundary_audit,apho,2002,,1313,originals/apho/2002/APhO_2002_Q4__9237fa34f2cc878c.pdf,9237fa34f2cc878c674a3108470370185cf1b2089cc68c097b67af56207acd4c,"Complete previous statement inspection reused; every physical page boundary and printed independent problem sequence manually checked in cached packet. One experimental Part A reflectance/refractive-index question, common apparatus; Part B is elsewhere source1316. No unregistered additional statement.",full_paper_boundaries_verified,1
physical_paper,1315,paper_boundary_audit,apho,2001,,1315,originals/apho/2001/APhO_2001_Q1__85d1986110c33862.pdf,85d1986110c33862b2cddbebf188fa15debdf5282b813be3d2cd2dc4aa09e33e,Complete previous statement inspection reused; every physical page boundary and printed independent problem sequence manually checked in cached packet. Theory Question1 repeated through3pages. No unregistered additional statement.,full_paper_boundaries_verified,1
physical_paper,1316,paper_boundary_audit,apho,2002,,1316,originals/apho/2002/APhO_2002_Q5__ef5ca5755edd82c7.pdf,ef5ca5755edd82c709aab080ff826f78e0ec500a0d49662e1fe7c6644d77b7e2,"Complete previous statement inspection reused; every physical page boundary and printed independent problem sequence manually checked in cached packet. One tuning-fork experimental Part B question, common stroboscope apparatus, internal Steps1-2. No unregistered additional statement.",full_paper_boundaries_verified,1
physical_paper,1320,paper_boundary_audit,apho,2001,,1320,originals/apho/2001/APhO_2001_Q2__42f7c646f496ac2e.pdf,42f7c646f496ac2ef5ceb1b04e0c233a0e13007848a51ad3c38923814a30d93e,Complete previous statement inspection reused; every physical page boundary and printed independent problem sequence manually checked in cached packet. Theory Question2 repeated through2pages. No unregistered additional statement.,full_paper_boundaries_verified,1
physical_paper,1323,paper_boundary_audit,apho,2001,,1323,originals/apho/2001/APhO_2001_Q3__cf1af61197c0004b.pdf,cf1af61197c0004b77ba3108f7ad80fe70401f70fca433bf16d94ddcbb0e19cb,Complete previous statement inspection reused; every physical page boundary and printed independent problem sequence manually checked in cached packet. Theory Question3 repeated through3pages. No unregistered additional statement.,full_paper_boundaries_verified,1
physical_paper,1328,paper_boundary_audit,apho,2001,,1328,originals/apho/2001/APhO_2001_Q4__6fcabdb731d44bb1.pdf,6fcabdb731d44bb140a1ca09baa16e51b36dc76dfe5779d5febb58ee0319576d,"Complete previous statement inspection reused; every physical page boundary and printed independent problem sequence manually checked in cached packet. One solar-cell experiment, common apparatus and internal tasks. No unregistered additional statement.",full_paper_boundaries_verified,1
physical_paper,1332,paper_boundary_audit,apho,2000,,1332,originals/apho/2000/APhO_2000_Q1__daec1b705e19e2d6.pdf,daec1b705e19e2d6857f9893656cbd70a49b437613152d2eceaee180c8f85122,Complete previous statement inspection reused; every physical page boundary and printed independent problem sequence manually checked in cached packet. Problem1 Jupiter moon eclipses. No unregistered additional statement.,full_paper_boundaries_verified,1
physical_paper,1334,paper_boundary_audit,apho,2000,,1334,originals/apho/2000/APhO_2000_Q2__5097838bf02005ad.pdf,5097838bf02005ada98bce9a4774317cdb120fee0d8e7cb0a18d3c726619e449,Complete previous statement inspection reused; every physical page boundary and printed independent problem sequence manually checked in cached packet. Problem2 alpha-particle detection. No unregistered additional statement.,full_paper_boundaries_verified,1
physical_paper,1335,paper_boundary_audit,apho,2000,,1335,originals/apho/2000/APhO_2000_Q3__523dc75e48a4a7c7.pdf,523dc75e48a4a7c73d4f50cd1df5d9c22cd8a1cf8dcefea20f8beb20eb4a4aec,Complete previous statement inspection reused; every physical page boundary and printed independent problem sequence manually checked in cached packet. Problem3 Stewart-Tolman effect. No unregistered additional statement.,full_paper_boundaries_verified,1
physical_paper,1337,paper_boundary_audit,apho,2000,,1337,originals/apho/2000/APhO_2000_Q4-5__766964415f91c325.pdf,766964415f91c325966c9fc03a4a54db26a6ab1a7cb8551478904b68f0e913bf,Complete previous statement inspection reused; every physical page boundary and printed independent problem sequence manually checked in cached packet. p1 instructions; two separate experiments: Problem1 oil density p2 and Problem2 Stefan-Boltzmann pp3-4. Both registered. No unregistered additional statement.,full_paper_boundaries_verified,2
physical_paper,1340,paper_boundary_audit,nbpho,2026,,1340,originals/nbpho/2026/NBPhO_2026_Q1-10__d796b6610aec45c7.pdf,d796b6610aec45c7b0d1b2823b9d19561d94fce424867673a1da481d1b02145e,"Manually inspected every physical page boundary and printed question sequence; reuse complete prior column-order statement reads. All 10 top-level printed tasks, including experimental tasks, already registered; internal subparts retained.",full_paper_boundaries_verified,10
physical_paper,1371,paper_boundary_audit,nbpho,2025,,1371,originals/nbpho/2025/NBPhO_2025_Q1-9__7bfabeda6bfa4d22.pdf,7bfabeda6bfa4d228ed457fe6343a5dc10470b92d75c940f38c7b3533dd9191e,"Manually inspected every physical page boundary and printed question sequence; reuse complete prior column-order statement reads. All 9 top-level printed tasks, including experimental tasks, already registered; internal subparts retained.",full_paper_boundaries_verified,9
physical_paper,1391,paper_boundary_audit,nbpho,2024,,1391,originals/nbpho/2024/NBPhO_2024_Q1-10__026684ae911ce3cb.pdf,026684ae911ce3cb5a24a97a685857a19c1b6f065af4559f91b784bcd66059a9,"Manually inspected every physical page boundary and printed question sequence; reuse complete prior column-order statement reads. All 10 top-level printed tasks, including experimental tasks, already registered; internal subparts retained.",full_paper_boundaries_verified,10
physical_paper,1413,paper_boundary_audit,nbpho,2023,,1413,originals/nbpho/2023/NBPhO_2023_Q1-9__cd981b012c3531b8.pdf,cd981b012c3531b8b7da372c6d4812aaaba466d1a254b1ec83e3837f3e62fea6,"Manually inspected every physical page boundary and printed question sequence; reuse complete prior column-order statement reads. All 9 top-level printed tasks, including experimental tasks, already registered; internal subparts retained.",full_paper_boundaries_verified,9
physical_paper,1463,paper_boundary_audit,nbpho,2022,,1463,originals/nbpho/2022/NBPhO_2022_Q1-9__05bcbab33748374d.pdf,05bcbab33748374d5f9c511c371a12f2be73c01fa9beaba730419a27ff10db16,"Manually inspected every physical page boundary and printed question sequence; reuse complete prior column-order statement reads. All 9 top-level printed tasks, including experimental tasks, already registered; internal subparts retained.",full_paper_boundaries_verified,9
physical_paper,1518,paper_boundary_audit,nbpho,2021,,1518,originals/nbpho/2021/NBPhO_2021_Q1__3481b93686c493bd.pdf,3481b93686c493bdd3f0ff5f24a85a57cc42d7ed26f40fd4b25b37070d80074c,"Manually inspected every physical page boundary and printed question sequence; reuse complete prior column-order statement reads. All 4 top-level printed tasks, including experimental tasks, already registered; internal subparts retained.",full_paper_boundaries_verified,4
physical_paper,1521,paper_boundary_audit,nbpho,2020,,1521,originals/nbpho/2020/NBPhO_2020_Q1__39faa10f6904d9d7.pdf,39faa10f6904d9d78c6551a69d7623bd53d5e1c4b3995142c61b099bd8d6851c,"Manually inspected every physical page boundary and printed question sequence; reuse complete prior column-order statement reads. Extra image pages rendered now: diagrams/weather map/dragon photograph/engine graph only, no additional task. All 5 top-level printed tasks, including experimental tasks, already registered; internal subparts retained.",full_paper_boundaries_verified,5
physical_paper,1523,paper_boundary_audit,nbpho,2019,,1523,originals/nbpho/2019/NBPhO_2019_Q1__40b081adc6c6e9b0.pdf,40b081adc6c6e9b039d6928145f6b52b0cb098c5bacb30190bdd66efd8dbeaeb,"Manually inspected every physical page boundary and printed question sequence; reuse complete prior column-order statement reads. All 8 top-level printed tasks, including experimental tasks, already registered; internal subparts retained.",full_paper_boundaries_verified,8
physical_paper,1525,paper_boundary_audit,nbpho,2018,,1525,originals/nbpho/2018/NBPhO_2018_Q1__6d6925eb5e081223.pdf,6d6925eb5e0812230329962f4508c317e4693224e25f602625bdc9b13c78afee,"Manually inspected every physical page boundary and printed question sequence; reuse complete prior column-order statement reads. Extra image pages rendered now: diagrams/weather map/dragon photograph/engine graph only, no additional task. All 9 top-level printed tasks, including experimental tasks, already registered; internal subparts retained.",full_paper_boundaries_verified,9
physical_paper,1527,paper_boundary_audit,nbpho,2017,,1527,originals/nbpho/2017/NBPhO_2017_Q1__74408ff21e092ffa.pdf,74408ff21e092ffa01b2a21add1859951edcbeccf0b7580a1230999346bf5a6d,"Manually inspected every physical page boundary and printed question sequence; reuse complete prior column-order statement reads. Extra image pages rendered now: diagrams/weather map/dragon photograph/engine graph only, no additional task. All 10 top-level printed tasks, including experimental tasks, already registered; internal subparts retained.",full_paper_boundaries_verified,10
physical_paper,1529,paper_boundary_audit,nbpho,2016,,1529,originals/nbpho/2016/NBPhO_2016_Q1__c7561aa952300015.pdf,c7561aa952300015c4b2dcd16772cbf0b984df2abf6f65492abaa4a4d1a5fb2a,"Manually inspected every physical page boundary and printed question sequence; reuse complete prior column-order statement reads. All 10 top-level printed tasks, including experimental tasks, already registered; internal subparts retained.",full_paper_boundaries_verified,10
physical_paper,1531,paper_boundary_audit,nbpho,2015,,1531,originals/nbpho/2015/NBPhO_2015_Q1__b1cf2793dbb18700.pdf,b1cf2793dbb18700ceef06bc34d4367c24fc5dcd432a6a8cc424527cfd31a441,"Manually inspected every physical page boundary and printed question sequence; reuse complete prior column-order statement reads. Extra image pages rendered now: diagrams/weather map/dragon photograph/engine graph only, no additional task. All 10 top-level printed tasks, including experimental tasks, already registered; internal subparts retained.",full_paper_boundaries_verified,10
physical_paper,1534,paper_boundary_audit,nbpho,2014,,1534,originals/nbpho/2014/NBPhO_2014_Q1__348b2a973efa8cc3.pdf,348b2a973efa8cc3f7b6070a8319d144451b77a0c5f571177766e577edc93c14,"Manually inspected every physical page boundary and printed question sequence; reuse complete prior column-order statement reads. All 10 top-level printed tasks, including experimental tasks, already registered; internal subparts retained.",full_paper_boundaries_verified,10
physical_paper,1535,paper_boundary_audit,nbpho,2013,,1535,originals/nbpho/2013/NBPhO_2013_Q1__94bcde1e42b02885.pdf,94bcde1e42b028850ba120967f6071c0001f1ad3f1892e506e2e37eab8331d3a,"Manually inspected every physical page boundary and printed question sequence; reuse complete prior column-order statement reads. All 10 top-level printed tasks, including experimental tasks, already registered; internal subparts retained.",full_paper_boundaries_verified,10
physical_paper,1537,paper_boundary_audit,nbpho,2012,,1537,originals/nbpho/2012/NBPhO_2012_Q1__0dc5ebe69013dc24.pdf,0dc5ebe69013dc24e4d1c58ff12077bc982fe4adc5f13caeb35dff8d318f98c1,"Manually inspected every physical page boundary and printed question sequence; reuse complete prior column-order statement reads. All 10 top-level printed tasks, including experimental tasks, already registered; internal subparts retained.",full_paper_boundaries_verified,10
physical_paper,1539,paper_boundary_audit,nbpho,2011,,1539,originals/nbpho/2011/NBPhO_2011_Q1__c37c9bdee72d4b19.pdf,c37c9bdee72d4b1904ea15f8db8e093b0c4a7351bd87deb57a0c9352d53e6e4b,"Manually inspected every physical page boundary and printed question sequence; reuse complete prior column-order statement reads. All 9 top-level printed tasks, including experimental tasks, already registered; internal subparts retained.",full_paper_boundaries_verified,9
physical_paper,1541,paper_boundary_audit,nbpho,2010,,1541,originals/nbpho/2010/NBPhO_2010_Q1__ed8c369411e91241.pdf,ed8c369411e912414e44e5997ec4a46e2cf992916e0405e3e19b8f16e638e9ba,"Manually inspected every physical page boundary and printed question sequence; reuse complete prior column-order statement reads. All 11 top-level printed tasks, including experimental tasks, already registered; internal subparts retained.",full_paper_boundaries_verified,11
physical_paper,1543,paper_boundary_audit,nbpho,2009,,1543,originals/nbpho/2009/NBPhO_2009_Q1__35c02d7f202cb9af.pdf,35c02d7f202cb9afd2a71fa2efb4c1b39c23ac53041042d7359132387356ad19,"Manually inspected every physical page boundary and printed question sequence; reuse complete prior column-order statement reads. Previously rendered both garbled source pages for all units; no extra page exists. All 10 top-level printed tasks, including experimental tasks, already registered; internal subparts retained.",full_paper_boundaries_verified,10
physical_paper,1546,paper_boundary_audit,nbpho,2008,,1546,originals/nbpho/2008/NBPhO_2008_Q1__71452c7194ffa86b.pdf,71452c7194ffa86bfc45611f20193577d85042ae50ab6c63ae1c15c4ebd72223,"Manually inspected every physical page boundary and printed question sequence; reuse complete prior column-order statement reads. All 10 top-level printed tasks, including experimental tasks, already registered; internal subparts retained.",full_paper_boundaries_verified,10
physical_paper,1548,paper_boundary_audit,nbpho,2007,,1548,originals/nbpho/2007/NBPhO_2007_Q1__32d1fa81e561ed68.pdf,32d1fa81e561ed68c1562b3c30a14d300b53e67a9300df3036c4e2ab67de8100,"Manually inspected every physical page boundary and printed question sequence; reuse complete prior column-order statement reads. Previously rendered both garbled source pages for all units; no extra page exists. All 8 top-level printed tasks, including experimental tasks, already registered; internal subparts retained.",full_paper_boundaries_verified,8
physical_paper,1549,paper_boundary_audit,nbpho,2006,,1549,originals/nbpho/2006/NBPhO_2006_Q1__87bd1fc1ad9ee606.pdf,87bd1fc1ad9ee606e6df1c2240af2c01f2ca017a4d0ce37fe69b44902468ab84,"Manually inspected every physical page boundary and printed question sequence; reuse complete prior column-order statement reads. All 8 top-level printed tasks, including experimental tasks, already registered; internal subparts retained.",full_paper_boundaries_verified,8
physical_paper,1551,paper_boundary_audit,nbpho,2005,,1551,originals/nbpho/2005/NBPhO_2005_Q1__9cc9ff9eab54ab80.pdf,9cc9ff9eab54ab80c6319b7cc0fa15b2a2f7d9a12f985de3019e00edfdcf422e,"Manually inspected every physical page boundary and printed question sequence; reuse complete prior column-order statement reads. Previously rendered both garbled source pages for all units; no extra page exists. All 9 top-level printed tasks, including experimental tasks, already registered; internal subparts retained.",full_paper_boundaries_verified,9
physical_paper,1553,paper_boundary_audit,nbpho,2004,,1553,originals/nbpho/2004/NBPhO_2004_Q1__ab3c77af8a25aefa.pdf,ab3c77af8a25aefa99f062c65af6aea1e9ca138cf6fcd8ace3450c34bb8d1ae1,"Manually inspected every physical page boundary and printed question sequence; reuse complete prior column-order statement reads. Previously rendered both garbled source pages for all units; no extra page exists. All 9 top-level printed tasks, including experimental tasks, already registered; internal subparts retained.",full_paper_boundaries_verified,9
physical_paper,1555,paper_boundary_audit,nbpho,2003,,1555,originals/nbpho/2003/NBPhO_2003_Q1__31d287e506856bc5.pdf,31d287e506856bc57b216c09fd3746df3df45164bfe5f7c047a797df4b0616e8,"Manually inspected every physical page boundary and printed question sequence; reuse complete prior column-order statement reads. Previously rendered both garbled source pages for all units; no extra page exists. All 8 top-level printed tasks, including experimental tasks, already registered; internal subparts retained.",full_paper_boundaries_verified,8
physical_paper,1557,paper_boundary_audit,oibf,2023,,1557,originals/oibf/2023/OIbF_2023_Q1-4__72c0c1af9469624b.pdf,72c0c1af9469624b04ee41dbc938449d7637f90becaf6848b610191f4a9878f8,Complete prior source inspection reused; every physical-page boundary manually checked in cache packet. Printed four theory problems1-4 on pp1-3/4-6/7/8. No additional independent problem.,full_paper_boundaries_verified,4
physical_paper,1558,paper_boundary_audit,oibf,2023,,1558,originals/oibf/2023/OIbF_2023_Q5__89e0584f8820156e.pdf,89e0584f8820156eea51d0cca529db5e6ec5e231554dec92f51440ab8f178d21,"Complete prior source inspection reused; every physical-page boundary manually checked in cache packet. One experimental RC-filter problem with20internal numbered procedures, shared apparatus. No additional independent problem.",full_paper_boundaries_verified,1
physical_paper,1559,paper_boundary_audit,oibf,2022,,1559,originals/oibf/2022/OIbF_2022_Q1__36980b36ce223551.pdf,36980b36ce223551b6da019145f235a5472e22a198a76dd5d94a3bc0ec085bc0,"Complete prior source inspection reused; every physical-page boundary manually checked in cache packet. One mechanics problem, internal(a-f). No additional independent problem.",full_paper_boundaries_verified,1
physical_paper,1561,paper_boundary_audit,oibf,2022,,1561,originals/oibf/2022/OIbF_2022_Q2__d8e883c4a45df96c.pdf,d8e883c4a45df96c002fa72edb67aec53237b4119b6d3a6ed428f9fd1f3b45eb,Complete prior source inspection reused; every physical-page boundary manually checked in cache packet. One descending atmospheric air problem. No additional independent problem.,full_paper_boundaries_verified,1
physical_paper,1563,paper_boundary_audit,oibf,2022,,1563,originals/oibf/2022/OIbF_2022_Q3__7fb61cd48718acad.pdf,7fb61cd48718acad03abc3ff48027aa511e8255f094299db21d3232dea28abdd,"Complete prior source inspection reused; every physical-page boundary manually checked in cache packet. One tabular iceberg problem, internal numbered tasks. No additional independent problem.",full_paper_boundaries_verified,1
physical_paper,1565,paper_boundary_audit,oibf,2022,,1565,originals/oibf/2022/OIbF_2022_Q4__a0aefa1853052020.pdf,a0aefa18530520204b4d711a556d18e09ec13b8daf7a0e613703ff18945d26bc,Complete prior source inspection reused; every physical-page boundary manually checked in cache packet. One thermionic-valve problem; internal Preguntas1-7 and final constants. No additional independent problem.,full_paper_boundaries_verified,1
physical_paper,1567,paper_boundary_audit,oibf,2022,,1567,originals/oibf/2022/OIbF_2022_Q5__4e74ef62695f2816.pdf,4e74ef62695f2816ec426b274652c073f5f67555ebe22eda8a3c27490224a838,Complete prior source inspection reused; every physical-page boundary manually checked in cache packet. One Rutherford-scattering experiment; common simulator and internal tasks. No additional independent problem.,full_paper_boundaries_verified,1
physical_paper,1569,paper_boundary_audit,oibf,2021,,1569,originals/oibf/2021/OIbF_2021_Q1-3__f910c2abb1c417ce.pdf,f910c2abb1c417ce219b9508daf42c8978d880cd6a756e8216faafd4e9836651,"Complete prior source inspection reused; every physical-page boundary manually checked in cache packet. p1 instructions; theory Q1 skipping stones pp2-5, Q2 double oscillator pp6-8, Q3 muons pp9-10, all registered. No additional independent problem.",full_paper_boundaries_verified,3
physical_paper,1570,paper_boundary_audit,oibf,2020,,1570,originals/oibf/2020/OIbF_2020_Q1-5__9feabc5deb6d1e3a.pdf,9feabc5deb6d1e3abaf847539aa3f4ee4cd98ec38045a757a858ee65c4911862,"Complete prior source inspection reused; every physical-page boundary manually checked in cache packet. Printed Problemas1-5: lever pp1-3, drops p4, stellar brightness pp5-6, microtubules pp7-9, bottle-data p10. No additional independent problem.",full_paper_boundaries_verified,5
physical_paper,1571,paper_boundary_audit,oibf,2021,,1571,originals/oibf/2021/OIbF_2021_Q4__05b58ff9ccf3d4d5.pdf,05b58ff9ccf3d4d504e06138b5e51f122e35914cdbb60149e209fc2148496c56,"Hard inventory consistency failure confirmed by complete statement read and rendered pp4-5: E1-1..E1-4 paramagnetic experiment (7 points), followed by E2-1..E2-3 ferromagnetic experiment (13 points), with reset pagination. E2 has independent tasks C-E; shared simulator/model introduction pp1-3. Only raw653 E1 existed. Retain its KEEP/history, correct its page_end to4; deterministically register omitted E2.",full_paper_boundaries_verified,2
physical_paper,1572,paper_boundary_audit,oibf,2019,,1572,originals/oibf/2019/OIbF_2019_Q1__56fa64cb87d5f1ec.pdf,56fa64cb87d5f1ecc7d94d1e84b9a0d4d3a062a18b02f5ec0baa2a9ebc38477a,"Complete prior source inspection reused; every physical-page boundary manually checked in cache packet. Theory T1 pp1-3, p4 footer only. No additional independent problem.",full_paper_boundaries_verified,1
physical_paper,1575,paper_boundary_audit,oibf,2019,,1575,originals/oibf/2019/OIbF_2019_Q3__8775c052095ec3ba.pdf,8775c052095ec3ba7ba43aa14260dd9020ac5f78c02b01f5835bf8d03d0eb084,"Complete prior source inspection reused; every physical-page boundary manually checked in cache packet. Theory T3 pp1-3, p4 footer only. No additional independent problem.",full_paper_boundaries_verified,1
physical_paper,1576,paper_boundary_audit,oibf,2019,,1576,originals/oibf/2019/OIbF_2019_Q2__fdb12e5ee883fe7e.pdf,fdb12e5ee883fe7ebe93cc995ca9704f4b0d9028798cb13fecf336d308234539,"Complete prior source inspection reused; every physical-page boundary manually checked in cache packet. Theory T2 pp1-3, p4 footer only. No additional independent problem.",full_paper_boundaries_verified,1
physical_paper,1579,paper_boundary_audit,oibf,2019,,1579,originals/oibf/2019/OIbF_2019_Q4__fc685d35eec432d7.pdf,fc685d35eec432d75f6e52df7a4b9b7a5073b8c03d209f25cf0e1da152a5d622,Complete prior source inspection reused; every physical-page boundary manually checked in cache packet. One experimental E-1 capillarity and shared apparatus; final density tables. No additional independent problem.,full_paper_boundaries_verified,1
physical_paper,1581,paper_boundary_audit,oibf,2019,,1581,originals/oibf/2019/OIbF_2019_Q5__041d10a49c6c1c45.pdf,041d10a49c6c1c45c7fe042c7804536b9e014dfb09c37b3bf2864c4e20b5cf7f,Complete prior source inspection reused; every physical-page boundary manually checked in cache packet. One experimental E-2 LED/photoresistor and shared apparatus; final datasheet references. No additional independent problem.,full_paper_boundaries_verified,1
physical_paper,1584,paper_boundary_audit,oibf,2018,,1584,originals/oibf/2018/OIbF_2018_Q2__989ebd8a8782c7f4.pdf,989ebd8a8782c7f4d507622e164b656e7bdae92fffb0e9518d9586584daf86b2,Complete prior source inspection reused; every physical-page boundary manually checked in cache packet. One T2 problem; pp3-4 auxiliary sheets only. No additional independent problem.,full_paper_boundaries_verified,1
physical_paper,1585,paper_boundary_audit,oibf,2018,,1585,originals/oibf/2018/OIbF_2018_Q1__8729e0b921a2cd5e.pdf,8729e0b921a2cd5ef0e6f1f7edf18a9b418be7f5f1dd9f3d6119726dd953a0d9,Complete prior source inspection reused; every physical-page boundary manually checked in cache packet. One T1 problem. No additional independent problem.,full_paper_boundaries_verified,1
physical_paper,1587,paper_boundary_audit,oibf,2018,,1587,originals/oibf/2018/OIbF_2018_Q3__154b0b0138579556.pdf,154b0b01385795563147cc15bca8912b958616fde64e5db0c91b7b28b9ea819d,Complete prior source inspection reused; every physical-page boundary manually checked in cache packet. One T3 problem. No additional independent problem.,full_paper_boundaries_verified,1
physical_paper,1588,paper_boundary_audit,oibf,2018,,1588,originals/oibf/2018/OIbF_2018_Q4__1b60e027444f93b5.pdf,1b60e027444f93b5bddf761bdc81c86ae18dad29596820a463c9fb6ffca65c63,"Complete prior source inspection reused; every physical-page boundary manually checked in cache packet. One T4 problem, internal(a-g). No additional independent problem.",full_paper_boundaries_verified,1
physical_paper,1590,paper_boundary_audit,oibf,2018,,1590,originals/oibf/2018/OIbF_2018_Q5__2c6fb92a847bc05a.pdf,2c6fb92a847bc05ac32131160f73865c1b966d296a98928aef02fe4ebc89be02,"Complete prior source inspection reused; every physical-page boundary manually checked in cache packet. One tube-spring oscillator experiment; E-1..E-6 are PAGE numbers, cover explicitly explains E task sheets/W response sheets. No additional independent problem.",full_paper_boundaries_verified,1
physical_paper,1592,paper_boundary_audit,oibf,2017,,1592,originals/oibf/2017/OIbF_2017_Q1__69e1a80bf941487a.pdf,69e1a80bf941487a9592f6443be09ce09054d490ab02c54ee93aeb06809bd9f5,Complete prior source inspection reused; every physical-page boundary manually checked in cache packet. One T1 problem. No additional independent problem.,full_paper_boundaries_verified,1
physical_paper,1594,paper_boundary_audit,oibf,2017,,1594,originals/oibf/2017/OIbF_2017_Q4__6e1ed0738c1c63f7.pdf,6e1ed0738c1c63f709db0aace483e272c46b6def43cde5baad72f77a05457f2c,Complete prior source inspection reused; every physical-page boundary manually checked in cache packet. One T4 problem. No additional independent problem.,full_paper_boundaries_verified,1
physical_paper,1595,paper_boundary_audit,oibf,2017,,1595,originals/oibf/2017/OIbF_2017_Q3__ad96aec31db79b7d.pdf,ad96aec31db79b7d5e6dbee03dd6c0bb0c9084f0dc08bf1ad047cebb2ee4b4cd,Complete prior source inspection reused; every physical-page boundary manually checked in cache packet. One T3 problem. No additional independent problem.,full_paper_boundaries_verified,1
physical_paper,1596,paper_boundary_audit,oibf,2017,,1596,originals/oibf/2017/OIbF_2017_Q5__ba3fafe39ae5088a.pdf,ba3fafe39ae5088ae2742d73f8545731cab91d70e51ab8108073598c86e5c51e,"Complete prior source inspection reused; every physical-page boundary manually checked in cache packet. One experimental E1, three sequential pages. No additional independent problem.",full_paper_boundaries_verified,1
physical_paper,1597,paper_boundary_audit,oibf,2017,,1597,originals/oibf/2017/OIbF_2017_Q6__fda4af31c5cc1dab.pdf,fda4af31c5cc1dabe1544f3869c017991212290d646580c50cb6ed598e0565c0,"Complete prior source inspection reused; every physical-page boundary manually checked in cache packet. One experimental E2, two sequential pages. No additional independent problem.",full_paper_boundaries_verified,1
physical_paper,1599,paper_boundary_audit,oibf,2016,,1599,originals/oibf/2016/OIbF_2016_Q1__c41931e146e86005.pdf,c41931e146e8600529eb0d54e1cced961de7fe1f471a061752ed8b5093b0f61a,"Complete persisted statement inspections reused; all physical-page boundary evidence manually checked, including introductions/solutions/response sheets outside indexed statement bounds. Theory Problem No.1 repeated through5pages, LIGO. No additional unregistered independent problem.",full_paper_boundaries_verified,1
physical_paper,1601,paper_boundary_audit,oibf,2016,,1601,originals/oibf/2016/OIbF_2016_Q3__256b40f893832f20.pdf,256b40f893832f20b3b2863b9b2485619e3ddca56d2f190e2365694232ee736d,"Complete persisted statement inspections reused; all physical-page boundary evidence manually checked, including introductions/solutions/response sheets outside indexed statement bounds. Theory Problem No.3 repeated through2pages, boat propulsion. No additional unregistered independent problem.",full_paper_boundaries_verified,1
physical_paper,1602,paper_boundary_audit,oibf,2016,,1602,originals/oibf/2016/OIbF_2016_Q2__65c09a3e2871d59f.pdf,65c09a3e2871d59f6c90436b40aa24331bd8aa5221dfa5ade089b8c4c7358300,"Complete persisted statement inspections reused; all physical-page boundary evidence manually checked, including introductions/solutions/response sheets outside indexed statement bounds. Theory Problem No.2 repeated through3pages, smartphone. No additional unregistered independent problem.",full_paper_boundaries_verified,1
physical_paper,1604,paper_boundary_audit,oibf,2016,,1604,originals/oibf/2016/OIbF_2016_Q4__bc1b892b15b3ae7d.pdf,bc1b892b15b3ae7df09ddbe46cc405d8ba37f34150e444b1c79d6792a4b4414c,"Complete persisted statement inspections reused; all physical-page boundary evidence manually checked, including introductions/solutions/response sheets outside indexed statement bounds. Experimental Problem A repeated through3pages. No additional unregistered independent problem.",full_paper_boundaries_verified,1
physical_paper,1605,paper_boundary_audit,oibf,2016,,1605,originals/oibf/2016/OIbF_2016_Q5__2dfc1b2449ff86e6.pdf,2dfc1b2449ff86e6b7a9c366fb248e717df6958d6adb8d031f7d996ad214fa62,"Complete persisted statement inspections reused; all physical-page boundary evidence manually checked, including introductions/solutions/response sheets outside indexed statement bounds. Experimental Problem B, one page. No additional unregistered independent problem.",full_paper_boundaries_verified,1
physical_paper,1606,paper_boundary_audit,oibf,2015,,1606,originals/oibf/2015/OIbF_2015_Q1__9efd1c1c3a32a7b2.pdf,9efd1c1c3a32a7b244b9af12ec70c7b96c8628952c5ca5093bfa3a3fa551b4f3,"Complete persisted statement inspections reused; all physical-page boundary evidence manually checked, including introductions/solutions/response sheets outside indexed statement bounds. Problem1, one page. No additional unregistered independent problem.",full_paper_boundaries_verified,1
physical_paper,1607,paper_boundary_audit,oibf,2015,,1607,originals/oibf/2015/OIbF_2015_Q2__78296ce717e3e289.pdf,78296ce717e3e289567aabd739ee9e26aad0f25efe6d68952966205a42bd0287,"Complete persisted statement inspections reused; all physical-page boundary evidence manually checked, including introductions/solutions/response sheets outside indexed statement bounds. One pion/cosmic-ray problem, internal(a-c) and photograph. No additional unregistered independent problem.",full_paper_boundaries_verified,1
physical_paper,1608,paper_boundary_audit,oibf,2015,,1608,originals/oibf/2015/OIbF_2015_Q3__656232868a8e2a21.pdf,656232868a8e2a2172c1858e388fdf14fbbdcfa8ecbdcbd8b68ec4caaa66b5ad,"Complete persisted statement inspections reused; all physical-page boundary evidence manually checked, including introductions/solutions/response sheets outside indexed statement bounds. Problem3, one page. No additional unregistered independent problem.",full_paper_boundaries_verified,1
physical_paper,1609,paper_boundary_audit,oibf,2014,,1609,originals/oibf/2014/OIbF_2014_Q1-3__586adadb32c13a8a.pdf,586adadb32c13a8af56f81eb117bb3c253240e8927192552948d474ee6e71a1b,"Complete persisted statement inspections reused; all physical-page boundary evidence manually checked, including introductions/solutions/response sheets outside indexed statement bounds. Theory Problems1-3 pp1-3/4/5-6; p3 response diagram for Problem1. No additional unregistered independent problem.",full_paper_boundaries_verified,3
physical_paper,1610,paper_boundary_audit,oibf,2015,,1610,originals/oibf/2015/OIbF_2015_Q4__96396db7a21d85b0.pdf,96396db7a21d85b0bc1118799d3e782c4710ffa2152b386e7e1435b7687e08ed,"Complete persisted statement inspections reused; all physical-page boundary evidence manually checked, including introductions/solutions/response sheets outside indexed statement bounds. One UV water-disinfection experiment, internal activities. No additional unregistered independent problem.",full_paper_boundaries_verified,1
physical_paper,1611,paper_boundary_audit,oibf,2014,,1611,originals/oibf/2014/OIbF_2014_Q4__97726dfd3812844e.pdf,97726dfd3812844ecb359f0433c2eb71b3995edff7b8f8a33f6afed0268967ae,"Complete persisted statement inspections reused; all physical-page boundary evidence manually checked, including introductions/solutions/response sheets outside indexed statement bounds. One ruler-flexure experiment, common apparatus. No additional unregistered independent problem.",full_paper_boundaries_verified,1
physical_paper,1612,paper_boundary_audit,oibf,2013,,1612,originals/oibf/2013/OIbF_2013_Q1__39c14f9885eb7b81.pdf,39c14f9885eb7b81960455aa44f004d882ceede5ced8cd86e0f0e97375dbbb0b,"Complete persisted statement inspections reused; all physical-page boundary evidence manually checked, including introductions/solutions/response sheets outside indexed statement bounds. Problem1 atomic scales, second-page constants. No additional unregistered independent problem.",full_paper_boundaries_verified,1
physical_paper,1613,paper_boundary_audit,oibf,2013,,1613,originals/oibf/2013/OIbF_2013_Q2__29512cf6359ef579.pdf,29512cf6359ef5795dc7e8132caeb1111cca0a517a4adda4d6443dbbc933d7a7,"Complete persisted statement inspections reused; all physical-page boundary evidence manually checked, including introductions/solutions/response sheets outside indexed statement bounds. Problem2 drag force, internal(a-e). No additional unregistered independent problem.",full_paper_boundaries_verified,1
physical_paper,1614,paper_boundary_audit,oibf,2013,,1614,originals/oibf/2013/OIbF_2013_Q3__7913e69aabbce8d6.pdf,7913e69aabbce8d632fcd2c6927ce26b47de3e78ffe2aabe6d973e28a4823e0e,"Complete persisted statement inspections reused; all physical-page boundary evidence manually checked, including introductions/solutions/response sheets outside indexed statement bounds. Problem3 diatomic molecule. No additional unregistered independent problem.",full_paper_boundaries_verified,1
physical_paper,1615,paper_boundary_audit,oibf,2013,,1615,originals/oibf/2013/OIbF_2013_Q5__609917b7f33fe7be.pdf,609917b7f33fe7bed068aaf53c8fc3c22dd589e0a272fcd8a3ad3b92796e3427,"Complete persisted statement inspections reused; all physical-page boundary evidence manually checked, including introductions/solutions/response sheets outside indexed statement bounds. Experimental B voltage-source characterization. No additional unregistered independent problem.",full_paper_boundaries_verified,1
physical_paper,1616,paper_boundary_audit,oibf,2013,,1616,originals/oibf/2013/OIbF_2013_Q4__79835969162107b2.pdf,79835969162107b291503463a922848a5c11dce3c3cd814422d615d5bc918038,"Complete persisted statement inspections reused; all physical-page boundary evidence manually checked, including introductions/solutions/response sheets outside indexed statement bounds. Experimental A optical grating measurement. No additional unregistered independent problem.",full_paper_boundaries_verified,1
physical_paper,1617,paper_boundary_audit,oibf,2012,,1617,originals/oibf/2012/OIbF_2012_Q1-6__52db4d812aa76ac0.pdf,52db4d812aa76ac04b7d3ef892a2e170f29d1c8e442137fdda8584d17cd6fa65,"Complete persisted statement inspections reused; all physical-page boundary evidence manually checked, including introductions/solutions/response sheets outside indexed statement bounds. All29pages inspected for statement boundaries: experiment A pp2-3, B pp6-7; theory P1 pp12-13 with common intro11, P2 pp16-17 with common intro11, P3 p21, P4 pp25-26. Other pages are own solutions, result tables or cover; no extra task. No additional unregistered independent problem.",full_paper_boundaries_verified,6
physical_paper,1618,paper_boundary_audit,oibf,2011,,1618,originals/oibf/2011/OIbF_2011_Q1-2__5dc65b9428f7aefa.pdf,5dc65b9428f7aefa9e0b54c827d1a82e56c06fec1afa97098937b77c726e592a,"Complete persisted statement inspections reused; all physical-page boundary evidence manually checked, including introductions/solutions/response sheets outside indexed statement bounds. Theory P1 pp1-2 and P2 pp3-5; E1/E2 on latter pages are electric-field symbols, not experiment headers. No additional unregistered independent problem.",full_paper_boundaries_verified,2
physical_paper,1619,paper_boundary_audit,oibf,2011,,1619,originals/oibf/2011/OIbF_2011_Q3__b1bae9e14422a0a3.pdf,b1bae9e14422a0a35fe5f2cf83557634b6803828a59662a236bb2b075cf65ded,"Complete persisted statement inspections reused; all physical-page boundary evidence manually checked, including introductions/solutions/response sheets outside indexed statement bounds. One experimental optical problem, p1 cover/instructions. No additional unregistered independent problem.",full_paper_boundaries_verified,1
physical_paper,1620,paper_boundary_audit,oibf,2010,,1620,originals/oibf/2010/OIbF_2010_Q1-3__c75ab9f33ff25333.pdf,c75ab9f33ff25333b652c79ac41889cbb6acaaa4636d51f065acff39d1772b30,"Complete persisted statement inspections reused; all physical-page boundary evidence manually checked, including introductions/solutions/response sheets outside indexed statement bounds. Printed Problems1-3 pp1-2/3-4/5-6. No additional unregistered independent problem.",full_paper_boundaries_verified,3
physical_paper,1621,paper_boundary_audit,oibf,2010,,1621,originals/oibf/2010/OIbF_2010_Q4__15143eb8a5713010.pdf,15143eb8a5713010103c983f9df30354eb10ab33ad14a45249dfe4a29c6f451d,"Complete persisted statement inspections reused; all physical-page boundary evidence manually checked, including introductions/solutions/response sheets outside indexed statement bounds. One experimental photocell problem, common instructions/equipment. No additional unregistered independent problem.",full_paper_boundaries_verified,1
physical_paper,1622,paper_boundary_audit,oibf,2009,,1622,originals/oibf/2009/OIbF_2009_Q1-4__ec2bbfc64b4b7cb9.pdf,ec2bbfc64b4b7cb95581d2a5c7596bfd479b31fcdf59644886b4fcb045cdf68b,"Complete persisted statement inspections reused; all physical-page boundary evidence manually checked, including introductions/solutions/response sheets outside indexed statement bounds. Printed theory1-4, one per physical page. No additional unregistered independent problem.",full_paper_boundaries_verified,4
physical_paper,1624,paper_boundary_audit,oibf,2009,,1624,originals/oibf/2009/OIbF_2009_Q5__8253e52019aa8aec.pdf,8253e52019aa8aec1ade30a7201b164f491904e74de064253c3dd2b1baf2c68c,"Complete persisted statement inspections reused; all physical-page boundary evidence manually checked, including introductions/solutions/response sheets outside indexed statement bounds. One experimental bar-oscillation problem. No additional unregistered independent problem.",full_paper_boundaries_verified,1
physical_paper,1625,paper_boundary_audit,oibf,2008,,1625,originals/oibf/2008/OIbF_2008_Q1__3f487993026f0947.pdf,3f487993026f0947d580a5a5c0d110aee439164fdea5897c4a98f036f6cd2b7d,"Complete persisted statement inspections reused; all physical-page boundary evidence manually checked, including introductions/solutions/response sheets outside indexed statement bounds. Theory Problem1 pp1-4; pp5-6 answer templates only. No additional unregistered independent problem.",full_paper_boundaries_verified,1
physical_paper,1626,paper_boundary_audit,oibf,2008,,1626,originals/oibf/2008/OIbF_2008_Q2__5cf2f45ab61864e0.pdf,5cf2f45ab61864e0e41e3d36ea660878558316db96ae549673990835d2829abf,"Complete persisted statement inspections reused; all physical-page boundary evidence manually checked, including introductions/solutions/response sheets outside indexed statement bounds. Theory Problem2 pp1-5; pp6-7 answer templates only, despite repeated response-sheet heading on statement pages. No additional unregistered independent problem.",full_paper_boundaries_verified,1
physical_paper,1628,paper_boundary_audit,oibf,2008,,1628,originals/oibf/2008/OIbF_2008_Q3__fd994aa37fcd1861.pdf,fd994aa37fcd1861c66a9e4ac12f4936d52aebdd0853bea28f5cdc45852f30ec,"Complete persisted statement inspections reused; all physical-page boundary evidence manually checked, including introductions/solutions/response sheets outside indexed statement bounds. Theory Problem3 pp1-2; p3 answer sheet. No additional unregistered independent problem.",full_paper_boundaries_verified,1
physical_paper,1631,paper_boundary_audit,oibf,2008,,1631,originals/oibf/2008/OIbF_2008_Q4__1cd170cad412ca61.pdf,1cd170cad412ca61971d88fd8aab958bd0faa2769511a1a804d2676bed837ffc,"Complete persisted statement inspections reused; all physical-page boundary evidence manually checked, including introductions/solutions/response sheets outside indexed statement bounds. One experimental optical problem pp1-4; pp5-11 worked response sheets/plots repeat same tasks. No additional unregistered independent problem.",full_paper_boundaries_verified,1
physical_paper,1632,paper_boundary_audit,oibf,2007,,1632,originals/oibf/2007/OIbF_2007_Q4__203e6d4ec9bb9009.pdf,203e6d4ec9bb90098326b7e7f204dd1cd40f8ca57437615ef8d13cc5c661d375,"Complete persisted statement inspections reused; all physical-page boundary evidence manually checked, including introductions/solutions/response sheets outside indexed statement bounds. One experimental crystal-structure/concentration problem, common supplied model and apparatus across11pages. No additional unregistered independent problem.",full_paper_boundaries_verified,1
physical_paper,1633,paper_boundary_audit,oibf,2007,,1633,originals/oibf/2007/OIbF_2007_Q1-3__0744a1f6bd89aad5.pdf,0744a1f6bd89aad5a413a0aaf9d21f0ddcc9e677dbea853004a5676cc8149298,Every cached page boundary packet and printed-label contexts manually inspected; reuse previous complete actual-statement review. P1 elevator pp1-4; P2 Venus pp5-7; P3 cryostat pp8-9. All printed top-level statements already registered; internal subparts preserved.,full_paper_boundaries_verified,3
physical_paper,1635,paper_boundary_audit,oibf,2006,,1635,originals/oibf/2006/OIbF_2006_Q1-4__ed33f77ea3737caa.pdf,ed33f77ea3737caaa089dcf81ac1fc3d9064e95eada5377e0526c8c54beda0e2,"Every cached page boundary packet and printed-label contexts manually inspected; reuse previous complete actual-statement review. Theory Q1-Q4 pp1-2/3-4/5-6/7-8; Faraday disk, C14, laser cooling headings checked. All printed top-level statements already registered; internal subparts preserved.",full_paper_boundaries_verified,4
physical_paper,1637,paper_boundary_audit,oibf,2006,,1637,originals/oibf/2006/OIbF_2006_Q5-6__af9ab86299a16bfc.pdf,af9ab86299a16bfc32e12c33c8c2531c8e866e061545b6f7be251568e3f49fae,Every cached page boundary packet and printed-label contexts manually inspected; reuse previous complete actual-statement review. Experiencia1 wine density pp1-3; Experiencia2 LED Planck pp4-7. All printed top-level statements already registered; internal subparts preserved.,full_paper_boundaries_verified,2
physical_paper,1638,paper_boundary_audit,oibf,2005,,1638,originals/oibf/2005/OIbF_2005_Q1-5__63cc4a6657ce6fd6.pdf,63cc4a6657ce6fd65dc5e0df61609fdb67f24366d96004c24eb4b33344db4290,Every cached page boundary packet and printed-label contexts manually inspected; reuse previous complete actual-statement review. Problemas1-5 pp1/1/2/3/3-4. All printed top-level statements already registered; internal subparts preserved.,full_paper_boundaries_verified,5
physical_paper,1639,paper_boundary_audit,oibf,2005,,1639,originals/oibf/2005/OIbF_2005_Q6-7__d613ecacc8e0de9a.pdf,d613ecacc8e0de9abca726f8f392e6a9faf775dc6dcd944133d29dedeb762ee4,"Every cached page boundary packet and printed-label contexts manually inspected; reuse previous complete actual-statement review. Experimental Parte1 viscosity pp1-2 and Parte2 thermal conduction pp3-4, distinct apparatus and 50/50 scoring. All printed top-level statements already registered; internal subparts preserved.",full_paper_boundaries_verified,2
physical_paper,1640,paper_boundary_audit,oibf,2004,,1640,originals/oibf/2004/OIbF_2004_Q1-4__b928f702e0b0a548.pdf,b928f702e0b0a5482932ec61ffadceaca78745d4884193fdaaf33b281a0370c0,Every cached page boundary packet and printed-label contexts manually inspected; reuse previous complete actual-statement review. P1 Hall pp1-2; P2 p3; P3 p4; P4 p5. All printed top-level statements already registered; internal subparts preserved.,full_paper_boundaries_verified,4
physical_paper,1641,paper_boundary_audit,oibf,2004,,1641,originals/oibf/2004/OIbF_2004_Q5__41eb75d4e1f8e831.pdf,41eb75d4e1f8e831b5b4f1ae13ae54081adb6b2e42263759eba8374a757e4fba,Every cached page boundary packet and printed-label contexts manually inspected; reuse previous complete actual-statement review. One buoyancy/viscosity experiment 1.4 with shared apparatus. All printed top-level statements already registered; internal subparts preserved.,full_paper_boundaries_verified,1
physical_paper,1642,paper_boundary_audit,oibf,2003,,1642,originals/oibf/2003/OIbF_2003_Q1-3__c97493f40649538e.pdf,c97493f40649538edb7594a8cb8a21c1eecaaf16b32125f4714d22533dd4d825,Every cached page boundary packet and printed-label contexts manually inspected; reuse previous complete actual-statement review. P1 door pp1-2; P2 Feynman pp2-3; P3 Cepheid pp3-4. All printed top-level statements already registered; internal subparts preserved.,full_paper_boundaries_verified,3
physical_paper,1643,paper_boundary_audit,oibf,2004,,1643,originals/oibf/2004/OIbF_2004_Q6__02930de6e933960c.pdf,02930de6e933960c2629cca8c9b668dbd414d548fa4e8ee0b56aa03cc8ffb773,Every cached page boundary packet and printed-label contexts manually inspected; reuse previous complete actual-statement review. One Michelson experiment 2.3; polarization tasks internal. All printed top-level statements already registered; internal subparts preserved.,full_paper_boundaries_verified,1
physical_paper,1644,paper_boundary_audit,oibf,2003,,1644,originals/oibf/2003/OIbF_2003_Q4__4c84bbc28404c200.pdf,4c84bbc28404c2008f2662cbec41909655a202a99a9a3189f873026015cbbb68,"All three pages and renders inspected: paper-filter experiment then independently titled magnetic-moment experiment, each 10 points and 2.5 hours. Force formulas E1.1/E1.2 and friction data explicitly supplied on pp2-3.",full_paper_boundaries_verified,2
physical_paper,1645,paper_boundary_audit,oibf,2002,,1645,originals/oibf/2002/OIbF_2002_Q7__e44df1183d02afb8.pdf,e44df1183d02afb8f6eeb0e6a9a940aef69f6ace3774fcc47f7617289e42fd89,Every cached page boundary packet and printed-label contexts manually inspected; reuse previous complete actual-statement review. One ballistic-pendulum experiment with shared apparatus. All printed top-level statements already registered; internal subparts preserved.,full_paper_boundaries_verified,1
physical_paper,1646,paper_boundary_audit,oibf,2002,,1646,originals/oibf/2002/OIbF_2002_Q1-6__21f96b19563eb032.pdf,21f96b19563eb0328d908417576d2ad84ea0686c9ff84baf06af7960fdcad632,Every cached page boundary packet and printed-label contexts manually inspected; reuse previous complete actual-statement review. Printed P1-P6 pp1/1-2/2/2-3/3-4/4. All printed top-level statements already registered; internal subparts preserved.,full_paper_boundaries_verified,6
physical_paper,1647,paper_boundary_audit,oibf,2001,,1647,originals/oibf/2001/OIbF_2001_Q1-7__742cd6380369e115.pdf,742cd6380369e115978c56f70be285b9a323820c82322b82637369e60ecee5ca,Every cached page boundary packet and printed-label contexts manually inspected; reuse previous complete actual-statement review. Printed P1-P7 pp1/1/1-2/2/2/2-3/3-4. All printed top-level statements already registered; internal subparts preserved.,full_paper_boundaries_verified,7
physical_paper,1648,paper_boundary_audit,oibf,2000,,1648,originals/oibf/2000/OIbF_2000_Q1-5__44838bb7ec820f15.pdf,44838bb7ec820f154957598bd5adc8f87e8687f4af1e31f47ed3b88e4c6c1f20,Every cached page boundary packet and printed-label contexts manually inspected; reuse previous complete actual-statement review. Printed P1-P5 pp1-2/2-3/3-4/4-5/5-6. All printed top-level statements already registered; internal subparts preserved.,full_paper_boundaries_verified,5
physical_paper,1649,paper_boundary_audit,oibf,2001,,1649,originals/oibf/2001/OIbF_2001_Q8__9f0d755b05c7f814.pdf,9f0d755b05c7f8142c190582d6e4f658cf1729a3ede055313e3ef06e7736ffd7,Every cached page boundary packet and printed-label contexts manually inspected; reuse previous complete actual-statement review. One bouncing-ball restitution experiment with internal procedures. All printed top-level statements already registered; internal subparts preserved.,full_paper_boundaries_verified,1
physical_paper,1650,paper_boundary_audit,oibf,2000,,1650,originals/oibf/2000/OIbF_2000_Q6-7__a77d45a5fe84f504.pdf,a77d45a5fe84f5048fa3db1588b69a417886102ef8d6d8738338cf06cce65650,Every cached page boundary packet and printed-label contexts manually inspected; reuse previous complete actual-statement review. Two independent experiments: laser/refraction pp1-2 and mass/spring pp2-3. All printed top-level statements already registered; internal subparts preserved.,full_paper_boundaries_verified,2
physical_paper,1651,paper_boundary_audit,oibf,1999,,1651,originals/oibf/1999/OIbF_1999_Q5-6__d5cc8e63f9f56f02.pdf,d5cc8e63f9f56f028921387a474c307d34eef7fb353eadf400e2285fb7d4303d,"Complete two-page experiment file inspected: p1 prints independent experiment 1 wooden-piece motion (12 points) and experiment 2 heading (8 points), whose capacitor-calibration statement continues on p2. Both registered raw::768/769. Internal lettered questions retained.",full_paper_boundaries_verified,2
physical_paper,1652,paper_boundary_audit,oibf,1999,,1652,originals/oibf/1999/OIbF_1999_Q1-4__d64587099ca9067e.pdf,d64587099ca9067e2309d935803622aaba12f0f975de243444df2779633a9f15,Every cached page boundary packet and printed-label contexts manually inspected; reuse previous complete actual-statement review. Printed P1-P4 pp1/1-2/2/2. All printed top-level statements already registered; internal subparts preserved.,full_paper_boundaries_verified,4
physical_paper,1653,paper_boundary_audit,oibf,1998,,1653,originals/oibf/1998/OIbF_1998_Q1-7__ac1dbfc0247f128c.pdf,ac1dbfc0247f128cdf1f96528e28c2cc6b139110c45768256a58547e4b55413b,Every cached page boundary packet and printed-label contexts manually inspected; reuse previous complete actual-statement review. Printed P1-P7 pp1/1-2/2/2/2-3/3/3-4; broken inline P2/P4 headings resolved from actual full statements. All printed top-level statements already registered; internal subparts preserved.,full_paper_boundaries_verified,7
physical_paper,1654,paper_boundary_audit,oibf,1998,,1654,originals/oibf/1998/OIbF_1998_Q8-9__6a02704b15b41962.pdf,6a02704b15b41962393f020266fbfbabeae0b3c4a30f87ed115119b25614e524,Every cached page boundary packet and printed-label contexts manually inspected; reuse previous complete actual-statement review. Experimental ProblemaA rod p1; ProblemaB friction p2. All printed top-level statements already registered; internal subparts preserved.,full_paper_boundaries_verified,2
physical_paper,1655,paper_boundary_audit,oibf,1997,,1655,originals/oibf/1997/OIbF_1997_Q1-7__ed694ab27ee84f09.pdf,ed694ab27ee84f09fe1f9bc74a5d3e5604bba79990f7828674e95298f7a1ec80,Every cached page boundary packet and printed-label contexts manually inspected; reuse previous complete actual-statement review. Printed P1-P7 pp1/1/1/2/2/2/2-3. All printed top-level statements already registered; internal subparts preserved.,full_paper_boundaries_verified,7
physical_paper,1656,paper_boundary_audit,oibf,1991,,1656,originals/oibf/1991/OIbF_1991_Q1-3__63c0feffca48c79b.pdf,63c0feffca48c79b24372fdda7b317fe7917fa6e08cc305809a1bf4cf5418bfc,Every cached page boundary packet and printed-label contexts manually inspected; reuse previous complete actual-statement review. Printed Problema#1-#3 pp1-2/2-3/3-4. All printed top-level statements already registered; internal subparts preserved.,full_paper_boundaries_verified,3
physical_paper,1657,paper_boundary_audit,oibf,1997,,1657,originals/oibf/1997/OIbF_1997_Q8-9__b5b16784b1c9db5a.pdf,b5b16784b1c9db5a423ee5f3f0464c53038f69d19da86a29987d8ec2bf6bb7ba,"Every cached page boundary packet and printed-label contexts manually inspected; reuse previous complete actual-statement review. Experimental A/B distinct apparatus, p1 and pp1-2, registered 8/9. All printed top-level statements already registered; internal subparts preserved.",full_paper_boundaries_verified,2
physical_paper,1658,paper_boundary_audit,oibf,1991,,1658,originals/oibf/1991/OIbF_1991_Q4__06262053a9658b84.pdf,06262053a9658b843ada1a85b60a878d0ce6e0b1e79dbd651eaac2cd526c0f60,Every cached page boundary packet and printed-label contexts manually inspected; reuse previous complete actual-statement review. One alcohol-density experimental problem p1. All printed top-level statements already registered; internal subparts preserved.,full_paper_boundaries_verified,1
physical_paper,1659,paper_boundary_audit,rmph,2024,,1659,originals/rmph/2024/RMPh_2024_Q1__d3f6dc5fd486e5b9.pdf,d3f6dc5fd486e5b950c5515dbef3c50451f1502301718bb876aec9103b29ced2,"Manually inspected every cached page boundary; prior complete actual statement/render reading reused. One continuous top-level problem, internal tasks and corresponding answer sheets retained; no omitted top-level statement.",full_paper_boundaries_verified,1
physical_paper,1661,paper_boundary_audit,rmph,2024,,1661,originals/rmph/2024/RMPh_2024_Q2__2f338c4d3d7de872.pdf,2f338c4d3d7de872c2fb88682babfe03dbefcd734eab897827584280169654b3,"Manually inspected every cached page boundary; prior complete actual statement/render reading reused. One continuous top-level problem, internal tasks and corresponding answer sheets retained; no omitted top-level statement.",full_paper_boundaries_verified,1
physical_paper,1662,paper_boundary_audit,rmph,2024,,1662,originals/rmph/2024/RMPh_2024_Q3__1694feb1fbecbd5a.pdf,1694feb1fbecbd5afdcecd96af305d8fa21115f97ecc4710ed978dfbd3e812f1,"Manually inspected every cached page boundary; prior complete actual statement/render reading reused. One continuous top-level problem, internal tasks and corresponding answer sheets retained; no omitted top-level statement.",full_paper_boundaries_verified,1
physical_paper,1664,paper_boundary_audit,rmph,2024,,1664,originals/rmph/2024/RMPh_2024_Q4__449fb443237608d6.pdf,449fb443237608d64318b1ce007d0a233390cd67f4b9e6d1eb058bcb65a26352,"Manually inspected every cached page boundary; prior complete actual statement/render reading reused. One continuous top-level problem, internal tasks and corresponding answer sheets retained; no omitted top-level statement.",full_paper_boundaries_verified,1
physical_paper,1667,paper_boundary_audit,rmph,2023,,1667,originals/rmph/2023/RMPh_2023_Q1__a2376d8aa80ddbba.pdf,a2376d8aa80ddbba811fbf343c5dd6595caa87263dd69e0081968d1f80a38a1c,"Manually inspected every cached page boundary; prior complete actual statement/render reading reused. One continuous top-level problem, internal tasks and corresponding answer sheets retained; no omitted top-level statement.",full_paper_boundaries_verified,1
physical_paper,1668,paper_boundary_audit,rmph,2023,,1668,originals/rmph/2023/RMPh_2023_Q2__888490d07ce7940d.pdf,888490d07ce7940dd747f22ec2f7361143714f324f6343ade2978af06fdfbf81,"Manually inspected every cached page boundary; prior complete actual statement/render reading reused. One continuous top-level problem, internal tasks and corresponding answer sheets retained; no omitted top-level statement.",full_paper_boundaries_verified,1
physical_paper,1671,paper_boundary_audit,rmph,2023,,1671,originals/rmph/2023/RMPh_2023_Q3__3f31354fe682e936.pdf,3f31354fe682e9361611db3f789b8ee4e532da7144a5d32722a5a5febc7e7c7f,"Manually inspected every cached page boundary; prior complete actual statement/render reading reused. One continuous top-level problem, internal tasks and corresponding answer sheets retained; no omitted top-level statement.",full_paper_boundaries_verified,1
physical_paper,1673,paper_boundary_audit,rmph,2023,,1673,originals/rmph/2023/RMPh_2023_Q4__329eb0b68a0a56bd.pdf,329eb0b68a0a56bdf7a31640424c7b9532f791eba9c0cda122ed8456111a7a2f,"Manually inspected every cached page boundary; prior complete actual statement/render reading reused. Parts A/B explicitly internal to Experimental studies in rotating reference frames; appendix numerical derivative instructions not extra problem. One continuous top-level problem, internal tasks and corresponding answer sheets retained; no omitted top-level statement.",full_paper_boundaries_verified,1
physical_paper,1674,paper_boundary_audit,rmph,2021,,1674,originals/rmph/2021/RMPh_2021_Q1__6cfce24d4fb80b28.pdf,6cfce24d4fb80b2806a1c5b3e45d53772479fb52f145d80c2eb42be4dd338abb,"Manually inspected every cached page boundary; prior complete actual statement/render reading reused. One continuous top-level problem, internal tasks and corresponding answer sheets retained; no omitted top-level statement.",full_paper_boundaries_verified,1
physical_paper,1676,paper_boundary_audit,rmph,2021,,1676,originals/rmph/2021/RMPh_2021_Q2__e588b65ab7686224.pdf,e588b65ab768622460586bc55a7813d8134be52bbb3940214cbe05e1c0780164,"Manually inspected every cached page boundary; prior complete actual statement/render reading reused. One continuous top-level problem, internal tasks and corresponding answer sheets retained; no omitted top-level statement.",full_paper_boundaries_verified,1
physical_paper,1678,paper_boundary_audit,rmph,2021,,1678,originals/rmph/2021/RMPh_2021_Q3__b490a82e557b3368.pdf,b490a82e557b33683b21e383046122c89cac00a8f531e8d836c0dcdb937d44fb,"Manually inspected every cached page boundary; prior complete actual statement/render reading reused. One continuous top-level problem, internal tasks and corresponding answer sheets retained; no omitted top-level statement.",full_paper_boundaries_verified,1
physical_paper,1679,paper_boundary_audit,oibf,2017,,1679,originals/oibf/2017/OIbF_2017_Q2__111812d4e6a87d47.pdf,111812d4e6a87d47fbc06d6bb2054586be944a16ca8b05a20f996783f8afbb4c,Every cached page boundary packet and printed-label contexts manually inspected; reuse previous complete actual-statement review. One theory T2 p1. All printed top-level statements already registered; internal subparts preserved.,full_paper_boundaries_verified,1
physical_paper,1681,paper_boundary_audit,rmph,2021,,1681,originals/rmph/2021/RMPh_2021_Q4__ee2fb26615cf9848.pdf,ee2fb26615cf98480424eeaba82932c2ed1b4247414c92a0f7deb424fe9a87d4,"Manually inspected every cached page boundary; prior complete actual statement/render reading reused. One continuous top-level problem, internal tasks and corresponding answer sheets retained; no omitted top-level statement.",full_paper_boundaries_verified,1
physical_paper,1682,paper_boundary_audit,rmph,2018,,1682,originals/rmph/2018/RMPh_2018_Q1__85c22a11c792ed1c.pdf,85c22a11c792ed1cc94dd2b723909aa86b9510f6dc852fcbc3d30677de87bb8c,"Manually inspected every cached page boundary; prior complete actual statement/render reading reused. One continuous top-level problem, internal tasks and corresponding answer sheets retained; no omitted top-level statement.",full_paper_boundaries_verified,1
physical_paper,1684,paper_boundary_audit,rmph,2018,,1684,originals/rmph/2018/RMPh_2018_Q2__ee7839f705724378.pdf,ee7839f705724378a30203daac7ce4788c3436bfd0cfa7a7984f598bb3fb8641,"Manually inspected every cached page boundary; prior complete actual statement/render reading reused. One continuous top-level problem, internal tasks and corresponding answer sheets retained; no omitted top-level statement.",full_paper_boundaries_verified,1
physical_paper,1688,paper_boundary_audit,rmph,2018,,1688,originals/rmph/2018/RMPh_2018_Q3__7d20e1050f395b89.pdf,7d20e1050f395b8940c0f9ba3d93f8a768dc5d011e2bd5cf7c8a53005588c629,"Manually inspected every cached page boundary; prior complete actual statement/render reading reused. One continuous top-level problem, internal tasks and corresponding answer sheets retained; no omitted top-level statement.",full_paper_boundaries_verified,1
physical_paper,1690,paper_boundary_audit,rmph,2018,,1690,originals/rmph/2018/RMPh_2018_Q4__658dd3c081cd7ff6.pdf,658dd3c081cd7ff6e3159c3b38616ade45351543977211a1b3e969b48042cf7a,"Manually inspected every cached page boundary; prior complete actual statement/render reading reused. One printed 20-point experiment with internal Tasks A/B/C; pp8-23 answer sheets only. One continuous top-level problem, internal tasks and corresponding answer sheets retained; no omitted top-level statement.",full_paper_boundaries_verified,1
physical_paper,1691,paper_boundary_audit,rmph,2017,,1691,originals/rmph/2017/RMPh_2017_Q1__dffa566502da5340.pdf,dffa566502da53408caa7c47295a02e12b6abcac9d2e9990de8fc28acae1b32a,"Manually inspected every cached page boundary; prior complete actual statement/render reading reused. One continuous top-level problem, internal tasks and corresponding answer sheets retained; no omitted top-level statement.",full_paper_boundaries_verified,1
physical_paper,1693,paper_boundary_audit,rmph,2017,,1693,originals/rmph/2017/RMPh_2017_Q2__1e6de231a4f2e47f.pdf,1e6de231a4f2e47fd0cd18b3be7e90d56c63c6e3f6211474840058a4dc2785cd,"Manually inspected every cached page boundary; prior complete actual statement/render reading reused. Known raw810 alias of raw809 preserves A/B acquisition provenance for one printed Problem2; count unique printed problem once. One continuous top-level problem, internal tasks and corresponding answer sheets retained; no omitted top-level statement.",full_paper_boundaries_verified,1
physical_paper,1695,paper_boundary_audit,rmph,2017,,1695,originals/rmph/2017/RMPh_2017_Q4__695f0354bc342cd6.pdf,695f0354bc342cd6f2cd247a6b3ab9b5dc6101edabf6f5c25e4fd46bef1c278e,"Manually inspected every cached page boundary; prior complete actual statement/render reading reused. p2 incorrect footer No.1 continues same gravitational waves problem, not a new statement. One continuous top-level problem, internal tasks and corresponding answer sheets retained; no omitted top-level statement.",full_paper_boundaries_verified,1
physical_paper,1698,paper_boundary_audit,rmph,2017,,1698,originals/rmph/2017/RMPh_2017_Q5__b06a9f484e48a994.pdf,b06a9f484e48a994c5f6986d3fe1457d25e0fcd24f21ef3aaae71fe5ed9ab2ba,"Manually inspected every cached page boundary; prior complete actual statement/render reading reused. One continuous top-level problem, internal tasks and corresponding answer sheets retained; no omitted top-level statement.",full_paper_boundaries_verified,1
physical_paper,1700,paper_boundary_audit,rmph,2016,,1700,originals/rmph/2016/RMPh_2016_Q1__76d6f7392d27c131.pdf,76d6f7392d27c131eedd79850ae513e1db9d7c4c8cf74c5ccbb221927ce92ad3,"Manually inspected every cached page boundary; prior complete actual statement/render reading reused. One continuous top-level problem, internal tasks and corresponding answer sheets retained; no omitted top-level statement.",full_paper_boundaries_verified,1
physical_paper,1701,paper_boundary_audit,rmph,2016,,1701,originals/rmph/2016/RMPh_2016_Q2__cf3be8ddc624be6f.pdf,cf3be8ddc624be6fd0814428b85408107140225bd8b0bf801f65a9ec7969493b,"Manually inspected every cached page boundary; prior complete actual statement/render reading reused. p2 Q3 heading repeats Sources, atoms, and spectra and continues C; no independent problem. One continuous top-level problem, internal tasks and corresponding answer sheets retained; no omitted top-level statement.",full_paper_boundaries_verified,1
physical_paper,1702,paper_boundary_audit,rmph,2016,,1702,originals/rmph/2016/RMPh_2016_Q3__8da3df4064bc2372.pdf,8da3df4064bc237237f958c005e59e87f5cd1b750e98880239e4886717e9fc74,"Manually inspected every cached page boundary; prior complete actual statement/render reading reused. One continuous top-level problem, internal tasks and corresponding answer sheets retained; no omitted top-level statement.",full_paper_boundaries_verified,1
physical_paper,1704,paper_boundary_audit,rmph,2014,,1704,originals/rmph/2014/RMPh_2014_Q1__86890a26f31220d7.pdf,86890a26f31220d75bdcaf289c2152cce69c31e61a75936aa2d15ef507a89568,"Manually inspected every cached page boundary; prior complete actual statement/render reading reused. One continuous top-level problem, internal tasks and corresponding answer sheets retained; no omitted top-level statement.",full_paper_boundaries_verified,1
physical_paper,1705,paper_boundary_audit,rmph,2014,,1705,originals/rmph/2014/RMPh_2014_Q2__a027c35179b518cb.pdf,a027c35179b518cbb0849f039107d0c3324641c336f869ac99b7305cfcbd0837,"Manually inspected every cached page boundary; prior complete actual statement/render reading reused. One continuous top-level problem, internal tasks and corresponding answer sheets retained; no omitted top-level statement.",full_paper_boundaries_verified,1
physical_paper,1707,paper_boundary_audit,rmph,2014,,1707,originals/rmph/2014/RMPh_2014_Q3__c54483048febfe4f.pdf,c54483048febfe4fddebffe148ad897ea4fcfff59e8a94005b4478fc69cb138f,"Manually inspected every cached page boundary; prior complete actual statement/render reading reused. One continuous top-level problem, internal tasks and corresponding answer sheets retained; no omitted top-level statement.",full_paper_boundaries_verified,1
physical_paper,1709,paper_boundary_audit,rmph,2014,,1709,originals/rmph/2014/RMPh_2014_Q4__063ebadc5301b505.pdf,063ebadc5301b50555a6e913fb0622b64488619f07ffcd9b9d49432310026fdf,"Manually inspected every cached page boundary; prior complete actual statement/render reading reused. One continuous top-level problem, internal tasks and corresponding answer sheets retained; no omitted top-level statement.",full_paper_boundaries_verified,1
physical_paper,1710,paper_boundary_audit,rmph,2014,,1710,originals/rmph/2014/RMPh_2014_Q5__095f0a3339907cee.pdf,095f0a3339907cee924c23b0dee3b614bd0dfcdff5f302427739c8d36ee546c6,"Manually inspected every cached page boundary; prior complete actual statement/render reading reused. One continuous top-level problem, internal tasks and corresponding answer sheets retained; no omitted top-level statement.",full_paper_boundaries_verified,1
physical_paper,1713,paper_boundary_audit,rmph,2013,,1713,originals/rmph/2013/RMPh_2013_Q1__cc349fa4befa9256.pdf,cc349fa4befa925654c4676d8d0d192397bee6ed9cac9e1cbec4fed6eef79d95,"Manually inspected every cached page boundary; prior complete actual statement/render reading reused. One continuous top-level problem, internal tasks and corresponding answer sheets retained; no omitted top-level statement.",full_paper_boundaries_verified,1
physical_paper,1715,paper_boundary_audit,rmph,2013,,1715,originals/rmph/2013/RMPh_2013_Q2__766cded588fb5442.pdf,766cded588fb544270aa3112822f6bed1c23e75d029ee9e8bab1c23f07148678,"Manually inspected every cached page boundary; prior complete actual statement/render reading reused. One continuous top-level problem, internal tasks and corresponding answer sheets retained; no omitted top-level statement.",full_paper_boundaries_verified,1
physical_paper,1719,paper_boundary_audit,rmph,2013,,1719,originals/rmph/2013/RMPh_2013_Q3__603ed300dacd3e9d.pdf,603ed300dacd3e9d0c39b0d8f3d385dcea1518951176aee2ce11568775519c9f,"Manually inspected every cached page boundary; prior complete actual statement/render reading reused. One continuous top-level problem, internal tasks and corresponding answer sheets retained; no omitted top-level statement.",full_paper_boundaries_verified,1
physical_paper,1721,paper_boundary_audit,rmph,2013,,1721,originals/rmph/2013/RMPh_2013_Q4__35c20da41473dd82.pdf,35c20da41473dd821e3c21f9bf67b8e0483470f13cebad6b0a084da7f72be5f6,"Manually inspected every cached page boundary; prior complete actual statement/render reading reused. One continuous top-level problem, internal tasks and corresponding answer sheets retained; no omitted top-level statement.",full_paper_boundaries_verified,1
physical_paper,1723,paper_boundary_audit,rmph,2013,,1723,originals/rmph/2013/RMPh_2013_Q5__7f1e02b0ebba8db5.pdf,7f1e02b0ebba8db59c302ff087f5e70a54bba5bd51b0689b8433e06be10cdc48,"Manually inspected every cached page boundary; prior complete actual statement/render reading reused. One continuous top-level problem, internal tasks and corresponding answer sheets retained; no omitted top-level statement.",full_paper_boundaries_verified,1
physical_paper,1725,paper_boundary_audit,rmph,2012,,1725,originals/rmph/2012/RMPh_2012_Q1__9e22319a08a39039.pdf,9e22319a08a39039eb565c705aa273fb48644118d2eb1cea3168a46ea1c6b134,"Manually inspected every cached page boundary; prior complete actual statement/render reading reused. One continuous top-level problem, internal tasks and corresponding answer sheets retained; no omitted top-level statement.",full_paper_boundaries_verified,1
physical_paper,1727,paper_boundary_audit,rmph,2012,,1727,originals/rmph/2012/RMPh_2012_Q2__6aec687088b33fd6.pdf,6aec687088b33fd6146108684d153ddb17fc2e99ceaa8423b909c7b25c646a55,"Manually inspected every cached page boundary; prior complete actual statement/render reading reused. One continuous top-level problem, internal tasks and corresponding answer sheets retained; no omitted top-level statement.",full_paper_boundaries_verified,1
physical_paper,1729,paper_boundary_audit,rmph,2012,,1729,originals/rmph/2012/RMPh_2012_Q3__6c8801a4bbe2efba.pdf,6c8801a4bbe2efba5dc1efb50d49a624266d1d89ceb10d6b883478dfd8debdcc,"Manually inspected every cached page boundary; prior complete actual statement/render reading reused. One continuous top-level problem, internal tasks and corresponding answer sheets retained; no omitted top-level statement.",full_paper_boundaries_verified,1
physical_paper,1731,paper_boundary_audit,rmph,2012,,1731,originals/rmph/2012/RMPh_2012_Q4__d384e5742218fdc3.pdf,d384e5742218fdc3e2c7d4de5424b5ce33bb59a8f80b488ef5a1d90f433417e8,"Manually inspected every cached page boundary; prior complete actual statement/render reading reused. One continuous top-level problem, internal tasks and corresponding answer sheets retained; no omitted top-level statement.",full_paper_boundaries_verified,1
physical_paper,1733,paper_boundary_audit,rmph,2012,,1733,originals/rmph/2012/RMPh_2012_Q5__fbb2afdd82baa4a7.pdf,fbb2afdd82baa4a7937a0fb8c4e8e80efd5be633d78c9a27d5cd9078b15e01c2,"Manually inspected every cached page boundary; prior complete actual statement/render reading reused. One continuous top-level problem, internal tasks and corresponding answer sheets retained; no omitted top-level statement.",full_paper_boundaries_verified,1
physical_paper,1735,paper_boundary_audit,wopho,2013,,1735,originals/wopho/2013/WoPhO_2013_Q1__538089f26e1b1beb.pdf,538089f26e1b1bebd7a973089b1d79a694dc57a9a22bf6328c6be316cf0d5292,"Every physical page manually audited using cached boundaries plus prior complete actual statement inspection. One continuous printed top-level problem; numbered questions, lettered Parts and data/figures are internal. No omitted independent top-level problem.",full_paper_boundaries_verified,1
physical_paper,1736,paper_boundary_audit,wopho,2013,,1736,originals/wopho/2013/WoPhO_2013_Q2__d53c4cec59ceb534.pdf,d53c4cec59ceb5341ffe00833c94a58ca258805b170ea54bbfca344db8cc7b8f,"Every physical page manually audited using cached boundaries plus prior complete actual statement inspection. One continuous printed top-level problem; numbered questions, lettered Parts and data/figures are internal. No omitted independent top-level problem.",full_paper_boundaries_verified,1
physical_paper,1739,paper_boundary_audit,wopho,2013,,1739,originals/wopho/2013/WoPhO_2013_Q4__a170da63f4b9fdcb.pdf,a170da63f4b9fdcbad5960ead8cda7e08536822cffca94ae41215c716b263bfb,"Every physical page manually audited using cached boundaries plus prior complete actual statement inspection. One continuous printed top-level problem; numbered questions, lettered Parts and data/figures are internal. No omitted independent top-level problem.",full_paper_boundaries_verified,1
physical_paper,1740,paper_boundary_audit,wopho,2013,,1740,originals/wopho/2013/WoPhO_2013_Q3__1af72147f8995463.pdf,1af72147f8995463a3236a1c7dae34057fee740ef8f05105abc9d18cd675cb15,"Every physical page manually audited using cached boundaries plus prior complete actual statement inspection. One continuous printed top-level problem; numbered questions, lettered Parts and data/figures are internal. No omitted independent top-level problem.",full_paper_boundaries_verified,1
physical_paper,1744,paper_boundary_audit,wopho,2013,,1744,originals/wopho/2013/WoPhO_2013_Q5__9e1bc792937f8b0a.pdf,9e1bc792937f8b0ad7a1c9438ae0073c40f48096c0d27e24ab8c9144e1bdf1e8,"Every physical page manually audited using cached boundaries plus prior complete actual statement inspection. One continuous printed top-level problem; numbered questions, lettered Parts and data/figures are internal. No omitted independent top-level problem.",full_paper_boundaries_verified,1
physical_paper,1746,paper_boundary_audit,wopho,2013,,1746,originals/wopho/2013/WoPhO_2013_Q6__830488903e5a13ad.pdf,830488903e5a13adce3825a400e74ad5f74b7c13347367412080cf4b579847b8,"Every physical page manually audited using cached boundaries plus prior complete actual statement inspection. One continuous printed top-level problem; numbered questions, lettered Parts and data/figures are internal. No omitted independent top-level problem.",full_paper_boundaries_verified,1
physical_paper,1747,paper_boundary_audit,wopho,2013,,1747,originals/wopho/2013/WoPhO_2013_Q7__b6894f3efdd1a9a5.pdf,b6894f3efdd1a9a509c582cfbfd27ce0054d5f1227d492c354d542be7fe4d9ed,"Every physical page manually audited using cached boundaries plus prior complete actual statement inspection. One continuous printed top-level problem; numbered questions, lettered Parts and data/figures are internal. No omitted independent top-level problem.",full_paper_boundaries_verified,1
physical_paper,1750,paper_boundary_audit,wopho,2013,,1750,originals/wopho/2013/WoPhO_2013_Q9__a8f60d11de9e5ca3.pdf,a8f60d11de9e5ca314f5a42dd161bf343f80ac36fbee60639e420038f060b6bb,"Every physical page manually audited using cached boundaries plus prior complete actual statement inspection. One continuous printed top-level problem; numbered questions, lettered Parts and data/figures are internal. No omitted independent top-level problem.",full_paper_boundaries_verified,1
physical_paper,1752,paper_boundary_audit,wopho,2013,,1752,originals/wopho/2013/WoPhO_2013_Q8__951c261225eebaa7.pdf,951c261225eebaa75c614d45191ec1fc333e16a21805b8f12c772b8694d1f441,"Every physical page manually audited using cached boundaries plus prior complete actual statement inspection. One continuous printed top-level problem; numbered questions, lettered Parts and data/figures are internal. No omitted independent top-level problem.",full_paper_boundaries_verified,1
physical_paper,1754,paper_boundary_audit,wopho,2013,,1754,originals/wopho/2013/WoPhO_2013_Q10__e9ec5c33ba1cf80c.pdf,e9ec5c33ba1cf80ccac26415e0cac66c6c9dabe39dfdd2375b57466149cb863a,"Every physical page manually audited using cached boundaries plus prior complete actual statement inspection. One continuous printed top-level problem; numbered questions, lettered Parts and data/figures are internal. No omitted independent top-level problem.",full_paper_boundaries_verified,1
physical_paper,1755,paper_boundary_audit,wopho,2012,,1755,originals/wopho/2012/WoPhO_2012_Q1__3ab57899b98a28c7.pdf,3ab57899b98a28c7ca8f64651a0a35257b8c14de8585fd7eac0b6afe1e6f73ad,"Every physical page manually audited using cached boundaries plus prior complete actual statement inspection. One continuous printed top-level problem; numbered questions, lettered Parts and data/figures are internal. No omitted independent top-level problem.",full_paper_boundaries_verified,1
physical_paper,1756,paper_boundary_audit,wopho,2012,,1756,originals/wopho/2012/WoPhO_2012_Q4__faa043414d35fa61.pdf,faa043414d35fa6133f8a16a832910da94bed3ddde164f6e989d95075d35c02b,"Every physical page manually audited using cached boundaries plus prior complete actual statement inspection. One continuous printed top-level problem; numbered questions, lettered Parts and data/figures are internal. No omitted independent top-level problem.",full_paper_boundaries_verified,1
physical_paper,1757,paper_boundary_audit,wopho,2012,,1757,originals/wopho/2012/WoPhO_2012_Q2__1b41929caf412644.pdf,1b41929caf41264496293438c8ac5c1b93dfc5d74376da07bd426d3cf55da487,"Every physical page manually audited using cached boundaries plus prior complete actual statement inspection. One continuous printed top-level problem; numbered questions, lettered Parts and data/figures are internal. No omitted independent top-level problem.",full_paper_boundaries_verified,1
physical_paper,1758,paper_boundary_audit,wopho,2012,,1758,originals/wopho/2012/WoPhO_2012_Q3__bcf2a7a30e599a92.pdf,bcf2a7a30e599a92266de98d7b43e372a6ece71965e464630cf9249be4ad78ee,"Every physical page manually audited using cached boundaries plus prior complete actual statement inspection. One continuous printed top-level problem; numbered questions, lettered Parts and data/figures are internal. No omitted independent top-level problem.",full_paper_boundaries_verified,1
physical_paper,1760,paper_boundary_audit,wopho,2012,,1760,originals/wopho/2012/WoPhO_2012_Q5__610c1fbdd5ba072f.pdf,610c1fbdd5ba072f2c46bd205b53acf662999c6c1401c81634d0c8d2bb949aa9,"Every physical page manually audited using cached boundaries plus prior complete actual statement inspection. One continuous printed top-level problem; numbered questions, lettered Parts and data/figures are internal. No omitted independent top-level problem.",full_paper_boundaries_verified,1
physical_paper,1761,paper_boundary_audit,wopho,2012,,1761,originals/wopho/2012/WoPhO_2012_Q6__de247dfffb2c99f3.pdf,de247dfffb2c99f3cc93414b5c8963309ea91a67ac7c5362b8c43a7e92036290,"Every physical page manually audited using cached boundaries plus prior complete actual statement inspection. One continuous printed top-level problem; numbered questions, lettered Parts and data/figures are internal. No omitted independent top-level problem.",full_paper_boundaries_verified,1
physical_paper,1763,paper_boundary_audit,wopho,2012,,1763,originals/wopho/2012/WoPhO_2012_Q7__61283870cd751c67.pdf,61283870cd751c67d6fb191f4dc6b151ab70d4dca4f2b35dcc87db5c31df36d2,"Every physical page manually audited using cached boundaries plus prior complete actual statement inspection. One continuous printed top-level problem; numbered questions, lettered Parts and data/figures are internal. No omitted independent top-level problem.",full_paper_boundaries_verified,1
physical_paper,1764,paper_boundary_audit,wopho,2012,,1764,originals/wopho/2012/WoPhO_2012_Q8__e777040544315205.pdf,e777040544315205f0fca456db18bded2484726b03541b92200c112a1d5a7e47,"Every physical page manually audited using cached boundaries plus prior complete actual statement inspection. One continuous printed top-level problem; numbered questions, lettered Parts and data/figures are internal. No omitted independent top-level problem.",full_paper_boundaries_verified,1
physical_paper,1765,paper_boundary_audit,wopho,2012,,1765,originals/wopho/2012/WoPhO_2012_Q9__03a709d776aeaa23.pdf,03a709d776aeaa238a5b31e69f19b6e1baf4a15732095b59fb7a4b14e73a1973,"Every physical page manually audited using cached boundaries plus prior complete actual statement inspection. One continuous printed top-level problem; numbered questions, lettered Parts and data/figures are internal. No omitted independent top-level problem.",full_paper_boundaries_verified,1
physical_paper,1766,paper_boundary_audit,wopho,2012,,1766,originals/wopho/2012/WoPhO_2012_Q10__4a6e871cd348aff0.pdf,4a6e871cd348aff01e0b54d6050b9a1d76f706602c4cac47a7eaae6d56dd288e,"Every physical page manually audited using cached boundaries plus prior complete actual statement inspection. One continuous printed top-level problem; numbered questions, lettered Parts and data/figures are internal. No omitted independent top-level problem.",full_paper_boundaries_verified,1
physical_paper,1769,paper_boundary_audit,wopho,2012,,1769,originals/wopho/2012/WoPhO_2012_Q11__4791ac3de984c001.pdf,4791ac3de984c001ca417bc2f8526aeb333185e62ea69946f48d612dc10fe81e,"Every physical page manually audited using cached boundaries plus prior complete actual statement inspection. One continuous printed top-level problem; numbered questions, lettered Parts and data/figures are internal. No omitted independent top-level problem.",full_paper_boundaries_verified,1
physical_paper,1771,paper_boundary_audit,wopho,2012,,1771,originals/wopho/2012/WoPhO_2012_Q12__21560b6f7aefc750.pdf,21560b6f7aefc7501ade317f6ba5744558f6ac5d6fa6ce04bcdab047ed3dfd65,"Every physical page manually audited using cached boundaries plus prior complete actual statement inspection. One continuous printed top-level problem; numbered questions, lettered Parts and data/figures are internal. No omitted independent top-level problem.",full_paper_boundaries_verified,1
physical_paper,1774,paper_boundary_audit,wopho,2012,,1774,originals/wopho/2012/WoPhO_2012_Q13__3fece89d0fa4a8fc.pdf,3fece89d0fa4a8fc3e2a0b54c72a4a243dc00f8db74e7464618b88b1d4a143d3,"Every physical page manually audited using cached boundaries plus prior complete actual statement inspection. One continuous printed top-level problem; numbered questions, lettered Parts and data/figures are internal. No omitted independent top-level problem.",full_paper_boundaries_verified,1
physical_paper,1775,paper_boundary_audit,wopho,2011,,1775,originals/wopho/2011/WoPhO_2011_Q1__eece3ca33e1cfe24.pdf,eece3ca33e1cfe24a264368f0cd20a38d0f0c6ad9e9dfaf7ef018b7341ad37f6,"Every physical page manually audited using cached boundaries plus prior complete actual statement inspection on all rendered pages. One continuous printed top-level problem; numbered questions, lettered Parts and data/figures are internal. No omitted independent top-level problem.",full_paper_boundaries_verified,1
physical_paper,1776,paper_boundary_audit,wopho,2011,,1776,originals/wopho/2011/WoPhO_2011_Q2__c6336a0e5fa689de.pdf,c6336a0e5fa689de195d18b5cd6aca6ab45456f45fb6d7b3de220bae81ac83b3,"Every physical page manually audited using cached boundaries plus prior complete actual statement inspection on all rendered pages. One continuous printed top-level problem; numbered questions, lettered Parts and data/figures are internal. No omitted independent top-level problem.",full_paper_boundaries_verified,1
physical_paper,1777,paper_boundary_audit,wopho,2011,,1777,originals/wopho/2011/WoPhO_2011_Q3__7e0c76c2e3a47b30.pdf,7e0c76c2e3a47b3052efe015715530c7c73751c6490e8a56980c25e0d2b2bfa0,"Every physical page manually audited using cached boundaries plus prior complete actual statement inspection on all rendered pages. One continuous printed top-level problem; numbered questions, lettered Parts and data/figures are internal. No omitted independent top-level problem.",full_paper_boundaries_verified,1
physical_paper,1778,paper_boundary_audit,wopho,2011,,1778,originals/wopho/2011/WoPhO_2011_Q5__5096f795b14662b7.pdf,5096f795b14662b76c2f095f79f6c80a0fb0acc511485f78f516796b4746f745,"Every physical page manually audited using cached boundaries plus prior complete actual statement inspection on all rendered pages. One continuous printed top-level problem; numbered questions, lettered Parts and data/figures are internal. No omitted independent top-level problem.",full_paper_boundaries_verified,1
physical_paper,1779,paper_boundary_audit,wopho,2011,,1779,originals/wopho/2011/WoPhO_2011_Q6__5f53a99fc2f84cde.pdf,5f53a99fc2f84cde5a493c3d8911f03874fcffd70f21b0a13299edf2e2e0cb09,"Every physical page manually audited using cached boundaries plus prior complete actual statement inspection on all rendered pages. One continuous printed top-level problem; numbered questions, lettered Parts and data/figures are internal. No omitted independent top-level problem.",full_paper_boundaries_verified,1
physical_paper,1780,paper_boundary_audit,wopho,2011,,1780,originals/wopho/2011/WoPhO_2011_Q4__3aa4cc2ea4d3abd3.pdf,3aa4cc2ea4d3abd3e06c5ada895678e5cd75d18790de74928c89ee2bccfae95c,"Every physical page manually audited using cached boundaries plus prior complete actual statement inspection on all rendered pages. One continuous printed top-level problem; numbered questions, lettered Parts and data/figures are internal. No omitted independent top-level problem.",full_paper_boundaries_verified,1
physical_paper,1781,paper_boundary_audit,wopho,2011,,1781,originals/wopho/2011/WoPhO_2011_Q9__452f1e3d7a9fb43e.pdf,452f1e3d7a9fb43e78d1d93842433d1531e7fe1fab748ad605c9c75d2890be70,"Every physical page manually audited using cached boundaries plus prior complete actual statement inspection on all rendered pages. One continuous printed top-level problem; numbered questions, lettered Parts and data/figures are internal. No omitted independent top-level problem.",full_paper_boundaries_verified,1
physical_paper,1782,paper_boundary_audit,wopho,2011,,1782,originals/wopho/2011/WoPhO_2011_Q7__23ccc1e90ac1d64e.pdf,23ccc1e90ac1d64e8fbaee2e97e602a18642ad8e82269676e296fee1da4f8428,"Every physical page manually audited using cached boundaries plus prior complete actual statement inspection on all rendered pages. One continuous printed top-level problem; numbered questions, lettered Parts and data/figures are internal. No omitted independent top-level problem.",full_paper_boundaries_verified,1
physical_paper,1783,paper_boundary_audit,wopho,2011,,1783,originals/wopho/2011/WoPhO_2011_Q8__6cb5b08732fe2b2e.pdf,6cb5b08732fe2b2ee954fe9387278a00904f080bfe9f5c25b28dcc062ac0c538,"Every physical page manually audited using cached boundaries plus prior complete actual statement inspection on all rendered pages. One continuous printed top-level problem; numbered questions, lettered Parts and data/figures are internal. No omitted independent top-level problem.",full_paper_boundaries_verified,1
physical_paper,1784,paper_boundary_audit,wopho,2011,,1784,originals/wopho/2011/WoPhO_2011_Q11__9cb910c3a24e8f3e.pdf,9cb910c3a24e8f3eb59f383a79db4db5633546a4632b302251664f8f03d818ab,"Every physical page manually audited using cached boundaries plus prior complete actual statement inspection. One continuous printed top-level problem; numbered questions, lettered Parts and data/figures are internal. No omitted independent top-level problem.",full_paper_boundaries_verified,1
physical_paper,1785,paper_boundary_audit,wopho,2011,,1785,originals/wopho/2011/WoPhO_2011_Q10__c781401cf2a8b60e.pdf,c781401cf2a8b60e8673f6f27ea6e8577e672889e955b0ff1a410c54374ab7f5,"Every physical page manually audited using cached boundaries plus prior complete actual statement inspection on all rendered pages. One continuous printed top-level problem; numbered questions, lettered Parts and data/figures are internal. No omitted independent top-level problem.",full_paper_boundaries_verified,1
physical_paper,1787,paper_boundary_audit,wopho,2011,,1787,originals/wopho/2011/WoPhO_2011_Q12__ab0335971b05ec06.pdf,ab0335971b05ec06dee896ce2f5a93c0c0ec8a918b40aea37447df8eff07e3c5,"Every physical page manually audited using cached boundaries plus prior complete actual statement inspection. One continuous printed top-level problem; numbered questions, lettered Parts and data/figures are internal. No omitted independent top-level problem.",full_paper_boundaries_verified,1
physical_paper,1789,paper_boundary_audit,wopho,2011,,1789,originals/wopho/2011/WoPhO_2011_Q13__4db563d4c005f17b.pdf,4db563d4c005f17bc2aa6f39fee832f3259de0a72b998ab4423edd3793de832e,"Every physical page manually audited using cached boundaries plus prior complete actual statement inspection. One continuous printed top-level problem; numbered questions, lettered Parts and data/figures are internal. No omitted independent top-level problem.",full_paper_boundaries_verified,1
physical_paper,1792,paper_boundary_audit,gpho,2022,,1792,originals/gpho/2022/GPhO_2022_Q1-3__3cc2acf86b2f74f7.pdf,3cc2acf86b2f74f75b35c98986138858214e034dbd15ac96358b42c7952b1ab0,"All physical page boundaries and printed T/E/Q headings manually checked; prior complete actual statement inspection reused. Exactly 3 independent top-level problems already registered, all internal Parts retained. Covers and known original PDF structural-repair flags do not conceal additional statements.",full_paper_boundaries_verified,3
physical_paper,1793,paper_boundary_audit,gpho,2022,,1793,originals/gpho/2022/GPhO_2022_Q4__1301ba7f19a11c85.pdf,1301ba7f19a11c85c09cc916a8bb1408895ec7432e6d197cdc6241aa2dc3f972,"All physical page boundaries and printed T/E/Q headings manually checked; prior complete actual statement inspection reused. Exactly 1 independent top-level problems already registered, all internal Parts retained. Covers and known original PDF structural-repair flags do not conceal additional statements.",full_paper_boundaries_verified,1
physical_paper,1797,paper_boundary_audit,gpho,2019,,1797,originals/gpho/2019/GPhO_2019_Q1-3__95354efca9199edf.pdf,95354efca9199edf3754963189857a5a752e2d6966b07d18a40abf80b392cc7a,"All physical page boundaries and printed T/E/Q headings manually checked; prior complete actual statement inspection reused. Exactly 3 independent top-level problems already registered, all internal Parts retained. Covers and known original PDF structural-repair flags do not conceal additional statements.",full_paper_boundaries_verified,3
physical_paper,1799,paper_boundary_audit,gpho,2019,,1799,originals/gpho/2019/GPhO_2019_Q4__c903b6fd736c0ce7.pdf,c903b6fd736c0ce7088040cdf8546702a3661421fe4b8f88291eccf557c30c98,"All physical page boundaries and printed T/E/Q headings manually checked; prior complete actual statement inspection reused. Exactly 1 independent top-level problems already registered, all internal Parts retained. Covers and known original PDF structural-repair flags do not conceal additional statements.",full_paper_boundaries_verified,1
physical_paper,1803,paper_boundary_audit,gpho,2017,,1803,originals/gpho/2017/GPhO_2017_Q1-3__e84ef8d511fa4ecd.pdf,e84ef8d511fa4ecd80814850178f2a28a55ae345609de7c8649556c122900c0e,"All physical page boundaries and printed T/E/Q headings manually checked; prior complete actual statement inspection reused. Exactly 3 independent top-level problems already registered, all internal Parts retained. Covers and known original PDF structural-repair flags do not conceal additional statements.",full_paper_boundaries_verified,3
physical_paper,1805,paper_boundary_audit,gpho,2017,,1805,originals/gpho/2017/GPhO_2017_Q4__b5ed01849a2660db.pdf,b5ed01849a2660db1bb628da94d603a04fb96eb4d4d65f4332852d316b5e7bb7,"All physical page boundaries and printed T/E/Q headings manually checked; prior complete actual statement inspection reused. Exactly 1 independent top-level problems already registered, all internal Parts retained. Covers and known original PDF structural-repair flags do not conceal additional statements.",full_paper_boundaries_verified,1
physical_paper,1810,paper_boundary_audit,gpho,2016,,1810,originals/gpho/2016/GPhO_2016_Q1-3__c8b5ad09965301f8.pdf,c8b5ad09965301f881e714a06706f7bd6f7887aa4d0650c680fe77354caa0ce5,"All physical page boundaries and printed T/E/Q headings manually checked; prior complete actual statement inspection reused. Exactly 3 independent top-level problems already registered, all internal Parts retained. Covers and known original PDF structural-repair flags do not conceal additional statements.",full_paper_boundaries_verified,3
physical_paper,1811,paper_boundary_audit,gpho,2016,,1811,originals/gpho/2016/GPhO_2016_Q4-5__3e51f11f5dc36957.pdf,3e51f11f5dc36957fb7b938fbba3c48d383d8bee8b329fade5c9636f838e7a56,"All physical page boundaries and printed T/E/Q headings manually checked; prior complete actual statement inspection reused. Exactly 2 independent top-level problems already registered, all internal Parts retained. Covers and known original PDF structural-repair flags do not conceal additional statements.",full_paper_boundaries_verified,2
physical_paper,1813,paper_boundary_audit,izho,2026,,1813,originals/izho/2026/IZhO_2026_Q1__1782a8234a1dbd75.pdf,1782a8234a1dbd752ec2cd3715da41aaed51992b041c53bc3b5b4201e938daa3,"Complete source-container boundary inspection: Reviewed cached top-level source headings, sequential numbering and cover instructions; decimal and lettered subparts excluded. Only boundary inventory reviewed, physics remains pending.",full_paper_boundaries_verified,3
physical_paper,1815,paper_boundary_audit,izho,2026,,1815,originals/izho/2026/IZhO_2026_Q2__8f6d6f3d4306220d.pdf,8f6d6f3d4306220d44792923cd197bf0937442f239d376ef8643542f1b80fa84,Complete source-container boundary inspection: Cover explicitly states one experimental problem; Parts 1-4 are internal stages. Boundary inventory only; scope decision remains pending.,full_paper_boundaries_verified,1
physical_paper,1817,paper_boundary_audit,izho,2025,,1817,originals/izho/2025/IZhO_2025_Q1__389e0250c9d9a7dd.pdf,389e0250c9d9a7dd637a7b0656b2e7e0508c0ea3fa550ec7de24fd75b6963b8b,"Complete source-container boundary inspection: Reviewed cached top-level source headings, sequential numbering and cover instructions; decimal and lettered subparts excluded. Only boundary inventory reviewed, physics remains pending.",full_paper_boundaries_verified,3
physical_paper,1819,paper_boundary_audit,izho,2025,,1819,originals/izho/2025/IZhO_2025_Q2__df8b34e0cbdc899f.pdf,df8b34e0cbdc899f0bc25a2c9312409b705b493544614d9d7ed4724b281d07ad,Complete source-container boundary inspection: Cover explicitly states one experimental problem; industrial and homemade cells are stages of the one experiment. Boundary inventory only; scope decision remains pending.,full_paper_boundaries_verified,1
physical_paper,1821,paper_boundary_audit,izho,2024,,1821,originals/izho/2024/IZhO_2024_Q1__adad60cced7c5ca3.pdf,adad60cced7c5ca359544553ed41435fabc55043f2d8e165e7151f6526427865,"Complete source-container boundary inspection: Reviewed cached top-level source headings, sequential numbering and cover instructions; decimal and lettered subparts excluded. Only boundary inventory reviewed, physics remains pending.",full_paper_boundaries_verified,3
physical_paper,1823,paper_boundary_audit,izho,2024,,1823,originals/izho/2024/IZhO_2024_Q2__c8340cc9bf39be47.pdf,c8340cc9bf39be47ec36d13a657ad06fc45cf821fccc410cb3539e7faa3ee482,Complete source-container boundary inspection: Cover states one problem. Physical PDF includes the same experiment in three languages; no duplicate screening units. Boundary inventory only; scope decision remains pending.,full_paper_boundaries_verified,1
physical_paper,1825,paper_boundary_audit,izho,2023,,1825,originals/izho/2023/IZhO_2023_Q1__f70b8ea60d432120.pdf,f70b8ea60d432120db4f7ed28a00aa55e1e4e2050e6b53dc0c2d9fc7cde33646,"Complete source-container boundary inspection: Reviewed cached top-level source headings, sequential numbering and cover instructions; decimal and lettered subparts excluded. Only boundary inventory reviewed, physics remains pending.",full_paper_boundaries_verified,3
physical_paper,1827,paper_boundary_audit,izho,2023,,1827,originals/izho/2023/IZhO_2023_Q2__098d52e70492512c.pdf,098d52e70492512c32becd0a8f7f591684f56e2e7090a367e08ba7ecb07e89bf,"Complete source-container boundary inspection: Rendered 2023 experimental cover says one problem. Fourier spectrometer stages 1-4 are internal. This is a boundary inventory, not a physics decision.",full_paper_boundaries_verified,1
physical_paper,1829,paper_boundary_audit,izho,2022,,1829,originals/izho/2022/IZhO_2022_Q1__979b3ed80a9f4ebc.pdf,979b3ed80a9f4ebc185cb19cab10cdb7242d36ae296797da5690ddf8768892f2,"Complete source-container boundary inspection: Reviewed cached top-level source headings, sequential numbering and cover instructions; decimal and lettered subparts excluded. Only boundary inventory reviewed, physics remains pending.",full_paper_boundaries_verified,3
physical_paper,1831,paper_boundary_audit,izho,2022,,1831,originals/izho/2022/IZhO_2022_Q2__8c8b66520bee3983.pdf,8c8b66520bee3983853c46c07989f7b834be7ddeb495ed9d56acec726a00b9e8,Complete source-container boundary inspection: Cover explicitly states two problems; Experiment 1 precedes Experiment 2: Rolling friction on page 3. Internal numbered steps are not separate problems.,full_paper_boundaries_verified,2
physical_paper,1832,paper_boundary_audit,izho,2021,,1832,originals/izho/2021/IZhO_2021_Q1__96b36cbbaf2d7fd1.pdf,96b36cbbaf2d7fd19532afa0651aaf19f9b3c55b7c251c0572bfc9f04cad0598,"Complete source-container boundary inspection: Reviewed cached top-level source headings, sequential numbering and cover instructions; decimal and lettered subparts excluded. Only boundary inventory reviewed, physics remains pending.",full_paper_boundaries_verified,3
physical_paper,1835,paper_boundary_audit,izho,2021,,1835,originals/izho/2021/IZhO_2021_Q2__e2479da6ff139cad.pdf,e2479da6ff139cadb52519649451e14e6e8185a006bae86c67733d7d431658f8,Complete source-container boundary inspection: One titled computer experiment with numbered internal modeling/measurement steps. Boundary inventory only; scope decision remains pending.,full_paper_boundaries_verified,1
physical_paper,1837,paper_boundary_audit,izho,2020,,1837,originals/izho/2020/IZhO_2020_Q1__97754809daa7dc2b.pdf,97754809daa7dc2ba95679ac93d8192db0357624777801bb563342dd86bb3e20,"Complete source-container boundary inspection: Reviewed cached top-level source headings, sequential numbering and cover instructions; decimal and lettered subparts excluded. Only boundary inventory reviewed, physics remains pending.",full_paper_boundaries_verified,3
physical_paper,1839,paper_boundary_audit,izho,2020,,1839,originals/izho/2020/IZhO_2020_Q2__8381cf5d965b41b7.pdf,8381cf5d965b41b78feafa86a65e41d5948f8ff69090460a3573424b4770ccd4,Complete source-container boundary inspection: Cover explicitly states one experimental problem; motion down/up are internal stages. Boundary inventory only; scope decision remains pending.,full_paper_boundaries_verified,1
physical_paper,1840,paper_boundary_audit,izho,2019,,1840,originals/izho/2019/IZhO_2019_Q1__29daec0cb9f759be.pdf,29daec0cb9f759bed9b755cbae2937e1c4ab068fa804c62d512ea291e42619d1,"Complete source-container boundary inspection: Reviewed cached top-level source headings, sequential numbering and cover instructions; decimal and lettered subparts excluded. Only boundary inventory reviewed, physics remains pending.",full_paper_boundaries_verified,3
physical_paper,1843,paper_boundary_audit,izho,2019,,1843,originals/izho/2019/IZhO_2019_Q2__d35406462970a371.pdf,d35406462970a371750f88996a945088c0e30179a2acb1d8c81b9afa6a6aef2b,Complete source-container boundary inspection: Cover explicitly states one experimental problem; photodetector calibration and absorption measurement remain grouped. Boundary inventory only; scope decision remains pending.,full_paper_boundaries_verified,1
physical_paper,1845,paper_boundary_audit,izho,2018,,1845,originals/izho/2018/IZhO_2018_Q1__0782ab2ced4c911c.pdf,0782ab2ced4c911ce92b550aa2fd86cb7f6c9a6e24d7a60f64b13275df1e38ba,"Complete source-container boundary inspection: Reviewed cached top-level source headings, sequential numbering and cover instructions; decimal and lettered subparts excluded. Only boundary inventory reviewed, physics remains pending.",full_paper_boundaries_verified,3
physical_paper,1848,paper_boundary_audit,izho,2017,,1848,originals/izho/2017/IZhO_2017_Q2__6b46405f6c59dabb.pdf,6b46405f6c59dabbc1c659da4d894861ea7a604b4302beae6e5d0689855e2aca,Complete source-container boundary inspection: Cover explicitly states one experimental problem; small/large twists are internal stages. Boundary inventory only; scope decision remains pending.,full_paper_boundaries_verified,1
physical_paper,1849,paper_boundary_audit,izho,2017,,1849,originals/izho/2017/IZhO_2017_Q1__f5259f9967c78a97.pdf,f5259f9967c78a97b6f4533225ccf74e170dedb8d7585006f0c496998fc4e787,"Complete source-container boundary inspection: Reviewed cached top-level source headings, sequential numbering and cover instructions; decimal and lettered subparts excluded. Only boundary inventory reviewed, physics remains pending.",full_paper_boundaries_verified,3
physical_paper,1850,paper_boundary_audit,izho,2016,,1850,originals/izho/2016/IZhO_2016_Q1__88f5f2c904884d0a.pdf,88f5f2c904884d0a4f41f74b6fa54428f95aaa18ae15d33731687d42777db94c,"Complete source-container boundary inspection: Reviewed cached top-level source headings, sequential numbering and cover instructions; decimal and lettered subparts excluded. Only boundary inventory reviewed, physics remains pending.",full_paper_boundaries_verified,3
physical_paper,1853,paper_boundary_audit,izho,2016,,1853,originals/izho/2016/IZhO_2016_Q2__16d9eef63b78cb13.pdf,16d9eef63b78cb13f33c0c13b362b7641d4254de9881b67c5799a225c8588453,Complete source-container boundary inspection: Cover explicitly states one experimental problem. Boundary inventory only; scope decision remains pending.,full_paper_boundaries_verified,1
physical_paper,1856,paper_boundary_audit,izho,2015,,1856,originals/izho/2015/IZhO_2015_Q1__f44e9ad512d9dee3.pdf,f44e9ad512d9dee30b76feffa626be6448630f59627ba462fe58030937dfc84c,"Complete source-container boundary inspection: Reviewed cached top-level source headings, sequential numbering and cover instructions; decimal and lettered subparts excluded. Only boundary inventory reviewed, physics remains pending.",full_paper_boundaries_verified,3
physical_paper,1857,paper_boundary_audit,izho,2015,,1857,originals/izho/2015/IZhO_2015_Q2__ef2440e88167b6fa.pdf,ef2440e88167b6fa1889f6f0c19544a796897c365cb677422c3c5fa84df8a73c,Complete source-container boundary inspection: Cover explicitly states one experimental problem; temperature dependence and cooling remain grouped. Boundary inventory only; scope decision remains pending.,full_paper_boundaries_verified,1
physical_paper,1859,paper_boundary_audit,izho,2014,,1859,originals/izho/2014/IZhO_2014_Q1__aeb3bf3e3eb7330a.pdf,aeb3bf3e3eb7330ae56e8399b0eef3b3df52d014c93b745188bf6eaeca5a53a5,"Complete source-container boundary inspection: Reviewed cached top-level source headings, sequential numbering and cover instructions; decimal and lettered subparts excluded. Only boundary inventory reviewed, physics remains pending.",full_paper_boundaries_verified,3
physical_paper,1861,paper_boundary_audit,izho,2014,,1861,originals/izho/2014/IZhO_2014_Q2__9a11ff701f805b03.pdf,9a11ff701f805b03e5f0086a7247e032d05f9412e452c067c049451222630f9a,Complete source-container boundary inspection: Cover explicitly states one experimental problem; interaction measurements are internal stages. Boundary inventory only; scope decision remains pending.,full_paper_boundaries_verified,1
physical_paper,1863,paper_boundary_audit,izho,2013,,1863,originals/izho/2013/IZhO_2013_Q1__1ac01c052414ffb4.pdf,1ac01c052414ffb4237de9844faa0669cc0ab7b8a903de8d7b1f6d41f1912d8a,"Complete source-container boundary inspection: Reviewed cached top-level source headings, sequential numbering and cover instructions; decimal and lettered subparts excluded. Only boundary inventory reviewed, physics remains pending.",full_paper_boundaries_verified,3
physical_paper,1865,paper_boundary_audit,izho,2012,,1865,originals/izho/2012/IZhO_2012_Q1__cf56e25bec03807b.pdf,cf56e25bec03807bbde1be9433c2c35d4eb47e45ba90d4a04c7dc0fa509a64e0,"Complete source-container boundary inspection: Reviewed cached top-level source headings, sequential numbering and cover instructions; decimal and lettered subparts excluded. Only boundary inventory reviewed, physics remains pending.",full_paper_boundaries_verified,3
physical_paper,1867,paper_boundary_audit,izho,2012,,1867,originals/izho/2012/IZhO_2012_Q2__f773acd3d287e058.pdf,f773acd3d287e058d44b0869956fbad1ddd4d44ab532c1be06406756b4e865a1,Complete source-container boundary inspection: Cover explicitly states one experimental problem; geometry and electrode-distance investigations remain grouped. Boundary inventory only; scope decision remains pending.,full_paper_boundaries_verified,1
physical_paper,1869,paper_boundary_audit,izho,2011,,1869,originals/izho/2011/IZhO_2011_Q1__40aeea9651c28025.pdf,40aeea9651c28025282b0e57f3353f3fee1158dc00b42706806a7e8ae5970111,"Complete source-container boundary inspection: Reviewed cached top-level source headings, sequential numbering and cover instructions; decimal and lettered subparts excluded. Only boundary inventory reviewed, physics remains pending.",full_paper_boundaries_verified,3
physical_paper,1871,paper_boundary_audit,izho,2011,,1871,originals/izho/2011/IZhO_2011_Q2__8468c4034aebffcb.pdf,8468c4034aebffcbbcfb5c77fbe3b94b4e961fe82f476a9361e0a9ee498946cc,Complete source-container boundary inspection: Cover explicitly states one experimental problem; internal theoretical and measured stages remain grouped. Boundary inventory only; scope decision remains pending.,full_paper_boundaries_verified,1
physical_paper,1874,paper_boundary_audit,izho,2010,,1874,originals/izho/2010/IZhO_2010_Q2__4d48c5854d0f2180.pdf,4d48c5854d0f21804647394f00a33604540cfe552643c088aee0d6b9bcd287d9,Complete source-container boundary inspection: Cover explicitly states one experimental problem; different rod-diameter tests remain grouped. Boundary inventory only; scope decision remains pending.,full_paper_boundaries_verified,1
physical_paper,1875,paper_boundary_audit,izho,2010,,1875,originals/izho/2010/IZhO_2010_Q1__c3d309b54a876a0e.pdf,c3d309b54a876a0e71284afa01c5a180b3bb005e69781bcfaabe8f9dff9c8051,"Complete source-container boundary inspection: Reviewed cached top-level source headings, sequential numbering and cover instructions; decimal and lettered subparts excluded. Only boundary inventory reviewed, physics remains pending.",full_paper_boundaries_verified,3
physical_paper,1878,paper_boundary_audit,ispho,2026,,1878,originals/ispho/2026/ISPhO_2026_Q1__ed75f9982e499d18.pdf,ed75f9982e499d18a12e014ba246bc017039f31bd9564002acad9d4e00eb1726,"Every physical page boundary manually inspected; prior complete actual statement/render inspection reused. Single printed top-level problem; internal A-F Parts, simulator instructions, supplied references and appended solutions excluded from extra count. No omitted independent problem.",full_paper_boundaries_verified,1
physical_paper,1881,paper_boundary_audit,ispho,2026,,1881,originals/ispho/2026/ISPhO_2026_Q2__6d71c81dc423cb33.pdf,6d71c81dc423cb3376d7aaadce8eee45148975f3828f5cb438de2a8dc2f409a3,"Every physical page boundary manually inspected; prior complete actual statement/render inspection reused. Single printed top-level problem; internal A-F Parts, simulator instructions, supplied references and appended solutions excluded from extra count. No omitted independent problem.",full_paper_boundaries_verified,1
physical_paper,1885,paper_boundary_audit,ispho,2026,,1885,originals/ispho/2026/ISPhO_2026_Q3__4fe68c471383c581.pdf,4fe68c471383c581d4cefc3067a28fd844694da9a22d92ff17b2a0a95c98a393,"Every physical page boundary manually inspected; prior complete actual statement/render inspection reused. Single printed top-level problem; internal A-F Parts, simulator instructions, supplied references and appended solutions excluded from extra count. No omitted independent problem.",full_paper_boundaries_verified,1
physical_paper,1889,paper_boundary_audit,ispho,2026,,1889,originals/ispho/2026/ISPhO_2026_Q4__5318aa69346b5b12.pdf,5318aa69346b5b12b2ed6ab75f46a638028b95204fb29dc5c45409d4bbaabe32,"Every physical page boundary manually inspected; prior complete actual statement/render inspection reused. Single printed top-level problem; internal A-F Parts, simulator instructions, supplied references and appended solutions excluded from extra count. No omitted independent problem.",full_paper_boundaries_verified,1
physical_paper,1892,paper_boundary_audit,ispho,2025,,1892,originals/ispho/2025/ISPhO_2025_Q1__eb68ee1350d66499.pdf,eb68ee1350d66499d2ed4016f9b77a4889873f88cfd4308cba11fc4b019f3343,"Every physical page boundary manually inspected; prior complete actual statement/render inspection reused. Single printed top-level problem; internal A-F Parts, simulator instructions, supplied references and appended solutions excluded from extra count. No omitted independent problem.",full_paper_boundaries_verified,1
physical_paper,1893,paper_boundary_audit,ispho,2025,,1893,originals/ispho/2025/ISPhO_2025_Q2__5b8dd952e449a485.pdf,5b8dd952e449a485ac1e15611aec35a672f2cedac4c8b0216c0cf015ac1245ec,"Every physical page boundary manually inspected; prior complete actual statement/render inspection reused. Single printed top-level problem; internal A-F Parts, simulator instructions, supplied references and appended solutions excluded from extra count. No omitted independent problem.",full_paper_boundaries_verified,1
physical_paper,1894,paper_boundary_audit,ispho,2025,,1894,originals/ispho/2025/ISPhO_2025_Q3__227a855b7c28bf98.pdf,227a855b7c28bf98dd4ddd0ccb2d8ca5c7409ed3ec60161986831e3df87b3eed,"Every physical page boundary manually inspected; prior complete actual statement/render inspection reused. Single printed top-level problem; internal A-F Parts, simulator instructions, supplied references and appended solutions excluded from extra count. No omitted independent problem.",full_paper_boundaries_verified,1
physical_paper,1895,paper_boundary_audit,ispho,2025,,1895,originals/ispho/2025/ISPhO_2025_Q4__3952d1c0e2e47cd7.pdf,3952d1c0e2e47cd76f14b1ee1b2a0468d71c10cda6f1ae9c2f8b5d10b0c3a900,"Every physical page boundary manually inspected; prior complete actual statement/render inspection reused. Single printed top-level problem; internal A-F Parts, simulator instructions, supplied references and appended solutions excluded from extra count. No omitted independent problem.",full_paper_boundaries_verified,1
physical_paper,1897,paper_boundary_audit,ispho,2024,,1897,originals/ispho/2024/ISPhO_2024_Q1__6190c49c30dd9308.pdf,6190c49c30dd93081f787fb6a682d43398abb1701e69553f1f7470b2c7adca3f,"Every physical page boundary manually inspected; prior complete actual statement/render inspection reused. Single printed top-level problem; internal A-F Parts, simulator instructions, supplied references and appended solutions excluded from extra count. No omitted independent problem.",full_paper_boundaries_verified,1
physical_paper,1898,paper_boundary_audit,ispho,2024,,1898,originals/ispho/2024/ISPhO_2024_Q2__1e531da9242a12e0.pdf,1e531da9242a12e0f45da60c2ac815b3a0472fe6b948eaf92921e1e5b6ab8f97,"Every physical page boundary manually inspected; prior complete actual statement/render inspection reused. Single printed top-level problem; internal A-F Parts, simulator instructions, supplied references and appended solutions excluded from extra count. No omitted independent problem.",full_paper_boundaries_verified,1
physical_paper,1900,paper_boundary_audit,ispho,2024,,1900,originals/ispho/2024/ISPhO_2024_Q3__30a2340a80bedcd8.pdf,30a2340a80bedcd82dac108be49290bd2276ad87b4ce4e2434b7ada47a778dd7,"Every physical page boundary manually inspected; prior complete actual statement/render inspection reused. Single printed top-level problem; internal A-F Parts, simulator instructions, supplied references and appended solutions excluded from extra count. No omitted independent problem.",full_paper_boundaries_verified,1
physical_paper,1902,paper_boundary_audit,ispho,2024,,1902,originals/ispho/2024/ISPhO_2024_Q4__5155f026b730236b.pdf,5155f026b730236bfd1f990db73dd271ce425ddbdfd7c0393844afb1d10a0678,"Every physical page boundary manually inspected; prior complete actual statement/render inspection reused. Single printed top-level problem; internal A-F Parts, simulator instructions, supplied references and appended solutions excluded from extra count. No omitted independent problem.",full_paper_boundaries_verified,1
physical_paper,1903,paper_boundary_audit,ispho,2023,,1903,originals/ispho/2023/ISPhO_2023_Q1__a84d85f91649d5f5.pdf,a84d85f91649d5f541d0cfbeb8aa11b434df88ed37d657b076219d9f27c5233b,"Every physical page boundary manually inspected; prior complete actual statement/render inspection reused. Single printed top-level problem; internal A-F Parts, simulator instructions, supplied references and appended solutions excluded from extra count. No omitted independent problem.",full_paper_boundaries_verified,1
physical_paper,1906,paper_boundary_audit,ispho,2023,,1906,originals/ispho/2023/ISPhO_2023_Q2__dae43b3bb15a9470.pdf,dae43b3bb15a94704260a0c4b0a60011e949112eba1a1ae642887dd3bf2f5c2e,"Every physical page boundary manually inspected; prior complete actual statement/render inspection reused. Single printed top-level problem; internal A-F Parts, simulator instructions, supplied references and appended solutions excluded from extra count. No omitted independent problem.",full_paper_boundaries_verified,1
physical_paper,1908,paper_boundary_audit,ispho,2023,,1908,originals/ispho/2023/ISPhO_2023_Q3__f7fe407507fade9f.pdf,f7fe407507fade9fbf4f3af28c43220b2b7bbc7f51e5e8ce0e2ce09c319875ba,"Every physical page boundary manually inspected; prior complete actual statement/render inspection reused. Single printed top-level problem; internal A-F Parts, simulator instructions, supplied references and appended solutions excluded from extra count. No omitted independent problem.",full_paper_boundaries_verified,1
physical_paper,1909,paper_boundary_audit,usapho,2026,,1909,originals/usapho/2026/Fma_2026_Q1-25__e688f8db17f043bb.pdf,e688f8db17f043bb76481c0f21db1a399e564c177db22b0b87fcca7e07162fff,Entire MCQ paper inspected: precisely questions 1-25 and no separate experiments or hidden appended questions.,full_paper_boundaries_verified,25
physical_paper,1912,paper_boundary_audit,usapho,2026,,1912,originals/usapho/2026/USAPhO_2026_Q1-6__95c2f0d278aa206d.pdf,95c2f0d278aa206d7386d868dca2a5af4f4135c12bae23a3dce6a55812cad982,Complete source paper contains exactly A1-A3 and B1-B3. Blank graph/reference/instruction pages are context rather than extra units.,full_paper_boundaries_verified,6
physical_paper,1914,paper_boundary_audit,usapho,2025,,1914,originals/usapho/2025/Fma_2025_Q1-25__2d979b4735b845e3.pdf,2d979b4735b845e3bc387f1e365238ed8525393f17fe3841f1f9a5c976379693,"All cached physical pages manually audited, including cover/reference sheets, part-divider pages and answer sheets; reuse prior full actual statement inspections. 25 top-level printed problems already represented. No omitted independent statement; internal subparts retained.",full_paper_boundaries_verified,25
physical_paper,1916,paper_boundary_audit,usapho,2025,,1916,originals/usapho/2025/USAPhO_2025_Q1-6__2e8b438ad960749d.pdf,2e8b438ad960749de7a09f905dde0eddf638d5e5d75d32222d4c860152f5059b,"All cached physical pages manually audited, including cover/reference sheets, part-divider pages and answer sheets; reuse prior full actual statement inspections. 6 top-level printed problems already represented. No omitted independent statement; internal subparts retained.",full_paper_boundaries_verified,6
physical_paper,1918,paper_boundary_audit,usapho,2024,,1918,originals/usapho/2024/Fma_2024_Q1-25__81819eb4235db2c0.pdf,81819eb4235db2c0374c527753dc733a4c8b0b81b38526924ecf02bc096edc35,Entire MCQ paper inspected: precisely questions 1-25 and no separate experiments or hidden appended questions.,full_paper_boundaries_verified,25
physical_paper,1920,paper_boundary_audit,usapho,2024,,1920,originals/usapho/2024/USAPhO_2024_Q1-6__2a93ac274a4c74b9.pdf,2a93ac274a4c74b93711d98cc71ba522d9562a1730c6ce6040237d3a9777a4b1,Complete source paper contains exactly A1-A3 and B1-B3. Blank graph/reference/instruction pages are context rather than extra units.,full_paper_boundaries_verified,6
physical_paper,1921,paper_boundary_audit,usapho,2023,,1921,originals/usapho/2023/Fma_2023_Q1-25__aab7e2c3c60710aa.pdf,aab7e2c3c60710aa6e6e9aa88623920402f1b072f76c792aee3a4d3e650867a1,"Full nine-page MCQ paper inspected: precisely 25 printed questions; shared introductions preserved, not additional or merged units.",full_paper_boundaries_verified,25
physical_paper,1923,paper_boundary_audit,usapho,2023,,1923,originals/usapho/2023/USAPhO_2023_Q1-6__e5f6e4f215fb1752.pdf,e5f6e4f215fb17529dbb3adbaa051ec83728451adbe3db60738e21e2152441bd,Complete source paper contains exactly A1-A3 and B1-B3. Blank graph/reference/instruction pages are context rather than extra units.,full_paper_boundaries_verified,6
physical_paper,1926,paper_boundary_audit,usapho,2022,,1926,originals/usapho/2022/Fma_2022_Q1-25__1da9dc454485d710.pdf,1da9dc454485d71068d2aea105efe56de8935861176b31b364a819e0b2b97685,"Full nine-page MCQ paper inspected: precisely 25 printed questions; shared introductions preserved, not additional or merged units.",full_paper_boundaries_verified,25
physical_paper,1927,paper_boundary_audit,usapho,2022,,1927,originals/usapho/2022/Fma_2022_Q26-50__e5629999dcd15b41.pdf,e5629999dcd15b4118cd7aad68402a03641e82beb2b94f52a9ec8ea4efc561b4,"Full nine-page MCQ paper inspected: precisely 25 printed questions; shared introductions preserved, not additional or merged units.",full_paper_boundaries_verified,25
physical_paper,1930,paper_boundary_audit,usapho,2022,,1930,originals/usapho/2022/USAPhO_2022_Q1-6__e25f434231d97da6.pdf,e25f434231d97da62f54d44331d483febc66bed45f6cdf537cc384a22e96715a,"All cached physical pages manually audited, including cover/reference sheets, part-divider pages and answer sheets; reuse prior full actual statement inspections. 6 top-level printed problems already represented. No omitted independent statement; internal subparts retained.",full_paper_boundaries_verified,6
physical_paper,1931,paper_boundary_audit,usapho,2022,,1931,originals/usapho/2022/USAPhO_2022_Q1-3__710cea32f2ecf0cc.pdf,710cea32f2ecf0cc6a68b6354a030a89cf029080a290c3e303bc56e8da3ac402,"Complete printed paper inspected. USAPhO/USA TST provenance aliases refer to identical physical questions; count printed questions once, retain all source rows.",full_paper_boundaries_verified,3
physical_paper,1934,paper_boundary_audit,usapho,2022,,1934,originals/usapho/2022/USAPhO_2022_Q4__730b29070b01dfdf.pdf,730b29070b01dfdf4ceb17fb1e6163704ed84af1da773d041e77ab3cfd2ce6f7,"Complete printed paper inspected. USAPhO/USA TST provenance aliases refer to identical physical questions; count printed questions once, retain all source rows.",full_paper_boundaries_verified,1
physical_paper,1936,paper_boundary_audit,usapho,2021,,1936,originals/usapho/2021/USAPhO_2021_Q1-6__83b753eb4e419328.pdf,83b753eb4e419328a93233a2c30198cb9d33fa1e776c6782cfb814fc5435481a,"All cached physical pages manually audited, including cover/reference sheets, part-divider pages and answer sheets; reuse prior full actual statement inspections. 6 top-level printed problems already represented. No omitted independent statement; internal subparts retained.",full_paper_boundaries_verified,6
physical_paper,1937,paper_boundary_audit,usapho,2021,,1937,originals/usapho/2021/Fma_2021_Q1-25__066bb58b2b32314e.pdf,066bb58b2b32314ed196459cafac3994648a2cf3eccd4ad986b33310ce6f6162,"Complete paper and all actual figures read: exactly 25 independent printed MCQs, with shared introductions preserved in locations.",full_paper_boundaries_verified,25
physical_paper,1939,paper_boundary_audit,usapho,2021,,1939,originals/usapho/2021/USAPhO_2021_Q1-3__b7e54b370a945bda.pdf,b7e54b370a945bdabe74f426d6ffe28ab7ebb98e8717ce69de744c6ae453db89,"All cached physical pages manually audited, including cover/reference sheets, part-divider pages and answer sheets; reuse prior full actual statement inspections. 3 top-level printed problems already represented. Three known USA/TST alias pairs count once per printed Question1-3; provenance retained. No omitted independent statement; internal subparts retained.",full_paper_boundaries_verified,3
physical_paper,1943,paper_boundary_audit,usapho,2020,,1943,originals/usapho/2020/Fma_2020_Q26-50__1f8a5f37e72fb42d.pdf,1f8a5f37e72fb42d58af078492820e2748ad21cdd68025a7f9c3267dead589c9,"Complete paper and all actual figures read: exactly 25 independent printed MCQs, with shared introductions preserved in locations.",full_paper_boundaries_verified,25
physical_paper,1944,paper_boundary_audit,usapho,2020,,1944,originals/usapho/2020/Fma_2020_Q1-25__45369c4a721e75b3.pdf,45369c4a721e75b3a76e8d6237d1906c743d28ef270b207242963edacb7438c6,"Complete paper and all actual figures read: exactly 25 independent printed MCQs, with shared introductions preserved in locations.",full_paper_boundaries_verified,25
physical_paper,1946,paper_boundary_audit,usapho,2020,,1946,originals/usapho/2020/USAPhO_2020_Q1-6__bdee52d5efa3f5ba.pdf,bdee52d5efa3f5baa3d05ec083537e32df4d4120cc84e917960d89a03c1f26a6,"All cached physical pages manually audited, including cover/reference sheets, part-divider pages and answer sheets; reuse prior full actual statement inspections. 6 top-level printed problems already represented. No omitted independent statement; internal subparts retained.",full_paper_boundaries_verified,6
physical_paper,1948,paper_boundary_audit,usapho,2019,,1948,originals/usapho/2019/Fma_2019_Q1-25__7d8ced296e35a988.pdf,7d8ced296e35a9882bc8761247efdc7ea8b335f2c61b379db0e95c87d5cee60b,All printed questions 1-25 and actual graph/apparatus pages inspected. B-paper acquisition 26-50 maps to printed 1-25 in screening only.,full_paper_boundaries_verified,25
physical_paper,1949,paper_boundary_audit,usapho,2019,,1949,originals/usapho/2019/Fma_2019_Q26-50__2d13ef513df6d31a.pdf,2d13ef513df6d31a3776b710273dc6f81d35355c81d422e9079572f7aedd859a,All printed questions 1-25 and actual graph/apparatus pages inspected. B-paper acquisition 26-50 maps to printed 1-25 in screening only.,full_paper_boundaries_verified,25
physical_paper,1952,paper_boundary_audit,usapho,2019,,1952,originals/usapho/2019/USAPhO_2019_Q1-6__29847c38daa6fac5.pdf,29847c38daa6fac5353a789304ea943df0b71e091ef425cb1cee7065e8d34e98,"All cached physical pages manually audited, including cover/reference sheets, part-divider pages and answer sheets; reuse prior full actual statement inspections. 6 top-level printed problems already represented. No omitted independent statement; internal subparts retained.",full_paper_boundaries_verified,6
physical_paper,1955,paper_boundary_audit,usapho,2018,,1955,originals/usapho/2018/Fma_2018_Q1-25__933b322924183972.pdf,933b3229241839726f79525d4f37d5964ddead1734b878252645ce864dcbb808,Entire actual paper and all graph choices read; exactly 25 printed questions and no omitted experiment or extra task.,full_paper_boundaries_verified,25
physical_paper,1957,paper_boundary_audit,usapho,2018,,1957,originals/usapho/2018/Fma_2018_Q26-50__392f854090a51340.pdf,392f854090a513404b38c7592d93ad7d36665217b6f755bfb2b751c957b0e580,Entire actual paper and all graph choices read; exactly 25 printed questions and no omitted experiment or extra task.,full_paper_boundaries_verified,25
physical_paper,1958,paper_boundary_audit,usapho,2018,,1958,originals/usapho/2018/USAPhO_2018_Q1-6__7d530a96fc4dc086.pdf,7d530a96fc4dc086a8b7b2d3665fc8cbdf9f722eaea0d3bd0b6d3a14fa9652c4,"All cached physical pages manually audited, including cover/reference sheets, part-divider pages and answer sheets; reuse prior full actual statement inspections. 6 top-level printed problems already represented. No omitted independent statement; internal subparts retained.",full_paper_boundaries_verified,6
physical_paper,1960,paper_boundary_audit,usapho,2017,,1960,originals/usapho/2017/Fma_2017_Q1-25__600b795b7d431052.pdf,600b795b7d4310524b19c30b72ea605f2cea759902df4653a02dfaffe0cb7727,All pages inspected; exactly 25 separate printed MCQs.,full_paper_boundaries_verified,25
physical_paper,1961,paper_boundary_audit,usapho,2017,,1961,originals/usapho/2017/USAPhO_2017_Q1-6__b94936ed2d01c1d7.pdf,b94936ed2d01c1d7dadb5a31692507c4c18ae3b2b4aac9c84a9f6e9ad6acfda5,"All cached physical pages manually audited, including cover/reference sheets, part-divider pages and answer sheets; reuse prior full actual statement inspections. 6 top-level printed problems already represented. No omitted independent statement; internal subparts retained.",full_paper_boundaries_verified,6
physical_paper,1964,paper_boundary_audit,usapho,2016,,1964,originals/usapho/2016/Fma_2016_Q1-25__b0e816275baec8b1.pdf,b0e816275baec8b1436c4dc01d31772bac4ca5180473dfb436a7c3f69cfdd2dd,All pages inspected; exactly 25 separate printed MCQs.,full_paper_boundaries_verified,25
physical_paper,1965,paper_boundary_audit,usapho,2016,,1965,originals/usapho/2016/USAPhO_2016_Q1-6__dce0f7bd8adf20e7.pdf,dce0f7bd8adf20e7f413083de1f920b1f73817fb42420aab957b46f01ecd7b61,"All cached physical pages manually audited, including cover/reference sheets, part-divider pages and answer sheets; reuse prior full actual statement inspections. 6 top-level printed problems already represented. No omitted independent statement; internal subparts retained.",full_paper_boundaries_verified,6
physical_paper,1968,paper_boundary_audit,usapho,2015,,1968,originals/usapho/2015/Fma_2015_Q1-25__f36e110605cc42e8.pdf,f36e110605cc42e88beda37b3dc4fbd5893094071118beba7c54cbdf5e892836,Complete printed statement/options and all figures inspected; 25 independent MCQs.,full_paper_boundaries_verified,25
physical_paper,1970,paper_boundary_audit,usapho,2015,,1970,originals/usapho/2015/USAPhO_2015_Q1-6__3782fb4b0bf6ec1d.pdf,3782fb4b0bf6ec1d2bd32c0017dcba4ffa8a76c39eea4d2bfecac4d80cee095f,"All cached physical pages manually audited, including cover/reference sheets, part-divider pages and answer sheets; reuse prior full actual statement inspections. 6 top-level printed problems already represented. No omitted independent statement; internal subparts retained.",full_paper_boundaries_verified,6
physical_paper,1972,paper_boundary_audit,usapho,2014,,1972,originals/usapho/2014/Fma_2014_Q1-25__1d99a1c1d7a628de.pdf,1d99a1c1d7a628de31c4e2064e17cd87cc7acedc72a7a5296211fbda070b300d,Complete printed statement/options and all figures inspected; 25 independent MCQs.,full_paper_boundaries_verified,25
physical_paper,1974,paper_boundary_audit,usapho,2014,,1974,originals/usapho/2014/USAPhO_2014_Q1-6__946c8cbf3c801e95.pdf,946c8cbf3c801e95391d646bae2999b2f470558b96565a64b615a12380e2316c,"All cached physical pages manually audited, including cover/reference sheets, part-divider pages and answer sheets; reuse prior full actual statement inspections. 6 top-level printed problems already represented. No omitted independent statement; internal subparts retained.",full_paper_boundaries_verified,6
physical_paper,1976,paper_boundary_audit,usapho,2013,,1976,originals/usapho/2013/Fma_2013_Q1-25__ccd8991e7e388a9b.pdf,ccd8991e7e388a9b1cb3f9bb1510e8a4626a86fd3b751db1d7decac317f46eaa,Complete actual paper has 25 printed MCQs; all figures and graph choices inspected.,full_paper_boundaries_verified,25
physical_paper,1978,paper_boundary_audit,usapho,2013,,1978,originals/usapho/2013/USAPhO_2013_Q1-6__0af5cbdc6ce22866.pdf,0af5cbdc6ce2286625a98823b15335c20e2830f0f19f7e6068b6cbddc8ff6967,"All cached physical pages manually audited, including cover/reference sheets, part-divider pages and answer sheets; reuse prior full actual statement inspections. 6 top-level printed problems already represented. No omitted independent statement; internal subparts retained.",full_paper_boundaries_verified,6
physical_paper,1979,paper_boundary_audit,usapho,2012,,1979,originals/usapho/2012/Fma_2012_Q1-25__8d9ab150b77f6111.pdf,8d9ab150b77f61111057d758c13613259026e94376265867a6cc1f6498425407,Complete actual paper has 25 printed MCQs; all figures and graph choices inspected.,full_paper_boundaries_verified,25
physical_paper,1982,paper_boundary_audit,usapho,2012,,1982,originals/usapho/2012/USAPhO_2012_Q1-6__973ceea7a2be398f.pdf,973ceea7a2be398f38656f56622fafc89560841345054ff950190dd34e62c60d,"All cached physical pages manually audited, including cover/reference sheets, part-divider pages and answer sheets; reuse prior full actual statement inspections. 6 top-level printed problems already represented. No omitted independent statement; internal subparts retained.",full_paper_boundaries_verified,6
physical_paper,1985,paper_boundary_audit,usapho,2011,,1985,originals/usapho/2011/USAPhO_2011_Q1-6__4f266f58b471591e.pdf,4f266f58b471591e15017d1c57f2023c32947f629f60b3aa43bc605c1a6f3a65,"All cached physical pages manually audited, including cover/reference sheets, part-divider pages and answer sheets; reuse prior full actual statement inspections. 6 top-level printed problems already represented. No omitted independent statement; internal subparts retained.",full_paper_boundaries_verified,6
physical_paper,1986,paper_boundary_audit,usapho,2011,,1986,originals/usapho/2011/Fma_2011_Q1-25__7a37795ce3d86deb.pdf,7a37795ce3d86deb833629aefa0eb1e683f6efc6f2e81383ff85b86e7765296f,Complete physical exam read with every graph and diagram; exactly 25 printed MCQs.,full_paper_boundaries_verified,25
physical_paper,1987,paper_boundary_audit,usapho,2010,,1987,originals/usapho/2010/Fma_2010_Q1-25__52998543393dc1b9.pdf,52998543393dc1b98b2bee397fd3ed44f0a4b30febd6a177f078444d3e9b2e1d,Complete physical exam read with every graph and diagram; exactly 25 printed MCQs.,full_paper_boundaries_verified,25
physical_paper,1989,paper_boundary_audit,usapho,2010,,1989,originals/usapho/2010/USAPhO_2010_Q1-6__aa5531b1ce2a30e8.pdf,aa5531b1ce2a30e87be1bf0e5cf4b4961adb6a8e7579fc4d108badc1c2061be1,"All cached physical pages manually audited, including cover/reference sheets, part-divider pages and answer sheets; reuse prior full actual statement inspections. 6 top-level printed problems already represented. No omitted independent statement; internal subparts retained.",full_paper_boundaries_verified,6
physical_paper,1992,paper_boundary_audit,usapho,2009,,1992,originals/usapho/2009/USAPhO_2009_Q1-4__144c31e61b7e5829.pdf,144c31e61b7e5829811ff39ac0edfe7bb11b996e3836cafabd25ba2e2b03dcb1,"All cached physical pages manually audited, including cover/reference sheets, part-divider pages and answer sheets; reuse prior full actual statement inspections. 4 top-level printed problems already represented. No omitted independent statement; internal subparts retained.",full_paper_boundaries_verified,4
physical_paper,1993,paper_boundary_audit,usapho,2009,,1993,originals/usapho/2009/Fma_2009_Q1-25__030e4e24363784fc.pdf,030e4e24363784fc12a4308556800a7ff5e530ca194617548ab4262976a81d87,Complete physical exam read with every graph and diagram; exactly 25 printed MCQs.,full_paper_boundaries_verified,25
physical_paper,1996,paper_boundary_audit,usapho,2009,,1996,originals/usapho/2009/USAPhO_2009_Q1-6__21046cb68f2d7bba.pdf,21046cb68f2d7bba5751772b947151b8d7a339c33dcacc5a5092ae54c2a689a3,"All cached physical pages manually audited, including cover/reference sheets, part-divider pages and answer sheets; reuse prior full actual statement inspections. 6 top-level printed problems already represented. No omitted independent statement; internal subparts retained.",full_paper_boundaries_verified,6
physical_paper,1998,paper_boundary_audit,usapho,2008,,1998,originals/usapho/2008/Fma_2008_Q1-25__2d54f313004ad54b.pdf,2d54f313004ad54b50c8a968b1ca58d96fe39e1911468a5a5b11d5f13416b2ae,"Complete source: 25 MCQs in 2008; 38 separately numbered questions in 2007, last 13 written-plus-optical-answer mixed items. The embedded answer key is not an additional unit.",full_paper_boundaries_verified,25
physical_paper,1999,paper_boundary_audit,usapho,2008,,1999,originals/usapho/2008/USAPhO_2008_Q1-4__cdb4a17b85a76a15.pdf,cdb4a17b85a76a1514402939c84e39eae450acb58b1cc28454b98d2faf9cb55b,"All cached physical pages manually audited, including cover/reference sheets, part-divider pages and answer sheets; reuse prior full actual statement inspections. 4 top-level printed problems already represented. No omitted independent statement; internal subparts retained.",full_paper_boundaries_verified,4
physical_paper,2001,paper_boundary_audit,usapho,2008,,2001,originals/usapho/2008/USAPhO_2008_Q1-6__0929dee7222e54b0.pdf,0929dee7222e54b006f5d8de181603fe19495150367ae2d798ca48687a704b77,Complete eleven-page paper inspected: six numbered semifinal problems and independent OSA Part C Bonus Question on p11; scratch/instruction pages add no problems.,full_paper_boundaries_verified,7
physical_paper,2003,paper_boundary_audit,usapho,2007,,2003,originals/usapho/2007/Fma_2007_Q1-38__1f17b42c83d1782d.pdf,1f17b42c83d1782d460e2da573a70f7aec70b63d4d38ba9dce5cd835fe89094c,"Complete source: 25 MCQs in 2008; 38 separately numbered questions in 2007, last 13 written-plus-optical-answer mixed items. The embedded answer key is not an additional unit.",full_paper_boundaries_verified,38
physical_paper,2005,paper_boundary_audit,usapho,2007,,2005,originals/usapho/2007/USAPhO_2007_Q1-6__05c999522ee6f2b9.pdf,05c999522ee6f2b969074119bd38e085ea1f791620ebec93be39f02aefc6e118,"All cached physical pages manually audited, including cover/reference sheets, part-divider pages and answer sheets; reuse prior full actual statement inspections. 6 top-level printed problems already represented. No omitted independent statement; internal subparts retained.",full_paper_boundaries_verified,6
physical_paper,2009,paper_boundary_audit,cpho-f,2025,,2009,originals/cpho-f/2025/CPhO_2025_Q1__ba754bcf7b4e3b00.pdf,ba754bcf7b4e3b00ba0b5d9a6c3e242f9845a6be8ce905a5c0dfb8ee27d8cd6a,"Complete source-container boundary inspection: Reviewed cached top-level source headings, sequential numbering and cover instructions; decimal and lettered subparts excluded. Only boundary inventory reviewed, physics remains pending.",full_paper_boundaries_verified,7
physical_paper,2011,paper_boundary_audit,cpho-f,2024,,2011,originals/cpho-f/2024/CPhO_2024_Q1__bcc819879ecc8d79.pdf,bcc819879ecc8d79fc6b9b4018865ca2b7b8aae36d4215042143a4d0a1b801e0,"Complete source-container boundary inspection: Reviewed cached top-level source headings, sequential numbering and cover instructions; decimal and lettered subparts excluded. Only boundary inventory reviewed, physics remains pending.",full_paper_boundaries_verified,6
physical_paper,2012,paper_boundary_audit,cpho-f,2023,,2012,originals/cpho-f/2023/CPhO_2023_Q1__4714bc2fc8c7255c.pdf,4714bc2fc8c7255c02be60c9833e0ef89e0a51ac9a11c334df3d45959861e5f9,"Complete source-container boundary inspection: Reviewed cached top-level source headings, sequential numbering and cover instructions; decimal and lettered subparts excluded. Only boundary inventory reviewed, physics remains pending.",full_paper_boundaries_verified,7
physical_paper,2014,paper_boundary_audit,cpho-f,2022,,2014,originals/cpho-f/2022/CPhO_2022_Q1__da656d25ae2d3a47.pdf,da656d25ae2d3a47bd99713802e95c515a8fd6838bfbbf75e4e250069d63b3f8,"Complete source-container boundary inspection: Reviewed cached top-level source headings, sequential numbering and cover instructions; decimal and lettered subparts excluded. Only boundary inventory reviewed, physics remains pending.",full_paper_boundaries_verified,6
physical_paper,2016,paper_boundary_audit,cpho-f,2021,,2016,originals/cpho-f/2021/CPhO_2021_Q1__c24bb19b96742980.pdf,c24bb19b967429802bcbd298762f9d8d1516acb2f769dd13efeabde859998541,"Complete source-container boundary inspection: Reviewed cached top-level source headings, sequential numbering and cover instructions; decimal and lettered subparts excluded. Only boundary inventory reviewed, physics remains pending.",full_paper_boundaries_verified,5
physical_paper,2018,paper_boundary_audit,cpho-f,2020,,2018,originals/cpho-f/2020/CPhO_2020_Q1__5759ef1bcc4d0cdb.pdf,5759ef1bcc4d0cdb0d71c2f93a6695249fa64b969483cb560c3be8ad37c277f0,"Complete source-container boundary inspection: Reviewed cached top-level source headings, sequential numbering and cover instructions; decimal and lettered subparts excluded. Only boundary inventory reviewed, physics remains pending.",full_paper_boundaries_verified,7
physical_paper,2020,paper_boundary_audit,cpho-f,2019,,2020,originals/cpho-f/2019/CPhO_2019_Q1__e93b019d5bc48cd8.pdf,e93b019d5bc48cd890c82696ff766ec02a6311b46854fb9c87724e82a5c34255,"Complete source-container boundary inspection: Reviewed cached top-level source headings, sequential numbering and cover instructions; decimal and lettered subparts excluded. Only boundary inventory reviewed, physics remains pending.",full_paper_boundaries_verified,6
physical_paper,2022,paper_boundary_audit,cpho-f,2018,,2022,originals/cpho-f/2018/CPhO_2018_Q1__60125a86bd46c516.pdf,60125a86bd46c51641172b8518c97f1ffee213128cdfe30f0fd42009ee861336,"Complete source-container boundary inspection: Reviewed cached top-level source headings, sequential numbering and cover instructions; decimal and lettered subparts excluded. Only boundary inventory reviewed, physics remains pending.",full_paper_boundaries_verified,8
physical_paper,2024,paper_boundary_audit,cpho-f,2017,,2024,originals/cpho-f/2017/CPhO_2017_Q1__1e342d299c08c707.pdf,1e342d299c08c707cc54571a28d9e2f12087c88044f82c891f45334b95e41abd,"Complete source-container boundary inspection: Reviewed cached top-level source headings, sequential numbering and cover instructions; decimal and lettered subparts excluded. Only boundary inventory reviewed, physics remains pending.",full_paper_boundaries_verified,8
physical_paper,2026,paper_boundary_audit,cpho-f,2016,,2026,originals/cpho-f/2016/CPhO_2016_Q1__f64f49cb44a48be8.pdf,f64f49cb44a48be83bd1e756aef2a49aee6420ab8c491ea75175a950fb0e9baf,"Complete source-container boundary inspection: Reviewed cached top-level source headings, sequential numbering and cover instructions; decimal and lettered subparts excluded. Only boundary inventory reviewed, physics remains pending.",full_paper_boundaries_verified,8
physical_paper,2028,paper_boundary_audit,cpho-f,2015,,2028,originals/cpho-f/2015/CPhO_2015_Q1__59b01e7f1bf3e94a.pdf,59b01e7f1bf3e94a146234bae462a6be4e48169bfd521677c89eae4023e5db52,"Complete source-container boundary inspection: Reviewed cached top-level source headings, sequential numbering and cover instructions; decimal and lettered subparts excluded. Only boundary inventory reviewed, physics remains pending.",full_paper_boundaries_verified,8
physical_paper,2029,paper_boundary_audit,cpho-f,2014,,2029,originals/cpho-f/2014/CPhO_2014_Q1__7502a69152fd7623.pdf,7502a69152fd76236b0d0a21a3d5b3811dec50bc0714592cfe21a6b67cacf74b,"Complete source-container boundary inspection: Reviewed cached top-level source headings, sequential numbering and cover instructions; decimal and lettered subparts excluded. Only boundary inventory reviewed, physics remains pending.",full_paper_boundaries_verified,8
physical_paper,2032,paper_boundary_audit,cpho-f,2013,,2032,originals/cpho-f/2013/CPhO_2013_Q1__c84bf68c392fcb6d.pdf,c84bf68c392fcb6d58ea275f64853223aafd46c974dd5f2c7cb1217f8373c4c1,"Complete source-container boundary inspection: Reviewed cached top-level source headings, sequential numbering and cover instructions; decimal and lettered subparts excluded. Only boundary inventory reviewed, physics remains pending.",full_paper_boundaries_verified,8
physical_paper,2034,paper_boundary_audit,cpho-f,2012,,2034,originals/cpho-f/2012/CPhO_2012_Q1__594456a968761128.pdf,594456a9687611282bbcd914affc2477a20ffa1a92379dadcfb531c8e4f5b5be,Complete source-container boundary inspection: Source cover counts and printed first-level question labels verified visually. Repeated bold versions of a Chinese question and reference solutions are not additional units.,full_paper_boundaries_verified,8
physical_paper,2035,paper_boundary_audit,cpho-f,2011,,2035,originals/cpho-f/2011/CPhO_2011_Q1__834cf89c87442874.pdf,834cf89c87442874b76a8aba714d814440b413fe1b3cde98ff773ce1ce72ff48,"Complete source-container boundary inspection: Reviewed first-level source question headings across the statement section. Subsequent reference-solution headings are not new units. The source grand fill-in problem retains its internal numbered parts, consistently with British general-question bundles. This is a boundary inventory, not a physics decision.",full_paper_boundaries_verified,8
physical_paper,2037,paper_boundary_audit,cpho-f,2010,,2037,originals/cpho-f/2010/CPhO_2010_Q1__345dfd46708d6ce1.pdf,345dfd46708d6ce195d60dd82c31f1511f61940db92075a0d28c832c3fb2d335,"Complete source-container boundary inspection: Reviewed first-level source question headings across the statement section. Subsequent reference-solution headings are not new units. The source grand fill-in problem retains its internal numbered parts, consistently with British general-question bundles. This is a boundary inventory, not a physics decision.",full_paper_boundaries_verified,8
physical_paper,2038,paper_boundary_audit,cpho-f,2009,,2038,originals/cpho-f/2009/CPhO_2009_Q1__344d96439e695649.pdf,344d96439e6956495b50cbf8d94af7023c9e7970cdda7a1222ab47a42468dddf,"Complete source-container boundary inspection: Reviewed first-level source question headings across the statement section. Subsequent reference-solution headings are not new units. The source grand fill-in problem retains its internal numbered parts, consistently with British general-question bundles. This is a boundary inventory, not a physics decision.",full_paper_boundaries_verified,7
physical_paper,2039,paper_boundary_audit,cpho-f,2008,,2039,originals/cpho-f/2008/CPhO_2008_Q1__4e076fb9234683d0.pdf,4e076fb9234683d028792190bcec56f12de72890da6c0e44ddf0e9146013459d,"Complete source-container boundary inspection: Reviewed first-level source question headings across the statement section. Subsequent reference-solution headings are not new units. The source grand fill-in problem retains its internal numbered parts, consistently with British general-question bundles. This is a boundary inventory, not a physics decision.",full_paper_boundaries_verified,7
physical_paper,2040,paper_boundary_audit,cpho-f,2006,,2040,originals/cpho-f/2006/CPhO_2006_Q1__4ca77258299918a4.pdf,4ca77258299918a44f26320027466b81cc70c97e7e467ee190282be0f4516042,"Complete source-container boundary inspection: Reviewed first-level source question headings across the statement section. Subsequent reference-solution headings are not new units. The source grand fill-in problem retains its internal numbered parts, consistently with British general-question bundles. This is a boundary inventory, not a physics decision.",full_paper_boundaries_verified,6
physical_paper,2041,paper_boundary_audit,cpho-f,2007,,2041,originals/cpho-f/2007/CPhO_2007_Q1__2e30b56ab9274363.pdf,2e30b56ab9274363686cbf5bc1ef7532dcf579e0703de2c01098b003ab70cdd9,"Complete source-container boundary inspection: Reviewed first-level source question headings across the statement section. Subsequent reference-solution headings are not new units. The source grand fill-in problem retains its internal numbered parts, consistently with British general-question bundles. This is a boundary inventory, not a physics decision.",full_paper_boundaries_verified,7
physical_paper,2042,paper_boundary_audit,cpho-f,2005,,2042,originals/cpho-f/2005/CPhO_2005_Q1__0480b7bd2f896a53.pdf,0480b7bd2f896a53c6f83d18a2b68d08baaeb11f5c7809965ea8c674f3664690,"Complete source-container boundary inspection: Reviewed first-level source question headings across the statement section. Subsequent reference-solution headings are not new units. The source grand fill-in problem retains its internal numbered parts, consistently with British general-question bundles. This is a boundary inventory, not a physics decision.",full_paper_boundaries_verified,7
physical_paper,2043,paper_boundary_audit,cpho-f,2004,,2043,originals/cpho-f/2004/CPhO_2004_Q1__88ce9d79f80b87be.pdf,88ce9d79f80b87bef5b73afef7dfe392905e2ee01c7fed4cdc9b50f5ad0ec359,Complete source-container boundary inspection: Source cover counts and printed first-level question labels verified visually. Repeated bold versions of a Chinese question and reference solutions are not additional units.,full_paper_boundaries_verified,6
physical_paper,2044,paper_boundary_audit,cpho-f,2003,,2044,originals/cpho-f/2003/CPhO_2003_Q1__52f8a891d6129bec.pdf,52f8a891d6129becf4d21ccb60f46997cedf9aa50123ffd147294cedcb121b63,Complete source-container boundary inspection: Source cover counts and printed first-level question labels verified visually. Repeated bold versions of a Chinese question and reference solutions are not additional units.,full_paper_boundaries_verified,6
physical_paper,2045,paper_boundary_audit,panpho,2026,,2045,originals/panpho/2026/PanPhO_2026_Q1-4__3db1dd590ac8c687.pdf,3db1dd590ac8c68779cbd8d7355297fb125fa9d252882310c3557a9ea2668c04,"Every cached physical page boundary manually inspected, with English/Chinese printed heading sequence checked against registration and prior complete actual statement reading reused. 4 independent printed top-level problems; bilingual repeated text, reset numbering between papers, answer sheets and internal short-question subparts do not create additional units. No omitted statement.",full_paper_boundaries_verified,4
physical_paper,2058,paper_boundary_audit,panpho,2026,,2058,originals/panpho/2026/PanPhO_2026_Q5-6__de2d96213e43b58b.pdf,de2d96213e43b58bc0df9cf4edb4209b947bb71b927061acf049860830ad231c,"Every cached physical page boundary manually inspected, with English/Chinese printed heading sequence checked against registration and prior complete actual statement reading reused. 2 independent printed top-level problems; bilingual repeated text, reset numbering between papers, answer sheets and internal short-question subparts do not create additional units. No omitted statement.",full_paper_boundaries_verified,2
physical_paper,2059,paper_boundary_audit,panpho,2025,,2059,originals/panpho/2025/PanPhO_2025_Q1-4__6ab196d1442622e0.pdf,6ab196d1442622e0cab1ee237e10f6d8337f6c07e13458a73fdec008445eb9eb,"Every cached physical page boundary manually inspected, with English/Chinese printed heading sequence checked against registration and prior complete actual statement reading reused. 4 independent printed top-level problems; bilingual repeated text, reset numbering between papers, answer sheets and internal short-question subparts do not create additional units. No omitted statement.",full_paper_boundaries_verified,4
physical_paper,2062,paper_boundary_audit,panpho,2025,,2062,originals/panpho/2025/PanPhO_2025_Q5-6__a92fcc67e5945525.pdf,a92fcc67e5945525454184ab40e921d89c080ef58cf4d852fe2206bf9046c749,"Every cached physical page boundary manually inspected, with English/Chinese printed heading sequence checked against registration and prior complete actual statement reading reused. 2 independent printed top-level problems; bilingual repeated text, reset numbering between papers, answer sheets and internal short-question subparts do not create additional units. No omitted statement.",full_paper_boundaries_verified,2
physical_paper,2064,paper_boundary_audit,panpho,2024,,2064,originals/panpho/2024/PanPhO_2024_Q1-4__c33a0092c6c16947.pdf,c33a0092c6c1694755c6345054666df5c990a82552b3da8c1b99cfec73e7d039,"Every cached physical page boundary manually inspected, with English/Chinese printed heading sequence checked against registration and prior complete actual statement reading reused. 4 independent printed top-level problems; bilingual repeated text, reset numbering between papers, answer sheets and internal short-question subparts do not create additional units. No omitted statement.",full_paper_boundaries_verified,4
physical_paper,2066,paper_boundary_audit,panpho,2024,,2066,originals/panpho/2024/PanPhO_2024_Q5-6__35f744c70ed8334c.pdf,35f744c70ed8334cf69a53fa2a11c79be50ed91452d630f5aa72b87f706c19b0,"Every cached physical page boundary manually inspected, with English/Chinese printed heading sequence checked against registration and prior complete actual statement reading reused. 2 independent printed top-level problems; bilingual repeated text, reset numbering between papers, answer sheets and internal short-question subparts do not create additional units. No omitted statement.",full_paper_boundaries_verified,2
physical_paper,2068,paper_boundary_audit,panpho,2023,,2068,originals/panpho/2023/PanPhO_2023_Q1-4__5cf0ee2974b68bab.pdf,5cf0ee2974b68bab9c4a6be34cc11a57419c56de782080a7cd48f68a2f26f488,"Every cached physical page boundary manually inspected, with English/Chinese printed heading sequence checked against registration and prior complete actual statement reading reused. 4 independent printed top-level problems; bilingual repeated text, reset numbering between papers, answer sheets and internal short-question subparts do not create additional units. No omitted statement.",full_paper_boundaries_verified,4
physical_paper,2070,paper_boundary_audit,panpho,2023,,2070,originals/panpho/2023/PanPhO_2023_Q5-6__e341e2c37a135158.pdf,e341e2c37a1351581fbc3f8a7fb946c007700c95e111336573e4aa5d62f749d3,"Every cached physical page boundary manually inspected, with English/Chinese printed heading sequence checked against registration and prior complete actual statement reading reused. 2 independent printed top-level problems; bilingual repeated text, reset numbering between papers, answer sheets and internal short-question subparts do not create additional units. No omitted statement.",full_paper_boundaries_verified,2
physical_paper,2072,paper_boundary_audit,panpho,2022,,2072,originals/panpho/2022/PanPhO_2022_Q1-4__1a1c6470420bb3fa.pdf,1a1c6470420bb3fab7a42104094ef359573857384e4e8930d4d94b96b3ac49f1,"Every cached physical page boundary manually inspected, with English/Chinese printed heading sequence checked against registration and prior complete actual statement reading reused. 4 independent printed top-level problems; bilingual repeated text, reset numbering between papers, answer sheets and internal short-question subparts do not create additional units. No omitted statement.",full_paper_boundaries_verified,4
physical_paper,2074,paper_boundary_audit,panpho,2022,,2074,originals/panpho/2022/PanPhO_2022_Q5-6__e57b520891c7010f.pdf,e57b520891c7010f39cf3c81e4d376a3985a69e1825d220b16590233ddd04bef,"Every cached physical page boundary manually inspected, with English/Chinese printed heading sequence checked against registration and prior complete actual statement reading reused. 2 independent printed top-level problems; bilingual repeated text, reset numbering between papers, answer sheets and internal short-question subparts do not create additional units. No omitted statement.",full_paper_boundaries_verified,2
physical_paper,2076,paper_boundary_audit,panpho,2021,,2076,originals/panpho/2021/PanPhO_2021_Q1-4__6790dbe169362fbb.pdf,6790dbe169362fbba5bb9f9b3a7c7979bf94b7a9577f82318f8a4354e7595f19,"Every cached physical page boundary manually inspected, with English/Chinese printed heading sequence checked against registration and prior complete actual statement reading reused. 4 independent printed top-level problems; bilingual repeated text, reset numbering between papers, answer sheets and internal short-question subparts do not create additional units. No omitted statement.",full_paper_boundaries_verified,4
physical_paper,2078,paper_boundary_audit,panpho,2021,,2078,originals/panpho/2021/PanPhO_2021_Q5-6__9035f18ee3bf6889.pdf,9035f18ee3bf688931109e3141388974d93dd072424baa7e0c4bbb7f1a8ccdff,"Every cached physical page boundary manually inspected, with English/Chinese printed heading sequence checked against registration and prior complete actual statement reading reused. 2 independent printed top-level problems; bilingual repeated text, reset numbering between papers, answer sheets and internal short-question subparts do not create additional units. No omitted statement.",full_paper_boundaries_verified,2
physical_paper,2080,paper_boundary_audit,panpho,2020,,2080,originals/panpho/2020/PanPhO_2020_Q1-4__3323b4bc5c8a6f8b.pdf,3323b4bc5c8a6f8b9111c494c3b4ac1d7a08139a223a2842cd7f2ce240f80fef,"Every cached physical page boundary manually inspected, with English/Chinese printed heading sequence checked against registration and prior complete actual statement reading reused. 4 independent printed top-level problems; bilingual repeated text, reset numbering between papers, answer sheets and internal short-question subparts do not create additional units. No omitted statement.",full_paper_boundaries_verified,4
physical_paper,2083,paper_boundary_audit,panpho,2019,,2083,originals/panpho/2019/PanPhO_2019_Q1-4__17256a54e1a54e0d.pdf,17256a54e1a54e0dfb4a6177834cc49230d45a08a11778f604029b29de1f88ae,"Every cached physical page boundary manually inspected, with English/Chinese printed heading sequence checked against registration and prior complete actual statement reading reused. 4 independent printed top-level problems; bilingual repeated text, reset numbering between papers, answer sheets and internal short-question subparts do not create additional units. No omitted statement.",full_paper_boundaries_verified,4
physical_paper,2085,paper_boundary_audit,panpho,2020,,2085,originals/panpho/2020/PanPhO_2020_Q5-6__5d2065a0323ad16f.pdf,5d2065a0323ad16fb061ac97a57ae48ccbbf26c592b2eee454ebbf21cfadb1dc,"Every cached physical page boundary manually inspected, with English/Chinese printed heading sequence checked against registration and prior complete actual statement reading reused. 2 independent printed top-level problems; bilingual repeated text, reset numbering between papers, answer sheets and internal short-question subparts do not create additional units. No omitted statement.",full_paper_boundaries_verified,2
physical_paper,2086,paper_boundary_audit,panpho,2019,,2086,originals/panpho/2019/PanPhO_2019_Q5-6__3039bc46b5806ce9.pdf,3039bc46b5806ce99dab70088907f57693e654b6a0f21b7c42c0b7b7223f3091,"Every cached physical page boundary manually inspected, with English/Chinese printed heading sequence checked against registration and prior complete actual statement reading reused. 2 independent printed top-level problems; bilingual repeated text, reset numbering between papers, answer sheets and internal short-question subparts do not create additional units. No omitted statement.",full_paper_boundaries_verified,2
physical_paper,2088,paper_boundary_audit,panpho,2018,,2088,originals/panpho/2018/PanPhO_2018_Q1-6__6c53a23474edecf3.pdf,6c53a23474edecf351697487a4dc08f667fb50d603a2a95f0770f17586123fbe,"Every cached physical page boundary manually inspected, with English/Chinese printed heading sequence checked against registration and prior complete actual statement reading reused. 6 independent printed top-level problems; bilingual repeated text, reset numbering between papers, answer sheets and internal short-question subparts do not create additional units. No omitted statement.",full_paper_boundaries_verified,6
physical_paper,2091,paper_boundary_audit,panpho,2017,,2091,originals/panpho/2017/PanPhO_2017_Q1-7__02db77544e3c1df3.pdf,02db77544e3c1df3f980e6f005451413a8679fc5c97d7f735200bb88fabc0922,"Every cached physical page boundary manually inspected, with English/Chinese printed heading sequence checked against registration and prior complete actual statement reading reused. 7 independent printed top-level problems; bilingual repeated text, reset numbering between papers, answer sheets and internal short-question subparts do not create additional units. No omitted statement.",full_paper_boundaries_verified,7
physical_paper,2092,paper_boundary_audit,panpho,2018,,2092,originals/panpho/2018/PanPhO_2018_Q7-8__6ed76d83e4ef3b10.pdf,6ed76d83e4ef3b109e68eab613774581ef5878f4e2793d82f33e8b81355e706f,"Every cached physical page boundary manually inspected, with English/Chinese printed heading sequence checked against registration and prior complete actual statement reading reused. 2 independent printed top-level problems; bilingual repeated text, reset numbering between papers, answer sheets and internal short-question subparts do not create additional units. No omitted statement.",full_paper_boundaries_verified,2
physical_paper,2093,paper_boundary_audit,panpho,2017,,2093,originals/panpho/2017/PanPhO_2017_Q8-9__e80532b9458f1537.pdf,e80532b9458f15370d9583f8e7f8d6a57a8fc60f71cb5599356c9616ed627910,"Every cached physical page boundary manually inspected, with English/Chinese printed heading sequence checked against registration and prior complete actual statement reading reused. 2 independent printed top-level problems; bilingual repeated text, reset numbering between papers, answer sheets and internal short-question subparts do not create additional units. No omitted statement.",full_paper_boundaries_verified,2
physical_paper,2096,paper_boundary_audit,panpho,2016,,2096,originals/panpho/2016/PanPhO_2016_Q1-5__0166eb1eddc1a84e.pdf,0166eb1eddc1a84e7b8cab248e3d621a24bab90678565b4fe7b535fe7a6f480e,"Every cached physical page boundary manually inspected, with English/Chinese printed heading sequence checked against registration and prior complete actual statement reading reused. 5 independent printed top-level problems; bilingual repeated text, reset numbering between papers, answer sheets and internal short-question subparts do not create additional units. No omitted statement.",full_paper_boundaries_verified,5
physical_paper,2098,paper_boundary_audit,panpho,2016,,2098,originals/panpho/2016/PanPhO_2016_Q6-8__a3ea5cc547e3e198.pdf,a3ea5cc547e3e198b35b12ec971e45a9a900b907c154526fe26f80e26dddad4a,"Every cached physical page boundary manually inspected, with English/Chinese printed heading sequence checked against registration and prior complete actual statement reading reused. 3 independent printed top-level problems; bilingual repeated text, reset numbering between papers, answer sheets and internal short-question subparts do not create additional units. No omitted statement.",full_paper_boundaries_verified,3
physical_paper,2099,paper_boundary_audit,panpho,2015,,2099,originals/panpho/2015/PanPhO_2015_Q1-7__7a4b580c497d7550.pdf,7a4b580c497d7550b51fac281c193acac63060079c59661e4b1aad0fd7df105a,"Every cached physical page boundary manually inspected, with English/Chinese printed heading sequence checked against registration and prior complete actual statement reading reused. 7 independent printed top-level problems; bilingual repeated text, reset numbering between papers, answer sheets and internal short-question subparts do not create additional units. No omitted statement.",full_paper_boundaries_verified,7
physical_paper,2103,paper_boundary_audit,panpho,2014,,2103,originals/panpho/2014/PanPhO_2014_Q1-8__bcc9005bd3c7f272.pdf,bcc9005bd3c7f2724812d69dda0d7df329edbd10803b6f0de2a880c24c1c6731,"Every cached physical page boundary manually inspected, with English/Chinese printed heading sequence checked against registration and prior complete actual statement reading reused. 8 independent printed top-level problems; bilingual repeated text, reset numbering between papers, answer sheets and internal short-question subparts do not create additional units. No omitted statement.",full_paper_boundaries_verified,8
physical_paper,2104,paper_boundary_audit,panpho,2013,,2104,originals/panpho/2013/PanPhO_2013_Q1-7__22debd088d785def.pdf,22debd088d785def32c251cef7fb59558d7031f1446a3021e9b579ce8c528484,"Every cached physical page boundary manually inspected, with English/Chinese printed heading sequence checked against registration and prior complete actual statement reading reused. 7 independent printed top-level problems; bilingual repeated text, reset numbering between papers, answer sheets and internal short-question subparts do not create additional units. No omitted statement.",full_paper_boundaries_verified,7
physical_paper,2105,paper_boundary_audit,panpho,2012,,2105,originals/panpho/2012/PanPhO_2012_Q1-9__0e04c7086f44fe49.pdf,0e04c7086f44fe49d0b60ce012e5e45fafb725daa0cd49af44aee6460b60d187,"Every cached physical page boundary manually inspected, with English/Chinese printed heading sequence checked against registration and prior complete actual statement reading reused. 9 independent printed top-level problems; bilingual repeated text, reset numbering between papers, answer sheets and internal short-question subparts do not create additional units. No omitted statement.",full_paper_boundaries_verified,9
physical_paper,2109,paper_boundary_audit,panpho,2011,,2109,originals/panpho/2011/PanPhO_2011_Q1-9__3544174f9a184c3f.pdf,3544174f9a184c3f69d586d73be2f7a8b454ea259ed35a45b1b5e4b07ea257b2,"Every cached physical page boundary manually inspected, with English/Chinese printed heading sequence checked against registration and prior complete actual statement reading reused. 9 independent printed top-level problems; bilingual repeated text, reset numbering between papers, answer sheets and internal short-question subparts do not create additional units. No omitted statement.",full_paper_boundaries_verified,9
physical_paper,2110,paper_boundary_audit,panpho,2010,,2110,originals/panpho/2010/PanPhO_2010_Q1-9__c4bb8d8d3bce33c6.pdf,c4bb8d8d3bce33c617316f9dc9f1f66671d1a00fe240b329aaeec6c372d3ee7a,"Every cached physical page boundary manually inspected, with English/Chinese printed heading sequence checked against registration and prior complete actual statement reading reused. 9 independent printed top-level problems; bilingual repeated text, reset numbering between papers, answer sheets and internal short-question subparts do not create additional units. No omitted statement.",full_paper_boundaries_verified,9
physical_paper,2112,paper_boundary_audit,panpho,2009,,2112,originals/panpho/2009/PanPhO_2009_Q1-8__1fab5df7288a382c.pdf,1fab5df7288a382cc0127c5692df353a52b30835369717db6e66e73a39f5ac5f,"Every cached physical page boundary manually inspected, with English/Chinese printed heading sequence checked against registration and prior complete actual statement reading reused. 8 independent printed top-level problems; bilingual repeated text, reset numbering between papers, answer sheets and internal short-question subparts do not create additional units. No omitted statement.",full_paper_boundaries_verified,8
physical_paper,2116,paper_boundary_audit,panpho,2007,,2116,originals/panpho/2007/PanPhO_2007_Q1-10__9b78802ae4967fe5.pdf,9b78802ae4967fe5181f851ab8a0fcd7e1a4c1c8d0256de1803fe00680113e41,"Every cached physical page boundary manually inspected, with English/Chinese printed heading sequence checked against registration and prior complete actual statement reading reused. 10 independent printed top-level problems; bilingual repeated text, reset numbering between papers, answer sheets and internal short-question subparts do not create additional units. No omitted statement.",full_paper_boundaries_verified,10
physical_paper,2117,paper_boundary_audit,panpho,2008,,2117,originals/panpho/2008/PanPhO_2008_Q1-9__e13a049d28212ef4.pdf,e13a049d28212ef4fa303441eb5e55e469bbefbbe763b45a920bf6b976c820ae,"Every cached physical page boundary manually inspected, with English/Chinese printed heading sequence checked against registration and prior complete actual statement reading reused. 9 independent printed top-level problems; bilingual repeated text, reset numbering between papers, answer sheets and internal short-question subparts do not create additional units. No omitted statement.",full_paper_boundaries_verified,9
physical_paper,2118,paper_boundary_audit,panpho,2006,,2118,originals/panpho/2006/PanPhO_2006_Q1-8__4285314104d0d10b.pdf,4285314104d0d10b005a6d8f67d9d2b0791a361b6dea71caed12e4265e6a029c,"Every cached physical page boundary manually inspected, with English/Chinese printed heading sequence checked against registration and prior complete actual statement reading reused. 8 independent printed top-level problems; bilingual repeated text, reset numbering between papers, answer sheets and internal short-question subparts do not create additional units. No omitted statement.",full_paper_boundaries_verified,8
physical_paper,2119,paper_boundary_audit,panpho,2005,,2119,originals/panpho/2005/PanPhO_2005_Q1-8__4aa1d9aa72bf92c0.pdf,4aa1d9aa72bf92c0f64bab8a957858c882303ed8e473ba750d75b09843cb19b0,"Every cached physical page boundary manually inspected, with English/Chinese printed heading sequence checked against registration and prior complete actual statement reading reused. 8 independent printed top-level problems; bilingual repeated text, reset numbering between papers, answer sheets and internal short-question subparts do not create additional units. No omitted statement.",full_paper_boundaries_verified,8
physical_paper,2122,paper_boundary_audit,vosh,2025,,2122,originals/vosh/2025/VsOSh_2025_Q1-5__aef03f6edcad988d.pdf,aef03f6edcad988df47ba17495f2461dc2fcbfbc3d34a37fa0d7143f7ce07900,"Manually audited all physical page boundaries and printed Russian task sequences using cached text plus prior complete actual statement reads. Five printed top-level tasks1-5; catalogue numbering/grade-prefixed11.1-11.5 or10.1-10.5 preserved, no internal subpart split. No omitted statement.",full_paper_boundaries_verified,5
physical_paper,2124,paper_boundary_audit,vosh,2024,,2124,originals/vosh/2024/VsOSh_2024_Q1-5__6f9ec471b88d0e95.pdf,6f9ec471b88d0e9578039b1061068b81376daaf0e054cb2df5a44e933f735a8b,"Manually audited all physical page boundaries and printed Russian task sequences using cached text plus prior complete actual statement reads. Five printed top-level tasks1-5; catalogue numbering/grade-prefixed11.1-11.5 or10.1-10.5 preserved, no internal subpart split. No omitted statement.",full_paper_boundaries_verified,5
physical_paper,2126,paper_boundary_audit,vosh,2023,,2126,originals/vosh/2023/VsOSh_2023_Q1-5__74a2223b3b0c6e72.pdf,74a2223b3b0c6e72e49495fc1edae4abcc8b4f835e47cb7a49815b8434d63848,"Manually audited all physical page boundaries and printed Russian task sequences using cached text plus prior complete actual statement reads. Five printed top-level tasks1-5; catalogue numbering/grade-prefixed11.1-11.5 or10.1-10.5 preserved, no internal subpart split. No omitted statement.",full_paper_boundaries_verified,5
physical_paper,2128,paper_boundary_audit,vosh,2022,,2128,originals/vosh/2022/VsOSh_2022_Q1-5__d31d0dcf60e5f746.pdf,d31d0dcf60e5f746455f90e9128a7ff3088b440a817e58b9763060a332bc2863,"Manually audited all physical page boundaries and printed Russian task sequences using cached text plus prior complete actual statement reads. Five printed top-level tasks1-5; catalogue numbering/grade-prefixed11.1-11.5 or10.1-10.5 preserved, no internal subpart split. No omitted statement.",full_paper_boundaries_verified,5
physical_paper,2130,paper_boundary_audit,vosh,2021,,2130,originals/vosh/2021/VsOSh_2021_Q1-5__561a1ec41d21b1a4.pdf,561a1ec41d21b1a4f533975f292b12d0a06917e3788063b69e1e4a3b26555239,"Manually audited all physical page boundaries and printed Russian task sequences using cached text plus prior complete actual statement reads. Five printed top-level tasks1-5; catalogue numbering/grade-prefixed11.1-11.5 or10.1-10.5 preserved, no internal subpart split. No omitted statement.",full_paper_boundaries_verified,5
physical_paper,2132,paper_boundary_audit,vosh,2019,,2132,originals/vosh/2019/VsOSh_2019_Q1-5__91f81c62953cc9e9.pdf,91f81c62953cc9e9769c1d16918cf34a9692f06154b858801f5bc2cecce91852,"Manually audited all physical page boundaries and printed Russian task sequences using cached text plus prior complete actual statement reads. Five printed top-level tasks1-5; catalogue numbering/grade-prefixed11.1-11.5 or10.1-10.5 preserved, no internal subpart split. No omitted statement.",full_paper_boundaries_verified,5
physical_paper,2133,paper_boundary_audit,vosh,2018,,2133,originals/vosh/2018/VsOSh_2018_Q1-5__3d99970a89219cad.pdf,3d99970a89219cadcbda080f860406378eb4ba59756605197df595c1661d284f,"Manually audited all physical page boundaries and printed Russian task sequences using cached text plus prior complete actual statement reads. Five printed top-level tasks1-5; catalogue numbering/grade-prefixed11.1-11.5 or10.1-10.5 preserved, no internal subpart split. No omitted statement.",full_paper_boundaries_verified,5
physical_paper,2135,paper_boundary_audit,vosh,2017,,2135,originals/vosh/2017/VsOSh_2017_Q1-5__e54b7e86d00a4028.pdf,e54b7e86d00a40282a776028883830860c5dae3d468eaf1988c1466b961d5654,"Manually audited all physical page boundaries and printed Russian task sequences using cached text plus prior complete actual statement reads. Five printed top-level tasks1-5; catalogue numbering/grade-prefixed11.1-11.5 or10.1-10.5 preserved, no internal subpart split. No omitted statement.",full_paper_boundaries_verified,5
physical_paper,2138,paper_boundary_audit,vosh,2016,,2138,originals/vosh/2016/VsOSh_2016_Q1-5__c0658c401fceb2e1.pdf,c0658c401fceb2e1e81a5c9618ca1a4103bf60fad8bb89c635619d12c6739622,"Manually audited all physical page boundaries and printed Russian task sequences using cached text plus prior complete actual statement reads. Five printed top-level tasks1-5; catalogue numbering/grade-prefixed11.1-11.5 or10.1-10.5 preserved, no internal subpart split. No omitted statement.",full_paper_boundaries_verified,5
physical_paper,2140,paper_boundary_audit,vosh,2015,,2140,originals/vosh/2015/VsOSh_2015_Q1-5__cd884e012c96165c.pdf,cd884e012c96165c90b5e445810792c561d4025d809289f1c8bf6e0878d7b547,"Manually audited all physical page boundaries and printed Russian task sequences using cached text plus prior complete actual statement reads. Five printed top-level tasks1-5; catalogue numbering/grade-prefixed11.1-11.5 or10.1-10.5 preserved, no internal subpart split. No omitted statement.",full_paper_boundaries_verified,5
physical_paper,2142,paper_boundary_audit,vosh,2014,,2142,originals/vosh/2014/VsOSh_2014_Q1-5__e56a1747de5c9c73.pdf,e56a1747de5c9c7360c827a607a57623ee8a0615baf8b12aaba2af189b9ae6e5,"Manually audited all physical page boundaries and printed Russian task sequences using cached text plus prior complete actual statement reads. Five printed top-level tasks1-5; catalogue numbering/grade-prefixed11.1-11.5 or10.1-10.5 preserved, no internal subpart split. No omitted statement.",full_paper_boundaries_verified,5
physical_paper,2144,paper_boundary_audit,vosh,2013,,2144,originals/vosh/2013/VsOSh_2013_Q1-5__6538976efa927824.pdf,6538976efa927824200e0cbb33ff4e72bcf7dc8e0eeafe9ab4c97dfb0a94f69b,"Manually audited all physical page boundaries and printed Russian task sequences using cached text plus prior complete actual statement reads. Reuse previous all-page rendered statement inspection for damaged extraction. Five printed top-level tasks1-5; catalogue numbering/grade-prefixed11.1-11.5 or10.1-10.5 preserved, no internal subpart split. No omitted statement.",full_paper_boundaries_verified,5
physical_paper,2145,paper_boundary_audit,vosh,2012,,2145,originals/vosh/2012/VsOSh_2012_Q1-5__5800b1e16a6eef92.pdf,5800b1e16a6eef92efda1aac64564c02159a6bdab4e26e3d9f0b555a9a2b8834,"Manually audited all physical page boundaries and printed Russian task sequences using cached text plus prior complete actual statement reads. Reuse previous all-page rendered statement inspection for damaged extraction. Five printed top-level tasks1-5; catalogue numbering/grade-prefixed11.1-11.5 or10.1-10.5 preserved, no internal subpart split. No omitted statement.",full_paper_boundaries_verified,5
physical_paper,2147,paper_boundary_audit,vosh,2011,,2147,originals/vosh/2011/VsOSh_2011_Q1-5__c22a40b45751d057.pdf,c22a40b45751d057ab40124d81ada6ca6d887096a0014463a51c53f1ed685e7a,"Manually audited all physical page boundaries and printed Russian task sequences using cached text plus prior complete actual statement reads. Reuse previous all-page rendered statement inspection for damaged extraction. Five printed top-level tasks1-5; catalogue numbering/grade-prefixed11.1-11.5 or10.1-10.5 preserved, no internal subpart split. No omitted statement.",full_paper_boundaries_verified,5
physical_paper,2150,paper_boundary_audit,vosh,2010,,2150,originals/vosh/2010/VsOSh_2010_Q1-5__d9cf135cac3a5a5d.pdf,d9cf135cac3a5a5db6bebd3197b11b2de0b038995797088883fc92e915d4cf5a,"Manually audited all physical page boundaries and printed Russian task sequences using cached text plus prior complete actual statement reads. Reuse previous all-page rendered statement inspection for damaged extraction. Five printed top-level tasks1-5; catalogue numbering/grade-prefixed11.1-11.5 or10.1-10.5 preserved, no internal subpart split. No omitted statement.",full_paper_boundaries_verified,5
physical_paper,2151,paper_boundary_audit,rutst,2026,,2151,originals/rutst/2026/RuTST_2026_X_Q1__8596b28c6ba19f8e.pdf,8596b28c6ba19f8ee090fe97b58a8652385ee3388f785afb73fc8955d1d63caf,"Reused complete persisted Russian statement inspection; manually checked every cached page boundary, title, internal continuation and ending. Viscous dumbbell, internal Parts A-F. One complete top-level problem, no extra task.",full_paper_boundaries_verified,1
physical_paper,2154,paper_boundary_audit,rutst,2026,,2154,originals/rutst/2026/RuTST_2026_X_Q2__1073c35d68873615.pdf,1073c35d688736152b2254bd1bb2f3b8817e58e96517f312c6b6c86d63600f8f,"Reused complete persisted Russian statement inspection; manually checked every cached page boundary, title, internal continuation and ending. Hertz-Quincke effect, internal field/rotation sections. One complete top-level problem, no extra task.",full_paper_boundaries_verified,1
physical_paper,2156,paper_boundary_audit,rutst,2026,,2156,originals/rutst/2026/RuTST_2026_X_Q3__18df8ec17add66ef.pdf,18df8ec17add66ef1fc471677deb127f81c4943eba734cadd0c590a51858333d,"Reused complete persisted Russian statement inspection; manually checked every cached page boundary, title, internal continuation and ending. Photography: statement explicitly calls three independent PARTS of one 8-point problem. One complete top-level problem, no extra task.",full_paper_boundaries_verified,1
physical_paper,2158,paper_boundary_audit,rutst,2026,,2158,originals/rutst/2026/RuTST_2026_X_Q4__ddaae95f87bdeae1.pdf,ddaae95f87bdeae1a898de38e82ca87f1543934483af0bcd4097c68a0c438e27,"Reused complete persisted Russian statement inspection; manually checked every cached page boundary, title, internal continuation and ending. Droplet evaporation, internal Parts A-D, final website footer. One complete top-level problem, no extra task.",full_paper_boundaries_verified,1
physical_paper,2160,paper_boundary_audit,rutst,2026,,2160,originals/rutst/2026/RuTST_2026_X_Q5__20b3becd8c07941f.pdf,20b3becd8c07941fa64fee2d0ee1975eaffd858b7741c40361f4377a7c252758,"Reused complete persisted Russian statement inspection; manually checked every cached page boundary, title, internal continuation and ending. Transformer, internal Parts A-E. One complete top-level problem, no extra task.",full_paper_boundaries_verified,1
physical_paper,2163,paper_boundary_audit,rutst,2026,,2163,originals/rutst/2026/RuTST_2026_X_Q6__90f719c5ba5324a2.pdf,90f719c5ba5324a253eb8bd443e0fe17d5766b534c21327fea9fb07059debbc9,"Reused complete persisted Russian statement inspection; manually checked every cached page boundary, title, internal continuation and ending. Coulomb2.0 experiment, common apparatus and internal Parts A-C. One complete top-level problem, no extra task.",full_paper_boundaries_verified,1
physical_paper,2164,paper_boundary_audit,rutst,2026,,2164,originals/rutst/2026/RuTST_2026_X_Q7__6de970c0efde5a3f.pdf,6de970c0efde5a3fc45f383b97f006b35f8197d2f4cd93d20bc41be1287df3bf,"Reused complete persisted Russian statement inspection; manually checked every cached page boundary, title, internal continuation and ending. Optics experiment, common apparatus and internal aperture Parts A-C. One complete top-level problem, no extra task.",full_paper_boundaries_verified,1
physical_paper,2167,paper_boundary_audit,rutst,2026,,2167,originals/rutst/2026/RuTST_2026_Y_Q1__4e760295b239d2ad.pdf,4e760295b239d2adf4ba8352cef352ad11698730e91d7730e998ecd03d24fa40,"Reused complete persisted Russian statement inspection; manually checked every cached page boundary, title, internal continuation and ending. Cutting physics, internal Parts A-D. One complete top-level problem, no extra task.",full_paper_boundaries_verified,1
physical_paper,2168,paper_boundary_audit,rutst,2026,,2168,originals/rutst/2026/RuTST_2026_Y_Q2__de54921276fd162b.pdf,de54921276fd162b6c0f2c72ae644eb8a0aa6633123d7bd52a9fa4e135af61f7,"Reused complete persisted Russian statement inspection; manually checked every cached page boundary, title, internal continuation and ending. Rubber physics, internal Parts A-E. One complete top-level problem, no extra task.",full_paper_boundaries_verified,1
physical_paper,2170,paper_boundary_audit,rutst,2026,,2170,originals/rutst/2026/RuTST_2026_Y_Q3__6c8532d2b18066f9.pdf,6c8532d2b18066f95690388966ba5f2117246a28269d7d92266a249a0ec79284,"Reused complete persisted Russian statement inspection; manually checked every cached page boundary, title, internal continuation and ending. Synchrotron physics, internal Parts A-C. One complete top-level problem, no extra task.",full_paper_boundaries_verified,1
physical_paper,2172,paper_boundary_audit,rutst,2026,,2172,originals/rutst/2026/RuTST_2026_Y_Q4__2870e1bffce29f48.pdf,2870e1bffce29f487e8d53f455edecce73e684ceee81b0b5eab95543f5909d17,"Reused complete persisted Russian statement inspection; manually checked every cached page boundary, title, internal continuation and ending. Moon flight, internal Parts A-B. One complete top-level problem, no extra task.",full_paper_boundaries_verified,1
physical_paper,2174,paper_boundary_audit,rutst,2026,,2174,originals/rutst/2026/RuTST_2026_Y_Q5__5184697200ef3676.pdf,5184697200ef3676aa0cff0c8262124e8ae31357a990b31bfb2e4737822d7ef3,"Reused complete persisted Russian statement inspection; manually checked every cached page boundary, title, internal continuation and ending. Faraday electron-gas problem, internal ordinary gas/graphene/propagation sections. One complete top-level problem, no extra task.",full_paper_boundaries_verified,1
physical_paper,2176,paper_boundary_audit,rutst,2026,,2176,originals/rutst/2026/RuTST_2026_Y_Q6__d904cdc4fccacc54.pdf,d904cdc4fccacc54fe240153ddaf444fbb13be69c21fac8d761e0f2c49e3e254,"Reused complete persisted Russian statement inspection; manually checked every cached page boundary, title, internal continuation and ending. Fiber accelerometer, internal mechanics/interferometry Parts A-B. One complete top-level problem, no extra task.",full_paper_boundaries_verified,1
physical_paper,2177,paper_boundary_audit,rutst,2026,,2177,originals/rutst/2026/RuTST_2026_Y_Q7__f7e6612c906755ae.pdf,f7e6612c906755aee64d25b53cf8ba40cd1f58a53d292a715b0c421fa6827615,"Reused complete persisted Russian statement inspection; manually checked every cached page boundary, title, internal continuation and ending. Topological-insulator LC experiment, internal Parts A-B. One complete top-level problem, no extra task.",full_paper_boundaries_verified,1
physical_paper,2179,paper_boundary_audit,rutst,2026,,2179,originals/rutst/2026/RuTST_2026_Y_Q8__c73a182a1a5cac72.pdf,c73a182a1a5cac72f2c37c727e9ebfae993336b6ef173edd8b0ee18bcc294569,"Reused complete persisted Russian statement inspection; manually checked every cached page boundary, title, internal continuation and ending. Water waves experiment, internal Parts A-B. One complete top-level problem, no extra task.",full_paper_boundaries_verified,1
physical_paper,2182,paper_boundary_audit,rutst,2026,,2182,originals/rutst/2026/RuTST_2026_W_Q1__8845f09a00ebdeed.pdf,8845f09a00ebdeed83227db17bc4f37b27a00522cc52a0bcd2da558d9f9608dd,"Reused complete persisted Russian statement inspection; manually checked every cached page boundary, title, internal continuation and ending. Variable-heat-capacity gas, internal Parts A-B. One complete top-level problem, no extra task.",full_paper_boundaries_verified,1
physical_paper,2183,paper_boundary_audit,rutst,2026,,2183,originals/rutst/2026/RuTST_2026_W_Q2__4a8d9cd60501ad1f.pdf,4a8d9cd60501ad1ff71d83e55f1f8a5da65976a1f8818abf7f669761e516e4dc,"Reused complete persisted Russian statement inspection; manually checked every cached page boundary, title, internal continuation and ending. Rotating medium, internal Parts A-B. One complete top-level problem, no extra task.",full_paper_boundaries_verified,1
physical_paper,2186,paper_boundary_audit,rutst,2026,,2186,originals/rutst/2026/RuTST_2026_W_Q3__74ecc6199b573b9a.pdf,74ecc6199b573b9ab9ac4ecddf7cc1bee70e8fffb752180840f3f62a4c6be929,"Reused complete persisted Russian statement inspection; manually checked every cached page boundary, title, internal continuation and ending. Mixture viscosity experiment, internal Parts A-B. One complete top-level problem, no extra task.",full_paper_boundaries_verified,1
physical_paper,2189,paper_boundary_audit,rutst,2026,,2189,originals/rutst/2026/RuTST_2026_W_Q4__d6824db4209e4c8d.pdf,d6824db4209e4c8d1fe5411e56e062274219fce6a5c8d4b49a5c6f37ca885e64,"Reused complete persisted Russian statement inspection; manually checked every cached page boundary, title, internal continuation and ending. Mixture viscosity theory, internal Parts A-D. One complete top-level problem, no extra task.",full_paper_boundaries_verified,1
physical_paper,2192,paper_boundary_audit,rutst,2025,,2192,originals/rutst/2025/RuTST_2025_X_Q1__80c5c432e0f06e87.pdf,80c5c432e0f06e87d020ec18bc69969aefee87351b98805a67231123417b7761,"Reused complete persisted Russian statement inspection; manually checked every cached page boundary, title, internal continuation and ending. Spaceship in atmosphere, internal Parts A-D. One complete top-level problem, no extra task.",full_paper_boundaries_verified,1
physical_paper,2194,paper_boundary_audit,rutst,2025,,2194,originals/rutst/2025/RuTST_2025_X_Q2__043970a542de707d.pdf,043970a542de707d0939fc9e16c3031aa5cd4dda01e9e48250332b3466fb6f37,"Complete previous actual-statement inspection reused; all-page cache boundaries manually checked for independently printed statements. Symmetric spinning top, Parts A-D. One complete top-level problem; no extra statement.",full_paper_boundaries_verified,1
physical_paper,2196,paper_boundary_audit,rutst,2025,,2196,originals/rutst/2025/RuTST_2025_X_Q3__4689bb4b4d22cfbf.pdf,4689bb4b4d22cfbf5f3de4a1d03555d17673ec2508ba6dda21f225a92f7df315,"Complete previous actual-statement inspection reused; all-page cache boundaries manually checked for independently printed statements. Josephson effect, internal junction/circuit tasks. One complete top-level problem; no extra statement.",full_paper_boundaries_verified,1
physical_paper,2198,paper_boundary_audit,rutst,2025,,2198,originals/rutst/2025/RuTST_2025_X_Q4__3fd9ca4f716f6749.pdf,3fd9ca4f716f67496ed64d90f3e8f1a5658706d824e71c1564c0480f4a31b650,"Complete previous actual-statement inspection reused; all-page cache boundaries manually checked for independently printed statements. Rising bubbles, internal Parts A-D. One complete top-level problem; no extra statement.",full_paper_boundaries_verified,1
physical_paper,2200,paper_boundary_audit,rutst,2025,,2200,originals/rutst/2025/RuTST_2025_X_Q5__774171c4c3a0cb37.pdf,774171c4c3a0cb37749bdb7d6640b03c48965b86510dcfdb6934e6932f228193,"Complete previous actual-statement inspection reused; all-page cache boundaries manually checked for independently printed statements. Membrane potential, internal ion-field/resting-potential/signal sections. One complete top-level problem; no extra statement.",full_paper_boundaries_verified,1
physical_paper,2202,paper_boundary_audit,rutst,2025,,2202,originals/rutst/2025/RuTST_2025_X_Q6__097f14268937b596.pdf,097f14268937b5961a738ebfad03aed783409a6c0fe8b05273f06735e47335a7,"Complete previous actual-statement inspection reused; all-page cache boundaries manually checked for independently printed statements. Horizon photography, internal Parts A-E. One complete top-level problem; no extra statement.",full_paper_boundaries_verified,1
physical_paper,2205,paper_boundary_audit,rutst,2025,,2205,originals/rutst/2025/RuTST_2025_X_Q7__0657d1f1414d4eae.pdf,0657d1f1414d4eae0b2225f3bb141ed414a9b04c9ea9eeaf295bc14a452eb57b,"Complete previous actual-statement inspection reused; all-page cache boundaries manually checked for independently printed statements. Wire thermal degradation experiment, common apparatus and Parts A-B. One complete top-level problem; no extra statement.",full_paper_boundaries_verified,1
physical_paper,2206,paper_boundary_audit,rutst,2025,,2206,originals/rutst/2025/RuTST_2025_X_Q8__2f0c632b3948709a.pdf,2f0c632b3948709abecf2dd333af6f0d6e74e680204f5dffade68fcb9933e097,"Complete previous actual-statement inspection reused; all-page cache boundaries manually checked for independently printed statements. Casein titration experiment, common optical apparatus and Parts A-B. One complete top-level problem; no extra statement.",full_paper_boundaries_verified,1
physical_paper,2208,paper_boundary_audit,rutst,2025,,2208,originals/rutst/2025/RuTST_2025_Y_Q1__de7ae8ebb2cce1ab.pdf,de7ae8ebb2cce1ab14b1a9ada4d19c6d32c81ebb4019b9cf76f3251739b267e0,"Complete previous actual-statement inspection reused; all-page cache boundaries manually checked for independently printed statements. Heat engines, Parts A-B plus website footer. One complete top-level problem; no extra statement.",full_paper_boundaries_verified,1
physical_paper,2210,paper_boundary_audit,rutst,2025,,2210,originals/rutst/2025/RuTST_2025_Y_Q2__3ee8b9ae554d1276.pdf,3ee8b9ae554d12762c5b4825608b5f45c3d936f7873649292d4982e602d695e3,"Complete previous actual-statement inspection reused; all-page cache boundaries manually checked for independently printed statements. Gaussian beams, internal Parts A-C plus website footer. One complete top-level problem; no extra statement.",full_paper_boundaries_verified,1
physical_paper,2212,paper_boundary_audit,rutst,2025,,2212,originals/rutst/2025/RuTST_2025_Y_Q3__be5e2df445165b57.pdf,be5e2df445165b57cf65ee60cee05bf9b780fbce8b19d7132df03e42dd3b4223,"Complete previous actual-statement inspection reused; all-page cache boundaries manually checked for independently printed statements. Earnshaw balls, internal Parts A-C. One complete top-level problem; no extra statement.",full_paper_boundaries_verified,1
physical_paper,2214,paper_boundary_audit,rutst,2025,,2214,originals/rutst/2025/RuTST_2025_Y_Q4__9553e8552172659c.pdf,9553e8552172659c859a6bfda718b240494965f589925e700c6c22f4d8e18a3d,"Complete previous actual-statement inspection reused; all-page cache boundaries manually checked for independently printed statements. Accelerated special-relativity observer, Parts A-C plus website footer. One complete top-level problem; no extra statement.",full_paper_boundaries_verified,1
physical_paper,2216,paper_boundary_audit,rutst,2025,,2216,originals/rutst/2025/RuTST_2025_Y_Q5__9b9b3644d67ba28d.pdf,9b9b3644d67ba28d4f6a2eaca53b368b7217b0d7bd01ff431380ab5a5e6e8a33,"Complete previous actual-statement inspection reused; all-page cache boundaries manually checked for independently printed statements. Ferrofluid symmetry breaking, internal Parts A-C. One complete top-level problem; no extra statement.",full_paper_boundaries_verified,1
physical_paper,2218,paper_boundary_audit,rutst,2025,,2218,originals/rutst/2025/RuTST_2025_Y_Q6__473e67784729079b.pdf,473e67784729079b97e738b92abc686b35e70e96162a36626eff0fbbf92ca0b6,"Complete previous actual-statement inspection reused; all-page cache boundaries manually checked for independently printed statements. Electron tube, internal Parts A-C. One complete top-level problem; no extra statement.",full_paper_boundaries_verified,1
physical_paper,2220,paper_boundary_audit,rutst,2025,,2220,originals/rutst/2025/RuTST_2025_Y_Q7__0c06667abe18ca6e.pdf,0c06667abe18ca6ebda92aa08216491d4ed727071f771d0e34996799f640642e,"Complete previous actual-statement inspection reused; all-page cache boundaries manually checked for independently printed statements. Domino experiment, internal theory/experiment Parts A-B. One complete top-level problem; no extra statement.",full_paper_boundaries_verified,1
physical_paper,2223,paper_boundary_audit,rutst,2025,,2223,originals/rutst/2025/RuTST_2025_W_Q1__1666fc88f279de58.pdf,1666fc88f279de58303a877d4e739a6fd3abc20b7cf98232a5405caadafc27a5,"Complete previous actual-statement inspection reused; all-page cache boundaries manually checked for independently printed statements. Flexible falling body, internal Parts A-B; p2 website footer only. One complete top-level problem; no extra statement.",full_paper_boundaries_verified,1
physical_paper,2224,paper_boundary_audit,rutst,2025,,2224,originals/rutst/2025/RuTST_2025_Y_Q8__f886ea2ce845151e.pdf,f886ea2ce845151ec59a881c10ae429e33ed10428524f62dab853873a125456f,"Complete previous actual-statement inspection reused; all-page cache boundaries manually checked for independently printed statements. Y25-E2 long line2.0 experiment, internal Parts A-C. One complete top-level problem; no extra statement.",full_paper_boundaries_verified,1
physical_paper,2226,paper_boundary_audit,rutst,2025,,2226,originals/rutst/2025/RuTST_2025_W_Q2__21353a33e482d9a9.pdf,21353a33e482d9a9fc67fbe8daa5ccfc16c413b22657b75c440eaaa7a19f57f4,"Complete previous actual-statement inspection reused; all-page cache boundaries manually checked for independently printed statements. Heat-engine efficiency, internal A1-A9; p2 website footer only. One complete top-level problem; no extra statement.",full_paper_boundaries_verified,1
physical_paper,2228,paper_boundary_audit,rutst,2025,,2228,originals/rutst/2025/RuTST_2025_W_Q3__49ea7e1778297074.pdf,49ea7e177829707475e5ee89e19d7d343a8e8b489699c5412483df6bd1552cc8,"Complete previous actual-statement inspection reused; all-page cache boundaries manually checked for independently printed statements. Optical distortion, internal Parts A-B; p2 continuation/footer. One complete top-level problem; no extra statement.",full_paper_boundaries_verified,1
physical_paper,2230,paper_boundary_audit,rutst,2024,,2230,originals/rutst/2024/RuTST_2024_X_Q1__f2cd054dde5ddd30.pdf,f2cd054dde5ddd3001fc489989a4a3565e27f393aa987eb9511a0a2fb3248409,"Complete previous actual-statement inspection reused; all-page cache boundaries manually checked for independently printed statements. Raindrops, internal Parts A-B. One complete top-level problem; no extra statement.",full_paper_boundaries_verified,1
physical_paper,2232,paper_boundary_audit,rutst,2024,,2232,originals/rutst/2024/RuTST_2024_X_Q2__fe9d53f5871d6327.pdf,fe9d53f5871d6327a79793e98484ac58e509a256973caa619ec77b94c43013e8,"Complete previous actual-statement inspection reused; all-page cache boundaries manually checked for independently printed statements. Atmospheric electricity, internal Parts A-D. One complete top-level problem; no extra statement.",full_paper_boundaries_verified,1
physical_paper,2234,paper_boundary_audit,rutst,2024,,2234,originals/rutst/2024/RuTST_2024_X_Q3__5ef43e3caa10cf99.pdf,5ef43e3caa10cf99df53511bf8b3c23e09b237bd36347b1fdacb1d3a354dc60d,"Complete previous actual-statement inspection reused; all-page cache boundaries manually checked for independently printed statements. Noncentral ball motion, internal Parts A-D. One complete top-level problem; no extra statement.",full_paper_boundaries_verified,1
physical_paper,2236,paper_boundary_audit,rutst,2024,,2236,originals/rutst/2024/RuTST_2024_X_Q4__3573d1f063ccd4f7.pdf,3573d1f063ccd4f789e5ff50ffd71d35ddc0711cc9ddbc10bc39ef99e78f4170,"Complete previous actual-statement inspection reused; all-page cache boundaries manually checked for independently printed statements. Oil extraction, internal Parts A-D. One complete top-level problem; no extra statement.",full_paper_boundaries_verified,1
physical_paper,2238,paper_boundary_audit,rutst,2024,,2238,originals/rutst/2024/RuTST_2024_X_Q5__9d797f25ebe0a30e.pdf,9d797f25ebe0a30e8a52b7461449dd186ad4a2b71ce96e703daf35e62477d203,"Complete previous actual-statement inspection reused; all-page cache boundaries manually checked for independently printed statements. Mercury precession, internal Parts A-D. One complete top-level problem; no extra statement.",full_paper_boundaries_verified,1
physical_paper,2240,paper_boundary_audit,rutst,2024,,2240,originals/rutst/2024/RuTST_2024_X_Q6__7ef7db531e061e71.pdf,7ef7db531e061e712df310455261a64fbd91c2702189a0efe0e0030623e2ae41,"Complete previous actual-statement inspection reused; all-page cache boundaries manually checked for independently printed statements. Conductors in magnetic fields, internal Parts A-D. One complete top-level problem; no extra statement.",full_paper_boundaries_verified,1
physical_paper,2242,paper_boundary_audit,rutst,2024,,2242,originals/rutst/2024/RuTST_2024_X_Q7__da008dcea9707694.pdf,da008dcea97076940b27a766c69280ec0718342186270922d753f6974da87601,"Complete previous actual-statement inspection reused; all-page cache boundaries manually checked for independently printed statements. Ferrite transformer experiment, internal Parts A-D. One complete top-level problem; no extra statement.",full_paper_boundaries_verified,1
physical_paper,2243,paper_boundary_audit,rutst,2024,,2243,originals/rutst/2024/RuTST_2024_X_Q8__a8c0181796c3f4c8.pdf,a8c0181796c3f4c801f38aaeb63456594708291342e1daabef78979910462f01,"Manually checked cached boundary evidence from every physical page against prior complete actual source inspection. Lamp thermal experiment, internal Parts A-D and website footer. No additional top-level statement.",full_paper_boundaries_verified,1
physical_paper,2246,paper_boundary_audit,rutst,2024,,2246,originals/rutst/2024/RuTST_2024_Y_Q1__ce2a6556a350b63c.pdf,ce2a6556a350b63c5c99c4649e2883d366e5143fed9cf531f88fa8adf1e00c81,"Manually checked cached boundary evidence from every physical page against prior complete actual source inspection. Conducting bodies in magnetic field, internal Parts A-D. No additional top-level statement.",full_paper_boundaries_verified,1
physical_paper,2248,paper_boundary_audit,rutst,2024,,2248,originals/rutst/2024/RuTST_2024_Y_Q2__0508b5cf8283b5e5.pdf,0508b5cf8283b5e5f989056680002f9ebbad529446ca940a48928b09d2102dd9,"Manually checked cached boundary evidence from every physical page against prior complete actual source inspection. Electromagnetohydrodynamics, internal Parts A-E. No additional top-level statement.",full_paper_boundaries_verified,1
physical_paper,2249,paper_boundary_audit,rutst,2024,,2249,originals/rutst/2024/RuTST_2024_X_Q9__db280a2d1e154005.pdf,db280a2d1e1540058fef9c247069132cda354ebe60a4179b317c981038a250eb,"Manually checked cached boundary evidence from every physical page against prior complete actual source inspection. Diffusion data problem, internal Parts A-B. No additional top-level statement.",full_paper_boundaries_verified,1
physical_paper,2251,paper_boundary_audit,rutst,2024,,2251,originals/rutst/2024/RuTST_2024_Y_Q3__1f127eb102ba4c58.pdf,1f127eb102ba4c587e0bd6bac2d2485485f5368a578a07389b36a597a6d001a5,"Manually checked cached boundary evidence from every physical page against prior complete actual source inspection. Relativistic rocket, internal Parts A-E. No additional top-level statement.",full_paper_boundaries_verified,1
physical_paper,2254,paper_boundary_audit,rutst,2024,,2254,originals/rutst/2024/RuTST_2024_Y_Q4__5dcb4bac72c656f2.pdf,5dcb4bac72c656f20829307f4db67b0a9b675acf9fd1454d42147bc77581bd99,"Manually checked cached boundary evidence from every physical page against prior complete actual source inspection. Ferroelectric thermodynamics, internal Parts A-C. No additional top-level statement.",full_paper_boundaries_verified,1
physical_paper,2256,paper_boundary_audit,rutst,2024,,2256,originals/rutst/2024/RuTST_2024_Y_Q6__b2142e3e6d1a14d7.pdf,b2142e3e6d1a14d7e8355d5befb48ee9c5fac0b34bbee5f1d99e3f2a364c1d06,"Manually checked cached boundary evidence from every physical page against prior complete actual source inspection. Antireflection optics, internal Parts A-D. No additional top-level statement.",full_paper_boundaries_verified,1
physical_paper,2259,paper_boundary_audit,rutst,2024,,2259,originals/rutst/2024/RuTST_2024_Y_Q7__7295a6af324692aa.pdf,7295a6af324692aa80c69ae5d6a8d104dfa3e1a1a7686682176fe0eedcd6ebb6,"Manually checked cached boundary evidence from every physical page against prior complete actual source inspection. Skin-effect experiment, internal Parts A-E and shared apparatus. No additional top-level statement.",full_paper_boundaries_verified,1
physical_paper,2260,paper_boundary_audit,rutst,2024,,2260,originals/rutst/2024/RuTST_2024_Y_Q5__152ddacf301ffea9.pdf,152ddacf301ffea93b3e21a150da646b26335c565b2c79046a330655d267cfa5,"Manually checked cached boundary evidence from every physical page against prior complete actual source inspection. Acoustic levitation, internal Parts A-E. No additional top-level statement.",full_paper_boundaries_verified,1
physical_paper,2263,paper_boundary_audit,rutst,2024,,2263,originals/rutst/2024/RuTST_2024_Y_Q8__648ae1719726d685.pdf,648ae1719726d685a739bcaa4937170358149cd2aca72c4f489799320a4ec587,"Manually checked cached boundary evidence from every physical page against prior complete actual source inspection. Sound-wave experiment, internal Parts A-F and shared apparatus. No additional top-level statement.",full_paper_boundaries_verified,1
physical_paper,2264,paper_boundary_audit,rutst,2024,,2264,originals/rutst/2024/RuTST_2024_W_Q1__6eb6382d56ef6855.pdf,6eb6382d56ef6855932b85b8aec820365323de4199b31a364710b2aa7035e877,"Manually checked cached boundary evidence from every physical page against prior complete actual source inspection. Slipping rope, internal Parts A-B. No additional top-level statement.",full_paper_boundaries_verified,1
physical_paper,2266,paper_boundary_audit,rutst,2024,,2266,originals/rutst/2024/RuTST_2024_W_Q2__7b67c609e574f6c1.pdf,7b67c609e574f6c1dee18a81385952b35f0074668f3bd9dd91df4fe01aaa6d61,"Manually checked cached boundary evidence from every physical page against prior complete actual source inspection. Electrical bridge, internal Parts A-B. No additional top-level statement.",full_paper_boundaries_verified,1
physical_paper,2268,paper_boundary_audit,rutst,2024,,2268,originals/rutst/2024/RuTST_2024_W_Q3__3846301aac9fc1d2.pdf,3846301aac9fc1d2083d2941355bfa75e91cf9faae9aa307767a11d111160a00,"Manually checked cached boundary evidence from every physical page against prior complete actual source inspection. Liquid-vapor transition, internal Parts A-B. No additional top-level statement.",full_paper_boundaries_verified,1
physical_paper,2269,paper_boundary_audit,rutst,2024,,2269,originals/rutst/2024/RuTST_2024_Y_Q9__bae733ec49b80010.pdf,bae733ec49b800105f79bef3c5bda1e85fb45559946c2f48f08eece6300cedb3,"Manually checked cached boundary evidence from every physical page against prior complete actual source inspection. Water-color/scattering data problem, shared internal tasks and final website footer. No additional top-level statement.",full_paper_boundaries_verified,1
physical_paper,2272,paper_boundary_audit,rutst,2023,,2272,originals/rutst/2023/RuTST_2023_X_Q1__09cc2829e47edf2b.pdf,09cc2829e47edf2b0cd050939214b7d7ed9fbc5c74c7f2f55c0fbbaa9c0265ad,"Manually checked cached boundary evidence from every physical page against prior complete actual source inspection. Microfluidics, internal Parts A-C. No additional top-level statement.",full_paper_boundaries_verified,1
physical_paper,2274,paper_boundary_audit,rutst,2023,,2274,originals/rutst/2023/RuTST_2023_X_Q2__be8562ba424f9fac.pdf,be8562ba424f9fac231df75dcd16832a56f9b4b3966abf02bdc2c085788281e1,"Manually checked cached boundary evidence from every physical page against prior complete actual source inspection. Binary thermodynamic cycles, internal Parts A-D; final pages supplementary saturation graphs. No additional top-level statement.",full_paper_boundaries_verified,1
physical_paper,2276,paper_boundary_audit,rutst,2023,,2276,originals/rutst/2023/RuTST_2023_X_Q3__36ae2fd3bcf5ac93.pdf,36ae2fd3bcf5ac93de63c41e09ba2d0e109e381633330a8d1bc9cb08a1298ba2,"Manually checked cached boundary evidence from every physical page against prior complete actual source inspection. Tidal capture, internal Parts A-C. No additional top-level statement.",full_paper_boundaries_verified,1
physical_paper,2278,paper_boundary_audit,rutst,2023,,2278,originals/rutst/2023/RuTST_2023_X_Q4__df95c3c52d64b217.pdf,df95c3c52d64b2178ce80d52d737cbbf6075a774d0ff68a3ad6fedeb002bdafb,"Manually checked cached boundary evidence from every physical page against prior complete actual source inspection. Spinner, internal Parts A-B. No additional top-level statement.",full_paper_boundaries_verified,1
physical_paper,2281,paper_boundary_audit,rutst,2023,,2281,originals/rutst/2023/RuTST_2023_X_Q5__c11f1762877cee69.pdf,c11f1762877cee69a68357dc57b195531415362106e8b837c9034a308cbc660f,"Manually checked cached boundary evidence from every physical page against prior complete actual source inspection. Three-phase current, internal Parts A-B. No additional top-level statement.",full_paper_boundaries_verified,1
physical_paper,2282,paper_boundary_audit,rutst,2023,,2282,originals/rutst/2023/RuTST_2023_X_Q6__7c046dad5c6a68d3.pdf,7c046dad5c6a68d33ef06d9a18f68b061b099b140e2a788dd21d4b57fd48bd53,"Manually checked cached boundary evidence from every physical page against prior complete actual source inspection. Metal ball in wire field, internal Parts A-E. No additional top-level statement.",full_paper_boundaries_verified,1
physical_paper,2284,paper_boundary_audit,rutst,2023,,2284,originals/rutst/2023/RuTST_2023_X_Q7__eb6b489542867cc9.pdf,eb6b489542867cc9a22843af1f8e6c8052d258e0803a7bfa367a0254e5311265,"Manually checked cached boundary evidence from every physical page against prior complete actual source inspection. Electrode-electrolyte experiment, internal Parts A-C and common apparatus. No additional top-level statement.",full_paper_boundaries_verified,1
physical_paper,2287,paper_boundary_audit,rutst,2023,,2287,originals/rutst/2023/RuTST_2023_X_Q9__97b32e2e866dc388.pdf,97b32e2e866dc388ed46f29f7ef10107d083e14ce0bace58bc2bfa82e3d715a3,"Manually checked cached boundary evidence from every physical page against prior complete actual source inspection. Anisotropic heat conduction, internal Parts A-B. No additional top-level statement.",full_paper_boundaries_verified,1
physical_paper,2289,paper_boundary_audit,rutst,2023,,2289,originals/rutst/2023/RuTST_2023_X_Q8__d4773906a50bbfb9.pdf,d4773906a50bbfb942375d2223c9699d3fcdf63f763208519473e9c705590240,"Manually checked cached boundary evidence from every physical page against prior complete actual source inspection. Clear optics experiment, internal Parts A-E and common apparatus. No additional top-level statement.",full_paper_boundaries_verified,1
physical_paper,2291,paper_boundary_audit,rutst,2023,,2291,originals/rutst/2023/RuTST_2023_Y_Q1__82a6216cbc7decf0.pdf,82a6216cbc7decf0215177851fa23347206aff6b40dcb7ac4cedf8f5e56dec67,"Manually checked cached boundary evidence from every physical page against prior complete actual source inspection. Silicon photomultiplier, internal Parts A-E. No additional top-level statement.",full_paper_boundaries_verified,1
physical_paper,2293,paper_boundary_audit,rutst,2023,,2293,originals/rutst/2023/RuTST_2023_Y_Q2__a8942a99a77386a3.pdf,a8942a99a77386a3af9dd810c3248f4a904f6cbf0a7e66eb926dc71bbd984b71,"Manually checked cached boundary evidence from every physical page against prior complete actual source inspection. Quasiparticle dynamics, internal Parts A-C. No additional top-level statement.",full_paper_boundaries_verified,1
physical_paper,2295,paper_boundary_audit,rutst,2023,,2295,originals/rutst/2023/RuTST_2023_Y_Q3__b5522464468ef52e.pdf,b5522464468ef52e1feb1980724f90c05b307901261ddfd90a1972aa2de9978d,"Manually checked cached boundary evidence from every physical page against prior complete actual source inspection. Gyroscopic forces/friction, internal Parts A-C. No additional top-level statement.",full_paper_boundaries_verified,1
physical_paper,2297,paper_boundary_audit,rutst,2023,,2297,originals/rutst/2023/RuTST_2023_Y_Q4__73fc60a3a3c59cf5.pdf,73fc60a3a3c59cf50c68275a3be27718576cf5cd2255a42b79c718b2a99e808d,"Manually checked cached boundary evidence from every physical page against prior complete actual source inspection. Detonation waves, internal Parts A-C. No additional top-level statement.",full_paper_boundaries_verified,1
physical_paper,2300,paper_boundary_audit,rutst,2023,,2300,originals/rutst/2023/RuTST_2023_Y_Q5__a9e3d6371c5a1e8c.pdf,a9e3d6371c5a1e8c649bfd73ceedc16fcef17d1a90e43fafa444c25261782505,"Manually checked cached boundary evidence from every physical page against prior complete actual source inspection. Thomson jumping ring, internal Parts A-E. No additional top-level statement.",full_paper_boundaries_verified,1
physical_paper,2301,paper_boundary_audit,rutst,2023,,2301,originals/rutst/2023/RuTST_2023_Y_Q6__b6230da04be9ff76.pdf,b6230da04be9ff76d7ab7226434e91f130bd5645d85f101d7bcfe2905a19bfea,"Manually checked cached boundary evidence from every physical page against prior complete actual source inspection. Star-radius measurement, internal Parts A-C. No additional top-level statement.",full_paper_boundaries_verified,1
physical_paper,2304,paper_boundary_audit,rutst,2023,,2304,originals/rutst/2023/RuTST_2023_Y_Q8__f05570de135e22ba.pdf,f05570de135e22bace18daaed0ccdcbb4754a17c0a3299099073ae16892b8506,"Manually checked cached boundary evidence from every physical page against prior complete actual source inspection. Guitar-string experiment, internal tasks and website footer. No additional top-level statement.",full_paper_boundaries_verified,1
physical_paper,2305,paper_boundary_audit,rutst,2023,,2305,originals/rutst/2023/RuTST_2023_Y_Q9__a6f699e422068f2f.pdf,a6f699e422068f2fc52e2272b5f8aeb05b6d0c16186bc81f6cb0f4c5d1e29ed9,"Manually checked cached boundary evidence from every physical page against prior complete actual source inspection. Thermistor experiment, internal Parts A-C. No additional top-level statement.",full_paper_boundaries_verified,1
physical_paper,2306,paper_boundary_audit,rutst,2023,,2306,originals/rutst/2023/RuTST_2023_Y_Q7__fa6cc38c88a8332e.pdf,fa6cc38c88a8332ea8d7ff8af4a41951c3eb1057bfb8fac81c32092f56d7629e,"Manually checked cached boundary evidence from every physical page against prior complete actual source inspection. Wien bridge experiment, common apparatus and internal tasks. No additional top-level statement.",full_paper_boundaries_verified,1
physical_paper,2308,paper_boundary_audit,rutst,2023,,2308,originals/rutst/2023/RuTST_2023_W_Q1__465b37468fef285f.pdf,465b37468fef285fc23367bf3d820fc22277d1edab1942f9e4f9bece1df42b42,"Manually checked cached boundary evidence from every physical page against prior complete actual source inspection. Both pages are answer sheets for one variable-voltage capacitor problem, A/B outputs only; full statement previously reconstructed locally from associated official solution2309. No new independent question. No additional top-level statement.",full_paper_boundaries_verified,1
physical_paper,2310,paper_boundary_audit,rutst,2023,,2310,originals/rutst/2023/RuTST_2023_W_Q2__cd304297d1fd5ef6.pdf,cd304297d1fd5ef614567f3b58574fc54873235ba6d587084a9064b960cc77f2,"Manually checked cached boundary evidence from every physical page against prior complete actual source inspection. Atmospheric optical rays, internal Parts A-C. No additional top-level statement.",full_paper_boundaries_verified,1
physical_paper,2312,paper_boundary_audit,rutst,2023,,2312,originals/rutst/2023/RuTST_2023_W_Q3__9a23edfc19281309.pdf,9a23edfc1928130983d9287dad30ea77abbb8509853b7cc82aa9e47ba712b8e6,"Manually checked cached boundary evidence from every physical page against prior complete actual source inspection. Refractive-index experiment, internal Parts A-B. No additional top-level statement.",full_paper_boundaries_verified,1
physical_paper,2313,paper_boundary_audit,rutst,2022,,2313,originals/rutst/2022/RuTST_2022_X_Q1__4001bc64c1cfc73f.pdf,4001bc64c1cfc73fda01689350c69a043a4c83d4361db6842698a0445841cdca,"Complete actual-source inspection reused; every page boundary/title/continuation/footer manually checked in cached packet. Pendulum, internal Parts A-B. No additional independent statement.",full_paper_boundaries_verified,1
physical_paper,2316,paper_boundary_audit,rutst,2022,,2316,originals/rutst/2022/RuTST_2022_X_Q2__79991ebde543434a.pdf,79991ebde543434a8bd177422593e48e34edc3f814670c6dbf191f6b56a70d82,"Complete actual-source inspection reused; every page boundary/title/continuation/footer manually checked in cached packet. Partially inelastic surface, internal Parts A-C. No additional independent statement.",full_paper_boundaries_verified,1
physical_paper,2318,paper_boundary_audit,rutst,2022,,2318,originals/rutst/2022/RuTST_2022_X_Q3__defafb8cf3dd53f9.pdf,defafb8cf3dd53f97742d87772d185da14a327674c9bf689341a64f93cab5235,"Complete actual-source inspection reused; every page boundary/title/continuation/footer manually checked in cached packet. Spherical aberrations, internal Parts A-E. No additional independent statement.",full_paper_boundaries_verified,1
physical_paper,2319,paper_boundary_audit,rutst,2022,,2319,originals/rutst/2022/RuTST_2022_X_Q4__10ed1c3bdba806dc.pdf,10ed1c3bdba806dc1517876ca720024e949d5fb0f47717ac81c1d0139ff4eeef,"Complete actual-source inspection reused; every page boundary/title/continuation/footer manually checked in cached packet. Two satellites, internal Parts A-C. No additional independent statement.",full_paper_boundaries_verified,1
physical_paper,2322,paper_boundary_audit,rutst,2022,,2322,originals/rutst/2022/RuTST_2022_X_Q5__a4a42c6e575ad2bf.pdf,a4a42c6e575ad2bf0594d8e684ba1aa9d5c2bd5bc23f6d1a1879a5fb81735228,"Complete actual-source inspection reused; every page boundary/title/continuation/footer manually checked in cached packet. Champagne foam, internal Parts A-C. No additional independent statement.",full_paper_boundaries_verified,1
physical_paper,2324,paper_boundary_audit,rutst,2022,,2324,originals/rutst/2022/RuTST_2022_X_Q6__5b90ee7b0710f7ca.pdf,5b90ee7b0710f7ca07d5df95dec4afeadc844981c5b242d520de3f9a04c39600,"Complete actual-source inspection reused; every page boundary/title/continuation/footer manually checked in cached packet. Oscillations in charged cylinder, internal Parts A-C. No additional independent statement.",full_paper_boundaries_verified,1
physical_paper,2327,paper_boundary_audit,rutst,2022,,2327,originals/rutst/2022/RuTST_2022_X_Q8__ed6a4cac38c2d23a.pdf,ed6a4cac38c2d23a158f470617db1e225e0d5ea8f50ae93dcebda739847ef004,"Complete actual-source inspection reused; every page boundary/title/continuation/footer manually checked in cached packet. Trifilar suspension experiment, internal Parts A-F. No additional independent statement.",full_paper_boundaries_verified,1
physical_paper,2329,paper_boundary_audit,rutst,2022,,2329,originals/rutst/2022/RuTST_2022_X_Q9__aec0753334b2a2d4.pdf,aec0753334b2a2d437406e2659a44102e93b9de1e1a125828955c39fe0eee120,"Complete actual-source inspection reused; every page boundary/title/continuation/footer manually checked in cached packet. Reuse explicit complete two-page scanned statement inspection: one frozen-field problem, no additional question. No additional independent statement.",full_paper_boundaries_verified,1
physical_paper,2332,paper_boundary_audit,rutst,2022,,2332,originals/rutst/2022/RuTST_2022_X_Q7__b5cf38396e51b6b5.pdf,b5cf38396e51b6b588f6b352183b1f9eec759c915f186fa859db5413827bcf09,"Complete actual-source inspection reused; every page boundary/title/continuation/footer manually checked in cached packet. Liquid-jet experiment, internal Parts A-E; p7 website footer. No additional independent statement.",full_paper_boundaries_verified,1
physical_paper,2334,paper_boundary_audit,rutst,2022,,2334,originals/rutst/2022/RuTST_2022_Y_Q1__062444eb04cef46d.pdf,062444eb04cef46db4f3176408ad0bcc2c2796d521dcca54d5e065bfa1aaf8c5,"Complete actual-source inspection reused; every page boundary/title/continuation/footer manually checked in cached packet. Cell membranes, internal Parts A-B. No additional independent statement.",full_paper_boundaries_verified,1
physical_paper,2335,paper_boundary_audit,rutst,2022,,2335,originals/rutst/2022/RuTST_2022_Y_Q2__059881166a8df06c.pdf,059881166a8df06caf7ef002aa20b45f93154cc4bb3cf2b3ac0d9aebcba83ecf,"Complete actual-source inspection reused; every page boundary/title/continuation/footer manually checked in cached packet. Wet adiabatic atmosphere, internal Parts A-B. No additional independent statement.",full_paper_boundaries_verified,1
physical_paper,2337,paper_boundary_audit,rutst,2022,,2337,originals/rutst/2022/RuTST_2022_Y_Q3__96c1d05808daabca.pdf,96c1d05808daabca530f272583dd11abd8dae6bb82b0f935732f71adafc148a1,"Complete actual-source inspection reused; every page boundary/title/continuation/footer manually checked in cached packet. Maxwell fish-eye optics, internal Parts A-D. No additional independent statement.",full_paper_boundaries_verified,1
physical_paper,2338,paper_boundary_audit,rutst,2022,,2338,originals/rutst/2022/RuTST_2022_Y_Q4__e3707718b2e6c467.pdf,e3707718b2e6c467d1cf7dec54dd104bb0f7ff255144f27aef086a07d32c6750,"Complete actual-source inspection reused; every page boundary/title/continuation/footer manually checked in cached packet. Metronome synchronization, internal Parts A-B. No additional independent statement.",full_paper_boundaries_verified,1
physical_paper,2339,paper_boundary_audit,rutst,2022,,2339,originals/rutst/2022/RuTST_2022_Y_Q5__35034a8e43920f4f.pdf,35034a8e43920f4f9b004603529ed4ae562edb3a7f296b05214f09d2d3c48eb5,"Complete actual-source inspection reused; every page boundary/title/continuation/footer manually checked in cached packet. Roche limits, internal Parts A-D. No additional independent statement.",full_paper_boundaries_verified,1
physical_paper,2342,paper_boundary_audit,rutst,2022,,2342,originals/rutst/2022/RuTST_2022_Y_Q6__4618be00b58e33eb.pdf,4618be00b58e33ebd8daf428d5f709a6cbeb6a92c5896598ae837b85b3ca1192,"Complete actual-source inspection reused; every page boundary/title/continuation/footer manually checked in cached packet. Holography, internal Parts A-C. No additional independent statement.",full_paper_boundaries_verified,1
physical_paper,2344,paper_boundary_audit,rutst,2022,,2344,originals/rutst/2022/RuTST_2022_Y_Q7__3051de4a855e5304.pdf,3051de4a855e53043c890277f479e699caf5b208685b8b3e1deaf602212c2848,"Complete actual-source inspection reused; every page boundary/title/continuation/footer manually checked in cached packet. Spectroscopy experiment, internal Parts A-E and common apparatus. No additional independent statement.",full_paper_boundaries_verified,1
physical_paper,2346,paper_boundary_audit,rutst,2022,,2346,originals/rutst/2022/RuTST_2022_Y_A8__a6214190915fd5a0.pdf,a6214190915fd5a017a09d65da466b86039e9968cd0f0ee1500afeb501785d4e,Complete actual-source inspection reused; every page boundary/title/continuation/footer manually checked in cached packet. Six physical pages are response templates/tables for one anisotropic-waveguide experiment; local solution2347 previously inspected for the actual tasks. Final p6 footer. No additional independent statement.,full_paper_boundaries_verified,1
physical_paper,2348,paper_boundary_audit,rutst,2022,,2348,originals/rutst/2022/RuTST_2022_Y_Q9__9a2bf08c1aae5636.pdf,9a2bf08c1aae563604e5b18b50e7fe764e9921f614c2a5fe36d5ff61c2edd140,"Complete actual-source inspection reused; every page boundary/title/continuation/footer manually checked in cached packet. One simulation experiment, internal Parts A-C, reference PE program. No additional independent statement.",full_paper_boundaries_verified,1
physical_paper,2349,paper_boundary_audit,rutst,2022,,2349,originals/rutst/2022/RuTST_2022_Y_Q10__884f78c9bfb029aa.pdf,884f78c9bfb029aa6385f33d1ab14c41f4016797652554f0fb5161148bb372d9,Complete actual-source inspection reused; every page boundary/title/continuation/footer manually checked in cached packet. One simulation experiment referring to PE3; one complete page. No additional independent statement.,full_paper_boundaries_verified,1
physical_paper,2351,paper_boundary_audit,rutst,2022,,2351,originals/rutst/2022/RuTST_2022_W_Q1__a3142f0a365fcb08.pdf,a3142f0a365fcb08eeccc02ea6dfe011e33f5f9cbe3465be3529cbd8008aa635,"Complete actual-source inspection reused; every page boundary/title/continuation/footer manually checked in cached packet. Charged plate/capacitor circuit, internal Parts A-B. No additional independent statement.",full_paper_boundaries_verified,1
physical_paper,2353,paper_boundary_audit,rutst,2022,,2353,originals/rutst/2022/RuTST_2022_W_Q2__2a911e728208d438.pdf,2a911e728208d43873dc4fde1e4275ba11f94be4c18a5aa7ef58562e6bc58e72,Complete actual-source inspection reused; every page boundary/title/continuation/footer manually checked in cached packet. One three-capacitor electrical-circuit problem; p2 website footer only. No additional independent statement.,full_paper_boundaries_verified,1
physical_paper,2354,paper_boundary_audit,rutst,2022,,2354,originals/rutst/2022/RuTST_2022_W_Q3__6989685693979d19.pdf,6989685693979d197016368c90a0b51516ca1def830dd04891b4995c0fe966b1,"Complete actual-source inspection reused; every page boundary/title/continuation/footer manually checked in cached packet. van der Waals data analysis, internal Parts A-E. No additional independent statement.",full_paper_boundaries_verified,1
physical_paper,2358,paper_boundary_audit,rutst,2021,,2358,originals/rutst/2021/RuTST_2021_X_Q1__de0e4d3c92b03027.pdf,de0e4d3c92b03027f1876dcdf35387051ab8320c1823237a84d1b86bcb96a455,Complete actual-source inspection reused; every page boundary/title/continuation/footer manually checked in cached packet. One finite-reservoir Carnot engine problem. No additional independent statement.,full_paper_boundaries_verified,1
physical_paper,2360,paper_boundary_audit,rutst,2021,,2360,originals/rutst/2021/RuTST_2021_X_Q2__29f9772660bc7587.pdf,29f9772660bc7587b4b748f17b146f3e9018a2de5cc7abe5ac0cedc9a633644e,Complete actual-source inspection reused; every page boundary/title/continuation/footer manually checked in cached packet. One chain-of-lenses problem. No additional independent statement.,full_paper_boundaries_verified,1
physical_paper,2362,paper_boundary_audit,rutst,2021,,2362,originals/rutst/2021/RuTST_2021_X_Q3__1b83e025d9988ca4.pdf,1b83e025d9988ca479cfa3b3898352e3c9efd66956b2a173d944989f37dae308,"Complete actual-source inspection reused; every page boundary/title/continuation/footer manually checked in cached packet. Magnetic-field motion, internal Parts A-B. No additional independent statement.",full_paper_boundaries_verified,1
physical_paper,2364,paper_boundary_audit,rutst,2021,,2364,originals/rutst/2021/RuTST_2021_X_Q4__81a8512a19371405.pdf,81a8512a19371405518b9b40289276e355036ea5b6244ecc7ebbe9bb4d94852e,"Complete actual-source inspection reused; every page boundary/title/continuation/footer manually checked in cached packet. Double dumbbell, internal Parts A-C. No additional independent statement.",full_paper_boundaries_verified,1
physical_paper,2366,paper_boundary_audit,rutst,2021,,2366,originals/rutst/2021/RuTST_2021_X_Q5__8f4e3d653102f412.pdf,8f4e3d653102f4122f64af03d8ad2150c7ee765563dbe64db768c8150417cdbf,"Complete actual-source inspection reused; every page boundary/title/continuation/footer manually checked in cached packet. Chain fountain, internal Parts A-F. No additional independent statement.",full_paper_boundaries_verified,1
physical_paper,2368,paper_boundary_audit,rutst,2021,,2368,originals/rutst/2021/RuTST_2021_X_Q6__3e1bd14814dee19a.pdf,3e1bd14814dee19aa8e2bb43cc24342b1b244a5b7771b975c17b44ba27cf0266,"Complete actual-source inspection reused; every page boundary/title/continuation/footer manually checked in cached packet. One narrow-fluid-stream problem, shared flow/resistance sections. No additional independent statement.",full_paper_boundaries_verified,1
physical_paper,2370,paper_boundary_audit,rutst,2021,,2370,originals/rutst/2021/RuTST_2021_X_Q7__907785e8f6568168.pdf,907785e8f65681680e009b2ddb046360a2cba2c0b2ead4368c47b50b4210ada2,Complete actual-source inspection reused; every page boundary/title/continuation/footer manually checked in cached packet. One air-cushion problem; p2 classification tags/footer only. No additional independent statement.,full_paper_boundaries_verified,1
physical_paper,2372,paper_boundary_audit,rutst,2021,,2372,originals/rutst/2021/RuTST_2021_X_Q8__726f705f6d3bb9a1.pdf,726f705f6d3bb9a11236a4fa5910dd85b3bbebf834731f2086e423dcf2196637,"Complete actual-source inspection reused; every page boundary/title/continuation/footer manually checked in cached packet. Magnet in conductive pipes experiment, internal Parts A-E. No additional independent statement.",full_paper_boundaries_verified,1
physical_paper,2374,paper_boundary_audit,rutst,2021,,2374,originals/rutst/2021/RuTST_2021_X_Q9__08b88eec13d92bd1.pdf,08b88eec13d92bd156190f9c1066baeccf90cf3aaba2119933d9c37b0ab733b3,"Manually checked every physical-page boundary in cache packet against prior complete actual statement inspection. Thread-radius experiment, shared thread and internal three measurement methods. No additional top-level statement.",full_paper_boundaries_verified,1
physical_paper,2376,paper_boundary_audit,rutst,2021,,2376,originals/rutst/2021/RuTST_2021_X_Q10__e836d077646660e5.pdf,e836d077646660e5bd603cb49c608352a4de427b1629adfc2f026842e94a38af,"Manually checked every physical-page boundary in cache packet against prior complete actual statement inspection. Thin-film resistance data, internal Parts A-B. No additional top-level statement.",full_paper_boundaries_verified,1
physical_paper,2378,paper_boundary_audit,rutst,2021,,2378,originals/rutst/2021/RuTST_2021_Y_Q1__929b4512b18a2b0c.pdf,929b4512b18a2b0cf79a62f142232f04722f470a3e6344cbcebe1d57819895e1,Manually checked every physical-page boundary in cache packet against prior complete actual statement inspection. One relativistic gravitational-orbit problem. No additional top-level statement.,full_paper_boundaries_verified,1
physical_paper,2380,paper_boundary_audit,rutst,2021,,2380,originals/rutst/2021/RuTST_2021_Y_Q2__6959827f69881c5a.pdf,6959827f69881c5a684ab001540e2675ab8dbaa44673168ff50d70e699388b6e,"Manually checked every physical-page boundary in cache packet against prior complete actual statement inspection. One diffraction problem, internal Parts A-E; p2 tags/footer only. No additional top-level statement.",full_paper_boundaries_verified,1
physical_paper,2382,paper_boundary_audit,rutst,2021,,2382,originals/rutst/2021/RuTST_2021_Y_Q3__a0c6838a86d7a213.pdf,a0c6838a86d7a213ea4c9462466fc81adaa7a0dbd7e9536850ce9db7608e7eb9,Manually checked every physical-page boundary in cache packet against prior complete actual statement inspection. One mixture vapor-pressure/distillation problem. No additional top-level statement.,full_paper_boundaries_verified,1
physical_paper,2384,paper_boundary_audit,rutst,2021,,2384,originals/rutst/2021/RuTST_2021_Y_Q4__edfe9b45169f1f8c.pdf,edfe9b45169f1f8ccf41e7773ce672c7898d46fbb0bfe897c8c307a49168732b,"Manually checked every physical-page boundary in cache packet against prior complete actual statement inspection. One adiabatic-invariants problem, internal Parts A-G. No additional top-level statement.",full_paper_boundaries_verified,1
physical_paper,2386,paper_boundary_audit,rutst,2021,,2386,originals/rutst/2021/RuTST_2021_Y_Q5__4686408bc179730a.pdf,4686408bc179730a3ea7a29bc5fea0ce6cda50e784b9f453b308021054ce2060,"Manually checked every physical-page boundary in cache packet against prior complete actual statement inspection. One molecular-polarizability problem, internal Parts A-E. No additional top-level statement.",full_paper_boundaries_verified,1
physical_paper,2389,paper_boundary_audit,rutst,2021,,2389,originals/rutst/2021/RuTST_2021_Y_Q6__12a018cd2bb9c3e4.pdf,12a018cd2bb9c3e400b94d9c18479943571c72547803953633cf898d24609bef,"Manually checked every physical-page boundary in cache packet against prior complete actual statement inspection. One frictional thin-ring problem, internal Parts A-C. No additional top-level statement.",full_paper_boundaries_verified,1
physical_paper,2390,paper_boundary_audit,rutst,2021,,2390,originals/rutst/2021/RuTST_2021_Y_Q7__6fd47628921542e4.pdf,6fd47628921542e44be18a8c5f77cc92c228aa3a760dba8105de071440c32091,"Manually checked every physical-page boundary in cache packet against prior complete actual statement inspection. One polarization experiment, shared apparatus/internal stages. No additional top-level statement.",full_paper_boundaries_verified,1
physical_paper,2392,paper_boundary_audit,rutst,2021,,2392,originals/rutst/2021/RuTST_2021_Y_Q8__9ba94998d64e2def.pdf,9ba94998d64e2def18ea1b560eb466650ee92610ed45732c72136f568222c8ed,"Manually checked every physical-page boundary in cache packet against prior complete actual statement inspection. One rolling liquid-bottle data problem, final pages measurement table. No additional top-level statement.",full_paper_boundaries_verified,1
physical_paper,2394,paper_boundary_audit,rutst,2021,,2394,originals/rutst/2021/RuTST_2021_Y_Q9__81342d94c2d7c627.pdf,81342d94c2d7c627b7298103708c855e4d1adce126b1c97a2555d19996124c57,"Manually checked every physical-page boundary in cache packet against prior complete actual statement inspection. One magnetic-spin simulation problem, internal PE tasks; p4 footer only. No additional top-level statement.",full_paper_boundaries_verified,1
physical_paper,2396,paper_boundary_audit,rutst,2021,,2396,originals/rutst/2021/RuTST_2021_Y_Q10__ed8c2af1ba885888.pdf,ed8c2af1ba885888349506d6a6aef206163d69afadcf3876cfbe39b4eb77bcf5,Manually checked every physical-page boundary in cache packet against prior complete actual statement inspection. One thermal two-vessel problem. No additional top-level statement.,full_paper_boundaries_verified,1
physical_paper,2398,paper_boundary_audit,rutst,2021,,2398,originals/rutst/2021/RuTST_2021_W_Q1__e401a723ef09dcb1.pdf,e401a723ef09dcb1d5352454d35944ccb1f12655acec50eedfa0124daa345528,Manually checked every physical-page boundary in cache packet against prior complete actual statement inspection. One ravine mechanics problem. No additional top-level statement.,full_paper_boundaries_verified,1
physical_paper,2400,paper_boundary_audit,rutst,2021,,2400,originals/rutst/2021/RuTST_2021_W_Q2__e9090abd20096fc2.pdf,e9090abd20096fc255dd1852a415656df3e798e8fdc38129738a6e262e7a025a,Manually checked every physical-page boundary in cache packet against prior complete actual statement inspection. One point-mass pendulum problem. No additional top-level statement.,full_paper_boundaries_verified,1
physical_paper,2403,paper_boundary_audit,rutst,2021,,2403,originals/rutst/2021/RuTST_2021_W_Q3__ce918f99e0096832.pdf,ce918f99e0096832422cac3bcbc45c5470aa26b3a0bbb8172e5fcb97a28845cd,Manually checked every physical-page boundary in cache packet against prior complete actual statement inspection. One divided gas-cylinder problem. No additional top-level statement.,full_paper_boundaries_verified,1
physical_paper,2404,paper_boundary_audit,rutst,2021,,2404,originals/rutst/2021/RuTST_2021_W_Q4__c6f789f0fde7bcf0.pdf,c6f789f0fde7bcf0f34c9dd1e3ad2984e3c124e23666b76f547880b78e2e1795,Manually checked every physical-page boundary in cache packet against prior complete actual statement inspection. One hexagonal conductor problem. No additional top-level statement.,full_paper_boundaries_verified,1
physical_paper,2407,paper_boundary_audit,rutst,2021,,2407,originals/rutst/2021/RuTST_2021_W_Q5__125bdd31a1e0c82b.pdf,125bdd31a1e0c82bf1046643b9620ea68222d3cbdf026c597b92de6be8998b93,Manually checked every physical-page boundary in cache packet against prior complete actual statement inspection. One capacitor DC circuit problem. No additional top-level statement.,full_paper_boundaries_verified,1
physical_paper,2409,paper_boundary_audit,rutst,2021,,2409,originals/rutst/2021/RuTST_2021_W_Q6__b8df84ae4b1f85d9.pdf,b8df84ae4b1f85d9116fdc0166c7dfab780334e44a955dd1075df3da81d0e03c,"Manually checked every physical-page boundary in cache packet against prior complete actual statement inspection. One charged ring/cylinder problem, internal Parts A-C. No additional top-level statement.",full_paper_boundaries_verified,1
physical_paper,2411,paper_boundary_audit,rutst,2021,,2411,originals/rutst/2021/RuTST_2021_W_Q7__78e39401b00b2233.pdf,78e39401b00b2233ed25ff4144befae77642152c03e35978212a317f11cfb70d,"Manually checked every physical-page boundary in cache packet against prior complete actual statement inspection. One shadow-tracking mechanics experiment, internal Parts A-D. No additional top-level statement.",full_paper_boundaries_verified,1
physical_paper,2414,paper_boundary_audit,rutst,2021,,2414,originals/rutst/2021/RuTST_2021_W_Q8__5b982ebd2757ff14.pdf,5b982ebd2757ff1480ef53388533e6c8b75081831251c57c74ad4d512d0a1073,Manually checked every physical-page boundary in cache packet against prior complete actual statement inspection. One W21-E1 rolling/sliding-friction experiment. No additional top-level statement.,full_paper_boundaries_verified,1
physical_paper,2415,paper_boundary_audit,rutst,2021,,2415,originals/rutst/2021/RuTST_2021_W_Q9__1421c4466b9dfde3.pdf,1421c4466b9dfde36b58b6905f7ff3111733725d8127a3ccd8da24d7276e47c4,Manually checked every physical-page boundary in cache packet against prior complete actual statement inspection. One salt-solution experiment pp1-2; pp3-4 answer sheets repeat A1/A2. No additional top-level statement.,full_paper_boundaries_verified,1
physical_paper,2417,paper_boundary_audit,rutst,2021,,2417,originals/rutst/2021/RuTST_2021_W_Q10__2d5a985b3d5ea50d.pdf,2d5a985b3d5ea50dbc57932903d6886f3c6a937d639791d9a4f07ca7bc3fbc64,Manually checked every physical-page boundary in cache packet against prior complete actual statement inspection. One DC electrical-circuit problem. No additional top-level statement.,full_paper_boundaries_verified,1
physical_paper,2419,paper_boundary_audit,rutst,2020,,2419,originals/rutst/2020/RuTST_2020_X_Q1__53a0a5ae1f01255a.pdf,53a0a5ae1f01255a54a93065505d5c23d18c3d72797cd206ce65d2ed6245e6b7,"Manually checked every physical-page boundary in cache packet against prior complete actual statement inspection. One billiard-ball problem, internal Parts A-C. No additional top-level statement.",full_paper_boundaries_verified,1
physical_paper,2421,paper_boundary_audit,rutst,2020,,2421,originals/rutst/2020/RuTST_2020_X_Q2__ca34bf89320c78b8.pdf,ca34bf89320c78b817f793cf9e2b0929f844486efce3386f0feee0804dcbf771,"Manually checked every physical-page boundary in cache packet against prior complete actual statement inspection. One gas quadrilateral, internal Parts A-B. No additional top-level statement.",full_paper_boundaries_verified,1
physical_paper,2422,paper_boundary_audit,rutst,2020,,2422,originals/rutst/2020/RuTST_2020_X_Q3__c18408bb91c6ad0d.pdf,c18408bb91c6ad0dd6079565a495c155305d32d54cb1372e6b853748f272c42b,"Manually checked every physical-page boundary in cache packet against prior complete actual statement inspection. One aerodynamic stability problem, internal Parts A-B. No additional top-level statement.",full_paper_boundaries_verified,1
physical_paper,2426,paper_boundary_audit,rutst,2020,,2426,originals/rutst/2020/RuTST_2020_X_Q4__21c03c49c9bfcc2d.pdf,21c03c49c9bfcc2d8f36fc358b42a0cc150dc776c907950d9e2d1591efba1ed3,Manually checked every physical-page boundary in cache packet against prior complete actual statement inspection. One line/plane particle problem. No additional top-level statement.,full_paper_boundaries_verified,1
physical_paper,2427,paper_boundary_audit,rutst,2020,,2427,originals/rutst/2020/RuTST_2020_X_Q5__b5d6ab3dac2a6937.pdf,b5d6ab3dac2a6937b56733e3d27879a231a6efde01d21acc85382b05b67d3f87,Manually checked every physical-page boundary in cache packet against prior complete actual statement inspection. One charged elliptical-orbit light-source problem. No additional top-level statement.,full_paper_boundaries_verified,1
physical_paper,2430,paper_boundary_audit,rutst,2020,,2430,originals/rutst/2020/RuTST_2020_X_Q6__5473365a45222979.pdf,5473365a45222979cbdc3202eff59f1731c09547a906e8d636d659e12bd89e79,"Manually checked every physical-page boundary in cache packet against prior complete actual statement inspection. One Halbach magnetic assembly problem, internal Parts A-C. No additional top-level statement.",full_paper_boundaries_verified,1
physical_paper,2431,paper_boundary_audit,rutst,2020,,2431,originals/rutst/2020/RuTST_2020_X_Q7__8e31fa16e92cb4de.pdf,8e31fa16e92cb4dee2950aacf31a2f877db9f7b78b2c9e7ed130bdf297f11b95,"Manually checked every physical-page boundary in cache packet against prior complete actual statement inspection. One elevator problem, internal Parts A-C. No additional top-level statement.",full_paper_boundaries_verified,1
physical_paper,2433,paper_boundary_audit,rutst,2020,,2433,originals/rutst/2020/RuTST_2020_X_Q8__ea7c764600b52fe8.pdf,ea7c764600b52fe8d61946c5dd4d35bb5f008103e49997acecb1c9c57d995d46,"Manually checked every physical-page boundary in cache packet against prior complete actual statement inspection. One liquid-nitrogen thermal experiment, internal Parts A-E. No additional top-level statement.",full_paper_boundaries_verified,1
physical_paper,2435,paper_boundary_audit,rutst,2020,,2435,originals/rutst/2020/RuTST_2020_X_Q9__f0ecf050e6ae5560.pdf,f0ecf050e6ae55604cc824a4d8fbf0ede2cbdbf38ed46f542291fdc0fd877373,"Manually checked every physical-page boundary in cache packet against prior complete actual statement inspection. One plate-inertia experiment, shared apparatus. No additional top-level statement.",full_paper_boundaries_verified,1
physical_paper,2437,paper_boundary_audit,rutst,2020,,2437,originals/rutst/2020/RuTST_2020_X_Q10__b82933c87f89dcb5.pdf,b82933c87f89dcb5673f2be151022136e09bf4083656441e678a045c837c1503,"Manually checked every physical-page boundary in cache packet against prior complete actual statement inspection. One cellular ion-channel simulation, internal Parts A-C. Blank-extraction p4 rendered: Appendix supplied current-versus-time graphs only; p5 tags/footer. No additional top-level statement.",full_paper_boundaries_verified,1
physical_paper,2439,paper_boundary_audit,rutst,2020,,2439,originals/rutst/2020/RuTST_2020_Y_Q1__cd6c3b9dcf94cd66.pdf,cd6c3b9dcf94cd66dfb6fc417339c54160a8db9c4ad76ed36fb372e59f570772,Manually checked every physical-page boundary in cache packet against prior complete actual statement inspection. One Kelvin heat-engine cycle problem. No additional top-level statement.,full_paper_boundaries_verified,1
physical_paper,2441,paper_boundary_audit,rutst,2020,,2441,originals/rutst/2020/RuTST_2020_Y_Q2__c9f0ea424018e38f.pdf,c9f0ea424018e38fdad86d72ff769077e817d7edcdb43a02cc7cd35d5d1a578d,Manually checked every physical-page boundary in cache packet against prior complete actual statement inspection. One solar-radiation particle problem. No additional top-level statement.,full_paper_boundaries_verified,1
physical_paper,2443,paper_boundary_audit,rutst,2020,,2443,originals/rutst/2020/RuTST_2020_Y_Q3__4476b57d43ca4d08.pdf,4476b57d43ca4d0879e42560e7cd950b757c12c3777da5e981eb3282941aba98,"Manually checked every physical-page boundary in cache packet against prior complete actual statement inspection. One Kapitza pendulum, internal Parts A-B. No additional top-level statement.",full_paper_boundaries_verified,1
physical_paper,2445,paper_boundary_audit,rutst,2020,,2445,originals/rutst/2020/RuTST_2020_Y_Q4__89ac83f355287b14.pdf,89ac83f355287b141361fa8415e91029ae1b88df6dd9c7aad339b6622be821b8,"Complete persisted actual statement inspection reused; all-page cached title/continuation/end boundary evidence manually checked. Added-mass/superconducting analogy, internal Parts A-C. No additional independent question.",full_paper_boundaries_verified,1
physical_paper,2447,paper_boundary_audit,rutst,2020,,2447,originals/rutst/2020/RuTST_2020_Y_Q5__19c3790fc4f611f1.pdf,19c3790fc4f611f100fd36fd07c3f6e16a7b641cf91d298d79f78b3e361b6c08,"Complete persisted actual statement inspection reused; all-page cached title/continuation/end boundary evidence manually checked. Electrons in magnetic field, internal Parts A-B. No additional independent question.",full_paper_boundaries_verified,1
physical_paper,2449,paper_boundary_audit,rutst,2020,,2449,originals/rutst/2020/RuTST_2020_Y_Q6__28ec20363a01b9de.pdf,28ec20363a01b9dee3276f6c03c18c096f0e14627fca1215fbd6b12941ba441b,"Complete persisted actual statement inspection reused; all-page cached title/continuation/end boundary evidence manually checked. Polarization/Pockels/interference, internal Parts A-C. No additional independent question.",full_paper_boundaries_verified,1
physical_paper,2451,paper_boundary_audit,rutst,2020,,2451,originals/rutst/2020/RuTST_2020_Y_Q7__6c936c74532cbaac.pdf,6c936c74532cbaac778561cfac344a7c6b43d2db43e65963fa19f9fe325060c3,"Complete persisted actual statement inspection reused; all-page cached title/continuation/end boundary evidence manually checked. Sliding block, internal Parts A-B. No additional independent question.",full_paper_boundaries_verified,1
physical_paper,2454,paper_boundary_audit,rutst,2020,,2454,originals/rutst/2020/RuTST_2020_Y_Q9__1420852466e73eb8.pdf,1420852466e73eb89650bae2c11695c3ec8efb6686ee7342dc514adcc464198e,Complete persisted actual statement inspection reused; all-page cached title/continuation/end boundary evidence manually checked. One AC resonance experiment. No additional independent question.,full_paper_boundaries_verified,1
physical_paper,2455,paper_boundary_audit,rutst,2020,,2455,originals/rutst/2020/RuTST_2020_Y_Q8__7b4a0fd29d02c323.pdf,7b4a0fd29d02c323928d55b266da714b694ef2f7a7da3bddaa2d565bd63e901d,"Complete persisted actual statement inspection reused; all-page cached title/continuation/end boundary evidence manually checked. Gradient optics experiment, internal Parts A-C and shared apparatus. No additional independent question.",full_paper_boundaries_verified,1
physical_paper,2456,paper_boundary_audit,rutst,2020,,2456,originals/rutst/2020/RuTST_2020_Y_Q10__eb15630235eeaccf.pdf,eb15630235eeaccfd76bece1ea4157d0d19ac217801a13daed7d69619954bb30,"Complete persisted actual statement inspection reused; all-page cached title/continuation/end boundary evidence manually checked. Semiconductor plate experiment, internal Parts A-B. No additional independent question.",full_paper_boundaries_verified,1
physical_paper,2460,paper_boundary_audit,rutst,2019,,2460,originals/rutst/2019/RuTST_2019_X_Q1__727b41a95201402c.pdf,727b41a95201402c254711c9029a470ecf7c820ab7516ebe522a75b93c932f5e,Complete persisted actual statement inspection reused; all-page cached title/continuation/end boundary evidence manually checked. One gravitational three-body problem. No additional independent question.,full_paper_boundaries_verified,1
physical_paper,2462,paper_boundary_audit,rutst,2019,,2462,originals/rutst/2019/RuTST_2019_X_Q2__6c1dc6e1100fd717.pdf,6c1dc6e1100fd71766a3105220814ca35b5d684820315817dd566518a98c6a6a,"Complete persisted actual statement inspection reused; all-page cached title/continuation/end boundary evidence manually checked. Thermoelectricity, internal Parts A-C. No additional independent question.",full_paper_boundaries_verified,1
physical_paper,2464,paper_boundary_audit,rutst,2019,,2464,originals/rutst/2019/RuTST_2019_X_Q3__ef3a5194638fb45c.pdf,ef3a5194638fb45c64e542fc99518a32b937378efd41adbb9cd4d8baeb5e5638,"Complete persisted actual statement inspection reused; all-page cached title/continuation/end boundary evidence manually checked. Electrical discharge, internal Parts A-B. No additional independent question.",full_paper_boundaries_verified,1
physical_paper,2466,paper_boundary_audit,rutst,2019,,2466,originals/rutst/2019/RuTST_2019_X_Q4__5d9a401dee2651a4.pdf,5d9a401dee2651a46b7094fffe40c665a5363d0ab30af35436bcb75d53e8d61e,Complete persisted actual statement inspection reused; all-page cached title/continuation/end boundary evidence manually checked. One pursuit-motion problem. No additional independent question.,full_paper_boundaries_verified,1
physical_paper,2468,paper_boundary_audit,rutst,2019,,2468,originals/rutst/2019/RuTST_2019_X_Q5__187a5bc93a1cc27f.pdf,187a5bc93a1cc27f2c2e4f09967d77095781ea38d236b3d0f739b41c736b64d8,Complete persisted actual statement inspection reused; all-page cached title/continuation/end boundary evidence manually checked. One isobar-map/weather problem. No additional independent question.,full_paper_boundaries_verified,1
physical_paper,2469,paper_boundary_audit,rutst,2019,,2469,originals/rutst/2019/RuTST_2019_X_Q6__ca5d436e0110611e.pdf,ca5d436e0110611e98c73c87404bc1a28781fa68c561dd64e190c054003dc2d0,Complete persisted actual statement inspection reused; all-page cached title/continuation/end boundary evidence manually checked. One thermal rocket problem. No additional independent question.,full_paper_boundaries_verified,1
physical_paper,2471,paper_boundary_audit,rutst,2019,,2471,originals/rutst/2019/RuTST_2019_X_Q7__0906892fa4b36906.pdf,0906892fa4b36906ce2190ab5efe03fa6b1655e73795c11a406c22517d668850,Complete persisted actual statement inspection reused; all-page cached title/continuation/end boundary evidence manually checked. One rotating mercury-cylinder problem. No additional independent question.,full_paper_boundaries_verified,1
physical_paper,2473,paper_boundary_audit,rutst,2019,,2473,originals/rutst/2019/RuTST_2019_X_Q8__17510f0de38f1049.pdf,17510f0de38f1049aa16ba60fb9585aef6ac4cef673656b778369bcaf91776d2,Complete persisted actual statement inspection reused; all-page cached title/continuation/end boundary evidence manually checked. One mirror-wall liquid-cylinder problem. No additional independent question.,full_paper_boundaries_verified,1
physical_paper,2475,paper_boundary_audit,rutst,2019,,2475,originals/rutst/2019/RuTST_2019_Y_Q1__c40e28b3b12ed535.pdf,c40e28b3b12ed5351852ac5f7bd04abe6b1410b2d81a040e19e7972109ee6aa8,"Complete persisted actual statement inspection reused; all-page cached title/continuation/end boundary evidence manually checked. Superresolution fluorescence, internal Parts A-C. No additional independent question.",full_paper_boundaries_verified,1
physical_paper,2477,paper_boundary_audit,rutst,2019,,2477,originals/rutst/2019/RuTST_2019_Y_Q2__e549ac42d217fdc6.pdf,e549ac42d217fdc6fba9b3f83f75f33c595281e3088f65d2d8595153a473baf5,"Complete persisted actual statement inspection reused; all-page cached title/continuation/end boundary evidence manually checked. Gravitational lensing, internal Parts A-C. No additional independent question.",full_paper_boundaries_verified,1
physical_paper,2479,paper_boundary_audit,rutst,2019,,2479,originals/rutst/2019/RuTST_2019_Y_Q3__5c3c76177fd4e298.pdf,5c3c76177fd4e29816d040adf4520bca8d8c517585d0993ccea1b5b205e1e323,Complete persisted actual statement inspection reused; all-page cached title/continuation/end boundary evidence manually checked. One magnetic material separation problem. No additional independent question.,full_paper_boundaries_verified,1
physical_paper,2481,paper_boundary_audit,rutst,2019,,2481,originals/rutst/2019/RuTST_2019_Y_Q4__879c4844a8676059.pdf,879c4844a867605999bdf6637dc905fd3361b145f7689daabfb82d5109f4afb9,"Complete persisted actual statement inspection reused; all-page cached title/continuation/end boundary evidence manually checked. Membrane ion-channel problem, internal Parts A-C. No additional independent question.",full_paper_boundaries_verified,1
physical_paper,2483,paper_boundary_audit,rutst,2019,,2483,originals/rutst/2019/RuTST_2019_Y_Q5__ba11c6aac3fa9f43.pdf,ba11c6aac3fa9f43bd9f91e9e32255b9ee53cc3713d69f5c9aaac0248c252b4d,Complete persisted actual statement inspection reused; all-page cached title/continuation/end boundary evidence manually checked. One superfluid helium problem. No additional independent question.,full_paper_boundaries_verified,1
physical_paper,2485,paper_boundary_audit,rutst,2019,,2485,originals/rutst/2019/RuTST_2019_Y_Q6__7fb1ef612de27c4f.pdf,7fb1ef612de27c4fd940907f00ac2a555a73dd15560d4faa8a5f6bb376842df0,Complete persisted actual statement inspection reused; all-page cached title/continuation/end boundary evidence manually checked. One phase/group-velocity problem. No additional independent question.,full_paper_boundaries_verified,1
physical_paper,2487,paper_boundary_audit,rutst,2018,,2487,originals/rutst/2018/RuTST_2018_X_Q1__aeec90e786ac11e3.pdf,aeec90e786ac11e3dcfd0bb9a4114cc049a156b4d0da2242a00c8593c02be371,Complete persisted actual statement inspection reused; all-page cached title/continuation/end boundary evidence manually checked. One spinning-ball mechanics problem. No additional independent question.,full_paper_boundaries_verified,1
physical_paper,2488,paper_boundary_audit,rutst,2018,,2488,originals/rutst/2018/RuTST_2018_X_Q2__eda16e8ab698d6b0.pdf,eda16e8ab698d6b00966acc78c4e24dacd3dc4042a305d9a6e103368f8e07782,Complete persisted actual statement inspection reused; all-page cached title/continuation/end boundary evidence manually checked. One upwind sailing problem. No additional independent question.,full_paper_boundaries_verified,1
physical_paper,2491,paper_boundary_audit,rutst,2018,,2491,originals/rutst/2018/RuTST_2018_X_Q3__2f9b1d8581fd7b22.pdf,2f9b1d8581fd7b22cf1d725e1476403ad28822a0661b24e3da32145d5cb9f979,Complete persisted actual statement inspection reused; all-page cached title/continuation/end boundary evidence manually checked. One submerged-air-bubble problem. No additional independent question.,full_paper_boundaries_verified,1
physical_paper,2493,paper_boundary_audit,rutst,2018,,2493,originals/rutst/2018/RuTST_2018_X_Q4__a7dedb42cf9c01f0.pdf,a7dedb42cf9c01f04e1903e1b6de0b3020161b73fa59764972dcb1acc002f513,Complete persisted actual statement inspection reused; all-page cached title/continuation/end boundary evidence manually checked. One constant-power electrical source problem. No additional independent question.,full_paper_boundaries_verified,1
physical_paper,2495,paper_boundary_audit,rutst,2018,,2495,originals/rutst/2018/RuTST_2018_X_Q5__01dfa4be5087173b.pdf,01dfa4be5087173be95f2b8c7e165325d986698e22ccf0794e6477f65a076dc4,Complete persisted actual statement inspection reused; all-page cached title/continuation/end boundary evidence manually checked. One two-parallel-mirror problem. No additional independent question.,full_paper_boundaries_verified,1
physical_paper,2496,paper_boundary_audit,rutst,2018,,2496,originals/rutst/2018/RuTST_2018_X_Q6__c8f5536e81740b1c.pdf,c8f5536e81740b1c2e5d5e23b9ea88db431e6b740db4602ceb7fd7ff19d49c2f,"Complete persisted actual statement inspection reused; all-page cached title/continuation/end boundary evidence manually checked. System stability, internal Parts A-C. No additional independent question.",full_paper_boundaries_verified,1
physical_paper,2499,paper_boundary_audit,rutst,2018,,2499,originals/rutst/2018/RuTST_2018_X_Q7__d910a20ee8ba44b3.pdf,d910a20ee8ba44b36c66550f3154218a951e1eed0179e8b67bbfcf75500abfc1,Complete persisted actual statement inspection reused; all-page cached title/continuation/end boundary evidence manually checked. One boomerang motion problem. No additional independent question.,full_paper_boundaries_verified,1
physical_paper,2501,paper_boundary_audit,rutst,2018,,2501,originals/rutst/2018/RuTST_2018_X_Q8__5344c47086b2aaf7.pdf,5344c47086b2aaf7219b2f64ef5b68f9a0358e8769e6be6dc5a8675ec1867884,"Complete persisted actual statement inspection reused; all-page cached title/continuation/end boundary evidence manually checked. Comet, internal Parts A-B. No additional independent question.",full_paper_boundaries_verified,1
physical_paper,2503,paper_boundary_audit,rutst,2018,,2503,originals/rutst/2018/RuTST_2018_Y_Q1__8ed6b66d6ec8d418.pdf,8ed6b66d6ec8d4183ede4ffe1362f22f4b5042bf382f83902414f774d0f863ed,"Complete persisted actual statement inspection reused; all-page cached title/continuation/end boundary evidence manually checked. One SERS spectroscopy problem, internal Parts A-D. No additional independent question.",full_paper_boundaries_verified,1
physical_paper,2505,paper_boundary_audit,rutst,2018,,2505,originals/rutst/2018/RuTST_2018_Y_Q2__5218f03e0428c709.pdf,5218f03e0428c709eacd6836bafd2dc4f3b33d2bd253c0c5b25592599d56058c,Complete persisted actual statement inspection reused; all-page cached title/continuation/end boundary evidence manually checked. One magnetic field/star-contraction problem. No additional independent question.,full_paper_boundaries_verified,1
physical_paper,2506,paper_boundary_audit,rutst,2018,,2506,originals/rutst/2018/RuTST_2018_Y_Q3__7e2646c406c6bbe3.pdf,7e2646c406c6bbe3fb37fc1d00a1b1023e885656fccd78b170208413497cc2e0,"Complete persisted actual statement inspection reused; all-page cached title/continuation/end boundary evidence manually checked. One gravitation/electromagnetic analogy problem, p2 tags/footer. No additional independent question.",full_paper_boundaries_verified,1
physical_paper,2507,paper_boundary_audit,rutst,2018,,2507,originals/rutst/2018/RuTST_2018_Y_Q4__a0b7801abf2946c0.pdf,a0b7801abf2946c0fbd3e12f41dce2ab81c3fdec89c73c95632cf3588bf7c686,Complete persisted actual statement inspection reused; all-page cached title/continuation/end boundary evidence manually checked. One freezing-rain problem. No additional independent question.,full_paper_boundaries_verified,1
physical_paper,2508,paper_boundary_audit,rutst,2018,,2508,originals/rutst/2018/RuTST_2018_Y_Q5__bcfa06aa47853263.pdf,bcfa06aa478532635ec0306c32217f3210e403495d926d032e39272a44732d08,"Complete persisted actual statement inspection reused; all-page cached title/continuation/end boundary evidence manually checked. One analemma problem, internal Parts A-C. No additional independent question.",full_paper_boundaries_verified,1
physical_paper,2509,paper_boundary_audit,rutst,2018,,2509,originals/rutst/2018/RuTST_2018_Y_Q6__6b5057b0c0f0de23.pdf,6b5057b0c0f0de239cb3d20c516619e2101979c2ea9b5fbc9bc9d53478a00f4e,"Complete persisted actual statement inspection reused; all-page cached title/continuation/end boundary evidence manually checked. One antenna problem, internal Parts A-C. No additional independent question.",full_paper_boundaries_verified,1
physical_paper,2510,paper_boundary_audit,rutst,2017,,2510,originals/rutst/2017/RuTST_2017_X_Q1__cebf98dccbdee1bb.pdf,cebf98dccbdee1bb4b1b01c7ec8524a086b923ae9ae79ad66c79ebe0a57b793c,Complete persisted actual statement inspection reused; all-page cached title/continuation/end boundary evidence manually checked. One suspended-rod problem. No additional independent question.,full_paper_boundaries_verified,1
physical_paper,2512,paper_boundary_audit,rutst,2017,,2512,originals/rutst/2017/RuTST_2017_X_Q2__3c2b8a33873600de.pdf,3c2b8a33873600def756871808b9946a1cc60dc7ccbff787ac875bf1ee4f05ec,Complete persisted actual statement inspection reused; all-page cached title/continuation/end boundary evidence manually checked. One ideal-gas cyclic process. No additional independent question.,full_paper_boundaries_verified,1
physical_paper,2513,paper_boundary_audit,rutst,2017,,2513,originals/rutst/2017/RuTST_2017_X_Q3__9b35d53138e87061.pdf,9b35d53138e87061fe271072c20da19563e6c46a14e383e6f11dcb3b4d57f27d,Complete persisted actual statement inspection reused; all-page cached title/continuation/end boundary evidence manually checked. One infinite-wire-network problem. No additional independent question.,full_paper_boundaries_verified,1
physical_paper,2515,paper_boundary_audit,rutst,2017,,2515,originals/rutst/2017/RuTST_2017_X_Q4__5e0fb9576302dc3d.pdf,5e0fb9576302dc3d6e2ed2a38ca987c6c79ce8cfd63a52a23fe13ddabf930c1b,Complete persisted actual statement inspection reused; all-page cached title/continuation/end boundary evidence manually checked. One two-thermodynamic-cycle problem. No additional independent question.,full_paper_boundaries_verified,1
physical_paper,2516,paper_boundary_audit,rutst,2017,,2516,originals/rutst/2017/RuTST_2017_X_Q5__09d36089c0ec9822.pdf,09d36089c0ec9822bea71f9c2b1a246b534d381b0267ebf3c338c23000f16591,Complete persisted actual statement inspection reused; all-page cached title/continuation/end boundary evidence manually checked. One switched electrical-circuit problem. No additional independent question.,full_paper_boundaries_verified,1
physical_paper,2517,paper_boundary_audit,rutst,2017,,2517,originals/rutst/2017/RuTST_2017_X_Q6__5cf8bfb3a82f0969.pdf,5cf8bfb3a82f0969e86c5c8b2d585757633237e8977141312af19d854f5100ed,Every physical page boundary manually inspected in cached packet; full actual statement inspection already persisted and reused. Isothermal atmosphere. One top-level problem; no omitted independent statement.,full_paper_boundaries_verified,1
physical_paper,2519,paper_boundary_audit,rutst,2017,,2519,originals/rutst/2017/RuTST_2017_Y_Q1__0277c7b36dd5cf44.pdf,0277c7b36dd5cf44a6b0264d8ef406ea3d7c220afb443a92ed39ff6e41c5e681,Every physical page boundary manually inspected in cached packet; full actual statement inspection already persisted and reused. Spinning sphere in hole. One top-level problem; no omitted independent statement.,full_paper_boundaries_verified,1
physical_paper,2522,paper_boundary_audit,rutst,2017,,2522,originals/rutst/2017/RuTST_2017_Y_Q2__22a967fbc5eaeb8d.pdf,22a967fbc5eaeb8dc48891f426c2f1e150def00a3c19fdbaefc7a88bcb4e9093,Every physical page boundary manually inspected in cached packet; full actual statement inspection already persisted and reused. Spring between capacitor plates. One top-level problem; no omitted independent statement.,full_paper_boundaries_verified,1
physical_paper,2524,paper_boundary_audit,rutst,2017,,2524,originals/rutst/2017/RuTST_2017_Y_Q3__02b28f3fda78af2d.pdf,02b28f3fda78af2d907506f11f6a370e776e7f183ea77415145210ea49e4ae2c,Every physical page boundary manually inspected in cached packet; full actual statement inspection already persisted and reused. Optical fiber. One top-level problem; no omitted independent statement.,full_paper_boundaries_verified,1
physical_paper,2525,paper_boundary_audit,rutst,2017,,2525,originals/rutst/2017/RuTST_2017_Y_Q4__29d574b17669b38b.pdf,29d574b17669b38b5d5e0feee7f2dd27bbd46ab8f55143f15ddc71a2faf00711,"Every physical page boundary manually inspected in cached packet; full actual statement inspection already persisted and reused. Elastic deformation and beam, internal Parts A-C; p3 footer. One top-level problem; no omitted independent statement.",full_paper_boundaries_verified,1
physical_paper,2527,paper_boundary_audit,rutst,2017,,2527,originals/rutst/2017/RuTST_2017_Y_Q5__81ef98d05bf554d6.pdf,81ef98d05bf554d6a4a531d175f3e0ac970e65a0cc11e8729e0e2e1ab3bbb3bd,"Every physical page boundary manually inspected in cached packet; full actual statement inspection already persisted and reused. Rocket-nozzle gas flow, internal Parts A-D; p2 footer. One top-level problem; no omitted independent statement.",full_paper_boundaries_verified,1
physical_paper,2529,paper_boundary_audit,rutst,2017,,2529,originals/rutst/2017/RuTST_2017_Y_Q6__75f45c733e568aa9.pdf,75f45c733e568aa9c1ba3c6d24788a2e8f7836ca21d9ac2190b2c75aee5b829a,Every physical page boundary manually inspected in cached packet; full actual statement inspection already persisted and reused. Internal Parts A-C modified Newtonian dynamics/relativity; known original A2 truncation retained and previously reviewed; p2 tags/footer. One top-level problem; no omitted independent statement.,full_paper_boundaries_verified,1
physical_paper,2530,paper_boundary_audit,rutst,2016,,2530,originals/rutst/2016/RuTST_2016_X_Q1__0a65792b1e175ee1.pdf,0a65792b1e175ee17bc6bec2a7b14a63a5ebf6ac8eae935981e772779ced008a,"Every physical page boundary manually inspected in cached packet; full actual statement inspection already persisted and reused. Photoactive membrane-protein model, internal Parts A-E; p5 footer. One top-level problem; no omitted independent statement.",full_paper_boundaries_verified,1
physical_paper,2531,paper_boundary_audit,rutst,2016,,2531,originals/rutst/2016/RuTST_2016_X_Q2__7e1acf45c1a516c7.pdf,7e1acf45c1a516c71e32049d83c8919251b058d834832f34e70219f8ae310ded,"Every physical page boundary manually inspected in cached packet; full actual statement inspection already persisted and reused. Real gas/Joule-Thomson, internal Parts A-E. One top-level problem; no omitted independent statement.",full_paper_boundaries_verified,1
physical_paper,2532,paper_boundary_audit,rutst,2016,,2532,originals/rutst/2016/RuTST_2016_X_Q3__13aa96ea913a4ab8.pdf,13aa96ea913a4ab85e21112483cbeaf880f8f97946bd6f948719939c05526b94,Every physical page boundary manually inspected in cached packet; full actual statement inspection already persisted and reused. Pendulum near dielectric. One top-level problem; no omitted independent statement.,full_paper_boundaries_verified,1
physical_paper,2536,paper_boundary_audit,rutst,2016,,2536,originals/rutst/2016/RuTST_2016_X_Q4__8f2e844c98b52078.pdf,8f2e844c98b5207851ce2808791bdb20ac5f543e90db5bee4ac7e8d12bfafeb2,Every physical page boundary manually inspected in cached packet; full actual statement inspection already persisted and reused. Polyatomic gas process. One top-level problem; no omitted independent statement.,full_paper_boundaries_verified,1
physical_paper,2537,paper_boundary_audit,rutst,2016,,2537,originals/rutst/2016/RuTST_2016_X_Q5__350254e9ab2d4fed.pdf,350254e9ab2d4fed8fc6f343bd5b2126802ea5c47f449c07c82f19c11cd15773,Every physical page boundary manually inspected in cached packet; full actual statement inspection already persisted and reused. Capacitor charge. One top-level problem; no omitted independent statement.,full_paper_boundaries_verified,1
physical_paper,2538,paper_boundary_audit,rutst,2016,,2538,originals/rutst/2016/RuTST_2016_Y_Q1__ac29e12859b1ed21.pdf,ac29e12859b1ed21f6055ee5c1ebcf9e2c126a7d01d98843af0b501496a27d8a,"Every physical page boundary manually inspected in cached packet; full actual statement inspection already persisted and reused. Quartz polarization, internal Parts A-B; p2 tags/footer. One top-level problem; no omitted independent statement.",full_paper_boundaries_verified,1
physical_paper,2539,paper_boundary_audit,rutst,2016,,2539,originals/rutst/2016/RuTST_2016_Y_Q2__92615252fe873695.pdf,92615252fe8736952f66046a70360f6db8717b8409b73cbd7e2143d60bd42cc3,"Every physical page boundary manually inspected in cached packet; full actual statement inspection already persisted and reused. Phase transition/osmosis, internal Parts A-B. One top-level problem; no omitted independent statement.",full_paper_boundaries_verified,1
physical_paper,2541,paper_boundary_audit,rutst,2016,,2541,originals/rutst/2016/RuTST_2016_Y_Q3__c9e6f74bd7cf376b.pdf,c9e6f74bd7cf376b8dd4c82b46fe8498d61d111383ab1165001ad36132b5a924,Every physical page boundary manually inspected in cached packet; full actual statement inspection already persisted and reused. Wedge and block. One top-level problem; no omitted independent statement.,full_paper_boundaries_verified,1
physical_paper,2542,paper_boundary_audit,rutst,2016,,2542,originals/rutst/2016/RuTST_2016_Y_Q4__6ea3934c7cdc3029.pdf,6ea3934c7cdc3029567f43a7f6f9e7d5d85a6ceeacb3c9def231943c8de4f7d0,"Every physical page boundary manually inspected in cached packet; full actual statement inspection already persisted and reused. Electrical pulses, internal Parts A-D. One top-level problem; no omitted independent statement.",full_paper_boundaries_verified,1
physical_paper,2543,paper_boundary_audit,rutst,2016,,2543,originals/rutst/2016/RuTST_2016_Y_Q5__16ff68a98e037267.pdf,16ff68a98e03726745a38d90d53eb6cdad922dce050326a84d745751c8c215be,Every physical page boundary manually inspected in cached packet; full actual statement inspection already persisted and reused. Orbiting rocket. One top-level problem; no omitted independent statement.,full_paper_boundaries_verified,1
physical_paper,2546,paper_boundary_audit,rutst,2014,,2546,originals/rutst/2014/RuTST_2014_Y_Q1__969061b97598a698.pdf,969061b97598a6987d557612ac3212f94708872de0df1ae658c239c93fb968f4,Every physical page boundary manually inspected in cached packet; full actual statement inspection already persisted and reused. Guided mechanical component. One top-level problem; no omitted independent statement.,full_paper_boundaries_verified,1
physical_paper,2547,paper_boundary_audit,rutst,2016,,2547,originals/rutst/2016/RuTST_2016_Y_Q6__c633b238334f616c.pdf,c633b238334f616cfd2dba32cbab038c08172ce6f233754fd823b48141692c8d,Every physical page boundary manually inspected in cached packet; full actual statement inspection already persisted and reused. Solenoid-capacitor. One top-level problem; no omitted independent statement.,full_paper_boundaries_verified,1
physical_paper,2548,paper_boundary_audit,rutst,2014,,2548,originals/rutst/2014/RuTST_2014_Y_Q2__6ccd9bacaad47120.pdf,6ccd9bacaad4712011d2b839352696899ab66b28279b3cf29558b4891ded0fc4,"Every physical page boundary manually inspected in cached packet; full actual statement inspection already persisted and reused. Gas polytrope, internal Parts A-B. One top-level problem; no omitted independent statement.",full_paper_boundaries_verified,1
physical_paper,2549,paper_boundary_audit,rutst,2014,,2549,originals/rutst/2014/RuTST_2014_Y_Q3__3a62aa59e2a0a3c5.pdf,3a62aa59e2a0a3c50e6b251157c096e4087f3a79613d1533a51b5331ec42499c,Every physical page boundary manually inspected in cached packet; full actual statement inspection already persisted and reused. Glass prism. One top-level problem; no omitted independent statement.,full_paper_boundaries_verified,1
physical_paper,2550,paper_boundary_audit,rutst,2014,,2550,originals/rutst/2014/RuTST_2014_Y_Q4__596d5aa8187749b1.pdf,596d5aa8187749b1ba8983f052de8d78cffe92ace8e7e7d880d80c33c7aef1cb,Every physical page boundary manually inspected in cached packet; full actual statement inspection already persisted and reused. Two-capacitor two-resistor circuit. One top-level problem; no omitted independent statement.,full_paper_boundaries_verified,1
physical_paper,2551,paper_boundary_audit,rutst,2014,,2551,originals/rutst/2014/RuTST_2014_Y_Q6__062ff54ce2cdf86c.pdf,062ff54ce2cdf86c662e7a694a51bb7aab03371996d84085a315243073dd2584,Every physical page boundary manually inspected in cached packet; full actual statement inspection already persisted and reused. Solar orbit spacecraft. One top-level problem; no omitted independent statement.,full_paper_boundaries_verified,1
physical_paper,2552,paper_boundary_audit,rutst,2014,,2552,originals/rutst/2014/RuTST_2014_Y_Q5__e249a6d61506eb8c.pdf,e249a6d61506eb8cc0b242ce2cead20bdb795f0f4e82447f6117c2524ceefe9c,Every physical page boundary manually inspected in cached packet; full actual statement inspection already persisted and reused. Inverse Compton photon-electron. One top-level problem; no omitted independent statement.,full_paper_boundaries_verified,1
physical_paper,2553,paper_boundary_audit,rutst,2014,,2553,originals/rutst/2014/RuTST_2014_Y_Q7__88e92dbfd5ffced5.pdf,88e92dbfd5ffced566b2a92088b5df91a69b623cde77d943d9bcca6b33be0aa9,Every physical page boundary manually inspected in cached packet; full actual statement inspection already persisted and reused. Two-capacitor inductive circuit. One top-level problem; no omitted independent statement.,full_paper_boundaries_verified,1
physical_paper,2556,paper_boundary_audit,rutst,2014,,2556,originals/rutst/2014/RuTST_2014_Y_Q8__8dd39e1376bccca4.pdf,8dd39e1376bccca45ab1d2cd42cae1947d3fb3e10f9905c7ed388d9d965c14a2,"Every physical page boundary manually inspected in cached packet; full actual statement inspection already persisted and reused. HCl molecular oscillations, internal Parts A-B. One top-level problem; no omitted independent statement.",full_paper_boundaries_verified,1
physical_paper,2557,paper_boundary_audit,rutst,2014,,2557,originals/rutst/2014/RuTST_2014_Y_Q9__b01ff408c99f1d4b.pdf,b01ff408c99f1d4b5f580be95e5f576f9e3ead4a35e383eb086fb810ee393c19,Every physical page boundary manually inspected in cached packet; full actual statement inspection already persisted and reused. Molecular interaction model. One top-level problem; no omitted independent statement.,full_paper_boundaries_verified,1
physical_paper,2558,paper_boundary_audit,rutst,2014,,2558,originals/rutst/2014/RuTST_2014_Y_Q10__bde7e410513c0dff.pdf,bde7e410513c0dffb564eaa48214833ceca3b06242bd0a365f30606491590ed0,Every physical page boundary manually inspected in cached packet; full actual statement inspection already persisted and reused. Thermal decoy. One top-level problem; no omitted independent statement.,full_paper_boundaries_verified,1
physical_paper,2560,paper_boundary_audit,rutst,2013,,2560,originals/rutst/2013/RuTST_2013_Y_Q1__4d53b96af43b687e.pdf,4d53b96af43b687e1a91741760eb008b2d22210a5384c8d152610664e82e80cb,Every physical page boundary manually inspected in cached packet; full actual statement inspection already persisted and reused. Tropical cyclone; known equivalence with source2571 retained. One top-level problem; no omitted independent statement.,full_paper_boundaries_verified,1
physical_paper,2561,paper_boundary_audit,rutst,2013,,2561,originals/rutst/2013/RuTST_2013_Y_Q2__60909a882b41f674.pdf,60909a882b41f674641d116d0956263606843f04077b3aadacb27497e51751c7,Every physical page boundary manually inspected in cached packet; full actual statement inspection already persisted and reused. Fixed electric dipole. One top-level problem; no omitted independent statement.,full_paper_boundaries_verified,1
physical_paper,2562,paper_boundary_audit,rutst,2013,,2562,originals/rutst/2013/RuTST_2013_Y_Q3__1c0887bc7d40e8f2.pdf,1c0887bc7d40e8f203cecdd92fc19070b08b0557283f5869ef76c70d507ac500,Every physical page boundary manually inspected in cached packet; full actual statement inspection already persisted and reused. Solar formation model. One top-level problem; no omitted independent statement.,full_paper_boundaries_verified,1
physical_paper,2563,paper_boundary_audit,rutst,2013,,2563,originals/rutst/2013/RuTST_2013_Y_Q4__8c92d0b740c4bad3.pdf,8c92d0b740c4bad36554bee80b9af95b5a9ccb5fd9f5c75a319fec53d0babeab,Every physical page boundary manually inspected in cached packet; full actual statement inspection already persisted and reused. Ideal-gas processes. One top-level problem; no omitted independent statement.,full_paper_boundaries_verified,1
physical_paper,2564,paper_boundary_audit,rutst,2013,,2564,originals/rutst/2013/RuTST_2013_Y_Q5__a564c40418267b18.pdf,a564c40418267b183104d9c16fe011750b775f65fe38ec6ba60a20b2138c651d,Every physical page boundary manually inspected in cached packet; full actual statement inspection already persisted and reused. LC circuit. One top-level problem; no omitted independent statement.,full_paper_boundaries_verified,1
physical_paper,2565,paper_boundary_audit,rutst,2013,,2565,originals/rutst/2013/RuTST_2013_Y_Q6__6943b83cfe76ee2a.pdf,6943b83cfe76ee2ad6db3fd879fa65a63e4cfe068b7f2bda1f69651193062b9e,Every physical page boundary manually inspected in cached packet; full actual statement inspection already persisted and reused. Soliton supplied model. One top-level problem; no omitted independent statement.,full_paper_boundaries_verified,1
physical_paper,2567,paper_boundary_audit,rutst,2013,,2567,originals/rutst/2013/RuTST_2013_Y_Q7__d45e9212d76bd076.pdf,d45e9212d76bd076bf3995407ec8f1caaf6a2b2a0a3bdb4cd969e9b8ba1594ab,"Every physical page boundary manually inspected in cached packet; full actual statement inspection already persisted and reused. Membrane/diffusion model, internal Parts A-B. One top-level problem; no omitted independent statement.",full_paper_boundaries_verified,1
physical_paper,2568,paper_boundary_audit,rutst,2013,,2568,originals/rutst/2013/RuTST_2013_Y_Q8__9f06f25a3e78fe95.pdf,9f06f25a3e78fe954bc099015501350de7274ebea6cc5d0326e4c3c690bd23aa,Every physical page boundary manually inspected in cached packet; full actual statement inspection already persisted and reused. Three connected weights. One top-level problem; no omitted independent statement.,full_paper_boundaries_verified,1
physical_paper,2569,paper_boundary_audit,rutst,2013,,2569,originals/rutst/2013/RuTST_2013_Y_Q9__2dc7830173079f1d.pdf,2dc7830173079f1dd741f02a61a0cf40ed56c5da82936313099259cbc694608b,Every physical page boundary manually inspected in cached packet; full actual statement inspection already persisted and reused. Satellite orbit. One top-level problem; no omitted independent statement.,full_paper_boundaries_verified,1
physical_paper,2571,paper_boundary_audit,rutst,2012,,2571,originals/rutst/2012/RuTST_2012_Y_Q1__e10ac67d75b72881.pdf,e10ac67d75b72881f672f23c4bb9957dba3c9f1e1b2faf3b37db7fb1c6854b41,"Every physical page boundary manually inspected in cached packet; full actual statement inspection already persisted and reused. Tropical cyclone, internal Parts A-B; already recorded alias of source2560, not a newly discovered unique problem. One top-level problem; no omitted independent statement.",full_paper_boundaries_verified,1
physical_paper,2572,paper_boundary_audit,rutst,2012,,2572,originals/rutst/2012/RuTST_2012_Y_Q2__ac1fd1582e8b3b2e.pdf,ac1fd1582e8b3b2e4734c37d4665eabae5ecc54a2a2d6c697e13ec2023d2b734,Every physical page boundary manually inspected in cached packet; full actual statement inspection already persisted and reused. Blocks on inclined plane. One top-level problem; no omitted independent statement.,full_paper_boundaries_verified,1
physical_paper,2573,paper_boundary_audit,rutst,2012,,2573,originals/rutst/2012/RuTST_2012_Y_Q3__0a70ce2ca79f2a79.pdf,0a70ce2ca79f2a79ba8167aa9553b2ba433c7f22666bc36a84b060a9011e9813,Every physical page boundary manually inspected in cached packet; full actual statement inspection already persisted and reused. Charged beads on loop. One top-level problem; no omitted independent statement.,full_paper_boundaries_verified,1
physical_paper,2574,paper_boundary_audit,mosphys,2024,,2574,originals/mosphys/2024/MOSh_2024_Q1-5__e785f74f3f6ef3bb.pdf,e785f74f3f6ef3bbf82b1f421dca6e461ead6ee42bcff96fddcd0724199be01a,"Manually inspected all physical page boundaries and printed Russian problem headings; reuse prior complete actual statements. Exactly printed problems1-5, already registered (catalogue6-10 for second round). Lettered and numbered internal subparts retained.",full_paper_boundaries_verified,5
physical_paper,2576,paper_boundary_audit,mosphys,2024,,2576,originals/mosphys/2024/MOSh_2024_Q6-10__937301ac27ddd3d9.pdf,937301ac27ddd3d924d36b0bd569876de8cee73d536d32d517e3c7ad68f5eeea,"Manually inspected all physical page boundaries and printed Russian problem headings; reuse prior complete actual statements. Exactly printed problems1-5, already registered (catalogue6-10 for second round). Lettered and numbered internal subparts retained.",full_paper_boundaries_verified,5
physical_paper,2578,paper_boundary_audit,mosphys,2023,,2578,originals/mosphys/2023/MOSh_2023_Q1-5__cef6c8dce39ece6a.pdf,cef6c8dce39ece6a19554713045b072c8cb3bc044ba2abbb50355b47359f9443,"Manually inspected all physical page boundaries and printed Russian problem headings; reuse prior complete actual statements. Exactly printed problems1-5, already registered (catalogue6-10 for second round). Lettered and numbered internal subparts retained.",full_paper_boundaries_verified,5
physical_paper,2580,paper_boundary_audit,mosphys,2023,,2580,originals/mosphys/2023/MOSh_2023_Q6-10__0681c16d4872a09a.pdf,0681c16d4872a09a9bb7ce5cd59a73ec531d171fb01afd9e701ac663ce878f5c,"Manually inspected all physical page boundaries and printed Russian problem headings; reuse prior complete actual statements. Exactly printed problems1-5, already registered (catalogue6-10 for second round). Lettered and numbered internal subparts retained.",full_paper_boundaries_verified,5
physical_paper,2582,paper_boundary_audit,mosphys,2022,,2582,originals/mosphys/2022/MOSh_2022_Q1-5__127333b044056d09.pdf,127333b044056d09228b7e8f7b2e48869a4da61238dd2c94c7a26e3c40036e28,"Manually inspected all physical page boundaries and printed Russian problem headings; reuse prior complete actual statements. Exactly printed problems1-5, already registered (catalogue6-10 for second round). Lettered and numbered internal subparts retained.",full_paper_boundaries_verified,5
physical_paper,2584,paper_boundary_audit,mosphys,2022,,2584,originals/mosphys/2022/MOSh_2022_Q6-10__447301518c4f74ca.pdf,447301518c4f74ca4423d0781a05d0b0cc9b3e97e3aecfaf630e1b65a92857d9,"Manually inspected all physical page boundaries and printed Russian problem headings; reuse prior complete actual statements. Exactly printed problems1-5, already registered (catalogue6-10 for second round). Lettered and numbered internal subparts retained.",full_paper_boundaries_verified,5
physical_paper,2586,paper_boundary_audit,mosphys,2021,,2586,originals/mosphys/2021/MOSh_2021_Q1-5__daef865d52dab5cd.pdf,daef865d52dab5cd7d4d4d11972817c9878170d22aec4137f45e30be59eed992,"Manually inspected all physical page boundaries and printed Russian problem headings; reuse prior complete actual statements. Exactly printed problems1-5, already registered (catalogue6-10 for second round). Lettered and numbered internal subparts retained.",full_paper_boundaries_verified,5
physical_paper,2589,paper_boundary_audit,mosphys,2020,,2589,originals/mosphys/2020/MOSh_2020_Q1-5__1f4f53f2592ca1c0.pdf,1f4f53f2592ca1c0377ee2aaf176d40b9499246e269ef162a875c6f05827a133,"Manually inspected all physical page boundaries and printed Russian problem headings; reuse prior complete actual statements. Exactly printed problems1-5, already registered (catalogue6-10 for second round). Lettered and numbered internal subparts retained.",full_paper_boundaries_verified,5
physical_paper,2590,paper_boundary_audit,mosphys,2021,,2590,originals/mosphys/2021/MOSh_2021_Q6-10__707f3c521e3d5372.pdf,707f3c521e3d537224f176b5a70bf38eb145406c505aaa061e764e62c4ce83dd,"Manually inspected all physical page boundaries and printed Russian problem headings; reuse prior complete actual statements. Exactly printed problems1-5, already registered (catalogue6-10 for second round). Lettered and numbered internal subparts retained.",full_paper_boundaries_verified,5
physical_paper,2592,paper_boundary_audit,mosphys,2020,,2592,originals/mosphys/2020/MOSh_2020_Q6-10__e50fb6db93321cf1.pdf,e50fb6db93321cf14d2e3a4ef68bef31df903821ef7aec04b86a57e9261ec49c,"Manually inspected all physical page boundaries and printed Russian problem headings; reuse prior complete actual statements. Exactly printed problems1-5, already registered (catalogue6-10 for second round). Lettered and numbered internal subparts retained.",full_paper_boundaries_verified,5
physical_paper,2595,paper_boundary_audit,mosphys,2019,,2595,originals/mosphys/2019/MOSh_2019_Q1-5__51a15adea904ffe8.pdf,51a15adea904ffe8e2c295654af29bbfc035e3f58aade6cbe391fec245504910,"Manually inspected all physical page boundaries and printed Russian problem headings; reuse prior complete actual statements. Exactly printed problems1-5, already registered (catalogue6-10 for second round). p6 is grade distribution and marking guidance, not an additional problem. Lettered and numbered internal subparts retained.",full_paper_boundaries_verified,5
physical_paper,2596,paper_boundary_audit,mosphys,2019,,2596,originals/mosphys/2019/MOSh_2019_Q6-10__8a2e977f7a379ed9.pdf,8a2e977f7a379ed9c184336cbac61d77665c32c0a822058509c942eaa0eb214a,"Manually inspected all physical page boundaries and printed Russian problem headings; reuse prior complete actual statements. Exactly printed problems1-5, already registered (catalogue6-10 for second round). Lettered and numbered internal subparts retained.",full_paper_boundaries_verified,5
physical_paper,2599,paper_boundary_audit,mosphys,2018,,2599,originals/mosphys/2018/MOSh_2018_Q1-5__18fb4ed86487b147.pdf,18fb4ed86487b147b47a31c20bb0d597aadef7a85d843c94d22f825d483f8fc6,"Manually inspected all physical page boundaries and printed Russian problem headings; reuse prior complete actual statements. Exactly printed problems1-5, already registered (catalogue6-10 for second round). Lettered and numbered internal subparts retained.",full_paper_boundaries_verified,5
physical_paper,2600,paper_boundary_audit,mosphys,2018,,2600,originals/mosphys/2018/MOSh_2018_Q6-10__a887f270fb277dc2.pdf,a887f270fb277dc23157a20a9470ec453503afb58be8ce4ed96aa64f426d065e,"Manually inspected all physical page boundaries and printed Russian problem headings; reuse prior complete actual statements. Exactly printed problems1-5, already registered (catalogue6-10 for second round). Lettered and numbered internal subparts retained.",full_paper_boundaries_verified,5
physical_paper,2603,paper_boundary_audit,mosphys,2017,,2603,originals/mosphys/2017/MOSh_2017_Q1-5__c0ead18771d56b9f.pdf,c0ead18771d56b9fbfa2fe509364c2104d6def782bfcb0325c77002a3429b209,"Manually inspected all physical page boundaries and printed Russian problem headings; reuse prior complete actual statements. Exactly printed problems1-5, already registered (catalogue6-10 for second round). Lettered and numbered internal subparts retained.",full_paper_boundaries_verified,5
physical_paper,2604,paper_boundary_audit,mosphys,2016,,2604,originals/mosphys/2016/MOSh_2016_Q1-5__e17090c074d69d08.pdf,e17090c074d69d0892283b349dbd2b3a26a6b9e8c001ea62ae39bf807e1bc50d,"Manually inspected all physical page boundaries and printed Russian problem headings; reuse prior complete actual statements. Exactly printed problems1-5, already registered (catalogue6-10 for second round). Lettered and numbered internal subparts retained.",full_paper_boundaries_verified,5
physical_paper,2605,paper_boundary_audit,mosphys,2017,,2605,originals/mosphys/2017/MOSh_2017_Q6-10__fd44ba607f6412ea.pdf,fd44ba607f6412ea631d977d4aea87a560d4c7c03648140316e5ab8acd2da107,"Manually inspected all physical page boundaries and printed Russian problem headings; reuse prior complete actual statements and all-page rendered inspection for scanned source. Exactly printed problems1-5, already registered (catalogue6-10 for second round). Lettered and numbered internal subparts retained.",full_paper_boundaries_verified,5
physical_paper,2608,paper_boundary_audit,mosphys,2016,,2608,originals/mosphys/2016/MOSh_2016_Q6-10__35c79265690083fa.pdf,35c79265690083fa3481641ff33d04167c61ac2d23196369b349b5b60d74935f,"Manually inspected all physical page boundaries and printed Russian problem headings; reuse prior complete actual statements. Exactly printed problems1-5, already registered (catalogue6-10 for second round). Lettered and numbered internal subparts retained.",full_paper_boundaries_verified,5
physical_paper,2610,paper_boundary_audit,mosphys,2015,,2610,originals/mosphys/2015/MOSh_2015_Q1-5__8da336b48ebdf119.pdf,8da336b48ebdf1199556aa02fb340ac7ba1604d7ac535b8b6973786bf294bcef,"Manually inspected all physical page boundaries and printed Russian problem headings; reuse prior complete actual statements. Exactly printed problems1-5, already registered (catalogue6-10 for second round). Lettered and numbered internal subparts retained.",full_paper_boundaries_verified,5
physical_paper,2611,paper_boundary_audit,mosphys,2015,,2611,originals/mosphys/2015/MOSh_2015_Q6-10__fd030f64eb17d458.pdf,fd030f64eb17d458ec18517db4bc12eaca7a90f51f85e05da45f7bf3bca0c887,"Manually inspected all physical page boundaries and printed Russian problem headings; reuse prior complete actual statements. Exactly printed problems1-5, already registered (catalogue6-10 for second round). Lettered and numbered internal subparts retained.",full_paper_boundaries_verified,5
physical_paper,2615,paper_boundary_audit,mosphys,2014,,2615,originals/mosphys/2014/MOSh_2014_Q6-10__274f67a11ca59cce.pdf,274f67a11ca59ccecb95a4bac476dbd3016c2125296b8b69372d6580f7a8490f,"Manually inspected all physical page boundaries and printed Russian problem headings; reuse prior complete actual statements. Exactly printed problems1-5, already registered (catalogue6-10 for second round). Lettered and numbered internal subparts retained.",full_paper_boundaries_verified,5
physical_paper,2616,paper_boundary_audit,mosphys,2014,,2616,originals/mosphys/2014/MOSh_2014_Q1-5__2082e568096e77c1.pdf,2082e568096e77c1736829a51a97ae2a7d396ce63f93e59afbbe04b3c7a70a51,"Manually inspected all physical page boundaries and printed Russian problem headings; reuse prior complete actual statements. Exactly printed problems1-5, already registered (catalogue6-10 for second round). Lettered and numbered internal subparts retained.",full_paper_boundaries_verified,5
physical_paper,2617,paper_boundary_audit,mosphys,2013,,2617,originals/mosphys/2013/MOSh_2013_Q1-5__0482456ed934969c.pdf,0482456ed934969c804bc5faa993ef01da7cdb77eac18d3c4834bfd9c85cab66,"Manually inspected all physical page boundaries and printed Russian problem headings; reuse prior complete actual statements. Exactly printed problems1-5, already registered (catalogue6-10 for second round). Lettered and numbered internal subparts retained.",full_paper_boundaries_verified,5
physical_paper,2619,paper_boundary_audit,mosphys,2013,,2619,originals/mosphys/2013/MOSh_2013_Q6-10__85962527d67c3de9.pdf,85962527d67c3de993be8f4d764e6951699bcb08520d8dac33117a0c0e0bf953,"Manually inspected all physical page boundaries and printed Russian problem headings; reuse prior complete actual statements. Exactly printed problems1-5, already registered (catalogue6-10 for second round). Lettered and numbered internal subparts retained.",full_paper_boundaries_verified,5
physical_paper,2620,paper_boundary_audit,mosphys,2012,,2620,originals/mosphys/2012/MOSh_2012_Q1-5__7e8dbf638b7bcb31.pdf,7e8dbf638b7bcb3133cb61ff7eaf472ab343e1db01fb320ae8f7819dfeecb75a,"Manually inspected all physical page boundaries and printed Russian problem headings; reuse prior complete actual statements. Exactly printed problems1-5, already registered (catalogue6-10 for second round). Lettered and numbered internal subparts retained.",full_paper_boundaries_verified,5
physical_paper,2622,paper_boundary_audit,mosphys,2012,,2622,originals/mosphys/2012/MOSh_2012_Q6-10__5e97bd571039f530.pdf,5e97bd571039f530a0ef956975a9d11acf48b9392ce15eedd0f04bfc826e12eb,"Manually inspected all physical page boundaries and printed Russian problem headings; reuse prior complete actual statements. Exactly printed problems1-5, already registered (catalogue6-10 for second round). Lettered and numbered internal subparts retained.",full_paper_boundaries_verified,5
physical_paper,2625,paper_boundary_audit,mosphys,2011,,2625,originals/mosphys/2011/MOSh_2011_Q6-10__812dc113aa7226c9.pdf,812dc113aa7226c9558de897c88c2b7a3d2f6f498fd47ae4a0c48f8bb3a9c3d0,"Manually inspected all physical page boundaries and printed Russian problem headings; reuse prior complete actual statements. Exactly printed problems1-5, already registered (catalogue6-10 for second round). Lettered and numbered internal subparts retained.",full_paper_boundaries_verified,5
physical_paper,2626,paper_boundary_audit,mosphys,2011,,2626,originals/mosphys/2011/MOSh_2011_Q1-5__1f271e6fd5b87329.pdf,1f271e6fd5b87329f55b76f8100a8e7a5dac31881aea85ed8503352b9d26c9bd,"Manually inspected all physical page boundaries and printed Russian problem headings; reuse prior complete actual statements. Exactly printed problems1-5, already registered (catalogue6-10 for second round). Lettered and numbered internal subparts retained.",full_paper_boundaries_verified,5
physical_paper,2627,paper_boundary_audit,mosphys,2010,,2627,originals/mosphys/2010/MOSh_2010_Q1-5__28f2653d3a1565e8.pdf,28f2653d3a1565e89959f9da9b437b5c5a888609a5e167c967ca651eac572b13,"Manually inspected all physical page boundaries and printed Russian problem headings; reuse prior complete actual statements. Exactly printed problems1-5, already registered (catalogue6-10 for second round). Lettered and numbered internal subparts retained.",full_paper_boundaries_verified,5
physical_paper,2630,paper_boundary_audit,mosphys,2010,,2630,originals/mosphys/2010/MOSh_2010_Q6-10__db2e6416b51418de.pdf,db2e6416b51418deed0b5aa63d403f02389e88ecbbab7d09fb2027715d8b3ee7,"Manually inspected all physical page boundaries and printed Russian problem headings; reuse prior complete actual statements. Exactly printed problems1-5, already registered (catalogue6-10 for second round). Lettered and numbered internal subparts retained.",full_paper_boundaries_verified,5
physical_paper,2632,paper_boundary_audit,inpho,2025,,2632,originals/inpho/2025/InPhO_2025_Q1-5__fecfd0f354aa06ad.pdf,fecfd0f354aa06adedd67a27980c6e20e3dabe50a00abb3088c45df84d836377,"Manually checked every physical page boundary including instructions, response space, rough work and solution pages; reuse prior complete actual statement inspection. Exactly 5 printed top-level problems already registered. No omitted independent problem.",full_paper_boundaries_verified,5
physical_paper,2636,paper_boundary_audit,inpho,2024,,2636,originals/inpho/2024/InPhO_2024_Q1-6__91b3f94ac04052dc.pdf,91b3f94ac04052dc6066d340a0fb75b66709a267449bb436f5f47adac426d264,"Manually checked every physical page boundary including instructions, response space, rough work and solution pages; reuse prior complete actual statement inspection. Exactly 6 printed top-level problems already registered. No omitted independent problem.",full_paper_boundaries_verified,6
physical_paper,2638,paper_boundary_audit,inpho,2023,,2638,originals/inpho/2023/InPhO_2023_Q1-5__e9e8e229f2aaefd6.pdf,e9e8e229f2aaefd6cdf049f10beb79104404f3aaee8604b2d89e720d30de9d2c,"Manually checked every physical page boundary including instructions, response space, rough work and solution pages; reuse prior complete actual statement inspection. Exactly 5 printed top-level problems already registered. No omitted independent problem.",full_paper_boundaries_verified,5
physical_paper,2639,paper_boundary_audit,inpho,2022,,2639,originals/inpho/2022/InPhO_2022_Q1-5__7a9d0c1867fa7e60.pdf,7a9d0c1867fa7e60a94d4c142c88d8fb22fa203d20505e780a821e0d8340b878,"Manually checked every physical page boundary including instructions, response space, rough work and solution pages; reuse prior complete actual statement inspection. Exactly 5 printed top-level problems already registered. No omitted independent problem.",full_paper_boundaries_verified,5
physical_paper,2642,paper_boundary_audit,inpho,2021,,2642,originals/inpho/2021/InPhO_2021_Q1-5__f83c8bd38bcdecda.pdf,f83c8bd38bcdecda909fcd078511f20a2325f06b0914e44f3ad03f50a844fa2d,"Manually checked every physical page boundary including instructions, response space, rough work and solution pages; reuse prior complete actual statement inspection. Exactly 5 printed top-level problems already registered. No omitted independent problem.",full_paper_boundaries_verified,5
physical_paper,2644,paper_boundary_audit,inpho,2020,,2644,originals/inpho/2020/InPhO_2020_Q1-5__6a1ae42491687cb7.pdf,6a1ae42491687cb7806ad1fa137bdef2dd1be1ed03aef90df3d3b4a7f0b643fd,"Manually checked every physical page boundary including instructions, response space, rough work and solution pages; reuse prior complete actual statement inspection. Exactly 5 printed top-level problems already registered. No omitted independent problem.",full_paper_boundaries_verified,5
physical_paper,2645,paper_boundary_audit,inpho,2019,,2645,originals/inpho/2019/InPhO_2019_Q1-7__4872cc768c43290f.pdf,4872cc768c43290f2b8255efcf49645591da50ec10111cfefbff18cd104a62c1,"Manually checked every physical page boundary including instructions, response space, rough work and solution pages; reuse prior complete actual statement inspection. Exactly 7 printed top-level problems already registered. No omitted independent problem.",full_paper_boundaries_verified,7
physical_paper,2647,paper_boundary_audit,inpho,2018,,2647,originals/inpho/2018/InPhO_2018_Q1-7__a3738c6df02bb1c6.pdf,a3738c6df02bb1c65fd85b5f71bccce4c0a84c99042f83f1e0e5ffdecd0c1898,"Manually checked every physical page boundary including instructions, response space, rough work and solution pages; reuse prior complete actual statement inspection. Exactly 7 printed top-level problems already registered. No omitted independent problem.",full_paper_boundaries_verified,7
physical_paper,2649,paper_boundary_audit,inpho,2017,,2649,originals/inpho/2017/InPhO_2017_Q1-6__1931a03611b2424d.pdf,1931a03611b2424d856cd59b31d4c76c3c75948a32487a9b0e8484b25e799489,"Manually checked every physical page boundary including instructions, response space, rough work and solution pages; reuse prior complete actual statement inspection. Exactly 6 printed top-level problems already registered. p8 rendered: handwritten graph is Detailed Answers Question6, not new statement. No omitted independent problem.",full_paper_boundaries_verified,6
physical_paper,2651,paper_boundary_audit,inpho,2016,,2651,originals/inpho/2016/InPhO_2016_Q1-6__1599c8d8f4cc7831.pdf,1599c8d8f4cc7831fc59ff220e6a4b8b2efe9a0d2ed0b5e8da56ee4dfc01761d,"Manually checked every physical page boundary including instructions, response space, rough work and solution pages; reuse prior complete actual statement inspection. Exactly 6 printed top-level problems already registered. No omitted independent problem.",full_paper_boundaries_verified,6
physical_paper,2652,paper_boundary_audit,inpho,2015,,2652,originals/inpho/2015/InPhO_2015_Q1-6__ea5aebdc302c0620.pdf,ea5aebdc302c0620f7e539e7b9fa4f26e67f4c7dc73b920917a21f4897cc517d,"Manually checked every physical page boundary including instructions, response space, rough work and solution pages; reuse prior complete actual statement inspection. Exactly 6 printed top-level problems already registered. No omitted independent problem.",full_paper_boundaries_verified,6
physical_paper,2653,paper_boundary_audit,inpho,2014,,2653,originals/inpho/2014/InPhO_2014_Q1-8__9c3ee38f89320169.pdf,9c3ee38f89320169a1d50382b35108d203ad27ebe2852a5b35becc0e99aea02a,"Manually checked every physical page boundary including instructions, response space, rough work and solution pages; reuse prior complete actual statement inspection. Exactly 8 printed top-level problems already registered. No omitted independent problem.",full_paper_boundaries_verified,8
physical_paper,2654,paper_boundary_audit,inpho,2013,,2654,originals/inpho/2013/InPhO_2013_Q1-7__c440e8c7d1aa13cb.pdf,c440e8c7d1aa13cb22bf322cd760061125494b6911787b35f8c4d0c59e1ece5b,"Manually checked every physical page boundary including instructions, response space, rough work and solution pages; reuse prior complete actual statement inspection. Exactly 7 printed top-level problems already registered. No omitted independent problem.",full_paper_boundaries_verified,7
physical_paper,2657,paper_boundary_audit,inpho,2012,,2657,originals/inpho/2012/InPhO_2012_Q1-5__88cdf127b94e8fa9.pdf,88cdf127b94e8fa944c9809b48a93a66d3ac087e298eeed605a53a99ec4c83ad,"Manually checked every physical page boundary including instructions, response space, rough work and solution pages; reuse prior complete actual statement inspection. Exactly 5 printed top-level problems already registered. No omitted independent problem.",full_paper_boundaries_verified,5
physical_paper,2660,paper_boundary_audit,inpho,2011,,2660,originals/inpho/2011/InPhO_2011_Q1-7__cbb5689252773099.pdf,cbb56892527730996b277c6bdac1c6bccc7060be6ba952422f9cef506084e338,"Manually checked every physical page boundary including instructions, response space, rough work and solution pages; reuse prior complete actual statement inspection. Exactly 7 printed top-level problems already registered. No omitted independent problem.",full_paper_boundaries_verified,7
physical_paper,2661,paper_boundary_audit,inpho,2010,,2661,originals/inpho/2010/InPhO_2010_Q1-5__b0bd2bce9debaf24.pdf,b0bd2bce9debaf2413c0db73150c1f6055a9eb3409939053814d24827bf21076,"Entire 24-page paper checked: Part A Q1-Q5 pp3-10, Part B Q1-Q20 pp11-18 with explicit end-of-paper and answer grid; pp19-24 blank/administrative. Twenty independent Part B MCQs omitted from acquisition.",full_paper_boundaries_verified,25
physical_paper,2663,paper_boundary_audit,inpho,2009,,2663,originals/inpho/2009/InPhO_2009_Q1__103f66f9eb5f0ab0.pdf,103f66f9eb5f0ab0f303f6239e33adb8fe14e31aa4474e2988c14d3fa0f7337c,"Read every page of 22-page source: Part A 38 independently numbered MCQs, Part B 20 MCQs, Part C one common gas-process theory problem with ten internal tasks; pp20-22 rough-work only. A37 statement is present but marked dropped. Existing raw A1 retained, 58 omitted units registered.",full_paper_boundaries_verified,59
physical_paper,2664,paper_boundary_audit,inpho,2008,,2664,originals/inpho/2008/InPhO_2008_Q1-7__ed833646330a0456.pdf,ed833646330a0456fb1182d21efbb7a7df03a12021610ed1cf1657096639d47c,"Manually checked every physical page boundary including instructions, response space, rough work and solution pages; reuse prior complete actual statement inspection. Exactly 7 printed top-level problems already registered. No omitted independent problem.",full_paper_boundaries_verified,7
physical_paper,2666,paper_boundary_audit,obf,2025,,2666,originals/obf/2025/OBF_2025_Q1-8__6fe3bb61de26ee5c.pdf,6fe3bb61de26ee5c146457ccb6c7f5780fd9623b952867f539e2de96f5b5d81f,"Every physical page boundary manually inspected; prior complete actual statement/render inspection reused. Exactly eight printed top-level questions, all already registered; covers/formula sheets/rough-work pages excluded. Broken extraction previously resolved through complete rendered statement reads. No omitted independent problem.",full_paper_boundaries_verified,8
physical_paper,2667,paper_boundary_audit,obf,2024,,2667,originals/obf/2024/OBF_2024_Q1-8__0339e955f783262e.pdf,0339e955f783262eb731ce99de4532cd19633fe719bae89b000cd1fe5c4d8e18,"Every physical page boundary manually inspected; prior complete actual statement/render inspection reused. Exactly eight printed top-level questions, all already registered; covers/formula sheets/rough-work pages excluded. Broken extraction previously resolved through complete rendered statement reads. No omitted independent problem.",full_paper_boundaries_verified,8
physical_paper,2668,paper_boundary_audit,obf,2020,,2668,originals/obf/2020/OBF_2020_Q1-8__f8c17e806a7fbb40.pdf,f8c17e806a7fbb401e061f91a912768d993c416e31aa184e763b4bd160434699,"Every physical page boundary manually inspected; prior complete actual statement/render inspection reused. Exactly eight printed top-level questions, all already registered; covers/formula sheets/rough-work pages excluded. Broken extraction previously resolved through complete rendered statement reads. No omitted independent problem.",full_paper_boundaries_verified,8
physical_paper,2669,paper_boundary_audit,obf,2017,,2669,originals/obf/2017/OBF_2017_Q1-8__7220fa20a161da3d.pdf,7220fa20a161da3daf0496376704457f9ea40a09128fa88f455aad32aa842b98,"Every physical page boundary manually inspected; prior complete actual statement/render inspection reused. Exactly eight printed top-level questions, all already registered; covers/formula sheets/rough-work pages excluded. Broken extraction previously resolved through complete rendered statement reads. No omitted independent problem.",full_paper_boundaries_verified,8
physical_paper,2670,paper_boundary_audit,obf,2016,,2670,originals/obf/2016/OBF_2016_Q1-8__cfbefbd61455cb92.pdf,cfbefbd61455cb921d2204794701b9dbcf11a41f319ff623431d6bbc84955edf,"Every physical page boundary manually inspected; prior complete actual statement/render inspection reused. Exactly eight printed top-level questions, all already registered; covers/formula sheets/rough-work pages excluded. Broken extraction previously resolved through complete rendered statement reads. No omitted independent problem.",full_paper_boundaries_verified,8
physical_paper,2671,paper_boundary_audit,obf,2015,,2671,originals/obf/2015/OBF_2015_Q1-8__c16496917d86f4d0.pdf,c16496917d86f4d008eb30b5b7e3e7fc57c5ef958d3ea9b7c9aebc7fdb1af83e,"Every physical page boundary manually inspected; prior complete actual statement/render inspection reused. Exactly eight printed top-level questions, all already registered; covers/formula sheets/rough-work pages excluded. Broken extraction previously resolved through complete rendered statement reads. No omitted independent problem.",full_paper_boundaries_verified,8
physical_paper,2672,paper_boundary_audit,obf,2014,,2672,originals/obf/2014/OBF_2014_Q1-8__231fee4684739048.pdf,231fee4684739048b55c5521b6d6a253e97ffc6c63173409ad251f9296748581,"Every physical page boundary manually inspected; prior complete actual statement/render inspection reused. Exactly eight printed top-level questions, all already registered; covers/formula sheets/rough-work pages excluded. Broken extraction previously resolved through complete rendered statement reads. No omitted independent problem.",full_paper_boundaries_verified,8
physical_paper,2673,paper_boundary_audit,obf,2011,,2673,originals/obf/2011/OBF_2011_Q1-8__ef7e7db933d546d9.pdf,ef7e7db933d546d942e7c43c67862fc79d0f491902a14b1706b4dde4392d4177,"Every physical page boundary manually inspected; prior complete actual statement/render inspection reused. Exactly eight printed top-level questions, all already registered; covers/formula sheets/rough-work pages excluded. Broken extraction previously resolved through complete rendered statement reads. No omitted independent problem.",full_paper_boundaries_verified,8
physical_paper,2674,paper_boundary_audit,obf,2010,,2674,originals/obf/2010/OBF_2010_Q1-8__2674039fcf842e68.pdf,2674039fcf842e684d28be85f229a0ace0aa56ac0d0d6937e8db5275a8ac4f15,"Every physical page boundary manually inspected; prior complete actual statement/render inspection reused. Exactly eight printed top-level questions, all already registered; covers/formula sheets/rough-work pages excluded. Broken extraction previously resolved through complete rendered statement reads. No omitted independent problem.",full_paper_boundaries_verified,8
physical_paper,2675,paper_boundary_audit,obf,2009,,2675,originals/obf/2009/OBF_2009_Q1-8__e33db7c89b36480a.pdf,e33db7c89b36480a25349f705a3a4ee9821fc61caef45f2b276c0edb9c54ab6b,"Every physical page boundary manually inspected; prior complete actual statement/render inspection reused. Exactly eight printed top-level questions, all already registered; covers/formula sheets/rough-work pages excluded. Broken extraction previously resolved through complete rendered statement reads. No omitted independent problem.",full_paper_boundaries_verified,8
physical_paper,2676,paper_boundary_audit,obf,2007,,2676,originals/obf/2007/OBF_2007_Q1-8__f8b81cb8e014c73e.pdf,f8b81cb8e014c73e5f89763946bd69e50335641fe0cf70a5272bfc9708383310,"Every physical page boundary manually inspected; prior complete actual statement/render inspection reused. Exactly eight printed top-level questions, all already registered; covers/formula sheets/rough-work pages excluded. Broken extraction previously resolved through complete rendered statement reads. No omitted independent problem.",full_paper_boundaries_verified,8
physical_paper,2677,paper_boundary_audit,obf,2006,,2677,originals/obf/2006/OBF_2006_Q1-8__d37105dc016772cb.pdf,d37105dc016772cbaa1248205cb0fd2f2e392b1557ff221ff2b21df92cf7383a,"Every physical page boundary manually inspected; prior complete actual statement/render inspection reused. Exactly eight printed top-level questions, all already registered; covers/formula sheets/rough-work pages excluded. Broken extraction previously resolved through complete rendered statement reads. No omitted independent problem.",full_paper_boundaries_verified,8
physical_paper,2680,paper_boundary_audit,brtst,2026,,2680,originals/brtst/2026/SOIF_2026_Q1-5__c53e74c3de916c9b.pdf,c53e74c3de916c9bcbc01982f10c59ad806deb1b72ba601773974d0ac386b904,"All physical page boundaries and printed T/E/Q headings manually checked; prior complete actual statement inspection reused. Exactly 5 independent top-level problems already registered, all internal Parts retained. Covers and known original PDF structural-repair flags do not conceal additional statements.",full_paper_boundaries_verified,5
physical_paper,2682,paper_boundary_audit,brtst,2025,,2682,originals/brtst/2025/SOIF_2025_Q1-5__765e2d55f17e69aa.pdf,765e2d55f17e69aad3fe828fb973debc1701f8c203f75eea9322b441122e5e8c,"All physical page boundaries and printed T/E/Q headings manually checked; prior complete actual statement inspection reused. Exactly 5 independent top-level problems already registered, all internal Parts retained. Covers and known original PDF structural-repair flags do not conceal additional statements.",full_paper_boundaries_verified,5
physical_paper,2683,paper_boundary_audit,brtst,2024,,2683,originals/brtst/2024/SOIF_2024_Q1-5__a3c7a29f8f73afca.pdf,a3c7a29f8f73afca85b448436fb11422498440b76821118edc47860617e0f6db,"All physical page boundaries and printed T/E/Q headings manually checked; prior complete actual statement inspection reused. Exactly 5 independent top-level problems already registered, all internal Parts retained. Covers and known original PDF structural-repair flags do not conceal additional statements.",full_paper_boundaries_verified,5
physical_paper,2686,paper_boundary_audit,brtst,2023,,2686,originals/brtst/2023/SOIF_2023_Q1-5__12ab9d23de30dac3.pdf,12ab9d23de30dac3c529a3a9634279b7ca310359a466f7ba2a10cc392baeb775,"All physical page boundaries and printed T/E/Q headings manually checked; prior complete actual statement inspection reused. Exactly 5 independent top-level problems already registered, all internal Parts retained. Covers and known original PDF structural-repair flags do not conceal additional statements.",full_paper_boundaries_verified,5
physical_paper,2688,paper_boundary_audit,brtst,2021,,2688,originals/brtst/2021/SOIF_2021_Q1-6__472497ab6b8c1027.pdf,472497ab6b8c102771d1d7056ca49fbfbc03f39e4b4d43947ec7aa05d354f182,"All physical page boundaries and printed T/E/Q headings manually checked; prior complete actual statement inspection reused. Exactly 6 independent top-level problems already registered, all internal Parts retained. Covers and known original PDF structural-repair flags do not conceal additional statements.",full_paper_boundaries_verified,6
physical_paper,2690,paper_boundary_audit,bpho,2025,,2690,originals/bpho/2025/BPhO_2025_2_Q1__371aca1b87490e70.pdf,371aca1b87490e707274055e3811fa8c1356e4d12a43751cffd7253d602c4975,"Complete source-container boundary inspection: Reviewed cached top-level source headings, sequential numbering and cover instructions; decimal and lettered subparts excluded. Only boundary inventory reviewed, physics remains pending.",full_paper_boundaries_verified,4
physical_paper,2691,paper_boundary_audit,bpho,2024,,2691,originals/bpho/2024/BPhO_2024_1_Q1__e7646de3d50dbdce.pdf,e7646de3d50dbdceea6953dfc9cd1c0223719066331d6f3cc2343f21c557dc7a,"Complete source-container boundary inspection: Reviewed cached top-level source headings, sequential numbering and cover instructions; decimal and lettered subparts excluded. Only boundary inventory reviewed, physics remains pending.",full_paper_boundaries_verified,1
physical_paper,2693,paper_boundary_audit,bpho,2024,,2693,originals/bpho/2024/BPhO_2024_1_Q2__16415b2e871abe1c.pdf,16415b2e871abe1cdc00ccb1e45a0b117e6043eea01560ddeecc1b5e5f8e0858,"Complete source-container boundary inspection: Reviewed cached top-level source headings, sequential numbering and cover instructions; decimal and lettered subparts excluded. Only boundary inventory reviewed, physics remains pending.",full_paper_boundaries_verified,4
physical_paper,2695,paper_boundary_audit,bpho,2024,,2695,originals/bpho/2024/BPhO_2024_2_Q1__7178f1683d9ff9ec.pdf,7178f1683d9ff9ec4c5d797e06c46fa23e30a6666d59f65ffb0cf820ea7beeac,"Complete source-container boundary inspection: Reviewed cached top-level source headings, sequential numbering and cover instructions; decimal and lettered subparts excluded. Only boundary inventory reviewed, physics remains pending.",full_paper_boundaries_verified,4
physical_paper,2697,paper_boundary_audit,bpho,2023,,2697,originals/bpho/2023/BPhO_2023_1_Q1__23c72726b4cb40e9.pdf,23c72726b4cb40e98dd0bd5c8d9e3586049431b1465b64cdfd2e6d5d8f85f9ae,"Complete source-container boundary inspection: Reviewed cached top-level source headings, sequential numbering and cover instructions; decimal and lettered subparts excluded. Only boundary inventory reviewed, physics remains pending.",full_paper_boundaries_verified,1
physical_paper,2698,paper_boundary_audit,bpho,2023,,2698,originals/bpho/2023/BPhO_2023_1_Q2__319b14fe8b76f37a.pdf,319b14fe8b76f37a36038b17c1ad8415340da85af4ee0a67c412d5d95afaf8d3,"Complete source-container boundary inspection: Reviewed cached top-level source headings, sequential numbering and cover instructions; decimal and lettered subparts excluded. Only boundary inventory reviewed, physics remains pending.",full_paper_boundaries_verified,4
physical_paper,2699,paper_boundary_audit,bpho,2023,,2699,originals/bpho/2023/BPhO_2023_2_Q1__e45ef9021cf81d7d.pdf,e45ef9021cf81d7d9a39115f172c2f9370797f1daec8f2df8f1e75162868a1e6,"Complete source-container boundary inspection: Reviewed cached top-level source headings, sequential numbering and cover instructions; decimal and lettered subparts excluded. Only boundary inventory reviewed, physics remains pending.",full_paper_boundaries_verified,4
physical_paper,2701,paper_boundary_audit,bpho,2022,,2701,originals/bpho/2022/BPhO_2022_1_Q1__493329db9453d932.pdf,493329db9453d93240b4c9ec3a6a4540d814125a9038420340682fd638445ff8,"Complete source-container boundary inspection: Reviewed cached top-level source headings, sequential numbering and cover instructions; decimal and lettered subparts excluded. Only boundary inventory reviewed, physics remains pending.",full_paper_boundaries_verified,1
physical_paper,2702,paper_boundary_audit,bpho,2022,,2702,originals/bpho/2022/BPhO_2022_1_Q2__3904ca542f850302.pdf,3904ca542f850302c7b44e1644c04f67fc9fc2905b31fee9b6a565c82924a8c8,"Complete source-container boundary inspection: Reviewed cached top-level source headings, sequential numbering and cover instructions; decimal and lettered subparts excluded. Only boundary inventory reviewed, physics remains pending.",full_paper_boundaries_verified,4
physical_paper,2704,paper_boundary_audit,bpho,2022,,2704,originals/bpho/2022/BPhO_2022_2_Q1__705a240dd95c44a4.pdf,705a240dd95c44a46aeb6e198dbc416d165d83c88106935337bdafba429a3fe3,"Complete source-container boundary inspection: Reviewed cached top-level source headings, sequential numbering and cover instructions; decimal and lettered subparts excluded. Only boundary inventory reviewed, physics remains pending.",full_paper_boundaries_verified,4
physical_paper,2705,paper_boundary_audit,bpho,2021,,2705,originals/bpho/2021/BPhO_2021_1_Q1__21b3b6472025052c.pdf,21b3b6472025052c4434f950589616d58fdcee1a0e6b2b5926f17963198c2e45,"Complete source-container boundary inspection: Reviewed cached top-level source headings, sequential numbering and cover instructions; decimal and lettered subparts excluded. Only boundary inventory reviewed, physics remains pending.",full_paper_boundaries_verified,1
physical_paper,2706,paper_boundary_audit,bpho,2021,,2706,originals/bpho/2021/BPhO_2021_1_Q2__e05aecfa841386cd.pdf,e05aecfa841386cde6e1c7c734bbadeaeef545b0804223448bc55b3b551f090a,"Complete source-container boundary inspection: Reviewed cached top-level source headings, sequential numbering and cover instructions; decimal and lettered subparts excluded. Only boundary inventory reviewed, physics remains pending.",full_paper_boundaries_verified,4
physical_paper,2707,paper_boundary_audit,bpho,2021,,2707,originals/bpho/2021/BPhO_2021_2_Q1__08285328de1620f4.pdf,08285328de1620f4383434cfd24080717dcb3fe7048ae139a6faa5e1f4c0606d,"Complete source-container boundary inspection: Reviewed cached top-level source headings, sequential numbering and cover instructions; decimal and lettered subparts excluded. Only boundary inventory reviewed, physics remains pending.",full_paper_boundaries_verified,4
physical_paper,2708,paper_boundary_audit,bpho,2020,,2708,originals/bpho/2020/BPhO_2020_1_Q1__eed199f256590742.pdf,eed199f2565907423472e1b60c7a879b9b4b232e683d85466c39eb8cb1bbd3d0,"Complete source-container boundary inspection: Reviewed cached top-level source headings, sequential numbering and cover instructions; decimal and lettered subparts excluded. Only boundary inventory reviewed, physics remains pending.",full_paper_boundaries_verified,1
physical_paper,2709,paper_boundary_audit,bpho,2020,,2709,originals/bpho/2020/BPhO_2020_1_Q2__dc6f7e40d9789e06.pdf,dc6f7e40d9789e061c157bfc6408f0cc84a28eaefad10710286d8fdd74172044,"Complete source-container boundary inspection: Reviewed cached top-level source headings, sequential numbering and cover instructions; decimal and lettered subparts excluded. Only boundary inventory reviewed, physics remains pending.",full_paper_boundaries_verified,5
physical_paper,2712,paper_boundary_audit,bpho,2020,,2712,originals/bpho/2020/BPhO_2020_2_Q1__5657c151d6b2f6f6.pdf,5657c151d6b2f6f6027cc686664558c8dd4f27e05c19d77b8d0eecfef6d1f2a5,"Complete source-container boundary inspection: Reviewed cached top-level source headings, sequential numbering and cover instructions; decimal and lettered subparts excluded. Only boundary inventory reviewed, physics remains pending.",full_paper_boundaries_verified,4
physical_paper,2713,paper_boundary_audit,bpho,2019,,2713,originals/bpho/2019/BPhO_2019_1_Q1__d48e5bd5bfd4e554.pdf,d48e5bd5bfd4e554f922ceb0e7b1ca38209bb2835af3b6b440b7e758094198a2,"Complete source-container boundary inspection: Reviewed cached top-level source headings, sequential numbering and cover instructions; decimal and lettered subparts excluded. Only boundary inventory reviewed, physics remains pending.",full_paper_boundaries_verified,1
physical_paper,2715,paper_boundary_audit,bpho,2019,,2715,originals/bpho/2019/BPhO_2019_2_Q1__c23a135b0cfa427b.pdf,c23a135b0cfa427b1aeda31048c8ab0893778aec21e03eba061850e31ea2a61a,"Complete source-container boundary inspection: Reviewed cached top-level source headings, sequential numbering and cover instructions; decimal and lettered subparts excluded. Only boundary inventory reviewed, physics remains pending.",full_paper_boundaries_verified,4
physical_paper,2717,paper_boundary_audit,bpho,2019,,2717,originals/bpho/2019/BPhO_2019_1_Q2__a0d0dd6865a90c53.pdf,a0d0dd6865a90c532ccb08a3c25dbeacb7216fc9eab7bd55acc8008126b06059,"Complete source-container boundary inspection: Reviewed cached top-level source headings, sequential numbering and cover instructions; decimal and lettered subparts excluded. Only boundary inventory reviewed, physics remains pending.",full_paper_boundaries_verified,5
physical_paper,2719,paper_boundary_audit,bpho,2018,,2719,originals/bpho/2018/BPhO_2018_1_Q2__def6a30f0371e41c.pdf,def6a30f0371e41c68e1c79b8b751aed4198f8e7b208852b584f93e4647b5529,"Complete source-container boundary inspection: Reviewed cached top-level source headings, sequential numbering and cover instructions; decimal and lettered subparts excluded. Only boundary inventory reviewed, physics remains pending.",full_paper_boundaries_verified,5
physical_paper,2720,paper_boundary_audit,bpho,2018,,2720,originals/bpho/2018/BPhO_2018_1_Q1__30d7636bf85d1153.pdf,30d7636bf85d1153b99d633a0c9a6731903db5a710c067eaa8aa2b695cd6f6f0,"Complete source-container boundary inspection: Reviewed cached top-level source headings, sequential numbering and cover instructions; decimal and lettered subparts excluded. Only boundary inventory reviewed, physics remains pending.",full_paper_boundaries_verified,1
physical_paper,2721,paper_boundary_audit,bpho,2018,,2721,originals/bpho/2018/BPhO_2018_2_Q1__cee8c8eeea40b668.pdf,cee8c8eeea40b668c673e48845d03b348bbd01a6002bcc578e40140dbc4b38e9,"Complete source-container boundary inspection: Reviewed cached top-level source headings, sequential numbering and cover instructions; decimal and lettered subparts excluded. Only boundary inventory reviewed, physics remains pending.",full_paper_boundaries_verified,5
physical_paper,2724,paper_boundary_audit,bpho,2017,,2724,originals/bpho/2017/BPhO_2017_1_Q2__4f11964026af7733.pdf,4f11964026af77337ef52680d31bf2d946fc354b1b5772ea47aa981702d50188,"Complete source-container boundary inspection: Reviewed cached top-level source headings, sequential numbering and cover instructions; decimal and lettered subparts excluded. Only boundary inventory reviewed, physics remains pending.",full_paper_boundaries_verified,5
physical_paper,2725,paper_boundary_audit,bpho,2017,,2725,originals/bpho/2017/BPhO_2017_1_Q1__b31223322729157b.pdf,b31223322729157b7796dbb2cb57eb17ac94f5cc6d48ee477170927606c885e3,"Complete source-container boundary inspection: Reviewed cached top-level source headings, sequential numbering and cover instructions; decimal and lettered subparts excluded. Only boundary inventory reviewed, physics remains pending.",full_paper_boundaries_verified,1
physical_paper,2726,paper_boundary_audit,bpho,2017,,2726,originals/bpho/2017/BPhO_2017_2_Q1__9c6bf1335c5721b5.pdf,9c6bf1335c5721b5c574d1cdec205b95fd1667f12ddfa881a61d09294183ad17,"Complete source-container boundary inspection: Reviewed cached top-level source headings, sequential numbering and cover instructions; decimal and lettered subparts excluded. Only boundary inventory reviewed, physics remains pending.",full_paper_boundaries_verified,5
physical_paper,2729,paper_boundary_audit,bpho,2016,,2729,originals/bpho/2016/BPhO_2016_1_Q1__5c759374700bdc95.pdf,5c759374700bdc95d712989e1e1efbb22b37a25305eb5fce2f402dea91e82769,"Complete source-container boundary inspection: Reviewed cached top-level source headings, sequential numbering and cover instructions; decimal and lettered subparts excluded. Only boundary inventory reviewed, physics remains pending.",full_paper_boundaries_verified,1
physical_paper,2730,paper_boundary_audit,bpho,2016,,2730,originals/bpho/2016/BPhO_2016_1_Q2__3f1be1e118ca8d92.pdf,3f1be1e118ca8d92c0d5e1ced5232629e2c366e2ab4cc047c7e07942afd6cab0,"Complete source-container boundary inspection: Reviewed cached top-level source headings, sequential numbering and cover instructions; decimal and lettered subparts excluded. Only boundary inventory reviewed, physics remains pending.",full_paper_boundaries_verified,7
physical_paper,2731,paper_boundary_audit,bpho,2016,,2731,originals/bpho/2016/BPhO_2016_2_Q1__5b6169b50db56f1c.pdf,5b6169b50db56f1c7c4c0619cdedc4ef78f91e07d1e0c770053e7873a20e875d,"Complete source-container boundary inspection: Reviewed cached top-level source headings, sequential numbering and cover instructions; decimal and lettered subparts excluded. Only boundary inventory reviewed, physics remains pending.",full_paper_boundaries_verified,5
physical_paper,2732,paper_boundary_audit,bpho,2015,,2732,originals/bpho/2015/BPhO_2015_1_Q1__fd8757e5f1e9be64.pdf,fd8757e5f1e9be64b85c9850a9b4d0d446fe8e2de43e953e6000608f8101a4c5,"Complete source-container boundary inspection: Reviewed cached original Q-number headings across the paper. Repeated subpart markers, footer page numbers and numerical data excluded. 2010 cover explicitly confirms only two questions. Physics content remains pending.",full_paper_boundaries_verified,1
physical_paper,2735,paper_boundary_audit,bpho,2015,,2735,originals/bpho/2015/BPhO_2015_1_Q2__24f1cea584ee5a65.pdf,24f1cea584ee5a651cd5b07c8605b5ecc61decd4e201c7f5ef0f1f527a95c420,"Complete source-container boundary inspection: Reviewed cached original Q-number headings across the paper. Repeated subpart markers, footer page numbers and numerical data excluded. 2010 cover explicitly confirms only two questions. Physics content remains pending.",full_paper_boundaries_verified,5
physical_paper,2736,paper_boundary_audit,bpho,2015,,2736,originals/bpho/2015/BPhO_2015_2_Q1__3aaf8e5130d3ca2e.pdf,3aaf8e5130d3ca2eabcb924a803c6c488b888eb5578b648eb57765535858a26b,"Complete source-container boundary inspection: Reviewed cached top-level source headings, sequential numbering and cover instructions; decimal and lettered subparts excluded. Only boundary inventory reviewed, physics remains pending.",full_paper_boundaries_verified,5
physical_paper,2738,paper_boundary_audit,bpho,2014,,2738,originals/bpho/2014/BPhO_2014_1_Q2__4c6a53e6465e5039.pdf,4c6a53e6465e503902261b3de466c413a6d2ae1020a75d8441ff84230e376cc3,"Complete source-container boundary inspection: Reviewed cached original Q-number headings across the paper. Repeated subpart markers, footer page numbers and numerical data excluded. 2010 cover explicitly confirms only two questions. Physics content remains pending.",full_paper_boundaries_verified,8
physical_paper,2739,paper_boundary_audit,bpho,2014,,2739,originals/bpho/2014/BPhO_2014_1_Q1__998b3c91d4cf3ed2.pdf,998b3c91d4cf3ed2ea23c8ffc6e383d6eb902cf73df092f9a967bfbedc129f58,"Complete source-container boundary inspection: Reviewed cached original Q-number headings across the paper. Repeated subpart markers, footer page numbers and numerical data excluded. 2010 cover explicitly confirms only two questions. Physics content remains pending.",full_paper_boundaries_verified,1
physical_paper,2740,paper_boundary_audit,bpho,2014,,2740,originals/bpho/2014/BPhO_2014_2_Q1__d382657a005a827f.pdf,d382657a005a827fcf9083a9f7fa03e0fd17935cdb1c5edd49adec4410b41efe,"Complete source-container boundary inspection: Reviewed cached original Q-number headings across the paper. Repeated subpart markers, footer page numbers and numerical data excluded. 2010 cover explicitly confirms only two questions. Physics content remains pending.",full_paper_boundaries_verified,6
physical_paper,2742,paper_boundary_audit,bpho,2013,,2742,originals/bpho/2013/BPhO_2013_1_Q1__b641181be5a0f701.pdf,b641181be5a0f7017419724960e5ba0b9026cf1fcf14c510d7d8f4b08b7e9961,"Complete source-container boundary inspection: Source begins Section 1 on page 3, followed only by lettered parts (a)...; retain this entire source section as one unnumbered top-level unit.",full_paper_boundaries_verified,1
physical_paper,2744,paper_boundary_audit,bpho,2013,,2744,originals/bpho/2013/BPhO_2013_1_Q2__7db0bc24a77763f5.pdf,7db0bc24a77763f570e783aec717c55f341d226b035d0374b98c387e8545c6e4,"Complete source-container boundary inspection: Reviewed cached original Q-number headings across the paper. Repeated subpart markers, footer page numbers and numerical data excluded. 2010 cover explicitly confirms only two questions. Physics content remains pending.",full_paper_boundaries_verified,6
physical_paper,2745,paper_boundary_audit,bpho,2013,,2745,originals/bpho/2013/BPhO_2013_2_Q1__c0b46c34d6af8dc2.pdf,c0b46c34d6af8dc2ea259b54ce6709aeb72967d267ad9aeb08949e83bfd81fbb,"Complete source-container boundary inspection: Reviewed cached original Q-number headings across the paper. Repeated subpart markers, footer page numbers and numerical data excluded. 2010 cover explicitly confirms only two questions. Physics content remains pending.",full_paper_boundaries_verified,5
physical_paper,2747,paper_boundary_audit,bpho,2012,,2747,originals/bpho/2012/BPhO_2012_1_Q1__510f957ad706a795.pdf,510f957ad706a795d7f41dca94ecd4b224cd855c0039ce17fce066f7343faac7,"Complete source-container boundary inspection: Reviewed cached original Q-number headings across the paper. Repeated subpart markers, footer page numbers and numerical data excluded. 2010 cover explicitly confirms only two questions. Physics content remains pending.",full_paper_boundaries_verified,1
physical_paper,2749,paper_boundary_audit,bpho,2012,,2749,originals/bpho/2012/BPhO_2012_1_Q2__dcb7ef67cf454e7f.pdf,dcb7ef67cf454e7f868c22d3ca41bf7249507d15d4eefd1e7cf9bf21cd796567,"Complete source-container boundary inspection: Reviewed cached original Q-number headings across the paper. Repeated subpart markers, footer page numbers and numerical data excluded. 2010 cover explicitly confirms only two questions. Physics content remains pending.",full_paper_boundaries_verified,7
physical_paper,2750,paper_boundary_audit,bpho,2012,,2750,originals/bpho/2012/BPhO_2012_2_Q1__99b2e4f7ca76745d.pdf,99b2e4f7ca76745dc5385fcf4832105eb5e60dd085ec5b5f8e2ba5c19f0ca4ae,"Complete source-container boundary inspection: Reviewed cached original Q-number headings across the paper. Repeated subpart markers, footer page numbers and numerical data excluded. 2010 cover explicitly confirms only two questions. Physics content remains pending.",full_paper_boundaries_verified,5
physical_paper,2752,paper_boundary_audit,bpho,2011,,2752,originals/bpho/2011/BPhO_2011_1_Q1__e55e7336fe7e4e83.pdf,e55e7336fe7e4e832b3f22f5d6c3d1f6cc09e139590792c3b86754e45b098196,"Complete source-container boundary inspection: Reviewed cached original Q-number headings across the paper. Repeated subpart markers, footer page numbers and numerical data excluded. 2010 cover explicitly confirms only two questions. Physics content remains pending.",full_paper_boundaries_verified,1
physical_paper,2754,paper_boundary_audit,bpho,2011,,2754,originals/bpho/2011/BPhO_2011_1_Q2__1781698da0ed4b97.pdf,1781698da0ed4b979bceacd69e740992f2fc651e5c05f4686701e6c36980d00c,"Complete source-container boundary inspection: Reviewed cached original Q-number headings across the paper. Repeated subpart markers, footer page numbers and numerical data excluded. 2010 cover explicitly confirms only two questions. Physics content remains pending.",full_paper_boundaries_verified,8
physical_paper,2755,paper_boundary_audit,bpho,2011,,2755,originals/bpho/2011/BPhO_2011_2_Q1__36f37cd7073b1b7c.pdf,36f37cd7073b1b7c53a555f7c8492eed19f29e0f5bd4dae031377375f4a9e176,"Complete source-container boundary inspection: Reviewed cached original Q-number headings across the paper. Repeated subpart markers, footer page numbers and numerical data excluded. 2010 cover explicitly confirms only two questions. Physics content remains pending.",full_paper_boundaries_verified,3
physical_paper,2756,paper_boundary_audit,bpho,2010,,2756,originals/bpho/2010/BPhO_2010_1_Q1__1d00b152ba4c7a77.pdf,1d00b152ba4c7a771d293edd9fb0ae831e2377549eef77da57c33c01bd7bbaeb,"Complete source-container boundary inspection: Reviewed cached original Q-number headings across the paper. Repeated subpart markers, footer page numbers and numerical data excluded. 2010 cover explicitly confirms only two questions. Physics content remains pending.",full_paper_boundaries_verified,1
physical_paper,2758,paper_boundary_audit,bpho,2010,,2758,originals/bpho/2010/BPhO_2010_2_Q1__5c0ca18fcc5c8cbf.pdf,5c0ca18fcc5c8cbf9f07ba15077297648ace93d2a0ffd92067641be893985e0b,"Complete source-container boundary inspection: Reviewed cached original Q-number headings across the paper. Repeated subpart markers, footer page numbers and numerical data excluded. 2010 cover explicitly confirms only two questions. Physics content remains pending.",full_paper_boundaries_verified,2
physical_paper,2759,paper_boundary_audit,bpho,2009,,2759,originals/bpho/2009/BPhO_2009_1_Q1__772d53d148e8a706.pdf,772d53d148e8a70633d5a4f359cf6c52192274a6292a53c83b0e08bcdabb1e68,"Complete source-container boundary inspection: Reviewed cached original Q-number headings across the paper. Repeated subpart markers, footer page numbers and numerical data excluded. 2010 cover explicitly confirms only two questions. Physics content remains pending.",full_paper_boundaries_verified,1
physical_paper,2760,paper_boundary_audit,bpho,2010,,2760,originals/bpho/2010/BPhO_2010_1_Q2__ac9b0ec07d481917.pdf,ac9b0ec07d48191781feca35364ee4e50442b7d9d4f1b9ada9e3f8d558a8939b,"Complete source-container boundary inspection: Reviewed cached original Q-number headings across the paper. Repeated subpart markers, footer page numbers and numerical data excluded. 2010 cover explicitly confirms only two questions. Physics content remains pending.",full_paper_boundaries_verified,8
physical_paper,2762,paper_boundary_audit,bpho,2009,,2762,originals/bpho/2009/BPhO_2009_1_Q2__78491134e95977d7.pdf,78491134e95977d78f6b80176bb1847a9f44d473cdc670aa7a7c22eda660f001,"Complete source-container boundary inspection: Reviewed cached original Q-number headings across the paper. Repeated subpart markers, footer page numbers and numerical data excluded. 2010 cover explicitly confirms only two questions. Physics content remains pending.",full_paper_boundaries_verified,8
physical_paper,2763,paper_boundary_audit,bpho,2008,,2763,originals/bpho/2008/BPhO_2008_1_Q1__d9733239ce1dd048.pdf,d9733239ce1dd04821b4959a306ee3387ceb5bfda626e199fce7b3726148e750,"Complete source-container boundary inspection: All scanned pages visually inspected for Q1-Q8. Page 12 is blank; Q1 general lettered parts remain one problem. This is a boundary inventory, not a physics decision.",full_paper_boundaries_verified,8
physical_paper,2765,paper_boundary_audit,bpho,2008,,2765,originals/bpho/2008/BPhO_2008_2_Q1__9a85f97101da2254.pdf,9a85f97101da2254ec0fbc5e6ee963f4dcd9e867e2d871bb09232828c3e28533,"Complete source-container boundary inspection: Reviewed cached original Q-number headings across the paper. Repeated subpart markers, footer page numbers and numerical data excluded. 2010 cover explicitly confirms only two questions. Physics content remains pending.",full_paper_boundaries_verified,4
physical_paper,2766,paper_boundary_audit,bpho,2007,,2766,originals/bpho/2007/BPhO_2007_1_Q1__7b881ebfec008e31.pdf,7b881ebfec008e31a835ffbdf9ed51068c3e6a721d968dc0b1c210d5bb4a1340,"Complete source-container boundary inspection: Scanned cover explicitly says eight questions; all Q1-Q8 headings visually verified. Archive 2007 exam date and printed 2008 competition label both retained in provenance. This is a boundary inventory, not a physics decision.",full_paper_boundaries_verified,8
physical_paper,2768,paper_boundary_audit,bpho,2007,,2768,originals/bpho/2007/BPhO_2007_2_Q1__3f482eef81a368ee.pdf,3f482eef81a368ee23ee582f7e5bd541304bbe0e1fa5b27ede59f67a5bfa3784,"Complete source-container boundary inspection: Reviewed cached original Q-number headings across the paper. Repeated subpart markers, footer page numbers and numerical data excluded. 2010 cover explicitly confirms only two questions. Physics content remains pending.",full_paper_boundaries_verified,4
physical_paper,2769,paper_boundary_audit,bpho,2006,,2769,originals/bpho/2006/BPhO_2006_1_Q1__46b68cb6d10fe17e.pdf,46b68cb6d10fe17e44517b904ef4ff6c154e0aa717b1e4ec189de93e91f7cccc,Complete source-container boundary inspection: All rendered statement pages inspected. Printed Q1-Q7 headings verified; compulsory general Q1 keeps its internal parts. Archive year retained despite printed following competition year.,full_paper_boundaries_verified,7
physical_paper,2770,paper_boundary_audit,bpho,2006,,2770,originals/bpho/2006/BPhO_2006_2_Q1__fd09f7077efa81c3.pdf,fd09f7077efa81c3172246d5bcda9ef20338b52d9f55b69fad47f7ee88d36eeb,"Complete source-container boundary inspection: Reviewed cached original Q-number headings across the paper. Repeated subpart markers, footer page numbers and numerical data excluded. 2010 cover explicitly confirms only two questions. Physics content remains pending.",full_paper_boundaries_verified,5
physical_paper,2772,paper_boundary_audit,bpho,2005,,2772,originals/bpho/2005/BPhO_2005_1_Q1__48dc659e9e1bc1b2.pdf,48dc659e9e1bc1b22769958e4c654804813346e199d14bd93aea76065d75bbdb,Complete source-container boundary inspection: All rendered statement pages inspected. Printed Q1-Q7 headings verified; compulsory general Q1 keeps its internal parts. Archive year retained despite printed following competition year.,full_paper_boundaries_verified,7
physical_paper,2773,paper_boundary_audit,bpho,2005,,2773,originals/bpho/2005/BPhO_2005_2_Q1__7dbf0e6843de0dce.pdf,7dbf0e6843de0dce3fe2c4a82d51d3872381b17298f590bf578e44bf1d13282a,"Complete source-container boundary inspection: Reviewed cached original Q-number headings across the paper. Repeated subpart markers, footer page numbers and numerical data excluded. 2010 cover explicitly confirms only two questions. Physics content remains pending.",full_paper_boundaries_verified,4
physical_paper,2774,paper_boundary_audit,bpho,2004,,2774,originals/bpho/2004/BPhO_2004_1_Q1__f6fa54a92f5cf48d.pdf,f6fa54a92f5cf48d0387ff913aa1529d3a44bb32a51ff6e3e44ff1a5327a0dba,Complete source-container boundary inspection: All rendered statement pages inspected. Printed Q1-Q9 headings verified; compulsory general Q1 keeps its internal parts. Archive year retained despite printed following competition year.,full_paper_boundaries_verified,9
physical_paper,2776,paper_boundary_audit,bpho,2004,,2776,originals/bpho/2004/BPhO_2004_2_Q1__459279444b1352ec.pdf,459279444b1352ecdf0471a8c6c47aa9e5a5d3d11bdafc3a7571fadce91dbfba,"Complete source-container boundary inspection: Reviewed cached original Q-number headings across the paper. Repeated subpart markers, footer page numbers and numerical data excluded. 2010 cover explicitly confirms only two questions. Physics content remains pending.",full_paper_boundaries_verified,4
physical_paper,2778,paper_boundary_audit,bpho,2003,,2778,originals/bpho/2003/BPhO_2003_1_Q1__e56daf4d01a45061.pdf,e56daf4d01a450617513bd47584484878c5471c2eb342ba5358e392fafea0807,Complete source-container boundary inspection: All rendered statement pages inspected. Printed Q1-Q9 headings verified; compulsory general Q1 keeps its internal parts. Archive year retained despite printed following competition year.,full_paper_boundaries_verified,9
physical_paper,2780,paper_boundary_audit,bpho,2003,,2780,originals/bpho/2003/BPhO_2003_2_Q1__da88e22fbc6f4986.pdf,da88e22fbc6f498678f2097f9006fed03f55ca4cfb6c1f085b9ab24cb2b10175,"Complete source-container boundary inspection: Reviewed cached original Q-number headings across the paper. Repeated subpart markers, footer page numbers and numerical data excluded. 2010 cover explicitly confirms only two questions. Physics content remains pending.",full_paper_boundaries_verified,4
physical_paper,2781,paper_boundary_audit,bpho,2002,,2781,originals/bpho/2002/BPhO_2002_1_Q1__54ba076da23a990e.pdf,54ba076da23a990ec0c9a712ac6bc1f9e83d44eebf7c82b6faf3a20347a657f6,Complete source-container boundary inspection: All rendered statement pages inspected. Printed Q1-Q10 headings verified; compulsory general Q1 keeps its internal parts. Archive year retained despite printed following competition year.,full_paper_boundaries_verified,10
physical_paper,2784,paper_boundary_audit,onf,2025,,2784,originals/onf/2025/ONF_2025_Q1-3__75df6f6497e421d7.pdf,75df6f6497e421d753f264a14e8190a8576a881f053a77e5a71e162107f70f41,Every cached physical page manually audited; Romanian printed Subiect/Problema I-III or1-3 headings checked with prior complete actual statement inspection. Exactly three top-level problems already registered. Internal A/B/C parts retained; no additional independent problem.,full_paper_boundaries_verified,3
physical_paper,2785,paper_boundary_audit,bpho,2001,,2785,originals/bpho/2001/BPhO_2001_1_Q1__30de83945869f666.pdf,30de83945869f666b05739302cedcfa8a66d80f1ab489f0cedb478bcd89011fb,"Complete source-container boundary inspection: Reviewed cached original Q-number headings across the paper. Repeated subpart markers, footer page numbers and numerical data excluded. 2010 cover explicitly confirms only two questions. Physics content remains pending.",full_paper_boundaries_verified,6
physical_paper,2788,paper_boundary_audit,onf,2023,,2788,originals/onf/2023/ONF_2023_Q1-3__2d4a5eda0fb37bb8.pdf,2d4a5eda0fb37bb84b634b5a1d9e01224e62c2118455b4a9b796c4f9d979744d,"Every cached physical page manually audited; Romanian printed Subiect/Problema I-III or1-3 headings checked with prior complete actual statement inspection. Exactly three top-level problems already registered. p5 is explicit FISA DE RASPUNS for Subiect1.b and exam instructions, not a new task. Internal A/B/C parts retained; no additional independent problem.",full_paper_boundaries_verified,3
physical_paper,2790,paper_boundary_audit,onf,2024,,2790,originals/onf/2024/ONF_2024_Q1-3__1fffcfc578fbf21a.pdf,1fffcfc578fbf21a844527f309ff549fdfed29278fdea3ebd495d0cd2cd3f1be,Every cached physical page manually audited; Romanian printed Subiect/Problema I-III or1-3 headings checked with prior complete actual statement inspection. Exactly three top-level problems already registered. Internal A/B/C parts retained; no additional independent problem.,full_paper_boundaries_verified,3
physical_paper,2791,paper_boundary_audit,onf,2022,,2791,originals/onf/2022/ONF_2022_Q1-3__f189b5d50f708ccd.pdf,f189b5d50f708ccd0fb3424e0961143d83e86e5ba404bd57e058e7710dbc884e,Every cached physical page manually audited; Romanian printed Subiect/Problema I-III or1-3 headings checked with prior complete actual statement inspection. Exactly three top-level problems already registered. Internal A/B/C parts retained; no additional independent problem.,full_paper_boundaries_verified,3
physical_paper,2793,paper_boundary_audit,onf,2019,,2793,originals/onf/2019/ONF_2019_Q1-3__bd93133e4c11af6f.pdf,bd93133e4c11af6f783fee4f3f40aef1df380dd7f9838a1e3b4ebda4cfd06537,Every cached physical page manually audited; Romanian printed Subiect/Problema I-III or1-3 headings checked with prior complete actual statement inspection. Exactly three top-level problems already registered. Internal A/B/C parts retained; no additional independent problem.,full_paper_boundaries_verified,3
physical_paper,2795,paper_boundary_audit,onf,2018,,2795,originals/onf/2018/ONF_2018_Q1-3__13076ccb477aee21.pdf,13076ccb477aee217a9ac00e3f6390121565f3aacd9803fd989ec0a4b26f6ef1,Every cached physical page manually audited; Romanian printed Subiect/Problema I-III or1-3 headings checked with prior complete actual statement inspection. Exactly three top-level problems already registered. Internal A/B/C parts retained; no additional independent problem.,full_paper_boundaries_verified,3
physical_paper,2796,paper_boundary_audit,onf,2017,,2796,originals/onf/2017/ONF_2017_Q1-3__0812ed8a546b08ef.pdf,0812ed8a546b08ef208ce8a5fabb02a61fa96d152a449f5043ba36a41e0ed498,Every cached physical page manually audited; Romanian printed Subiect/Problema I-III or1-3 headings checked with prior complete actual statement inspection. Exactly three top-level problems already registered. Internal A/B/C parts retained; no additional independent problem.,full_paper_boundaries_verified,3
physical_paper,2799,paper_boundary_audit,onf,2016,,2799,originals/onf/2016/ONF_2016_Q1-3__abef2a60d3830ffa.pdf,abef2a60d3830ffa19d5233cda00995bc1ac77d145eb6d4096ee0eb7f09ddb70,Every cached physical page manually audited; Romanian printed Subiect/Problema I-III or1-3 headings checked with prior complete actual statement inspection. Exactly three top-level problems already registered. Internal A/B/C parts retained; no additional independent problem.,full_paper_boundaries_verified,3
physical_paper,2800,paper_boundary_audit,onf,2015,,2800,originals/onf/2015/ONF_2015_Q1-3__3305f8c4c1973948.pdf,3305f8c4c1973948e1822669aa736cc2641f1d0a60b76940954d4a6da7a6e820,Every cached physical page manually audited; Romanian printed Subiect/Problema I-III or1-3 headings checked with prior complete actual statement inspection. Exactly three top-level problems already registered. Internal A/B/C parts retained; no additional independent problem.,full_paper_boundaries_verified,3
physical_paper,2803,paper_boundary_audit,onf,2014,,2803,originals/onf/2014/ONF_2014_Q1-3__f17aea01b1aded95.pdf,f17aea01b1aded950efe8cacf64c52ff72c40608bfd5384615cef78f8dc41213,Every cached physical page manually audited; Romanian printed Subiect/Problema I-III or1-3 headings checked with prior complete actual statement inspection. Exactly three top-level problems already registered. Internal A/B/C parts retained; no additional independent problem.,full_paper_boundaries_verified,3
physical_paper,2805,paper_boundary_audit,onf,2013,,2805,originals/onf/2013/ONF_2013_Q1-3__4f9acd896b0d545c.pdf,4f9acd896b0d545c42984e33f8c1fbdeb79ba1d863b2cbe4b90d699901aeac70,Every cached physical page manually audited; Romanian printed Subiect/Problema I-III or1-3 headings checked with prior complete actual statement inspection. Exactly three top-level problems already registered. Internal A/B/C parts retained; no additional independent problem.,full_paper_boundaries_verified,3
physical_paper,2806,paper_boundary_audit,onf,2012,,2806,originals/onf/2012/ONF_2012_Q1-3__080ee174bffcfd8a.pdf,080ee174bffcfd8a7273630d0eae9d88c34aa5cff7260cbd117f1df93c2bac6a,Every cached physical page manually audited; Romanian printed Subiect/Problema I-III or1-3 headings checked with prior complete actual statement inspection. Exactly three top-level problems already registered. Internal A/B/C parts retained; no additional independent problem.,full_paper_boundaries_verified,3
physical_paper,2807,paper_boundary_audit,onf,2011,,2807,originals/onf/2011/ONF_2011_Q1-3__0d575b5f50ff0ff3.pdf,0d575b5f50ff0ff31bc6572b3741dc4ca4a46fbccfc20b692b6d2ef95554db86,Every cached physical page manually audited; Romanian printed Subiect/Problema I-III or1-3 headings checked with prior complete actual statement inspection. Exactly three top-level problems already registered. Internal A/B/C parts retained; no additional independent problem.,full_paper_boundaries_verified,3
physical_paper,2810,paper_boundary_audit,onf,2010,,2810,originals/onf/2010/ONF_2010_Q1-3__3d01bf40684df30c.pdf,3d01bf40684df30c1dcf887ef6de2b23e896d45898958060152fb39c015e7f60,Every cached physical page manually audited; Romanian printed Subiect/Problema I-III or1-3 headings checked with prior complete actual statement inspection. Exactly three top-level problems already registered. Internal A/B/C parts retained; no additional independent problem.,full_paper_boundaries_verified,3
physical_paper,2812,paper_boundary_audit,onf,2009,,2812,originals/onf/2009/ONF_2009_Q1-3__684f3db36b8b82d5.pdf,684f3db36b8b82d50b5ab0a6c08b21d4b97a6f326025dd2844746af9f9345eb3,Every cached physical page manually audited; Romanian printed Subiect/Problema I-III or1-3 headings checked with prior complete actual statement inspection. Exactly three top-level problems already registered. Internal A/B/C parts retained; no additional independent problem.,full_paper_boundaries_verified,3
physical_paper,2815,paper_boundary_audit,onf,2008,,2815,originals/onf/2008/ONF_2008_Q1-3__114ad58a3ddc2e92.pdf,114ad58a3ddc2e924dc239b066d90c756034e914e9230842b28be7a5507e774a,Every cached physical page manually audited; Romanian printed Subiect/Problema I-III or1-3 headings checked with prior complete actual statement inspection. Exactly three top-level problems already registered. Internal A/B/C parts retained; no additional independent problem.,full_paper_boundaries_verified,3
physical_paper,2817,paper_boundary_audit,onf,2007,,2817,originals/onf/2007/ONF_2007_Q1-3__0a221bec70257148.pdf,0a221bec70257148e1c824e15c68fde4f87974d737773c0ddd4e61e00caf8f5b,Every cached physical page manually audited; Romanian printed Subiect/Problema I-III or1-3 headings checked with prior complete actual statement inspection. Exactly three top-level problems already registered. Internal A/B/C parts retained; no additional independent problem.,full_paper_boundaries_verified,3
physical_paper,2818,paper_boundary_audit,onf,2006,,2818,originals/onf/2006/ONF_2006_Q1-3__a8cfa781caf056f6.pdf,a8cfa781caf056f622469148323d0696c088dbd48899c752044d32b6c252e0fb,Every cached physical page manually audited; Romanian printed Subiect/Problema I-III or1-3 headings checked with prior complete actual statement inspection. Exactly three top-level problems already registered. Internal A/B/C parts retained; no additional independent problem.,full_paper_boundaries_verified,3
physical_paper,2820,paper_boundary_audit,onf,2005,,2820,originals/onf/2005/ONF_2005_Q1-3__9cbb9ab29e8fe8a2.pdf,9cbb9ab29e8fe8a2a7491901db20d1c6f8122d9844ba0dc4987d3d7c40fc0e84,Every cached physical page manually audited; Romanian printed Subiect/Problema I-III or1-3 headings checked with prior complete actual statement inspection. Exactly three top-level problems already registered. Internal A/B/C parts retained; no additional independent problem.,full_paper_boundaries_verified,3
physical_paper,2822,paper_boundary_audit,onf,2004,,2822,originals/onf/2004/ONF_2004_Q1-3__ddcf0a7c827b8263.pdf,ddcf0a7c827b82638c6c8ea763bd1ab7f1ad9d3ef75638b4d14399c901812cbf,Every cached physical page manually audited; Romanian printed Subiect/Problema I-III or1-3 headings checked with prior complete actual statement inspection. Exactly three top-level problems already registered. Internal A/B/C parts retained; no additional independent problem.,full_paper_boundaries_verified,3
physical_paper,2824,paper_boundary_audit,onf,2003,,2824,originals/onf/2003/ONF_2003_Q1-3__92fd8b61312ddb06.pdf,92fd8b61312ddb06d3b4bd1d4eb6baf0b5ffb5372c7cf2e73952ee71e11062f3,Every cached physical page manually audited; Romanian printed Subiect/Problema I-III or1-3 headings checked with prior complete actual statement inspection. Exactly three top-level problems already registered. Internal A/B/C parts retained; no additional independent problem.,full_paper_boundaries_verified,3
physical_paper,2825,paper_boundary_audit,upho,2025,,2825,originals/upho/2025/UPhO_2025_Q1-5__7d1594cf7bb96b3d.pdf,7d1594cf7bb96b3dfbe4948d752df2d56e7a7531912db4f45d391e954896bd11,"Every physical page boundary and printed problem sequence manually inspected, prior complete actual statements reused. 5 top-level problems registered. Answer keys/blank response space and internal parts excluded; no omitted statement.",full_paper_boundaries_verified,5
physical_paper,2827,paper_boundary_audit,eotvos,2025,,2827,originals/eotvos/2025/Eotvos_2025_Q1-3__aae7286058bb7797.pdf,aae7286058bb7797763eb12760f9bdad75020acc483f53a6c9ff11db8f13cb03,"Complete single physical page checked against three registered rows: right-hand problem column contains top-level 1, 2, 3; left column contains contestant/competition instructions only. Internal (a)/(b)/(c) remain together. Complete cached statement text inspected.",full_paper_boundaries_verified,3
physical_paper,2828,paper_boundary_audit,eotvos,2024,,2828,originals/eotvos/2024/Eotvos_2024_Q1-3__c377daa94f2af47f.pdf,c377daa94f2af47f0323e5b8f411e01d5bf99d6c0ccd0544f9eeab967dd1eab3,"Complete single physical page checked against three registered rows: right-hand problem column contains top-level 1, 2, 3; left column contains contestant/competition instructions only. Internal (a)/(b)/(c) remain together. Rendered page used for damaged extraction.",full_paper_boundaries_verified,3
physical_paper,2829,paper_boundary_audit,eotvos,2023,,2829,originals/eotvos/2023/Eotvos_2023_Q1-3__fba9e093e6ec00ba.pdf,fba9e093e6ec00ba0e20d81293810834f97316a3c192e23a966cbf2f1e356970,"Complete single physical page checked against three registered rows: right-hand problem column contains top-level 1, 2, 3; left column contains contestant/competition instructions only. Internal (a)/(b)/(c) remain together. Complete cached statement text inspected.",full_paper_boundaries_verified,3
physical_paper,2830,paper_boundary_audit,eotvos,2022,,2830,originals/eotvos/2022/Eotvos_2022_Q1-3__b120af520af308c7.pdf,b120af520af308c7ffcb96a95257998ee4605286c2692c5b48dc0221a11d10c4,"Complete single physical page checked against three registered rows: right-hand problem column contains top-level 1, 2, 3; left column contains contestant/competition instructions only. Internal (a)/(b)/(c) remain together. Complete cached statement text inspected.",full_paper_boundaries_verified,3
physical_paper,2831,paper_boundary_audit,eotvos,2021,,2831,originals/eotvos/2021/Eotvos_2021_Q1-3__68150ff0e87bd195.pdf,68150ff0e87bd195eeea5df9e1363d6ffc717bb294be1e10f9dadb77bb6a276e,"Complete single physical page checked against three registered rows: right-hand problem column contains top-level 1, 2, 3; left column contains contestant/competition instructions only. Internal (a)/(b)/(c) remain together. Complete cached statement text inspected.",full_paper_boundaries_verified,3
physical_paper,2832,paper_boundary_audit,eotvos,2020,,2832,originals/eotvos/2020/Eotvos_2020_Q1-3__eb2e0311dd6ba775.pdf,eb2e0311dd6ba7757a391701273f6d2556efd828911c72d8c3e1219fe8b16ca7,"Complete single physical page checked against three registered rows: right-hand problem column contains top-level 1, 2, 3; left column contains contestant/competition instructions only. Internal (a)/(b)/(c) remain together. Complete cached statement text inspected.",full_paper_boundaries_verified,3
physical_paper,2833,paper_boundary_audit,eotvos,2019,,2833,originals/eotvos/2019/Eotvos_2019_Q1-3__5e5899ae0f47d15a.pdf,5e5899ae0f47d15abf8424b48f7a0fc1bcaea4bf0f2045dbc10324c01dbd8341,"Complete single physical page checked against three registered rows: right-hand problem column contains top-level 1, 2, 3; left column contains contestant/competition instructions only. Internal (a)/(b)/(c) remain together. Rendered page used for damaged extraction.",full_paper_boundaries_verified,3
physical_paper,2834,paper_boundary_audit,eotvos,2018,,2834,originals/eotvos/2018/Eotvos_2018_Q1-3__b5efb9551be5803c.pdf,b5efb9551be5803ced22fd65f12a446dd4a6f057cdd667de4a7f0c0443b55ee7,"Complete single physical page checked against three registered rows: right-hand problem column contains top-level 1, 2, 3; left column contains contestant/competition instructions only. Internal (a)/(b)/(c) remain together. Complete cached statement text inspected.",full_paper_boundaries_verified,3
physical_paper,2835,paper_boundary_audit,eotvos,2017,,2835,originals/eotvos/2017/Eotvos_2017_Q1-3__054f9f0da49d9755.pdf,054f9f0da49d9755fa36439e677bdf722ef565c153dba98fdee35ca894d48b0b,"Complete single physical page checked against three registered rows: right-hand problem column contains top-level 1, 2, 3; left column contains contestant/competition instructions only. Internal (a)/(b)/(c) remain together. Complete cached statement text inspected.",full_paper_boundaries_verified,3
physical_paper,2836,paper_boundary_audit,eotvos,2016,,2836,originals/eotvos/2016/Eotvos_2016_Q1-3__c47e2e6b4430e50d.pdf,c47e2e6b4430e50d6160843f3b463f88b84b3572fecbc776a425d0eddef52e7f,"Complete single physical page checked against three registered rows: right-hand problem column contains top-level 1, 2, 3; left column contains contestant/competition instructions only. Internal (a)/(b)/(c) remain together. Rendered page used for damaged extraction.",full_paper_boundaries_verified,3
physical_paper,2837,paper_boundary_audit,eotvos,2015,,2837,originals/eotvos/2015/Eotvos_2015_Q1-3__aadd28f772ff20cd.pdf,aadd28f772ff20cdbf7471d4edca9407d8d93ea0ee83a366c71676963190a592,"Complete single physical page checked against three registered rows: right-hand problem column contains top-level 1, 2, 3; left column contains contestant/competition instructions only. Internal (a)/(b)/(c) remain together. Rendered page used for damaged extraction.",full_paper_boundaries_verified,3
physical_paper,2838,paper_boundary_audit,eotvos,2014,,2838,originals/eotvos/2014/Eotvos_2014_Q1-3__449cbe99fbc88965.pdf,449cbe99fbc88965c874d798e0097aa3f85bdda6e0294b19922b2d7e3a69ae89,"Complete single physical page checked against three registered rows: right-hand problem column contains top-level 1, 2, 3; left column contains contestant/competition instructions only. Internal (a)/(b)/(c) remain together. Rendered page used for damaged extraction.",full_paper_boundaries_verified,3
physical_paper,2839,paper_boundary_audit,fyziklani,2026,,2839,originals/fyziklani/2026/Fyziklani_2026_Q1-58__2b981ce38096a67c.pdf,2b981ce38096a67c5259a4a8f80cbd968949f427fbf6a55123f0073876523e8e,All 58 printed labels AA-HB reconcile with raw logical rows. Complete combined-paper navigation contains no missing top-level statement; internal worked solution stages are not units.,full_paper_boundaries_verified,58
physical_paper,2840,paper_boundary_audit,fyziklani,2025,,2840,originals/fyziklani/2025/Fyziklani_2025_Q1-56__7ada69d198c2677d.pdf,7ada69d198c2677d99fe02ce08dd8452d7d4b22379df75b60d4f9dcc767b3b75,Complete 56-statement typography/navigation inventory AA-GH reconciled with source logical rows; no internal solution steps were promoted to questions.,full_paper_boundaries_verified,56
physical_paper,2841,paper_boundary_audit,fyziklani,2024,,2841,originals/fyziklani/2024/Fyziklani_2024_Q1-54__cd9f983841aadccf.pdf,cd9f983841aadccf1dd2dcd34c0587e4e43e6a9d1159cc4ac9b40f1e2bda6302,"Complete cached physical paper page sequence checked against prior complete statement-grounded scope inspection; printed top-level numbering independently confirmed, including end pages. No additional task beyond registered inventory. Solution work, bilingual repeats, figures, cover, pagination and credits are not new problems. Empty extracted first/last pages rendered now: cover and sponsor logos only.",full_paper_boundaries_verified,54
physical_paper,2842,paper_boundary_audit,fyziklani,2023,,2842,originals/fyziklani/2023/Fyziklani_2023_Q1-51__a3ab080b0e2ca3db.pdf,a3ab080b0e2ca3db5a1951e133bfbeaed126fd80cc8e8ee00325dc3985cc56a5,"Complete cached physical paper page sequence checked against prior complete statement-grounded scope inspection; printed top-level numbering independently confirmed, including end pages. No additional task beyond registered inventory. Solution work, bilingual repeats, figures, cover, pagination and credits are not new problems. Empty extracted first/last pages rendered now: cover and sponsor logos only.",full_paper_boundaries_verified,51
physical_paper,2843,paper_boundary_audit,fyziklani,2022,,2843,originals/fyziklani/2022/Fyziklani_2022_Q1-50__b76d3994e016c1b8.pdf,b76d3994e016c1b8738518d9f93d82590d4f26d1b29af9df9726a65628a8ddb7,"Complete cached physical paper page sequence checked against prior complete statement-grounded scope inspection; printed top-level numbering independently confirmed, including end pages. No additional task beyond registered inventory. Solution work, bilingual repeats, figures, cover, pagination and credits are not new problems.",full_paper_boundaries_verified,50
physical_paper,2844,paper_boundary_audit,fyziklani,2021,,2844,originals/fyziklani/2021/Fyziklani_2021_Q1-56__a97e9f509f731617.pdf,a97e9f509f73161743b2745015e9080e86e083e45659bef88b61d002f76ab060,"Complete cached physical paper page sequence checked against prior complete statement-grounded scope inspection; printed top-level numbering independently confirmed, including end pages. No additional task beyond registered inventory. Solution work, bilingual repeats, figures, cover, pagination and credits are not new problems. Category sequences M1-17, E1-8, X1-7, A1-6, C1-5, O1-6, T1-7 total 56.",full_paper_boundaries_verified,56
physical_paper,2845,paper_boundary_audit,fyziklani,2020,,2845,originals/fyziklani/2020/Fyziklani_2020_Q1-51__258d5082a1c652ec.pdf,258d5082a1c652eca603ff36f22f60c0b0355337c73f5b87027f8494c71986db,"Complete cached physical paper page sequence checked against prior complete statement-grounded scope inspection; printed top-level numbering independently confirmed, including end pages. No additional task beyond registered inventory. Solution work, bilingual repeats, figures, cover, pagination and credits are not new problems.",full_paper_boundaries_verified,51
physical_paper,2846,paper_boundary_audit,fyziklani,2019,,2846,originals/fyziklani/2019/Fyziklani_2019_Q1-50__f5ef2cdae7676f31.pdf,f5ef2cdae7676f3164fc2be7f4799dbcabf63359eeaba5d4f4c6635887383364,"Complete cached physical paper page sequence checked against prior complete statement-grounded scope inspection; printed top-level numbering independently confirmed, including end pages. No additional task beyond registered inventory. Solution work, bilingual repeats, figures, cover, pagination and credits are not new problems.",full_paper_boundaries_verified,50
physical_paper,2847,paper_boundary_audit,fyziklani,2018,,2847,originals/fyziklani/2018/Fyziklani_2018_Q1-51__09866a46824d4189.pdf,09866a46824d418947309b989da694ff6db54a96794ba5876c8d25360afc5655,"Complete cached physical paper page sequence checked against prior complete statement-grounded scope inspection; printed top-level numbering independently confirmed, including end pages. No additional task beyond registered inventory. Solution work, bilingual repeats, figures, cover, pagination and credits are not new problems.",full_paper_boundaries_verified,51
physical_paper,2848,paper_boundary_audit,fyziklani,2017,,2848,originals/fyziklani/2017/Fyziklani_2017_Q1-50__9b7cee51fa5f5a4b.pdf,9b7cee51fa5f5a4b09b746046545f356334cbe9f464718f4fc34759e70705345,"Complete cached physical paper page sequence checked against prior complete statement-grounded scope inspection; printed top-level numbering independently confirmed, including end pages. No additional task beyond registered inventory. Solution work, bilingual repeats, figures, cover, pagination and credits are not new problems.",full_paper_boundaries_verified,50
physical_paper,2849,paper_boundary_audit,fyziklani,2016,,2849,originals/fyziklani/2016/Fyziklani_2016_Q1-49__62a9c2ce1bb27e8d.pdf,62a9c2ce1bb27e8d06328fe32fa72c8ac117d0c7c5dccbcd466dfc1b46bda4e6,"Complete cached physical paper page sequence checked against prior complete statement-grounded scope inspection; printed top-level numbering independently confirmed, including end pages. No additional task beyond registered inventory. Solution work, bilingual repeats, figures, cover, pagination and credits are not new problems.",full_paper_boundaries_verified,49
physical_paper,2850,paper_boundary_audit,fyziklani,2015,,2850,originals/fyziklani/2015/Fyziklani_2015_Q1-53__69757af89ae46d44.pdf,69757af89ae46d44d00bfc1b0c224acad47ab5e717adf8031cb4a285e6b6dce0,"Complete cached physical paper page sequence checked against prior complete statement-grounded scope inspection; printed top-level numbering independently confirmed, including end pages. No additional task beyond registered inventory. Solution work, bilingual repeats, figures, cover, pagination and credits are not new problems.",full_paper_boundaries_verified,53
physical_paper,2851,paper_boundary_audit,fyziklani,2014,,2851,originals/fyziklani/2014/Fyziklani_2014_Q1-51__5e9550a1f5782c1b.pdf,5e9550a1f5782c1bf3d55b66c6ca7435b1fc6381c8ed60b0abbb5690d1b5be13,"Complete cached physical paper page sequence checked against prior complete statement-grounded scope inspection; printed top-level numbering independently confirmed, including end pages. No additional task beyond registered inventory. Solution work, bilingual repeats, figures, cover, pagination and credits are not new problems.",full_paper_boundaries_verified,51
physical_paper,2852,paper_boundary_audit,fyziklani,2013,,2852,originals/fyziklani/2013/Fyziklani_2013_Q1-47__72d8c6a8920b5d76.pdf,72d8c6a8920b5d76eaf308d2fd0f85c18afae156e4c44270b4ccb93363ed2c4d,"Complete cached physical paper page sequence checked against prior complete statement-grounded scope inspection; printed top-level numbering independently confirmed, including end pages. No additional task beyond registered inventory. Solution work, bilingual repeats, figures, cover, pagination and credits are not new problems.",full_paper_boundaries_verified,47
physical_paper,2853,paper_boundary_audit,fyziklani,2012,,2853,originals/fyziklani/2012/Fyziklani_2012_Q1-42__1380bd2c26f4986d.pdf,1380bd2c26f4986d29bf6951ff7868f439054eff5472d2385d71e0dff544e8c1,"Complete cached physical paper page sequence checked against prior complete statement-grounded scope inspection; printed top-level numbering independently confirmed, including end pages. No additional task beyond registered inventory. Solution work, bilingual repeats, figures, cover, pagination and credits are not new problems.",full_paper_boundaries_verified,42
physical_paper,2854,paper_boundary_audit,fyziklani,2011,,2854,originals/fyziklani/2011/Fyziklani_2011_Q1-38__4bc8d7fd340f7af5.pdf,4bc8d7fd340f7af5dec967862d3fcdfff5adde85e2df25b04eb870a1303a82d9,"Complete cached physical paper page sequence checked against prior complete statement-grounded scope inspection; printed top-level numbering independently confirmed, including end pages. No additional task beyond registered inventory. Solution work, bilingual repeats, figures, cover, pagination and credits are not new problems.",full_paper_boundaries_verified,38
physical_paper,2855,paper_boundary_audit,fyziklani,2010,,2855,originals/fyziklani/2010/Fyziklani_2010_Q1-40__14ad603e0e7f5447.pdf,14ad603e0e7f54470aa42dc58a68ae55cf7b97b332412caa2a6cbab4f5e45dd5,"Complete cached physical paper page sequence checked against prior complete statement-grounded scope inspection; printed top-level numbering independently confirmed, including end pages. No additional task beyond registered inventory. Solution work, bilingual repeats, figures, cover, pagination and credits are not new problems.",full_paper_boundaries_verified,40
physical_paper,2856,paper_boundary_audit,fyziklani,2009,,2856,originals/fyziklani/2009/Fyziklani_2009_Q1-40__b46500e8f6c95baa.pdf,b46500e8f6c95baa0c3f20f320547b22978e535463e5c8e16753cab862e9945f,"Complete cached physical paper page sequence checked against prior complete statement-grounded scope inspection; printed top-level numbering independently confirmed, including end pages. No additional task beyond registered inventory. Solution work, bilingual repeats, figures, cover, pagination and credits are not new problems. Broken extraction resolved by existing complete rendered-page inspection; printed problems 1-40.",full_paper_boundaries_verified,40
physical_paper,2857,paper_boundary_audit,fyziklani,2008,,2857,originals/fyziklani/2008/Fyziklani_2008_Q1-40__426a25af55d47b17.pdf,426a25af55d47b177b076fabb5147a17b3c642ec344e537f0736911b0980df49,"Complete cached physical paper page sequence checked against prior complete statement-grounded scope inspection; printed top-level numbering independently confirmed, including end pages. No additional task beyond registered inventory. Solution work, bilingual repeats, figures, cover, pagination and credits are not new problems.",full_paper_boundaries_verified,40
physical_paper,2858,paper_boundary_audit,fyziklani,2006,,2858,originals/fyziklani/2006/Fyziklani_2006_Q1-42__7240478eeeefc696.pdf,7240478eeeefc696db85402786b6378faca324efa686c093bde1fe4bce95637e,"Complete cached physical paper page sequence checked against prior complete statement-grounded scope inspection; printed top-level numbering independently confirmed, including end pages. No additional task beyond registered inventory. Solution work, bilingual repeats, figures, cover, pagination and credits are not new problems.",full_paper_boundaries_verified,42
physical_paper,2859,paper_boundary_audit,efo,2022,,2859,originals/efo/2022/EFO_2022_Q1-10__dab2b0c977044fbf.pdf,dab2b0c977044fbff39cff87fa3eb0313d369590f5ba8d6b79e9917dc86c6274,Read entire paper and every supplemental page: ten theory problems plus independently printed E1/E2. Supplemental graphs/templates repeat earlier problems.,full_paper_boundaries_verified,12
physical_paper,2860,paper_boundary_audit,efo,2021,,2860,originals/efo/2021/EFO_2021_Q1-10__99394fcbe563ab5a.pdf,99394fcbe563ab5aa3499b3527dfc903db409934808411554f8f67fa6aee996e,Read entire paper and every supplemental page: ten theory problems plus independently printed E1/E2. Supplemental graphs/templates repeat earlier problems.,full_paper_boundaries_verified,12
physical_paper,2861,paper_boundary_audit,efo,2020,,2861,originals/efo/2020/EFO_2020_Q1-10__a78e72c3c72e1032.pdf,a78e72c3c72e10320be96cb35a4abfac66bde18cf5361bdcd565d017f7fa2b5d,Read entire paper and every supplemental page: ten theory problems plus independently printed E1/E2. Supplemental graphs/templates repeat earlier problems.,full_paper_boundaries_verified,12
physical_paper,2864,paper_boundary_audit,efo,2019,,2864,originals/efo/2019/EFO_2019_Q1-10__86a2a389a8e993a1.pdf,86a2a389a8e993a13c1e1337556fa1e2f2df9d6e47a6bc48d9d31bd36324637d,Read entire paper and every supplemental page: ten theory problems plus independently printed E1/E2. Supplemental graphs/templates repeat earlier problems.,full_paper_boundaries_verified,12
physical_paper,2867,paper_boundary_audit,efo,2018,,2867,originals/efo/2018/EFO_2018_Q1-10__00e0584ec7948db0.pdf,00e0584ec7948db069aea061ec208fbe28c9f5a2d3615dd366c77a1905f37e27,All source pages read: theory 1-10 and two printed experiments E1/E2. Administrative and repeated drawing pages are not new problems.,full_paper_boundaries_verified,12
physical_paper,2868,paper_boundary_audit,efo,2017,,2868,originals/efo/2017/EFO_2017_Q1-10__d207af19556a7e0d.pdf,d207af19556a7e0d45182b265424202d9dd1e54640c224dd3bd8ade3bf4142a6,All source pages read: theory 1-10 and two printed experiments E1/E2. Administrative and repeated drawing pages are not new problems.,full_paper_boundaries_verified,12
physical_paper,2870,paper_boundary_audit,efo,2016,,2870,originals/efo/2016/EFO_2016_Q1-10__2921a705d1fa8aab.pdf,2921a705d1fa8aab816c1c8b7c93f6f88083dbb9444b9f6c8d72212a684ef994,All source pages read: theory 1-10 and two printed experiments E1/E2. Administrative and repeated drawing pages are not new problems.,full_paper_boundaries_verified,12
physical_paper,2872,paper_boundary_audit,efo,2015,,2872,originals/efo/2015/EFO_2015_Q1-10__d541ebc95752aa2e.pdf,d541ebc95752aa2ebb1ee26e959a742531043f48333bd96c9dae9e992dad71f7,All source pages read: theory 1-10 and two printed experiments E1/E2. Administrative and repeated drawing pages are not new problems.,full_paper_boundaries_verified,12
physical_paper,2876,paper_boundary_audit,efo,2013,,2876,originals/efo/2013/EFO_2013_Q1-10__4110e8064128de52.pdf,4110e8064128de523c472c52807ad30f415f9f0b651830e48812c811fb443407,Read all source pages and verified printed top-level theory/experimental labels; supplemental drawing copies and administrative text are not extra units.,full_paper_boundaries_verified,12
physical_paper,2878,paper_boundary_audit,efo,2012,,2878,originals/efo/2012/EFO_2012_Q1-10__49e87d97224d0b39.pdf,49e87d97224d0b39144ed21d65e9ff51993792edb7712c88844818265bd20571,Read all source pages and verified printed top-level theory/experimental labels; supplemental drawing copies and administrative text are not extra units.,full_paper_boundaries_verified,12
physical_paper,2880,paper_boundary_audit,efo,2011,,2880,originals/efo/2011/EFO_2011_Q1-10__88acce953b2cc09f.pdf,88acce953b2cc09f92f918cfe0d5097c136fc6fcfd26d7cbe7d143e19e0141f7,Read all source pages and verified printed top-level theory/experimental labels; supplemental drawing copies and administrative text are not extra units.,full_paper_boundaries_verified,12
physical_paper,2883,paper_boundary_audit,efo,2010,,2883,originals/efo/2010/EFO_2010_Q1-10__fa4f0a829a60001b.pdf,fa4f0a829a60001b30d9d06d6bd9026d66b693632ec830bfd8544de287ef62e7,Read all source pages and verified printed top-level theory/experimental labels; supplemental drawing copies and administrative text are not extra units.,full_paper_boundaries_verified,12
physical_paper,2884,paper_boundary_audit,efo,2014,,2884,originals/efo/2014/EFO_2014_Q1-10__1e9dc1420c09bf5e.pdf,1e9dc1420c09bf5e96e3f95cfade1917538c02a8bebf69b6983ee9500ce76d39,Read all source pages and verified printed top-level theory/experimental labels; supplemental drawing copies and administrative text are not extra units.,full_paper_boundaries_verified,12
physical_paper,2885,paper_boundary_audit,efo,2009,,2885,originals/efo/2009/EFO_2009_Q1-10__d7794b48b84a87ad.pdf,d7794b48b84a87ad28b26de848ece1cd6a8f6bd9ac556d3f988e16d4fd3ae925,Read all source pages and verified printed top-level theory/experimental labels; supplemental drawing copies and administrative text are not extra units.,full_paper_boundaries_verified,12
physical_paper,2888,paper_boundary_audit,efo,2008,,2888,originals/efo/2008/EFO_2008_Q1-10__c55b301d3e025916.pdf,c55b301d3e02591601c105b15d8e86f1c809849e11c8a8a9f872486ed762983f,Read all source pages and verified printed top-level theory/experimental labels; supplemental drawing copies and administrative text are not extra units.,full_paper_boundaries_verified,12
physical_paper,2889,paper_boundary_audit,efo,2007,,2889,originals/efo/2007/EFO_2007_Q1-10__410b7ab1cbfa83dd.pdf,410b7ab1cbfa83ddb6650f8f644c212935c5ce50809735f55afde47984c05069,Read all source pages and verified printed top-level theory/experimental labels; supplemental drawing copies and administrative text are not extra units.,full_paper_boundaries_verified,12
physical_paper,2891,paper_boundary_audit,efo,2006,,2891,originals/efo/2006/EFO_2006_Q1-10__36a238341cfd8ae8.pdf,36a238341cfd8ae872a7f0807cb28243053d83998eada4736b8cf0e299cb91fe,Read all source pages and verified printed top-level theory/experimental labels; supplemental drawing copies and administrative text are not extra units.,full_paper_boundaries_verified,12
physical_paper,2893,paper_boundary_audit,efo,2005,,2893,originals/efo/2005/EFO_2005_Q1-10__f074c8bf783be3e3.pdf,f074c8bf783be3e3be05e512bfca1f23090d7f7d87a6ef2054f5fc1c52935277,Read all source pages and verified printed top-level theory/experimental labels; supplemental drawing copies and administrative text are not extra units.,full_paper_boundaries_verified,12
physical_paper,2896,paper_boundary_audit,efo,2004,,2896,originals/efo/2004/EFO_2004_Q1-10__df559daef0887885.pdf,df559daef08878856244a80dc9ef2b2b0f8f4a1a910395d5c44aed1e95bb2c29,Read all source pages and verified printed top-level theory/experimental labels; supplemental drawing copies and administrative text are not extra units.,full_paper_boundaries_verified,12
physical_paper,2897,paper_boundary_audit,efo,2003,,2897,originals/efo/2003/EFO_2003_Q1-10__54fc6ea9a4fe77e2.pdf,54fc6ea9a4fe77e2802edb98c7484bc6df4d185e5bcc2f37a9375dd0edcdd9c6,Read all source pages and verified printed top-level theory/experimental labels; supplemental drawing copies and administrative text are not extra units.,full_paper_boundaries_verified,12
physical_paper,2899,paper_boundary_audit,efo,2002,,2899,originals/efo/2002/EFO_2002_Q1-10__d5153c45beb53ee4.pdf,d5153c45beb53ee4b41af5204792b54638ef20afaf04a1b32e20ae760b92ac53,Read all source pages and verified printed top-level theory/experimental labels; supplemental drawing copies and administrative text are not extra units.,full_paper_boundaries_verified,12
physical_paper,2901,paper_boundary_audit,efo,2001,,2901,originals/efo/2001/EFO_2001_Q1-10__5780f5b30456f339.pdf,5780f5b30456f3390f56622a00f72209e0186f1a1c1ef0840288f1796e614f25,Read all source pages and verified printed top-level theory/experimental labels; supplemental drawing copies and administrative text are not extra units.,full_paper_boundaries_verified,12
physical_paper,2903,paper_boundary_audit,efo,2000,,2903,originals/efo/2000/EFO_2000_Q1-10__df46a5024fbb7672.pdf,df46a5024fbb76728ffd924f500ed1d0a82a9a72a8a5c76831d45983f76c41be,Read all source pages and verified printed top-level theory/experimental labels; supplemental drawing copies and administrative text are not extra units.,full_paper_boundaries_verified,12
physical_paper,2904,paper_boundary_audit,efo,1999,,2904,originals/efo/1999/EFO_1999_Q1-10__320e06789e1f8cb2.pdf,320e06789e1f8cb2f5df5bd840a94821b39a717a8a8626a644d03d16320f5cea,Read all source pages and verified printed top-level theory/experimental labels; supplemental drawing copies and administrative text are not extra units.,full_paper_boundaries_verified,12
physical_paper,2907,paper_boundary_audit,efo,1998,,2907,originals/efo/1998/EFO_1998_Q1-10__4dde0e8245cd3f31.pdf,4dde0e8245cd3f31f136c36146866e330acb55bb59e07ba0ef6e8c0ea657abc4,Read all source pages and verified printed top-level theory/experimental labels; supplemental drawing copies and administrative text are not extra units.,full_paper_boundaries_verified,12
physical_paper,2909,paper_boundary_audit,twpho-tst,2024,,2909,originals/twpho-tst/2024/TwPhO_2024_Q1-6__de9d843ec1101618.pdf,de9d843ec11016187c653f45af852aaf3fdea4f2ef839cd2c72d929671726746,"Complete actual statement sequence already inspected and persisted in fast_scope_0165/0166; current boundary audit checked cover expressly specifies six 25-point top-level problems and remaining pages are matching Q1-Q6 grading solutions, no extra tasks: pp3-8, solutions pp9-15 (Q5 repeated). Mathematical formula page is supplied reference, internal parts stay together.",full_paper_boundaries_verified,6
physical_paper,2910,paper_boundary_audit,twpho-tst,2014,,2910,originals/twpho-tst/2014/TwPhO_2014_Q1__370c3e0148249361.pdf,370c3e0148249361b297a0bf03c5eb044df3725b2f31b354c2567e7d1d4db836,"Complete source-container boundary inspection: Chinese first-level headings 一 through 六 verified in embedded text; internal numbered tasks remain grouped. This is a boundary inventory, not a physics decision.",full_paper_boundaries_verified,6
physical_paper,2911,paper_boundary_audit,twpho-tst,2015,,2911,originals/twpho-tst/2015/TwPhO_2015_Q1__0dfa6c93624c8232.pdf,0dfa6c93624c8232df9b44bf500fca4050f0dd536497f95d3bb410a6648b0e1e,"Complete source-container boundary inspection: Rendered Taiwan 2015 cover states six grand questions; Chinese labels 一 through 六 verified. Prefatory formula list excluded; all internal lettered parts retained. This is a boundary inventory, not a physics decision.",full_paper_boundaries_verified,6
physical_paper,2912,paper_boundary_audit,twpho-tst,2013,,2912,originals/twpho-tst/2013/TwPhO_2013_Q1__f667537f33a4807d.pdf,f667537f33a4807d5cbbd8f840cada89b0e6d8f331e710d8ec31d9fd68ab0819,Complete source-container boundary inspection: Source cover counts and printed first-level question labels verified visually. Repeated bold versions of a Chinese question and reference solutions are not additional units.,full_paper_boundaries_verified,6
physical_paper,2913,paper_boundary_audit,twpho-tst,2011,,2913,originals/twpho-tst/2011/TwPhO_2011_Q1__f6952ad48b75ab24.pdf,f6952ad48b75ab24458d72624b6a1a92258655068523b4a6535ecd5092c67a34,Complete source-container boundary inspection: Source cover counts and printed first-level question labels verified visually. Repeated bold versions of a Chinese question and reference solutions are not additional units.,full_paper_boundaries_verified,6
physical_paper,2914,paper_boundary_audit,twpho-tst,2012,,2914,originals/twpho-tst/2012/TwPhO_2012_Q1__fe692bda58bd5fed.pdf,fe692bda58bd5fedf36af4d2ec328dc0b7bf88ace0cea58b71e612cd68d3a51d,Complete source-container boundary inspection: Source cover counts and printed first-level question labels verified visually. Repeated bold versions of a Chinese question and reference solutions are not additional units.,full_paper_boundaries_verified,6
physical_paper,2915,paper_boundary_audit,twpho-camp,2022,,2915,originals/twpho-camp/2022/TwPhOCamp_2022_Q1__3b93d20d3bc82397.pdf,3b93d20d3bc82397e81db6c4e52a035aa63c13422b24c109dd885ee6b306edc4,Complete source-container boundary inspection: Source cover counts and printed first-level question labels verified visually. Repeated bold versions of a Chinese question and reference solutions are not additional units.,full_paper_boundaries_verified,5
physical_paper,2916,paper_boundary_audit,twpho-tst,2010,,2916,originals/twpho-tst/2010/TwPhO_2010_Q1__da9333e8df95ff52.pdf,da9333e8df95ff520d9a3fe8cd4230efe7123c2c9a6147a23c870d4553060621,Complete source-container boundary inspection: Source cover counts and printed first-level question labels verified visually. Repeated bold versions of a Chinese question and reference solutions are not additional units.,full_paper_boundaries_verified,6
physical_paper,2917,paper_boundary_audit,twpho-camp,2024,,2917,originals/twpho-camp/2024/TwPhOCamp_2024_Q1__5f3bbd6100353715.pdf,5f3bbd6100353715decdc565bfa49067ecfa5dae01448f465e7a0c9346bd611e,"Complete source-container boundary inspection: All 31 rendered pages inspected: five distinct exam covers, five plus five written problems, three theory-simulation problems, and two experiments. Repeated page labels within each experiment retained as one top-level experiment.",full_paper_boundaries_verified,15
physical_paper,2918,paper_boundary_audit,twpho-camp,2022,,2918,originals/twpho-camp/2022/TwPhOCamp_2022_Q2__b1cd565276ca09c0.pdf,b1cd565276ca09c019fbfdffac486bd8da7fb013a3d1784096b234322964c368,Complete source-container boundary inspection: Source cover counts and printed first-level question labels verified visually. Repeated bold versions of a Chinese question and reference solutions are not additional units.,full_paper_boundaries_verified,5
physical_paper,2919,paper_boundary_audit,twpho-camp,2021,,2919,originals/twpho-camp/2021/TwPhOCamp_2021_Q1__a8609be8e33433d2.pdf,a8609be8e33433d2c729e29e112ce783a1851e48378557b2b2685e401adfd271,Complete source-container boundary inspection: Source cover counts and printed first-level question labels verified visually. Repeated bold versions of a Chinese question and reference solutions are not additional units.,full_paper_boundaries_verified,5
physical_paper,2920,paper_boundary_audit,twpho-camp,2021,,2920,originals/twpho-camp/2021/TwPhOCamp_2021_Q2__63727366662daaeb.pdf,63727366662daaeb9cab0222f3cf9705fb7bd488cfc1712348adeeb5980c82da,Complete source-container boundary inspection: Source cover counts and printed first-level question labels verified visually. Repeated bold versions of a Chinese question and reference solutions are not additional units.,full_paper_boundaries_verified,5
physical_paper,2921,paper_boundary_audit,twpho-camp,2021,,2921,originals/twpho-camp/2021/TwPhOCamp_2021_Q3__375546d12b37a9dd.pdf,375546d12b37a9dd5eb6ac5ba3c2893acf03f9581951574789b2d7dd909e923f,Complete source-container boundary inspection: Source cover counts and printed first-level question labels verified visually. Repeated bold versions of a Chinese question and reference solutions are not additional units.,full_paper_boundaries_verified,3
physical_paper,2922,paper_boundary_audit,twpho-camp,2020,,2922,originals/twpho-camp/2020/TwPhOCamp_2020_Q2__737710f6b84cc75f.pdf,737710f6b84cc75fdc21d0907b207afc5a8aedfac2f21cf2401ac6bfd2d0a66c,Complete source-container boundary inspection: Source cover counts and printed first-level question labels verified visually. Repeated bold versions of a Chinese question and reference solutions are not additional units.,full_paper_boundaries_verified,5
physical_paper,2923,paper_boundary_audit,twpho-camp,2020,,2923,originals/twpho-camp/2020/TwPhOCamp_2020_Q3__e087b16b661a2c8f.pdf,e087b16b661a2c8ff0a096cc9b8611f02a5bdfad39fb0d220e21e9e5cd953744,Complete source-container boundary inspection: Source cover counts and printed first-level question labels verified visually. Repeated bold versions of a Chinese question and reference solutions are not additional units.,full_paper_boundaries_verified,3
physical_paper,2924,paper_boundary_audit,twpho-camp,2020,,2924,originals/twpho-camp/2020/TwPhOCamp_2020_Q1__c5d6c3a1aec8cdc3.pdf,c5d6c3a1aec8cdc368174e4858159839f91ab55da56d3e1b89535113b54780ba,Complete source-container boundary inspection: Source cover counts and printed first-level question labels verified visually. Repeated bold versions of a Chinese question and reference solutions are not additional units.,full_paper_boundaries_verified,5
physical_paper,2925,paper_boundary_audit,twpho-camp,2019,,2925,originals/twpho-camp/2019/TwPhOCamp_2019_Q1__27f78500072456cf.pdf,27f78500072456cf2f682243fd20538c3408ec10847653be9d71e0f48a4119c0,Complete source-container boundary inspection: Source cover counts and printed first-level question labels verified visually. Repeated bold versions of a Chinese question and reference solutions are not additional units.,full_paper_boundaries_verified,5
physical_paper,2926,paper_boundary_audit,twpho-camp,2019,,2926,originals/twpho-camp/2019/TwPhOCamp_2019_Q2__fb993bb2f790aed9.pdf,fb993bb2f790aed9e69198169fc0f5dd8bb7b1ee3beb1e1b6608e89feacb7df6,Complete source-container boundary inspection: Source cover counts and printed first-level question labels verified visually. Repeated bold versions of a Chinese question and reference solutions are not additional units.,full_paper_boundaries_verified,5
physical_paper,2927,paper_boundary_audit,twpho-camp,2018,,2927,originals/twpho-camp/2018/TwPhOCamp_2018_Q2__197b1b824f83123a.pdf,197b1b824f83123a82e65292d69bfce48f3d3fc5147eeb63338ae79c581fa8d3,Complete source-container boundary inspection: Source cover counts and printed first-level question labels verified visually. Repeated bold versions of a Chinese question and reference solutions are not additional units.,full_paper_boundaries_verified,5
physical_paper,2928,paper_boundary_audit,twpho-camp,2019,,2928,originals/twpho-camp/2019/TwPhOCamp_2019_Q3__96ca2a9986a6e59f.pdf,96ca2a9986a6e59fb3372ad195e3cca826c7722988cf3350b32ccb17d3587aee,Complete source-container boundary inspection: Source cover counts and printed first-level question labels verified visually. Repeated bold versions of a Chinese question and reference solutions are not additional units.,full_paper_boundaries_verified,3
physical_paper,2929,paper_boundary_audit,twpho-camp,2018,,2929,originals/twpho-camp/2018/TwPhOCamp_2018_Q3__bfbb6279e25a6ba6.pdf,bfbb6279e25a6ba61bfff42c36913839143532a64996b1c253d7ed91b6ba5f98,Complete source-container boundary inspection: Source cover counts and printed first-level question labels verified visually. Repeated bold versions of a Chinese question and reference solutions are not additional units.,full_paper_boundaries_verified,3
physical_paper,2930,paper_boundary_audit,twpho-camp,2018,,2930,originals/twpho-camp/2018/TwPhOCamp_2018_Q1__b94d322b4ad07f49.pdf,b94d322b4ad07f49c991cce010d08e865e74367e44fa5b88520c3b9b514fb3dc,Complete source-container boundary inspection: Source cover counts and printed first-level question labels verified visually. Repeated bold versions of a Chinese question and reference solutions are not additional units.,full_paper_boundaries_verified,5
physical_paper,2931,paper_boundary_audit,twpho-camp,2017,,2931,originals/twpho-camp/2017/TwPhOCamp_2017_Q1__04e8cc90356dbaad.pdf,04e8cc90356dbaad1aa9406a8ddf67b76a358695697297b9d07e1a57135898a1,Complete source-container boundary inspection: Source cover counts and printed first-level question labels verified visually. Repeated bold versions of a Chinese question and reference solutions are not additional units.,full_paper_boundaries_verified,5
physical_paper,2932,paper_boundary_audit,twpho-camp,2017,,2932,originals/twpho-camp/2017/TwPhOCamp_2017_Q3__ca747c95de593911.pdf,ca747c95de5939119f8afc50e8dc2b9b34df2d7e5bdeffd9840ae5eadbacfed1,Complete source-container boundary inspection: Source cover counts and printed first-level question labels verified visually. Repeated bold versions of a Chinese question and reference solutions are not additional units.,full_paper_boundaries_verified,3
physical_paper,2933,paper_boundary_audit,twpho-camp,2017,,2933,originals/twpho-camp/2017/TwPhOCamp_2017_Q2__cf284869fd80f953.pdf,cf284869fd80f953e0a43d82f98b65fbb3a1ac7f1ce2c1bc5cf76bc400dfcdd4,Complete source-container boundary inspection: Source cover counts and printed first-level question labels verified visually. Repeated bold versions of a Chinese question and reference solutions are not additional units.,full_paper_boundaries_verified,5
physical_paper,2934,paper_boundary_audit,spho,2024,,2934,originals/spho/2024/SPhO_2024_Q1__b4192d180f926d85.pdf,b4192d180f926d85a5714ee3cb477a9f147014179e864fd505418b571716fdec,"Complete source-container boundary inspection: Inspected source cover counts and actual top-level question/section headings and page transitions. Repeated same-number (a)/(b) headers are continuations, not new units. Physics content remains pending.",full_paper_boundaries_verified,10
physical_paper,2935,paper_boundary_audit,spho,2023,,2935,originals/spho/2023/SPhO_2023_Q1__c2fc1f4246a844f7.pdf,c2fc1f4246a844f7a16baf351d7c3c705f0e03c0835fdaedb26b50c339997470,"Complete source-container boundary inspection: Inspected source cover counts and actual top-level question/section headings and page transitions. Repeated same-number (a)/(b) headers are continuations, not new units. Physics content remains pending.",full_paper_boundaries_verified,5
physical_paper,2937,paper_boundary_audit,spho,2023,,2937,originals/spho/2023/SPhO_2023_Q2__c71f4336b207fd9e.pdf,c71f4336b207fd9e6e5ab3455ba7aa986c72d14753eac5959a25962cb329dac7,"Complete source-container boundary inspection: Inspected source cover counts and actual top-level question/section headings and page transitions. Repeated same-number (a)/(b) headers are continuations, not new units. Physics content remains pending.",full_paper_boundaries_verified,5
physical_paper,2938,paper_boundary_audit,spho,2022,,2938,originals/spho/2022/SPhO_2022_Q1__8ae7fe7dee041f63.pdf,8ae7fe7dee041f639d13e07239e3e76a2d6029b3820b3937bd91c25b5bb815f1,"Complete source-container boundary inspection: Inspected source cover counts and actual top-level question/section headings and page transitions. Repeated same-number (a)/(b) headers are continuations, not new units. Physics content remains pending.",full_paper_boundaries_verified,5
physical_paper,2939,paper_boundary_audit,spho,2025,,2939,originals/spho/2025/SPhO_2025_Q1__48cda64373c392fa.pdf,48cda64373c392faafab22a5e9a1aaef39736c6c9d1ff7eab1b0bc3815b2b32f,"Complete source-container boundary inspection: Inspected source cover counts and actual top-level question/section headings and page transitions. Repeated same-number (a)/(b) headers are continuations, not new units. Physics content remains pending.",full_paper_boundaries_verified,9
physical_paper,2940,paper_boundary_audit,spho,2022,,2940,originals/spho/2022/SPhO_2022_Q2__a1e6b6ebed389442.pdf,a1e6b6ebed389442c2e3dc890f236758efa4d1aecec6ebdf691a2bd2d4db8fac,"Complete source-container boundary inspection: Inspected source cover counts and actual top-level question/section headings and page transitions. Repeated same-number (a)/(b) headers are continuations, not new units. Physics content remains pending.",full_paper_boundaries_verified,5
physical_paper,2941,paper_boundary_audit,spho,2021,,2941,originals/spho/2021/SPhO_2021_Q1__a6dbad8d576f1c3b.pdf,a6dbad8d576f1c3b078fd450eb1670d71a74148390cd33d745424e7913bfc403,"Complete source-container boundary inspection: Inspected source cover counts and actual top-level question/section headings and page transitions. Repeated same-number (a)/(b) headers are continuations, not new units. Physics content remains pending.",full_paper_boundaries_verified,10
physical_paper,2942,paper_boundary_audit,spho,2020,,2942,originals/spho/2020/SPhO_2020_Q1__0842629edd880935.pdf,0842629edd880935d93e74926729bac7599b1f8f29b691508bfe9411ba9e06d4,"Complete source-container boundary inspection: Inspected source cover counts and actual top-level question/section headings and page transitions. Repeated same-number (a)/(b) headers are continuations, not new units. Physics content remains pending.",full_paper_boundaries_verified,9
physical_paper,2943,paper_boundary_audit,spho,2019,,2943,originals/spho/2019/SPhO_2019_Q1__f9d34bf904dcc19b.pdf,f9d34bf904dcc19bae8fe79bf76c68a91f2c9eb812a9ad9ea199f4b9821b4af9,"Complete source-container boundary inspection: Inspected source cover counts and actual top-level question/section headings and page transitions. Repeated same-number (a)/(b) headers are continuations, not new units. Physics content remains pending.",full_paper_boundaries_verified,5
physical_paper,2944,paper_boundary_audit,spho,2019,,2944,originals/spho/2019/SPhO_2019_Q2__c404c220d24feaaa.pdf,c404c220d24feaaa44a869a32cfdf4abd675900e69f0ea9ab5122026f782c9c3,"Complete source-container boundary inspection: Inspected source cover counts and actual top-level question/section headings and page transitions. Repeated same-number (a)/(b) headers are continuations, not new units. Physics content remains pending.",full_paper_boundaries_verified,5
physical_paper,2945,paper_boundary_audit,spho,2018,,2945,originals/spho/2018/SPhO_2018_Q1__c031a4aa166ad254.pdf,c031a4aa166ad2543a1dfd2aece83148529f3431179efc43efa3056516626095,"Complete source-container boundary inspection: Inspected source cover counts and actual top-level question/section headings and page transitions. Repeated same-number (a)/(b) headers are continuations, not new units. Physics content remains pending.",full_paper_boundaries_verified,5
physical_paper,2946,paper_boundary_audit,spho,2017,,2946,originals/spho/2017/SPhO_2017_Q1__af9f4952ac8cc647.pdf,af9f4952ac8cc64715a4d175cc510d546d824afba4ec9b0699ce462878e18818,"Complete source-container boundary inspection: Inspected source cover counts and actual top-level question/section headings and page transitions. Repeated same-number (a)/(b) headers are continuations, not new units. Physics content remains pending.",full_paper_boundaries_verified,4
physical_paper,2947,paper_boundary_audit,spho,2018,,2947,originals/spho/2018/SPhO_2018_Q2__87edbdf76415fef5.pdf,87edbdf76415fef544f303cf25f59655ff1d996704d5827c71de7b3538e7498d,"Complete source-container boundary inspection: Inspected source cover counts and actual top-level question/section headings and page transitions. Repeated same-number (a)/(b) headers are continuations, not new units. Physics content remains pending.",full_paper_boundaries_verified,4
physical_paper,2948,paper_boundary_audit,spho,2014,,2948,originals/spho/2014/SPhO_2014_Q1__029b38048289c4c6.pdf,029b38048289c4c6a08597e35ab510e06f577f7292f7027f74e67d2fc0ba250e,Complete source-container boundary inspection: All statement page renders visually inspected. Source cover count reconciles with printed top-level question headings; constants/blank pages excluded.,full_paper_boundaries_verified,10
physical_paper,2949,paper_boundary_audit,spho,2016,,2949,originals/spho/2016/SPhO_2016_Q1__d584f6f779c81cd8.pdf,d584f6f779c81cd894cc1f943f6e2fb6d1f9304ac1a3ab4d22ae43b2522af99b,"Complete source-container boundary inspection: Inspected source cover counts and actual top-level question/section headings and page transitions. Repeated same-number (a)/(b) headers are continuations, not new units. Physics content remains pending.",full_paper_boundaries_verified,9
physical_paper,2950,paper_boundary_audit,spho,2017,,2950,originals/spho/2017/SPhO_2017_Q2__d25b778e9b92642a.pdf,d25b778e9b92642a1a23651709302c1e5a531470b42db16fcfa2e49dddd434c0,"Complete source-container boundary inspection: Inspected source cover counts and actual top-level question/section headings and page transitions. Cover says three questions; printed question labels are 5, 6 and 7, preserved without renumbering. Physics content remains pending.",full_paper_boundaries_verified,3
physical_paper,2951,paper_boundary_audit,spho,2013,,2951,originals/spho/2013/SPhO_2013_Q1__5207f639dd129efe.pdf,5207f639dd129efe7d8154348fa16c244e158389712edd06902898b23cf6ea2d,Complete source-container boundary inspection: All statement page renders visually inspected. Source cover count reconciles with printed top-level question headings; constants/blank pages excluded.,full_paper_boundaries_verified,10
physical_paper,2952,paper_boundary_audit,spho,2011,,2952,originals/spho/2011/SPhO_2011_Q1__aef53bc89bff7e1e.pdf,aef53bc89bff7e1ee965c61dd67278f786e49c95b9e71440dfe362ac9afddbba,Complete source-container boundary inspection: All statement page renders visually inspected. Source cover count reconciles with printed top-level question headings; constants/blank pages excluded.,full_paper_boundaries_verified,10
physical_paper,2953,paper_boundary_audit,spho,2012,,2953,originals/spho/2012/SPhO_2012_Q1__68a927f32a6a8f22.pdf,68a927f32a6a8f221044c6a518eaeafbfbe1027d1322f1d970d6db0894774ff6,Complete source-container boundary inspection: All statement page renders visually inspected. Source cover count reconciles with printed top-level question headings; constants/blank pages excluded.,full_paper_boundaries_verified,10
physical_paper,2954,paper_boundary_audit,spho,2007,,2954,originals/spho/2007/SPhO_2007_Q1__bd52ca10f1032ce4.pdf,bd52ca10f1032ce4a41192b8c7665985b2027735e3a9d87b39f3590fb4c25ec0,"Complete source-container boundary inspection: Inspected source cover counts and actual top-level question/section headings and page transitions. Repeated same-number (a)/(b) headers are continuations, not new units. File also includes solutions on pages 4-11. Physics content remains pending.",full_paper_boundaries_verified,10
physical_paper,2955,paper_boundary_audit,spho,2006,,2955,originals/spho/2006/SPhO_2006_Q1__72ed95c932cbb390.pdf,72ed95c932cbb390df2e20984d9f6e0830108c660e60568e7b9bc9cad11766af,"Complete source-container boundary inspection: Inspected source cover counts and actual top-level question/section headings and page transitions. Repeated same-number (a)/(b) headers are continuations, not new units. Physics content remains pending.",full_paper_boundaries_verified,10
physical_paper,2956,paper_boundary_audit,spho,2009,,2956,originals/spho/2009/SPhO_2009_Q1__7fbc3961e6a8b163.pdf,7fbc3961e6a8b163cbedaa9fb87744627ff94bc408c964b600f9a53c029c8c01,Complete source-container boundary inspection: All statement page renders visually inspected. Source cover count reconciles with printed top-level question headings; constants/blank pages excluded.,full_paper_boundaries_verified,10
physical_paper,2957,paper_boundary_audit,spho,2005,,2957,originals/spho/2005/SPhO_2005_Q1__b01dd2f84cee1e40.pdf,b01dd2f84cee1e408c21886e5bf45a2a6a58380f0387f3a810fca525f975290a,"Complete source-container boundary inspection: Inspected source cover counts and actual top-level question/section headings and page transitions. Repeated same-number (a)/(b) headers are continuations, not new units. Physics content remains pending.",full_paper_boundaries_verified,8
physical_paper,2958,paper_boundary_audit,spho,2004,,2958,originals/spho/2004/SPhO_2004_Q1__f5d0d7eb73d23776.pdf,f5d0d7eb73d2377606fc3f2e1fa614424e8518de0c4417470bcd2a5fc568dfcf,"Complete source-container boundary inspection: Inspected source cover counts and actual top-level question/section headings and page transitions. Repeated same-number (a)/(b) headers are continuations, not new units. Physics content remains pending.",full_paper_boundaries_verified,3
physical_paper,2959,paper_boundary_audit,spho,2003,,2959,originals/spho/2003/SPhO_2003_Q1__fbfc5c1caf4bea7f.pdf,fbfc5c1caf4bea7fb4ac05134a7e0e5c690ad53ef9db7f62013f0ffd2fbd37fd,"Complete source-container boundary inspection: Inspected source cover counts and actual top-level question/section headings and page transitions. Repeated same-number (a)/(b) headers are continuations, not new units. Physics content remains pending.",full_paper_boundaries_verified,4
physical_paper,2960,paper_boundary_audit,spho,2002,,2960,originals/spho/2002/SPhO_2002_Q1__1387149ebf3dc6f1.pdf,1387149ebf3dc6f1176547b9afd7867ae395157df835606880fcdf311b1fc781,"Complete source-container boundary inspection: Inspected source cover counts and actual top-level question/section headings and page transitions. Repeated same-number (a)/(b) headers are continuations, not new units. Physics content remains pending.",full_paper_boundaries_verified,4
physical_paper,2963,paper_boundary_audit,spho-tst,2026,,2963,originals/spho-tst/2026/SPhOTST_2026_Q1__a1139aeb895c26f2.pdf,a1139aeb895c26f2562d26ecc5b635a86ffd3b087f803176d83f20e5c45ad28a,Complete source-container boundary inspection: Inspected source cover counts and actual top-level question/section headings and page transitions. Cover/contents counts reconciled to source numeric or Question headings; contents entries not duplicated. Physics content remains pending.,full_paper_boundaries_verified,10
physical_paper,2964,paper_boundary_audit,spho-tst,2025,,2964,originals/spho-tst/2025/SPhOTST_2025_Q1__7d6864fa548f5bbc.pdf,7d6864fa548f5bbc65473084e190916235808d84cd4edc32298b5ad7969cf2a9,Complete source-container boundary inspection: Inspected source cover counts and actual top-level question/section headings and page transitions. Cover/contents counts reconciled to source numeric or Question headings; contents entries not duplicated. Physics content remains pending.,full_paper_boundaries_verified,9
physical_paper,2965,paper_boundary_audit,spho-tst,2024,,2965,originals/spho-tst/2024/SPhOTST_2024_Q1__1f2ee4c7c7632a3a.pdf,1f2ee4c7c7632a3a9d8be6bbacf5441edc2e873667fe99b3fe4a70c90bf5edba,Complete source-container boundary inspection: Inspected source cover counts and actual top-level question/section headings and page transitions. Cover/contents counts reconciled to source numeric or Question headings; contents entries not duplicated. Physics content remains pending.,full_paper_boundaries_verified,9
physical_paper,2969,paper_boundary_audit,spho-tst,2023,,2969,originals/spho-tst/2023/SPhOTST_2023_Q1__8cac9f33d2bfce5a.pdf,8cac9f33d2bfce5a1cada058ad4c3ca4a035ec4b6419e2c3fc36dbe12d3f88b3,Complete source-container boundary inspection: Inspected source cover counts and actual top-level question/section headings and page transitions. Cover/contents counts reconciled to source numeric or Question headings; contents entries not duplicated. Physics content remains pending.,full_paper_boundaries_verified,8
physical_paper,2971,paper_boundary_audit,spho-tst,2022,,2971,originals/spho-tst/2022/SPhOTST_2022_Q1__f6d3fd107d3d1747.pdf,f6d3fd107d3d174757b877acf770eff45b621b5d99b628bda2e3fc4281aa6cf4,Complete source-container boundary inspection: Inspected source cover counts and actual top-level question/section headings and page transitions. Cover/contents counts reconciled to source numeric or Question headings; contents entries not duplicated. Physics content remains pending.,full_paper_boundaries_verified,9
physical_paper,2974,paper_boundary_audit,spho-tst,2019,,2974,originals/spho-tst/2019/SPhOTST_2019_Q1__655882ebdad5d7dd.pdf,655882ebdad5d7dd9df0f40fb25118a4683dbf53b296312cd6266eee7989c676,Complete source-container boundary inspection: Inspected source cover counts and actual top-level question/section headings and page transitions. Cover/contents counts reconciled to source numeric or Question headings; contents entries not duplicated. Physics content remains pending.,full_paper_boundaries_verified,6
physical_paper,2975,paper_boundary_audit,spho-tst,2018,,2975,originals/spho-tst/2018/SPhOTST_2018_Q1__917025cbedc47020.pdf,917025cbedc470201e77a28da187837d6ef883e1b83cabe3bc39eb84a73b2c3c,Complete source-container boundary inspection: Inspected source cover counts and actual top-level question/section headings and page transitions. Cover/contents counts reconciled to source numeric or Question headings; contents entries not duplicated. Physics content remains pending.,full_paper_boundaries_verified,7
physical_paper,2976,paper_boundary_audit,spho-tst,2020,,2976,originals/spho-tst/2020/SPhOTST_2020_Q1__113d9027a5af7dff.pdf,113d9027a5af7dffac8b640f872a7b932a96ab966224ed67d87c0bc472161332,Complete source-container boundary inspection: Inspected source cover counts and actual top-level question/section headings and page transitions. Cover/contents counts reconciled to source numeric or Question headings; contents entries not duplicated. Physics content remains pending.,full_paper_boundaries_verified,10
physical_paper,2978,paper_boundary_audit,spho-tst,2017,,2978,originals/spho-tst/2017/SPhOTST_2017_Q1__d9677645a754dcf0.pdf,d9677645a754dcf047daa82640b843aff2848fcabf9242d336f73047a9af05e4,Complete source-container boundary inspection: Inspected source cover counts and actual top-level question/section headings and page transitions. Cover/contents counts reconciled to source numeric or Question headings; contents entries not duplicated. Physics content remains pending.,full_paper_boundaries_verified,8
physical_paper,2980,paper_boundary_audit,sjpo,2026,,2980,originals/sjpo/2026/SJPO_2026_Q1__d086c64af4c00eac.pdf,d086c64af4c00eaca32cb58381bfed3c3b3f7b3860dd2ebaff070ab67bae3643,"Complete source-container boundary inspection: All 35 pages read and visually inspected. Exactly 50 explicit Question 1..50 headings/options verified, each a top-level MCQ. Shared stems do not merge separately numbered MCQs. Header states independent reordered LaTeX transcription; preserve that provided numbering.",full_paper_boundaries_verified,50
physical_paper,2982,paper_boundary_audit,sjpo,2025,,2982,originals/sjpo/2025/SJPO_2025_Q1__e9e3a200664db03d.pdf,e9e3a200664db03dde740bc9ff90ffefc380873bc052d9999ef1581064db7599,Complete source-container boundary inspection: Reviewed full source numbering 1-50; cover instructions excluded. Visual gap repairs are recorded explicitly. Physics decisions remain pending; shared stems must be retained during content inspection.,full_paper_boundaries_verified,50
physical_paper,2983,paper_boundary_audit,sjpo,2024,,2983,originals/sjpo/2024/SJPO_2024_Q1__676d3940bfaf3e22.pdf,676d3940bfaf3e22f6947464be7d34336b4cd43ecaed0950daa6477de125a6be,Complete source-container boundary inspection: Reviewed full source numbering 1-50; cover instructions excluded. Visual gap repairs are recorded explicitly. Physics decisions remain pending; shared stems must be retained during content inspection.,full_paper_boundaries_verified,50
physical_paper,2985,paper_boundary_audit,sjpo,2022,,2985,originals/sjpo/2022/SJPO_2022_Q1__4bca5bdc2d5766ae.pdf,4bca5bdc2d5766ae42d0b13fc0ec5d80610f3354630f68c8348a8615f75e7d74,Complete source-container boundary inspection: Reviewed full source numbering 1-50; cover instructions excluded. Visual gap repairs are recorded explicitly. Physics decisions remain pending; shared stems must be retained during content inspection.,full_paper_boundaries_verified,50
physical_paper,2986,paper_boundary_audit,sjpo,2023,,2986,originals/sjpo/2023/SJPO_2023_Q1__aba8e8ab3fec5437.pdf,aba8e8ab3fec5437ab5a2831776aab78b07d4ceef46a56a34f9a26afd487fce8,Complete source-container boundary inspection: Reviewed full source numbering 1-50; cover instructions excluded. Visual gap repairs are recorded explicitly. Physics decisions remain pending; shared stems must be retained during content inspection.,full_paper_boundaries_verified,50
physical_paper,2988,paper_boundary_audit,sjpo,2019,,2988,originals/sjpo/2019/SJPO_2019_Q1__8489ee7b92e35453.pdf,8489ee7b92e35453a2791c4ad98354b92cf344fdaeb027c91c1c2ecfe8ca0d2a,Complete source-container boundary inspection: All statement page renders visually inspected. Source cover count reconciles with printed top-level question headings; constants/blank pages excluded.,full_paper_boundaries_verified,50
physical_paper,2991,paper_boundary_audit,sjpo,2018,,2991,originals/sjpo/2018/SJPO_2018_Q1__4e91d771b5c7bf4a.pdf,4e91d771b5c7bf4a688a3424681163644024ae4a67399e0bf0340aae2335e90a,Complete source-container boundary inspection: Reviewed full source numbering 1-50; cover instructions excluded. Visual gap repairs are recorded explicitly. Physics decisions remain pending; shared stems must be retained during content inspection.,full_paper_boundaries_verified,50
physical_paper,2992,paper_boundary_audit,sjpo,2017,,2992,originals/sjpo/2017/SJPO_2017_Q1__37f7e7a18d3b91a3.pdf,37f7e7a18d3b91a3df2ba6c7e4020af07a913067f2b2e6e2cedb1b4a94806ebf,Complete source-container boundary inspection: Reviewed full source numbering 1-50; cover instructions excluded. Visual gap repairs are recorded explicitly. Physics decisions remain pending; shared stems must be retained during content inspection.,full_paper_boundaries_verified,50
physical_paper,2994,paper_boundary_audit,sjpo,2016,,2994,originals/sjpo/2016/SJPO_2016_Q1__da946b6d76b4985a.pdf,da946b6d76b4985a852c2f0079a04c50416a16e4a998fa494d07b25f86855115,Complete source-container boundary inspection: Reviewed full source numbering 1-50; cover instructions excluded. Visual gap repairs are recorded explicitly. Physics decisions remain pending; shared stems must be retained during content inspection.,full_paper_boundaries_verified,50
physical_paper,2997,paper_boundary_audit,sjpo,2014,,2997,originals/sjpo/2014/SJPO_2014_Q1__7ce52e488baa6cb7.pdf,7ce52e488baa6cb70fcee24bb2caf64e43b72c97bce4ad01627d6a88865241af,Complete source-container boundary inspection: Reviewed full source numbering 1-50; cover instructions excluded. Visual gap repairs are recorded explicitly. Physics decisions remain pending; shared stems must be retained during content inspection.,full_paper_boundaries_verified,50
physical_paper,2998,paper_boundary_audit,sjpo,2015,,2998,originals/sjpo/2015/SJPO_2015_Q1__9c8ad5196a91ffd3.pdf,9c8ad5196a91ffd30408081c5bb9d5223f5cf2b7a1a7b5d41d50cb9f8dcf680f,Complete source-container boundary inspection: Reviewed full source numbering 1-50; cover instructions excluded. Visual gap repairs are recorded explicitly. Physics decisions remain pending; shared stems must be retained during content inspection.,full_paper_boundaries_verified,50
physical_paper,3000,paper_boundary_audit,sjpo,2013,,3000,originals/sjpo/2013/SJPO_2013_Q1__76d27df5c0e7be73.pdf,76d27df5c0e7be73814caed55c2c2b4c478d01bfad005b32533c7f3d95c53c9e,Complete source-container boundary inspection: Reviewed full source numbering 1-50; cover instructions excluded. Visual gap repairs are recorded explicitly. Physics decisions remain pending; shared stems must be retained during content inspection.,full_paper_boundaries_verified,50
physical_paper,3001,paper_boundary_audit,sjpo,2012,,3001,originals/sjpo/2012/SJPO_2012_Q1__13f583f4157c7811.pdf,13f583f4157c7811467acee96230e6d848eaa713f671001a4d924406ee40a17a,Complete source-container boundary inspection: Reviewed full source numbering 1-50; cover instructions excluded. Visual gap repairs are recorded explicitly. Physics decisions remain pending; shared stems must be retained during content inspection.,full_paper_boundaries_verified,50
physical_paper,3003,paper_boundary_audit,sjpo,2011,,3003,originals/sjpo/2011/SJPO_2011_Q1__6e22d6c865c6dca0.pdf,6e22d6c865c6dca0f6c4c62703cd1684f4e1c5f9855228d46b322c1cd952a1f6,Complete source-container boundary inspection: Reviewed full source numbering 1-50; cover instructions excluded. Visual gap repairs are recorded explicitly. Physics decisions remain pending; shared stems must be retained during content inspection.,full_paper_boundaries_verified,50
physical_paper,3007,paper_boundary_audit,sjpo,2010,,3007,originals/sjpo/2010/SJPO_2010_Q1__00e82bfde1b28e03.pdf,00e82bfde1b28e036cd6e46f031720d6d1531d70bf836b40d4c27b51ca931bc9,Complete source-container boundary inspection: Reviewed full source numbering 1-50; cover instructions excluded. Visual gap repairs are recorded explicitly. Physics decisions remain pending; shared stems must be retained during content inspection.,full_paper_boundaries_verified,50
physical_paper,3008,paper_boundary_audit,sjpo,2009,,3008,originals/sjpo/2009/SJPO_2009_Q1__8dfdaee6de87e2da.pdf,8dfdaee6de87e2da1af34cd9696530f19b65282c90e8fbf384724c7f4080e877,Complete source-container boundary inspection: Reviewed full source numbering 1-50; cover instructions excluded. Visual gap repairs are recorded explicitly. Physics decisions remain pending; shared stems must be retained during content inspection.,full_paper_boundaries_verified,50
physical_paper,3009,paper_boundary_audit,sjpo,2008,,3009,originals/sjpo/2008/SJPO_2008_Q1__e03f75b12d2ca0e4.pdf,e03f75b12d2ca0e43d3b2260e7b27812c4b64a5861e24f62021b76d00426d0a7,Complete source-container boundary inspection: Reviewed full source numbering 1-50; cover instructions excluded. Visual gap repairs are recorded explicitly. Physics decisions remain pending; shared stems must be retained during content inspection.,full_paper_boundaries_verified,50
physical_paper,3012,paper_boundary_audit,kphc,2022,,3012,originals/kphc/2022/KPhC_2022_Q1__07515560d19b00fa.pdf,07515560d19b00fa916a9b846df5c29b635e0937008e84a875b9f3a0008acf55,Complete source-container boundary inspection: Reviewed full source numbering 1-15; cover instructions excluded. Visual gap repairs are recorded explicitly. Physics decisions remain pending; shared stems must be retained during content inspection.,full_paper_boundaries_verified,15
physical_paper,3013,paper_boundary_audit,kphc,2022,,3013,originals/kphc/2022/KPhC_2022_Q2__35c3bebb926da2a4.pdf,35c3bebb926da2a46606595d0da35d0e4c1530b42f472f7bb1113687cf330d16,Complete source-container boundary inspection: Reviewed full source numbering 1-15; cover instructions excluded. Visual gap repairs are recorded explicitly. Physics decisions remain pending; shared stems must be retained during content inspection.,full_paper_boundaries_verified,15
physical_paper,3014,paper_boundary_audit,kphc,2021,,3014,originals/kphc/2021/KPhC_2021_Q1__4a62fcbbdbbbaad8.pdf,4a62fcbbdbbbaad88161a5277fab72afdd392e8d078340c947f5ee67fc2bd5a5,"Complete source-container boundary inspection: Reviewed two-column source numbering: questions 1-30, two per physical page 2-16. Parallel text-column reading order does not change question numbers; parameters/figures still require visual physics review. This is a boundary inventory, not a physics decision.",full_paper_boundaries_verified,30
physical_paper,3015,paper_boundary_audit,kphc,2020,,3015,originals/kphc/2020/KPhC_2020_Q1__d913f1c915cb08af.pdf,d913f1c915cb08afb44830ba1eeafd8430c22a642be6c148b4a0629302524bf6,"Complete source-container boundary inspection: Reviewed two-column source numbering: questions 1-30, two per physical page 2-16. Parallel text-column reading order does not change question numbers; parameters/figures still require visual physics review. This is a boundary inventory, not a physics decision.",full_paper_boundaries_verified,30
physical_paper,3016,paper_boundary_audit,kphc,2019,,3016,originals/kphc/2019/KPhC_2019_Q1__191160d44983f744.pdf,191160d44983f744fc40eaa4ae5b7ae959db5ce7b52ab993f4f4e85fc4aeafd4,Complete source-container boundary inspection: Reviewed full source numbering 1-30; cover instructions excluded. Visual gap repairs are recorded explicitly. Physics decisions remain pending; shared stems must be retained during content inspection.,full_paper_boundaries_verified,30
physical_paper,3017,paper_boundary_audit,kphc,2018,,3017,originals/kphc/2018/KPhC_2018_Q1__4537b37544ee6694.pdf,4537b37544ee6694e155327823e1ef8f54a2b7cc7da65e666dfb82614e108da0,Complete source-container boundary inspection: Reviewed full source numbering 1-30; cover instructions excluded. Visual gap repairs are recorded explicitly. Physics decisions remain pending; shared stems must be retained during content inspection.,full_paper_boundaries_verified,30
physical_paper,3018,paper_boundary_audit,kphc,2016,,3018,originals/kphc/2016/KPhC_2016_Q1__a8daf1ac31446f7c.pdf,a8daf1ac31446f7c9ddc6c877588dfeef2b52b722516b7dd8a6b3f6fe011f77b,"Complete source-container boundary inspection: Korean 2016 original explicitly has 【문제1 】 through 【문제30 】; spaces before closing brackets are source formatting, not missing questions. This is a boundary inventory, not a physics decision.",full_paper_boundaries_verified,30
physical_paper,3019,paper_boundary_audit,kphc,2015,,3019,originals/kphc/2015/KPhC_2015_Q1__a00c78362c3176d7.pdf,a00c78362c3176d7c45bc8e83c1e04be673f44149dc8b3cdf9636778fd0adcbf,Complete source-container boundary inspection: Reviewed full source numbering 1-20; cover instructions excluded. Visual gap repairs are recorded explicitly. Physics decisions remain pending; shared stems must be retained during content inspection.,full_paper_boundaries_verified,20
physical_paper,3020,paper_boundary_audit,kphc,2015,,3020,originals/kphc/2015/KPhC_2015_Q2__a0ded318e682ede2.pdf,a0ded318e682ede25b2f75bd7a46e52b7b0fdf115f60ae6bdd8a8d79f5f972d3,Complete source-container boundary inspection: Reviewed full source numbering 1-20; cover instructions excluded. Visual gap repairs are recorded explicitly. Physics decisions remain pending; shared stems must be retained during content inspection.,full_paper_boundaries_verified,20
physical_paper,3021,paper_boundary_audit,kphc,2017,,3021,originals/kphc/2017/KPhC_2017_Q1__dbd3ff733f3c8363.pdf,dbd3ff733f3c8363c32486e986135782c908cde1191b7ef7f2f7d8cdf6355372,Complete source-container boundary inspection: Reviewed full source numbering 1-30; cover instructions excluded. Visual gap repairs are recorded explicitly. Physics decisions remain pending; shared stems must be retained during content inspection.,full_paper_boundaries_verified,30
physical_paper,3022,paper_boundary_audit,aupho,2025,,3022,originals/aupho/2025/AuPhO_2025_Q1__7633455b86a64c02.pdf,7633455b86a64c02b3034635a45d636ed09cb060d8f04feb5d3f2b1a7593b33c,"Complete source-container boundary inspection: Inspected source cover counts and actual top-level question/section headings and page transitions. Four explicitly numbered long problems, retain all stages and lettered questions. Physics content remains pending.",full_paper_boundaries_verified,4
physical_paper,3024,paper_boundary_audit,aupho,2024,,3024,originals/aupho/2024/AuPhO_2024_Q1__4d4c93156573a22f.pdf,4d4c93156573a22fb6876e25f1a38df5c959da246d8af0560d6be762fb52ff75,Complete source-container boundary inspection: Inspected source cover counts and actual top-level question/section headings and page transitions. Five independently titled source sections with reset internal numbering; internal dependent questions are subparts of the section problem. Physics content remains pending.,full_paper_boundaries_verified,5
physical_paper,3027,paper_boundary_audit,aupho,2022,,3027,originals/aupho/2022/AuPhO_2022_Q1__13863a631b62a206.pdf,13863a631b62a206c9de9c4c666fffe87272df83e4bb8f43c2eee7d5c7daf6d1,Complete source-container boundary inspection: Inspected source cover counts and actual top-level question/section headings and page transitions. Section A contains ten independent MCQs. Named long sections remain whole problems; explicitly independent questions in Unusual Physics are distinct units. Physics content remains pending.,full_paper_boundaries_verified,16
physical_paper,3028,paper_boundary_audit,aupho,2023,,3028,originals/aupho/2023/AuPhO_2023_Q1__c7fd2897b5ffb2e8.pdf,c7fd2897b5ffb2e85217f8afcf916f8e0fe8ec80c2c33c8a58efe3096ea6faa1,Complete source-container boundary inspection: Inspected source cover counts and actual top-level question/section headings and page transitions. Five independently titled source sections; internal numbered tasks remain grouped. Physics content remains pending.,full_paper_boundaries_verified,5
physical_paper,3030,paper_boundary_audit,aupho,2021,,3030,originals/aupho/2021/AuPhO_2021_Q1__4a48339b6ecfbdf0.pdf,4a48339b6ecfbdf04d5b8b1b431017d83cb4852230af16f41e1f80b19be2d865,Complete source-container boundary inspection: Inspected source cover counts and actual top-level question/section headings and page transitions. Section A contains ten independent MCQs. Named long sections remain whole problems; explicitly independent questions in Unusual Physics are distinct units. Physics content remains pending.,full_paper_boundaries_verified,15
physical_paper,3031,paper_boundary_audit,aupho,2020,,3031,originals/aupho/2020/AuPhO_2020_Q1__ba52359793629df0.pdf,ba52359793629df06e4f79746c9533227a9959f288dcbad85b9246583958c8c4,Complete source-container boundary inspection: Inspected source cover counts and actual top-level question/section headings and page transitions. Section A contains ten independent MCQs. Named long sections remain whole problems; explicitly independent questions in Unusual Physics are distinct units. Physics content remains pending.,full_paper_boundaries_verified,14
physical_paper,3036,paper_boundary_audit,aupho,2019,,3036,originals/aupho/2019/AuPhO_2019_Q1__dab9c87b51930664.pdf,dab9c87b519306646dd90869686cd905985b8f64da24ed92ba9f28e804711e16,Complete source-container boundary inspection: Inspected source cover counts and actual top-level question/section headings and page transitions. Cover specifies ten multiple-choice items followed by numbered written questions. Question 11 continued in 2007 is not a new problem. Australian 2013 Q9/Q10 share a printed line. Physics content remains pending.,full_paper_boundaries_verified,14
physical_paper,3037,paper_boundary_audit,aupho,2017,,3037,originals/aupho/2017/AuPhO_2017_Q1__56b6533040a18df4.pdf,56b6533040a18df40e13aaf604656d33d65ab9c48700ecb0cde639c51a1ba17a,Complete source-container boundary inspection: Inspected source cover counts and actual top-level question/section headings and page transitions. Cover specifies ten multiple-choice items followed by numbered written questions. Question 11 continued in 2007 is not a new problem. Australian 2013 Q9/Q10 share a printed line. Physics content remains pending.,full_paper_boundaries_verified,14
physical_paper,3041,paper_boundary_audit,aupho,2016,,3041,originals/aupho/2016/AuPhO_2016_Q1__be6f8ea23d7bd227.pdf,be6f8ea23d7bd22733b201cfa83cffe546e92aea65dae5edaf63d6d5f8f8ff06,Complete source-container boundary inspection: Inspected source cover counts and actual top-level question/section headings and page transitions. Cover specifies ten multiple-choice items followed by numbered written questions. Question 11 continued in 2007 is not a new problem. Australian 2013 Q9/Q10 share a printed line. Physics content remains pending.,full_paper_boundaries_verified,14
physical_paper,3042,paper_boundary_audit,aupho,2015,,3042,originals/aupho/2015/AuPhO_2015_Q1__5e4942537a984076.pdf,5e4942537a984076ffdf0a4cd6c88660cd0d577cbdb51553252a944e6214ca17,Complete source-container boundary inspection: Inspected source cover counts and actual top-level question/section headings and page transitions. Cover specifies ten multiple-choice items followed by numbered written questions. Question 11 continued in 2007 is not a new problem. Australian 2013 Q9/Q10 share a printed line. Physics content remains pending.,full_paper_boundaries_verified,14
physical_paper,3045,paper_boundary_audit,aupho,2014,,3045,originals/aupho/2014/AuPhO_2014_Q1__db69badc02ba8790.pdf,db69badc02ba879058e6e66045998be72a453c78c46e2b622ad2bdbb4db6044c,Complete source-container boundary inspection: Inspected source cover counts and actual top-level question/section headings and page transitions. Cover specifies ten multiple-choice items followed by numbered written questions. Question 11 continued in 2007 is not a new problem. Australian 2013 Q9/Q10 share a printed line. Physics content remains pending.,full_paper_boundaries_verified,14
physical_paper,3049,paper_boundary_audit,aupho,2013,,3049,originals/aupho/2013/AuPhO_2013_Q1__93fb35d419ebcf05.pdf,93fb35d419ebcf05f03a08232e267ae860a5756edec601fa191ddb0474e6a1ec,Complete source-container boundary inspection: Inspected source cover counts and actual top-level question/section headings and page transitions. Cover specifies ten multiple-choice items followed by numbered written questions. Question 11 continued in 2007 is not a new problem. Australian 2013 Q9/Q10 share a printed line. Physics content remains pending.,full_paper_boundaries_verified,14
physical_paper,3052,paper_boundary_audit,aupho,2012,,3052,originals/aupho/2012/AuPhO_2012_Q1__ce73763f609cdc7e.pdf,ce73763f609cdc7ead642da4f4daf3b486dd28f6c1cbcae9b7610364352dd26f,Complete source-container boundary inspection: All statement page renders visually inspected. Source cover count reconciles with printed top-level question headings; constants/blank pages excluded.,full_paper_boundaries_verified,14
physical_paper,3054,paper_boundary_audit,aupho,2011,,3054,originals/aupho/2011/AuPhO_2011_Q1__bbbcaa7e1a76d2ce.pdf,bbbcaa7e1a76d2ce53602ec6c300b6eefdd91c0641b4db8c42387a604873e5f3,Complete source-container boundary inspection: Inspected source cover counts and actual top-level question/section headings and page transitions. Cover specifies ten multiple-choice items followed by numbered written questions. Question 11 continued in 2007 is not a new problem. Australian 2013 Q9/Q10 share a printed line. Physics content remains pending.,full_paper_boundaries_verified,14
physical_paper,3056,paper_boundary_audit,aupho,2010,,3056,originals/aupho/2010/AuPhO_2010_Q1__e3914f28215bd010.pdf,e3914f28215bd01087971d60c314a9f352e29ae684d06527f9ce24f6b2985b85,Complete source-container boundary inspection: Inspected source cover counts and actual top-level question/section headings and page transitions. Cover specifies ten multiple-choice items followed by numbered written questions. Question 11 continued in 2007 is not a new problem. Australian 2013 Q9/Q10 share a printed line. Physics content remains pending.,full_paper_boundaries_verified,14
physical_paper,3058,paper_boundary_audit,aupho,2009,,3058,originals/aupho/2009/AuPhO_2009_Q1__ec0929b4a79a9724.pdf,ec0929b4a79a97248b1056d18c4fb3baeeec6318e84ab09478aed9245cc388d9,Complete source-container boundary inspection: Inspected source cover counts and actual top-level question/section headings and page transitions. Cover specifies ten multiple-choice items followed by numbered written questions. Question 11 continued in 2007 is not a new problem. Australian 2013 Q9/Q10 share a printed line. Physics content remains pending.,full_paper_boundaries_verified,15
physical_paper,3060,paper_boundary_audit,aupho,2008,,3060,originals/aupho/2008/AuPhO_2008_Q1-2__15d76dcd54fcd84c.pdf,15d76dcd54fcd84ccbfde1a3c505f4d3e8bb6f561590c57fbbe5bd4f9b6658a8,"Hard boundary consistency failure: Section A/B acquisition rows are containers, not top-level problems. Complete physical statement already inspected during fast pass; no completed decisions revised. PDF pp2-5 Q1-10; pp6-11 Q11-16; p12 integrity notice.",full_paper_boundaries_verified,16
physical_paper,3063,paper_boundary_audit,aupho,2007,,3063,originals/aupho/2007/AuPhO_2007_Q1__5b08e30df935fed7.pdf,5b08e30df935fed78b115eb1774771b646f2f3b164c59dcd3c61fa202cc85bf3,Complete source-container boundary inspection: Inspected source cover counts and actual top-level question/section headings and page transitions. Cover specifies ten multiple-choice items followed by numbered written questions. Question 11 continued in 2007 is not a new problem. Australian 2013 Q9/Q10 share a printed line. Physics content remains pending.,full_paper_boundaries_verified,16
physical_paper,3065,paper_boundary_audit,osn-fisika,2024,,3065,originals/osn-fisika/2024/OSN_2024_Q1-40__16ebe5cdc849e0c6.pdf,16ebe5cdc849e0c65b6f4db3f47e54b8f4ff70fbf3fcc263e109e88c3f16b203,"Every physical page boundary and printed problem sequence manually inspected, prior complete actual statements reused. 40 top-level problems registered. Answer keys/blank response space and internal parts excluded; no omitted statement.",full_paper_boundaries_verified,40
physical_paper,3066,paper_boundary_audit,osn-fisika,2023,,3066,originals/osn-fisika/2023/OSN_2023_Q1-40__7065b05da13e60c2.pdf,7065b05da13e60c2c823db6e21e6082de7f3f58eb2518c4446cdb517e6f706dd,"Every physical page boundary and printed problem sequence manually inspected, prior complete actual statements reused. 40 top-level problems registered. Answer keys/blank response space and internal parts excluded; no omitted statement.",full_paper_boundaries_verified,40
physical_paper,3067,paper_boundary_audit,osn-fisika,2020,,3067,originals/osn-fisika/2020/OSN_2020_Q1-7__e746ca90483ab197.pdf,e746ca90483ab197f29c93df1e2ce61dceae504105afb6b6912d4ee387b06825,Complete six-page source inspected during scope pass and deferred finding rechecked: printed Q1-Q8; Q8 is the slingshot on p5; p6 blank. Seven acquisition rows omitted Q8.,full_paper_boundaries_verified,8
physical_paper,3068,paper_boundary_audit,osn-fisika,2019,,3068,originals/osn-fisika/2019/OSN_2019_Q1-8__2ab564d818fa0188.pdf,2ab564d818fa01882222cecb3ac60d50832b1c495a92616bd4d010b730c2fc03,"Every physical page boundary and printed problem sequence manually inspected, prior complete actual statements reused. 8 top-level problems registered. Answer keys/blank response space and internal parts excluded; no omitted statement.",full_paper_boundaries_verified,8
physical_paper,3069,paper_boundary_audit,azpho,2026,,3069,originals/azpho/2026/AzPhO_2026_Q1-20__d30143b9d89a521c.pdf,d30143b9d89a521c02b71e50b034f821b797724c146be9cc29744318c56fc44e,"Every physical page boundary and printed problem sequence manually inspected, prior complete actual statements reused. 20 top-level problems registered. Empty-text extra page rendered and contains no new problem. Answer keys/blank response space and internal parts excluded; no omitted statement.",full_paper_boundaries_verified,20
physical_paper,3070,paper_boundary_audit,azpho,2020,,3070,originals/azpho/2020/AzPhO_2020_Q1-5__7805110f2b9bdd6a.pdf,7805110f2b9bdd6a4c612e897690ae0dbd741952f0534ccc25872864a71c1690,"Every physical page boundary and printed problem sequence manually inspected, prior complete actual statements reused. 5 top-level problems registered. Answer keys/blank response space and internal parts excluded; no omitted statement.",full_paper_boundaries_verified,5
physical_paper,3071,paper_boundary_audit,opho,2025,,3071,originals/opho/2025/OPhO_2025_Q1-35__28a32ed4c129b446.pdf,28a32ed4c129b44619ee4c7c2801a77a724bfaf0a16a2fe0abecd7b0f565378e,"Complete 2025 Open paper inspected: Q1-Q35 with explicit Q24 withdrawal, no other top-level problems.",full_paper_boundaries_verified,35
physical_paper,3072,paper_boundary_audit,azpho,2025,,3072,originals/azpho/2025/AzPhO_2025_Q1-30__664918b3a3822217.pdf,664918b3a3822217439b248e0ffac740ca17d6da6f6e6056b6ba5ec46c320aeb,"Every physical page boundary and printed problem sequence manually inspected, prior complete actual statements reused. 30 top-level problems registered. Empty-text cover rendered; last page only running header. Answer keys/blank response space and internal parts excluded; no omitted statement.",full_paper_boundaries_verified,30
physical_paper,3074,paper_boundary_audit,opho,2025,,3074,originals/opho/2025/OPhOInv_2025_Q1-3__7febda94ebe48a7b.pdf,7febda94ebe48a7be552fd1bd7a6362004b88c3784805942e4e88d6a7cc2e1c4,Every cached physical page boundary and printed problem sequence manually inspected; prior complete actual statement inspection reused. 3 printed top-level units represented. No omitted independent statement; covers/constants/solutions excluded.,full_paper_boundaries_verified,3
physical_paper,3075,paper_boundary_audit,opho,2025,,3075,originals/opho/2025/OPhOInv_2025_Q4-5__5f6b793d2b7bfcb9.pdf,5f6b793d2b7bfcb995b1b56ec1ff210974bbc06c445cb220170fcace0ba318d0,Every cached physical page boundary and printed problem sequence manually inspected; prior complete actual statement inspection reused. 2 printed top-level units represented. No omitted independent statement; covers/constants/solutions excluded.,full_paper_boundaries_verified,2
physical_paper,3077,paper_boundary_audit,opho,2024,,3077,originals/opho/2024/OPhO_2024_Q1-35__1b383ba483a1d5a6.pdf,1b383ba483a1d5a66a8b6631f91a03a78727646d99dda22d7c9c75e416c566be,"Every cached physical page boundary and printed problem sequence manually inspected; prior complete actual statement inspection reused. 35 printed top-level units represented. Withdrawn labels remain explicitly registered/source-unavailable, not silently discarded. No omitted independent statement; covers/constants/solutions excluded.",full_paper_boundaries_verified,35
physical_paper,3079,paper_boundary_audit,opho,2024,,3079,originals/opho/2024/OPhOInv_2024_Q1-4__6cc959afe9e616a3.pdf,6cc959afe9e616a3e19bde872247d179e9ba1f1b3fd07614d61bb413bb6a1cbc,Every cached physical page boundary and printed problem sequence manually inspected; prior complete actual statement inspection reused. 4 printed top-level units represented. No omitted independent statement; covers/constants/solutions excluded.,full_paper_boundaries_verified,4
physical_paper,3081,paper_boundary_audit,opho,2024,,3081,originals/opho/2024/OPhOInv_2024_Q5__93511fbf9363be01.pdf,93511fbf9363be01319ee807e01201b4c7883d747499b8a5245b1062ae12360d,Every cached physical page boundary and printed problem sequence manually inspected; prior complete actual statement inspection reused. 1 printed top-level units represented. No omitted independent statement; covers/constants/solutions excluded.,full_paper_boundaries_verified,1
physical_paper,3083,paper_boundary_audit,opho,2023,,3083,originals/opho/2023/OPhO_2023_Q1-35__237aacd133c739b9.pdf,237aacd133c739b9b65525b963dd11c129d83b599f2a7584fc88aab5a2027a35,"Every cached physical page boundary and printed problem sequence manually inspected; prior complete actual statement inspection reused. 35 printed top-level units represented. Withdrawn labels remain explicitly registered/source-unavailable, not silently discarded. No omitted independent statement; covers/constants/solutions excluded.",full_paper_boundaries_verified,35
physical_paper,3084,paper_boundary_audit,opho,2023,,3084,originals/opho/2023/OPhOInv_2023_Q1-3__9795ee8afe752a3c.pdf,9795ee8afe752a3cb9c7e30ab869b9084bfabbae2b627c2010b1879898fcd862,Every cached physical page boundary and printed problem sequence manually inspected; prior complete actual statement inspection reused. 3 printed top-level units represented. No omitted independent statement; covers/constants/solutions excluded.,full_paper_boundaries_verified,3
physical_paper,3087,paper_boundary_audit,opho,2023,,3087,originals/opho/2023/OPhOInv_2023_Q4__eba82da785037fdf.pdf,eba82da785037fdf558a021ecad192d019952d4b93c996cd1a8aff61b33d6332,Every cached physical page boundary and printed problem sequence manually inspected; prior complete actual statement inspection reused. 1 printed top-level units represented. Instructions explicitly state one long experimental question; Problems1-5 are internal common Lorenz-simulator tasks. No omitted independent statement; covers/constants/solutions excluded.,full_paper_boundaries_verified,1
physical_paper,3088,paper_boundary_audit,opho,2022,,3088,originals/opho/2022/OPhOInv_2022_Q1-5__6bdd04a16982d7ff.pdf,6bdd04a16982d7fff8403a4e445ff3138824e7a2652eb94d83cc1f3ad416cf3b,Every cached physical page boundary and printed problem sequence manually inspected; prior complete actual statement inspection reused. 5 printed top-level units represented. No omitted independent statement; covers/constants/solutions excluded.,full_paper_boundaries_verified,5
physical_paper,3089,paper_boundary_audit,opho,2022,,3089,originals/opho/2022/OPhO_2022_Q1-35__7ab33abf8d46fcd7.pdf,7ab33abf8d46fcd7f882242e13a54d084e70cb1d3f134e611f85bb0097d00a95,Every cached physical page boundary and printed problem sequence manually inspected; prior complete actual statement inspection reused. 35 printed top-level units represented. No omitted independent statement; covers/constants/solutions excluded.,full_paper_boundaries_verified,35
physical_paper,3091,paper_boundary_audit,opho,2021,,3091,originals/opho/2021/OPhO_2021_Q1-35__27185a600a7cbaf3.pdf,27185a600a7cbaf35d0ba35e6d5c004ffcce3cae41259ff40cf5987692fe8ae5,Every cached physical page boundary and printed problem sequence manually inspected; prior complete actual statement inspection reused. 35 printed top-level units represented. No omitted independent statement; covers/constants/solutions excluded.,full_paper_boundaries_verified,35
physical_paper,3092,paper_boundary_audit,opho,2022,,3092,originals/opho/2022/OPhOInv_2022_Q6__eede85b6a7737df5.pdf,eede85b6a7737df5a7ed43062980a88d6edc83dc5d262b24cc505261995dfff5,Every cached physical page boundary and printed problem sequence manually inspected; prior complete actual statement inspection reused. 1 printed top-level units represented. Single fluid simulation experiment; sections2-3 are internal mass flow and boundary-layer measurements. No omitted independent statement; covers/constants/solutions excluded.,full_paper_boundaries_verified,1
physical_paper,3094,paper_boundary_audit,opho,2021,,3094,originals/opho/2021/OPhOInv_2021_Q1-4__7dcbf459cab9bc3b.pdf,7dcbf459cab9bc3b3481aed10f4791099e19757cabe7d8226881876735b338cf,Every cached physical page boundary and printed problem sequence manually inspected; prior complete actual statement inspection reused. 4 printed top-level units represented. No omitted independent statement; covers/constants/solutions excluded.,full_paper_boundaries_verified,4
physical_paper,3096,paper_boundary_audit,opho,2020,,3096,originals/opho/2020/OPhO_2020_Q1-55__7cf16b9b44e59663.pdf,7cf16b9b44e596638d2bc94c6a4862ee3e2d3a84c1abe49dcf156a8ed92c66bd,"Every cached physical page boundary and printed problem sequence manually inspected; prior complete actual statement inspection reused. 55 printed top-level units represented. Withdrawn labels remain explicitly registered/source-unavailable, not silently discarded. No omitted independent statement; covers/constants/solutions excluded.",full_paper_boundaries_verified,55
physical_paper,3097,paper_boundary_audit,opho,2021,,3097,originals/opho/2021/OPhOInv_2021_Q5__efd1549e0d6ba13b.pdf,efd1549e0d6ba13b2776dbb9d6962923f4317ed6663dfd9d76bdd4b62c3a6990,Every cached physical page boundary and printed problem sequence manually inspected; prior complete actual statement inspection reused. 1 printed top-level units represented. Single diffraction simulator experiment; Problems1.1-3.3 are internal parts and pp7-12 its solutions. No omitted independent statement; covers/constants/solutions excluded.,full_paper_boundaries_verified,1
physical_paper,3099,paper_boundary_audit,opho,2020,,3099,originals/opho/2020/OPhOInv_2020_Q1-10__0f0c471b2f44bada.pdf,0f0c471b2f44bada9705a587047be3c9c95bd6ea001b156ca3ca5a81eb2e5d0c,Every cached physical page boundary and printed problem sequence manually inspected; prior complete actual statement inspection reused. 10 printed top-level units represented. No omitted independent statement; covers/constants/solutions excluded.,full_paper_boundaries_verified,10
physical_paper,3101,paper_boundary_audit,physicsbrawl,2025,,3101,originals/physicsbrawl/2025/PhysicsBrawl_2025_Q1-68__b1c1bd23b7574561.pdf,b1c1bd23b7574561ba9c01b840265e19e46b01f0420f17d7588bc1b2c01fc417,"Full 104-page combined paper: main 1-56 plus B.1-B.4, P.1-P.4, R.1-R.4 match all 68 acquired logical rows. Dot-labelled hurry-up headers and Q55 lacking italic credit were handled and checked against actual pages; worked solution steps are not questions.",full_paper_boundaries_verified,68
physical_paper,3102,paper_boundary_audit,physicsbrawl,2024,,3102,originals/physicsbrawl/2024/PhysicsBrawl_2024_Q1-62__e8bfa492f8431bb4.pdf,e8bfa492f8431bb4e33431fec9a0c0901e959c2cad1c8108f1eeb1a580facef7,"All cached physical pages checked, including first/last and continuation pages, against prior complete typography-delimited actual statement inspection. Printed main sequence 1-50 plus three independently numbered rapid-fire categories of four problems each; total 62. All printed sequences explicitly observed. No omitted additional task; solutions, diagrams, credits and internal subparts excluded.",full_paper_boundaries_verified,62
physical_paper,3103,paper_boundary_audit,physicsbrawl,2023,,3103,originals/physicsbrawl/2023/PhysicsBrawl_2023_Q1-69__42d78574e8991491.pdf,42d78574e8991491f9cb14d3fba3a5dd6f4d772c7e3470fa434a31b08da0a30f,"All cached physical pages checked, including first/last and continuation pages, against prior complete typography-delimited actual statement inspection. Printed main sequence 1-57 plus three independently numbered rapid-fire categories of four problems each; total 69. All printed sequences explicitly observed. No omitted additional task; solutions, diagrams, credits and internal subparts excluded.",full_paper_boundaries_verified,69
physical_paper,3104,paper_boundary_audit,physicsbrawl,2022,,3104,originals/physicsbrawl/2022/PhysicsBrawl_2022_Q1-69__ffffa2dc7f23886c.pdf,ffffa2dc7f23886c0990b0f021a84d6e0ea386761ce3063df02c5efe1c8a1322,"All cached physical pages checked, including first/last and continuation pages, against prior complete typography-delimited actual statement inspection. Printed main sequence 1-57 plus three independently numbered rapid-fire categories of four problems each; total 69. All printed sequences explicitly observed. No omitted additional task; solutions, diagrams, credits and internal subparts excluded.",full_paper_boundaries_verified,69
physical_paper,3105,paper_boundary_audit,physicsbrawl,2021,,3105,originals/physicsbrawl/2021/PhysicsBrawl_2021_Q1-66__c6f39b134c74e897.pdf,c6f39b134c74e89781210fe9c8496a6d9f429278c62bff3862df9184f5fe3cff,"All cached physical pages checked, including first/last and continuation pages, against prior complete typography-delimited actual statement inspection. Printed main sequence 1-54 plus three independently numbered rapid-fire categories of four problems each; total 66. All printed sequences explicitly observed. No omitted additional task; solutions, diagrams, credits and internal subparts excluded.",full_paper_boundaries_verified,66
physical_paper,3106,paper_boundary_audit,physicsbrawl,2020,,3106,originals/physicsbrawl/2020/PhysicsBrawl_2020_Q1-63__334bb9dd7023baae.pdf,334bb9dd7023baaed1cdbb1a0a68d7785a50d061f80aca91705779464fdc85d4,"All cached physical pages checked, including first/last and continuation pages, against prior complete typography-delimited actual statement inspection. Printed main sequence 1-51 plus three independently numbered rapid-fire categories of four problems each; total 63. All printed sequences explicitly observed. No omitted additional task; solutions, diagrams, credits and internal subparts excluded.",full_paper_boundaries_verified,63
physical_paper,3107,paper_boundary_audit,physicsbrawl,2019,,3107,originals/physicsbrawl/2019/PhysicsBrawl_2019_Q1-62__394a50d2e1b2e07d.pdf,394a50d2e1b2e07d51b5821d9fc0dbba6ed36469fd628bf61708175343602cdd,"All cached physical pages checked, including first/last and continuation pages, against prior complete typography-delimited actual statement inspection. Printed main sequence 1-50 plus three independently numbered rapid-fire categories of four problems each; total 62. All printed sequences explicitly observed. No omitted additional task; solutions, diagrams, credits and internal subparts excluded.",full_paper_boundaries_verified,62
physical_paper,3108,paper_boundary_audit,physicsbrawl,2018,,3108,originals/physicsbrawl/2018/PhysicsBrawl_2018_Q1-60__fb23fd1092e08b74.pdf,fb23fd1092e08b74e183cb080eab8290b737a7f6473f132296085670a1197ff5,"All cached physical pages checked, including first/last and continuation pages, against prior complete typography-delimited actual statement inspection. Printed main sequence 1-48 plus three independently numbered rapid-fire categories of four problems each; total 60. All printed sequences explicitly observed. No omitted additional task; solutions, diagrams, credits and internal subparts excluded.",full_paper_boundaries_verified,60
physical_paper,3109,paper_boundary_audit,physicsbrawl,2017,,3109,originals/physicsbrawl/2017/PhysicsBrawl_2017_Q1-63__ae917506c6844a78.pdf,ae917506c6844a7877240904897d26453d8e62baa48753d361f1038c272ed4ba,"All cached physical pages checked, including first/last and continuation pages, against prior complete typography-delimited actual statement inspection. Printed main sequence 1-51 plus three independently numbered rapid-fire categories of four problems each; total 63. All printed sequences explicitly observed. No omitted additional task; solutions, diagrams, credits and internal subparts excluded.",full_paper_boundaries_verified,63
physical_paper,3110,paper_boundary_audit,physicsbrawl,2016,,3110,originals/physicsbrawl/2016/PhysicsBrawl_2016_Q1-67__43ffdcce08814eec.pdf,43ffdcce08814eec8b77e06e028f93147b0bb10ff038c03806fbeef960d865a8,"All cached physical pages checked, including first/last and continuation pages, against prior complete typography-delimited actual statement inspection. Printed main sequence 1-55 plus three independently numbered rapid-fire categories of four problems each; total 67. All printed sequences explicitly observed. No omitted additional task; solutions, diagrams, credits and internal subparts excluded.",full_paper_boundaries_verified,67
physical_paper,3111,paper_boundary_audit,physicsbrawl,2015,,3111,originals/physicsbrawl/2015/PhysicsBrawl_2015_Q1-62__678a126ec7d21d19.pdf,678a126ec7d21d19867cc735f9ce5c97c7a52007e4b596511777cbebec07eac1,"All cached physical pages checked, including first/last and continuation pages, against prior complete typography-delimited actual statement inspection. Printed main sequence 1-50 plus three independently numbered rapid-fire categories of four problems each; total 62. All printed sequences explicitly observed. No omitted additional task; solutions, diagrams, credits and internal subparts excluded.",full_paper_boundaries_verified,62
physical_paper,3112,paper_boundary_audit,physicsbrawl,2014,,3112,originals/physicsbrawl/2014/PhysicsBrawl_2014_Q1-54__67f88af2e56aa03e.pdf,67f88af2e56aa03e266b6ffcb2df599044a6c822f9e88bf1a5b1c5ef38d57c78,"All cached physical pages checked, including first/last and continuation pages, against prior complete typography-delimited actual statement inspection. Printed main sequence 1-42 plus three independently numbered rapid-fire categories of four problems each; total 54. All printed sequences explicitly observed. No omitted additional task; solutions, diagrams, credits and internal subparts excluded.",full_paper_boundaries_verified,54
physical_paper,3113,paper_boundary_audit,physicsbrawl,2013,,3113,originals/physicsbrawl/2013/PhysicsBrawl_2013_Q1-49__fb942431f047308b.pdf,fb942431f047308b932bccfcd2c19a1faa9a7da5d0491394e2734de341898fe0,"All cached physical pages checked, including first/last and continuation pages, against prior complete typography-delimited actual statement inspection. Printed main sequence 1-37 plus three independently numbered rapid-fire categories of four problems each; total 49. All printed sequences explicitly observed. No omitted additional task; solutions, diagrams, credits and internal subparts excluded.",full_paper_boundaries_verified,49
physical_paper,3114,paper_boundary_audit,physicsbrawl,2012,,3114,originals/physicsbrawl/2012/PhysicsBrawl_2012_Q1-44__ea653ce671815acc.pdf,ea653ce671815accc82a31ee9964a693137ee7a9d79bb5e868fd6833692b69c7,"All cached physical pages checked, including first/last and continuation pages, against prior complete typography-delimited actual statement inspection. Printed main sequence 1-32 plus three independently numbered rapid-fire categories of four problems each; total 44. All printed sequences explicitly observed. No omitted additional task; solutions, diagrams, credits and internal subparts excluded.",full_paper_boundaries_verified,44
physical_paper,3115,paper_boundary_audit,ortvay,2026,,3115,originals/ortvay/2026/Ortvay_2026_Q1-24__ea61fafa8228c3ed.pdf,ea61fafa8228c3ed2a890e5c2f65ed8853f41d2c39e60d8b0957edfeac4dfba3,"Every physical page boundary and printed problem sequence manually inspected, prior complete actual statements reused. 24 top-level problems registered. Answer keys/blank response space and internal parts excluded; no omitted statement.",full_paper_boundaries_verified,24
physical_paper,3116,paper_boundary_audit,ortvay,2025,,3116,originals/ortvay/2025/Ortvay_2025_Q1-25__84291fb1a1f4cb47.pdf,84291fb1a1f4cb47fb4421eff335da153122895da349ce09c1b25f00461c7ab8,"Complete 12-page paper contains exactly printed problems 1-25, including three multipart modern/model tasks; no extra question after the final story.",full_paper_boundaries_verified,25
physical_paper,3117,paper_boundary_audit,ortvay,2024,,3117,originals/ortvay/2024/Ortvay_2024_Q1-32__d7b856084d015912.pdf,d7b856084d0159122329b2a3f86f123a2517d99b2f2a05607d9df93acf02f2c9,"All 13 physical pages inspected: Q1-Q32, internal subparts remain whole. Final TeX marker is not an additional task.",full_paper_boundaries_verified,32
physical_paper,3118,paper_boundary_audit,ortvay,2022,,3118,originals/ortvay/2022/Ortvay_2022_Q1-28__d32c71b7ccfcacc4.pdf,d32c71b7ccfcacc407a28c7b5b2371d7c2bb46a599ba9e3ebb6262c5346523c2,All twelve pages inspected: exactly Q1-Q28. Page12 continues Q28 rather than adding tasks; dedication photograph and final TeX marker are not questions.,full_paper_boundaries_verified,28
physical_paper,3119,paper_boundary_audit,ortvay,2020,,3119,originals/ortvay/2020/Ortvay_2020_Q1-28__7611c58d331528c4.pdf,7611c58d331528c4f0f4ed06b46a5955929756e6674befe95b4dc2aff044dbe6,"All eleven pages read: Q1-Q28 labels, consisting of 27 surviving complete tasks plus explicit Q10 withdrawal notice. No additional printed tasks. Numbered internal seven analysis requests in Q5 remain one problem; final TeX marker is not a task.",full_paper_boundaries_verified,28
physical_paper,3120,paper_boundary_audit,ortvay,2023,,3120,originals/ortvay/2023/Ortvay_2023_Q1-33__c0a5117145c67edc.pdf,c0a5117145c67edc2dfe8953dcc7865438f65e099fe6e73b2ec19616ab27b5f7,All thirteen pages read: exactly Q1-Q33; bonus and lettered tasks remain internal. Final TeX marker is not a question. Registered numbers match printed inventory.,full_paper_boundaries_verified,33
physical_paper,3121,paper_boundary_audit,ortvay,2019,,3121,originals/ortvay/2019/Ortvay_2019_Q1-50__367e16295855a180.pdf,367e16295855a180ddff209587aca8745cdb9466961439cd02f7e735aa46d601,"All seventeen physical pages read: exactly Q1-Q50, including Q50 continuation on p17. Anniversary preface and portrait do not add tasks. All figures and within-problem letters kept with their parent numbers; no unindexed problem found.",full_paper_boundaries_verified,50
physical_paper,3122,paper_boundary_audit,ortvay,2018,,3122,originals/ortvay/2018/Ortvay_2018_Q1-33__d73f0e0e81023bce.pdf,d73f0e0e81023bce84365beb9bfe52021219153e7deee7356e17fa6e34a4a9b4,"Complete nine-page statement inspected: exactly Q1-Q33. Page9 contains complete Q32 and Q33; no omitted experiment, MCQ or independently numbered supplemental task. Photo/diagrams are within parent questions.",full_paper_boundaries_verified,33
physical_paper,3123,paper_boundary_audit,ortvay,2017,,3123,originals/ortvay/2017/Ortvay_2017_Q1-40__771ca5c334324b29.pdf,771ca5c334324b290ae11da953f76b9bde7e0405dfeb9ed4e6840cee3eaccbec,All twelve physical pages read and visually inspected: exactly Q1-Q40. Q40 continues on p12; hyperlinks/figures/preface add no independent task. No omitted experimental/short-answer/MCQ task found.,full_paper_boundaries_verified,40
physical_paper,3124,paper_boundary_audit,ortvay,2016,,3124,originals/ortvay/2016/Ortvay_2016_Q1-36__f7e91e13ea226972.pdf,f7e91e13ea226972dd67039f976939df4b614553de683753b940b819c22b63bd,"All eleven physical pages read and rendered: exactly Q1-Q36, with Q36 continuing on p11. Photos, apparatus drawings and reference links are part of existing numbers. No unindexed top-level task found.",full_paper_boundaries_verified,36
physical_paper,3125,paper_boundary_audit,ortvay,2015,,3125,originals/ortvay/2015/Ortvay_2015_Q1-31__9881d7d3d6faacc1.pdf,9881d7d3d6faacc15e771b364dda5541004e1b73d41be5c51dc48bd830158a6c,"All nine physical pages read and visually inspected: exactly Q1-Q31; Q9,Q26,Q28,Q30 span page boundaries without adding tasks. No omitted experimental/MCQ/short-answer task. Figures and all lettered clauses remain under printed parent numbers.",full_paper_boundaries_verified,31
physical_paper,3126,paper_boundary_audit,ortvay,2014,,3126,originals/ortvay/2014/Ortvay_2014_Q1-35__5204c77cb968fc02.pdf,5204c77cb968fc02e9f795cdd5ced23a5334a6d61b0a50e638f58ced643adeb3,"All seven physical pages and rendered diagrams inspected: exactly Q1-Q35, with each lettered/paragraph continuation under its parent number. Q34 essential linked image absent, explicitly accounted as source unavailable. Q35 full SQL help belongs to the same task. No omitted task.",full_paper_boundaries_verified,35
physical_paper,3127,paper_boundary_audit,ortvay,2013,,3127,originals/ortvay/2013/Ortvay_2013_Q1-31__a06a04612e4367c1.pdf,a06a04612e4367c148e4c69115c232983b8e6ed221ecb8007091713115091a59,"Seven physical pages inspected in text and renders: exactly Q1-Q31. Q23 five analysis clauses form one model; Q31 p7 continuation remains same task. No additional experiment, MCQ or unindexed top-level number.",full_paper_boundaries_verified,31
physical_paper,3128,paper_boundary_audit,ortvay,2012,,3128,originals/ortvay/2012/Ortvay_2012_Q1-29__27978754087b356f.pdf,27978754087b356f1620ada9c9ad17885fcd8a698bed96b9d24cfb7a37cc7056,"All six physical pages visually inspected because extraction drops letters and joins headings. Exactly Q1-Q29; all lettered parts belong to parents, no hidden task. Q29 chart is external and now preserved. No additional top-level MCQ/experiment.",full_paper_boundaries_verified,29
physical_paper,3129,paper_boundary_audit,ortvay,2011,,3129,originals/ortvay/2011/Ortvay_2011_Q1-42__921a45f84d216221.pdf,921a45f84d216221c6f65a042d1e68b8c9dab59260ecd88b2ea0bbe73df28e74,"All nine physical pages inspected in cache and renders: exactly Q1-Q42. Q38 internal 1/2 and Q42 model stages 0/1/2 are subparts, not separate tasks. Q28 and Q34 are separate printed positronium questions with different requirements, not aliases. Q40 life-table links remain source associations. No omitted top-level experiment/MCQ.",full_paper_boundaries_verified,42
physical_paper,3130,paper_boundary_audit,ortvay,2010,,3130,originals/ortvay/2010/Ortvay_2010_Q1-35__d3634e70fd0cf70b.pdf,d3634e70fd0cf70b11f615de3fc5233dd433a02514dbb6a56e69fbd5a7458143,"All seven physical pages read and visually inspected: exactly Q1-Q35; lettered cases, bonuses and alternative designs remain parent tasks. Q12 long tower statement belongs entirely to one unit. Q32 exact cited research model registered as a reference, not a separate contest task. No omitted top-level experiment/MCQ.",full_paper_boundaries_verified,35
physical_paper,3131,paper_boundary_audit,ortvay,2009,,3131,originals/ortvay/2009/Ortvay_2009_Q1-31__590303f526aa64de.pdf,590303f526aa64ded5492af6c6bcc96c99e241714b2f3574cf9bbc8a16ac4bca,"All nine physical pages inspected: cover p1, Q1-Q31 on pp2-9; Q20 pp5-6 and Q24 pp6-7 each one parent task. Q21 explicitly source-linked to Q20 but independently numbered. Embedded smoke photograph present; Q16 external algorithm separately unavailable. No omitted top-level task.",full_paper_boundaries_verified,31
physical_paper,3132,paper_boundary_audit,ortvay,2007,,3132,originals/ortvay/2007/Ortvay_2007_Q1-32__466d199962742881.pdf,466d19996274288186203dd9ef93d11ec2f5cf4f5c97799827abb665a3675309,"All eight physical pages checked: cover p1, Q1-Q32 pp2-8. Q1 long narrative/eight clauses, Q10 two juggling models and Q30 four field types are each one parent task. Q10 final linked private video is peripheral to the complete printed models and explicitly documented, not falsely inspected. No omitted top-level task.",full_paper_boundaries_verified,32
physical_paper,3133,paper_boundary_audit,ortvay,2006,,3133,originals/ortvay/2006/Ortvay_2006_Q1-33__c183c465d8489be6.pdf,c183c465d8489be69795aefc335f64063f218cb83ab736276d759342823bcdbe,"All eight physical pages visually read: cover p1, Q1-Q33 pp2-8. Q4 author credit carries onto p3, not an extra task. Q33 substantive continuation p8 and all its uses/cases remain one unit. Broken extraction was not used to infer boundaries. No omitted top-level problem.",full_paper_boundaries_verified,33
physical_paper,3134,paper_boundary_audit,ortvay,2008,,3134,originals/ortvay/2008/Ortvay_2008_Q1-36__c81509a5b0fafd1f.pdf,c81509a5b0fafd1f39faa6b3943b5bf6efaf79bb545080a2f03acc5d84b08fff,"All eleven physical pages inspected: cover p1, Q1 on p2, Q2-Q36 pp3-11. Long narrative Q1, multilayer/thermal-stage tasks and final dawn story each one parent. Q19 source supplement separately unavailable. No omitted top-level task or mixed-format container.",full_paper_boundaries_verified,36
physical_paper,3135,paper_boundary_audit,ortvay,2005,,3135,originals/ortvay/2005/Ortvay_2005_Q1-42__1ba4f1a7e23e2230.pdf,1ba4f1a7e23e2230fca28f71acd34a1a7aed6c0e32def26884f923b46a23fcd2,"All ten physical pages inspected: cover p1 and Q1-Q42 pp2-10. Q4/18/22/32 continue next page, Q36 author credit p10 is not another task. Q42 six diagrammed cells remain one problem. No omitted independent top-level task. Earlier reprints preserve current numbering; Q33 original-year alias separately recorded. This does not close the rest of 2001 paper audit.",full_paper_boundaries_verified,42
physical_paper,3136,paper_boundary_audit,ortvay,2004,,3136,originals/ortvay/2004/Ortvay_2004_Q1-32__9f2478c12e00c0ec.pdf,9f2478c12e00c0ece11827d6495c2f8a17d4d5d8bebd9acd2cb111e5bdbdb8fa,"All seven physical pages actually read: cover p1 and independent Q1-Q32 pp2-7. Extra questions in Q2/Q22 and lettered/multi-case parts remain parents. No omitted top-level task or extra task in closing TeX marker. Q1 linked image separately preserved, not another screening unit.",full_paper_boundaries_verified,32
physical_paper,3137,paper_boundary_audit,ortvay,2003,,3137,originals/ortvay/2003/Ortvay_2003_Q1-42__ed05c30012d5e7cc.pdf,ed05c30012d5e7cc21ba92bee4fc2cb13060dd9b9ccfffdacd5fdab09a65d23d,"All nine physical pages inspected: cover p1, Q1-Q41 pp2-8 and separate Q42 p9. Q28 continues pp5-6. Lettered/extra requests remain whole parents; closing TeX marker is not a task. No omitted independent top-level item; navigation references to other contests are not automatically equivalent source records.",full_paper_boundaries_verified,42
physical_paper,3138,paper_boundary_audit,ortvay,2002,,3138,originals/ortvay/2002/Ortvay_2002_Q1-33__1d16239b592846ce.pdf,1d16239b592846ce6e41f29cbab0f3c6ae299040503f9ccf2fba2cad0ca191e9,All seven physical pages actually read: cover p1 and Q1-Q33 pp2-7. Q25 author credit carries p6 and Q32 author credit carries p7; neither is a separate task. Q28 is independently numbered despite referencing Q7. Nine driving cases remain one Q32. Q33 tables/subparts are one top-level item. No omitted independent question.,full_paper_boundaries_verified,33
physical_paper,3139,paper_boundary_audit,ortvay,2000,,3139,originals/ortvay/2000/Ortvay_2000_Q1-37__8d0cb81ce91c271b.pdf,8d0cb81ce91c271b4a3e13168f33c60da1cc88e2d7d38866b427e062e1ce7321,"All eight actual pages: p1 cover, Q1-Q37 pp2-8, Q31 crosses pp6-7. All numbered top-level tasks individually represented; internal numbered cases, bullets, quantum-game stages and experimental variants remain their whole parents. No omitted independent task found.",full_paper_boundaries_verified,37
physical_paper,3140,paper_boundary_audit,ortvay,2001,,3140,originals/ortvay/2001/Ortvay_2001_Q1-34__1ccc657810f3fb74.pdf,1ccc657810f3fb74df61f68b114f6e58e7ecc2d666a1fe410f7ad89d291471e0,"All eight physical pages read: cover p1 and Q1-Q34 pp2-8. Q34 previously verified exact original of 2005 Q33 and decision preserved. All other 33 units now inspected. Q19 selectable paradoxes remain one task, not four derived tasks; quantum/experimental/data requests are whole parents. No omitted independently numbered item.",full_paper_boundaries_verified,34
physical_paper,3141,paper_boundary_audit,ortvay,1999,,3141,originals/ortvay/1999/Ortvay_1999_Q1-34__ec34e97e76fa91d3.pdf,ec34e97e76fa91d3116cd3e820a56bc423be808dd997e55976c0a4ace99bdef5,"All eight physical pages checked: cover p1, Q1-Q34 pp2-8; Q22 continues pp4-5. All numbered tasks registered, internal a-d/cases/extra question retained under whole parent. No omitted independent question found.",full_paper_boundaries_verified,34
physical_paper,3142,paper_boundary_audit,ortvay,1998,,3142,originals/ortvay/1998/Ortvay_1998_Q1-35__54c9d9a5b030e2a5.pdf,54c9d9a5b030e2a5863ef3e889cedf33aeb452f4a976f4d33137795abffe2f6d,"All eight physical pages checked: cover p1 continuing p2 with Q1-Q7, Q8-Q35 pp3-8. All independent numbered tasks represented; multistage rockets, bullets, lettered parts and estimation extensions remain whole parents. No omitted unit.",full_paper_boundaries_verified,35
physical_paper,3143,paper_boundary_audit,ortvay,1997,,3143,originals/ortvay/1997/Ortvay_1997_Q1-42__3241337593cc129b.pdf,3241337593cc129b24d1bfc11f5c30bc96067d387afbb092fb43dcf2a05c2f14,"All eight pages actually read: Q1-Q3 start on announcement p1; Q4-Q42 pp2-8. Q12/16/23 only credits continue following page. Elevator numbered specification points, lettered tasks, jerk extensions and matching transition remain one parent each. No omitted independent task.",full_paper_boundaries_verified,42
physical_paper,3144,paper_boundary_audit,physicscup,2019,,3144,originals/physicscup/2019/PhysicsCup_2019_Q1__1701a5aebb76b085.pdf,1701a5aebb76b085b23be63928ba6f4d5418f860b59f2702ad136b4c3c25309f,"Every physical page boundary manually inspected; prior complete actual statement/render inspection reused. Single printed top-level problem; internal A-F Parts, simulator instructions, supplied references and appended solutions excluded from extra count. No omitted independent problem.",full_paper_boundaries_verified,1
physical_paper,3145,paper_boundary_audit,physicscup,2019,,3145,originals/physicscup/2019/PhysicsCup_2019_Q2__746a3b0a67cc3e7d.pdf,746a3b0a67cc3e7dff5fcecfc477c06b316da55abff05f5c0991cebf6adc8122,"Every physical page boundary manually inspected; prior complete actual statement/render inspection reused. Single printed top-level problem; internal A-F Parts, simulator instructions, supplied references and appended solutions excluded from extra count. No omitted independent problem.",full_paper_boundaries_verified,1
physical_paper,3146,paper_boundary_audit,physicscup,2019,,3146,originals/physicscup/2019/PhysicsCup_2019_Q3__e982dcb3460c5de8.pdf,e982dcb3460c5de8dae3a7446f638241f91590870cb74e1e91ad029f3b383708,"Every physical page boundary manually inspected; prior complete actual statement/render inspection reused. Single printed top-level problem; internal A-F Parts, simulator instructions, supplied references and appended solutions excluded from extra count. No omitted independent problem.",full_paper_boundaries_verified,1
physical_paper,3147,paper_boundary_audit,physicscup,2019,,3147,originals/physicscup/2019/PhysicsCup_2019_Q5__0c1e6969912f5993.pdf,0c1e6969912f5993eac4153bb23a9dea09a0f45713a7fe870cb030fa2651d1f4,"Every physical page boundary manually inspected; prior complete actual statement/render inspection reused. Single printed top-level problem; internal A-F Parts, simulator instructions, supplied references and appended solutions excluded from extra count. No omitted independent problem.",full_paper_boundaries_verified,1
physical_paper,3148,paper_boundary_audit,physicscup,2019,,3148,originals/physicscup/2019/PhysicsCup_2019_Q4__570eb5ff19bd98b5.pdf,570eb5ff19bd98b572568b310e3cdb16469cf1fd28011070e51ac001f58cac1f,"Every physical page boundary manually inspected; prior complete actual statement/render inspection reused. Single printed top-level problem; internal A-F Parts, simulator instructions, supplied references and appended solutions excluded from extra count. No omitted independent problem.",full_paper_boundaries_verified,1
physical_paper,3149,paper_boundary_audit,physicscup,2018,,3149,originals/physicscup/2018/PhysicsCup_2018_Q1__6d037fdce5a1b6ae.pdf,6d037fdce5a1b6ae967e5061775736497fb30a563e713b34129e24e09e650634,"Every physical page boundary manually inspected; prior complete actual statement/render inspection reused. Single printed top-level problem; internal A-F Parts, simulator instructions, supplied references and appended solutions excluded from extra count. No omitted independent problem.",full_paper_boundaries_verified,1
physical_paper,3150,paper_boundary_audit,physicscup,2018,,3150,originals/physicscup/2018/PhysicsCup_2018_Q2__ea250147d81a1e41.pdf,ea250147d81a1e4168b4891fb137347f8e530bbe6deea296115be85782ccdf43,"Every physical page boundary manually inspected; prior complete actual statement/render inspection reused. Single printed top-level problem; internal A-F Parts, simulator instructions, supplied references and appended solutions excluded from extra count. No omitted independent problem.",full_paper_boundaries_verified,1
physical_paper,3151,paper_boundary_audit,physicscup,2018,,3151,originals/physicscup/2018/PhysicsCup_2018_Q3__dcf20d0462ac1a26.pdf,dcf20d0462ac1a26bd8435029c8d31c907e5092d95678d0e2a8464b4d1b26f29,"Every physical page boundary manually inspected; prior complete actual statement/render inspection reused. Single printed top-level problem; internal A-F Parts, simulator instructions, supplied references and appended solutions excluded from extra count. No omitted independent problem.",full_paper_boundaries_verified,1
physical_paper,3152,paper_boundary_audit,physicscup,2018,,3152,originals/physicscup/2018/PhysicsCup_2018_Q4__a2c8c1f24acb423f.pdf,a2c8c1f24acb423fc0678ba22db961c17695e71db3c94ef81fa3f4dc12e1a1e5,"Every physical page boundary manually inspected; prior complete actual statement/render inspection reused. Single printed top-level problem; internal A-F Parts, simulator instructions, supplied references and appended solutions excluded from extra count. No omitted independent problem.",full_paper_boundaries_verified,1
physical_paper,3153,paper_boundary_audit,physicscup,2018,,3153,originals/physicscup/2018/PhysicsCup_2018_Q5__bfeb57e617375698.pdf,bfeb57e617375698f7952e961a1487e4329afa37e6d754dba614f9478356113d,"Every physical page boundary manually inspected; prior complete actual statement/render inspection reused. Single printed top-level problem; internal A-F Parts, simulator instructions, supplied references and appended solutions excluded from extra count. No omitted independent problem.",full_paper_boundaries_verified,1
physical_paper,3154,paper_boundary_audit,physicscup,2017,,3154,originals/physicscup/2017/PhysicsCup_2017_Q1__9d82ccd54a9a0881.pdf,9d82ccd54a9a08810f3ab6e531ec49e58d70b8cdffdea3d1db980c0b15c8aaea,"Every physical page boundary manually inspected; prior complete actual statement/render inspection reused. Single printed top-level problem; internal A-F Parts, simulator instructions, supplied references and appended solutions excluded from extra count. No omitted independent problem.",full_paper_boundaries_verified,1
physical_paper,3155,paper_boundary_audit,physicscup,2017,,3155,originals/physicscup/2017/PhysicsCup_2017_Q2__726a2ca6b2360c20.pdf,726a2ca6b2360c204d41236938eb384cc902507ee9d9579ee34edc36f92bdf66,"Every physical page boundary manually inspected; prior complete actual statement/render inspection reused. Single printed top-level problem; internal A-F Parts, simulator instructions, supplied references and appended solutions excluded from extra count. No omitted independent problem.",full_paper_boundaries_verified,1
physical_paper,3156,paper_boundary_audit,physicscup,2017,,3156,originals/physicscup/2017/PhysicsCup_2017_Q3__9a6715edbc951629.pdf,9a6715edbc951629a8775d9acf3f0cd5e93e19da276fd4374a94961c52385888,"Every physical page boundary manually inspected; prior complete actual statement/render inspection reused. Single printed top-level problem; internal A-F Parts, simulator instructions, supplied references and appended solutions excluded from extra count. No omitted independent problem.",full_paper_boundaries_verified,1
physical_paper,3157,paper_boundary_audit,physicscup,2017,,3157,originals/physicscup/2017/PhysicsCup_2017_Q4__edf472e73f9ab30b.pdf,edf472e73f9ab30b959cafdfac71be0d204b95c25f8ce4a4f429329461f89d7b,"Every physical page boundary manually inspected; prior complete actual statement/render inspection reused. Single printed top-level problem; internal A-F Parts, simulator instructions, supplied references and appended solutions excluded from extra count. No omitted independent problem.",full_paper_boundaries_verified,1
physical_paper,3158,paper_boundary_audit,baupc,2004,,3158,originals/baupc/2004/BAUPC_2004_Q1__3718f60c0e82ec7a.pdf,3718f60c0e82ec7ae38346f1c9c232fb6b91a6ab1a9dff7822f43fec73789d92,"Complete source-container boundary inspection: Read and visually inspected all three pages. Header explicitly states six questions; six numbered 1..6 starts verified. Retain 1(a,b), 3(a,b,c), and 5 general/equal-mass cases inside their whole top-level units.",full_paper_boundaries_verified,6
physical_paper,3160,paper_boundary_audit,baupc,2003,,3160,originals/baupc/2003/BAUPC_2003_Q1__e4d6f3dca986b3ee.pdf,e4d6f3dca986b3ee62f9b5bcd366536a4c4b62cebf6a2ef58093c6fd8859d691,Complete source-container boundary inspection: BAUPC 2003: all six complete numbered problems read; actual content pages and diagrams visually inspected. The cover/header specifies six questions. Broken embedded font encodings were bypassed by direct page inspection. No internal lettered parts were split.,full_paper_boundaries_verified,6
physical_paper,3161,paper_boundary_audit,baupc,2002,,3161,originals/baupc/2002/BAUPC_2002_Q1__f6d033692f222eb4.pdf,f6d033692f222eb44bba07e7614f4b715c85d200044fb9eca1364715048dc267,Complete source-container boundary inspection: BAUPC 2002: all six complete numbered problems read; actual content pages and diagrams visually inspected. The cover/header specifies six questions. Broken embedded font encodings were bypassed by direct page inspection. No internal lettered parts were split.,full_paper_boundaries_verified,6
physical_paper,3164,paper_boundary_audit,baupc,2001,,3164,originals/baupc/2001/BAUPC_2001_Q1__15ad6a4f9aa9791b.pdf,15ad6a4f9aa9791b086ea3df8277131d4ba8e20f6af6a5e055f112d5f3e968e0,Complete source-container boundary inspection: BAUPC 2001: all six complete numbered problems read; actual content pages and diagrams visually inspected. The cover/header specifies six questions. Broken embedded font encodings were bypassed by direct page inspection. No internal lettered parts were split.,full_paper_boundaries_verified,6
physical_paper,3166,paper_boundary_audit,baupc,2000,,3166,originals/baupc/2000/BAUPC_2000_Q1__a4f633140fd3956b.pdf,a4f633140fd3956b748077a86be61a6a28fca58156c0733b09a55f1b10d4bd25,Complete source-container boundary inspection: BAUPC 2000: all six complete numbered problems read; actual content pages and diagrams visually inspected. The cover/header specifies six questions. Broken embedded font encodings were bypassed by direct page inspection. No internal lettered parts were split.,full_paper_boundaries_verified,6
physical_paper,3168,paper_boundary_audit,baupc,1999,,3168,originals/baupc/1999/BAUPC_1999_Q1__6a29ec8f38e6f406.pdf,6a29ec8f38e6f406729e8a857b2bbc417cc87d5d2e8c0213af312186f30ed43a,Complete source-container boundary inspection: BAUPC 1999: all six complete numbered problems read; actual content pages and diagrams visually inspected. The cover/header specifies six questions. Broken embedded font encodings were bypassed by direct page inspection. No internal lettered parts were split.,full_paper_boundaries_verified,6
physical_paper,3170,paper_boundary_audit,baupc,1998,,3170,originals/baupc/1998/BAUPC_1998_Q1__39d653a4c39cc891.pdf,39d653a4c39cc89171c6cc8a9a4e05fe75d3d3eb64ffef77c350af75d295f195,Complete source-container boundary inspection: BAUPC 1998: all six complete numbered problems read; actual content pages and diagrams visually inspected. The cover/header specifies six questions. Broken embedded font encodings were bypassed by direct page inspection. No internal lettered parts were split.,full_paper_boundaries_verified,6
physical_paper,3172,paper_boundary_audit,baupc,1997,,3172,originals/baupc/1997/BAUPC_1997_Q1__dfc13c25a5078678.pdf,dfc13c25a507867824bf74a0b33f5530772ec84aa24007f60a91100304a18121,"Complete source-container boundary inspection: Visually read every content page of BAUPC 1997, verified six explicit numbered 1..6 units and retained all internal parts. Papers have no usable embedded text. Referenced missing drawings in 1995/1996 are recorded rather than invented.",full_paper_boundaries_verified,6
physical_paper,3174,paper_boundary_audit,baupc,1996,,3174,originals/baupc/1996/BAUPC_1996_Q1__905711205a548329.pdf,905711205a548329c140b3168e128ca63122da81fcc5062f3e121923c815198b,"Complete source-container boundary inspection: Visually read every content page of BAUPC 1996, verified six explicit numbered 1..6 units and retained all internal parts. Papers have no usable embedded text. Referenced missing drawings in 1995/1996 are recorded rather than invented.",full_paper_boundaries_verified,6
physical_paper,3177,paper_boundary_audit,baupc,1995,,3177,originals/baupc/1995/BAUPC_1995_Q1__a2dc3f4f2c466e77.pdf,a2dc3f4f2c466e77abd0269233e33c2732667419596bf92a24b16805691f3262,"Complete source-container boundary inspection: Visually read every content page of BAUPC 1995, verified six explicit numbered 1..6 units and retained all internal parts. Papers have no usable embedded text. Referenced missing drawings in 1995/1996 are recorded rather than invented.",full_paper_boundaries_verified,6
physical_paper,3178,paper_boundary_audit,twpho-tst,2025,,3178,originals/twpho-tst/2025/TwPhO_2025_Q1-6__106a988932956384.pdf,106a98893295638430f6520f94e6e755f606b94427e8d106dca02c4d0e72e2cb,"Complete actual statement sequence already inspected and persisted in fast_scope_0165/0166; current boundary audit checked cover expressly specifies six 25-point top-level problems and remaining pages are matching Q1-Q6 grading solutions, no extra tasks: pp3-8, solutions pp9-14. Mathematical formula page is supplied reference, internal parts stay together.",full_paper_boundaries_verified,6
physical_paper,3179,paper_boundary_audit,twpho-tst,2026,,3179,originals/twpho-tst/2026/TwPhO_2026_Q1-6__58f484559441f6d2.pdf,58f484559441f6d2713b297d8614799ebc44e373bcb57112bc1d3aece610f528,"Complete actual statement sequence already inspected and persisted in fast_scope_0165/0166; current boundary audit checked cover expressly specifies six 25-point top-level problems and remaining pages are matching Q1-Q6 grading solutions, no extra tasks: pp3-10, solutions pp11-16 (scanned cover and all remaining solution headings rendered). Mathematical formula page is supplied reference, internal parts stay together.",full_paper_boundaries_verified,6
physical_paper,3180,paper_boundary_audit,twpho-tst,2023,,3180,originals/twpho-tst/2023/TwPhO_2023_Q1-6__e63769e78505b2bd.pdf,e63769e78505b2bd82cc7c6a5b32422dc8549d26080f1eb43512d648d66cb5d0,"Complete actual statement sequence already inspected and persisted in fast_scope_0165/0166; current boundary audit checked cover expressly specifies six 25-point top-level problems and remaining pages are matching Q1-Q6 grading solutions, no extra tasks: pp3-9, solutions pp10-15. Mathematical formula page is supplied reference, internal parts stay together.",full_paper_boundaries_verified,6
physical_paper,3181,paper_boundary_audit,twpho-tst,2022,,3181,originals/twpho-tst/2022/TwPhO_2022_Q1-6__28d7bc88c2b19c86.pdf,28d7bc88c2b19c869bb34fb5fdca0f2b8698e371197daacd346b3eecfd30601a,"Complete actual statement sequence already inspected and persisted in fast_scope_0165/0166; current boundary audit checked cover expressly specifies six 25-point top-level problems and remaining pages are matching Q1-Q6 grading solutions, no extra tasks: pp3-8, solutions pp9-14. Mathematical formula page is supplied reference, internal parts stay together.",full_paper_boundaries_verified,6
physical_paper,3182,paper_boundary_audit,twpho-tst,2021,,3182,originals/twpho-tst/2021/TwPhO_2021_Q1-6__bdcb8b6271645b1c.pdf,bdcb8b6271645b1c21f4c2d5f76879202c2106ab95f5aaf2cb77cc46f77b5bc6,"Complete actual statement sequence already inspected and persisted in fast_scope_0165/0166; current boundary audit checked cover expressly specifies six 25-point top-level problems and remaining pages are matching Q1-Q6 grading solutions, no extra tasks: pp3-9, solutions pp10-15. Mathematical formula page is supplied reference, internal parts stay together.",full_paper_boundaries_verified,6
physical_paper,3183,paper_boundary_audit,twpho-tst,2020,,3183,originals/twpho-tst/2020/TwPhO_2020_Q1-6__bf4fed707193a2e7.pdf,bf4fed707193a2e7c917d25588ed5829f31285fec1a50d398ff70c9999135ad7,"Complete actual statement sequence already inspected and persisted in fast_scope_0165/0166; current boundary audit checked cover expressly specifies six 25-point top-level problems and remaining pages are matching Q1-Q6 grading solutions, no extra tasks: pp3-9, solutions pp10-16. Mathematical formula page is supplied reference, internal parts stay together.",full_paper_boundaries_verified,6
physical_paper,3184,paper_boundary_audit,twpho-tst,2019,,3184,originals/twpho-tst/2019/TwPhO_2019_Q1-6__0a966cf0590159a2.pdf,0a966cf0590159a2886cd0d8341cd766135615794448e7d43fb5f2e10a274219,"Complete actual statement sequence already inspected and persisted in fast_scope_0165/0166; current boundary audit checked cover expressly specifies six 25-point top-level problems and remaining pages are matching Q1-Q6 grading solutions, no extra tasks: pp3-9, solutions pp10-16. Mathematical formula page is supplied reference, internal parts stay together.",full_paper_boundaries_verified,6
physical_paper,3185,paper_boundary_audit,twpho-tst,2018,,3185,originals/twpho-tst/2018/TwPhO_2018_Q1-6__93b91cece67cdb98.pdf,93b91cece67cdb9803f5186c0a0f4dc4ada3a0fbd753151854742b425b5cd8a8,"Complete actual statement sequence already inspected and persisted in fast_scope_0165/0166; current boundary audit checked cover expressly specifies six 25-point top-level problems and remaining pages are matching Q1-Q6 grading solutions, no extra tasks: pp3-9, original/revised solutions pp10-16 and pp17-23. Mathematical formula page is supplied reference, internal parts stay together.",full_paper_boundaries_verified,6
physical_paper,3186,paper_boundary_audit,twpho-tst,2017,,3186,originals/twpho-tst/2017/TwPhO_2017_Q1-6__e5e10a6f390c9bf5.pdf,e5e10a6f390c9bf5c02f7cfba438874e0ef820486475e4ee351b1b1d1935c50c,"Complete actual statement sequence already inspected and persisted in fast_scope_0165/0166; current boundary audit checked cover expressly specifies six 25-point top-level problems and remaining pages are matching Q1-Q6 grading solutions, no extra tasks: pp3-7, solutions pp8-13. Mathematical formula page is supplied reference, internal parts stay together.",full_paper_boundaries_verified,6
physical_paper,3187,paper_boundary_audit,twpho-tst,2016,,3187,originals/twpho-tst/2016/TwPhO_2016_Q1-6__4e74bf2930078889.pdf,4e74bf29300788899cb973d67a8e243a5d12f0a2e5f13667ed8d13d16d0d69b4,"Complete actual statement sequence already inspected and persisted in fast_scope_0165/0166; current boundary audit checked cover expressly specifies six 25-point top-level problems and remaining pages are matching Q1-Q6 grading solutions, no extra tasks: pp3-8, solutions pp9-17. Mathematical formula page is supplied reference, internal parts stay together.",full_paper_boundaries_verified,6
