path,byte_size,sha256
_scripts/__pycache__/corpus.cpython-314.pyc,46280,2b5fb29dd68776d1ff66bdf329158cdf0cf19a9c36780c6b1999beac2e660319
_scripts/aggregate_review.py,734,229883889ed9df575a93175ad980f9d305e4ec02c0da4941174160defbca9ad4
_scripts/content_review.py,2811,524d35cc7943179deae40f83622a700e1a3a76ebaf00b304ba65e9bbb206d55b
_scripts/corpus.py,26916,63aa4afdc63390f33db010a8b53538d8d51649a4d177f7c6fefb1d991c916f47
_scripts/details.py,815,9d43a8fd1840961685af465a6c3114be58c1276bd541a90a5bc24ac602cb1d02
_scripts/fetch_pages.py,1185,2400e2467fe3976420ea7713bc4f4e71c88bbf9fb277602c1b69869d23a7da4e
_scripts/finalize.py,12386,4c60b7512a0301c31049232e0aa91d1fae9090e1b2b5a7fe864f3647884b2b66
_scripts/jscheck.py,770,78ce6c43a19db3ea12a7e36196569d274910236fe7b8b582b315b8a5ca00501f
_scripts/metadata_review.py,2100,54f118a439424e2f90dd9926eadad8791a3370af76c59be1afbe6092a2ac0fed
_scripts/mixed_evidence.py,1678,b23d529e4cc2de0ba1c2444bd51e5b01844a9d150a8118b41169ec169a5ba0dd
_scripts/mixed_roles.py,1173,2133f88a6c8359c8b06300553355d6746736d96a937feb7a8761658688aadf7d
_scripts/moscow_rounds.py,1840,2bef2de59f7117d53a48fd44e2103aa9ab783053ee5569d0eae7e5c216a14faa
_scripts/overview.py,1149,6a6a4b994ff118665ca91956772fd8ccc9b2e7ef21c30051c05a55859de0aff3
_scripts/paper_structure_check.py,1348,cd26a37cc4abf96f82742aaaacb563f10e0a7b85863810e62caeb34816e1aa77
_scripts/patterns.py,769,791a747d06cc8b5c2dd4954c1ee86e0695db3cb563b3d657c255f87a61e5b90c
_scripts/recheck_scope.py,938,7055bd46188dcb529f4bb978c2f6675675aac5ef9c4b45a6a507c5f8a9b57c23
_scripts/recon.py,489,157441fe49a92a82b2de2968c787f7ac044798456e9a62d8ffca0c8d7ce6e3e1
_scripts/repair_bands.py,4736,94c7ce805e04d2d53ff19da80f0ba0139dca205d4fa3fee715a63e8c39009fdb
_scripts/requirements.txt,128,e1fdfdd3d74bcf2c0b299a64e8921e15356fb4f3220ad1a681364bfc40574647
_scripts/shared_check.py,728,c2830da36c3074115294616240196d2a986c13c16490351f24c4cb2ba341e34a
_scripts/spot_checks.py,2822,b042c2b43e5ca0415893e0d17f3d49e3b6c57c8b0188d384dc8601abb4e16561
_scripts/spot_initial.py,1113,119f1364d47f68119cba273a8ba675e89fa866d2769bd0004cecb964a2e6d261
_scripts/spot_more.py,793,2dd1aaf8ae838a048a2d1b76e03c97b476564743facbe8854af4b00f8572c358
_scripts/verify_deliverables.py,2667,03e231c72bc4c48496c6468b2e44b1561d6badd5ca8b1ac01f9559078abf9664
_scripts/verify_pdfs.py,1221,ab98ae8de907e9646aa9a5ceb2fec75c04f0bd70b27dd730cfc9b8d842f3513e
_scripts/write_audit.py,19179,1771dde2fc296bf4795efea824bd9814840462670572817cf6935e0ea49742cd
ai_manifest.csv,4715053,2c7e1d10e1937481093beaa2b00a136a0776faa48164022b49e54df5c90096ab
archive_sections.csv,66206,3a6ddbc87f6ec2a31e27b258fe0b5e1fc346d5750702a392538b2ad34fdb487b
audit.md,16267,fe85e181fcf5daa6baaa5dea3b19fd4713640c4df1afb0e123df695443733574
competitions.csv,18434,f6510b657fcb66d09df3f5591fb5026d2e373c710b3e54194f01c1f611b7c79a
document_sources.csv,382403,bc2bfb8ef86f89ab62c302a63012073a68fd59c6e51be9f0c14f53b6b8ec2ada
documents.csv,1247589,b85cf6a6091ebd57315fa6208b7b9f13ca2110a34fb66e51c34dd10e9b6d0024
errors.csv,1840,ef0c11de122471fe098377390ffc56f398ef17ee6efa53bc675f1627b53c3626
files.csv,624976,e201835f8abdfbd1f40817d0894885c66ad615c4a3dfd02b0258be3286cd0bb2
manifest.sqlite,6537216,9fdfa2a5d8aa368525606bbc3b01dd5bd91a535274096e75dfce5e3a2885bac4
metadata/competitions_discovered.json,7700,54100cb15ec413d6303aadc6d091b22d9aeeebcb9bb3ed76e38d711ded48dac6
metadata/landing_final.html,40137,82e87caf4a71f7200fa5da145556bccca71a059ed8fff83d4128d857d3a09179
metadata/page.js,9658,7e9767faf4b43f0da1d9f057e6fa300f35cdbf1c16f0fc845273992963ad96a4
metadata/pages/apho.html,181481,268c931c3688b6ff354ee0a3b258c81b250d8373eb4878c06aceccebd544ce88
metadata/pages/aupho.html,52050,42d219290fab8ab4aa36dad8f940ce98749ec6a2671b4bca91e007efdc2da3e9
metadata/pages/azpho.html,46724,aba99c8ed9b8ba821b5cf659015a2298a714a94a3932a073de615725c2178a32
metadata/pages/baupc.html,38171,f370485d8325bfbf27bd73b302a8ba6435a496956113380921503d761d427bbf
metadata/pages/bpho.html,108583,b1fa26d85f1663f3fd0713544eaddfe725aa3cb99470a9c1453218827d314f73
metadata/pages/brtst.html,39842,2b9ea5988b87da61e925906b5463e27ffe3196247076b87ebb91cc1cbafd02ea
metadata/pages/cpho-f.html,55178,54658ef9ef7f39df758b34bc1b82fee6827cc2903672b9c39bccfc66e1655e0b
metadata/pages/efo.html,139085,3e14a018935e92f8cadb910fe339801e71202a937af84a035cdfb3955e250664
metadata/pages/eotvos.html,50886,873e9ba72b7e21e4ee44cf5deadf5f1632eb8d7514e8fc5fe277d49aca442773
metadata/pages/eupho.html,103283,bb9bb4561c50ad272878ce052bcd6ff21acf4019fb4e0f4b2c474786e670e8c8
metadata/pages/fyziklani.html,395942,d76fca7b78a829861ee248f624efdf61893da5d5f474e5e3320613ad5f784a5d
metadata/pages/gpho.html,42235,1c56185703d5907da5f7f8b6e7a2ff0d9060c2249f9e7f442ec8bae33d2c6e0c
metadata/pages/inpho.html,89861,16a6fcdb7be9e28e18a2778cdbfad70cfdd24b6d835cf79b1b79ad3befd19d79
metadata/pages/ipho.html,315735,89eb7b39f4c67df1b9fc3cd1cdd29d3eee0bb49b37add43a66506bc980c66fff
metadata/pages/ispho.html,39788,08a7a36bf00391dc4d2d66aa05a2e71903106f0928c81865f2c79a53766315dc
metadata/pages/izho.html,73535,171cd02d22f1c852c7227db107d974477580f4587e15e37716094ae3f46689d0
metadata/pages/kphc.html,36870,adde82cf93878391bc6d5c4fd20dcf5a70e9b17784d45edac02757dfe3adf325
metadata/pages/mosphys.html,107830,56446d0230a249fdc100a00e3f33073198c3c9dfd3a91e89231be08f32f5c9ff
metadata/pages/nbpho.html,193524,ef71e79d1f4a4d6a8f5ba899d1a7690cdc81c4b796c271f3823a12013ae9dcfb
metadata/pages/obf.html,75064,b10abd813369a9ed4def3ff12fdff058b2732ccd2cb45726028a5754dab7fba4
metadata/pages/oibf.html,129016,f7ced056954ad3b4dbd85db90f35ac2351f561f1217aadf12173109d56503ddc
metadata/pages/onf.html,76600,53f40599bd525f6288c58630f78830806d685fa4028014c04081b336b4104b20
metadata/pages/opho.html,134973,9cf917c481d00028ef6945e5a9c03de4e634bf683c0f38d0623929771b4160dc
metadata/pages/ortvay.html,456866,df6c7adca8a61e1da192382e108f5f4d84eac823cfaca5835959a5bb2191328f
metadata/pages/osn-fisika.html,67286,ff75329bcde85551db7e65885eba5c1282eb4eae96efafab69ea719fb26150d2
metadata/pages/panpho.html,124764,8f0a6899c513ad7a8a460ea32764cfaa72e5c92d02c5ab92ccbaa9970f7002e6
metadata/pages/physics.html,40137,82e87caf4a71f7200fa5da145556bccca71a059ed8fff83d4128d857d3a09179
metadata/pages/physicsbrawl.html,347143,d6bc6029fe0bcfc18909fe30dc539987ad6b78a8cfe0d1c95bbc08369f527972
metadata/pages/physicscup.html,35642,dda91ebd85bc3a227468beafab62f53db2122a04cc44fc187e91881f81a08add
metadata/pages/rmph.html,62385,f637f0114198efafa4e6527c3b7fb02b74238ca7e5cf0a1c7d49551b92fdb6f8
metadata/pages/robots.txt.html,67,66e71ab574fa7cfb42e4ebbb6a521d0321a37b2a1e3ba4f57dfe0c8d18af1538
metadata/pages/russia-tst.html,27760,cc694a1fc0722c150c4db21c702222b4deedecb75349adc12ff0591e2281da96
metadata/pages/rutst.html,190521,f3f54ca86eb8b792cf82f7eb8de567562c79a1d9b624a8ea9e1823802f2f97af
metadata/pages/sjpo.html,48006,2aec2ef4d23aef3dd29a0c3133e1f89b42d2ca9f7ad75a528803197899b483b3
metadata/pages/spho-tst.html,37513,08caed5c6dff63d522f45cfe46aed27e3dc2cdfd400a024f9103e9c267a71349
metadata/pages/spho.html,54289,3ed2df84ee10e8d3ee920101e9411bd4a702ff822844a86560ffbd2888238b93
metadata/pages/twpho-camp.html,46036,d90434196a9a45fa2572e2cd32ce2ff4789f6b20d7b1cde7412878dc0856db49
metadata/pages/twpho-tst.html,72952,b0047719aeb9246385d53015e76655401d996d8e3f965bddb41b70655da6f8f5
metadata/pages/upho.html,26641,4efa01e84f74e5eb8761bd26ec32de8619f34620dd95d19a522d1b1ba397e9e4
metadata/pages/usapho.html,387249,ac2e1d629f55b214b0ee6a127b9d958bea321e5378e56f3cfc864720167ad443
metadata/pages/usatst.html,29074,ce0359812ffa2c11a9e99ff210d49d9a3c9e76deab0505035b0df0ddbd1b511c
metadata/pages/vosh.html,72115,233bd7e6cc1dfc7d919397dd99f139b5da3b983e948393d49da258237ac16f3b
metadata/pages/wopho.html,47842,3ea8d5bacdb9e0baacdaec08b416a3ea14035a17d50004977163a05bd31e556b
metadata/pre_download_inventory.sqlite,4272128,4262e9c06e25594edf5a12942dda1dc8a23600ebbc4746c2f1aa1a58b71304c2
metadata/residual_issues.csv,1744,19c712749c2b3df0d3943c4f27fc2b9dbf84d7864aab14d547fa3d0419191fe2
metadata/residual_queue.csv,54,09c3f9687c6061c98cf6697dbe9f24ea9f94bc191e8f90e5093892ad8a105429
metadata/robots_olimpicos.net.txt,71,dd4ef2f33fde25c906596f51cb2d4513f41d88afa8f41785d753dd89defd7611
metadata/robots_stefanivanov.site.txt,84,dd92bc4aa77cf264e011b6bd9df901b472e857c95e031ddaa31499b78f0a0cd6
missing_or_unavailable.csv,957468,c83f161ee040a5dba1bf7c750d030f7f8016e5310767e44a24994b2a497bcf6e
originals/apho/2000/APhO_2000_Q1__daec1b705e19e2d6.pdf,234697,daec1b705e19e2d6857f9893656cbd70a49b437613152d2eceaee180c8f85122
originals/apho/2000/APhO_2000_Q2__5097838bf02005ad.pdf,311804,5097838bf02005ada98bce9a4774317cdb120fee0d8e7cb0a18d3c726619e449
originals/apho/2000/APhO_2000_Q3__523dc75e48a4a7c7.pdf,259544,523dc75e48a4a7c73d4f50cd1df5d9c22cd8a1cf8dcefea20f8beb20eb4a4aec
originals/apho/2000/APhO_2000_Q4-5__766964415f91c325.pdf,25246,766964415f91c325966c9fc03a4a54db26a6ab1a7cb8551478904b68f0e913bf
originals/apho/2000/APhO_2000_S1__183137e9ea198964.pdf,242452,183137e9ea198964ae727c5e24c99a9f1fbcb5e9652fd1085672124e12d2e192
originals/apho/2000/APhO_2000_S2__c3446eece256c22f.pdf,241931,c3446eece256c22f4ff7a0207636106fb46494e0f8cfba85b738e36b63452803
originals/apho/2000/APhO_2000_S3__7e532c72a2e82463.pdf,205282,7e532c72a2e82463682d1c7c7c4533b637954fa60e57454cab5e59dcb8b74b86
originals/apho/2000/APhO_2000_S4-5__e5198201e36c039a.pdf,158649,e5198201e36c039a7e08b171fd88cef7bf8a9c9816b8ea2511bfd185d27b0ffc
originals/apho/2001/APhO_2001_A1__aa30da6060226d77.pdf,61321,aa30da6060226d77b04037bdb80c4c7989d5e95089bf1fa7269b7dafb7c4042f
originals/apho/2001/APhO_2001_A2__29cc6b49ff58cb7b.pdf,91397,29cc6b49ff58cb7b95bff32f11661bc96ed721f0869ce4c13ca0949e273ffd07
originals/apho/2001/APhO_2001_A3__de4424663f17a907.pdf,58266,de4424663f17a907709fa1ff0f125959b40f80ffbf7730aaf6205cc083eb8570
originals/apho/2001/APhO_2001_M1__162741eea10ba457.pdf,148792,162741eea10ba457e45cd1041905003fa6c658d991a4b245dab86ff21e60f944
originals/apho/2001/APhO_2001_M2__77a4404bcc778fe6.pdf,133012,77a4404bcc778fe68584aed46291406c08a99e9d70eebb867e324210635db1bc
originals/apho/2001/APhO_2001_M3__ce5da794aa484b29.pdf,86440,ce5da794aa484b29215d1f6797919aadc726bfc8a48c725eaeabb47e2e5c58cd
originals/apho/2001/APhO_2001_M4__96b8d630ad5d3009.pdf,53030,96b8d630ad5d3009f5f2e2ee1bbe11c7cf8d3bcfb142950baf851ba3d6f63213
originals/apho/2001/APhO_2001_Q1__85d1986110c33862.pdf,186602,85d1986110c33862b2cddbebf188fa15debdf5282b813be3d2cd2dc4aa09e33e
originals/apho/2001/APhO_2001_Q2__42f7c646f496ac2e.pdf,969021,42f7c646f496ac2ef5ceb1b04e0c233a0e13007848a51ad3c38923814a30d93e
originals/apho/2001/APhO_2001_Q3__cf1af61197c0004b.pdf,119404,cf1af61197c0004b77ba3108f7ad80fe70401f70fca433bf16d94ddcbb0e19cb
originals/apho/2001/APhO_2001_Q4__6fcabdb731d44bb1.pdf,1244761,6fcabdb731d44bb140a1ca09baa16e51b36dc76dfe5779d5febb58ee0319576d
originals/apho/2001/APhO_2001_S1__2bb897c453e5dc33.pdf,794369,2bb897c453e5dc339bb6f8816f15d1cf159c4171c3c40fcee8fde3772de326b2
originals/apho/2001/APhO_2001_S2__adeb37b58a99df66.pdf,611685,adeb37b58a99df66980ea7c6374f12aa08f4ee3cd6b2eb205684c57f4a261a0a
originals/apho/2001/APhO_2001_S3__c960b814be6c88ff.pdf,501147,c960b814be6c88ff814f977780244add7ce6e604dbe2604c7bc41599e1474643
originals/apho/2001/APhO_2001_S4__4284106ce39c115c.pdf,1019083,4284106ce39c115cc62136b40248787d910d39379d51a4fe0a877317e42b11e0
originals/apho/2002/APhO_2002_A4__4ed1f74d4baa3d6f.pdf,134380,4ed1f74d4baa3d6ffadf8a26a72054509c70ea62769dab31d863bf7be65224d0
originals/apho/2002/APhO_2002_Q1__981410838328b62c.pdf,181814,981410838328b62c0b98013c1490fc59c285b2c11aa902353c91a9cdf9a5c78d
originals/apho/2002/APhO_2002_Q2__ea0775fa52fbc491.pdf,236993,ea0775fa52fbc4916499bf88ecddb42126d5d195f418c9af91a08a9193e3baf7
originals/apho/2002/APhO_2002_Q3__102355d9c41afe6c.pdf,154683,102355d9c41afe6cc72d49b0855f519836fc79a7efd3fa3c050f22a4f29e4c90
originals/apho/2002/APhO_2002_Q4__9237fa34f2cc878c.pdf,215808,9237fa34f2cc878c674a3108470370185cf1b2089cc68c097b67af56207acd4c
originals/apho/2002/APhO_2002_Q5__ef5ca5755edd82c7.pdf,191617,ef5ca5755edd82c709aab080ff826f78e0ec500a0d49662e1fe7c6644d77b7e2
originals/apho/2002/APhO_2002_S1__44ad1c74ca28193a.pdf,245574,44ad1c74ca28193a4d918988836b26e03f4aa5d4f8dfeb1b7c9f0a8c7e8fcc39
originals/apho/2002/APhO_2002_S2__b764a693b1d5ab19.pdf,166839,b764a693b1d5ab19cc2b390d03d99181610ea5beafa506fc054a53ec956934ac
originals/apho/2002/APhO_2002_S3__fc1bc50cec88b9e7.pdf,347479,fc1bc50cec88b9e79ea04bc86801f628c5dc5f928c3b51fc31dab2a20e983bc1
originals/apho/2002/APhO_2002_S5__07a782e0200a3054.pdf,212869,07a782e0200a30547e4844c85abdb3cdddf486427501c347dd241f6761622325
originals/apho/2003/APhO_2003_Q1__866c5932c9de8afa.pdf,89725,866c5932c9de8afab765d0c7867c804db46503d0292f18c1865516b7e936bc87
originals/apho/2003/APhO_2003_Q2__05b7fb3b8a2e4930.pdf,97162,05b7fb3b8a2e4930f11c1051047aba7b108d322b959db7c51d4f049442716548
originals/apho/2003/APhO_2003_Q3__a982dea02c38d90f.pdf,74218,a982dea02c38d90fa23f6757c9e78721fc47fe93cac15ec3bab6959d99947582
originals/apho/2003/APhO_2003_Q4__f0a9f7c1bcc6cc9d.pdf,111652,f0a9f7c1bcc6cc9d50f7a45b09e3aa37546e44b526e8d72171d57948a59e4037
originals/apho/2003/APhO_2003_Q5__8595d41b2068a8c6.pdf,173359,8595d41b2068a8c62eacbed0f901b237d2b2b408fbf44cee6d456bbd8585576c
originals/apho/2003/APhO_2003_S1__ea3d2bb7e459c914.pdf,85844,ea3d2bb7e459c91409de28bf44856552515215ad1836df6c1fe93db7c1547933
originals/apho/2003/APhO_2003_S2__c87dcdd4e980ba08.pdf,89213,c87dcdd4e980ba08d2031b2c37472f36a7e73482f2c0b02abaed57d90941d83f
originals/apho/2003/APhO_2003_S3__b6479fdfa12b0e80.pdf,77458,b6479fdfa12b0e804243b82d446af42e99bea3a871d3f067e3e7f3e06af571f4
originals/apho/2003/APhO_2003_S4__5f341c2056c7b803.pdf,107291,5f341c2056c7b8031cc54bd1a12274b013c6b86e27ec60485419cc3d017af66c
originals/apho/2003/APhO_2003_S5__b74d0ccdb23cdef9.pdf,82749,b74d0ccdb23cdef9989cca6d8da291696de9c8231efc54079990c860c99feb21
originals/apho/2004/APhO_2004_Q1__ef55525bfb07bc52.pdf,43895,ef55525bfb07bc5220c9ba559aac5d62440e633cc5959116cfa652dd2f656139
originals/apho/2004/APhO_2004_Q2__df0a0d6fc1e3c25c.pdf,115573,df0a0d6fc1e3c25cc814fb4a25b6fb4db8c3619932b5d0e28f68fa3a94fc14a6
originals/apho/2004/APhO_2004_Q3__85b27325510c7e63.pdf,163434,85b27325510c7e63ff3bd171bdc4e3657cb3db7da2b0915463b26f28ca754374
originals/apho/2004/APhO_2004_Q4__53a8726fe156936b.pdf,171727,53a8726fe156936b693aa05f79a1b005c04211992f0e689254d89f540cae9012
originals/apho/2004/APhO_2004_Q5__9fd3020eb5986202.pdf,93474,9fd3020eb5986202b9e82cd734ed137812a33102ff04467def5243fe9876864c
originals/apho/2004/APhO_2004_S1__fa261d748ed7f107.pdf,76371,fa261d748ed7f107991259e6406c436fe46cd8464ad6efe65329fe4cbd80a3b8
originals/apho/2004/APhO_2004_S2__ca2fd111724c0b0c.pdf,148557,ca2fd111724c0b0c441f5c0e282a08113494f79807c33446d3107c99eea1d4a2
originals/apho/2004/APhO_2004_S3__55146e37f10285b8.pdf,159619,55146e37f10285b841637c8ad4d1b544967df3ec1c5d9bdd9984b5f31cfa34cd
originals/apho/2004/APhO_2004_S4__99f373ffc1bbf524.pdf,101087,99f373ffc1bbf5244cf4808d5875729fc0c1269020b5f1024748a992e731e1aa
originals/apho/2004/APhO_2004_S5__2869c2d37d1c685d.pdf,93533,2869c2d37d1c685daa14ec4e7d231175e3a75b801eb8f38b7e452958c6605877
originals/apho/2005/APhO_2005_Q1__ac661808d11321ed.pdf,731368,ac661808d11321ed845877f5458437f68dc992bab48b6bdf5ccfa4eeefccf618
originals/apho/2005/APhO_2005_Q2__dd0e8a45cf4ac2c5.pdf,305599,dd0e8a45cf4ac2c5312d7d6a9e8a261bc194a44929906b56a8fc57e0a9ba0f15
originals/apho/2005/APhO_2005_Q3__64e7f1ac28099a97.pdf,325522,64e7f1ac28099a9774b7e92abf6670dfbf901f7ff936d0c9f5854e91d458b469
originals/apho/2005/APhO_2005_Q4-5__2aa89255ef70a635.pdf,293110,2aa89255ef70a635b1e8d0f43122fd148f888613254e08939f043ec54c672983
originals/apho/2005/APhO_2005_S1__ad81c4e399c51630.pdf,801901,ad81c4e399c51630c51d727f0565d8c092458d14e3b8af0b0f467428b09d3432
originals/apho/2005/APhO_2005_S2__be64440d0737b94a.pdf,626446,be64440d0737b94a054015e54373fb2597f0780d9ac946c3fb9af0b431dcaf12
originals/apho/2005/APhO_2005_S3__6355b36b2f620deb.pdf,628199,6355b36b2f620deb838d001edaa229d4093eda7c2d5778fa2cc363a9c3d2cead
originals/apho/2005/APhO_2005_S4-5__c31f77d190c7bb6b.pdf,487967,c31f77d190c7bb6b88eeb8cfe085ae5aec69d3dff8ac18c8e1772dd37fd6d53e
originals/apho/2006/APhO_2006_Q1__3230ce7003d81915.pdf,186330,3230ce7003d819157d23dc1d5d8195a69b7c11518819ea04f3a93567294534d7
originals/apho/2006/APhO_2006_Q2__9a229d0e841347a9.pdf,89631,9a229d0e841347a9ec2d8d3fd134c7b59621440fac408b3585a890facbf6e49a
originals/apho/2006/APhO_2006_Q3__95b2dba89a3294c0.pdf,134049,95b2dba89a3294c0522ea50ebfaa70802172261cf624bb454b643f6df7054d2e
originals/apho/2006/APhO_2006_Q4__7aa9a7c4ddcc796b.pdf,416815,7aa9a7c4ddcc796b3d38f2f5090f996f92f43bd12d29a57b82202ad77aa3d98c
originals/apho/2006/APhO_2006_S1__8f1b2ec7d4b9d72f.pdf,135514,8f1b2ec7d4b9d72f9b67e7f265edaf8c5c20c07218bb9fd82844620890d2be34
originals/apho/2006/APhO_2006_S2__7f912dd1f1d61117.pdf,499160,7f912dd1f1d611176ba80b3670f50a20a5c0fbd365a81cd8a6610aa89f76b8cc
originals/apho/2006/APhO_2006_S3__90d006a9ccfdbafc.pdf,171886,90d006a9ccfdbafc5527c3bd6bff47b451b93f3f29af4ef59f3d9a2d60a4b218
originals/apho/2006/APhO_2006_S4__8a9298a0b5100114.pdf,247514,8a9298a0b5100114db3447acb33fb64b7439094d92a94220bf5cbd37dd094323
originals/apho/2007/APhO_2007_Q1__af4b2772f6a84923.pdf,1274246,af4b2772f6a84923b8a6b4cf33dd4841c5bfe8e04f56c8342bb6b27d487092ac
originals/apho/2007/APhO_2007_Q2__b5524a1cb0b32010.pdf,247997,b5524a1cb0b32010213be2c92ac3c1525cd6c1c08b94eff35dd295ade875c7a3
originals/apho/2007/APhO_2007_Q3__cf5708247e92057a.pdf,252494,cf5708247e92057a94c2cd2389f9e14106167b92da5f849ebcb120c6f7f80ab3
originals/apho/2007/APhO_2007_Q4__9a5a8fc5e42668f1.pdf,1350257,9a5a8fc5e42668f17791bc5f2ad2d218497a9cda9f716c45925b9d9c3a62e5f6
originals/apho/2007/APhO_2007_Q5__0884a9574361373b.pdf,1414073,0884a9574361373b5bcbc7b8aa6161e4fea6536ed3a03a1765cc2a41d15311dd
originals/apho/2007/APhO_2007_S1__3f181c3feb2baa37.pdf,477503,3f181c3feb2baa378b39561235cdb9c78abc3de1f7db9d31ed8d92b47b843cfc
originals/apho/2007/APhO_2007_S2__df8e2a93ff09130c.pdf,555476,df8e2a93ff09130cd75b32e6aaaf3f5704b3d3b17d1bf924b480b6f08e727635
originals/apho/2007/APhO_2007_S3__e3c8f12ef9bdd9f7.pdf,1220052,e3c8f12ef9bdd9f789669e2b293ac767ed2d6badd9ae49bce5e3c6a4e4c52cc3
originals/apho/2007/APhO_2007_S4__4fa58d1388272126.pdf,355018,4fa58d1388272126188a213ca4dae7712d5740cb38d015b019ea365efca9ddd5
originals/apho/2007/APhO_2007_S5__a4c1e0b2c667b999.pdf,482737,a4c1e0b2c667b999129a50d71c6d732957843a97f37fc793107005b09065d6a0
originals/apho/2008/APhO_2008_Q1__990a4d640a9c5654.pdf,1476909,990a4d640a9c5654aed46a641bbfe705106496d00b0de7fad889d97562f0b41f
originals/apho/2008/APhO_2008_Q2__1265cfa1b1439fab.pdf,991884,1265cfa1b1439faba020e5a73fd7aa9277a6990a4e62f9400d11cc01b5a3bbf2
originals/apho/2008/APhO_2008_Q3__1ea1bcbe80c4c275.pdf,435341,1ea1bcbe80c4c2756041249282d216afa5f8492e41ac225fae6efdbcc744c1d2
originals/apho/2008/APhO_2008_Q4__596b055b99b4377a.pdf,495506,596b055b99b4377ae5c5074e26703ee2b5328c65d6ad304dbd76e61795639018
originals/apho/2008/APhO_2008_S1__5345588c54ee9446.pdf,1671702,5345588c54ee9446a9ce8b14b6e63f1146315d6dbbeb02a60638cbbf2a7371e7
originals/apho/2008/APhO_2008_S2__ee38d9c876ec580e.pdf,1056354,ee38d9c876ec580e363908a926d460a496e63eec36a1da3b2ed78132ebb0a6ca
originals/apho/2008/APhO_2008_S3__5fc44bae7a4ce551.pdf,526176,5fc44bae7a4ce5517d3202b598ae8e336361a9d6ce8d3dae8adb0329ed0edbdd
originals/apho/2009/APhO_2009_ExperimentMarkingScheme__82455291da422555.pdf,140804,82455291da42255568b24adcd9717f49d50f8a6a3c17f23a944d5236ddc4d3bf
originals/apho/2009/APhO_2009_Q1__775f096f642e87b4.pdf,102985,775f096f642e87b459f2433ba83b870889531977c4113249cfb656d62b9240da
originals/apho/2009/APhO_2009_Q2__d2008a2861702dd9.pdf,104323,d2008a2861702dd90dcd68a3a30005450cc74c9c8b2e4817f2258b1c3c8f0ccc
originals/apho/2009/APhO_2009_Q3__bd8c99a8876f7b69.pdf,115778,bd8c99a8876f7b6986576578ae92e5edf80c0c50c18545f8505628e188849d19
originals/apho/2009/APhO_2009_Q4__cdefbfb3aecf8513.pdf,208729,cdefbfb3aecf851389f96697d9615d2bdb2a54f6c26a1ec2617d29f8e0b86eb8
originals/apho/2009/APhO_2009_Q5__4418dcc2c2ee7247.pdf,199013,4418dcc2c2ee724758f2b17d768b0cdd14caa000f84b0fa4134fd92041caced6
originals/apho/2009/APhO_2009_S1__67ede6d73f393540.pdf,64933,67ede6d73f3935409f4dc204ed583e16580af1d537a767403e99ef80dbed419e
originals/apho/2009/APhO_2009_S2__e231e29ae952a8d6.pdf,217678,e231e29ae952a8d6d9c1d6f162f4d3a85620f010404782a18a53022fb149bce6
originals/apho/2009/APhO_2009_S3__7c6b6f4dad87ffd1.pdf,43557,7c6b6f4dad87ffd13d13de15d9521ae01ad5de194cec3860092eac24ad6d285a
originals/apho/2009/APhO_2009_S4__a30a5d566d1ce453.pdf,121418,a30a5d566d1ce4538f6235d87d632b2972f4cc86505fe021c6048728699726d0
originals/apho/2009/APhO_2009_S5__4c9fbf670fbb8ac2.pdf,36418,4c9fbf670fbb8ac2d5df582b5f06b7ff11c744b2441afb53da6d26ea2ad1108c
originals/apho/2010/APhO_2010_A1__84f5b1d71be7b374.pdf,140423,84f5b1d71be7b37488d5e287bcbfd398251a9cbb053e68e997a8378b1f5ff6e4
originals/apho/2010/APhO_2010_A2__c09f4ebfb920ff05.pdf,93568,c09f4ebfb920ff05ffedcc079a3e402d937cb08b21df614900a42923cb0bff4b
originals/apho/2010/APhO_2010_A3__5f4381fc3bfcfb0c.pdf,93606,5f4381fc3bfcfb0c50d6adcde394f53cf546f9e405e45c84bce3f4647798a033
originals/apho/2010/APhO_2010_A4__cb20dc8d0793f461.pdf,160103,cb20dc8d0793f4616197c3eb9256b62386c9b62567819c1f2e25608da8cfd856
originals/apho/2010/APhO_2010_A5__2cd0a09878074938.pdf,208290,2cd0a09878074938c0f8fc029af4ca2775e36e9e4ecb0498294ae62ade929008
originals/apho/2010/APhO_2010_M1__30ecf9e200ad5bf2.pdf,170787,30ecf9e200ad5bf27f3e3ba7d418262c5b7c602b0f1618f02a0bd5bac30e18dc
originals/apho/2010/APhO_2010_M2__c924167c1eea91d3.pdf,123611,c924167c1eea91d323119bc9b04ea0f3b43e28e7611e7aa8fa2cd887f13cff45
originals/apho/2010/APhO_2010_M3__2a503a5a1a721789.pdf,121980,2a503a5a1a721789bf1ffe091395e2dd5945a8479b93c672ca285cb4b6715e0c
originals/apho/2010/APhO_2010_M4__133d1a7bba7326a8.pdf,126707,133d1a7bba7326a849c1a19b884fdd6522dc808b7e797833dcfd016c40678bc5
originals/apho/2010/APhO_2010_M5__4031527232c5245a.pdf,113216,4031527232c5245a55c26263a340b00fb37a12068170f167e75b82ea71b8ee0d
originals/apho/2010/APhO_2010_Q1__1bdd3087d8c45ee5.pdf,104011,1bdd3087d8c45ee5826acf8bd7cf5ff9ca0031de7ba6778ff2e8ca5d52e20e9b
originals/apho/2010/APhO_2010_Q2__74022368ec8d53f9.pdf,114849,74022368ec8d53f9327cb2f5669f01f4745004b52821af476239cb0a97192a89
originals/apho/2010/APhO_2010_Q3__0cfee2a58b709fc6.pdf,111418,0cfee2a58b709fc695183224f6577117d6c4200e345124e16d308d4aaf3409e1
originals/apho/2010/APhO_2010_Q4__aef95844872b4b95.pdf,787467,aef95844872b4b95ba3ff57efd3db1f89a2f19b920bb32853aaed3025fb367f5
originals/apho/2010/APhO_2010_Q5__8bf9e0f6498e7bdf.pdf,273237,8bf9e0f6498e7bdf115ef4cd8ca518b9aebc979a385b5a8e00660d27e5eafb66
originals/apho/2010/APhO_2010_S1__a689cf63831eefaf.pdf,137409,a689cf63831eefaf66739c2066b01451771071c4dd51870aca8ba123b9375637
originals/apho/2010/APhO_2010_S2__18b03f38394cb72e.pdf,125894,18b03f38394cb72e6acb8b7223987f652fded6df54ae856a996d303a12a06334
originals/apho/2010/APhO_2010_S3__eada47a4ef622b7c.pdf,141295,eada47a4ef622b7cd646c584a06312fe9141851dd9e426e521804fe744e54305
originals/apho/2010/APhO_2010_S4__e7190d97f65eeac3.pdf,225175,e7190d97f65eeac3877410c56b1b1493a6b8735a4fc36ee0c5b516f037d8493a
originals/apho/2010/APhO_2010_S5__50e85bc1ee96caaf.pdf,296791,50e85bc1ee96caaf1c1fc1335ee73f2e64c747eb8968cc1c6f8ba7c05cbdf303
originals/apho/2011/APhO_2011_A1__ec933d70f9b5b724.pdf,191260,ec933d70f9b5b72417da4ad9eaad82193e35d5c9cc149674957a406965a745ec
originals/apho/2011/APhO_2011_A2__8540a1dceaaf442e.pdf,254451,8540a1dceaaf442ef5f98e6092bcb7005f17e54dce93f9af13ce67c4fb1582cd
originals/apho/2011/APhO_2011_A3__33caf6b6ddb376a7.pdf,300946,33caf6b6ddb376a7f7d24af5abae3affe88ec952e20d07e488335fd8d072a58a
originals/apho/2011/APhO_2011_A4__9dd809a6311215ba.pdf,242506,9dd809a6311215ba9a7bb7961b74b5af4aee74861f32f9aaf752299f1e3ec1cc
originals/apho/2011/APhO_2011_A5__c5ee3a8a500822e3.pdf,273333,c5ee3a8a500822e33b323d949c77b24310bfda7077fc9cbf87c2fd242be94430
originals/apho/2011/APhO_2011_M1__37c629b6dbdb910f.pdf,209572,37c629b6dbdb910f5e7c87a45beef0114273c4e4da16d549a8f717e256fb22b2
originals/apho/2011/APhO_2011_M2__69db40048100353a.pdf,311470,69db40048100353a8d6514d73d5d36a9c6d80313ccf89fc7e972fa221b445132
originals/apho/2011/APhO_2011_M3__e8d03583bd248250.pdf,311166,e8d03583bd2482505e2352b97d75445a3cd530ad7766342578506ed71af2e288
originals/apho/2011/APhO_2011_M4__9c98952b294db11f.pdf,323511,9c98952b294db11fe1da39360047de25247e1bf24d8faeeb506cc6ca3c292c01
originals/apho/2011/APhO_2011_M5__524883440107b3aa.pdf,310524,524883440107b3aa49fccb03b4757e4da7eb669dd5cbb3d3aa63a0d180d82261
originals/apho/2011/APhO_2011_Q1__99c1edbe27ef09ce.pdf,372668,99c1edbe27ef09ce9624a7446b598f1ef38b8876d6b4152d59b0f14ec5ed10db
originals/apho/2011/APhO_2011_Q2__8462e48e92094017.pdf,363626,8462e48e92094017d3ec904a8c6cbc60c680d7a28266016fa1a86a57aab44b15
originals/apho/2011/APhO_2011_Q3__00525cd63425c5ad.pdf,439551,00525cd63425c5ade046cd6b404a487dfa2259aadaabae0c8ec535df32ce6f67
originals/apho/2011/APhO_2011_Q4__95d5181dfab61900.pdf,626572,95d5181dfab61900b72a3f60121b4ee367ec23be206c13f535c8a62842bc761a
originals/apho/2011/APhO_2011_Q5__854fa3ae6b55f46f.pdf,580510,854fa3ae6b55f46f15255d76be33d53197a7d077ef8a2ab5ca441158ed2462a6
originals/apho/2011/APhO_2011_S1__390e88ea5ebfff6f.pdf,292532,390e88ea5ebfff6f8ec85a68e65ef03652aa01b7e90d7f1f19e17973d7672107
originals/apho/2011/APhO_2011_S2__be31437d7e2a5c5c.pdf,379771,be31437d7e2a5c5c64285d270cd8b3b84581e004e4c4fe10e48c0ed7640e6881
originals/apho/2011/APhO_2011_S3__5ab6ca3590a3bce5.pdf,521840,5ab6ca3590a3bce50d3c4f27f04f9aae1662f750d591cdc929237a2f539683d1
originals/apho/2011/APhO_2011_S4__c549229f38bb1213.pdf,1433453,c549229f38bb1213fa9ce210defb34a4ae0a5db65faf8e9dd608ae7135366b0d
originals/apho/2011/APhO_2011_S5__b6cef80d203337f0.pdf,1075666,b6cef80d203337f05c7f66a835598c66ddb501c397909ae2fc60f0fe995b9db3
originals/apho/2012/APhO_2012_A5__2839557b0f3ed63a.pdf,491996,2839557b0f3ed63ab36f644ae0f3ea4e0bd939eb5d7c2ff10ad0fc3dd51a7973
originals/apho/2012/APhO_2012_M4__874c60d6e631d5eb.pdf,244274,874c60d6e631d5ebd0f7b417d5142a04e7297b5f2fafa9d40023bc70db6e7340
originals/apho/2012/APhO_2012_M5__28642106c928e6ff.pdf,340565,28642106c928e6ff260e7ba8d1b5439d5d19128730e1d40f049d3778254da290
originals/apho/2012/APhO_2012_Q1__ee699cfd96001665.pdf,426739,ee699cfd960016652e8058a68439bd0fb669738a7dd1f6977250a20394905c75
originals/apho/2012/APhO_2012_Q2__c4cd72c09e3c4031.pdf,388220,c4cd72c09e3c4031efa4f22bcb1a51c72878a29f84638807afb036fcce0f1f33
originals/apho/2012/APhO_2012_Q3__c96a44cdc5476b3b.pdf,619344,c96a44cdc5476b3b921d0dd2b0253daff1ced71b28e13aa5e29f3905bdea42f9
originals/apho/2012/APhO_2012_Q4__ca2f846ae32935ad.pdf,437149,ca2f846ae32935ade91cd5ab8ea7b0522c9a2030c394ee5f74272871ac49dbd8
originals/apho/2012/APhO_2012_Q5__0adf8eb388054ecb.pdf,444278,0adf8eb388054ecb9e5230f9b6d291274782449a734880820a27910d6dc0fc4f
originals/apho/2012/APhO_2012_S1__e26d6d64e8a52ddf.pdf,133685,e26d6d64e8a52ddfdf5319a9ba873d3709de6cc132462eb870a2978aa34d3a5c
originals/apho/2012/APhO_2012_S2__cf1991a306529876.pdf,127577,cf1991a30652987632fe432359e0e72151f3b444340b86ac071a42c3901db9a8
originals/apho/2012/APhO_2012_S3__b3a5406b544b2a96.pdf,142289,b3a5406b544b2a96ad06726006c899a24d949c8b1ce2fe9d2611617dd9b92460
originals/apho/2012/APhO_2012_S4__81acfeffdb197526.pdf,483236,81acfeffdb197526f1d7de71eeaee3ddc5756e032c9a689a896c504821036744
originals/apho/2012/APhO_2012_S5__49dd930e281a6d9a.pdf,234981,49dd930e281a6d9a8dbc4f59df15083263998286636691edef0bf0ce01c32fe7
originals/apho/2013/APhO_2013_A1__280c4fd2c434915f.pdf,839004,280c4fd2c434915fb5f7add861b0e0042e435d08b7a09944686d4c785da5cee9
originals/apho/2013/APhO_2013_A2__071507bf7a14d7bc.pdf,1224447,071507bf7a14d7bcd016703d55c5cc4b637261159505189c2c1569d54fe1d684
originals/apho/2013/APhO_2013_A3__7fd20d5cc1ada4a6.pdf,1080235,7fd20d5cc1ada4a6de5b2856f4d905653173b8a0eeedd139bbd3af3e5adf5fbc
originals/apho/2013/APhO_2013_Q1__c367ae27d70e1b04.pdf,1466106,c367ae27d70e1b04de8be8dcb550696c20fc3a004a5ec5df192bb6a5ca83f766
originals/apho/2013/APhO_2013_Q2__0ce11b98f5a959f5.pdf,3033400,0ce11b98f5a959f5b39b5d23ab59b8aed72c6ee6b7edbf2b46adc02b5de74eee
originals/apho/2013/APhO_2013_Q3__9827ab77ad668760.pdf,4865896,9827ab77ad668760a97a15cad9cfeef4baf19881f9b4ef125bccbaf3d60a83de
originals/apho/2013/APhO_2013_Q4__2d93cde21ab176e7.pdf,17023986,2d93cde21ab176e76e952d08e7800647a55b5a8ddd42971169346786af147396
originals/apho/2013/APhO_2013_S1__162c21f08ae1fa1f.pdf,1292536,162c21f08ae1fa1fcb27b693b8fea70d56d06e02364209034dba470e5ca7c895
originals/apho/2013/APhO_2013_S2__158b90b110b9ceac.pdf,1424390,158b90b110b9ceacf29f4f03109abe5c1fe3e2c7fcfa722e17a66d32cddfaafd
originals/apho/2013/APhO_2013_S3__50381c3693a220ee.pdf,1006547,50381c3693a220ee37be80155e86ce6eb52e3533d7c636a4a3f9688b4a0fb42b
originals/apho/2013/APhO_2013_S4__26ff0f17a8953051.pdf,2610453,26ff0f17a89530515f03bc804516709303e44917d62fbbf339b99e85303c17a2
originals/apho/2014/APhO_2014_A1__4e505f48b8f0c332.pdf,165520,4e505f48b8f0c332447ecba308ef9cff593b2019bfdabc2e6d2b30463a2d1db4
originals/apho/2014/APhO_2014_A2__6b5ab9031c84057b.pdf,106286,6b5ab9031c84057bb2da9533317a96f7e1864842ccb168455e378d95a96007fb
originals/apho/2014/APhO_2014_A3__25eb6485e51fe0ed.pdf,242640,25eb6485e51fe0ed53d727cc7e692e42044b3d722e718f4354d5456635ee88ad
originals/apho/2014/APhO_2014_A4__10e7c21abca2c71d.pdf,1245976,10e7c21abca2c71de7470f46b936ec81a7336c7e611840bbbf20ce96789d66d9
originals/apho/2014/APhO_2014_Q1__ae0ee6001442873f.pdf,379471,ae0ee6001442873f5fe4db080dfd947e8e94881623c0ea6f1b08d14361e6a998
originals/apho/2014/APhO_2014_Q2__36457730acc639e2.pdf,513784,36457730acc639e286c2e447277876fdd3edd71cf8fd01bd7b038f33f57b9b43
originals/apho/2014/APhO_2014_Q3__3507ee19e53fa1e9.pdf,386911,3507ee19e53fa1e9a782722f3d6c51d6ade6d3dda3d132519c757fca7ad4bfe7
originals/apho/2014/APhO_2014_Q4__7dfd7f89dbb0b828.pdf,2646663,7dfd7f89dbb0b8285ffa395726ddcb611eda440e5717cc400070656b13c75098
originals/apho/2014/APhO_2014_S1__e5563ca76365a442.pdf,752373,e5563ca76365a442b6fac0611150dc884699df160c9d6748ea726644d1843f99
originals/apho/2014/APhO_2014_S2__2cc4f79bba40e230.pdf,668776,2cc4f79bba40e23017ab263939eed3d6a4ab2d9019aee5868142dbd9bfbd9e43
originals/apho/2014/APhO_2014_S3__11fdc9aa88f96d31.pdf,228981,11fdc9aa88f96d31f6c601046ddd5230f9ae70dd27d41a69679771154b76b8c5
originals/apho/2014/APhO_2014_S4__13091f2862a0e706.pdf,705520,13091f2862a0e706a22b6dfc33a6e88d15f6a3f799af47d2e22cd44d215019d5
originals/apho/2015/APhO_2015_A1__1e138ff8251d267f.pdf,91954,1e138ff8251d267fbbe7d90d35cd9ced9c447130ae4c9fdc0443300eea91244e
originals/apho/2015/APhO_2015_A2__2537d3828f404509.pdf,108256,2537d3828f4045096376c9856dd4c217c688ad09b39f8f30eef7dc7f0e39632e
originals/apho/2015/APhO_2015_A3__057eb53f768382ab.pdf,119426,057eb53f768382abb48de9d3cd968f07d44ee89fd202423cf3cf8763f0d252b3
originals/apho/2015/APhO_2015_A4__9946898aa1de2593.pdf,321626,9946898aa1de2593b4bba5ddc0a41f1a96e090cc7b8284227bb054505e3405da
originals/apho/2015/APhO_2015_Q1__71e314181b1b58b3.pdf,210662,71e314181b1b58b3a4f62e823e917f4810c46a466265b348325ebe4963d9fe91
originals/apho/2015/APhO_2015_Q2__93fea0aa00d3d25d.pdf,622696,93fea0aa00d3d25dc88221a9e80bff5a93986132db869cf7467bebd7dbba5c9c
originals/apho/2015/APhO_2015_Q3__81a3d2e03f8585ec.pdf,157292,81a3d2e03f8585eca26cb872c2e4181b652f792b6c7677ad97526bd3e66879a4
originals/apho/2015/APhO_2015_Q4__a4e3ebadf2f8eb57.pdf,1079170,a4e3ebadf2f8eb572913b425bf0839876ae9df94d3739830cef75f4e4873bddb
originals/apho/2015/APhO_2015_S1__7cdb8ea6a2c6a0c3.pdf,181183,7cdb8ea6a2c6a0c3a2182d2249210956d706f965dd7336904f9a9ea76f658bd4
originals/apho/2015/APhO_2015_S2__3555ec0187782336.pdf,201940,3555ec0187782336bb332dc86f932905f83ca97c5efd2d5d66bcc93717500a09
originals/apho/2015/APhO_2015_S3__ea72af7482eb68dc.pdf,197922,ea72af7482eb68dc2ca81707691d5358c16dbe4b8866202511c134102dc38cce
originals/apho/2015/APhO_2015_S4__5821556a6e1b7935.pdf,1698038,5821556a6e1b7935ccf47749ac069d8f9fa7d453c6c85ec997d5fd4d4b5b3d82
originals/apho/2016/2016-1__1569b5bb81146d17.tex,4930,1569b5bb81146d17f434dba4efb9e1a32cf50da09c6d93db2a488c2303b7e0a1
originals/apho/2016/2016-2__b00aa483a2f88446.tex,6935,b00aa483a2f884464b3c2b0eda956479a15035ddf82484671a20402b7035830c
originals/apho/2016/2016-3__1a56fb446c1d038a.tex,10567,1a56fb446c1d038aeb2ca6d4b4e07406998268e13d9ec9fca337310ed892c9a7
originals/apho/2016/2016-4__c94ae60ec74f4ce0.tex,22146,c94ae60ec74f4ce09611d282b2e740f9fd8747ebd2581c728c926c0355e970ad
originals/apho/2016/2016-5__525c64c6049881dd.tex,15266,525c64c6049881dd60081aff9c845e090cbf13d7bd961115a6aa40527f9d62a3
originals/apho/2016/APhO_2016_A1__89a55290dcba98b0.pdf,221379,89a55290dcba98b0048c2ec59b0d8e6947defaa7884b3ae950a2e8e4fe675d4f
originals/apho/2016/APhO_2016_A2__a85ba4320ecdd1d8.pdf,221720,a85ba4320ecdd1d8d07a6879aa5bf3befec27ae4adb2c8d8666625aba47cd745
originals/apho/2016/APhO_2016_A3__d36b4882e23d3fe3.pdf,234208,d36b4882e23d3fe3235d5ca3d81419abdf6b13b959b52ff3cc417639ddd9d2f4
originals/apho/2016/APhO_2016_A4__3f2ca255245af9ee.pdf,562537,3f2ca255245af9ee09448e783e8c7dcfeb1ca17c278cbdb91b98d32edca29daf
originals/apho/2016/APhO_2016_A5__0081303b1b1b1681.pdf,451744,0081303b1b1b16813cd9b1b59e1377a67e66328ee7dacdf41abe4c4c5b77dc89
originals/apho/2016/APhO_2016_P1__dfc24e01c26e4b77.pdf,1195502,dfc24e01c26e4b7790ed60d9b8bc79592bb959f31838d1697f17e46214d27b86
originals/apho/2016/APhO_2016_P2__9509bec0a3d82496.pdf,1199218,9509bec0a3d824962fba07771e135b58d8195d3d554fc6ab501928951ce735b6
originals/apho/2016/APhO_2016_P3__437ef740cb10d437.pdf,416682,437ef740cb10d43780bc6a1f26c3ed2659c8d441fa959d34072203b7e1861889
originals/apho/2016/APhO_2016_P4__b6905dba82fb3cbe.pdf,2410484,b6905dba82fb3cbe4b34738f14098eca2c8d5c071be962eac79c3d2a35ba3747
originals/apho/2016/APhO_2016_P5__22645b3ec8e6f793.pdf,1821462,22645b3ec8e6f79354f8266743b2622be1c67ff992ecc4e16e79de1a8001fb35
originals/apho/2016/APhO_2016_Q1__a09471cbeaa43759.pdf,727652,a09471cbeaa43759b19fa7f508b687156ab4dbdcbb753b4aba827ef348d67a76
originals/apho/2016/APhO_2016_Q1_tex__63f18ee366920e0a.zip,672325,63f18ee366920e0a134fb7097950740e8f126a0f357fe3469f72d62eb21d080e
originals/apho/2016/APhO_2016_Q1_tex__82aa3b4d03d4e3c4.pdf,623891,82aa3b4d03d4e3c431f8fe8337173b3d46311528edd112cf87377d1efbfc1b54
originals/apho/2016/APhO_2016_Q2__0e831a538adb97b3.pdf,366228,0e831a538adb97b3ec924e7bef5997da3d11babb14d4eedaae813af55432ca68
originals/apho/2016/APhO_2016_Q2_tex__a7d4482be8dcbbc9.zip,82472,a7d4482be8dcbbc9e6ade75b575a08e978f2a2f4b071edbb9e4e38ff4300ac16
originals/apho/2016/APhO_2016_Q2_tex__e5108624d7385e32.pdf,113162,e5108624d7385e32d6383ee095f33de0d9d10d976ec3a0c9c0ec62204364e7f4
originals/apho/2016/APhO_2016_Q3__2c1d1c4d62c9e78a.pdf,670459,2c1d1c4d62c9e78a235a96cebd86ce699b030e6d52b906ba0f3410dd7dde554b
originals/apho/2016/APhO_2016_Q3_tex__3b387ab6af6a5075.pdf,163597,3b387ab6af6a507548ed8d90bb17c25c338c8d50aca521beeb039e432b4028ba
originals/apho/2016/APhO_2016_Q3_tex__596fb05dc7eb2103.zip,98301,596fb05dc7eb2103620b2c6faec770001d4cab031fc73c5aa09531ca947fa1b8
originals/apho/2016/APhO_2016_Q4__993e29122ff52ef8.pdf,692718,993e29122ff52ef88b104f5a17bdc936028de49dab151ce12fe85f8c19017a45
originals/apho/2016/APhO_2016_Q4_AlignmentChart__15a791f722494de2.pdf,303603,15a791f722494de229f1e85a29e5f36c2560e4316cf1eb3fb5d3bea2986f36c0
originals/apho/2016/APhO_2016_Q4_tex__9f74490ef214613d.pdf,447517,9f74490ef214613d45d4b8afdbf829d4d2c650ebfd2d8462450dfce7de4c5821
originals/apho/2016/APhO_2016_Q4_tex__c558b304f8d594ec.zip,690490,c558b304f8d594ec329b88ce2773d502e08dcf910d7cd8dd883ac1ce855e25f9
originals/apho/2016/APhO_2016_Q5__e8e0bb0c4a8c425d.pdf,879796,e8e0bb0c4a8c425dd0444bb3a7b8e8dfada5c85c9698ee34f94f8caeb75802df
originals/apho/2016/APhO_2016_Q5_tex__ba5d1e4cf9a9dd49.pdf,537329,ba5d1e4cf9a9dd4933f271717dd5653c88787c9149284497b04a169f27ad9e02
originals/apho/2016/APhO_2016_Q5_tex__ea400ebaa7e8ab34.zip,877251,ea400ebaa7e8ab344f0e7f65385f3f98b841aebffec94e3a058092d226ac7efe
originals/apho/2016/APhO_2016_S1__c318b8f120d4f6fa.pdf,632179,c318b8f120d4f6fa54dde09d89a9881695e13111e0dc02f4ff7de28c1b92d8dd
originals/apho/2016/APhO_2016_S1_tex__8c0d95830d3bde34.pdf,217125,8c0d95830d3bde34d26ae7cdcdce08cdfe04f1eef11ed689b1c85b3dd57a1a18
originals/apho/2016/APhO_2016_S2__49de94b6b7322552.pdf,483564,49de94b6b732255243a3eeb99a6780f3040ff61eab836ff7e95c3251d6e26f23
originals/apho/2016/APhO_2016_S2_tex__520a9ecfadb9b0b8.pdf,63995,520a9ecfadb9b0b8bcc955697eac32529b8031116f5d35b9f50750711915d2cf
originals/apho/2016/APhO_2016_S3__989cba1161ad8ebb.pdf,555976,989cba1161ad8ebb0283a4fc6836c4d6af37669bd5b801e574c49bd8342e85df
originals/apho/2016/APhO_2016_S3_tex__5f57713099be5012.pdf,65774,5f57713099be5012ec630a0dfdd6ef324294cc08a64c951a6032432e2cdaf737
originals/apho/2016/APhO_2016_S4__861211a0b8d57d4a.pdf,1200350,861211a0b8d57d4afafa0b8d95ebdefc4d617a8c3a67dd5242b1f68d203f556b
originals/apho/2016/APhO_2016_S4_tex__cc778b97d347cede.pdf,448948,cc778b97d347cede14327cc096b4b840de294733598d82a28c8bf3ea8e01246c
originals/apho/2016/APhO_2016_S5__faaecfd0f7d7dd87.pdf,1573282,faaecfd0f7d7dd8743a65d6f35c29b1b9e5045277fdcaa89cc29d3b857336179
originals/apho/2016/APhO_2016_S5_tex__476afacbaa7468eb.pdf,485532,476afacbaa7468eb6da4e0714a4804fb6132775f15110a4542a6ddad18fa9b4b
originals/apho/2016/APhO_2016_TheoryInstructions__dc69f29330bdde07.pdf,365660,dc69f29330bdde07d9d10e95d68c5abf5dbbebb3909e861dd232dd5b3c52fde6
originals/apho/2017/2017-1__5292678503c6ef53.tex,11407,5292678503c6ef5304f008f276ae409152529f4a607c4cce90fbea5896f1b6fd
originals/apho/2017/2017-2__670df2b69a72adfa.tex,13521,670df2b69a72adfa782bf63eeee5568199669d2c7b343e856c9ff85b5f2f9356
originals/apho/2017/2017-3__4da839a3ebd8fdd5.tex,9985,4da839a3ebd8fdd5c351eb4f6002c32a98deb3729e58daa8840c75129f610acf
originals/apho/2017/2017-4__b99a99be443b39cf.tex,26449,b99a99be443b39cfe51ca207fbd949fcd31997dd9fa6a14c13db92f0399b092d
originals/apho/2017/APhO_2017_A1__871bcee12b5052ab.pdf,1083172,871bcee12b5052ab07eb7e4eb4b2e9a760228d89c455d2b2968765ae0617c76d
originals/apho/2017/APhO_2017_A2__ec7c65c24e7f9b9e.pdf,29857,ec7c65c24e7f9b9ee199250c23482c7b0742daeef70b4a7d6b7811244cce8b8b
originals/apho/2017/APhO_2017_A3__3c41e529a9f1cb5e.pdf,25812,3c41e529a9f1cb5eddb52f4cbd210fa9c9da687e34efebf9d6ce7a5444a61a01
originals/apho/2017/APhO_2017_A4__9a9e005248f7cf81.pdf,83114,9a9e005248f7cf818dabdb3705321a65774cda6c6d5a04d3a56c0cd7cebce3e7
originals/apho/2017/APhO_2017_M1__5b19d21c977eff00.pdf,520060,5b19d21c977eff004f122912b2b18b52b68ba8ab01212059b57a552a2c2abd39
originals/apho/2017/APhO_2017_M2__2dc92cebc7c10d34.pdf,54412,2dc92cebc7c10d34859b690f0543f7d23e7f6a5937a2fcb3f936ab18f76e4398
originals/apho/2017/APhO_2017_M3__74cec70cb0f53edc.pdf,704907,74cec70cb0f53edca50355533f9a19347af57519be94066ff62b6ed352e487fa
originals/apho/2017/APhO_2017_M4__a6238bc356381778.pdf,430488,a6238bc356381778ef5c6ec4ee48547bce6ba98b0785937d8a5aa160b832205a
originals/apho/2017/APhO_2017_Q1__250263c0501cf00c.pdf,2398494,250263c0501cf00c413bb068fdea601a2b7b0adc9ff94d0fbcb170cea378e24b
originals/apho/2017/APhO_2017_Q1_tex__1a549d502aec6995.pdf,371004,1a549d502aec69952612c329b236c29fccb570d2381c5de14b097c83fcfd7771
originals/apho/2017/APhO_2017_Q1_tex__c0cd1ce83017f648.zip,358150,c0cd1ce83017f6480dcec5d223d500c6ccbfa48de081f6f8e1000a9ae4348d26
originals/apho/2017/APhO_2017_Q2__e39d71efe30ec9ea.pdf,91660,e39d71efe30ec9eae62b74f90c31675b6075baa92e42cac9182d0284c868202a
originals/apho/2017/APhO_2017_Q2_tex__3ba951c50032bcf5.zip,73666,3ba951c50032bcf5a68493d9bbd47e238177dc3ffed1d579fe7428af3ddbbb89
originals/apho/2017/APhO_2017_Q2_tex__45a1dc755eedb345.pdf,114282,45a1dc755eedb34551c7991f70f9b7aa26a5b7274f07be468b2238adef8e7f33
originals/apho/2017/APhO_2017_Q3__39c6a0c5b6c28dc5.pdf,69978,39c6a0c5b6c28dc54e4c4ae4ca67c02f7369631705b69b2dcb2ae45c6c4bce73
originals/apho/2017/APhO_2017_Q3_tex__5d9bf34a05b0723d.pdf,200017,5d9bf34a05b0723d2aeeb293dfe24d5e3bdc195b185d9d54c0aa77c718be0190
originals/apho/2017/APhO_2017_Q3_tex__ab9900e14db6cfab.zip,123720,ab9900e14db6cfabde9a28f32d5e605516eda6c2127ec1ec4d0a5be2c7272e8b
originals/apho/2017/APhO_2017_Q4__82fa3c79ef2498ae.pdf,1598974,82fa3c79ef2498ae80c0ce53c05641b1b84154f8e4eb743bac73d636e01023d3
originals/apho/2017/APhO_2017_Q4_tex__419a73f7c9038ea5.pdf,729083,419a73f7c9038ea51d0aeeb29a45df3bf124607c98ac0340facbc4f16c3b3ed5
originals/apho/2017/APhO_2017_Q4_tex__9dd32eba6255ef34.zip,631630,9dd32eba6255ef347d41d6c4bb48e9c426a9df21ad1cb517e4de2c9116223fb4
originals/apho/2017/APhO_2017_S1__5543d7cf45403b31.pdf,199488,5543d7cf45403b3139af927526f892fdf0f180845b4929d50c24c8ccf3fb616d
originals/apho/2017/APhO_2017_S1_tex__b092f26300dcfa18.pdf,176709,b092f26300dcfa18ff4a226e6b9d8a6b082219f5f5d7526b93f89be7e720a510
originals/apho/2017/APhO_2017_S2__8d22819a21f53c40.pdf,98313,8d22819a21f53c4073194b9436fc45796ee8b1fa09be0adc02802f35fbb8eeb8
originals/apho/2017/APhO_2017_S2_tex__ac7e1758b7f6def8.pdf,95297,ac7e1758b7f6def89775f3b6378a428baa1ee261d97ff65b815e033140529b2f
originals/apho/2017/APhO_2017_S3__a68dd4493eccde78.pdf,1859387,a68dd4493eccde788e9d805bab0b21561e255b6c6d206d4d5d4e3773734d588a
originals/apho/2017/APhO_2017_S4__caa8ec6abf04d160.pdf,4404361,caa8ec6abf04d160409d8536d2172ddf7fbcd44544805344a3d4e1f089d83571
originals/apho/2018/APhO_2018_A4__d3c09f08d27ff313.pdf,4552564,d3c09f08d27ff31312ba270ddb70ca14d3c49029097efc0c11681cb355253b51
originals/apho/2018/APhO_2018_Q1__5337e5696833799c.pdf,1462797,5337e5696833799cf565cb5ef6ca90cb195ae45075a56b7e6128d4d63a17050f
originals/apho/2018/APhO_2018_Q2__06c54bf0fe8e9e4d.pdf,12679132,06c54bf0fe8e9e4d1e5ccc104ff608a41bff74cde4bea53c8f87f2eb1396400b
originals/apho/2018/APhO_2018_Q3__64100f0197371334.pdf,213425,64100f01973713343700f62a8b5e51a76c7985f2a5bf8265322fa31fd3ad7292
originals/apho/2018/APhO_2018_Q4__07b973fcd31c221d.pdf,4452817,07b973fcd31c221d7eb082ca1bfd722ef8bf45cc8599fe155dc54e10fa7c0d8d
originals/apho/2018/APhO_2018_S1__b3aa97212a8c8b3b.pdf,157498,b3aa97212a8c8b3b38fe8381f0ef4cba1d91b0726ddb3471b95f1ae83abdd100
originals/apho/2018/APhO_2018_S2__abac49a42939d8a4.pdf,240936,abac49a42939d8a4639c07e9892560fb8336b1f5c0cf7e503e30b1a059d804ad
originals/apho/2018/APhO_2018_S3__ddb6ac87b744095a.pdf,162689,ddb6ac87b744095a0664a59179bd35fe2b9e62d91541cd6a6a42843f083404aa
originals/apho/2018/APhO_2018_S4__a83bdd045ca93469.pdf,986713,a83bdd045ca93469dd21a8fc13907a2d470d944ab55baebd08b6289df292d3c9
originals/apho/2019/APhO_2019_A1__bbb285cf2c27b80f.pdf,31452,bbb285cf2c27b80f422924ce981d8ce1cdf2a28c68a9f0f1033e5ebdf20c7dfb
originals/apho/2019/APhO_2019_A2__f3c42a8e416e8098.pdf,39707,f3c42a8e416e8098f3e66bfdadfc61cf79d4ce4345e77680ea0f4433ce7081cd
originals/apho/2019/APhO_2019_A3__19e7d1e2b2b5b650.pdf,62584,19e7d1e2b2b5b6507a7d32c8b32bd50b6aaf73ed9db8d5db46bee3dc646ca3ca
originals/apho/2019/APhO_2019_A4__0d83508c2e8d0393.pdf,55471,0d83508c2e8d03931bfaf238a823b6dbe2096046eea2cd4af717f5215e025a12
originals/apho/2019/APhO_2019_A5__43cb56bd76fb8624.pdf,46877,43cb56bd76fb8624c67fb5aad83c59637dfb0e7d99cf77270728304f5cffa49b
originals/apho/2019/APhO_2019_ExperimentInstructions__b84839570f15405e.pdf,39082,b84839570f15405e8d028f059a97277265bf46c2e580466f0bb141c318b6a4dd
originals/apho/2019/APhO_2019_M1__0503296011ccf3b6.pdf,145779,0503296011ccf3b6c2fc580198bf5cf08c8ce40202f4b0d2aa4a72a9ec0c5f81
originals/apho/2019/APhO_2019_M2__3f0021c3675699a5.pdf,148883,3f0021c3675699a59eb905e1813c370adaca49eb31d19caa62d74648a6a26dc3
originals/apho/2019/APhO_2019_M3__ba08efba9931cab4.pdf,79530,ba08efba9931cab451c09cce1c17ca4982a63c12740eae7137e81d38f1a92c3b
originals/apho/2019/APhO_2019_M4__b46686239862268f.pdf,130736,b46686239862268fa9bf833a0fd9381064f6b85ac20999f3e92c4578e3bf0177
originals/apho/2019/APhO_2019_M5__0dc6ef31a285f907.pdf,148011,0dc6ef31a285f907a4f788d6a0c98a631551f557c463906fb75d99453ec5e322
originals/apho/2019/APhO_2019_Q1__aa38cd9596f44656.pdf,441973,aa38cd9596f44656d9ed4b7973778ae5ec284d29b7c7ca21df9fe77917de2601
originals/apho/2019/APhO_2019_Q2__5efc7dcba95a671a.pdf,1224097,5efc7dcba95a671a062f53a2278dc7a473b9893cc7293c253b0ebfa6e939f03f
originals/apho/2019/APhO_2019_Q3__b4d75088981628ee.pdf,66912,b4d75088981628eec08fa7ca1156d9782365c265b7b740d76344f8633caff44b
originals/apho/2019/APhO_2019_Q4__ce8635a6dd13fd56.pdf,1094240,ce8635a6dd13fd56c32ac484826f12556d73133649e26418f05b80230fe0262a
originals/apho/2019/APhO_2019_Q5__70cee4e2453c3a28.pdf,1708891,70cee4e2453c3a28268ff8fd434c5a3b37082c6152db1dd136c3645924b011b8
originals/apho/2019/APhO_2019_S1__dcb877086e63cad9.pdf,96051,dcb877086e63cad93dde2b3abca90f3bff8811e5f23c14b2465af950623df0a5
originals/apho/2019/APhO_2019_S2__ce7da27669e382e8.pdf,164036,ce7da27669e382e8466cedfcd8fb35804e1d322a6596d1ca8ba9b974cb4b4a58
originals/apho/2019/APhO_2019_S3__92f6642ec76407a4.pdf,166389,92f6642ec76407a48895524426d98fde1e874ea8dfa3c138f58c9b30079301a5
originals/apho/2019/APhO_2019_S4__564ae055cbe63ba3.pdf,891075,564ae055cbe63ba39002f842d36e072b689310cfc39c58fa59158a03142b5a55
originals/apho/2019/APhO_2019_S5__18e4de1e13b7cfed.pdf,3477823,18e4de1e13b7cfedc4f4ad21ec2cee0e59b0b97cd5f2b5569d7c751081234fc5
originals/apho/2019/APhO_2019_TheoryInstructions__739530145f5cb57c.pdf,39130,739530145f5cb57c1a33827e85c800d6d3f8d455e16cba73be00f93cf4e4e7d8
originals/apho/2021/APhO_2021_A1__e457f415858eb34c.pdf,9234976,e457f415858eb34cb5d750de28c42b7729e6ad2611bfc66279c12e0b26bc88c0
originals/apho/2021/APhO_2021_A2__33cae174c6d71087.pdf,95489,33cae174c6d710872c5abdf8436fe9ab826c67854aa2076bfe42a73aa53fb623
originals/apho/2021/APhO_2021_A3__d88b6a83965bb79a.pdf,91636,d88b6a83965bb79a087ad27f9f2a00bb68105cd16e28eec67d44f6bff6f583c1
originals/apho/2021/APhO_2021_A4__80bb99bd493ee6a1.pdf,1508405,80bb99bd493ee6a10aaab5f655f0174209e3b31667820af0d70a79d50a7cf3e0
originals/apho/2021/APhO_2021_A5__0425fd37f8de9a45.pdf,366780,0425fd37f8de9a456ae7c61527291775ece3e42f9feced57d47f6198496eb555
originals/apho/2021/APhO_2021_ExperimentData__1777fde284182216.zip,21993665,1777fde28418221663ea5803daf932a1b40a0da75298184894d7f889cda424ea
originals/apho/2021/APhO_2021_ExperimentInstructions__83754e6b737df35d.pdf,175596,83754e6b737df35d93cb906f4b1038c7113dbc4433f2afc86a0c02bce5e8f678
originals/apho/2021/APhO_2021_M1__b9625fd9bf4d9e1e.pdf,738976,b9625fd9bf4d9e1e346de1c2f0da8d2953af3e13fdda389794395f931ffc0268
originals/apho/2021/APhO_2021_M2__55cff93118328abb.pdf,318633,55cff93118328abb19b39111ce56ac6b9939ffc4f10ba34858b813fda4f017cd
originals/apho/2021/APhO_2021_M3__0d976f95abf9a24b.pdf,542482,0d976f95abf9a24b96c83dac77e0c6c30e7442e9ec789486cb55981ec1b36980
originals/apho/2021/APhO_2021_M4__2be2939e4d64d694.pdf,188736,2be2939e4d64d69485c79265cb20f74c5e491f4508a565f3b1ffcce9ada04132
originals/apho/2021/APhO_2021_M5__b284db968ea0d4b7.pdf,928100,b284db968ea0d4b77d1ba69920ab5646a27b32e4a15fc492ff56621e969f47b8
originals/apho/2021/APhO_2021_Q1__2a1fb6322b5c85c4.pdf,151737,2a1fb6322b5c85c41fde5e2ba952d8c18f8f3ebe43bc6875421a2d04a9aeb746
originals/apho/2021/APhO_2021_Q2__c2fe02a61d641a44.pdf,197549,c2fe02a61d641a44e6a8c3f6048a87061736e7d65ccbf217ccb2797d87f863dd
originals/apho/2021/APhO_2021_Q3__aae77264d3588089.pdf,272651,aae77264d35880893c40cc5dd551c54e44965c9dfe19ee04b2a34e67e4d1dd17
originals/apho/2021/APhO_2021_Q4__1c6af3dfcc9af570.pdf,861806,1c6af3dfcc9af5704359746ceb03f9eb45e0fde1194c6457a25a98e959626d59
originals/apho/2021/APhO_2021_Q5__1ed9709e0201c151.pdf,417078,1ed9709e0201c15159ff167e50177c9e938cbe2854467f152d368b0e4fb4710e
originals/apho/2021/APhO_2021_S1__7490ed2a57d12df1.pdf,1167317,7490ed2a57d12df13b2c5ab9f50de6713ed6296e29e7ab11ca2b3bbbc1f5a8f8
originals/apho/2021/APhO_2021_S2__cafdc1d5a6f6400e.pdf,222869,cafdc1d5a6f6400ee9b01154cec4f44f1d24d6d6b0d6a18c83866b837a52dadb
originals/apho/2021/APhO_2021_S3__5f0308f8ea44f8e9.pdf,711845,5f0308f8ea44f8e95c9dd436501b2a4eef64d6f8241cb5f7ce36a6a3e1ea6b66
originals/apho/2021/APhO_2021_S4__47e82e42d54644d2.pdf,1078544,47e82e42d54644d24462a228b26ff158ebbc70eb50408a7c10a620d646415310
originals/apho/2021/APhO_2021_S5__6195ec90e42dd1aa.pdf,1416763,6195ec90e42dd1aa3be6075cb22fbf966a203abc0973e3af9e399e580553c881
originals/apho/2022/2022-1__73c6186cb17e1f2d.tex,5544,73c6186cb17e1f2ddc35c648b0f71fb13f5af0006351ecee9b7609e0cd2fda44
originals/apho/2022/2022-2__8be3135fbc9a2b77.tex,5902,8be3135fbc9a2b7781f84aa76c06786cb2e74f6f16ee12b3f32180bd40de32d2
originals/apho/2022/2022-3__f580eaf838bee2e3.tex,6827,f580eaf838bee2e3db84ba30edc99b8e0693c035fded8397b4d61d8fbe247be7
originals/apho/2022/APhO_2022_A1__f90f942fed917811.pdf,218870,f90f942fed917811ba8d0ab137a22f8dcd65700925905c1eca99effc9e231451
originals/apho/2022/APhO_2022_A2__bcb2227d86d3d573.pdf,218360,bcb2227d86d3d573729e2d3b2f08dc041d5ec6dbac575dff5e6425e31ede0b55
originals/apho/2022/APhO_2022_A3__f78a225ac84a8379.pdf,221158,f78a225ac84a8379190a39f495ce83b83169e4a0b532319e6caba11bba040323
originals/apho/2022/APhO_2022_A4__90dc3220ef37ba0a.pdf,249353,90dc3220ef37ba0aa10205458960bfebd1296f147670de384f1ce11886d18fd7
originals/apho/2022/APhO_2022_A5__5c560af439da0601.pdf,246886,5c560af439da0601ca8372e0a07f156ada2e2462c117346bea3c87baba673c4d
originals/apho/2022/APhO_2022_ExperimentalPresentation__a1e931a1de603736.pdf,1692739,a1e931a1de603736682ffa1e7e188c38048794067eaec9c589c1a1dd7097ff77
originals/apho/2022/APhO_2022_ExperimentInstructions__c43b38d2c8338a1c.pdf,227670,c43b38d2c8338a1c92eb45a6302516b850f4ca023241e5b5c7b969465c2b8d9b
originals/apho/2022/APhO_2022_M4__4e84dffa24c9674f.pdf,230800,4e84dffa24c9674f0839d025ccd970e48f92940facb5002ec7599ea6847a7253
originals/apho/2022/APhO_2022_M5__71a1486ef3e18c2e.pdf,221730,71a1486ef3e18c2eb3e874e2460b6a78a2fd79c79fa2a82a2e4424e7120c03d7
originals/apho/2022/APhO_2022_Q1__2ea57b3ea45d3e06.pdf,430589,2ea57b3ea45d3e0688ee32a6883d8bde86bec6863a4187c645bf8ae26e3a8fa9
originals/apho/2022/APhO_2022_Q1_tex__6f0f5b96714a085e.pdf,103408,6f0f5b96714a085ea384ad4e13ccb7cf4c360d5ada597345ea139adde9642797
originals/apho/2022/APhO_2022_Q1_tex__defb45c851e1d009.zip,47005,defb45c851e1d00949f543e77cb839c1de2201fbd05aa75f5155446730632fec
originals/apho/2022/APhO_2022_Q2__b5bc5ffcd53a3094.pdf,295894,b5bc5ffcd53a30943215d5a4bb8d48221ed6ae6e0cfb3d397bbda07ec4494481
originals/apho/2022/APhO_2022_Q2_tex__3217729a4e7d59ec.pdf,103011,3217729a4e7d59ec2fcdcaf7c501cc5b9951a2ea13618ba259091f97765cf069
originals/apho/2022/APhO_2022_Q2_tex__8e62ce4928595327.zip,40842,8e62ce49285953272a55953895605917aa830f059921a43f615bc31c4d3de11e
originals/apho/2022/APhO_2022_Q3__8fc87dbae975d577.pdf,233396,8fc87dbae975d577745dfdfe351b3419172145f2aad70a83a0563db53beee55c
originals/apho/2022/APhO_2022_Q3_tex__5a93d5a2d6c81fa9.zip,13929,5a93d5a2d6c81fa9c3ae69454cad22bc14e03fd0cdf75c37f207981fdddf630f
originals/apho/2022/APhO_2022_Q3_tex__cd1de6650cc3c6d4.pdf,71574,cd1de6650cc3c6d44c8bb02d49069af1346882fcc55b6ba3a3f04d0846e50c76
originals/apho/2022/APhO_2022_Q4__533607df51a66925.pdf,890467,533607df51a66925511a44512bb1f1b2efcc714d2d8099cab17ab9b9b8f89a95
originals/apho/2022/APhO_2022_Q5__62698a99e12b9eae.pdf,690109,62698a99e12b9eae8174d15a94e7e36d0e133054e757458485f3d1c89ab76109
originals/apho/2022/APhO_2022_S1__1139a5228eb5d835.pdf,243777,1139a5228eb5d8351e9c40d994f1ea33dbb36f707e69d5cd7e6abcf5460fd15b
originals/apho/2022/APhO_2022_S2__3781256cd2e3b3b3.pdf,339010,3781256cd2e3b3b30a595b7160acef2cba706f5dd484554180dbe2e30fb31922
originals/apho/2022/APhO_2022_S3__59cecef7d93bba5c.pdf,244681,59cecef7d93bba5ca5b8a52d004278aba70c9e996d7a40408af0ad924f20eeec
originals/apho/2022/APhO_2022_S4__e011c2ac17fdfc55.pdf,568493,e011c2ac17fdfc55317faafb808b9819bf75daaaf45d1b419dc9544ab2311dfc
originals/apho/2022/APhO_2022_S5__a483e75e7007f29b.pdf,1471435,a483e75e7007f29b9dd4a161a1ae2055af680c68f53e73fe28b9d583ac03e970
originals/apho/2022/APhO_2022_TheoryInstructions__c62f95c528bdb366.pdf,223527,c62f95c528bdb366787972d2d43d88cf2ed06e7d2efe5e045e168625c0a9e244
originals/apho/2023/APhO_2023_ExperimentInstructions__4cde4f6acd6542ba.pdf,566313,4cde4f6acd6542ba3474bf7d9bd40fedca169e28e35e21502e98a2e9bf076048
originals/apho/2023/APhO_2023_M1__cc3cbe67befa1906.pdf,349556,cc3cbe67befa190607395f59e3b7e1a1b36529893ea4aeec1fe2ec64c3125c0b
originals/apho/2023/APhO_2023_M2__622c92d7dd16e634.pdf,129465,622c92d7dd16e63419605ecebcf98f6aa2b8e5bc1413dc8b7bccd88b005fef3f
originals/apho/2023/APhO_2023_M3__24bd58cfc46e9b8b.pdf,189914,24bd58cfc46e9b8b97102e6d3873acdc9779005c91b7a6fd1a527178045a679e
originals/apho/2023/APhO_2023_Q1__c107325e7d342179.pdf,698891,c107325e7d34217900653f8dc337ceddb80aa9e7cd2e1ff53c591f2cd92c8e28
originals/apho/2023/APhO_2023_Q2__3bbff44638e7bbd4.pdf,129782,3bbff44638e7bbd44d369a4469014b73095efedb60708fa2d9d4dac7107add44
originals/apho/2023/APhO_2023_Q3__897d0121a46051f9.pdf,376224,897d0121a46051f906b7a141f9249a585c4ed3e389b7e8426194da709b45cba0
originals/apho/2023/APhO_2023_Q4__86fa88c1728aaaed.pdf,3730117,86fa88c1728aaaed3203ff1da002a519c24fd9a623fcb2d44dbc270c1da3c24d
originals/apho/2023/APhO_2023_Q5__e81d29a298f6b0bd.pdf,6493245,e81d29a298f6b0bdd0112b96b5ed66dc8116bec0eb9eefe4f916a6ab83a2fb1a
originals/apho/2023/APhO_2023_S1__b96f04c5f589bcdd.pdf,709770,b96f04c5f589bcddb0076c92f7e691786ca5f411734001136215b30546d7fac2
originals/apho/2023/APhO_2023_S2__58a38d67e7f097a0.pdf,191886,58a38d67e7f097a033c6ec735a7a231c5476ee91556605f9bb2fd8592c0638f9
originals/apho/2023/APhO_2023_S3__ece1e5c3ed1d16e7.pdf,101432,ece1e5c3ed1d16e798b12e213c0ce7e72fa5902003689143d26381c9c5a92355
originals/apho/2023/APhO_2023_S4__ce0ea1c5375d1a6d.pdf,1132009,ce0ea1c5375d1a6dd89251af7c7b7a141cdd9a4075b273cf6fddefbba38316e2
originals/apho/2023/APhO_2023_S5__b158d82e3f2197e3.pdf,627229,b158d82e3f2197e3bbd774974afb45904c092893f4b276462eaa400a41e21952
originals/apho/2024/APhO_2024_Q1__2e39c2cb44119a4f.pdf,471695,2e39c2cb44119a4f92adb2d688ac13f54d14b582956ca192d2565fee0ce64ab9
originals/apho/2024/APhO_2024_Q2__bedb16eb1c7436e1.pdf,580061,bedb16eb1c7436e141e6481a6e0a38f0db4fe4a6f15d8daa9ebb8825760c54fe
originals/apho/2024/APhO_2024_Q3__b76c445714fb8c56.pdf,5522025,b76c445714fb8c56a197163171c4f80abbc99cc2c35bed577cfd127bba74d5dc
originals/apho/2024/APhO_2024_Q4__97fcc45b99f4f004.pdf,4566675,97fcc45b99f4f0041227ff534f46554350e184ef3bbdfd2641f2287156f0dfac
originals/apho/2024/APhO_2024_S1__0479d1a959a85cdd.pdf,1240581,0479d1a959a85cdd88e3b90de100fe675b6dbe3a14aad1da131488d475b6e036
originals/apho/2024/APhO_2024_S2__bafdebf0c9cab740.pdf,1265061,bafdebf0c9cab74075b42734bceb73b32ccffc0949f629d83de4ccd67fd0e471
originals/apho/2024/APhO_2024_S3__5b275efc50597147.pdf,996722,5b275efc5059714722f09f05768797e4afb424c028e70e4767d35fb0719e5bf0
originals/apho/2024/APhO_2024_S4__c4f783d3fe3e08a7.pdf,4047447,c4f783d3fe3e08a7ad1ab994ec3d057acf091017ec17b211047ad7363bf341bc
originals/apho/2025/2025-1__1a9874034276e567.tex,8740,1a9874034276e56710eef5793bcd76c5f2b7cb116f0dbbff9ea835fcd63751cc
originals/apho/2025/2025-2__c2dce12e33b3fc82.tex,10470,c2dce12e33b3fc82cc902c8ea8e885f6b6d4bc19c499d7d7ee7fcada365c8d5b
originals/apho/2025/APhO_2025_A1__8cd8ba50fc1faf6a.pdf,109352,8cd8ba50fc1faf6ac27b8d41a2e5794e558a4189893be4d779680c8dc15d8dc7
originals/apho/2025/APhO_2025_A2__df2d6f17ccec6579.pdf,128823,df2d6f17ccec6579e004607cb10705a1a6b7892d50dd8f8875b7f63da724fa03
originals/apho/2025/APhO_2025_A3__1a3ec3d31b124c1a.pdf,269470,1a3ec3d31b124c1a46cdb19f3f8057cbe00af74f0b82c98dcc0c61d8bbc44b43
originals/apho/2025/APhO_2025_A4__72e3657baa126b0b.pdf,542059,72e3657baa126b0b26d5f0acca409b594c7926a9218453982a0f72098d2e9691
originals/apho/2025/APhO_2025_M4__7e92497fb8f5c8ab.pdf,116050,7e92497fb8f5c8abbfc2ea8e123a9982a04b2f3c7cc96cfb0e8ba5c1a87e72ab
originals/apho/2025/APhO_2025_Q1__147955df3edee912.pdf,331588,147955df3edee9127aeee3eaac3e457a33773976dca5a13c03159b4f7d28bd38
originals/apho/2025/APhO_2025_Q1_tex__1af6f7eb2228a420.zip,102507,1af6f7eb2228a4206f656dfb59cb5ea6f586eea9849940f0ad04e5c934d59ebb
originals/apho/2025/APhO_2025_Q1_tex__680952ce2767a36b.pdf,161742,680952ce2767a36b40d70ba26e00a7719c816583678ea687a95bf0147d487cb7
originals/apho/2025/APhO_2025_Q2__5d83bac49bd75466.pdf,2325364,5d83bac49bd75466a699c054a5cd70d0e141cac327bd5260733869154a20536f
originals/apho/2025/APhO_2025_Q2_tex__28b9d9c2dfe73351.zip,125938,28b9d9c2dfe7335194078b6010300e3ae2693cc47d11d4d0d7694957a3d2b884
originals/apho/2025/APhO_2025_Q2_tex__eeb003e902c6d8e3.pdf,206685,eeb003e902c6d8e3e9017919544c574b9604beed25178a25a94f3784be4d5dba
originals/apho/2025/APhO_2025_Q3__1bf6709ccd044f96.pdf,1857889,1bf6709ccd044f96985d6cb75373f6711e878046493cfcf0dda5e0c72ce68258
originals/apho/2025/APhO_2025_Q3_SolutionHandwritten__4e3ca38991984e99.pdf,2372856,4e3ca38991984e99c81fbe31f70bc731d3ebb2f7a8f931d1facf0766a82e9f81
originals/apho/2025/APhO_2025_Q4__c9c8e9f6cb6396dc.pdf,3730068,c9c8e9f6cb6396dc00257f5f7fb76171730be07678273ec8cff43e3474d93bf8
originals/apho/2025/APhO_2025_S1__2d21348ab2d688c0.pdf,294399,2d21348ab2d688c0099fb1d769c985dc6a45a89cee9de2094f1d393d882b7f36
originals/apho/2025/APhO_2025_S2__9c3b53aa167f4fc9.pdf,359388,9c3b53aa167f4fc963ca864f302afc48304016122cf6f33ec06738a6c9ab6719
originals/apho/2025/APhO_2025_S3__2e7b2dff2a82b501.pdf,276729,2e7b2dff2a82b50193208b258b1a8b7369a4b7ba7d177581088ed2a758e868b6
originals/apho/2025/APhO_2025_S4__76fb13ebe4c833b2.pdf,3581256,76fb13ebe4c833b256717deec22415fbec185adea948814274cb857046a34616
originals/apho/2026/2026-1__4ed18821327d3ce7.tex,11706,4ed18821327d3ce73876f4e4088c1ad22868ac977dbed6060c8f90b6cd8a0ba5
originals/apho/2026/2026-2__8b6f0fb925d55186.tex,11713,8b6f0fb925d551863cd45055daac5a020d8f7a29651056aa08eb5197a5be41c4
originals/apho/2026/APhO_2026_Q1__f70b8a51cfe52d48.pdf,1475906,f70b8a51cfe52d485f47ab15de9d5d440473389db1232a275bdd377652ce53a5
originals/apho/2026/APhO_2026_Q1_tex__4a7e634b4947a155.zip,198844,4a7e634b4947a1554fbf4bdb45014b34f9682f80828cd9f9c5887fb939ac2bd3
originals/apho/2026/APhO_2026_Q1_tex__d81b4b5735c3c46c.pdf,241680,d81b4b5735c3c46cdd839bc41ae0ca9f600411fede05468255513d6c9f4f4968
originals/apho/2026/APhO_2026_Q2__df0226dde76ee920.pdf,162550,df0226dde76ee920f7dcd984916e3661c79db0b62851262639b67e2ce452af20
originals/apho/2026/APhO_2026_Q2_tex__905ccb9eab7f3b1d.zip,5074,905ccb9eab7f3b1d339d8eba2ebaed5825418ed7e9125ec2f076f4b360fba417
originals/apho/2026/APhO_2026_Q2_tex__bee7638f7649f1e1.pdf,71335,bee7638f7649f1e1b08bed50e05d36ea230d9e1ede5a109a3c9821d2991eda6a
originals/apho/2026/APhO_2026_Q3__6f244f61faa5a9d5.pdf,446604,6f244f61faa5a9d564a165e9ad51385d14ca6fdb99719d45e885d2511e1d4bce
originals/apho/2026/APhO_2026_Q4__0ad0ca419f9952d2.pdf,7528547,0ad0ca419f9952d294963e7ad8b38a4c8c6ee7d2defece211c8e5b64aa10fce4
originals/apho/2026/APhO_2026_Q5__19dd68d2d384b38e.pdf,2088074,19dd68d2d384b38eb234be3ad1b4c22b44f94ac610ccaf481c4a8e2e0f77252e
originals/apho/2026/APhO_2026_S1__5beaae4ba919c327.pdf,87668,5beaae4ba919c3273d8e1621a65da7e88854ade7ca651d8c8e8b18cd19b6fa6c
originals/apho/2026/APhO_2026_S2__9259595bb70ae355.pdf,171998,9259595bb70ae3558ca91bba35ebd976702ac6ba41bd48d089bd17f40047da37
originals/apho/2026/APhO_2026_S3__8625442e0f2cfce0.pdf,151452,8625442e0f2cfce00c952f453a8daa40b8ae971c1cc0e02f3c7624a747ea557d
originals/apho/2026/APhO_2026_S4__5de7b8d8e2aecd18.pdf,147091,5de7b8d8e2aecd18b2eabbbc1976e527b25a62c09a2b3a11b6d6e34932376c76
originals/apho/2026/APhO_2026_S5__12865fbd346447ab.pdf,117174,12865fbd346447ab42a405c3ad723f39e1a0a11005e58d9bf6302364a37003a7
originals/aupho/2007/AuPhO_2007_Q1__5b08e30df935fed7.pdf,91484,5b08e30df935fed78b115eb1774771b646f2f3b164c59dcd3c61fa202cc85bf3
originals/aupho/2007/AuPhO_2007_S1__801eda6376bfc092.pdf,1086929,801eda6376bfc092bf17d603f874daa356cb4a4b3be8607c5f3c8a56e4a21931
originals/aupho/2008/AuPhO_2008_Q1-2__15d76dcd54fcd84c.pdf,377567,15d76dcd54fcd84ccbfde1a3c505f4d3e8bb6f561590c57fbbe5bd4f9b6658a8
originals/aupho/2008/AuPhO_2008_S1__a97da4a4f795e2fa.pdf,524826,a97da4a4f795e2fa7bb2357b04330378f3fc99feb1c9c48bbac12316e4415604
originals/aupho/2008/AuPhO_2008_S2__8192fc7ff733c0ac.pdf,55703,8192fc7ff733c0ac38dd288a19ca5b7b7420f50b61fba683bc5b9dbe71e4db7d
originals/aupho/2009/AuPhO_2009_Q1__ec0929b4a79a9724.pdf,136931,ec0929b4a79a97248b1056d18c4fb3baeeec6318e84ab09478aed9245cc388d9
originals/aupho/2009/AuPhO_2009_S1__545d8785edbd82f0.pdf,212244,545d8785edbd82f05781e99b7cc18845dc9c1c06b1dbb91cfb69a6552f2a05c5
originals/aupho/2010/AuPhO_2010_Q1__e3914f28215bd010.pdf,226145,e3914f28215bd01087971d60c314a9f352e29ae684d06527f9ce24f6b2985b85
originals/aupho/2010/AuPhO_2010_S1__1d923e8f889e0488.pdf,331095,1d923e8f889e0488344311bfc12925b67cdefa3ad21c3c1b3d1b2eec1cdf2026
originals/aupho/2011/AuPhO_2011_Q1__bbbcaa7e1a76d2ce.pdf,137790,bbbcaa7e1a76d2ce53602ec6c300b6eefdd91c0641b4db8c42387a604873e5f3
originals/aupho/2011/AuPhO_2011_S1__3b92ce7c9ce36183.pdf,276991,3b92ce7c9ce361830cb2eaf6caf1ffb18cf3c7afe141248b653f044600a23224
originals/aupho/2012/AuPhO_2012_AnswerSheet__9a8175852c39ba24.pdf,151175,9a8175852c39ba2445ea6f68ea3823992d936acfc146fa8d631af5503cd93eec
originals/aupho/2012/AuPhO_2012_Q1__ce73763f609cdc7e.pdf,434819,ce73763f609cdc7ead642da4f4daf3b486dd28f6c1cbcae9b7610364352dd26f
originals/aupho/2012/AuPhO_2012_S1__c6710bc471c5322e.pdf,1075788,c6710bc471c5322e2ace0051b726e144b01528ba1ab5e68b79bff89ac9f8247d
originals/aupho/2013/AuPhO_2013_AnswerSheet__bb600ee7d1ff5eac.pdf,195187,bb600ee7d1ff5eaca7b47eba0300f8d5a36f32f0b2e8974e57cd295decd0026b
originals/aupho/2013/AuPhO_2013_Q1__93fb35d419ebcf05.pdf,166673,93fb35d419ebcf05f03a08232e267ae860a5756edec601fa191ddb0474e6a1ec
originals/aupho/2013/AuPhO_2013_S1__aa0c7a2946e994e7.pdf,469902,aa0c7a2946e994e74fa181a9a69016531ed2c43c6472642e77b1ffe10a921269
originals/aupho/2014/AuPhO_2014_AnswerSheet__afe7c58c2ddc65a8.pdf,248973,afe7c58c2ddc65a8b297773923d429f14c3e4685f41e2e712d8c715e42a1cb89
originals/aupho/2014/AuPhO_2014_Q1__db69badc02ba8790.pdf,207183,db69badc02ba879058e6e66045998be72a453c78c46e2b622ad2bdbb4db6044c
originals/aupho/2014/AuPhO_2014_S1__f67e1e7035d6e07d.pdf,360285,f67e1e7035d6e07daa78b414c01d49b4e53dcf1476ac49352bb093995761d90a
originals/aupho/2015/AuPhO_2015_AnswerSheet__9c20b5278209ef5b.pdf,6931666,9c20b5278209ef5ba2571f137ee0bd15dbea15c986bed593aba7a13b57040986
originals/aupho/2015/AuPhO_2015_Q1__5e4942537a984076.pdf,2245462,5e4942537a984076ffdf0a4cd6c88660cd0d577cbdb51553252a944e6214ca17
originals/aupho/2015/AuPhO_2015_S1__10b2bd9e64e276ec.pdf,2359386,10b2bd9e64e276ecb255509359b59ddfc08cd27f5a27f0322f9d3ab1817b3f5c
originals/aupho/2016/AuPhO_2016_AnswerSheet__f9501a4ed6fecd15.pdf,3631772,f9501a4ed6fecd15ec7640487d09f4441608f8ee23bfd214ff576be6af8207a7
originals/aupho/2016/AuPhO_2016_Q1__be6f8ea23d7bd227.pdf,3963941,be6f8ea23d7bd22733b201cfa83cffe546e92aea65dae5edaf63d6d5f8f8ff06
originals/aupho/2016/AuPhO_2016_S1__815cbf814bab1c23.pdf,719531,815cbf814bab1c23604d0f10456b9c3c381f0e75c088a27d95b76e3f52b4347a
originals/aupho/2017/AuPhO_2017_Q1__56b6533040a18df4.pdf,3713786,56b6533040a18df40e13aaf604656d33d65ab9c48700ecb0cde639c51a1ba17a
originals/aupho/2017/AuPhO_2017_S1__7d3ebdb320985bcf.pdf,551568,7d3ebdb320985bcf2a8df87df2ae67400ad41b5b7d7cc50a5bfb9872d98ddf98
originals/aupho/2019/AuPhO_2019_AnswerSheet__335e03a4c17bec60.pdf,8609502,335e03a4c17bec60021d2215b94a68cc0ff6149e1c8f807d85cd039af8eb17ac
originals/aupho/2019/AuPhO_2019_Q1__dab9c87b51930664.pdf,4071186,dab9c87b519306646dd90869686cd905985b8f64da24ed92ba9f28e804711e16
originals/aupho/2019/AuPhO_2019_S1__c1d891f196ec57b5.pdf,964402,c1d891f196ec57b53ef87df4e6f37ff441db54e1bff198e35080c12c6e206703
originals/aupho/2020/AuPhO_2020_Q1__ba52359793629df0.pdf,1423568,ba52359793629df06e4f79746c9533227a9959f288dcbad85b9246583958c8c4
originals/aupho/2020/AuPhO_2020_S1__f27df232bbabf802.pdf,555716,f27df232bbabf802b4b01b492e291d6c9c63e0f34d2150c624054e33aa48f670
originals/aupho/2021/AuPhO_2021_Q1__4a48339b6ecfbdf0.pdf,1633063,4a48339b6ecfbdf04d5b8b1b431017d83cb4852230af16f41e1f80b19be2d865
originals/aupho/2021/AuPhO_2021_S1__0266196b208fe287.pdf,832110,0266196b208fe2878280136ab90eaf1af4864a8f70a88907ee16e9a811603fb3
originals/aupho/2022/AuPhO_2022_Q1__13863a631b62a206.pdf,1587918,13863a631b62a206c9de9c4c666fffe87272df83e4bb8f43c2eee7d5c7daf6d1
originals/aupho/2022/AuPhO_2022_S1__601c971c9edec03e.pdf,358225,601c971c9edec03e328d0f1514c425428eea8536e2ff310e13f061f2a4b65e0f
originals/aupho/2023/AuPhO_2023_Q1__c7fd2897b5ffb2e8.pdf,2276543,c7fd2897b5ffb2e85217f8afcf916f8e0fe8ec80c2c33c8a58efe3096ea6faa1
originals/aupho/2023/AuPhO_2023_S1__c82531b7fee6f512.pdf,935458,c82531b7fee6f5121b1837fdef744d27b08b86d4531c05414ab74e2a3e4cfc30
originals/aupho/2024/AuPhO_2024_Q1__4d4c93156573a22f.pdf,739394,4d4c93156573a22fb6876e25f1a38df5c959da246d8af0560d6be762fb52ff75
originals/aupho/2024/AuPhO_2024_S1__ec41138f0f8242da.pdf,581349,ec41138f0f8242dac953764b70668f21c715423631c4661b27eb0ddfa6cb1138
originals/aupho/2025/AuPhO_2025_Q1__7633455b86a64c02.pdf,761385,7633455b86a64c02b3034635a45d636ed09cb060d8f04feb5d3f2b1a7593b33c
originals/aupho/2025/AuPhO_2025_S1__4a8b18803fac2e7f.pdf,983648,4a8b18803fac2e7f12ad9db95735e0875650b3ff0b7f48f409d55908a44c6f7e
originals/azpho/2020/AzPhO_2020_Q1-5__7805110f2b9bdd6a.pdf,178866,7805110f2b9bdd6a4c612e897690ae0dbd741952f0534ccc25872864a71c1690
originals/azpho/2025/AzPhO_2025_Q1-30__664918b3a3822217.pdf,2490810,664918b3a3822217439b248e0ffac740ca17d6da6f6e6056b6ba5ec46c320aeb
originals/azpho/2026/AzPhO_2026_Q1-20__d30143b9d89a521c.pdf,2151684,d30143b9d89a521c02b71e50b034f821b797724c146be9cc29744318c56fc44e
originals/baupc/1995/BAUPC_1995_Q1__a2dc3f4f2c466e77.pdf,289921,a2dc3f4f2c466e77abd0269233e33c2732667419596bf92a24b16805691f3262
originals/baupc/1995/BAUPC_1995_S1__b785cf19b1de670e.pdf,751879,b785cf19b1de670e2eb877cdec42a4119a73b166e0e874c4cd5d2becacb0ff79
originals/baupc/1996/BAUPC_1996_Q1__905711205a548329.pdf,517200,905711205a548329c140b3168e128ca63122da81fcc5062f3e121923c815198b
originals/baupc/1996/BAUPC_1996_S1__382406677891b1ed.pdf,964430,382406677891b1ed18a863707ae8b6d66c5f2f2d9572de6a15cca5ee5b993ef2
originals/baupc/1997/BAUPC_1997_Q1__dfc13c25a5078678.pdf,765485,dfc13c25a507867824bf74a0b33f5530772ec84aa24007f60a91100304a18121
originals/baupc/1997/BAUPC_1997_S1__0a2f04d0c56dc0e6.pdf,1174636,0a2f04d0c56dc0e623d88804cb73ebb08c553e7e794664a80b90da7a22f75d4f
originals/baupc/1998/BAUPC_1998_Q1__39d653a4c39cc891.pdf,241036,39d653a4c39cc89171c6cc8a9a4e05fe75d3d3eb64ffef77c350af75d295f195
originals/baupc/1998/BAUPC_1998_S1__b9618788edccd60f.pdf,1024600,b9618788edccd60fda8b11a1ba0ededfe8bf06a3f47bdf3114430a62b6641ee1
originals/baupc/1999/BAUPC_1999_Q1__6a29ec8f38e6f406.pdf,64301,6a29ec8f38e6f406729e8a857b2bbc417cc87d5d2e8c0213af312186f30ed43a
originals/baupc/1999/BAUPC_1999_S1__02a7af80fb3eb090.pdf,180866,02a7af80fb3eb09053854ba3fb1a12cdf8636aed10c0c0b2eac24f38a8d3b958
originals/baupc/2000/BAUPC_2000_Q1__a4f633140fd3956b.pdf,61473,a4f633140fd3956b748077a86be61a6a28fca58156c0733b09a55f1b10d4bd25
originals/baupc/2000/BAUPC_2000_S1__9f198eda078d673d.pdf,191588,9f198eda078d673da0f532eea26298b3e980ad724b843c50faecdbeeb535856e
originals/baupc/2001/BAUPC_2001_Q1__15ad6a4f9aa9791b.pdf,308104,15ad6a4f9aa9791b086ea3df8277131d4ba8e20f6af6a5e055f112d5f3e968e0
originals/baupc/2001/BAUPC_2001_S1__b60c424efaefcef3.pdf,113511,b60c424efaefcef3bdf2ffebd9b3e46a439afdbfe50bd0acbe45f0e7f9305b07
originals/baupc/2002/BAUPC_2002_Q1__f6d033692f222eb4.pdf,65278,f6d033692f222eb44bba07e7614f4b715c85d200044fb9eca1364715048dc267
originals/baupc/2002/BAUPC_2002_S1__dcc742a387c9275c.pdf,94086,dcc742a387c9275ccd84dbd4ac6c841001466ee23c3e9309aed696bdee0a5faa
originals/baupc/2003/BAUPC_2003_Q1__e4d6f3dca986b3ee.pdf,39335,e4d6f3dca986b3ee62f9b5bcd366536a4c4b62cebf6a2ef58093c6fd8859d691
originals/baupc/2003/BAUPC_2003_S1__8e4b5788abf1b9fe.pdf,185271,8e4b5788abf1b9fe2de9d9beebf0c4e1217b441ea1cb92e393c5742ad6530039
originals/baupc/2004/BAUPC_2004_Q1__3718f60c0e82ec7a.pdf,66414,3718f60c0e82ec7ae38346f1c9c232fb6b91a6ab1a9dff7822f43fec73789d92
originals/baupc/2004/BAUPC_2004_S1__6dc0f515c9d3437c.pdf,154517,6dc0f515c9d3437c17e445a0613f5b2ec245130677229a37a3f97e7f9bc62382
originals/bpho/2001/BPhO_2001_1_Q1__30de83945869f666.pdf,357543,30de83945869f666b05739302cedcfa8a66d80f1ab489f0cedb478bcd89011fb
originals/bpho/2001/BPhO_2001_1_S1__c44b544a9796329e.pdf,1716119,c44b544a9796329ed7b81189b7ebae3114d23f5f6dffd74ab7269b60b4ecfdfb
originals/bpho/2002/BPhO_2002_1_Q1__54ba076da23a990e.pdf,1728701,54ba076da23a990ec0c9a712ac6bc1f9e83d44eebf7c82b6faf3a20347a657f6
originals/bpho/2002/BPhO_2002_1_S1__eb8f20a78f6ba9e8.pdf,4840161,eb8f20a78f6ba9e8bcc963a3cb20416ee58cb6794478dbe264701d6c6fc8898f
originals/bpho/2003/BPhO_2003_1_Q1__e56daf4d01a45061.pdf,1612237,e56daf4d01a450617513bd47584484878c5471c2eb342ba5358e392fafea0807
originals/bpho/2003/BPhO_2003_1_S1__e806e0cdaa699031.pdf,2091599,e806e0cdaa699031e539388a6e8ae4140198096e7ec820035f7ace24e814af10
originals/bpho/2003/BPhO_2003_2_Q1__da88e22fbc6f4986.pdf,200819,da88e22fbc6f498678f2097f9006fed03f55ca4cfb6c1f085b9ab24cb2b10175
originals/bpho/2004/BPhO_2004_1_Q1__f6fa54a92f5cf48d.pdf,391407,f6fa54a92f5cf48d0387ff913aa1529d3a44bb32a51ff6e3e44ff1a5327a0dba
originals/bpho/2004/BPhO_2004_1_S1__eed6761dee1ae817.pdf,946041,eed6761dee1ae8177e97a8d18cba39068ba4beea7666257276c2bdc45ce8af8d
originals/bpho/2004/BPhO_2004_2_Q1__459279444b1352ec.pdf,282041,459279444b1352ecdf0471a8c6c47aa9e5a5d3d11bdafc3a7571fadce91dbfba
originals/bpho/2005/BPhO_2005_1_Q1__48dc659e9e1bc1b2.pdf,328646,48dc659e9e1bc1b22769958e4c654804813346e199d14bd93aea76065d75bbdb
originals/bpho/2005/BPhO_2005_1_S1__4b4589eb5ddc340f.pdf,1008096,4b4589eb5ddc340fe62f0cb1bdf3275d4e17875f8efc2c1f16b7b50deb36b11b
originals/bpho/2005/BPhO_2005_2_Q1__7dbf0e6843de0dce.pdf,87843,7dbf0e6843de0dce3fe2c4a82d51d3872381b17298f590bf578e44bf1d13282a
originals/bpho/2006/BPhO_2006_1_Q1__46b68cb6d10fe17e.pdf,322463,46b68cb6d10fe17e44517b904ef4ff6c154e0aa717b1e4ec189de93e91f7cccc
originals/bpho/2006/BPhO_2006_1_S1__74e06bc653d87442.pdf,886124,74e06bc653d87442e66682a77994b5dc79adaf9786b2d5648756f9f19aa2ebbb
originals/bpho/2006/BPhO_2006_2_Q1__fd09f7077efa81c3.pdf,205407,fd09f7077efa81c3172246d5bcda9ef20338b52d9f55b69fad47f7ee88d36eeb
originals/bpho/2007/BPhO_2007_1_Q1__7b881ebfec008e31.pdf,375431,7b881ebfec008e31a835ffbdf9ed51068c3e6a721d968dc0b1c210d5bb4a1340
originals/bpho/2007/BPhO_2007_1_S1__78d42681293a7082.pdf,635584,78d42681293a7082a779012584c3b664585964fccb991350d6e1d8f5abb2633c
originals/bpho/2007/BPhO_2007_2_Q1__3f482eef81a368ee.pdf,187653,3f482eef81a368ee23ee582f7e5bd541304bbe0e1fa5b27ede59f67a5bfa3784
originals/bpho/2008/BPhO_2008_1_Q1__d9733239ce1dd048.pdf,372179,d9733239ce1dd04821b4959a306ee3387ceb5bfda626e199fce7b3726148e750
originals/bpho/2008/BPhO_2008_1_S1__01fc6f9b5f1d795f.pdf,615457,01fc6f9b5f1d795f7878cb684d9adcff6f6c900701fe880db482f4de44b49a02
originals/bpho/2008/BPhO_2008_2_Q1__9a85f97101da2254.pdf,210235,9a85f97101da2254ec0fbc5e6ee963f4dcd9e867e2d871bb09232828c3e28533
originals/bpho/2009/BPhO_2009_1_Q1__772d53d148e8a706.pdf,163217,772d53d148e8a70633d5a4f359cf6c52192274a6292a53c83b0e08bcdabb1e68
originals/bpho/2009/BPhO_2009_1_Q2__78491134e95977d7.pdf,424799,78491134e95977d78f6b80176bb1847a9f44d473cdc670aa7a7c22eda660f001
originals/bpho/2009/BPhO_2009_1_S1-2__8ca13e0bc9be748a.pdf,488909,8ca13e0bc9be748ad9f8180bc6de43f0d856e34b5715499643f0f23cc81b47b0
originals/bpho/2010/BPhO_2010_1_Q1__1d00b152ba4c7a77.pdf,191025,1d00b152ba4c7a771d293edd9fb0ae831e2377549eef77da57c33c01bd7bbaeb
originals/bpho/2010/BPhO_2010_1_Q2__ac9b0ec07d481917.pdf,332070,ac9b0ec07d48191781feca35364ee4e50442b7d9d4f1b9ada9e3f8d558a8939b
originals/bpho/2010/BPhO_2010_1_S1-2__c722cbe92d5b8147.pdf,785908,c722cbe92d5b8147d9d0ef1306aff51566221a778945a9aded6b619c0751bbed
originals/bpho/2010/BPhO_2010_2_Q1__5c0ca18fcc5c8cbf.pdf,390404,5c0ca18fcc5c8cbf9f07ba15077297648ace93d2a0ffd92067641be893985e0b
originals/bpho/2011/BPhO_2011_1_Q1__e55e7336fe7e4e83.pdf,676816,e55e7336fe7e4e832b3f22f5d6c3d1f6cc09e139590792c3b86754e45b098196
originals/bpho/2011/BPhO_2011_1_Q2__1781698da0ed4b97.pdf,750554,1781698da0ed4b979bceacd69e740992f2fc651e5c05f4686701e6c36980d00c
originals/bpho/2011/BPhO_2011_1_S1-2__358e282242fac630.pdf,1343538,358e282242fac6300d2e0927d4dc28ece3d3184a2b56c1ef4c92a967e156c7ed
originals/bpho/2011/BPhO_2011_2_Q1__36f37cd7073b1b7c.pdf,336072,36f37cd7073b1b7c53a555f7c8492eed19f29e0f5bd4dae031377375f4a9e176
originals/bpho/2012/BPhO_2012_1_Q1__510f957ad706a795.pdf,439443,510f957ad706a795d7f41dca94ecd4b224cd855c0039ce17fce066f7343faac7
originals/bpho/2012/BPhO_2012_1_Q2__dcb7ef67cf454e7f.pdf,517626,dcb7ef67cf454e7f868c22d3ca41bf7249507d15d4eefd1e7cf9bf21cd796567
originals/bpho/2012/BPhO_2012_1_S1-2__f6517908ccc0f9c0.pdf,2012617,f6517908ccc0f9c0c3fe9a705800ec6077f90571aebbce73eb683fc649a98850
originals/bpho/2012/BPhO_2012_2_Q1__99b2e4f7ca76745d.pdf,806638,99b2e4f7ca76745dc5385fcf4832105eb5e60dd085ec5b5f8e2ba5c19f0ca4ae
originals/bpho/2012/BPhO_2012_2_S1__55a2d665a2401ea2.pdf,894582,55a2d665a2401ea2d30b3e0cea064859e749b28b2820649531bdbe06d877d44a
originals/bpho/2013/BPhO_2013_1_Q1__b641181be5a0f701.pdf,600022,b641181be5a0f7017419724960e5ba0b9026cf1fcf14c510d7d8f4b08b7e9961
originals/bpho/2013/BPhO_2013_1_Q2__7db0bc24a77763f5.pdf,606005,7db0bc24a77763f570e783aec717c55f341d226b035d0374b98c387e8545c6e4
originals/bpho/2013/BPhO_2013_1_S1-2__1a998a125b03f929.pdf,1233819,1a998a125b03f9297c269c6580797fdba07a6c2809769856fb80a88d069742a6
originals/bpho/2013/BPhO_2013_2_Q1__c0b46c34d6af8dc2.pdf,431443,c0b46c34d6af8dc2ea259b54ce6709aeb72967d267ad9aeb08949e83bfd81fbb
originals/bpho/2013/BPhO_2013_2_S1__98f48e44b7cb85d3.pdf,187260,98f48e44b7cb85d3833ee396e0b2c2263f5bb8c10f3f2d11bffaed52949a1573
originals/bpho/2014/BPhO_2014_1_Q1__998b3c91d4cf3ed2.pdf,467638,998b3c91d4cf3ed2ea23c8ffc6e383d6eb902cf73df092f9a967bfbedc129f58
originals/bpho/2014/BPhO_2014_1_Q2__4c6a53e6465e5039.pdf,321450,4c6a53e6465e503902261b3de466c413a6d2ae1020a75d8441ff84230e376cc3
originals/bpho/2014/BPhO_2014_1_S1-2__c106a2166587452c.pdf,3743269,c106a2166587452c196d8c9752d6f77f2391f7f91e7cfb8463afa7c4ca99b117
originals/bpho/2014/BPhO_2014_2_Q1__d382657a005a827f.pdf,257592,d382657a005a827fcf9083a9f7fa03e0fd17935cdb1c5edd49adec4410b41efe
originals/bpho/2014/BPhO_2014_2_S1__57aadd24bee394e6.pdf,746022,57aadd24bee394e641c18f44ba7ff6a0b5910f3b0093567c6c718eeeb8aac813
originals/bpho/2015/BPhO_2015_1_Q1__fd8757e5f1e9be64.pdf,153983,fd8757e5f1e9be64b85c9850a9b4d0d446fe8e2de43e953e6000608f8101a4c5
originals/bpho/2015/BPhO_2015_1_Q2__24f1cea584ee5a65.pdf,370603,24f1cea584ee5a651cd5b07c8605b5ecc61decd4e201c7f5ef0f1f527a95c420
originals/bpho/2015/BPhO_2015_1_S1-2__9027e54607545b6f.pdf,709562,9027e54607545b6f6692f3981f89833d6e7cedab32c13dec6d6fb3be06b67278
originals/bpho/2015/BPhO_2015_2_Q1__3aaf8e5130d3ca2e.pdf,714347,3aaf8e5130d3ca2eabcb924a803c6c488b888eb5578b648eb57765535858a26b
originals/bpho/2016/BPhO_2016_1_Q1__5c759374700bdc95.pdf,1089469,5c759374700bdc95d712989e1e1efbb22b37a25305eb5fce2f402dea91e82769
originals/bpho/2016/BPhO_2016_1_Q2__3f1be1e118ca8d92.pdf,2026579,3f1be1e118ca8d92c0d5e1ced5232629e2c366e2ab4cc047c7e07942afd6cab0
originals/bpho/2016/BPhO_2016_1_S1-2__abaf2a8378610820.pdf,1158126,abaf2a8378610820bf7032062dbaf1fc7415da3016aacf34bce17dc0c92171cd
originals/bpho/2016/BPhO_2016_2_Q1__5b6169b50db56f1c.pdf,1507282,5b6169b50db56f1c7c4c0619cdedc4ef78f91e07d1e0c770053e7873a20e875d
originals/bpho/2016/BPhO_2016_2_S1__c33003e15c5afbe0.pdf,331294,c33003e15c5afbe08909d41ec401eae127ea1895b4a3d5db94b2833394c1dddf
originals/bpho/2017/BPhO_2017_1_Q1__b31223322729157b.pdf,1218710,b31223322729157b7796dbb2cb57eb17ac94f5cc6d48ee477170927606c885e3
originals/bpho/2017/BPhO_2017_1_Q2__4f11964026af7733.pdf,1431809,4f11964026af77337ef52680d31bf2d946fc354b1b5772ea47aa981702d50188
originals/bpho/2017/BPhO_2017_1_S1-2__993e2e79e314de31.pdf,1171699,993e2e79e314de319aaadee7d75c56f6722f3889c2c8007b90913b65ba7bcf1d
originals/bpho/2017/BPhO_2017_2_Q1__9c6bf1335c5721b5.pdf,888612,9c6bf1335c5721b5c574d1cdec205b95fd1667f12ddfa881a61d09294183ad17
originals/bpho/2017/BPhO_2017_2_S1__73a39ec4409584f0.pdf,958255,73a39ec4409584f00feb7f19fb20503faa62a656e8b6aa47bb9b96b84dcdeab0
originals/bpho/2018/BPhO_2018_1_Q1__30d7636bf85d1153.pdf,792147,30d7636bf85d1153b99d633a0c9a6731903db5a710c067eaa8aa2b695cd6f6f0
originals/bpho/2018/BPhO_2018_1_Q2__def6a30f0371e41c.pdf,1289040,def6a30f0371e41c68e1c79b8b751aed4198f8e7b208852b584f93e4647b5529
originals/bpho/2018/BPhO_2018_1_S1-2__b8418276e01cecef.pdf,660876,b8418276e01cecef58b4a2b3e387a69dc379ff822ac295f8a45bafdb26cbb629
originals/bpho/2018/BPhO_2018_2_Q1__cee8c8eeea40b668.pdf,3235516,cee8c8eeea40b668c673e48845d03b348bbd01a6002bcc578e40140dbc4b38e9
originals/bpho/2018/BPhO_2018_2_S1__6554b9e2444bcbb2.pdf,3406925,6554b9e2444bcbb2026a56b13da6edb4c485ab4d1be83fd1e4d5871fbd21bc9d
originals/bpho/2019/BPhO_2019_1_Q1__d48e5bd5bfd4e554.pdf,769091,d48e5bd5bfd4e554f922ceb0e7b1ca38209bb2835af3b6b440b7e758094198a2
originals/bpho/2019/BPhO_2019_1_Q2__a0d0dd6865a90c53.pdf,1324147,a0d0dd6865a90c532ccb08a3c25dbeacb7216fc9eab7bd55acc8008126b06059
originals/bpho/2019/BPhO_2019_1_S1-2__2da51ae035e7d611.pdf,2035031,2da51ae035e7d611294338a1575cfa45c2511ce4a1eb742ea55ee32a500bfc13
originals/bpho/2019/BPhO_2019_2_Q1__c23a135b0cfa427b.pdf,985896,c23a135b0cfa427b1aeda31048c8ab0893778aec21e03eba061850e31ea2a61a
originals/bpho/2019/BPhO_2019_2_S1__d9ae298105d19a58.pdf,1980811,d9ae298105d19a58c4d72f0614cf48f8dbfb49c452d07b423f517478a967d272
originals/bpho/2020/BPhO_2020_1_Q1__eed199f256590742.pdf,407754,eed199f2565907423472e1b60c7a879b9b4b232e683d85466c39eb8cb1bbd3d0
originals/bpho/2020/BPhO_2020_1_Q2__dc6f7e40d9789e06.pdf,775744,dc6f7e40d9789e061c157bfc6408f0cc84a28eaefad10710286d8fdd74172044
originals/bpho/2020/BPhO_2020_1_S1-2__a6189c2667d2c764.pdf,1844375,a6189c2667d2c764305665d9b151879f75a2fc717eb705905d456a2a8e424b63
originals/bpho/2020/BPhO_2020_2_Q1__5657c151d6b2f6f6.pdf,1277202,5657c151d6b2f6f6027cc686664558c8dd4f27e05c19d77b8d0eecfef6d1f2a5
originals/bpho/2021/BPhO_2021_1_Q1__21b3b6472025052c.pdf,814795,21b3b6472025052c4434f950589616d58fdcee1a0e6b2b5926f17963198c2e45
originals/bpho/2021/BPhO_2021_1_Q2__e05aecfa841386cd.pdf,1412939,e05aecfa841386cde6e1c7c734bbadeaeef545b0804223448bc55b3b551f090a
originals/bpho/2021/BPhO_2021_1_S1-2__871d91f275e95985.pdf,23545371,871d91f275e95985f591741c4c71d247deadc6c95194ea2b66b060526a2dbd14
originals/bpho/2021/BPhO_2021_2_Q1__08285328de1620f4.pdf,293225,08285328de1620f4383434cfd24080717dcb3fe7048ae139a6faa5e1f4c0606d
originals/bpho/2022/BPhO_2022_1_Q1__493329db9453d932.pdf,1084951,493329db9453d93240b4c9ec3a6a4540d814125a9038420340682fd638445ff8
originals/bpho/2022/BPhO_2022_1_Q2__3904ca542f850302.pdf,1629618,3904ca542f850302c7b44e1644c04f67fc9fc2905b31fee9b6a565c82924a8c8
originals/bpho/2022/BPhO_2022_1_S1-2__277feda1e51b1c88.pdf,1745572,277feda1e51b1c8863ce818e3650dcd573be52b59bea89f1bf10be6c21e5c12d
originals/bpho/2022/BPhO_2022_2_Q1__705a240dd95c44a4.pdf,4412991,705a240dd95c44a46aeb6e198dbc416d165d83c88106935337bdafba429a3fe3
originals/bpho/2023/BPhO_2023_1_Q1__23c72726b4cb40e9.pdf,1103308,23c72726b4cb40e98dd0bd5c8d9e3586049431b1465b64cdfd2e6d5d8f85f9ae
originals/bpho/2023/BPhO_2023_1_Q2__319b14fe8b76f37a.pdf,4327117,319b14fe8b76f37a36038b17c1ad8415340da85af4ee0a67c412d5d95afaf8d3
originals/bpho/2023/BPhO_2023_1_S1-2__f0de23ecb636a8b2.pdf,549265,f0de23ecb636a8b25f43c1a0a4cf9b1c3a4f0ecd5ef2bbeddf807f4c651b39b3
originals/bpho/2023/BPhO_2023_2_Q1__e45ef9021cf81d7d.pdf,3290798,e45ef9021cf81d7d9a39115f172c2f9370797f1daec8f2df8f1e75162868a1e6
originals/bpho/2023/BPhO_2023_2_S1__7f22122633bef835.pdf,294539,7f22122633bef835a1bdc985a31c8ecd90cfa25f190ceed819318edd06d4d6f1
originals/bpho/2024/BPhO_2024_1_Q1__e7646de3d50dbdce.pdf,422530,e7646de3d50dbdceea6953dfc9cd1c0223719066331d6f3cc2343f21c557dc7a
originals/bpho/2024/BPhO_2024_1_Q2__16415b2e871abe1c.pdf,1041805,16415b2e871abe1cdc00ccb1e45a0b117e6043eea01560ddeecc1b5e5f8e0858
originals/bpho/2024/BPhO_2024_1_S1__13f3614bea453c9c.pdf,436660,13f3614bea453c9ccb78d3eb91c33d5c9bbd181e11b218f993c048791c24530e
originals/bpho/2024/BPhO_2024_1_S2__697a0224c694a815.pdf,592466,697a0224c694a815fd361b8c09cdc5c6fadfb87c132b6a35a138fba20f037b72
originals/bpho/2024/BPhO_2024_2_Q1__7178f1683d9ff9ec.pdf,4116076,7178f1683d9ff9ec4c5d797e06c46fa23e30a6666d59f65ffb0cf820ea7beeac
originals/bpho/2025/BPhO_2025_2_Q1__371aca1b87490e70.pdf,850913,371aca1b87490e707274055e3811fa8c1356e4d12a43751cffd7253d602c4975
originals/brtst/2021/SOIF_2021_Q1-6__472497ab6b8c1027.pdf,739497,472497ab6b8c102771d1d7056ca49fbfbc03f39e4b4d43947ec7aa05d354f182
originals/brtst/2021/SOIF_2021_S1-6__1191b7b7dafd8b1f.pdf,371003,1191b7b7dafd8b1fe92f35418dcc19370def5e4a74af9a1b467d8c6d53a4d4b2
originals/brtst/2023/SOIF_2023_Q1-5__12ab9d23de30dac3.pdf,613774,12ab9d23de30dac3c529a3a9634279b7ca310359a466f7ba2a10cc392baeb775
originals/brtst/2023/SOIF_2023_S1-5__1d09e7ab15766dd6.pdf,235461,1d09e7ab15766dd66e8e7d64c930d7075b0b1b1b54a8466191d6c98c3c1d29b7
originals/brtst/2024/SOIF_2024_Q1-5__a3c7a29f8f73afca.pdf,612299,a3c7a29f8f73afca85b448436fb11422498440b76821118edc47860617e0f6db
originals/brtst/2024/SOIF_2024_S1-5__b90b87ddeffaba82.pdf,257606,b90b87ddeffaba825444cc637aa4551e528615834b271931659a307379cd2cd0
originals/brtst/2025/SOIF_2025_Q1-5__765e2d55f17e69aa.pdf,682086,765e2d55f17e69aad3fe828fb973debc1701f8c203f75eea9322b441122e5e8c
originals/brtst/2025/SOIF_2025_S1-5__c2dfda7d5dab69b9.pdf,1737032,c2dfda7d5dab69b9cd901f58b9cdd287c86310521533557472ee98444f97e933
originals/brtst/2026/SOIF_2026_Q1-5__c53e74c3de916c9b.pdf,759580,c53e74c3de916c9bcbc01982f10c59ad806deb1b72ba601773974d0ac386b904
originals/brtst/2026/SOIF_2026_S1-5__a79b3167fb061970.pdf,522264,a79b3167fb061970e72309fcc339f3994aea15ebf334ebff248a30850c51e5e6
originals/cpho-f/2003/CPhO_2003_Q1__52f8a891d6129bec.pdf,2307080,52f8a891d6129becf4d21ccb60f46997cedf9aa50123ffd147294cedcb121b63
originals/cpho-f/2004/CPhO_2004_Q1__88ce9d79f80b87be.pdf,2552691,88ce9d79f80b87bef5b73afef7dfe392905e2ee01c7fed4cdc9b50f5ad0ec359
originals/cpho-f/2005/CPhO_2005_Q1__0480b7bd2f896a53.pdf,404168,0480b7bd2f896a53c6f83d18a2b68d08baaeb11f5c7809965ea8c674f3664690
originals/cpho-f/2006/CPhO_2006_Q1__4ca77258299918a4.pdf,282451,4ca77258299918a44f26320027466b81cc70c97e7e467ee190282be0f4516042
originals/cpho-f/2007/CPhO_2007_Q1__2e30b56ab9274363.pdf,505784,2e30b56ab9274363686cbf5bc1ef7532dcf579e0703de2c01098b003ab70cdd9
originals/cpho-f/2008/CPhO_2008_Q1__4e076fb9234683d0.pdf,585939,4e076fb9234683d028792190bcec56f12de72890da6c0e44ddf0e9146013459d
originals/cpho-f/2009/CPhO_2009_Q1__344d96439e695649.pdf,574121,344d96439e6956495b50cbf8d94af7023c9e7970cdda7a1222ab47a42468dddf
originals/cpho-f/2010/CPhO_2010_Q1__345dfd46708d6ce1.pdf,559581,345dfd46708d6ce195d60dd82c31f1511f61940db92075a0d28c832c3fb2d335
originals/cpho-f/2011/CPhO_2011_Q1__834cf89c87442874.pdf,417624,834cf89c87442874b76a8aba714d814440b413fe1b3cde98ff773ce1ce72ff48
originals/cpho-f/2011/CPhO_2011_S1__fcf800c80d52d575.pdf,797105,fcf800c80d52d575811dfa5105449001020956b050b44dd5914565970506278f
originals/cpho-f/2012/CPhO_2012_Q1__594456a968761128.pdf,1346170,594456a9687611282bbcd914affc2477a20ffa1a92379dadcfb531c8e4f5b5be
originals/cpho-f/2013/CPhO_2013_Q1__c84bf68c392fcb6d.pdf,258690,c84bf68c392fcb6d58ea275f64853223aafd46c974dd5f2c7cb1217f8373c4c1
originals/cpho-f/2013/CPhO_2013_S1__115e1b09220e93c6.pdf,234862,115e1b09220e93c65738f086bd1def0b62e71fa3b2ca7ad5392b68c3fdcab83c
originals/cpho-f/2014/CPhO_2014_Q1__7502a69152fd7623.pdf,385713,7502a69152fd76236b0d0a21a3d5b3811dec50bc0714592cfe21a6b67cacf74b
originals/cpho-f/2014/CPhO_2014_S1__e8c27c8b10744000.pdf,277914,e8c27c8b107440007f77681c14815a3e716b0e59aa8661234644cc65ed3118f7
originals/cpho-f/2015/CPhO_2015_Q1__59b01e7f1bf3e94a.pdf,427875,59b01e7f1bf3e94a146234bae462a6be4e48169bfd521677c89eae4023e5db52
originals/cpho-f/2015/CPhO_2015_S1__392187c00a2104df.pdf,435520,392187c00a2104dffb22f073677158d789504f9938077c99198ea0a197792f5a
originals/cpho-f/2016/CPhO_2016_Q1__f64f49cb44a48be8.pdf,715115,f64f49cb44a48be83bd1e756aef2a49aee6420ab8c491ea75175a950fb0e9baf
originals/cpho-f/2016/CPhO_2016_S1__2917d3086d3e7ba5.pdf,296544,2917d3086d3e7ba527b5a617d9e67e888ac07acc4789b0405d1df5b31301dddd
originals/cpho-f/2017/CPhO_2017_Q1__1e342d299c08c707.pdf,165953,1e342d299c08c707cc54571a28d9e2f12087c88044f82c891f45334b95e41abd
originals/cpho-f/2017/CPhO_2017_S1__bc83b203266ba115.pdf,289198,bc83b203266ba11511af072d3a4cab11975ae225d73512b29ae102dd855701ed
originals/cpho-f/2018/CPhO_2018_Q1__60125a86bd46c516.pdf,159694,60125a86bd46c51641172b8518c97f1ffee213128cdfe30f0fd42009ee861336
originals/cpho-f/2018/CPhO_2018_S1__e1d091acb7ef6d5b.pdf,515207,e1d091acb7ef6d5b890cf997c97da07586ca6ca7c8885161d9c06227e68919ad
originals/cpho-f/2019/CPhO_2019_Q1__e93b019d5bc48cd8.pdf,678250,e93b019d5bc48cd890c82696ff766ec02a6311b46854fb9c87724e82a5c34255
originals/cpho-f/2019/CPhO_2019_S1__e69e5c8965005559.pdf,484026,e69e5c8965005559000cf608cc9bacac917ab158e12e1f0081bab51516a2661a
originals/cpho-f/2020/CPhO_2020_Q1__5759ef1bcc4d0cdb.pdf,465524,5759ef1bcc4d0cdb0d71c2f93a6695249fa64b969483cb560c3be8ad37c277f0
originals/cpho-f/2020/CPhO_2020_S1__1f8200d1280aeeaf.pdf,808904,1f8200d1280aeeaf21eda094bd30e16233b2bce1cdef915264a01e324782d508
originals/cpho-f/2021/CPhO_2021_Q1__c24bb19b96742980.pdf,459706,c24bb19b967429802bcbd298762f9d8d1516acb2f769dd13efeabde859998541
originals/cpho-f/2021/CPhO_2021_S1__745b499caed3ec9e.pdf,420091,745b499caed3ec9e6083fd1be13329b54e8778e679e91c2579a56aadaa1db596
originals/cpho-f/2022/CPhO_2022_Q1__da656d25ae2d3a47.pdf,361014,da656d25ae2d3a47bd99713802e95c515a8fd6838bfbbf75e4e250069d63b3f8
originals/cpho-f/2022/CPhO_2022_S1__7c5a44576a2956a9.pdf,482018,7c5a44576a2956a98341380a72916e833c176410f0b23d22fb70c7554e8ea1dc
originals/cpho-f/2023/CPhO_2023_Q1__4714bc2fc8c7255c.pdf,839226,4714bc2fc8c7255c02be60c9833e0ef89e0a51ac9a11c334df3d45959861e5f9
originals/cpho-f/2023/CPhO_2023_S1__3f3547d9a0cf324f.pdf,540794,3f3547d9a0cf324ff224bc0f913ebf54f65273630fc00dc734f44f30b1a0cdd2
originals/cpho-f/2024/CPhO_2024_Q1__bcc819879ecc8d79.pdf,652985,bcc819879ecc8d79fc6b9b4018865ca2b7b8aae36d4215042143a4d0a1b801e0
originals/cpho-f/2024/CPhO_2024_S1__4c5b4890244efd62.pdf,458749,4c5b4890244efd629608ade3ffad5a1fbb4ad0bdcfc9a10fb3992568dced105f
originals/cpho-f/2025/CPhO_2025_Q1__ba754bcf7b4e3b00.pdf,674454,ba754bcf7b4e3b00ba0b5d9a6c3e242f9845a6be8ce905a5c0dfb8ee27d8cd6a
originals/efo/1998/EFO_1998_Q1-10__4dde0e8245cd3f31.pdf,89625,4dde0e8245cd3f31f136c36146866e330acb55bb59e07ba0ef6e8c0ea657abc4
originals/efo/1998/EFO_1998_S1-10__02c70eb98785963b.pdf,184319,02c70eb98785963ba9569e04194f40b458febe941430436a95ee88b0468609a6
originals/efo/1999/EFO_1999_Q1-10__320e06789e1f8cb2.pdf,58296,320e06789e1f8cb2f5df5bd840a94821b39a717a8a8626a644d03d16320f5cea
originals/efo/1999/EFO_1999_S1-10__791a5e46e7aeddba.pdf,76325,791a5e46e7aeddbac4048e01cf4e8fcff7fe97773d8935cd4742cc14a05ebf9e
originals/efo/2000/EFO_2000_Q1-10__df46a5024fbb7672.pdf,58135,df46a5024fbb76728ffd924f500ed1d0a82a9a72a8a5c76831d45983f76c41be
originals/efo/2000/EFO_2000_S1-10__fed4eb36b977cfef.pdf,119068,fed4eb36b977cfef96d24b2ed56aa3148a25cdfd276280a363a46e41ab0a534e
originals/efo/2001/EFO_2001_Q1-10__5780f5b30456f339.pdf,175546,5780f5b30456f3390f56622a00f72209e0186f1a1c1ef0840288f1796e614f25
originals/efo/2001/EFO_2001_S1-10__aa54799299e0e5a3.pdf,127145,aa54799299e0e5a3b064fa126352b1b7cd2cc957203b61bad54281636b60abb3
originals/efo/2002/EFO_2002_Q1-10__d5153c45beb53ee4.pdf,103563,d5153c45beb53ee4b41af5204792b54638ef20afaf04a1b32e20ae760b92ac53
originals/efo/2002/EFO_2002_S1-10__39b7a4fe764f97d9.pdf,91647,39b7a4fe764f97d9c26cbab14806fde58cec8160768c8ff908471d0226b33834
originals/efo/2003/EFO_2003_Q1-10__54fc6ea9a4fe77e2.pdf,166054,54fc6ea9a4fe77e2802edb98c7484bc6df4d185e5bcc2f37a9375dd0edcdd9c6
originals/efo/2003/EFO_2003_S1-10__75ed8806dcd26351.pdf,63992,75ed8806dcd263511068fa37cbc09d1ef9c519be55ac90f753bd1bb5379e9792
originals/efo/2004/EFO_2004_Q1-10__df559daef0887885.pdf,67122,df559daef08878856244a80dc9ef2b2b0f8f4a1a910395d5c44aed1e95bb2c29
originals/efo/2004/EFO_2004_S1-10__4acb3ec7fa65291e.pdf,80215,4acb3ec7fa65291eb8bfc376c78855bccf4cb4fb5548b85aaadd4c795577ba57
originals/efo/2005/EFO_2005_Q1-10__f074c8bf783be3e3.pdf,98710,f074c8bf783be3e3be05e512bfca1f23090d7f7d87a6ef2054f5fc1c52935277
originals/efo/2005/EFO_2005_S1-10__86a7d652e8a858fb.pdf,116417,86a7d652e8a858fba3225f808ff20ca4ef8a4a0f6f69628e59dca8bdedd7fa28
originals/efo/2006/EFO_2006_Q1-10__36a238341cfd8ae8.pdf,130672,36a238341cfd8ae872a7f0807cb28243053d83998eada4736b8cf0e299cb91fe
originals/efo/2006/EFO_2006_S1-10__bb34666a6dcf9762.pdf,87875,bb34666a6dcf9762947bbe128f60f7cac7cd90924c89cc0010664a7a777ce60a
originals/efo/2007/EFO_2007_Q1-10__410b7ab1cbfa83dd.pdf,70830,410b7ab1cbfa83ddb6650f8f644c212935c5ce50809735f55afde47984c05069
originals/efo/2007/EFO_2007_S1-10__0d5eb6695353a870.pdf,69219,0d5eb6695353a870863e5bcf8de22953fa4eced751d1dab1a50b3fcfde70308e
originals/efo/2008/EFO_2008_Q1-10__c55b301d3e025916.pdf,188958,c55b301d3e02591601c105b15d8e86f1c809849e11c8a8a9f872486ed762983f
originals/efo/2008/EFO_2008_S1-10__46cc69bd3ec7dd33.pdf,223220,46cc69bd3ec7dd333c98d4c0d8746bf81df85499c19791a6e3151d6d6c830827
originals/efo/2009/EFO_2009_Q1-10__d7794b48b84a87ad.pdf,119697,d7794b48b84a87ad28b26de848ece1cd6a8f6bd9ac556d3f988e16d4fd3ae925
originals/efo/2009/EFO_2009_S1-10__1444167ca15d9de4.pdf,149564,1444167ca15d9de4f8370e3e4f88c30eaba6335743181b5f3f6513bb72cfa960
originals/efo/2010/EFO_2010_Q1-10__fa4f0a829a60001b.pdf,1738489,fa4f0a829a60001b30d9d06d6bd9026d66b693632ec830bfd8544de287ef62e7
originals/efo/2010/EFO_2010_S1-10__ffb49427439104e7.pdf,772136,ffb49427439104e7684cebaef7ecaf936096a72944a18c0b8c31e9c764042cc8
originals/efo/2011/EFO_2011_Q1-10__88acce953b2cc09f.pdf,97248,88acce953b2cc09f92f918cfe0d5097c136fc6fcfd26d7cbe7d143e19e0141f7
originals/efo/2011/EFO_2011_S1-10__e29199ba868840be.pdf,98775,e29199ba868840be9accbb4170e7c4bc370f853ac33a30a4ccc70c9b7f1ea4ef
originals/efo/2012/EFO_2012_Q1-10__49e87d97224d0b39.pdf,595625,49e87d97224d0b39144ed21d65e9ff51993792edb7712c88844818265bd20571
originals/efo/2012/EFO_2012_S1-10__91696f65a5a6a1a1.pdf,322125,91696f65a5a6a1a1543ec9422707d7296426da9ec041bac00818ee8b6a17cd00
originals/efo/2013/EFO_2013_Q1-10__4110e8064128de52.pdf,218873,4110e8064128de523c472c52807ad30f415f9f0b651830e48812c811fb443407
originals/efo/2013/EFO_2013_S1-10__b26f817babaf24e5.pdf,95890,b26f817babaf24e5e674932566629d1b530660c258e224e001ed7a837cb0e13c
originals/efo/2014/EFO_2014_Q1-10__1e9dc1420c09bf5e.pdf,499360,1e9dc1420c09bf5e96e3f95cfade1917538c02a8bebf69b6983ee9500ce76d39
originals/efo/2014/EFO_2014_S1-10__7bd8dff1a481e282.pdf,406510,7bd8dff1a481e28202f74a63ecd30982445a8ea671ecd71ddc9c2c0dd8ba4c6c
originals/efo/2015/EFO_2015_Q1-10__d541ebc95752aa2e.pdf,206899,d541ebc95752aa2ebb1ee26e959a742531043f48333bd96c9dae9e992dad71f7
originals/efo/2015/EFO_2015_S1-10__f447a886d044bb3f.pdf,803109,f447a886d044bb3ff88e8a75b5771ed619a1cdd12e4a3723a5290a1334810dcf
originals/efo/2016/EFO_2016_Q1-10__2921a705d1fa8aab.pdf,219328,2921a705d1fa8aab816c1c8b7c93f6f88083dbb9444b9f6c8d72212a684ef994
originals/efo/2016/EFO_2016_S1-10__4213b89470d5a9f0.pdf,287216,4213b89470d5a9f020d8e11d51de2aed66758537cb951b06542fb5c072e53558
originals/efo/2017/EFO_2017_Q1-10__d207af19556a7e0d.pdf,201800,d207af19556a7e0d45182b265424202d9dd1e54640c224dd3bd8ade3bf4142a6
originals/efo/2017/EFO_2017_S1-10__95d322672fd39ed0.pdf,1035624,95d322672fd39ed08cb2000908e0cc975bc87d855bdec967e9d791a991750129
originals/efo/2018/EFO_2018_Q1-10__00e0584ec7948db0.pdf,244094,00e0584ec7948db069aea061ec208fbe28c9f5a2d3615dd366c77a1905f37e27
originals/efo/2018/EFO_2018_S1-10__a5ec8b4ec52bffe7.pdf,279799,a5ec8b4ec52bffe701d87bd98296b704aa7f2e2234584070cafe4ab571d790ec
originals/efo/2019/EFO_2019_Q1-10__86a2a389a8e993a1.pdf,986345,86a2a389a8e993a13c1e1337556fa1e2f2df9d6e47a6bc48d9d31bd36324637d
originals/efo/2019/EFO_2019_S1-10__67f656b1417c0438.pdf,504928,67f656b1417c043822cf5612bc6f1ee7b3fdcd84fed9fdcca54e3232b63e36e6
originals/efo/2020/EFO_2020_Q1-10__a78e72c3c72e1032.pdf,417197,a78e72c3c72e10320be96cb35a4abfac66bde18cf5361bdcd565d017f7fa2b5d
originals/efo/2020/EFO_2020_S1-10__3cfa586825374127.pdf,1187487,3cfa586825374127ac376e83d5afdde0205cf43a960fa039ea28db812fd069f5
originals/efo/2021/EFO_2021_Q1-10__99394fcbe563ab5a.pdf,1131035,99394fcbe563ab5aa3499b3527dfc903db409934808411554f8f67fa6aee996e
originals/efo/2021/EFO_2021_S1-10__d5105106f3eae964.pdf,277030,d5105106f3eae964d3090efb6b3782a6fe5154ab2919d81fe0ca455b79c5f800
originals/efo/2022/EFO_2022_Q1-10__dab2b0c977044fbf.pdf,1054012,dab2b0c977044fbff39cff87fa3eb0313d369590f5ba8d6b79e9917dc86c6274
originals/efo/2022/EFO_2022_S1-10__f5e2ef552a0b2b07.pdf,429268,f5e2ef552a0b2b07988e0c60d3a7735d745da020fa1c781e410d1a34e638a01c
originals/eotvos/2014/Eotvos_2014_Q1-3__449cbe99fbc88965.pdf,86743,449cbe99fbc88965c874d798e0097aa3f85bdda6e0294b19922b2d7e3a69ae89
originals/eotvos/2015/Eotvos_2015_Q1-3__aadd28f772ff20cd.pdf,78461,aadd28f772ff20cdbf7471d4edca9407d8d93ea0ee83a366c71676963190a592
originals/eotvos/2016/Eotvos_2016_Q1-3__c47e2e6b4430e50d.pdf,76991,c47e2e6b4430e50d6160843f3b463f88b84b3572fecbc776a425d0eddef52e7f
originals/eotvos/2017/Eotvos_2017_Q1-3__054f9f0da49d9755.pdf,93630,054f9f0da49d9755fa36439e677bdf722ef565c153dba98fdee35ca894d48b0b
originals/eotvos/2018/Eotvos_2018_Q1-3__b5efb9551be5803c.pdf,90936,b5efb9551be5803ced22fd65f12a446dd4a6f057cdd667de4a7f0c0443b55ee7
originals/eotvos/2019/Eotvos_2019_Q1-3__5e5899ae0f47d15a.pdf,1390853,5e5899ae0f47d15abf8424b48f7a0fc1bcaea4bf0f2045dbc10324c01dbd8341
originals/eotvos/2020/Eotvos_2020_Q1-3__eb2e0311dd6ba775.pdf,103027,eb2e0311dd6ba7757a391701273f6d2556efd828911c72d8c3e1219fe8b16ca7
originals/eotvos/2021/Eotvos_2021_Q1-3__68150ff0e87bd195.pdf,78624,68150ff0e87bd195eeea5df9e1363d6ffc717bb294be1e10f9dadb77bb6a276e
originals/eotvos/2022/Eotvos_2022_Q1-3__b120af520af308c7.pdf,83393,b120af520af308c7ffcb96a95257998ee4605286c2692c5b48dc0221a11d10c4
originals/eotvos/2023/Eotvos_2023_Q1-3__fba9e093e6ec00ba.pdf,111060,fba9e093e6ec00ba0e20d81293810834f97316a3c192e23a966cbf2f1e356970
originals/eotvos/2024/Eotvos_2024_Q1-3__c377daa94f2af47f.pdf,73543,c377daa94f2af47f0323e5b8f411e01d5bf99d6c0ccd0544f9eeab967dd1eab3
originals/eotvos/2025/Eotvos_2025_Q1-3__aae7286058bb7797.pdf,90959,aae7286058bb7797763eb12760f9bdad75020acc483f53a6c9ff11db8f13cb03
originals/eupho/2017/2017-1__edbe104633ead10f.tex,1152,edbe104633ead10f147fbb9980774a1d5bf9e5f27c34eeb31ff3694147913076
originals/eupho/2017/2017-2__83601de0b1385edc.tex,941,83601de0b1385edc9fc94c7003b662c1bfa95c5af41458f63dbd7a0819c671d5
originals/eupho/2017/2017-3__da721384a2d62fac.tex,687,da721384a2d62facdba2c0a1b4c760e973214c8bd4be44a014ce0fbdaa800878
originals/eupho/2017/2017-4__fe02d3cf3892d16c.tex,4724,fe02d3cf3892d16cb517ad379b9aa48d5009d7bb2ed01ddfa72c442bb447904b
originals/eupho/2017/EuPhO_2017_Q1__c3ffc37ae9f55be2.pdf,126614,c3ffc37ae9f55be20736a077278ef5e43851250c75989c40aadd009edf7cbb93
originals/eupho/2017/EuPhO_2017_Q1_tex__4a962b84078f1fe0.pdf,74740,4a962b84078f1fe0d426786a66246913ee4491f10737decea0f5a5b5a90455aa
originals/eupho/2017/EuPhO_2017_Q1_tex__7dcb2ff9205e9b5f.zip,125776,7dcb2ff9205e9b5fd66f33247d5310f9b45a1aafa3a6d3a1e7e7772c3ad0b9cf
originals/eupho/2017/EuPhO_2017_Q2__6a2025f52290c166.pdf,63151,6a2025f52290c1664e800de6ff70928cc66d08a183f00d550fe5a20668298f2c
originals/eupho/2017/EuPhO_2017_Q2_tex__50de4dca7d451451.zip,3350,50de4dca7d451451a9660cab94fa9c41d9274746d944d226688fa032b62e9543
originals/eupho/2017/EuPhO_2017_Q2_tex__cc00b466259d5cb8.pdf,19251,cc00b466259d5cb8541e54a0d3df3f10aea55aa05faafecb00c69646b1f4a51a
originals/eupho/2017/EuPhO_2017_Q3__a1a75f04b0bfe36a.pdf,37888,a1a75f04b0bfe36ad071c500a9b2ff92ecff79796fc1a059ff1505edbf2a388b
originals/eupho/2017/EuPhO_2017_Q3_tex__2fa1ee3809c84b82.pdf,12498,2fa1ee3809c84b822636a3021ae40cf328fb1a124030ae510bfdce4975b65a4e
originals/eupho/2017/EuPhO_2017_Q3_tex__cebf8447f779b7bf.zip,3724,cebf8447f779b7bfe24cdedd7b36e6b103d48a32f0f86d722f8829906f00b242
originals/eupho/2017/EuPhO_2017_Q4__f130f8b548f862f5.pdf,70588,f130f8b548f862f5086988f45eb54901a5edb072324e2dfa802ca6b86aae6aef
originals/eupho/2017/EuPhO_2017_Q4_tex__295b28fe82e95b98.pdf,74046,295b28fe82e95b989ac7e6b83a5416a672e7065a615763bb30a61697e882bfe9
originals/eupho/2017/EuPhO_2017_Q4_tex__3e6ef6201da7afb9.zip,22105,3e6ef6201da7afb9d7bf91c6ee3772ad2cb34f5bfc70ee893aae5c8e130e454c
originals/eupho/2017/EuPhO_2017_S1__54d2dc6b3bf82b09.pdf,215659,54d2dc6b3bf82b09bcda1420f66ca4f87f24c7fc65b634aaf20a0763bc95e448
originals/eupho/2017/EuPhO_2017_S1_tex__4e834171462737cb.pdf,121814,4e834171462737cbfc7385cd88def11e33d5fb19291b372c7417d4fbd7bd4d67
originals/eupho/2017/EuPhO_2017_S2__8ab22920ee1e69d6.pdf,181919,8ab22920ee1e69d6c8a06576dc9115b0b014ab00eb7e3befe265923b49c9cb39
originals/eupho/2017/EuPhO_2017_S2_tex__b2b6a95a5a944f7c.pdf,42119,b2b6a95a5a944f7c4c12668f8459dfc5d7cae20023f5ef1cef65ef94642e3b80
originals/eupho/2017/EuPhO_2017_S3__37b5f30f623a347c.pdf,114235,37b5f30f623a347cc1acd7a6f8447d67f1495fa9bb2320bea1d1bbc76a8bc530
originals/eupho/2017/EuPhO_2017_S3_tex__4ab26a1366f10adc.pdf,36768,4ab26a1366f10adcef468ca07d71b94b2db1fd369bbfa9d5c08b68a7a34744fd
originals/eupho/2017/EuPhO_2017_S4__3ff07535869922c9.pdf,443177,3ff07535869922c9d31ed580d6818e357514fa574906bff3605bf449ca302701
originals/eupho/2018/2018-1__3dc16533187a37a6.tex,622,3dc16533187a37a6ff6b3bebef35b6b871fc2ed77dabdeb3b3d626c01cc0ace2
originals/eupho/2018/2018-2__34b09af5be3f8bc9.tex,992,34b09af5be3f8bc986b04341f2f67a415d2a6612954f1564e9f912f55711093c
originals/eupho/2018/2018-3__57e2ae8868ad4591.tex,1359,57e2ae8868ad45915d669126561a207c7bda9113275dd3101d9f0275fa1acf27
originals/eupho/2018/2018-4__66e57c21b314e6e3.tex,5138,66e57c21b314e6e38878f5e325e81f9293f2e86e14ab152ec631496b9294ff70
originals/eupho/2018/EuPhO_2018_ExperimentMarkingScheme__4b0f5ab000171bda.pdf,184263,4b0f5ab000171bda4fa351aa7ed71ade53ad67e554ea6d48f17896324bf8a915
originals/eupho/2018/EuPhO_2018_Q1__68ee710bd9c1876f.pdf,34658,68ee710bd9c1876fa62af6be9b85fb683149ece4419b5d2beddb71f44e9f5713
originals/eupho/2018/EuPhO_2018_Q1_tex__5b89af721afc8774.zip,1034,5b89af721afc8774605063ed0937d911def894e3607d3964ec82bd7f3533fe8f
originals/eupho/2018/EuPhO_2018_Q1_tex__d3d133bcd7084fac.pdf,11218,d3d133bcd7084fac6aeb8646169eb7f20724d442b893cf6acecb4911527551fc
originals/eupho/2018/EuPhO_2018_Q2__9e3d9b4b947321e7.pdf,90329,9e3d9b4b947321e7fb210f092a19341454cab0e7fa1504de3a9763cccd1cde23
originals/eupho/2018/EuPhO_2018_Q2_tex__70150556398bb72d.pdf,44414,70150556398bb72d839cb2c677710056c4bd0d7da7d43a54f05185271f178f55
originals/eupho/2018/EuPhO_2018_Q2_tex__a4d53477172cf4d4.zip,22459,a4d53477172cf4d41947a205c6c8759c29f0e3e413342666c639b37b3fbefaaf
originals/eupho/2018/EuPhO_2018_Q3__48d0499741e115ed.pdf,112495,48d0499741e115edcaa3caf62a40818a9c262352385ea6c8939c00737f3aa370
originals/eupho/2018/EuPhO_2018_Q3_tex__7c6ae512fe5800c3.zip,106909,7c6ae512fe5800c3b80bd98171297f63a1acf8166ee39038380a1908aebc5236
originals/eupho/2018/EuPhO_2018_Q3_tex__cae9aa2d53d59e8c.pdf,116369,cae9aa2d53d59e8cf9301b7589966b784fcf7e1697fa57f0add44cfbac05338b
originals/eupho/2018/EuPhO_2018_Q4__4e37a97e9523ffbc.pdf,1798160,4e37a97e9523ffbcb647661e0d8e10f8595d6104d63e1ad09bd49438e67c2b7b
originals/eupho/2018/EuPhO_2018_Q4_tex__077ae64bc1f95393.pdf,199312,077ae64bc1f95393783ae1fecf4600a2d25e8e0ce6959973b9229c8cd517f33b
originals/eupho/2018/EuPhO_2018_Q4_tex__25d15e7f899a6e98.zip,125410,25d15e7f899a6e9854f9e1e7d898612d02f05bff153cc0299778995c17031cd1
originals/eupho/2018/EuPhO_2018_S1__172f543b6db07820.pdf,93384,172f543b6db078205bff49884e75699ae327efcb832bd6a30c1a006f2a4c5145
originals/eupho/2018/EuPhO_2018_S2__0245dad7f5d82e53.pdf,82940,0245dad7f5d82e53a95374b92c510ae64eb5efef46b5f1661e06073fc3dce339
originals/eupho/2018/EuPhO_2018_S3__4a2e2ac6cd4dffc5.pdf,143715,4a2e2ac6cd4dffc5a5c84beddd409761621648c5b05dfb5acdf383eeca72a549
originals/eupho/2018/EuPhO_2018_S4__c414b879943a14d9.pdf,648426,c414b879943a14d940f3ccb5f529b587e55fc52540e9a83f1a8adada1c6c1ca4
originals/eupho/2018/EuPhO_2018_TheoryMarkingScheme__f621f8688832d371.pdf,114955,f621f8688832d371a525c3b0dce1f087a80a27e5ebb8003d10582da993165c5f
originals/eupho/2019/2019-1__867519f28967043e.tex,1602,867519f28967043e5c1cff20c4d8f820af80bc6cb59ae137362963637ecf0806
originals/eupho/2019/2019-2__65bda7a138dfbefa.tex,1114,65bda7a138dfbefacaaa7cc98535fbab4a626b8ab05174f9ff990ec11ae8a758
originals/eupho/2019/2019-3__3f778c65ba5a5ea1.tex,743,3f778c65ba5a5ea161203b3f685e3f30d3b86eb495045108c452a6591dd63648
originals/eupho/2019/2019-4__22eda2b6e41d1f8e.tex,6024,22eda2b6e41d1f8e4a8163e983c82ab6f9ca1b103902a9f7d12a84f75f8f39a3
originals/eupho/2019/EuPhO_2019_Q1__a97a425ed79620b7.pdf,91959,a97a425ed79620b797affcb63d354b9da45ad82f62c8e5ba7341d3439372f14b
originals/eupho/2019/EuPhO_2019_Q1_tex__a071cecaa95589ce.zip,163547,a071cecaa95589ce7a01ea4eccc5badf60337cc3d05625de86685751ab5a5b7d
originals/eupho/2019/EuPhO_2019_Q1_tex__aa8e04c02547ba03.pdf,166615,aa8e04c02547ba0302d3b5714dbb88f7f7c6851f0fd6cc4e2055ad6ac184856a
originals/eupho/2019/EuPhO_2019_Q2__9e848c42bb6bf9c4.pdf,85861,9e848c42bb6bf9c4078baa649c8f6aabb000a9c9af382625835254eb21b0b3e9
originals/eupho/2019/EuPhO_2019_Q2_tex__5dd98c5398485fc6.pdf,23766,5dd98c5398485fc61b5beba05016aaceb539b1cd11f326826854f3b602252103
originals/eupho/2019/EuPhO_2019_Q2_tex__824daa7673141037.zip,1294,824daa7673141037eaaa7714531981f87c345d1760a3641f6bd35dccb2d3776b
originals/eupho/2019/EuPhO_2019_Q3__39d6d4246695bc72.pdf,111580,39d6d4246695bc724a3d08eae896074e891d8b18948ef03a4ff5f2cb0e012f80
originals/eupho/2019/EuPhO_2019_Q3_tex__1f571076bb40a113.pdf,170760,1f571076bb40a1135fb7cdb18b1f4ce0f62c231b7f18471c216bc053916b587c
originals/eupho/2019/EuPhO_2019_Q3_tex__ab5092d2250966ae.zip,154566,ab5092d2250966ae3ad3db6d3a66dbb64ac0696466d536461ebdbd90b9bb7cce
originals/eupho/2019/EuPhO_2019_Q4__46cc62193518996e.pdf,417844,46cc62193518996e3a3841be06e97f156ed13f8c5baca0eaf08561e57fd60bcb
originals/eupho/2019/EuPhO_2019_Q4_tex__a2fa2950a259e95c.pdf,205260,a2fa2950a259e95cc8fab64a725e1cec8035c21406ef6901793743d495615ab3
originals/eupho/2019/EuPhO_2019_Q4_tex__eff0bc7e8a15f02f.zip,167013,eff0bc7e8a15f02f36afa34548a10c3c902df6a18d30c97d331da6857ba4f8d1
originals/eupho/2019/EuPhO_2019_S1__968ab12ecf108a74.pdf,313952,968ab12ecf108a7412e2112cb7e71bafef01cc1d8f3c19c0285db556b2b44c3e
originals/eupho/2019/EuPhO_2019_TheoryMarkingScheme__7216a08a60546e32.pdf,77680,7216a08a60546e3227bcfb81c6bd5d8200059513a53a8bf2848e5e10cdaced44
originals/eupho/2020/2020-1__b41e4d934610be84.tex,1266,b41e4d934610be84c2fabd7f1ec58564bdec8d3ae1c4bd4df81fa5fe830ec82e
originals/eupho/2020/2020-2__d3916775f8983724.tex,777,d3916775f89837243fab2fae3651f2cfc16f1f7d36e187ea5faa553e243f504b
originals/eupho/2020/2020-3__8f3ef82cce4aac96.tex,1759,8f3ef82cce4aac967da0a47737b174c49e7994dd1ea8c91f84cb1e85fa55e4a3
originals/eupho/2020/2020-4__bef1488561cb74b6.tex,3277,bef1488561cb74b6ebd08c857ee136a22f046825fa0196a8de7cdb6ad2470162
originals/eupho/2020/2020-5__3fcfad923b593f80.tex,6521,3fcfad923b593f80ea0ca5c02761a47f00122a02d367d1eeef12464a0a095867
originals/eupho/2020/EuPhO_2020_ExperimentData__4a3e7d5b871eac19.zip,2332325,4a3e7d5b871eac19c4a6ebfc76f02364b796d950b6ad626038a80ea0444d5adf
originals/eupho/2020/EuPhO_2020_Q1__a97bcb738b15c221.pdf,86830,a97bcb738b15c221743ee73e6119590c9d01a38e2dcbacbd277c8755184ef52e
originals/eupho/2020/EuPhO_2020_Q1_tex__0de784bf0ab0ec48.pdf,58412,0de784bf0ab0ec489450e3b19bba11e37c35f014ccdbf22a64dc9df11d26980e
originals/eupho/2020/EuPhO_2020_Q1_tex__413b4ec890659c4e.zip,41338,413b4ec890659c4e989501fdd4f0e6e2ce54f4e68f930980007ad269d1101438
originals/eupho/2020/EuPhO_2020_Q2__d276707f182dc054.pdf,98156,d276707f182dc05488e2a85d8670d2aa9ab8e6cba5c2c3b2ed7c91fd72da2580
originals/eupho/2020/EuPhO_2020_Q2_tex__947fc271095d233d.zip,43922,947fc271095d233da4895d40ed4d8912aa6cb75e1ad955bcb5322d5558b096e5
originals/eupho/2020/EuPhO_2020_Q2_tex__95fa914053b309c7.pdf,51736,95fa914053b309c71a01d25e231e1e89fb3d1689ec5e4bfe045def49105115c0
originals/eupho/2020/EuPhO_2020_Q3__881984893972159d.pdf,1190516,881984893972159d82a8c1f315f62c8fc8ee8c3c8bd81bb595abf7fe3c028cab
originals/eupho/2020/EuPhO_2020_Q3_tex__0038cbb3910045c8.zip,121306,0038cbb3910045c8dfd97bb0db1ab6ec70a14b0e3ff2d454ecdd17a3817e4a14
originals/eupho/2020/EuPhO_2020_Q3_tex__cd5aea2c92610f51.pdf,146648,cd5aea2c92610f51ebb94b590c57ea2c63894825668ad8a4097d6c1f3be269e5
originals/eupho/2020/EuPhO_2020_Q4-5__844f292ece3a3f1c.pdf,66525,844f292ece3a3f1c8d05c1bd38c9f79475ee47e6e914310e92686871fcb84c6d
originals/eupho/2020/EuPhO_2020_Q4__034b48cdaeb158e0.pdf,45492,034b48cdaeb158e016659b47b0fd88c2159c689c5fd5d809087a67020bae4ab7
originals/eupho/2020/EuPhO_2020_Q4_tex__1603a6ea7aa187c5.pdf,50109,1603a6ea7aa187c5402a34062dd90f2a75ddb271e7b91147102853d24dafa1d7
originals/eupho/2020/EuPhO_2020_Q4_tex__a52b4472f5a3034b.zip,14146,a52b4472f5a3034b0ffcb53a13373c90837f65e556587a78da8fd7e6f5ffa7d1
originals/eupho/2020/EuPhO_2020_Q5__03c9c595bf8d1a69.pdf,59042,03c9c595bf8d1a694d91ee43169eb8822c8e46ed960825f7ac4503a6b251d692
originals/eupho/2020/EuPhO_2020_Q5_tex__622104f0d04dacd1.zip,12735,622104f0d04dacd1812e7f779d62bdf7f7eb3d86ca7ebdb797818461e8227d27
originals/eupho/2020/EuPhO_2020_Q5_tex__e319ab4b4b12ba55.pdf,51131,e319ab4b4b12ba55599b067be583540acd04ea467e6c16cc6125fd562ff8bb9d
originals/eupho/2020/EuPhO_2020_S1__bdceaf7add4f2210.pdf,313958,bdceaf7add4f2210ef085ae36530f993f54be864d9bbb31be1a492bb52984642
originals/eupho/2020/EuPhO_2020_S4-5__95e1f42b583b63a1.pdf,249543,95e1f42b583b63a1a3343b16579bf9fb8ee9007d6ee968180856615f02ba83e8
originals/eupho/2020/EuPhO_2020_S4__fa79d35b7b3c6fda.pdf,70909,fa79d35b7b3c6fda7b2add061f8c4addc6e87de3ca25259cbfef0fba1d51dd1d
originals/eupho/2020/EuPhO_2020_S5__d67a2b33363a3efc.pdf,222550,d67a2b33363a3efc755cce7d08bcc1ce40e59d40d4ed7b3077f87559f4ff9853
originals/eupho/2021/2021-1__a4a23421eb7994ca.tex,861,a4a23421eb7994ca9c97089ec4a053b6a0972be0755ea2dcbdf24be7ded22f7a
originals/eupho/2021/2021-2__710b0f7e0c816929.tex,1023,710b0f7e0c816929c0c58906a11940a71e4775d47f1538123ba66701c1f302fc
originals/eupho/2021/2021-3__392c99d1e5c6456a.tex,2202,392c99d1e5c6456ac9c04b41a8fbdda79d9e4e9df7e7d6f4cfb8d780cf8bd661
originals/eupho/2021/2021-4__98e79a22a9067775.tex,3756,98e79a22a906777507155a339e79727efc56217810e5da4a9c780d7d95cef466
originals/eupho/2021/2021-5__6fbaea186fef5d56.tex,5652,6fbaea186fef5d56de3f68e939ed028e14ac2a78ca456983d484bf2585869200
originals/eupho/2021/EuPhO_2021_ExperimentData__237a4602e7589c74.zip,591722,237a4602e7589c745b1d5e4e9b6cc0a6bb35046a50fd66b7304e2a41774ef778
originals/eupho/2021/EuPhO_2021_Q1__9311e752af53a094.pdf,68734,9311e752af53a0948b1c9026cd6f3df2ab2d30635e13d1096d34d246290d270f
originals/eupho/2021/EuPhO_2021_Q1_tex__8eb59d8a8e45352c.zip,11086,8eb59d8a8e45352c2d8630fb471e44fb18508374c045615816c37580c52ef460
originals/eupho/2021/EuPhO_2021_Q1_tex__e1a8aecc7b706524.pdf,26077,e1a8aecc7b7065244acde4c025361fab2dd4c67fe68507da25bccd1d45c1a8ef
originals/eupho/2021/EuPhO_2021_Q2__9dc92c0b5791d955.pdf,259362,9dc92c0b5791d9550143467891372fb2c080305bd46253fa25bfa849323b0a04
originals/eupho/2021/EuPhO_2021_Q2_tex__0a09cb21032e5706.zip,46149,0a09cb21032e5706eafa0f89b24c664488c0e87fe880397958c998b0ba869bb5
originals/eupho/2021/EuPhO_2021_Q2_tex__5b328805ff692fe7.pdf,67321,5b328805ff692fe7c65a61938cd61276746dbdac4919b91bd9d0572a5e32de59
originals/eupho/2021/EuPhO_2021_Q3__f02aa103c5dd58cd.pdf,3422521,f02aa103c5dd58cd852a7f41d61d6260599383108fe4bf2e9967b256419ad71c
originals/eupho/2021/EuPhO_2021_Q3_tex__4a8825506d413acd.pdf,212168,4a8825506d413acdf02caab4436549884062b70be81111bab367b993b7582c89
originals/eupho/2021/EuPhO_2021_Q3_tex__ad7c517a618c32fb.zip,189221,ad7c517a618c32fbdb5e2b8a1e40b81c76171fa14684affad26100b5e0f07545
originals/eupho/2021/EuPhO_2021_Q4-5__4ce95ca661bc348d.pdf,84584,4ce95ca661bc348d8353b326b93c199bc26c4d863a6910a23c203d8fa0bc7f35
originals/eupho/2021/EuPhO_2021_Q4__826504714a53312c.pdf,67532,826504714a53312c366afe1243c8915038b8867027d0e0d03756d37202a450d2
originals/eupho/2021/EuPhO_2021_Q4_tex__278554a0c79b048d.pdf,50878,278554a0c79b048d4f7a3df8bdca4cd367714e0b2e2a04d0057a4235148ea5a8
originals/eupho/2021/EuPhO_2021_Q4_tex__290f611142be173a.zip,17639,290f611142be173a5488b173ba7e933fdff11f05defdb9a3b9d304f0c31938a4
originals/eupho/2021/EuPhO_2021_Q5__db7cfef4b0fbc2d7.pdf,55149,db7cfef4b0fbc2d7f33d4014f90d73017abb7b8412fc254ddebae3fd78527004
originals/eupho/2021/EuPhO_2021_Q5_tex__1a627b3642c11915.zip,9625,1a627b3642c11915f0a03f538bcb3c9ba91b41a72bbdad306daa62a7caade1ac
originals/eupho/2021/EuPhO_2021_Q5_tex__7731a1522be82688.pdf,49248,7731a1522be826888798ecc90a1bf5d88be053b4254410d266fe5d8a941bfcb2
originals/eupho/2021/EuPhO_2021_S1__076112eaa51bd285.pdf,1073334,076112eaa51bd285d3ea43aba3b903ab077947fda53435e25029bd2183b2a9eb
originals/eupho/2021/EuPhO_2021_S4-5__8f80070a0163dbdc.pdf,410369,8f80070a0163dbdc11b3c5fa69b2f30d65d6e6ea37e2429bca9a8088be59ef2b
originals/eupho/2021/EuPhO_2021_S4__582821999f8c074d.pdf,147472,582821999f8c074d466c343c4581e47b316ae31db425b124af4f259abd7cafdf
originals/eupho/2021/EuPhO_2021_S5__5167e93ab70c54b2.pdf,321986,5167e93ab70c54b2526a0a1b6421a0501eafd71d3f55457e83e1a4715602bd87
originals/eupho/2022/2022-1__c06916d22f7a3264.tex,686,c06916d22f7a32642b36327efa377ac53ebfc8df638b81c055998f082715ed07
originals/eupho/2022/2022-2__5bc71b3995034285.tex,1490,5bc71b39950342853b1759bdbde83726e1331d837604d0665b7c929d471023e5
originals/eupho/2022/2022-3__410ba1dd94a1dd9c.tex,1800,410ba1dd94a1dd9c8b5d7b42a5e7b535aad70572a0e4300a9e238a6d4b601960
originals/eupho/2022/2022-4__06769a2e8450aa1f.tex,10152,06769a2e8450aa1f309f94db0919941223cef2674e49d138d41bfba93afd1da6
originals/eupho/2022/EuPhO_2022_Q1-3__27d731e334ec5866.pdf,60991,27d731e334ec5866835122bf8d5279c171705aa69616ea60e9b9e8fe87fab26d
originals/eupho/2022/EuPhO_2022_Q1__0b178a11767b038a.pdf,28805,0b178a11767b038a4217c5ab2f0fcedf50c670a5f40facd10acf4f3ca29f6da2
originals/eupho/2022/EuPhO_2022_Q1_tex__2b35ee57c7a4fe02.pdf,17446,2b35ee57c7a4fe025d6c7d085e4506bb237758ab28121bc7f55568a8fe23a809
originals/eupho/2022/EuPhO_2022_Q1_tex__b1122bb76f6198d1.zip,1052,b1122bb76f6198d1db50191d70906bcb087172d63c75c57ed475d82ea40a7f8f
originals/eupho/2022/EuPhO_2022_Q2__9d0d243f19c29159.pdf,50007,9d0d243f19c29159579c370d39139ff55d1748533a87f072e45f933e3715083d
originals/eupho/2022/EuPhO_2022_Q2_tex__4dd00e59a7d68bb7.pdf,28738,4dd00e59a7d68bb7ca05f608170afcf2bc4008e5840c3c32ec82f1dfb37f021c
originals/eupho/2022/EuPhO_2022_Q2_tex__f99747367cee1e44.zip,4690,f99747367cee1e442ec012ee7f8ac5f5aedfb1c2184068caf32abcd2c9026542
originals/eupho/2022/EuPhO_2022_Q3__ad68a50f7b58bd50.pdf,44418,ad68a50f7b58bd5060b755e930938fcba2f8ea62831ff8cc3476f96bfd0bab1f
originals/eupho/2022/EuPhO_2022_Q3_tex__262abf68868e017b.zip,9610,262abf68868e017b2989c0bd20399dffafd8592c0a1246688010f4511b997c78
originals/eupho/2022/EuPhO_2022_Q3_tex__52ebc857bb785ba2.pdf,37357,52ebc857bb785ba23632677dd2e8ed352899b72f7cee01325d62986a31e20985
originals/eupho/2022/EuPhO_2022_Q4__c2183f6fad141a2c.pdf,3798176,c2183f6fad141a2c90b684eaaca3419969d5e54b76b9da436b0086d93d8fbce6
originals/eupho/2022/EuPhO_2022_Q4_tex__9b9c3efa2156ae61.zip,302956,9b9c3efa2156ae61260f07299e75bccb87daae53421a9867f61670ac0a5617f6
originals/eupho/2022/EuPhO_2022_Q4_tex__c8e35a7b47064e47.pdf,353603,c8e35a7b47064e4768f3bba595984b7cfd05fb491363e4290d24faac176f6f08
originals/eupho/2022/EuPhO_2022_S1-3__ce39ed379dbd7421.pdf,255582,ce39ed379dbd7421c8c751640bd73de9d58964e4a175d561619c57e2e90c846f
originals/eupho/2022/EuPhO_2022_S1__f0aac6bd5a7cf704.pdf,83588,f0aac6bd5a7cf70449b85f5d4be851e517b62e972495c07dfb6eba029fe1382e
originals/eupho/2022/EuPhO_2022_S2__7e5e8a5abafc70a1.pdf,195193,7e5e8a5abafc70a1004cbb96f3f99a2f781e222a4f959ce1b3637d4fc97bd9a7
originals/eupho/2022/EuPhO_2022_S3__ca273392d87d23ad.pdf,85654,ca273392d87d23ad2fe50efa75bb9dfa9a3e330c0f441c56dc3d9b2e6e98f6d3
originals/eupho/2022/EuPhO_2022_S4__c4fe44539a3d3660.pdf,210615,c4fe44539a3d3660ec87bc400535dc1e4dc06495594c7b0c01eca73cc9a52ed3
originals/eupho/2023/2023-1__a4479c343c35ef3a.tex,2123,a4479c343c35ef3afafb834533e960fe4bdda4d9a9971ea6e638ddd4e10a90d7
originals/eupho/2023/2023-2__24a7e126ff1be968.tex,710,24a7e126ff1be968921e908895c4dca3a8352a31cb9d49939d1566c0d0805ea4
originals/eupho/2023/2023-3__87b6623b52a81556.tex,1075,87b6623b52a81556135112cea046fa85554b9300a9665284148c31a639b5d2ee
originals/eupho/2023/2023-4__7d1aefe99d5f5dc0.tex,6031,7d1aefe99d5f5dc0c3c4a5ea9f92d10e815ac3773073ad3cd5de46656733771c
originals/eupho/2023/2023-5__500371288f51407d.tex,3916,500371288f51407d9c17431497a52e98c528eb2bc1e1c97de5c75338e6187429
originals/eupho/2023/EuPhO_2023_Q1-3__7727f0faed48a058.pdf,119681,7727f0faed48a05881a5c4158ac8459fa1ab33288cc1dbd1ce854330134edbb0
originals/eupho/2023/EuPhO_2023_Q1__77f2c1b5f929a0d8.pdf,92528,77f2c1b5f929a0d875045cfb07a7590cf429e230bc0184551e568e08ff2d9680
originals/eupho/2023/EuPhO_2023_Q1_tex__0781787606bf00c3.pdf,38100,0781787606bf00c330d2fe7bb804f57e0f13dfa619a8c7123fa1710898c835c9
originals/eupho/2023/EuPhO_2023_Q1_tex__92ae4857b281499a.zip,13835,92ae4857b281499a5419531da26ed17e3500939cc42f43f35d3aa1ca45964d83
originals/eupho/2023/EuPhO_2023_Q2__3e40d64ac79cef99.pdf,42736,3e40d64ac79cef99de441e40ae86f2beec7b236c83a201e53b242c5b3ec8ffae
originals/eupho/2023/EuPhO_2023_Q2_tex__a5e74446c79a8cd4.pdf,33061,a5e74446c79a8cd40f07c404255180d0930885c2ba03ee344a232f21a21a2a49
originals/eupho/2023/EuPhO_2023_Q2_tex__c6d61e3d70dee69c.zip,13659,c6d61e3d70dee69ccec9b0f1f8e917c6d08b821dc62ceed8b06559a06d7e3889
originals/eupho/2023/EuPhO_2023_Q3__e41b80a733d17cd8.pdf,45464,e41b80a733d17cd8e2f1f833c671c2f48c3f43b03ef1b7a9ca96788903db7c8f
originals/eupho/2023/EuPhO_2023_Q3_tex__d7cd628bf0699663.zip,15478,d7cd628bf06996639d3ac694e46b4c42db56b22cef1bb36c6bfa6025da562fa2
originals/eupho/2023/EuPhO_2023_Q3_tex__fc4bf9dfd5b2bee9.pdf,34890,fc4bf9dfd5b2bee9f67cd25366e94cfa6e70b88f1e399bc976709b5d945da4ef
originals/eupho/2023/EuPhO_2023_Q4-5__d6f0c21334b99e55.pdf,776301,d6f0c21334b99e551f813969c847a180db8a7457df6052d1c64d323e7b2790aa
originals/eupho/2023/EuPhO_2023_Q4__d90eaadebb644662.pdf,594628,d90eaadebb6446624a3376a3f9db0f5684e4b3fd847e8f99912f1231dd9ebb61
originals/eupho/2023/EuPhO_2023_Q4_tex__6f3b6d641f25ecea.pdf,150845,6f3b6d641f25eceaf9e15fc1410f6fa800c54e8afa5e526031b4768b1082bb27
originals/eupho/2023/EuPhO_2023_Q4_tex__f6ff02df96a5c722.zip,109005,f6ff02df96a5c72270a3cb5f223e9ab6338dcb12c9060c986b4f9faee1659104
originals/eupho/2023/EuPhO_2023_Q5__cb0e5d27de0366ba.pdf,231725,cb0e5d27de0366ba0430ae8d000f3fa474217d025007b3bc0582c069e49cc7a7
originals/eupho/2023/EuPhO_2023_Q5_tex__b3fc13445ec25950.pdf,106491,b3fc13445ec259504aa8ec762e37018da2f59560db29e19ed3047e9dd5367dd4
originals/eupho/2023/EuPhO_2023_Q5_tex__d1e2418ddc7d832a.zip,66542,d1e2418ddc7d832a3d52e2175e95386620ca1cfec92baf5fe4a0030c9db20c3c
originals/eupho/2023/EuPhO_2023_S1-3__154b3f9dd569dcd0.pdf,402366,154b3f9dd569dcd0faa1d1e68ef47da25d0b68307f5687a026c8e7b0540a13b9
originals/eupho/2023/EuPhO_2023_S1__4a3b942c923f10ce.pdf,280683,4a3b942c923f10cef7a2a475d986318a2d6c4e873d22bac80de6ad9064f86379
originals/eupho/2023/EuPhO_2023_S2__56cd97f07eaab770.pdf,95665,56cd97f07eaab770a2e4115c9f19796a836fc88d6e89cca35c25e260df36368d
originals/eupho/2023/EuPhO_2023_S3__c3ad4064b7831541.pdf,150176,c3ad4064b78315410889b35477453c34bd45b00760ecaa0aa417fe0b426de4fd
originals/eupho/2023/EuPhO_2023_S4-5__f10122218b87e238.pdf,1639805,f10122218b87e23887ec7a9609d3be8d93d6575b0507b41180d4dd5db749fdca
originals/eupho/2023/EuPhO_2023_S4__b669e9cb6a487aae.pdf,619439,b669e9cb6a487aaebfcde151aff0ba2fde1b98a3524236dc5b84f65601968b98
originals/eupho/2023/EuPhO_2023_S5__16aa99f610789d9d.pdf,435803,16aa99f610789d9d1568fdb140fa9c593050fdc46fd31ab4c54a65af9acb276c
originals/eupho/2024/2024-1__d35abd78af7ababb.tex,723,d35abd78af7ababb83ad06e9466455a4d949dad0bb92786c5a3d2d414fbe5a5e
originals/eupho/2024/2024-2__e9c1ac5a8a321333.tex,1248,e9c1ac5a8a32133390f1fff3b0ddb936763612f199150bb7ebe49d476853fb7e
originals/eupho/2024/2024-3__65b3fe1d2befc0a4.tex,1424,65b3fe1d2befc0a47624b7dc68ff3ce6a60ef501409e452cbe5d292f7048b00b
originals/eupho/2024/2024-4__51ea0b12fab28a4e.tex,9518,51ea0b12fab28a4e43ee21574589e65cb8405c7935976f6c634bf068ee6e1ca9
originals/eupho/2024/EuPhO_2024_Q1-3__43438581a9bacd76.pdf,96535,43438581a9bacd766dc485a4518c649c281ad89c7f426589ccbde4228c1d0883
originals/eupho/2024/EuPhO_2024_Q1__cb7492d9be5ac921.pdf,53328,cb7492d9be5ac921f35604d63b648affcee20386110e0f5330590530369e22c2
originals/eupho/2024/EuPhO_2024_Q1_tex__0b1405e883c38e7c.pdf,29701,0b1405e883c38e7c1c292c4eb764ccdce286362ef5a8e0106f59b01b10b11cd8
originals/eupho/2024/EuPhO_2024_Q1_tex__1c3297a08173a08d.zip,10116,1c3297a08173a08d8b9ddd21624265de488d09aa642f16e93e9be87a8bfc1823
originals/eupho/2024/EuPhO_2024_Q2__b25d2d549530e8df.pdf,32340,b25d2d549530e8df646fc9865e1b22ff30de490e2040829b78e4316da9698cc4
originals/eupho/2024/EuPhO_2024_Q2_tex__1cd1f075fdb4c2e3.zip,1273,1cd1f075fdb4c2e353f7a034d263021792f96516895e18a17be7c61782b2702d
originals/eupho/2024/EuPhO_2024_Q2_tex__3d6d121e06349ddc.pdf,17276,3d6d121e06349ddca9c241757989f0b7c40915aaef03f30bac4a2e1e1e0c0c39
originals/eupho/2024/EuPhO_2024_Q3__90f09b6874217de1.pdf,59102,90f09b6874217de13173e879c5286cc3adc2215159a3fbe7dbbdf512dac35aca
originals/eupho/2024/EuPhO_2024_Q3_tex__10b978e6e09496dd.zip,8403,10b978e6e09496dd0dfcc3148b8ed47c156b2a67239bf924b97aaccb91968b4b
originals/eupho/2024/EuPhO_2024_Q3_tex__ece625c0a418b4ac.pdf,25281,ece625c0a418b4ac25d5d7edbc4b8ecda628bdce4050a80e02b802d25d958543
originals/eupho/2024/EuPhO_2024_Q4__b3930607da4bf274.pdf,5229364,b3930607da4bf274e33111db4e6cce9d55d07701e2d117a81be127ebef59a6ba
originals/eupho/2024/EuPhO_2024_Q4_tex__00b4b9b22320ef92.zip,132085,00b4b9b22320ef923ddc7c1e07934293a5939c840a48fd794e4a067a25801ee8
originals/eupho/2024/EuPhO_2024_Q4_tex__7f34ae7f9cfb6ab4.pdf,177923,7f34ae7f9cfb6ab46812b768c6aeefde783f23bbcfe1931bdc092dff1fe2ecda
originals/eupho/2024/EuPhO_2024_S1-3__f4e69866fd6e6c53.pdf,1247453,f4e69866fd6e6c53c8bf49ba11b4bb80aff1e546bf9f017ae36a2df0bd3e0de0
originals/eupho/2024/EuPhO_2024_S1__f99bcd688ea3e22c.pdf,336786,f99bcd688ea3e22c5e0c3e6e9fc33acd60945ba14a3eaa4b9806f397cf9d7a62
originals/eupho/2024/EuPhO_2024_S2__19edc6c48e2be429.pdf,543505,19edc6c48e2be4298164f10bcdb5782c2f1e7653de469d1a2ecb7966fc5115fe
originals/eupho/2024/EuPhO_2024_S3__9eaa1a873e1deacc.pdf,239253,9eaa1a873e1deacc085a56bd563ef943991bc5addb8d56d0d68790fdef3e5217
originals/eupho/2024/EuPhO_2024_S4__8a7cdc0a4605ffd4.pdf,1347272,8a7cdc0a4605ffd435d201be78642b8bfe6ebc29e323c559da7203a66e5a2300
originals/eupho/2025/2025-1__6948bdda2e126fc6.tex,1399,6948bdda2e126fc6aae33ebc96de52cd07a40bcce98b483ba8a25b615306c707
originals/eupho/2025/2025-2__89156d83d85bae97.tex,797,89156d83d85bae974b7a41d6afcb8207d68850a54030958b80b9df35ca938152
originals/eupho/2025/2025-3__cf8e6a296c6573a1.tex,979,cf8e6a296c6573a1ba4d051e869996d179e28b3641d87a877eef893c1ecc7db5
originals/eupho/2025/2025-4__2f3b34161abfded8.tex,4921,2f3b34161abfded8e67917c48efc01de960f302e9d584ab5e47e6eeb4e557f7b
originals/eupho/2025/2025-5__25967c5cca39e77d.tex,3359,25967c5cca39e77d05f43c3d88f202f50e3508a6cf2abbf065792b6b1cca82c1
originals/eupho/2025/EuPhO_2025_Q1-3__0dfca9e991269571.pdf,3457667,0dfca9e9912695719359a8f628af396834ca9bb99ff1f5677c317dc5752cb8c5
originals/eupho/2025/EuPhO_2025_Q1__a3951e35c8d19759.pdf,3167104,a3951e35c8d19759f4d0cd0e76702e41eea1e995b9f663b07c7eb939092476bd
originals/eupho/2025/EuPhO_2025_Q1_tex__3bf9b4d2d546bdbc.pdf,110564,3bf9b4d2d546bdbc35179c90c1e78b19b0bde89cc600576cd1a871467da833a6
originals/eupho/2025/EuPhO_2025_Q1_tex__de84b4d086282e6d.zip,91806,de84b4d086282e6d597750e1af324f048c218d3be70e8cc47e995d576b68007f
originals/eupho/2025/EuPhO_2025_Q2__0b404cd247810abc.pdf,407819,0b404cd247810abc946575213910bf18137ed61a8bee92847052be73b30337e1
originals/eupho/2025/EuPhO_2025_Q2_tex__6c7375851fb900bc.zip,28174,6c7375851fb900bc46e3866b086951fa1263bbb407707e77b57877ac9608c9ef
originals/eupho/2025/EuPhO_2025_Q2_tex__a61297adcf43dd42.pdf,48941,a61297adcf43dd42e6ac77ea8bfc8c042205f26e6044b2731b5a4cab0316dabc
originals/eupho/2025/EuPhO_2025_Q3__7cd877fd1350d301.pdf,529044,7cd877fd1350d30142824a416ce9ab5a83daccef47de430402e3b5375a50374c
originals/eupho/2025/EuPhO_2025_Q3_tex__6297a12e63220d3b.pdf,35407,6297a12e63220d3b386474efe2d074ee1bd09cc32afd15915ed3a82cbc7a4b8a
originals/eupho/2025/EuPhO_2025_Q3_tex__8f36eebf40b923cc.zip,14895,8f36eebf40b923cccda2dc65b8f7aa8d01402db46dd6d981dcf065f2e286bf24
originals/eupho/2025/EuPhO_2025_Q4-5__39aab1c42e4b0650.pdf,490734,39aab1c42e4b06505fc285519d5a7791880cd8f2a983cc78e709a08ec912648b
originals/eupho/2025/EuPhO_2025_Q4__6c91cd58d0266c66.pdf,90872,6c91cd58d0266c668e82d54b598534a7396f0e775b8fa026a175979fad7db461
originals/eupho/2025/EuPhO_2025_Q4_tex__0ab9abc968a8b007.pdf,64119,0ab9abc968a8b007f3160e431b88ad14857dca73e8c6a740514ffa1137cd395a
originals/eupho/2025/EuPhO_2025_Q4_tex__1593b9ef7f74dab1.zip,22647,1593b9ef7f74dab1bd76378060bce2b3a4979f1fb76a7b31649d2b43b33c6d8c
originals/eupho/2025/EuPhO_2025_Q5__d26b44e7be116184.pdf,3355528,d26b44e7be1161849eb13ef9dc8be6a44d45909afa0cba31bbe851b1f3d3786a
originals/eupho/2025/EuPhO_2025_Q5_tex__49430cb067fa4b39.pdf,138542,49430cb067fa4b39e48213d6f0e0e42dfa0b84f7c08f2b8a8329fa88a12ecda5
originals/eupho/2025/EuPhO_2025_Q5_tex__cb1e53ca3c108b18.zip,101024,cb1e53ca3c108b18b190eca62b7747e6d636a933d439d8b865dd6ed2e730b8cb
originals/eupho/2025/EuPhO_2025_S1-3__b36aa6570598f1f9.pdf,352258,b36aa6570598f1f9b1bfe1445fc740b74784f72f2ce414deea880d2ae04ce346
originals/eupho/2025/EuPhO_2025_S1__a5c7679e0df9d052.pdf,73757,a5c7679e0df9d0524e782ac9f6843cec2bdad7bb396416a127440a45b9a3245c
originals/eupho/2025/EuPhO_2025_S2__1e252738bfcedc70.pdf,105866,1e252738bfcedc70e5963e1b1c5349ac0b12f28ec87f4635422a81ceeb112c23
originals/eupho/2025/EuPhO_2025_S3__411d2331b169f49f.pdf,255635,411d2331b169f49f3e597b1f70a764e2a29fa060acba0b81c7ee92169cca0267
originals/eupho/2025/EuPhO_2025_S4-5__b7f5fd8d239e63ba.pdf,8787159,b7f5fd8d239e63ba5422a793627fbdddd791888aeb2dff46033ba856629e5661
originals/eupho/2025/EuPhO_2025_S4__69d817eb9eaae478.pdf,449812,69d817eb9eaae478ab3b8e131451af7d77c0b1ed2f18e9f95ea8ea7cf73d24ab
originals/eupho/2025/EuPhO_2025_S5__49f09768d47c2613.pdf,7922871,49f09768d47c261398e70f2f73c5403d884db75358e5ac412676ecb95c5555e6
originals/eupho/2026/2026-1__b7b9ba0b458c192e.tex,951,b7b9ba0b458c192e6efbb1bc46ba1565a3cb78368e8ea519ea6b7ec8fce3cb81
originals/eupho/2026/2026-2__520b1c8ead039faa.tex,1493,520b1c8ead039faa6ced8c3bafc541f164fefda119bd1565648b11760779d378
originals/eupho/2026/2026-3__3836902446704468.tex,1994,38369024467044686887a7e5805e457b663dab6e9aef6c520b26d846aa26a8b5
originals/eupho/2026/2026-4__37440701284557ea.tex,9019,37440701284557eaed0832408ef2aa02f3f2ddf0c1ada583b6b7d787a34d792b
originals/eupho/2026/EuPhO_2026_Q1-3__f200074e0fb1f54d.pdf,106017,f200074e0fb1f54db6b97cc949cf51cc0d44bb8198286f89d59435da79726f35
originals/eupho/2026/EuPhO_2026_Q1__72a1b0375ac0a1f2.pdf,36461,72a1b0375ac0a1f2b9b8120ea4f718cbcdb4711f1abd4f1f00a5d39e0564e23c
originals/eupho/2026/EuPhO_2026_Q1_tex__0e10eacf5fcf239d.pdf,22346,0e10eacf5fcf239d42c8a9b39b722a738804105d3c961d950c494133e45f80b2
originals/eupho/2026/EuPhO_2026_Q1_tex__41ece7a6aa428829.zip,5602,41ece7a6aa4288293255f9343d7e33a5f2bfe5062430a4a85d9c20bae4779883
originals/eupho/2026/EuPhO_2026_Q2__6d3d1a6432238a40.pdf,41362,6d3d1a6432238a4067cb21f62d793fe777604f3a1a8ed45c50f8a0b88cc097c4
originals/eupho/2026/EuPhO_2026_Q2_tex__3a4d2e688660bf94.zip,8826,3a4d2e688660bf94468851c6245ac598e835e5723efebf689c82361e0b0c6b1c
originals/eupho/2026/EuPhO_2026_Q2_tex__60f714a2a78da9fd.pdf,29281,60f714a2a78da9fd118341012e9b2988314dfe91c884cd609ad843698c41783a
originals/eupho/2026/EuPhO_2026_Q3__ed44e0f977f138b8.pdf,45380,ed44e0f977f138b8f462db78527fee2dc2fb54bf6a159ca153dfe378496994ef
originals/eupho/2026/EuPhO_2026_Q3_tex__6dae17354b0ddfce.pdf,34680,6dae17354b0ddfcea00a7d541302c2b70617798ea24612c746c8ab72bb985142
originals/eupho/2026/EuPhO_2026_Q3_tex__d84a5810db168a2f.zip,5577,d84a5810db168a2f5ce512897cc92d5b261faa717fc2b70b00db769ad5e6947d
originals/eupho/2026/EuPhO_2026_Q4__46a2836608c2dddc.pdf,5028060,46a2836608c2dddc6bf3de68c5761e66878629eeeb182370f1bf52505aba5208
originals/eupho/2026/EuPhO_2026_Q4_tex__425fdfe350fc33a6.pdf,300917,425fdfe350fc33a6331128f65dd5459cc12606534f2908e1121dbe87f8f34592
originals/eupho/2026/EuPhO_2026_Q4_tex__e37921904f394d6e.zip,237021,e37921904f394d6e7cd8a7b90808c3266aeaa99d2b62b72ab11b1cebb5fcb086
originals/eupho/2026/EuPhO_2026_S1-3__a3d5ad42277de2ab.pdf,225530,a3d5ad42277de2ab294b209a722a67ac48772551db0ad9560551f9aea738165c
originals/eupho/2026/EuPhO_2026_S1__4ea04ef38506f00e.pdf,113357,4ea04ef38506f00e217833971785fb5235617bb12604f37634b6a806bfbdf1c7
originals/eupho/2026/EuPhO_2026_S2__d1dbf59660dc4d08.pdf,86418,d1dbf59660dc4d08352b4dcd45125afc9cc77356102f2e759b6227aa6285ef8f
originals/eupho/2026/EuPhO_2026_S3__c5ae811aa560401b.pdf,115800,c5ae811aa560401b5fada33885bed62eeffa7a13ffbfe698872c7159c3966544
originals/eupho/2026/EuPhO_2026_S4__1007a75701961112.pdf,2085671,1007a7570196111230b96dc82889ddbcf4be3d8b5a8952cef9902f44b5af2fea
originals/fyziklani/2006/Fyziklani_2006_Q1-42__7240478eeeefc696.pdf,290397,7240478eeeefc696db85402786b6378faca324efa686c093bde1fe4bce95637e
originals/fyziklani/2008/Fyziklani_2008_Q1-40__426a25af55d47b17.pdf,236819,426a25af55d47b177b076fabb5147a17b3c642ec344e537f0736911b0980df49
originals/fyziklani/2009/Fyziklani_2009_Q1-40__b46500e8f6c95baa.pdf,249473,b46500e8f6c95baa0c3f20f320547b22978e535463e5c8e16753cab862e9945f
originals/fyziklani/2010/Fyziklani_2010_Q1-40__14ad603e0e7f5447.pdf,245915,14ad603e0e7f54470aa42dc58a68ae55cf7b97b332412caa2a6cbab4f5e45dd5
originals/fyziklani/2011/Fyziklani_2011_Q1-38__4bc8d7fd340f7af5.pdf,240154,4bc8d7fd340f7af5dec967862d3fcdfff5adde85e2df25b04eb870a1303a82d9
originals/fyziklani/2012/Fyziklani_2012_Q1-42__1380bd2c26f4986d.pdf,326708,1380bd2c26f4986d29bf6951ff7868f439054eff5472d2385d71e0dff544e8c1
originals/fyziklani/2013/Fyziklani_2013_Q1-47__72d8c6a8920b5d76.pdf,290943,72d8c6a8920b5d76eaf308d2fd0f85c18afae156e4c44270b4ccb93363ed2c4d
originals/fyziklani/2014/Fyziklani_2014_Q1-51__5e9550a1f5782c1b.pdf,254321,5e9550a1f5782c1bf3d55b66c6ca7435b1fc6381c8ed60b0abbb5690d1b5be13
originals/fyziklani/2015/Fyziklani_2015_Q1-53__69757af89ae46d44.pdf,453944,69757af89ae46d44d00bfc1b0c224acad47ab5e717adf8031cb4a285e6b6dce0
originals/fyziklani/2016/Fyziklani_2016_Q1-49__62a9c2ce1bb27e8d.pdf,271594,62a9c2ce1bb27e8d06328fe32fa72c8ac117d0c7c5dccbcd466dfc1b46bda4e6
originals/fyziklani/2017/Fyziklani_2017_Q1-50__9b7cee51fa5f5a4b.pdf,340197,9b7cee51fa5f5a4b09b746046545f356334cbe9f464718f4fc34759e70705345
originals/fyziklani/2018/Fyziklani_2018_Q1-51__09866a46824d4189.pdf,392264,09866a46824d418947309b989da694ff6db54a96794ba5876c8d25360afc5655
originals/fyziklani/2019/Fyziklani_2019_Q1-50__f5ef2cdae7676f31.pdf,263895,f5ef2cdae7676f3164fc2be7f4799dbcabf63359eeaba5d4f4c6635887383364
originals/fyziklani/2020/Fyziklani_2020_Q1-51__258d5082a1c652ec.pdf,298573,258d5082a1c652eca603ff36f22f60c0b0355337c73f5b87027f8494c71986db
originals/fyziklani/2021/Fyziklani_2021_Q1-56__a97e9f509f731617.pdf,406023,a97e9f509f73161743b2745015e9080e86e083e45659bef88b61d002f76ab060
originals/fyziklani/2022/Fyziklani_2022_Q1-50__b76d3994e016c1b8.pdf,376443,b76d3994e016c1b8738518d9f93d82590d4f26d1b29af9df9726a65628a8ddb7
originals/fyziklani/2023/Fyziklani_2023_Q1-51__a3ab080b0e2ca3db.pdf,752276,a3ab080b0e2ca3db5a1951e133bfbeaed126fd80cc8e8ee00325dc3985cc56a5
originals/fyziklani/2024/Fyziklani_2024_Q1-54__cd9f983841aadccf.pdf,648363,cd9f983841aadccf1dd2dcd34c0587e4e43e6a9d1159cc4ac9b40f1e2bda6302
originals/fyziklani/2025/Fyziklani_2025_Q1-56__7ada69d198c2677d.pdf,649784,7ada69d198c2677d99fe02ce08dd8452d7d4b22379df75b60d4f9dcc767b3b75
originals/fyziklani/2026/Fyziklani_2026_Q1-58__2b981ce38096a67c.pdf,694625,2b981ce38096a67c5259a4a8f80cbd968949f427fbf6a55123f0073876523e8e
originals/gpho/2016/GPhO_2016_ExperimentAnswerSheets__b4687436c1456fb9.pdf,82067,b4687436c1456fb960973a33c98a590220894d70081095eb5b0a74bfbdefb5a4
originals/gpho/2016/GPhO_2016_Q1-3__c8b5ad09965301f8.pdf,798209,c8b5ad09965301f881e714a06706f7bd6f7887aa4d0650c680fe77354caa0ce5
originals/gpho/2016/GPhO_2016_Q4-5__3e51f11f5dc36957.pdf,720262,3e51f11f5dc36957fb7b938fbba3c48d383d8bee8b329fade5c9636f838e7a56
originals/gpho/2016/GPhO_2016_S1-3__5d4a1f2cc2191248.pdf,439259,5d4a1f2cc21912480e9589dd72daa1a60158322b2a769a129996f73e10444cde
originals/gpho/2016/GPhO_2016_S4-5__a865ca6c13a8b19f.pdf,386566,a865ca6c13a8b19f8336806a09026e31c05ec244eeeaf861ee6bb9b7a19b54db
originals/gpho/2016/GPhO_2016_TheoryAnswerSheets__b180111a7ec8553b.pdf,117077,b180111a7ec8553b8c3f5d85b3ad8ab963c55733044d64496c3ac149f041c760
originals/gpho/2017/GPhO_2017_ExperimentAnswerSheets__0c9e5dc9e21752c2.pdf,188670,0c9e5dc9e21752c2554a70e9052039c4c6c35f79922709667944674143bcfb99
originals/gpho/2017/GPhO_2017_Q1-3__e84ef8d511fa4ecd.pdf,492829,e84ef8d511fa4ecd80814850178f2a28a55ae345609de7c8649556c122900c0e
originals/gpho/2017/GPhO_2017_Q4__b5ed01849a2660db.pdf,197595,b5ed01849a2660db1bb628da94d603a04fb96eb4d4d65f4332852d316b5e7bb7
originals/gpho/2017/GPhO_2017_S1-3__aa6b0a409cca7f41.pdf,409641,aa6b0a409cca7f41d1ece2e2ebb367d315d39d78c59f9feff22db90fc6d6680c
originals/gpho/2017/GPhO_2017_S4__406f8cdaf3a42fe4.pdf,289340,406f8cdaf3a42fe411fc180cc069905f472f97b190b4e9dd84a3812fd1bd1094
originals/gpho/2017/GPhO_2017_TheoryAnswerSheets__bc88afe4056ce576.pdf,325217,bc88afe4056ce576d00997f206f772bc079bb72556437a6f562942668cc2ce81
originals/gpho/2019/GPhO_2019_ExperimentAnswerSheets__462e916af492e09e.pdf,129959,462e916af492e09e6d596b66bfde4f8cbae0de9563abc1043d9ee7d20fc1462a
originals/gpho/2019/GPhO_2019_Q1-3__95354efca9199edf.pdf,2576612,95354efca9199edf3754963189857a5a752e2d6966b07d18a40abf80b392cc7a
originals/gpho/2019/GPhO_2019_Q4__c903b6fd736c0ce7.pdf,2851791,c903b6fd736c0ce7088040cdf8546702a3661421fe4b8f88291eccf557c30c98
originals/gpho/2019/GPhO_2019_S1-3__b3df41b10d1f61d6.pdf,1260594,b3df41b10d1f61d6475cd7d98de524dede496eca653726ac99f42a2a7422b754
originals/gpho/2019/GPhO_2019_S4__bd28400770bb68de.pdf,510614,bd28400770bb68de209858ee7b7f4a1dbf27577d25c7612c2babd343b3e25231
originals/gpho/2019/GPhO_2019_TheoryAnswerSheets__3f938c3cd3040ba8.pdf,396329,3f938c3cd3040ba818d58bbae534747546b341504e30ba52c111d268d35d76c1
originals/gpho/2022/GPhO_2022_Q1-3__3cc2acf86b2f74f7.pdf,790128,3cc2acf86b2f74f75b35c98986138858214e034dbd15ac96358b42c7952b1ab0
originals/gpho/2022/GPhO_2022_Q4__1301ba7f19a11c85.pdf,2159958,1301ba7f19a11c85c09cc916a8bb1408895ec7432e6d197cdc6241aa2dc3f972
originals/gpho/2022/GPhO_2022_S1-3__e385ce82ace6562f.pdf,748954,e385ce82ace6562f3ccb15ad5a253feb435340204b643a71d60a17b1cfd133a4
originals/gpho/2022/GPhO_2022_S4__6f0df5c0177ec7e9.pdf,430360,6f0df5c0177ec7e96cf92f40d527da60c55ea54635028bd101482663eaa6e224
originals/inpho/2008/InPhO_2008_Q1-7__ed833646330a0456.pdf,73022,ed833646330a0456fb1182d21efbb7a7df03a12021610ed1cf1657096639d47c
originals/inpho/2009/InPhO_2009_Q1__103f66f9eb5f0ab0.pdf,163035,103f66f9eb5f0ab0f303f6239e33adb8fe14e31aa4474e2988c14d3fa0f7337c
originals/inpho/2009/InPhO_2009_S1__c872e1283492a2da.pdf,38505,c872e1283492a2da2a8533291612b7918761f79a463362ba7d08de6c661086b9
originals/inpho/2010/InPhO_2010_Q1-5__b0bd2bce9debaf24.pdf,149926,b0bd2bce9debaf2413c0db73150c1f6055a9eb3409939053814d24827bf21076
originals/inpho/2010/InPhO_2010_S1-5__e392a818422dc019.pdf,36811,e392a818422dc01987cfc7ff22b3f1b581a3ae15a07afb43915260db44ffd5d7
originals/inpho/2011/InPhO_2011_DetailedSolutions__804b563266eeeec6.pdf,514948,804b563266eeeec633f3064abe3cc6367803b24415017e6a3dc94b4ef67a73a1
originals/inpho/2011/InPhO_2011_Q1-7__cbb5689252773099.pdf,117863,cbb56892527730996b277c6bdac1c6bccc7060be6ba952422f9cef506084e338
originals/inpho/2012/InPhO_2012_DetailedSolutions__e5cf1941d745cc25.pdf,249291,e5cf1941d745cc250cbe1578a523271501c5df06719ab0fed5d0dd1846814b2a
originals/inpho/2012/InPhO_2012_Q1-5__88cdf127b94e8fa9.pdf,108913,88cdf127b94e8fa944c9809b48a93a66d3ac087e298eeed605a53a99ec4c83ad
originals/inpho/2012/InPhO_2012_S1-5__e883491ec694b3ec.pdf,45354,e883491ec694b3ec9f278a4a59753c6c372919747017dcaaef15ffc06523321d
originals/inpho/2013/InPhO_2013_Q1-7__c440e8c7d1aa13cb.pdf,116019,c440e8c7d1aa13cb22bf322cd760061125494b6911787b35f8c4d0c59e1ece5b
originals/inpho/2013/InPhO_2013_S1-7__8eb8fd54c144e3cd.pdf,48754,8eb8fd54c144e3cd6ecc2ef07cfdfbe60353310c053036db2f19395b763f9293
originals/inpho/2014/InPhO_2014_Q1-8__9c3ee38f89320169.pdf,193561,9c3ee38f89320169a1d50382b35108d203ad27ebe2852a5b35becc0e99aea02a
originals/inpho/2015/InPhO_2015_Q1-6__ea5aebdc302c0620.pdf,533459,ea5aebdc302c0620f7e539e7b9fa4f26e67f4c7dc73b920917a21f4897cc517d
originals/inpho/2016/InPhO_2016_Q1-6__1599c8d8f4cc7831.pdf,242988,1599c8d8f4cc7831fc59ff220e6a4b8b2efe9a0d2ed0b5e8da56ee4dfc01761d
originals/inpho/2017/InPhO_2017_Q1-6__1931a03611b2424d.pdf,1244075,1931a03611b2424d856cd59b31d4c76c3c75948a32487a9b0e8484b25e799489
originals/inpho/2018/InPhO_2018_Q1-7__a3738c6df02bb1c6.pdf,338832,a3738c6df02bb1c65fd85b5f71bccce4c0a84c99042f83f1e0e5ffdecd0c1898
originals/inpho/2018/InPhO_2018_S1-7__a5db5c40e6133367.pdf,1728575,a5db5c40e6133367ddd61ab09453145fa7a440e8792ab498f66265186338903d
originals/inpho/2019/InPhO_2019_Q1-7__4872cc768c43290f.pdf,310925,4872cc768c43290f2b8255efcf49645591da50ec10111cfefbff18cd104a62c1
originals/inpho/2019/InPhO_2019_S1-7__47cfc34aa594cf57.pdf,908433,47cfc34aa594cf57d38bd5b9a596129aa91d53e8d1cd077ddc894fed0ade960b
originals/inpho/2020/InPhO_2020_Q1-5__6a1ae42491687cb7.pdf,270234,6a1ae42491687cb7806ad1fa137bdef2dd1be1ed03aef90df3d3b4a7f0b643fd
originals/inpho/2020/InPhO_2020_S1-5__0ac0a6d4e842897e.pdf,6332334,0ac0a6d4e842897e8fd3acbc970993ae063988e9c1bc88fd70505e21cd60823e
originals/inpho/2021/InPhO_2021_Q1-5__f83c8bd38bcdecda.pdf,76739,f83c8bd38bcdecda909fcd078511f20a2325f06b0914e44f3ad03f50a844fa2d
originals/inpho/2021/InPhO_2021_S1-5__a4d86e9392847039.pdf,171182,a4d86e9392847039ec5330ab32a1f331608ab1e57110b5abc5a7dffb1f7417bf
originals/inpho/2022/InPhO_2022_Q1-5__7a9d0c1867fa7e60.pdf,375776,7a9d0c1867fa7e60a94d4c142c88d8fb22fa203d20505e780a821e0d8340b878
originals/inpho/2022/InPhO_2022_S1-5__cad0605047214fe4.pdf,435525,cad0605047214fe452d8ee66018a6b331fa5b5524efe09b35273ab41f6a07845
originals/inpho/2023/InPhO_2023_Q1-5__e9e8e229f2aaefd6.pdf,2118151,e9e8e229f2aaefd6cdf049f10beb79104404f3aaee8604b2d89e720d30de9d2c
originals/inpho/2023/InPhO_2023_S1-5__35a49b2f15f7538e.pdf,7837222,35a49b2f15f7538e98d10cf7fa7b0e6811f3315fa283ca104be309caedcc5395
originals/inpho/2024/InPhO_2024_AnswerSheets__5d46400d41c7c920.pdf,133411,5d46400d41c7c92080eb1b3a06754a0f0372740ff8e8228749dbccade5c9fd40
originals/inpho/2024/InPhO_2024_Q1-6__91b3f94ac04052dc.pdf,1769538,91b3f94ac04052dc6066d340a0fb75b66709a267449bb436f5f47adac426d264
originals/inpho/2024/InPhO_2024_S1-6__0dbab30149e8468a.pdf,3936519,0dbab30149e8468ab87b4e9f1aeeafa9498cfde0d3ba293d1e2c93b3e9a2fe21
originals/inpho/2025/InPhO_2025_AnswerSheets__67131fd79bb12531.pdf,71235,67131fd79bb12531abc2083f99259d5684dd8cf4dbef2370efd68db39b79c146
originals/inpho/2025/InPhO_2025_Q1-5__fecfd0f354aa06ad.pdf,107600,fecfd0f354aa06adedd67a27980c6e20e3dabe50a00abb3088c45df84d836377
originals/inpho/2025/InPhO_2025_S1-5__2d9e16616d36dbef.pdf,545060,2d9e16616d36dbefc3b916b7781f72020c03b6f8692e0aa69b3ffb28dc1378b9
originals/ipho/1967/1967-1__ca4f92d5c2be0481.tex,1174,ca4f92d5c2be0481ff75347f0822452822e1c8b01cdffc88fb83a8bb9b3295ae
originals/ipho/1967/1967-2__03398e6f3de43e44.tex,736,03398e6f3de43e44c6e1e390a0d138f7d3a55af8d60aa4f3ccb430e921de9b13
originals/ipho/1967/1967-3__3ea26f854d800128.tex,658,3ea26f854d800128a8f0a5937777101a93215b6cdc8e7965a0e8ea981264b8d3
originals/ipho/1967/1967-4__308abe10f234bf2c.tex,1122,308abe10f234bf2c65afeb77c79cd17904cdc3b642e48a2906ac06c47347585f
originals/ipho/1967/1967-5__5df7d14930f493c4.tex,572,5df7d14930f493c49468e6b8831ae6e3073384c6f8de38c9f1b88692a54f73f2
originals/ipho/1967/IPhO_1967_Q1__b6d4bbdf1fcc5d68.pdf,309846,b6d4bbdf1fcc5d6804bbb25ffc4e0725afd207c0d47dc9998bebb1dfd28c58c6
originals/ipho/1967/IPhO_1967_Q2__36def1c63d26cf52.pdf,286403,36def1c63d26cf52ec9c60eacb166db4e9899025c0bb28d8aff103934531cf46
originals/ipho/1967/IPhO_1967_Q3__9709ea4259798945.pdf,169360,9709ea42597989453b44d3903274389593351f217892ca81624e698062a9c7a0
originals/ipho/1967/IPhO_1967_Q4__e50052106c0c3dee.pdf,270789,e50052106c0c3dee15d3614f0336d881330bee1f075f759e6f84fd4bb1c98c48
originals/ipho/1967/IPhO_1967_Q5__b99cbcd41f9a437e.pdf,259297,b99cbcd41f9a437e5ebb2d7f1a948e70870ec2cde35d23f3a59cc80efd370022
originals/ipho/1967/IPhO_1967_S1__861e60c0b7041dfa.pdf,279698,861e60c0b7041dfa96471fa69f46cd684ae54d2ce6b551e0f46e637898ab01e0
originals/ipho/1967/IPhO_1967_S2__b2945fde3c023e4a.pdf,246890,b2945fde3c023e4a6761ea65b82e4538d5e51bcf57ca081c35b98067c8200d83
originals/ipho/1967/IPhO_1967_S3__49316b5276255251.pdf,333658,49316b5276255251ef07e2e1f2bb1fe9d428e76e491e5f43ed00d5e99b0ddd3d
originals/ipho/1967/IPhO_1967_S4__ecda88f06048ec17.pdf,370397,ecda88f06048ec174da4f9098fbd90b680bf0c3fe050c17251e634c12e92f901
originals/ipho/1967/IPhO_1967_S5__9394549f79fe5ec6.pdf,395507,9394549f79fe5ec6d922b9773ae4fb74eb47702e1a1b333646db860312465b50
originals/ipho/1968/IPhO_1968_Q1__c3afca878a3fc3db.pdf,374141,c3afca878a3fc3db5bb13a9a0a04480983d84097c55ea2f3013349f4322a5ace
originals/ipho/1968/IPhO_1968_Q2__3d1edc288312b2bd.pdf,250531,3d1edc288312b2bd169dcf1df1f1e5a83e0de5f18e3b902af31a351695f0d9d5
originals/ipho/1968/IPhO_1968_Q3__82558e0a66b1b3f9.pdf,313148,82558e0a66b1b3f92e9e7643d7d59548c0283bcb74025e697a2fc62c9569c82f
originals/ipho/1968/IPhO_1968_Q4__47f708a9d1a98ee0.pdf,241081,47f708a9d1a98ee01c8cdb665a35dfb13bc9ef40616c5016c0aae9837671d129
originals/ipho/1968/IPhO_1968_S1__c4a18ac988360e9c.pdf,354406,c4a18ac988360e9c84d3327291461387548a393d67b3860bd25163794ca1b2ee
originals/ipho/1968/IPhO_1968_S2__6f58a43761285fd0.pdf,319299,6f58a43761285fd0afe764b6a2b87f0fdbde77ff01113bdf30b20a4ca1901346
originals/ipho/1968/IPhO_1968_S3__e2d2f4d456f11bd2.pdf,335501,e2d2f4d456f11bd249580d31ae125792262d5b126fa4b2cc96f45ec385689a2d
originals/ipho/1968/IPhO_1968_S4__0d9916fdf0822a38.pdf,311980,0d9916fdf0822a38c1b204368d567599897fa8e6a91171ff2a2f91474d1178bc
originals/ipho/1969/IPhO_1969_Q1__db6f329e5f36143a.pdf,87616,db6f329e5f36143adfcc7773d8f3750a52fcb097a23c37102a726b4595274a9a
originals/ipho/1969/IPhO_1969_Q2__762f75a8374214b8.pdf,123523,762f75a8374214b8a907749b3c813d4d58dd07268f25914d440c33393b5c3846
originals/ipho/1969/IPhO_1969_Q3__fce4811f0ada0d8d.pdf,102018,fce4811f0ada0d8db8297631c6b2a1a4c9ff06aab95ec1cb7d65a945ff5074bc
originals/ipho/1969/IPhO_1969_Q4__8375a28bd909af89.pdf,187857,8375a28bd909af89a46f2b4ab458b5ffb33c2c1eac0012f229ca88a60b2f4642
originals/ipho/1969/IPhO_1969_S1__bb757a59062af661.pdf,308345,bb757a59062af6619a98ac1e5c614f739916a90bc33f8db3d5fe668871c7a514
originals/ipho/1969/IPhO_1969_S2__a839e6937ff2e7b6.pdf,261033,a839e6937ff2e7b6e9d558ba4735034be8b309d55fe1fc43be7c1e30061e6cad
originals/ipho/1969/IPhO_1969_S3__591e9da3ce199c1f.pdf,181836,591e9da3ce199c1f9bfacf27f89441254cf8f1cf98aca64f5d8abd67519a14c4
originals/ipho/1969/IPhO_1969_S4__5badb5b3dfd56dad.pdf,203318,5badb5b3dfd56dad1cdd042aa1ea8e538b86e6b82456b1c9f6e8481807710ccd
originals/ipho/1970/IPhO_1970_Q1__c43cb7d49a6c431e.pdf,276683,c43cb7d49a6c431e384a10afe093e9c005de2c9c7e612886d01d22bdbeda77f4
originals/ipho/1970/IPhO_1970_Q2__fcc11f58d7d9bbf6.pdf,251998,fcc11f58d7d9bbf6565d34b3b18cdec70fc6a0e3b425f53c29b63cf6ab512157
originals/ipho/1970/IPhO_1970_Q3__40e4461f9b991240.pdf,238563,40e4461f9b9912409ad33f61fc0d57a5ac20840df32e9a96e9fba6ebd69b3353
originals/ipho/1970/IPhO_1970_Q4__1f71ac0faa3a49cc.pdf,256184,1f71ac0faa3a49cc3453a9fdfea3320aaf6df89e836fb5d422357e7ade67a72d
originals/ipho/1970/IPhO_1970_Q5__05c4ab69f34c24b9.pdf,170812,05c4ab69f34c24b9f01470b281bc3c811a5250161818a1a920ead8eea25cd164
originals/ipho/1970/IPhO_1970_S1__a67633b8f112cbee.pdf,278019,a67633b8f112cbeef9d7be19cd3818058b18befd16a83aeba9866f77b5ba6af4
originals/ipho/1970/IPhO_1970_S2__9f42569454f3b64a.pdf,254467,9f42569454f3b64a8dbd380cd2c7dc6c2a72bed55382b5de96b173fdc63e4758
originals/ipho/1970/IPhO_1970_S3__1f8071d594beed90.pdf,264654,1f8071d594beed904805c6e68c3a2a3fa25b442239211b3bdba09087382c526b
originals/ipho/1970/IPhO_1970_S4__6daf9a19a07a1555.pdf,368176,6daf9a19a07a1555cea6c58288bb161333b71f7aa0e91c36190e82e0c5206e03
originals/ipho/1970/IPhO_1970_S5__d256f26600ba894e.pdf,374534,d256f26600ba894ebf115f63acbab897ff49580dd1f9e82d58f580766837ed5c
originals/ipho/1971/IPhO_1971_Q1__e8321ccd7e86a100.pdf,428317,e8321ccd7e86a1000e6d983fb28da4fbdcfdfa01a7a33cba8e1ed1dab82c7b54
originals/ipho/1971/IPhO_1971_Q2__66e9e664d38f241b.pdf,267009,66e9e664d38f241b424130665f84aec49f7cad697cc832240155ebd801495cc2
originals/ipho/1971/IPhO_1971_Q3__89760015186c4317.pdf,321404,89760015186c431732741da98847f61e5e55a692e15ca63e835ebeb764eda021
originals/ipho/1971/IPhO_1971_Q4__bb31a2255db2c9e9.pdf,316903,bb31a2255db2c9e9834823425cc9a7ec25d50f5d86d1ae3b0b39a2fa699c46f9
originals/ipho/1971/IPhO_1971_Q5__e1bb6e02b66aab32.pdf,384047,e1bb6e02b66aab327bc88239d644c595b4c9a42bb9d7687bd9b4590b4adb7c18
originals/ipho/1971/IPhO_1971_S1__434f1b9a49c2cb3a.pdf,446279,434f1b9a49c2cb3a031f97997078b4d5bf69a116611f5aeeeff253f1a1ec51cc
originals/ipho/1971/IPhO_1971_S2__239ae2d9ddcf52ff.pdf,273484,239ae2d9ddcf52ff1e6c3509f50e81b89af9aff17d992efac1a1704560f2f3b0
originals/ipho/1971/IPhO_1971_S3__4257b1b6a904c9f0.pdf,270255,4257b1b6a904c9f0f216c518911ba6adc39c8614881ebdee4b00ec3ca97a50a2
originals/ipho/1971/IPhO_1971_S4__fc3e7a198d11d4f0.pdf,407790,fc3e7a198d11d4f0673acf1ae7595d02558f21b0e866643485c3a4519596f47b
originals/ipho/1971/IPhO_1971_S5__dcce5cc3889af3f7.pdf,263113,dcce5cc3889af3f7aa5303f45ba459ff89c5f65749c4b79ba59f2fc05913daa4
originals/ipho/1972/IPhO_1972_Q1__07e5badee25ccf70.pdf,270095,07e5badee25ccf70ae51e04ac65bc59f2a45dd9d91018dc256dfe7e642ef7526
originals/ipho/1972/IPhO_1972_Q2__215c2be1af7a8361.pdf,255253,215c2be1af7a83616430f46f155a65a15608dd449f24dcc0a4b3caecc1fa7725
originals/ipho/1972/IPhO_1972_Q3__15e84fd615ac2127.pdf,176993,15e84fd615ac2127e933caaa459fb89432afa9b247c6db3da1c8c9eb03502bfc
originals/ipho/1972/IPhO_1972_Q4__cf70b4bf05fa63bc.pdf,380525,cf70b4bf05fa63bc2f1c2586a4a140faec6b1230171dd0b357ce5a1cc5f40067
originals/ipho/1972/IPhO_1972_Q5__5fc12b3a1a2f3e8e.pdf,243881,5fc12b3a1a2f3e8eaaab00de174805f192e29a4803a67058e7aa3f565bfe8a52
originals/ipho/1972/IPhO_1972_S1__c36ffe923d812f4e.pdf,1063999,c36ffe923d812f4e14163be4dd7aead64a202100408d19a62667c2831163d63e
originals/ipho/1972/IPhO_1972_S2__263e37950b6f6c70.pdf,360271,263e37950b6f6c7014c55717a01ab1075902267d3a8a07a10a85c36d0c7b6ffc
originals/ipho/1972/IPhO_1972_S3__792831acb317c39d.pdf,264093,792831acb317c39ddbbf67519e9b4003ea6649421efc3928cc5bfea1ec0599f9
originals/ipho/1972/IPhO_1972_S4__43dd2503350e46ea.pdf,995961,43dd2503350e46eae519352627bc13e74930436a64def27b7040c43233513ec9
originals/ipho/1972/IPhO_1972_S5__b3bd0b0c3d1d5d15.pdf,1236625,b3bd0b0c3d1d5d153efb2753be13e4207763d14a04de5ce9130bc17ad5dea25e
originals/ipho/1974/IPhO_1974_Q1__c4e694a4d51714ef.pdf,303526,c4e694a4d51714efd293cab495f39792549941cd93fb714dd76d2e6412a39580
originals/ipho/1974/IPhO_1974_Q2__6ce46b3fd5e4fa0c.pdf,323907,6ce46b3fd5e4fa0cd9122ba826c160812e2438ddad615a7a7e4e36388bee1674
originals/ipho/1974/IPhO_1974_Q3__0b0584023a3e4d02.pdf,168958,0b0584023a3e4d02f4b64780f6aac1897671e9e5a541ad798058acb67a1235fc
originals/ipho/1974/IPhO_1974_Q4__a92b6a2f558ec380.pdf,239095,a92b6a2f558ec380d03c5e7579fba669252630a8d03b43cae13d1172bf2a948f
originals/ipho/1974/IPhO_1974_S1__482494c6d58303c3.pdf,326118,482494c6d58303c39919a7fd892627f7d08b5774ce6360acf021750a5d27815e
originals/ipho/1974/IPhO_1974_S2__bf921d12586ef8b1.pdf,355266,bf921d12586ef8b1b7eb0d9e75345e97708a2d50132e975a9ac80f751e8181bb
originals/ipho/1974/IPhO_1974_S3__91fdbcc58592d738.pdf,359054,91fdbcc58592d7386bd896898ecba8febabf31fc6a27a683682a5f94ff029ebc
originals/ipho/1974/IPhO_1974_S4__a025c8b93c0ea3cb.pdf,448919,a025c8b93c0ea3cb7f0cf63c8ff2a51e9bb345d09c3e8d7281d58e08c3af6e53
originals/ipho/1975/IPhO_1975_Q1__98f2fc7c12a93ffd.pdf,113132,98f2fc7c12a93ffdb83929035d1a40397b1d67df877d41a25d57b0a27de1e562
originals/ipho/1975/IPhO_1975_Q2__69af4a68bcdbedf0.pdf,116818,69af4a68bcdbedf0c92dfc726cbe52649bcd248119dddded252b86f055613f4f
originals/ipho/1975/IPhO_1975_Q3__779b78e6503fd1c7.pdf,102384,779b78e6503fd1c7571f9e82c2efad99838e5775f27cad9572a88b12639c1725
originals/ipho/1975/IPhO_1975_Q4__3d01ff69e3892c85.pdf,116525,3d01ff69e3892c85d52b6fdda2689ac59977705575ab3f3df60b786153ca148a
originals/ipho/1975/IPhO_1975_S1__baffb55998d8170e.pdf,147759,baffb55998d8170e1641eaf3bd44757369e480c076f889984f7763a725ce4bb4
originals/ipho/1975/IPhO_1975_S2__44d3471bf21dbb40.pdf,103359,44d3471bf21dbb40acbbc2833af50554f08b2368b244f9aee34550ed485d62a4
originals/ipho/1975/IPhO_1975_S3__dae78ecb6f4a8b16.pdf,247950,dae78ecb6f4a8b16af973afd90714b9d9553b55adbebe677b90e32c7503e3ecf
originals/ipho/1975/IPhO_1975_S4__db5555a8fcfbc994.pdf,162910,db5555a8fcfbc9947ff75d04b4a8a0a5254364d1c899ee3e63547b72320fc1d1
originals/ipho/1976/IPhO_1976_Q1__ac3450d62ac6acf2.pdf,275998,ac3450d62ac6acf29f366d7202aa7434f258a4c0e57c429f084c9ea1e002c905
originals/ipho/1976/IPhO_1976_Q2__1184d570cb432392.pdf,265497,1184d570cb43239223374a6aa731fea4910ee9fee9988392877198b90d6dbe3b
originals/ipho/1976/IPhO_1976_Q3__0ccb6c9f29be9dea.pdf,160996,0ccb6c9f29be9dea9d97b9ab8768640744f88194a5353409ae7e756eeecc6711
originals/ipho/1976/IPhO_1976_Q4__6df9626c005b0ca1.pdf,261142,6df9626c005b0ca11b9adc6ec24c0a89256f88f869d053e8677427321065933c
originals/ipho/1976/IPhO_1976_S1__f145bb7c0df31e06.pdf,276769,f145bb7c0df31e06923ce9d91eab04a440068459e862fcf1b7839091f8237da4
originals/ipho/1976/IPhO_1976_S2__a48a41ef1ea430cc.pdf,261735,a48a41ef1ea430cc194b6fdd1d9e95e0fab2f8de232f390276efa81dd3702a85
originals/ipho/1976/IPhO_1976_S3__8a9a9e2c8e64aeca.pdf,299588,8a9a9e2c8e64aeca0cd1603a31065b0e45799ee1b37a891b9eaec26e14b8bd78
originals/ipho/1976/IPhO_1976_S4__254216297d51d83d.pdf,254435,254216297d51d83dd4fd191dd05347d77a71a9f19eb83e866b1274421e372dd3
originals/ipho/1977/IPhO_1977_Q1__e6850448b7bc6d8e.pdf,259331,e6850448b7bc6d8e430068d8c6e9afe49ba7cacb8b1064a468f6cd60a536e6db
originals/ipho/1977/IPhO_1977_Q2__1cfa476abeab8208.pdf,111970,1cfa476abeab820859c9df70c63786727887a2daac959bb9162c9496d373f95d
originals/ipho/1977/IPhO_1977_Q3__40d7f3d62ae2d59a.pdf,214934,40d7f3d62ae2d59a743de57b7ce17a86d035586b477699459df6a926ff699684
originals/ipho/1977/IPhO_1977_S1__96d077aa642f696f.pdf,332930,96d077aa642f696fbbf54ce7c919646a3df33652f20ff28e9a400ee3afbd3eda
originals/ipho/1977/IPhO_1977_S2__c52fe6ddec99df69.pdf,129981,c52fe6ddec99df693d4c1e49fd64bd5cc3691385460997f43d429c3a7b20e84a
originals/ipho/1977/IPhO_1977_S3__c8dee3939ba88a2e.pdf,324663,c8dee3939ba88a2eaf14681de8a86faf73746e8df5cb478a8c2f7acae560b388
originals/ipho/1979/IPhO_1979_Q1__b71d33140728d652.pdf,309044,b71d33140728d652169c89009e610f4fe95e2fb4faaad4f35f0285e9e0e5d5ce
originals/ipho/1979/IPhO_1979_Q2__7a759751bc803b28.pdf,237727,7a759751bc803b2802f4cacb4664da7d88ab71cd8d19302943bfdf7c55e19b3e
originals/ipho/1979/IPhO_1979_Q3__fee8d6be2cd005e5.pdf,313113,fee8d6be2cd005e567c6edca76e2a68309e0d2834666981e54d0067c5596360c
originals/ipho/1979/IPhO_1979_Q4__93652bc30aa60df5.pdf,176350,93652bc30aa60df58952c5738fc4a17673104f1295a1df752ccd77157b8e0903
originals/ipho/1979/IPhO_1979_S1__e051cef12f0d0f9d.pdf,353726,e051cef12f0d0f9d4003f8684ee783e6fad8a80d53d7cf92b7028ee63d43d3e0
originals/ipho/1979/IPhO_1979_S2__40a3f8936ec4f7e8.pdf,269592,40a3f8936ec4f7e8ffe1224754101b8e55ca672bbba10ef2ddb17ed51a9f55cf
originals/ipho/1979/IPhO_1979_S3__38bd0b60492c6e16.pdf,205135,38bd0b60492c6e16be174bb62f46d32e416a0525ed8fc8f56b325b8488582f32
originals/ipho/1979/IPhO_1979_S4__672ed8521f29a35a.pdf,494781,672ed8521f29a35ab9a676a2a630c579c0642f614940d3903681d16685a0a2d3
originals/ipho/1981/IPhO_1981_Q1__19c87c29fb9d2175.pdf,195899,19c87c29fb9d2175b1e69aae154cbd2f2997b5d6b7757ed7063c8c8d5fd6a58a
originals/ipho/1981/IPhO_1981_Q2__f0b3f83b09eeb239.pdf,179720,f0b3f83b09eeb239548db8e556d66f39ecfabc73612c6c609c73a23bbbd46ae3
originals/ipho/1981/IPhO_1981_Q3__899cb61dd59bfb5e.pdf,178763,899cb61dd59bfb5e172eac5e169e62b62ef1b08475cd449644ee9813ad69af5d
originals/ipho/1981/IPhO_1981_Q4__abbda7eb91a187e5.pdf,201336,abbda7eb91a187e533f0eb7cb062094fe793276efbedeb6cef616c6ec15b31e2
originals/ipho/1981/IPhO_1981_S1__c282798e9a507770.pdf,202690,c282798e9a507770699f31bb9c92dee12b070db31c602a7ac3e2f430d51ee8a9
originals/ipho/1981/IPhO_1981_S2__19ff34b577a026c1.pdf,198418,19ff34b577a026c1cf3e6ab6bd32ddc2b8157fd2cc0813541d8250661834c276
originals/ipho/1981/IPhO_1981_S3__ce13bf7717785f0d.pdf,198917,ce13bf7717785f0d35c1239b5069d0d3b7c0a133468f841f814f305d11abfd57
originals/ipho/1981/IPhO_1981_S4__1b337bf9db129b43.pdf,340418,1b337bf9db129b438ea84e264a77d05d57a2c070899c0ea6f524a6bfd2bd9630
originals/ipho/1982/IPhO_1982_Q1__a304b90571500067.pdf,315357,a304b9057150006711a802a65c191f3ff5b648ac8371de845fcbbfed77c3b7bc
originals/ipho/1982/IPhO_1982_Q2__18049d2e4e27717e.pdf,351850,18049d2e4e27717efefb0f5601fa6c307d550b508bc3242b04b9c729a7608d93
originals/ipho/1982/IPhO_1982_Q3__a1fcf12eb487663d.pdf,266557,a1fcf12eb487663d9cc714099b43420a56fc464f6094ff99f03c31be540590fb
originals/ipho/1982/IPhO_1982_Q4__eecfd0c403f7ef79.pdf,294280,eecfd0c403f7ef79dca7b41b1b41c497a311443d173e1325e39d7f44119fbec7
originals/ipho/1982/IPhO_1982_Q5__13ec050d7a590ea3.pdf,354884,13ec050d7a590ea3535ef810c5e0884716a92d8261d2cb56dda8319f0e3fa923
originals/ipho/1982/IPhO_1982_S1__f35f1612049a6bda.pdf,282269,f35f1612049a6bdac763b151ade7bfeb3f142038b70ee543be33cb934e119968
originals/ipho/1982/IPhO_1982_S2__a4ff47210821cccf.pdf,288737,a4ff47210821cccfa7f0daffabe1798cc9829c0a63f17d2ce31f6e75a52e5a60
originals/ipho/1982/IPhO_1982_S3__371cd40f44314dc8.pdf,336410,371cd40f44314dc8e5cf296321b59e6f88ca7d2e46e1e94ed863b3349c4af4f5
originals/ipho/1982/IPhO_1982_S4__524d83371968b3e3.pdf,334469,524d83371968b3e317d879acb4c605c076f18b9da417bb4e24e90b496082803e
originals/ipho/1982/IPhO_1982_S5__389891a096d86d71.pdf,513633,389891a096d86d712ed2ef85f180e778c0dc67960c2f0a8862c326d75bf3acb4
originals/ipho/1983/IPhO_1983_M1__8bada8d4450fa2dd.pdf,241114,8bada8d4450fa2ddc1375200b67aad322dff2152cd7d889a5daa2a4c8dcbe6af
originals/ipho/1983/IPhO_1983_M2__5c84378417961617.pdf,189748,5c843784179616170fa1dae1cb11d9911bfc375ba920e60872efc0dca0a256ea
originals/ipho/1983/IPhO_1983_M3__537f2b109d0c2068.pdf,141338,537f2b109d0c2068b423accc77b7acdcde52efe845c33002d9982b9654bc230d
originals/ipho/1983/IPhO_1983_M4__4f63b50d94d636e6.pdf,188706,4f63b50d94d636e65f263dad3e84e347fb5ddff7cd5a099022c3f9cf0ab83f9f
originals/ipho/1983/IPhO_1983_Q1__d83ac72ae6f0461c.pdf,209118,d83ac72ae6f0461c59b00d616a45f9c88854531629e705d3a2ed17fb8f647512
originals/ipho/1983/IPhO_1983_Q2__19fcffa45a3c6521.pdf,242749,19fcffa45a3c6521e11fb2e12a7e288faad5bdc6702fcfc64530d5ecb3620924
originals/ipho/1983/IPhO_1983_Q3__2a781bdf3ea27cbd.pdf,489494,2a781bdf3ea27cbd873d25c5c7ca203fa109c61bfdf3afc284639e968bfb0126
originals/ipho/1983/IPhO_1983_Q4__4368386cfcbcbb1e.pdf,372287,4368386cfcbcbb1e97b9aaee98955cc7b45132ed9e91f71412dbd561d02e03b1
originals/ipho/1983/IPhO_1983_Q5__74e9fca3df877693.pdf,167116,74e9fca3df877693e0e7d47dc0885127ae5fc013095391f592104950bf8055a3
originals/ipho/1983/IPhO_1983_S1__3860afb861c06f9c.pdf,365381,3860afb861c06f9ce4a06a04e88924de1fa141d6aa78c811d32ea1d55ccd3c5d
originals/ipho/1983/IPhO_1983_S2__4cfdd6b77bd3dcb7.pdf,200736,4cfdd6b77bd3dcb754cc873fb3eefa50d99551320849b83e881ccc90ecbd3ff2
originals/ipho/1983/IPhO_1983_S3__dbc62d4a91162865.pdf,94575,dbc62d4a911628650fa960a1f0d70a1e54a917d09f6ce4ee1b502c0a3649ffba
originals/ipho/1983/IPhO_1983_S4__32403b57c1c5eeda.pdf,145190,32403b57c1c5eeda1439c47fda8aeeb8dd600b78ea6f73073c4666bad5dae482
originals/ipho/1983/IPhO_1983_S5__b45fc8e2d4e6f9bf.pdf,86979,b45fc8e2d4e6f9bf2dbe460c2126ca9a53196cde79223f781284b1ecd0d431ff
originals/ipho/1984/IPhO_1984_Q1__bb7d9904d4ad590d.pdf,92865,bb7d9904d4ad590df9ab4e9a41ce778ac7baaa319512bd06cc73e4ac571c0009
originals/ipho/1984/IPhO_1984_Q2__e4764bfaa48e3532.pdf,113458,e4764bfaa48e353225ca08b6c17d62bc47b0abce6bf52ef27114d2a147f10043
originals/ipho/1984/IPhO_1984_Q3__231dceef3efb484c.pdf,83611,231dceef3efb484cb5eb54b93a941bb1e86f7d2ba26b2adabe21a2eca32da61b
originals/ipho/1984/IPhO_1984_Q4__c761404b0776e73c.pdf,171914,c761404b0776e73c3ec613b66edcc7d64f8d996eae9a69fd8cfdfe24168de075
originals/ipho/1984/IPhO_1984_Q5__3246d9d8faa870f1.pdf,41183,3246d9d8faa870f1b15f7496a9c5be3e112f6034edaaaf767738f08ca752c9f1
originals/ipho/1984/IPhO_1984_S1__c2ac2d6b1b8125a5.pdf,148303,c2ac2d6b1b8125a59a332d11208ee6bf689c592fb3ed58289cfcb570e83a448b
originals/ipho/1984/IPhO_1984_S2__a7623957671f4551.pdf,64327,a7623957671f455112bc2188ae593f1f83ace429df9276d84e8961fc74f5ee75
originals/ipho/1984/IPhO_1984_S3__74cb6e9acbea5f96.pdf,73551,74cb6e9acbea5f9675022a91ced77fc9cc146dcfbcab2455380eadb80ae7b197
originals/ipho/1984/IPhO_1984_S4__8b3abce1806ca89f.pdf,171924,8b3abce1806ca89f92b4e30ac74ec3110b39a4ef9ede98478618052a8faa0b88
originals/ipho/1984/IPhO_1984_S5__f2636850f576d169.pdf,41173,f2636850f576d169616913c237175b2f3acd0dcf76f72dc6b022d857d35e87bb
originals/ipho/1985/1985-1__8c445b5f7903d2d2.tex,950,8c445b5f7903d2d22bf88127293da9de618b57ff95bc560b93f9edf273f5b9cc
originals/ipho/1985/IPhO_1985_Q1__10b5052005a5fe9a.pdf,236942,10b5052005a5fe9a597111a72fada03c3a59557eecdd5e673ba1ed5a0f466504
originals/ipho/1985/IPhO_1985_Q1_tex__23ff8c4df4d9dab1.pdf,14160,23ff8c4df4d9dab19db3f4f19ddc5b73ae9f3aaa42e0d353b34f322afb115d63
originals/ipho/1985/IPhO_1985_Q1_tex__dc0aee5f0561c914.zip,1195,dc0aee5f0561c914bb9591e5a46abbc80920a9ca1f334d87d3ba19ed841bfcf2
originals/ipho/1985/IPhO_1985_Q2__0f28cc82ac3e7e67.pdf,161333,0f28cc82ac3e7e67dd9f0629e4799609b9de30e5b7339df3208b19544c924618
originals/ipho/1985/IPhO_1985_Q3__629c37d9e8ab9a43.pdf,182616,629c37d9e8ab9a43f540b154962632082da6137ce6ebd73aa2aae1bf90bf77a8
originals/ipho/1985/IPhO_1985_Q4__953d9e9d8513de21.pdf,245309,953d9e9d8513de21e9188c8e2a7fb0185f9ceab8e404e821b63193358fe01466
originals/ipho/1985/IPhO_1985_Q5__aa0d4c5f15caa62a.pdf,320722,aa0d4c5f15caa62ad231d6bfab20dd1f5bca0722c5da0e1d88a2fe83283ca772
originals/ipho/1985/IPhO_1985_S1__7d5c9e4d2844f839.pdf,143900,7d5c9e4d2844f839f55e69a2d3c7bf6c00ebc85d75239f93ce03a31335ad41e2
originals/ipho/1985/IPhO_1985_S2__4262c4bb831160c4.pdf,129823,4262c4bb831160c460347226075c29914c8d4b9421ace5e19fd228a11840a397
originals/ipho/1985/IPhO_1985_S3__c6f18afa849ff0d5.pdf,289377,c6f18afa849ff0d5a2141d848d7f47eba933d7cf16473da079fb13445c7851db
originals/ipho/1985/IPhO_1985_S4__79a6e409d4a6a4fb.pdf,598448,79a6e409d4a6a4fb02188aa9ba80f1708162dbd56a9341c6438802765eccb505
originals/ipho/1985/IPhO_1985_S5__022fe541bcc6401a.pdf,510104,022fe541bcc6401a7fb1a8b7d20d1581dd35fd59c72f99040927ecd30a34a9c0
originals/ipho/1986/IPhO_1986_Q1__ab50345dac6f8337.pdf,118436,ab50345dac6f8337638a2ccf87c64c7dda4276db4af464c4b5765114289748e7
originals/ipho/1986/IPhO_1986_Q2__79d6be07f30d6bc1.pdf,357213,79d6be07f30d6bc1e4b131da8b0006d89159be9ac9b400b0e4e43fc7e5f69f0e
originals/ipho/1986/IPhO_1986_Q3__2cb9bee4b3fa3496.pdf,133489,2cb9bee4b3fa3496542e6c1dc32904d616f5ffecc7099349bcf384eba8436590
originals/ipho/1986/IPhO_1986_Q4__8c07a71e22d583f4.pdf,279898,8c07a71e22d583f4ebb8f8cb13e36a671530d6d7b111cf25025be1a8981dbb5e
originals/ipho/1986/IPhO_1986_Q5__7c5f133d29bb35d9.pdf,390405,7c5f133d29bb35d99907d47f91190a84451182ad490102e8efc48507c9f3f989
originals/ipho/1986/IPhO_1986_S1__a21cc7803a903600.pdf,251011,a21cc7803a903600cf5dafe44dbccd2f227f3a288f70fcacba2caa89d3dd90fb
originals/ipho/1986/IPhO_1986_S2__26ca1eed1711e2c7.pdf,389604,26ca1eed1711e2c7af24d38734acbeabeb7a5636bac8e97d203d1359573c158d
originals/ipho/1986/IPhO_1986_S3__d5b7dafc6a8a3ce0.pdf,394644,d5b7dafc6a8a3ce0c530ee9671fe5e45f18666211469fd71deddf21bd7eb5781
originals/ipho/1986/IPhO_1986_S4__d359984bae9b9633.pdf,315434,d359984bae9b9633f5def6253d8562696fe5c18799db5969e77e57ac04e9bc88
originals/ipho/1986/IPhO_1986_S5__1ca8eebdd582d0a6.pdf,428934,1ca8eebdd582d0a6acbc71a3e610328b9c7c1cd2ea034e93330bab86a0037d1f
originals/ipho/1987/IPhO_1987_Q1__03ae9e18044d9aa0.pdf,175098,03ae9e18044d9aa0945f6aa28ca1d241924edc0121b9a04cb7c1334eaa84ad7d
originals/ipho/1987/IPhO_1987_Q2__ef0a16e651bc745b.pdf,172005,ef0a16e651bc745b13b4bcff8c5232083496d8fa9cec9b066798e75b1c19d838
originals/ipho/1987/IPhO_1987_Q3__416011263705a8d9.pdf,100212,416011263705a8d96e3baff8a5f6caabc0911bac80e052f9c18ef35c6a0f3b3b
originals/ipho/1987/IPhO_1987_Q4__eda3a5b2f5043498.pdf,355748,eda3a5b2f50434989f5f9903c818f86fab3748cbc59fe2bd553cddc28bcc3926
originals/ipho/1987/IPhO_1987_S1__4f55c5229fc379bb.pdf,174022,4f55c5229fc379bbb7c0222389861db3dc7751b8c51d34e023a5fc0ff77a5423
originals/ipho/1987/IPhO_1987_S2__0778365223c705ec.pdf,250579,0778365223c705ec3c6810fc42e3de53bb85529bcf0533bf6afbee5c1715ee58
originals/ipho/1987/IPhO_1987_S3__8a011dbef755c3a3.pdf,297147,8a011dbef755c3a3fd43f4dcb6ba0dba0d844f09fa3f9765a22cdd26b38d323c
originals/ipho/1987/IPhO_1987_S4__ec2cbd04a1d30ef7.pdf,684579,ec2cbd04a1d30ef7d1b1c217ad17a4982bf2ec3073d3a7e674beaafd0ff15919
originals/ipho/1988/IPhO_1988_Q1__ae201b6a60e64b6c.pdf,321711,ae201b6a60e64b6c20f26e9e0615fffabcb6e475a5bad8ee225bb10edc249a4b
originals/ipho/1988/IPhO_1988_Q2__05e5cae415c2d41c.pdf,341779,05e5cae415c2d41c761efc2d9a567b0d050e3951880f6cd9c1ca6d988e7fa24c
originals/ipho/1988/IPhO_1988_Q3__865427fc3e5f06fd.pdf,176429,865427fc3e5f06fd13da05baa6411f24640ddb5554637411907499e3f8504bfb
originals/ipho/1988/IPhO_1988_Q4__298c3e9ab6bed985.pdf,312313,298c3e9ab6bed9853733351a8d757fbdf966405d7eb9a350146ce95af7f3a4c3
originals/ipho/1988/IPhO_1988_Q5__1753cd7ae7ffee33.pdf,360600,1753cd7ae7ffee3337bb613f84a3414988f93a57cf9bd68ce2364a85126689e9
originals/ipho/1988/IPhO_1988_S1__90a2422e6cf677d2.pdf,402341,90a2422e6cf677d263b43d73fae7f4a2cea8634b39f3fa29949f39cbef560ec8
originals/ipho/1988/IPhO_1988_S2__3d131a9cb9bc6dc4.pdf,395373,3d131a9cb9bc6dc4246d449c8624dba20af8c6980dfea46c7784d8f42ceb61bd
originals/ipho/1988/IPhO_1988_S3__ca8660df7e328263.pdf,278944,ca8660df7e3282633ac6867d11c2fc5310602d003df8e1498b85854f5da2bcf4
originals/ipho/1988/IPhO_1988_S4__9111d7068623b320.pdf,261945,9111d7068623b320e94b9659197495cdcc7ef43e5828dd3cfda45d99c9609e87
originals/ipho/1988/IPhO_1988_S5__5b0651038d8b6b1c.pdf,322346,5b0651038d8b6b1cc6f9623bae53a8824a0384091b08533e8e1b4522827366cd
originals/ipho/1989/IPhO_1989_Q1__64085906b0ab34b6.pdf,421662,64085906b0ab34b615152151707cbd838f700c775c3af8d5e80ef13de1662552
originals/ipho/1989/IPhO_1989_Q2__6c0f8498314041ef.pdf,245919,6c0f8498314041efbcfa10446439975f55dd624f7c3cb4fea28738c0d1c9ba6d
originals/ipho/1989/IPhO_1989_Q3__5335f825c3ef667b.pdf,313552,5335f825c3ef667bd600d2b2889c98cea24e50996ddb53a7726fd254bdb4814e
originals/ipho/1989/IPhO_1989_Q4__1d37330c67bf1940.pdf,350652,1d37330c67bf1940e4b15633d96989f38a7e94f5a79589d62fd6b8c70bc89b64
originals/ipho/1989/IPhO_1989_S1__5a68724a1deb6aaf.pdf,357444,5a68724a1deb6aaf7f803d0e56944d8419151daa2a694d0b1647e70b25bf48b2
originals/ipho/1989/IPhO_1989_S2__bac87e620a44f493.pdf,373597,bac87e620a44f4934db3633223fa19fc9ba4f7c17c0e2256b5c2e04fb3076ac1
originals/ipho/1989/IPhO_1989_S3__99f0099252fa0efd.pdf,360234,99f0099252fa0efddf6d95adae553afdd32127c28e506226d44093af55a6312c
originals/ipho/1989/IPhO_1989_S4__f93fbd4bc0a9cd60.pdf,483872,f93fbd4bc0a9cd604922b54c781fba900d3cd4e23a81fff3de3299e0ebd864d1
originals/ipho/1990/IPhO_1990_Q1__4ef503e7a17ae029.pdf,116622,4ef503e7a17ae02991a9c734574d528639a62575d3762578eaeae00dad8df344
originals/ipho/1990/IPhO_1990_Q2__2ebdb4798e5f34be.pdf,149300,2ebdb4798e5f34befd64ad75ba112be17d653a2b17ed4e094b5e2145c4305dd6
originals/ipho/1990/IPhO_1990_Q3__24555411035eba76.pdf,139232,24555411035eba76dfb32c6364ab0ca23e6530dadecf597715eee2d6b4f82a4f
originals/ipho/1990/IPhO_1990_Q4__06ebf91fde08d3d4.pdf,1025642,06ebf91fde08d3d4a02a10e5972cce7acaf0168e8647743bb63530446d182072
originals/ipho/1990/IPhO_1990_Q5__67201aee3772415c.pdf,658796,67201aee3772415cd9d3bb85f8c6889883c8061e7585354e9cfe026c2f36fafd
originals/ipho/1990/IPhO_1990_S1__572e5149a6ddcb0b.pdf,270710,572e5149a6ddcb0bf51d5f52c1ebda289a9a6b87451c8b299791a6bb4749d1b9
originals/ipho/1990/IPhO_1990_S2__0d53e19e9cce165a.pdf,484682,0d53e19e9cce165a3a94f0b17e1ea49ed86cb8db12475f12cec73ce1eb4a5f35
originals/ipho/1990/IPhO_1990_S3__4a86521c016679cb.pdf,446613,4a86521c016679cb504fadf482eabc7100c33a36a98761bf9c4a68c8a6d60f38
originals/ipho/1990/IPhO_1990_S4__ac450c9c7a3364c8.pdf,689013,ac450c9c7a3364c8925648328d6001b73cf46a48ea4acd0aecc531ccd815dd97
originals/ipho/1990/IPhO_1990_S5__1f27af0509bea9c3.pdf,567953,1f27af0509bea9c3a6dcc1476075e91cd07ec853eed26db8375e11250d67c94a
originals/ipho/1991/IPhO_1991_Q1__ff888e8048675287.pdf,64653,ff888e804867528773b860473c9861036d951e32a262fd878270ae6671827276
originals/ipho/1991/IPhO_1991_Q2__e3f9a07d021528ab.pdf,128813,e3f9a07d021528abf4b2dc058fa1c3421893186daa71c6b31c11138a814ee254
originals/ipho/1991/IPhO_1991_Q3__27c227c80ec0e450.pdf,132424,27c227c80ec0e4507e9631c2c6e357e15ea362a2b9b028c8d549ec072285e39b
originals/ipho/1991/IPhO_1991_Q4__a0302508da225afc.pdf,274308,a0302508da225afc5ad5c9e058a9bf574c556bf4f27541717c6f6706186f0f17
originals/ipho/1991/IPhO_1991_S1__287a78c925c9363f.pdf,230902,287a78c925c9363fe17da0916fedf61e16be9ef0b2b7bc76ce933256a6c882f6
originals/ipho/1991/IPhO_1991_S2__da83111e4a329afd.pdf,258641,da83111e4a329afd6a23292e9c92fa71475d4cc8e7547a332728a9314ad26d49
originals/ipho/1991/IPhO_1991_S3__966f1c7b85fb0980.pdf,139096,966f1c7b85fb0980be8790824350a27a72646a6b76d07950409653bfb1aea2a0
originals/ipho/1991/IPhO_1991_S4__98766aca5b380e31.pdf,225315,98766aca5b380e313fcb1bc82d28b3cd2c536c67677e0402d2549ecfcca8c409
originals/ipho/1992/IPhO_1992_Q1__4eb939b200e2dbee.pdf,540444,4eb939b200e2dbee3418f8db9051fc07c05320cf1e082a3dfedb13bd651997f6
originals/ipho/1992/IPhO_1992_Q2__dc9adcb67893066d.pdf,457113,dc9adcb67893066d89de86a4deec4a087e95a8ea7b40479436105ec117ced98b
originals/ipho/1992/IPhO_1992_Q3__0d40ce754dfcde9b.pdf,425982,0d40ce754dfcde9becb88ba267402df85848d8a07f314833cb61d7facbaa6b15
originals/ipho/1992/IPhO_1992_Q4__195fa53dfe963c5d.pdf,3138944,195fa53dfe963c5db009c3ae6e7ebb363408816b08260c56b206cad587284ae2
originals/ipho/1992/IPhO_1992_Q5__d56d7ed51a1b67e2.pdf,668777,d56d7ed51a1b67e26a04c35733018b717271d21f878b416183b6779cba34b3f4
originals/ipho/1992/IPhO_1992_S1__009ce64056a59bae.pdf,2300543,009ce64056a59bae88e072a05f1495a9c6d11e415a028b21c62eb14657149c26
originals/ipho/1992/IPhO_1992_S2__4f7e1c202d3406db.pdf,1140206,4f7e1c202d3406db5592a84e25c1ea08b2c6626906645e1253471cf2502c7fb3
originals/ipho/1992/IPhO_1992_S3__9e03d562cc45771e.pdf,231210,9e03d562cc45771e64572f47e36a73cf15b27dfb7d5fed82c967e6fdf4d0b2e7
originals/ipho/1992/IPhO_1992_S4__9fecafde445581fa.pdf,8195512,9fecafde445581fa32df502fd2ed4b77f9bfeef6dfef4c01d62d1fc4a6a53105
originals/ipho/1992/IPhO_1992_S5__2fcc10f21b104641.pdf,2615966,2fcc10f21b104641dd2432d20af88404f91fe33e3b6c59206f10262e80b9ca36
originals/ipho/1993/IPhO_1993_Q1__b3652787244ebfad.pdf,308315,b3652787244ebfad4042517e9c55a858e4a7a0a1cddb4ccb03f4972c5c3ac9d3
originals/ipho/1993/IPhO_1993_Q2__2fd438407e6d584e.pdf,172090,2fd438407e6d584ef7d02ea50d3e197c07dcc94702c376209bb92e2bee68286d
originals/ipho/1993/IPhO_1993_Q3__6a1c8ad6d7464557.pdf,206068,6a1c8ad6d74645576a7fcb55ce01c9b4081496cf47b2c3e8b8a0615acb805821
originals/ipho/1993/IPhO_1993_Q4__5370ad35e9b46dff.pdf,803028,5370ad35e9b46dff115d182db7fbd1c3f5098ec562393bbd697125a4885da999
originals/ipho/1993/IPhO_1993_Q5__1d64f864037cf056.pdf,766996,1d64f864037cf056eeab78e529fe918e9eda9346ada94bc7d85e82733e46c83e
originals/ipho/1993/IPhO_1993_S1__7bd86eea0049f190.pdf,341526,7bd86eea0049f190e8e989edde7287c4a371aeb847003d6f8eed794cd0227a64
originals/ipho/1993/IPhO_1993_S2__9a2e19363ec3b8e1.pdf,527667,9a2e19363ec3b8e1d9a852205a5a201cadc7ac1c3246683e41832737af3b234d
originals/ipho/1993/IPhO_1993_S3__83c34eaa6cda69aa.pdf,309922,83c34eaa6cda69aa854980fc17275e1240915ebdd75f8062d93b13bc6196bef9
originals/ipho/1993/IPhO_1993_S4__e613788a10962015.pdf,535882,e613788a1096201557115d2020735f3643c2c929a36939d1b916ddd682431660
originals/ipho/1993/IPhO_1993_S5__7c980d86295f8bb8.pdf,1693826,7c980d86295f8bb81590dba74a4c551851d9a1c5b0cf9ed43ffdd647f9811de3
originals/ipho/1994/IPhO_1994_Q1__ed04a937aa8b7a06.pdf,127204,ed04a937aa8b7a06cb9eddb3e8b8399045a076d1d48805275bcd9cd466bf257f
originals/ipho/1994/IPhO_1994_Q2__3a929d9d255b46b6.pdf,381067,3a929d9d255b46b645f2141ea012b3d038842bfb123dd83a9225c6acefeb310c
originals/ipho/1994/IPhO_1994_Q3__d441ba909fb02886.pdf,93257,d441ba909fb028863ed61aea641045caf281eead0e6c7f4de5933917e8aaffe3
originals/ipho/1994/IPhO_1994_Q4__353c78e8c3dff876.pdf,649512,353c78e8c3dff87603b87a3b46c87aa243335dcbd4a5bbcbaface1348a8c6156
originals/ipho/1994/IPhO_1994_Q5__9bd220e7557a6b9a.pdf,232918,9bd220e7557a6b9a7d5c1d60ab7e81670d817c79a659f391343ea1c9b45c3f4d
originals/ipho/1994/IPhO_1994_S1__2933fcb8d9d157fb.pdf,331383,2933fcb8d9d157fba0d116d2ec76223c81d72fde698275c92a449b3b5d5b9e12
originals/ipho/1994/IPhO_1994_S2__9fa2c83d987e4ed3.pdf,409025,9fa2c83d987e4ed39736b7b5d199ae23813d98dcfea86cd96c60040f1c8d31dd
originals/ipho/1994/IPhO_1994_S3__68d7abdf9d1258fc.pdf,239066,68d7abdf9d1258fc3e1de1471fbcc7208eac9f531a06d115f7ae7a0895e8adcd
originals/ipho/1994/IPhO_1994_S4__e6b5a05dd281cb16.pdf,553687,e6b5a05dd281cb169c1c72bf43f8e0c0d257bce1fc680bb56a1a55e728453ec1
originals/ipho/1994/IPhO_1994_S5__e48c37bad9abaa75.pdf,499974,e48c37bad9abaa7509d163a53989b8f6f0d12421a7bfcb87eccfc7e303c74034
originals/ipho/1995/IPhO_1995_Comments__ba6a5a832f73a110.pdf,45028,ba6a5a832f73a110c26c3c9e4f428c9870ac5f5d24634fef282cb14879e815e4
originals/ipho/1995/IPhO_1995_Q1__df9702091d0e36ff.pdf,53066,df9702091d0e36ff8345658013b4d785f8098b2d90a8ef3cdbf90ffd144f2e12
originals/ipho/1995/IPhO_1995_Q2__5eb9e3dbf4f747ca.pdf,63978,5eb9e3dbf4f747ca3cde4456e4735e377f56aa3ed2076f97edc9ab297489129f
originals/ipho/1995/IPhO_1995_Q3__505ec635abe1045d.pdf,76722,505ec635abe1045d7bafff07c11516014a8eda268c6519a6b0885d6e87940806
originals/ipho/1995/IPhO_1995_Q4__3d6ace201fa966eb.pdf,31926,3d6ace201fa966ebea1240456128df34f797c9eae9cd140ea1320499e39daac8
originals/ipho/1995/IPhO_1995_Q5__244d83a88f4d3e32.pdf,33863,244d83a88f4d3e32a6d79f1fba57a6d9762414e2ceb9e1448706d704ddd495d0
originals/ipho/1995/IPhO_1995_S1__3fd408b2bfca5ccd.pdf,119608,3fd408b2bfca5ccd163e8bf9e4a1528853d69a253c80a20d8e82c345e9e00d64
originals/ipho/1995/IPhO_1995_S2__dfb224c6ab783bf5.pdf,78556,dfb224c6ab783bf54e9c448d9b3e6ebc9320452f6ba24a4ea1e3d77df43dc6b8
originals/ipho/1995/IPhO_1995_S3__7943fe52833772f8.pdf,147076,7943fe52833772f838443f857941602269c27a9a8c1d31772c6aea7fdffc7ae1
originals/ipho/1995/IPhO_1995_S4__f20b553c8b4e1978.pdf,43707,f20b553c8b4e1978873f4c64b834f46b5543c321e8f3f282ce03bf3f42aec9d0
originals/ipho/1995/IPhO_1995_S5__878257422ae0985b.pdf,69821,878257422ae0985bcc2d6ae0cff9a73b695c40f19d092a5f244a72ac8126ed33
originals/ipho/1996/IPhO_1996_Q1__f2e460deaa9d0470.pdf,138393,f2e460deaa9d04700c02662b3a815d6714fb65f082e2b89276911dbdf75c93ad
originals/ipho/1996/IPhO_1996_Q2__48076bc2bbe6c035.pdf,145003,48076bc2bbe6c03595d949b89ee023ae5c2ce20b3f1b6a3b8bccdfba47987527
originals/ipho/1996/IPhO_1996_Q3__13e0b091cec8061c.pdf,136579,13e0b091cec8061c31773cd358b891064ad9ee593f7d4bf6dfa22fb94561dc21
originals/ipho/1996/IPhO_1996_Q4__3de204b53cea0571.pdf,892935,3de204b53cea0571f2ca855e83c69531d6c8ff5db82c7d8db262f27ecff9034e
originals/ipho/1996/IPhO_1996_S1__2e6032eb20885368.pdf,300138,2e6032eb20885368739801dfd1491874d940d9a4497bf0408d6ba8bd428de03a
originals/ipho/1996/IPhO_1996_S2__27ded1eab98b6527.pdf,316724,27ded1eab98b65278104c5e65a3ff34fc4f6c164a000088da66fb064a1d8fd86
originals/ipho/1996/IPhO_1996_S3__e9cd537ed71e1bb7.pdf,341586,e9cd537ed71e1bb7e368ca135444b4bfc0cd5188345f448d1b25a4a151141ef1
originals/ipho/1996/IPhO_1996_S4__c372ccc9bc7167c5.pdf,1456621,c372ccc9bc7167c5ae02b04160c6ec4860dfc89a18fecf50669f0483ca99b189
originals/ipho/1997/IPhO_1997_Q1__076296d4641c5039.pdf,73994,076296d4641c503954b44c9403ac4a1bf58e7a2e0e85874ac5b2907abc767333
originals/ipho/1997/IPhO_1997_Q2__0b67f66e53f6dbf3.pdf,193099,0b67f66e53f6dbf390370ee57de49945487125629a3bfde53ac1fbacafdccc2b
originals/ipho/1997/IPhO_1997_Q3__def56bfce26ab84a.pdf,187412,def56bfce26ab84aa26f42339a76648657707c4c205a39c5f3dc15851a0c5fb8
originals/ipho/1997/IPhO_1997_Q4__c4d7c5180144cda8.pdf,128427,c4d7c5180144cda8c7f98f1b7e877f6865a62d5b8bc4f9195d4f0c7d62cece13
originals/ipho/1997/IPhO_1997_S1__b51eff9e3af06988.pdf,358194,b51eff9e3af06988db35643ec5e1ef08dd9d2b1444ea30be86eb3eb1954da76c
originals/ipho/1997/IPhO_1997_S2__65f3a07f6c21f08c.pdf,248850,65f3a07f6c21f08c8ea9804fb7867c62da371a3beb673b2dbe9c8ee9f493fead
originals/ipho/1997/IPhO_1997_S3__5f45e739f680e4d0.pdf,309087,5f45e739f680e4d053a4ad34befc29286127b7c772eb636ab304e64dcbb9ca78
originals/ipho/1997/IPhO_1997_S4__9306e836998a87b8.pdf,168978,9306e836998a87b828561f1ebe7f6028319ae047ecc69c836b274e6b28577b91
originals/ipho/1998/IPhO_1998_Q1__6e9b7d53ff8d8f47.pdf,997024,6e9b7d53ff8d8f47f0fcbe3793f15a9393e4bb4e3d837692e29dd29b9a6c9ca0
originals/ipho/1998/IPhO_1998_Q2__8fc568d0713697ae.pdf,2266548,8fc568d0713697aededa59c35fe6dce8e87a7d26db1b5706d9f6f8982ffded53
originals/ipho/1998/IPhO_1998_Q3__cc81f6dc6ae524f4.pdf,1687632,cc81f6dc6ae524f44758941b0658028f058927e6d267b253adb1b3992a7b7bdb
originals/ipho/1998/IPhO_1998_Q4__26b45ae84bf0eb3b.pdf,162448,26b45ae84bf0eb3bdaed5ac460c2b9b45ec1a8970b4e7b6d4c408d857df5d772
originals/ipho/1998/IPhO_1998_S1__84c57b824a4150f7.pdf,2772118,84c57b824a4150f7a2f926efc58d9f67cfb33c73b4cbfe57f9cf44b4a74e731f
originals/ipho/1998/IPhO_1998_S2__ca01d4d82bacbffb.pdf,2041109,ca01d4d82bacbffb82b0c27e3a4e3a85904bf9db9d786cff211e6cb1227b0411
originals/ipho/1998/IPhO_1998_S3__aa4829e049fa209b.pdf,2618813,aa4829e049fa209b8f9c01fd0992fefce896cd9de3a96058a9efc312ff74598b
originals/ipho/1999/IPhO_1999_Q1__94db6eb1ea95284b.pdf,45655,94db6eb1ea95284bc9147061ee02499c661eb457b938d98b14db119f1c3e40b7
originals/ipho/1999/IPhO_1999_Q2__2337fd3e5b0060f0.pdf,67429,2337fd3e5b0060f0f0335a4f4d55b9938bd397f5c5c94a2f451c1e8556addf10
originals/ipho/1999/IPhO_1999_Q3__3d5840b0e8a61e12.pdf,46958,3d5840b0e8a61e12ea8bc60daded072a41dfd8d1dc91db6a9c2e651775fe163a
originals/ipho/1999/IPhO_1999_Q4__5fab37d5b74e2d52.pdf,458912,5fab37d5b74e2d52c97672ae0dbe8809eb81dfbe72d33dad8b951661e728e700
originals/ipho/1999/IPhO_1999_S1__d2e5289195d3030a.pdf,30652,d2e5289195d3030a2c33784d6012de08c28c00b298b5283553509f4bf28f1fdb
originals/ipho/1999/IPhO_1999_S2__71178fdfabab96ff.pdf,46894,71178fdfabab96ffd77fb632dd5d640ed98585640ef318ae9bfc9964d73546ee
originals/ipho/1999/IPhO_1999_S3__1432489ff514cbec.pdf,43750,1432489ff514cbecdf4b5c36b4b5d3b367cfeae5183eff92b9a2254040c413aa
originals/ipho/1999/IPhO_1999_S4__1454fef0891466c0.pdf,203636,1454fef0891466c0a2b3f04a58c9dc34446216d44c023565d1b97fc8b3dcc8da
originals/ipho/2000/IPhO_2000_Q1__2fc5189cd3644ebc.pdf,144287,2fc5189cd3644ebcf30c610664c8b761f1425eb4af5a5e1906b29ec924e643e5
originals/ipho/2000/IPhO_2000_Q2__2ce75e4aa1a93d69.pdf,119890,2ce75e4aa1a93d69c79a39bcccd9bec72ce590fc247f56a72fec0ff693902740
originals/ipho/2000/IPhO_2000_Q3__a0752a1b1aae7fa5.pdf,186531,a0752a1b1aae7fa523e9c25dbc45dc8154e6786e83f8c8ac60744742036bd2d5
originals/ipho/2000/IPhO_2000_Q4__9196cee05b9d7800.pdf,241409,9196cee05b9d7800a543cd00f1f0cd2cdd10e99e103be9ebd5f161dfd1d148ff
originals/ipho/2000/IPhO_2000_Q5__1f332deeec1ea8a9.pdf,145408,1f332deeec1ea8a96ee0a6d3a2feca7992371882835090c97f8460cf607b5b77
originals/ipho/2000/IPhO_2000_S1__45dd36313cc1751f.pdf,727172,45dd36313cc1751fa79ff1c206dbb746b14e7e81016236436ed9860b26467b56
originals/ipho/2000/IPhO_2000_S2__cd26398f625f4187.pdf,109854,cd26398f625f4187167e0f337b870d0329e881a708086fbcad897dc4c01ae19e
originals/ipho/2000/IPhO_2000_S3__b13f83556c912a90.pdf,123218,b13f83556c912a90bb8bab6b6136dc70a669a53801af10d56e8c6fb42aab5786
originals/ipho/2001/IPhO_2001_Q1__0a77e5ef689b46e0.pdf,351651,0a77e5ef689b46e0c65f5def3fa840a148c04bc82db4537b6c34968d7bc35abd
originals/ipho/2001/IPhO_2001_Q2__ba4d5fe01013afae.pdf,182332,ba4d5fe01013afaec1bea231ece243340d16488534c2ca72c401fe8a3dc5be97
originals/ipho/2001/IPhO_2001_Q3__ba5ece929337a33f.pdf,161236,ba5ece929337a33f4b3e401627b04d2e109b80223821b7b9478d59f48494bcc7
originals/ipho/2001/IPhO_2001_Q4__d4dc93246ea0ad70.pdf,201172,d4dc93246ea0ad707db22c3a52d8a6bdbfe1adcf56638b5e9a75dc5f668b57b1
originals/ipho/2001/IPhO_2001_S1__4ee2e110d625cb80.pdf,473860,4ee2e110d625cb802decc1462033e7f4365b7396271306cf6b68aa0e7773bda0
originals/ipho/2001/IPhO_2001_S2__0b2e95ac4d65c831.pdf,168298,0b2e95ac4d65c8313f7f1c8be7100b7ace424c84d5caad078527292a23045704
originals/ipho/2001/IPhO_2001_S3__2c8b360cefd82869.pdf,175660,2c8b360cefd8286936004b0a829ab24aca425cf3bf9c41f0254c1a565d7858ec
originals/ipho/2001/IPhO_2001_S4__fc81e0f84f51c8aa.pdf,233507,fc81e0f84f51c8aa7e468b7653d8edfaa2f83c1ae7564f54567a5a710b888000
originals/ipho/2002/IPhO_2002_ExperimentInstructions__a5c01ef1f298a0f6.pdf,107336,a5c01ef1f298a0f6bc2a1e38dc9eb6f2cabc87e36b85483f257576241744f2cd
originals/ipho/2002/IPhO_2002_Q1__2119f1b7f274d98c.pdf,17835,2119f1b7f274d98cda03e30932893815c7469e10a3de1f93e3bfee7f30dd165e
originals/ipho/2002/IPhO_2002_Q2__be2fb24f7f026710.pdf,20589,be2fb24f7f026710841bbac19b4a43c53c5d9b1182ce2c22dddceb8de26e3068
originals/ipho/2002/IPhO_2002_Q3__25f56b40eb036b7f.pdf,15662,25f56b40eb036b7f75ae1caa691081286d6ad285b584aebc3439572e1a9abd9b
originals/ipho/2002/IPhO_2002_Q4__6b2a1604302801c3.pdf,24587,6b2a1604302801c3ac0a08ab9467f7bb8426115eabcc880f7525061557f2eafc
originals/ipho/2002/IPhO_2002_Q5__67c7a12b4ef26938.pdf,24685,67c7a12b4ef26938115ad2a5295c0413cee65a0ee7fb41782ff10938f56c62cf
originals/ipho/2002/IPhO_2002_S1__6c8413aaa71cb48a.pdf,52047,6c8413aaa71cb48aceccb49fb6c7ee2263937f9677eb303e4b4007dd5abc6174
originals/ipho/2002/IPhO_2002_S2__d22fdfc5e5a98c47.pdf,58239,d22fdfc5e5a98c4797953cb2c6b72ba3160f84aa4ce9f405f0f61d03a5cbf587
originals/ipho/2002/IPhO_2002_S3__0097a3822cede395.pdf,34232,0097a3822cede395928b0aba3e90df7a1277dcd689decf875bbcfe32e9e5dccb
originals/ipho/2002/IPhO_2002_S4__f3656b3128d231e3.pdf,257496,f3656b3128d231e3b5fd49d7f5c74812d86fea2f37f2b68315e3363e70c4c836
originals/ipho/2002/IPhO_2002_S5__3d256c5875caa1a6.pdf,25439,3d256c5875caa1a68233f0fdc3b207c82707ef6a7f64420f82da1ac3f6723c3b
originals/ipho/2002/IPhO_2002_TheoryInstructions__38dbb1fc9ca1a4b4.pdf,90291,38dbb1fc9ca1a4b48b765b1fbc6ef74da6ecf60d5be112b6fdc98cc2c0829c80
originals/ipho/2003/IPhO_2003_Q1__9554af3bfef749d4.pdf,98193,9554af3bfef749d42eb34503f04671ebc505e0c7c3a117f475e705cbc19b39c5
originals/ipho/2003/IPhO_2003_Q2__46337ad48f62aba2.pdf,125883,46337ad48f62aba2394de255defc52f10ebdc0e002e2c8ee9af71774ab1c75c1
originals/ipho/2003/IPhO_2003_Q3__88371b2b3c0e05d0.pdf,48359,88371b2b3c0e05d0687b7004047c5b8b9e7ca57fb2c68f1d7f380aed5fb5e0bf
originals/ipho/2003/IPhO_2003_Q4__7bf9860269e8c2fc.pdf,451864,7bf9860269e8c2fc3abdd077a0445f350df28849b0e971b197587cf6dcfc1033
originals/ipho/2003/IPhO_2003_S1__97a9794c915bf603.pdf,214309,97a9794c915bf603d320bfdf4a75edc65489bf675a4e2a146ce50c9a278b460d
originals/ipho/2003/IPhO_2003_S2__b76d459b3d8b8d9d.pdf,102410,b76d459b3d8b8d9d559d0e0a62e36f285e186fc27abdb263d7944abddc01da62
originals/ipho/2003/IPhO_2003_S3__22e69880934584c3.pdf,71821,22e69880934584c3d3377467263334fdbe21ebca43d5162c99e812b72ed2ef4b
originals/ipho/2003/IPhO_2003_S4__053db0f17751b2b0.pdf,336368,053db0f17751b2b00951d7dae627a37c6a25626d2195245605a81f85384930e9
originals/ipho/2004/IPhO_2004_A1__31acd98acdea307c.pdf,119505,31acd98acdea307c5742d6810fd8177ddc61693886c4c0a90a9421c76d483caf
originals/ipho/2004/IPhO_2004_A2__60cab15f228ae293.pdf,116162,60cab15f228ae293db8823bf7ef25811ef48acb8e914927ee49dbb1b24f675ad
originals/ipho/2004/IPhO_2004_A3__b79b6405c12bc855.pdf,125025,b79b6405c12bc8552fb444e6c0a48ec2a549bd24d89b62491dd4e61f6c841754
originals/ipho/2004/IPhO_2004_A4__c4116420953a95c7.pdf,103906,c4116420953a95c7707910686f78d7ea03933cce0086e69e045f90d141f2e7df
originals/ipho/2004/IPhO_2004_Q1__217798634d7982ac.pdf,137358,217798634d7982acd0f9726efcdd016f2d76cae24182f712f5cffd8d7e06a30f
originals/ipho/2004/IPhO_2004_Q2__456f22de09f90007.pdf,121990,456f22de09f90007886d8cc4006c4b85add6c4cce574f268e3f66f1b20392815
originals/ipho/2004/IPhO_2004_Q3__a9a4e9f678153ab1.pdf,168554,a9a4e9f678153ab190f268dc19930dab8067d05f1fbcb1d38cb9b38610f9ba4b
originals/ipho/2004/IPhO_2004_Q4__7f8957552f2ac0e8.pdf,1040425,7f8957552f2ac0e8a84d30c7250cb9103e96c484d73707f02d8559dcec854b66
originals/ipho/2004/IPhO_2004_S1__3be9440de95bb24a.pdf,359143,3be9440de95bb24a8f8eda5f83a274085fcbb09ff4eb8ba3e660413c706bd6ef
originals/ipho/2004/IPhO_2004_S2__8882693aaceb0902.pdf,187790,8882693aaceb0902427746779ea8c58389da2ce5737473d51dbc55e7f4b7e643
originals/ipho/2004/IPhO_2004_S3__f603df2f6c822665.pdf,199126,f603df2f6c8226653eaeb61917c37919e41cc87ad25624b9d61aa65bfff2338e
originals/ipho/2004/IPhO_2004_S4__e1bf1fb39e1fde4e.pdf,177203,e1bf1fb39e1fde4ecfe6565189e843580319aa87b1dceaea3187ea98e9bd2fe7
originals/ipho/2005/IPhO_2005_Q1__7ab175fc3932a60b.pdf,120688,7ab175fc3932a60b47f0f7999e1ad5cd91c12f9d47ff54c47b958f05bf04a847
originals/ipho/2005/IPhO_2005_Q2__ccdc01b92366f30d.pdf,123728,ccdc01b92366f30ddeb017eeba5223765b436ddfdee0101ea774c8ae0e76ef49
originals/ipho/2005/IPhO_2005_Q3__767d57e26ee90e4e.pdf,112474,767d57e26ee90e4e476d09ff8b5f05020750f9ac024df6d7b2181b646fcdbb53
originals/ipho/2005/IPhO_2005_Q4__f6a4a4911a96c9e2.pdf,264853,f6a4a4911a96c9e2741e1ff04c41c54f2861b3fd6d5cbe93b2323889597b01be
originals/ipho/2005/IPhO_2005_S1__727521a1884ddd4a.pdf,86487,727521a1884ddd4aecea001f600f536f2a9070de2e053a4207fc24755f7dbd33
originals/ipho/2005/IPhO_2005_S2__08581879a750b3f0.pdf,78348,08581879a750b3f096d3a605c25bfd04fe63bee32f331d920ab463d06ec2d6e5
originals/ipho/2005/IPhO_2005_S3__9f7dd787954da858.pdf,70943,9f7dd787954da85897e902f4337dc6012b31385bd2f7f22a82c968663dd35a3c
originals/ipho/2005/IPhO_2005_S4__d8808be2170f8b73.pdf,275971,d8808be2170f8b733c6ee9eaf4e82953da37b868c08c6a5a5c6aa2090144f255
originals/ipho/2006/IPhO_2006_Q1__820cb63d3c767837.pdf,122615,820cb63d3c76783782d41f14a61cec9ed50d6edc207c431eb3f0fe4427c82603
originals/ipho/2006/IPhO_2006_Q2__65f7ab6338ec204f.pdf,67495,65f7ab6338ec204f6fca64759ebff91488e25c4e277afe45c5ed61585c5527ba
originals/ipho/2006/IPhO_2006_Q3__56f9233ee4aaf86a.pdf,198894,56f9233ee4aaf86ae9ef2afd16ac84bc34faba9464e06c4a31418cce64ce4872
originals/ipho/2006/IPhO_2006_Q4__9e3ffdb6fa3518dc.pdf,1246651,9e3ffdb6fa3518dc728f66822e6d8f7b6f10721289395dfd30c029ddcb4c79f9
originals/ipho/2006/IPhO_2006_S1__45b0502729f67222.pdf,53535,45b0502729f67222744c985326c1377c77b36770088560e23b9d3d8e228d4160
originals/ipho/2006/IPhO_2006_S2__34588bc6d6aebecb.pdf,41916,34588bc6d6aebecbfadd8a18147c9a426df0474f1d6f6bafd4c38094319d5861
originals/ipho/2006/IPhO_2006_S3__85a812f4b1f2a2da.pdf,71397,85a812f4b1f2a2dac115e1d7ae7da38f8a44f40fa55e5249884b806c429ef447
originals/ipho/2006/IPhO_2006_S4__1790c38067de8892.pdf,1105688,1790c38067de88929354a5db9faacce58cfe85f496cf838121cb90c4b0fb446a
originals/ipho/2007/IPhO_2007_ExperimentInstructions__c6a834879cffc2bd.pdf,523850,c6a834879cffc2bdef492b642582bcbfb8eebb699dd79c51336e162a90aaca50
originals/ipho/2007/IPhO_2007_Q1__d7973f68b890cf59.pdf,143362,d7973f68b890cf59773632ec3dff991fb2e2dfa4e6f3fb04240ca8d5c34da9b3
originals/ipho/2007/IPhO_2007_Q2__a5553bf1e5702140.pdf,144345,a5553bf1e5702140aa3c4e3496acde6fb826e114b976b17e50bb7bcd906dd48b
originals/ipho/2007/IPhO_2007_Q3__8cd4886eb9d1eff5.pdf,164176,8cd4886eb9d1eff52053ab2141bbbbd55d6cbb167137df4fed20c53a0fc620de
originals/ipho/2007/IPhO_2007_Q4__dffc59f0470d0048.pdf,1360369,dffc59f0470d00481f0cfe3e8a2c18d67fbdfe38397373538f8c4b115b24128e
originals/ipho/2007/IPhO_2007_S1__c801bbb526f94725.pdf,53418,c801bbb526f94725039115e7cee112c4b5fc1d26087c8835901ed4d13e0d9814
originals/ipho/2007/IPhO_2007_S2__161f46402b8ed8c5.pdf,39919,161f46402b8ed8c52cf0e5bd422e7eaf318eef5a5f4d024b86cf1bc6ba03f4c0
originals/ipho/2007/IPhO_2007_S3__7fb57e833def64b3.pdf,48085,7fb57e833def64b37148e7e771c45e4a893c9027753498887e7720895088b7e7
originals/ipho/2007/IPhO_2007_S4__0f4bed0eba13c359.pdf,560728,0f4bed0eba13c359e94189f0c84555c86e7d6391faae3d17cbd1827cff8a76bc
originals/ipho/2008/IPhO_2008_Q1__06d0070a48ec398a.pdf,312200,06d0070a48ec398a02c337a160be4b0d59e106257b7e95ad53d139fb2e95114e
originals/ipho/2008/IPhO_2008_Q2__75e6b3948a145525.pdf,106311,75e6b3948a145525ff31121ea279d7d2071fc8db2e7a0bd82330aac0a43685a6
originals/ipho/2008/IPhO_2008_Q3__fbda1c6860f72e3d.pdf,137969,fbda1c6860f72e3d55f5b8405f117c68e57fce347e71e49c6e7517cb935b4fcb
originals/ipho/2008/IPhO_2008_Q4__ca949b35e187f2f1.pdf,321039,ca949b35e187f2f169ef2a5750c241a716594f928ba26f8e6dbf6b5ff1790e5e
originals/ipho/2008/IPhO_2008_S1__3480c3404fa6cdbe.pdf,172211,3480c3404fa6cdbef4f75aa4a445ba3aa27feabfb34247633c01f57c9e614152
originals/ipho/2008/IPhO_2008_S2__5dc0c1abba3d7d49.pdf,147167,5dc0c1abba3d7d496c0e2cace0ac10b137f1e006118abb091f6af73ae314f9f9
originals/ipho/2008/IPhO_2008_S3__7585411b55451059.pdf,98852,7585411b554510598d7986f46f79d018adff4f80b43dce92c8141a40f0298d6a
originals/ipho/2008/IPhO_2008_S4__431fff585e07c15f.pdf,236057,431fff585e07c15f874e1d1a39944fdff9cd618bddeaf87e548ed30ed143d71c
originals/ipho/2009/IPhO_2009_A1__e51c406eac511273.pdf,47870,e51c406eac5112737a334becff806c198f5a822fa1705dad49fdc05fd477ccc3
originals/ipho/2009/IPhO_2009_A2__2eae125ea083226e.pdf,46912,2eae125ea083226e4871e36559760f0684d336174e871978d5f868c16ddb6fc7
originals/ipho/2009/IPhO_2009_A3__5cab5cbd6139eb62.pdf,51014,5cab5cbd6139eb6235022cd4a2e684b88a83f8a4192462437440133ced8920a9
originals/ipho/2009/IPhO_2009_A4__65dc689c7602d725.pdf,91097,65dc689c7602d725328eba083e1b7d7e01fc4f8c899afeed632c0ffd75ef1c8c
originals/ipho/2009/IPhO_2009_A5__6a551b8e19527b94.pdf,127453,6a551b8e19527b946379d74de97b3a28cfc77c4943dc2c13ec9e030a8e373fa3
originals/ipho/2009/IPhO_2009_Q1__d33c90b935374704.pdf,404089,d33c90b9353747045d51c1fcf29c28290371fcdc036ae79aa6dc41409bc56560
originals/ipho/2009/IPhO_2009_Q2__456e8dcc4e97c4a6.pdf,132434,456e8dcc4e97c4a6a3d95ca24b09eab5c9d03aa4e5d0230ab568ba9777104bac
originals/ipho/2009/IPhO_2009_Q3__12ee1e58a24f29bc.pdf,137808,12ee1e58a24f29bcbfc94c501526a61d0ff0c2ea554e70b46730a1cb888b164e
originals/ipho/2009/IPhO_2009_Q4__dc943309ba7cad0d.pdf,2288116,dc943309ba7cad0d0d7a6d76618416078b174687c883a171eafe3061bd30b000
originals/ipho/2009/IPhO_2009_Q5__54fcd299289704ca.pdf,1616978,54fcd299289704ca99002b1c358b13b543b7dab47207fc402fc8b4821385616f
originals/ipho/2009/IPhO_2009_S1__ce30702d56bfd330.pdf,71421,ce30702d56bfd330316994aa217f3b66b716b465efadcdebc9ecdf21982982be
originals/ipho/2009/IPhO_2009_S2__3cd04b42dacfff97.pdf,235667,3cd04b42dacfff97486c6a84182924c4e32b5e6b839a2e3efdbff84934bc68b8
originals/ipho/2009/IPhO_2009_S3__70461b2037220d40.pdf,61459,70461b2037220d4014342a8a7da5c5337da1fc03e6a12b9ced9fc68abe93aec3
originals/ipho/2009/IPhO_2009_S4__a797d7a672af428c.pdf,2279271,a797d7a672af428cdf0a03538728811edf8eb7d832cf037bd1275f48b2b884aa
originals/ipho/2009/IPhO_2009_S5__bacceed58f92aa6e.pdf,2802638,bacceed58f92aa6eca1c5029ffa636b504cf441b24162eae28db42b9a677a0c6
originals/ipho/2010/IPhO_2010_A1__65ff1b47bbab2290.pdf,50533,65ff1b47bbab2290745a692c75ed57ad282dfedd0b8c65956fa5b1109b1a7264
originals/ipho/2010/IPhO_2010_A2__a7f3948c1df86033.pdf,49476,a7f3948c1df86033193d8c352327d0d5086edce499f6d8db312708be09b6906e
originals/ipho/2010/IPhO_2010_A3__f7f5bd838415375c.pdf,65180,f7f5bd838415375c63deb21daa1c59baa044a1301601e3fbe60cd994d24c2eff
originals/ipho/2010/IPhO_2010_A4__6f28bbeeae2e791e.pdf,665713,6f28bbeeae2e791e27960d1a35f39a8ba774250a40024f8d506323f0df45d91f
originals/ipho/2010/IPhO_2010_A5__663d63efa33398e8.pdf,474688,663d63efa33398e8da318b187da1c22793fab7f7aa3d6e94803df70970291f4d
originals/ipho/2010/IPhO_2010_ExperimentInstructions__ea57abf5174a98a0.pdf,227462,ea57abf5174a98a09e750d37aac3ac77a7bd1e05a16fae034acaab816313e84e
originals/ipho/2010/IPhO_2010_Q1__67701ceca004cc12.pdf,509011,67701ceca004cc12a187b6f0d8dc950a73ec9af64dc1a22b2f7e0bba0af0d195
originals/ipho/2010/IPhO_2010_Q2__04358456d1e65414.pdf,616122,04358456d1e6541487927ff56142df9615213af4453a5c3872994865fb504c0f
originals/ipho/2010/IPhO_2010_Q3__258459e3dd3d4a3e.pdf,683590,258459e3dd3d4a3e05ed071419a08b70061f321e438a9c031fcfb951acd74dad
originals/ipho/2010/IPhO_2010_Q4__4c95b87d434a8211.pdf,520329,4c95b87d434a8211e02bc0f828d3ca8ab46163f9775e9758faaed27fb9d6fefc
originals/ipho/2010/IPhO_2010_Q5__1b5eb029fc4fd921.pdf,582400,1b5eb029fc4fd921923cc07aeb24c1c035015371c950da9595cb517d877a5808
originals/ipho/2010/IPhO_2010_S1__b7b89a6e6394a7b4.pdf,686576,b7b89a6e6394a7b4a10d21c091d0eb90b9b58ed5bac5df9044e69c82e9fbe20f
originals/ipho/2010/IPhO_2010_S2__6c28269b658ecd0d.pdf,406563,6c28269b658ecd0dd4feef3cbdc3905d0f9e980d315442b4e964223a56b3575d
originals/ipho/2010/IPhO_2010_S3__b7be9c0286fbc0ae.pdf,587894,b7be9c0286fbc0ae0f7aac6b3a6cd92438c6af90cf40d814205502438b56a050
originals/ipho/2010/IPhO_2010_S4__9785599a5cb5d73d.pdf,467709,9785599a5cb5d73d393bfe9581a7b278f2ecfd72546ce3f4c12d9768853258f4
originals/ipho/2010/IPhO_2010_S5__e77761a12956c218.pdf,429326,e77761a12956c21838b8a33ada532daae9107b9415dfcfdc381a15e48a65d2f6
originals/ipho/2010/IPhO_2010_TheoryInstructions__15559851fbaabda7.pdf,147454,15559851fbaabda78f594080e0d38d4f7c92170627aa80d61f99b162490f457e
originals/ipho/2011/IPhO_2011_A1__670f4330154a6525.pdf,30418,670f4330154a6525d21ef667759324a1d7a69603e58fb8cdc9ba035d6004a327
originals/ipho/2011/IPhO_2011_A2__531b5c9ee00ffcf4.pdf,51281,531b5c9ee00ffcf4342a8709fbf3ec0b23b4aa0d38dcfd86190780113c78cf7e
originals/ipho/2011/IPhO_2011_A3__1ad06291c63215af.pdf,34568,1ad06291c63215af6c0c68bac878ab553e8dc84b6ad8639b274d826861febf58
originals/ipho/2011/IPhO_2011_A4__cbdc9f56333db6ad.pdf,54476,cbdc9f56333db6ad9b90159d31b78e11ab7dc322a748d13396afc6d0e42c6b88
originals/ipho/2011/IPhO_2011_A5__0a6b58762ab5ab21.pdf,20995,0a6b58762ab5ab21dc95b6b383c77edcbbff644bd27e12091cd4eac878682113
originals/ipho/2011/IPhO_2011_Q1__356ee3ec4a4f3ea2.pdf,240691,356ee3ec4a4f3ea200393a2b814b7bbdcdfc4bbd831cf99055cb1db093d0aaae
originals/ipho/2011/IPhO_2011_Q2__8b71dc45da02c002.pdf,147020,8b71dc45da02c0022e091225e851b8bea9e8256e75182f7d2fd3ffe393cbdab4
originals/ipho/2011/IPhO_2011_Q3__dc3d260bad948313.pdf,188085,dc3d260bad9483137a79bc0e2d83a41fa03c410032b5f4205dec8b23258d884a
originals/ipho/2011/IPhO_2011_Q4__0b5aca433d511597.pdf,273172,0b5aca433d5115973c9d5ff9272d4799d7c71b65c44da4fe1ad163d95e81e7f8
originals/ipho/2011/IPhO_2011_Q5__9919f1da58e2c376.pdf,161307,9919f1da58e2c3763690a9af17f45f821861641b545e0ff7502f4506a348df6a
originals/ipho/2011/IPhO_2011_S1__06f6156471f82b40.pdf,267235,06f6156471f82b403cf10adf6cbf8479d062cbf922c2762239013d212a152e26
originals/ipho/2011/IPhO_2011_S2__1ca4bc8deef5a9f5.pdf,228534,1ca4bc8deef5a9f5a5a60ccee08a759eebe78723c8a1fe51686dc2c8bdd8fd00
originals/ipho/2011/IPhO_2011_S3__3e8422d5f6381edb.pdf,134229,3e8422d5f6381edb8e9c8c56c60ffd1308565a3f8d44228dbdf256694c296c44
originals/ipho/2011/IPhO_2011_S4__4136f75f3990bb70.pdf,382851,4136f75f3990bb706cc4dd59bdff0221c872f2fc6590ccfb7353f31603c888cf
originals/ipho/2011/IPhO_2011_S5__2d59affe7e6ea775.pdf,269701,2d59affe7e6ea7756c3dd4f0a0302ca7e87aecb69473206d39c2f0c1f67ec75f
originals/ipho/2012/IPhO_2012_Q1__7150fb8bf4eeab36.pdf,2312989,7150fb8bf4eeab366d03a52b2ed7e8ce40d0f1addf21c4d634a45a75273c2cb4
originals/ipho/2012/IPhO_2012_Q2__2861013a629439e5.pdf,119458,2861013a629439e55c3db905e764fd115fb31c9b1ce294d1e1aab3c78a19b2a2
originals/ipho/2012/IPhO_2012_Q3__f045d1d81bcab9f3.pdf,89769,f045d1d81bcab9f3220e5a54108d7166e158df0a75d52c11c802e12a0b209876
originals/ipho/2012/IPhO_2012_Q4__824150e675e8d2ba.pdf,198342,824150e675e8d2ba0defd7531dcc1fdf6ffc4169de63167187e453ce91be87e2
originals/ipho/2012/IPhO_2012_Q5__33a4af915f778563.pdf,429512,33a4af915f778563aa19211d6922211a23a165786e400f7334d8d91489064015
originals/ipho/2012/IPhO_2012_S1__e3e38958cf50634b.pdf,471901,e3e38958cf50634b2155640ce52b217782d5d5bc42b1fe01c3c76c4697f87e2b
originals/ipho/2012/IPhO_2012_S2__214e34713f3d8e5c.pdf,174252,214e34713f3d8e5c95c0069c888952a37a4451f01cf745dd5bffc5ec19bcaa33
originals/ipho/2012/IPhO_2012_S3__4494810f93339054.pdf,253687,4494810f9333905463cfde0177df2e0f86ae73a89a3da57ccc3f03e39441b0d5
originals/ipho/2012/IPhO_2012_S4__96b24162fbfcc99e.pdf,115789,96b24162fbfcc99ebab29d535931283f0aea56c0b3b4b79e6e60c4595a91c298
originals/ipho/2012/IPhO_2012_S5__37d43a2fb958b705.pdf,240923,37d43a2fb958b70585e875ec1dde42e31fc68bdeb236e2dd1e383d8dfc87b3c4
originals/ipho/2013/IPhO_2013_Q1__2c684cd54d06972a.pdf,803494,2c684cd54d06972ad1b220c0d9554a70e56112e984bcb3590be5c084a94a9875
originals/ipho/2013/IPhO_2013_Q2__5f7951cb064f6670.pdf,622363,5f7951cb064f66701ac13e3b584cc74d2af76da8725b134b6f325f6010950be8
originals/ipho/2013/IPhO_2013_Q3__8b84c2f2f1183044.pdf,922020,8b84c2f2f11830442b585c49db7b0859f83de57d43fd36e74ce14ba96f82ea30
originals/ipho/2013/IPhO_2013_Q4__727bfa5b90f3535b.pdf,865429,727bfa5b90f3535be7343096f9303b61f0be92be0fa37090b5daf2a68addb78c
originals/ipho/2013/IPhO_2013_Q5__40489a5d2c495fac.pdf,862102,40489a5d2c495fac519718ffb0d3a12b7689ffb35b34966b9a6b50cc394bf68c
originals/ipho/2013/IPhO_2013_S1__b98f225380755f27.pdf,354928,b98f225380755f27a81ae8b7250fb000861d3c6833abdfc9fd171c8c2877336a
originals/ipho/2013/IPhO_2013_S2__2c8f13c50b96025f.pdf,510112,2c8f13c50b96025ff547e77747e80bcfcd927c78c37928b141ffdaa335c54cb1
originals/ipho/2013/IPhO_2013_S3__d37b0711e8adbc03.pdf,311047,d37b0711e8adbc031cfc1a014a68c82bb07bc48f6cea1e14de30763e8d59c4bc
originals/ipho/2013/IPhO_2013_S4__e3a96b3036779bb3.pdf,876368,e3a96b3036779bb3f57c1ede8468c80a821c1953ba23df3984b066dc933177ed
originals/ipho/2013/IPhO_2013_S5__17388041e3d19a15.pdf,1171773,17388041e3d19a1572cb5c4915c1fbcfc19cf70c6adad268e4c09c5332debcb0
originals/ipho/2013/IPhO_2013_TheoryInstructions__0acc455496bcf202.pdf,400839,0acc455496bcf202c2271845c0746dc4946eaa86a4dd5c274a5094588c2b34d2
originals/ipho/2014/IPhO_2014_P1__81e0f418177dc3f0.pdf,950998,81e0f418177dc3f08004155aa74cdcddf2e0651534c5700caa2519c415f1c862
originals/ipho/2014/IPhO_2014_P2__cc35ab9204f019c5.pdf,823427,cc35ab9204f019c50aa4434cf7453260c72eecb575d7abd2d892c46dbbc36354
originals/ipho/2014/IPhO_2014_P3__da1383b82a5f2548.pdf,906761,da1383b82a5f25486143295eff579d9bed2d9944e4cfb480b07fe88103932bb1
originals/ipho/2014/IPhO_2014_Q1__ccf942b469f4e811.pdf,290577,ccf942b469f4e81119bfaac50bac1010daad35e678fd14af2abdb0c19fcb44ad
originals/ipho/2014/IPhO_2014_Q2__862c0db3b0c07a22.pdf,706938,862c0db3b0c07a227da642c70516ff8273491bd7bc04820e9ea79d0983456934
originals/ipho/2014/IPhO_2014_Q3__0e3dcc253bdf2e88.pdf,549150,0e3dcc253bdf2e889af946083bcba30328cdcc920ac2a3da0fa54c94bcce2138
originals/ipho/2014/IPhO_2014_Q4__999c398576413f5c.pdf,1207014,999c398576413f5cc98d677fc2a05d3e34f91472f0a6a70c34ab7fe2a5833682
originals/ipho/2014/IPhO_2014_S1__3eed9c43c8d5d877.pdf,367531,3eed9c43c8d5d877f286e7b43f69b5c05c279150d33d7f0707ed44cfc7b42a84
originals/ipho/2014/IPhO_2014_S2__cca43401fb436270.pdf,549141,cca43401fb436270ee3735de5d19a5992cfe0b08529b5f89d2116a8e03362a1f
originals/ipho/2014/IPhO_2014_S3__910439829cf48dfc.pdf,527347,910439829cf48dfcc008f560e0fac1dda8f44e694ab450b2b392574b3f98cad5
originals/ipho/2014/IPhO_2014_S4__e251f22bdd8b2fc1.pdf,2420755,e251f22bdd8b2fc12f1a44fca509c7c6fe8c71fd92574e9161f487d6f20a46e4
originals/ipho/2015/2015-5__ac4c9716eae08b93.tex,17795,ac4c9716eae08b93aed28796535c7c96c7822d109dfef05e2a9cb6fa41b8018c
originals/ipho/2015/IPhO_2015_Q1__8a2011423c093bff.pdf,254278,8a2011423c093bffb23b121b63e7e07f8422f20a49d5a6521623a58d44759f9c
originals/ipho/2015/IPhO_2015_Q2__408546e55fec4a80.pdf,574295,408546e55fec4a800aebb7ea20aaddc70bf87e9e5899772518130da6aa98a891
originals/ipho/2015/IPhO_2015_Q3__9d713aaa58ff54b6.pdf,359949,9d713aaa58ff54b62a0c07496328cb82b5d209fc0e6ba4eab0ca57825a72c892
originals/ipho/2015/IPhO_2015_Q4__de2b9b31dab3e92a.pdf,772095,de2b9b31dab3e92abc0563bb27c253987899957812492dbaff5cf4b591258807
originals/ipho/2015/IPhO_2015_Q5__a2aa9e6ae4dbea20.pdf,794503,a2aa9e6ae4dbea20dcce9d427b04851a259e8732377a3fbe897d093e24aec2ae
originals/ipho/2015/IPhO_2015_Q5_tex__a234a5e2e5b5dd09.pdf,472171,a234a5e2e5b5dd0996ab9acb1353bc851d3012089901d2c57a08acf1dd358225
originals/ipho/2015/IPhO_2015_Q5_tex__dcf5903198a0f43f.zip,425215,dcf5903198a0f43fd2e922a14f064440da6c15e580df01f89765addef683c86f
originals/ipho/2015/IPhO_2015_S1__1fc4e7a3ecf0c6ee.pdf,221204,1fc4e7a3ecf0c6eecd1d5ff3602c73a6f45e3d8b07079a8b199bc67e3f94dff4
originals/ipho/2015/IPhO_2015_S2__009df4f7fef48088.pdf,311631,009df4f7fef4808869f07c156686856957df76f4a2fc0c3a1b9380557c091cb8
originals/ipho/2015/IPhO_2015_S3__9beed7a47d96aad3.pdf,520426,9beed7a47d96aad3014b1c664affeb9cfd8ebc7b00dd93a98be9989280afb821
originals/ipho/2015/IPhO_2015_S4__62d230a6e0e1ed00.pdf,498696,62d230a6e0e1ed00abe7bf3e36947a840b869b02dd0e75c6548c1d4b0e70daf7
originals/ipho/2015/IPhO_2015_S5__218109f7c8c35320.pdf,198205,218109f7c8c3532064125167c65b7ad70066b485414444bf09d7587256429d70
originals/ipho/2016/IPhO_2016_A1__fc5f0971a55f70b0.pdf,61669,fc5f0971a55f70b020d496aa5b648e3a06f57050f49e1134ff60b171f927fda5
originals/ipho/2016/IPhO_2016_A2__6cebf45b55bdb532.pdf,92413,6cebf45b55bdb532474da02510198aa79b03203689999e62e2506bb1e451a28b
originals/ipho/2016/IPhO_2016_A3__29a514c5159a3a70.pdf,55918,29a514c5159a3a70263b8ce974d143b4dae16fd1f3079a1f11235c6fcb077270
originals/ipho/2016/IPhO_2016_A4__6c8969ec63804ccb.pdf,98785,6c8969ec63804ccb3fa495b8a21787f38b1fbe3b406aedbb206bce9d8b05d992
originals/ipho/2016/IPhO_2016_A5__c9442f08959ae835.pdf,79799,c9442f08959ae83507f34f17dfe6f631b00b2bc324c3d284237331f28cc4ad47
originals/ipho/2016/IPhO_2016_ExperimentInstructions__b615e4bb674db7f7.pdf,4065812,b615e4bb674db7f711bfe016ddd0ec6e7b2e00c44029f980424f562051af7cc4
originals/ipho/2016/IPhO_2016_M4__19d7effaa3129df9.pdf,199660,19d7effaa3129df9d510d73fe7a8881bba4efd966f07a3c8005504d01b911fcf
originals/ipho/2016/IPhO_2016_M5__edb0afe031ff5d7e.pdf,158386,edb0afe031ff5d7e0c9bc54f5de0ce8e4305e73f407fd6ed2ef8f28b2379c3f5
originals/ipho/2016/IPhO_2016_P1__0601040bccfbe637.pdf,4845008,0601040bccfbe63766b4bbe38b3b03f7b1276441ed5e056a12c7591b7524a59d
originals/ipho/2016/IPhO_2016_P2__fdcd07c943dce075.pdf,864535,fdcd07c943dce075e29a388b012425c4c6dacbf47027c7b586824a0de8f1c18b
originals/ipho/2016/IPhO_2016_P3__74aae941996cf0cd.pdf,866558,74aae941996cf0cdfc7c53f71c1753834ae9105e2ced3e77e8a053440455e5eb
originals/ipho/2016/IPhO_2016_P4__3307469a85a2f749.pdf,2936070,3307469a85a2f749e9cd5089e21a08420cef6eda9a0f813fb4d886a1ddcc369b
originals/ipho/2016/IPhO_2016_P5__ca2838fa68e202ce.pdf,974910,ca2838fa68e202ce55c6df0892b5ab6537745a814192ee8fec7dbff85bd6e978
originals/ipho/2016/IPhO_2016_Q1__bb5f498da4d5f0fe.pdf,100321,bb5f498da4d5f0fe13e8540346780e17a12a1a5aefd1f3ee1f1b8c8bab724300
originals/ipho/2016/IPhO_2016_Q2__6bf5c3371973491e.pdf,123683,6bf5c3371973491e192442bc6585262a6574d0f8fd34debeca2e83625041a1b7
originals/ipho/2016/IPhO_2016_Q3__672adee6f5181ea4.pdf,98939,672adee6f5181ea48bb90130a3e4dc00c39ded39fc92e14508e289b43ea1029c
originals/ipho/2016/IPhO_2016_Q4__2ed88d2e3c7bced9.pdf,545348,2ed88d2e3c7bced9295ba0e505cdc6a4bbdfed1a76f8933f03d8bf3ebbbcce9b
originals/ipho/2016/IPhO_2016_Q4_Calibration__d3207b5a53bf75ec.pdf,78161,d3207b5a53bf75ec127f2d9593d470430cef5cd0fa5eddd61ad772f078349194
originals/ipho/2016/IPhO_2016_Q5__8bcd286320d4ecb6.pdf,193656,8bcd286320d4ecb65b5e35073384df41364e037442106a96cb8eba2162b7eba2
originals/ipho/2016/IPhO_2016_S1__8cc8664f1cfc01c3.pdf,803505,8cc8664f1cfc01c33270e65a9571aec3d8adff673189acb02be2cfb36637f75f
originals/ipho/2016/IPhO_2016_S2__e55ce8e3ab2507ad.pdf,921795,e55ce8e3ab2507ad0f33eee724c241171d9aa9121d932494f08565a036165b22
originals/ipho/2016/IPhO_2016_S3__4eb1cfce8a36dd3e.pdf,220968,4eb1cfce8a36dd3e2529db873de465f481d3f9eb7ded895f67e2f5054f013f99
originals/ipho/2016/IPhO_2016_S4__50d61374c89e7ed6.pdf,684958,50d61374c89e7ed63dd997a8205ea47d88b4cb7e35de293cf70e4829880c14c7
originals/ipho/2016/IPhO_2016_S5__769192273804bf9e.pdf,331432,769192273804bf9ed4ced585a229b06fd36a42d5fd877d061cf996fa235fcfca
originals/ipho/2016/IPhO_2016_TheoryInstructions__e4f558b11e987a08.pdf,65491,e4f558b11e987a08c5120e3b17b70182174006feeeb6cc1c291897ef7d6b5bba
originals/ipho/2017/IPhO_2017_A1__0f275adc064c0b4d.pdf,1003279,0f275adc064c0b4d1bd530ac6d9fb7befb027d78e5ad1e5e51e4509d28aa6200
originals/ipho/2017/IPhO_2017_A2__6fdd836ad203940a.pdf,1000537,6fdd836ad203940a5a10c5048def3cdb7ce995f8713ad6eaa3b460cc56d500b7
originals/ipho/2017/IPhO_2017_A3__2e612a0c985a4ef6.pdf,1027839,2e612a0c985a4ef6bdb9c4e6ebac1e1f3beabf170d5b60774a867c52d5f6a554
originals/ipho/2017/IPhO_2017_A4__52de13deda930125.pdf,2195525,52de13deda930125c00014f2190f76eb5f3117daff2102b07fda23b706e7dee6
originals/ipho/2017/IPhO_2017_A5__fefb7cbce5776232.pdf,2289627,fefb7cbce5776232ff6ba6267abe013121213cef2c790c033ce55a86f1325516
originals/ipho/2017/IPhO_2017_ExperimentInstructions__86c938b20bc1cdee.pdf,1602640,86c938b20bc1cdeeb4a96c5ef65e4a61016b517dd5f33cf62dca3ff57e26ac04
originals/ipho/2017/IPhO_2017_Q1__83bacf0ca9134cfc.pdf,2200493,83bacf0ca9134cfcd8cb2009cf963fc702618cfd75843138c10b2621473d8892
originals/ipho/2017/IPhO_2017_Q2__56af240e6ee694b3.pdf,2764562,56af240e6ee694b30404ad210c50544a8e2b37ff656a8dd2f26909c06a314e4f
originals/ipho/2017/IPhO_2017_Q3__23dab6c537a90073.pdf,2218518,23dab6c537a9007370eba4f67c31c715c71f2aaa856716b7a3fdee357b543e61
originals/ipho/2017/IPhO_2017_Q4__7f56233ce9ebabbd.pdf,2630700,7f56233ce9ebabbd3178d45683ddf3e859de9bb992727557a5f2a26b14ab48ce
originals/ipho/2017/IPhO_2017_Q5__bc75d85492335347.pdf,4772825,bc75d85492335347a6f97fd37248c1af890df86a51dccd415fc3ac3ca21619f9
originals/ipho/2017/IPhO_2017_S1__724984619eb768dc.pdf,15188444,724984619eb768dca84075c92c6e343f68949dd4745b6bf32134ef560735634d
originals/ipho/2017/IPhO_2017_S2__e7dfa9566d96ca5d.pdf,9530783,e7dfa9566d96ca5dea0442227b4bc6364045619492862f3806fa3eec06fc448d
originals/ipho/2017/IPhO_2017_S3__a1d8218781278d86.pdf,13678651,a1d8218781278d86d74490b63b8ec49b22eba61475b1a7d746b7c3ad1afd90d5
originals/ipho/2017/IPhO_2017_S4__0ebea7c0667d2cec.pdf,1636295,0ebea7c0667d2cec94cb0abe4b2412cf47839c556ef0406d6790fab0959df684
originals/ipho/2017/IPhO_2017_S5__46d0d2fc1b737b0b.pdf,1222018,46d0d2fc1b737b0b7baf87656ac2a1c983e3471b185fcb8dc12e1370852cb92a
originals/ipho/2017/IPhO_2017_TheoryInstructions__bb89e6b08aba4623.pdf,1378290,bb89e6b08aba4623cc21829443dd863bb224090c94ab6b72c068e32f8db13c20
originals/ipho/2018/IPhO_2018_A1__d94f7549cd9e9ea5.pdf,95995,d94f7549cd9e9ea523f71d236699d30c0a9cfe95d455d55dd6b79cbbc722b821
originals/ipho/2018/IPhO_2018_A2__0a92338b60523814.pdf,95060,0a92338b60523814fe9effab5879642dd494b0d95e09820c5e9af0ee5ec2b554
originals/ipho/2018/IPhO_2018_A3__e79a358a6354f495.pdf,94598,e79a358a6354f4953694e7f466e1cfe35cf9534a31df75b12dd6a98bc3978b40
originals/ipho/2018/IPhO_2018_A4__e5dbc7f97c0b82ab.pdf,138223,e5dbc7f97c0b82ab6886a621adaee653ac54c639d72cf3820a1433a9ad33f389
originals/ipho/2018/IPhO_2018_A5__32ffa1288df6245b.pdf,126955,32ffa1288df6245b2d52800647895a0e8c6a18959eec8a025ece110ec2ccde92
originals/ipho/2018/IPhO_2018_M1__9c565ba6960b5bfb.pdf,84852,9c565ba6960b5bfbf2298c196d816d7e66d76d4c3b07284b0a50c406929ded97
originals/ipho/2018/IPhO_2018_M2__e127784c07c32434.pdf,87433,e127784c07c3243440e811e9c10e6b14f79cbb5066ff9fba65d644dc95d7556c
originals/ipho/2018/IPhO_2018_M3__9ffc608c92687277.pdf,89484,9ffc608c92687277577f99bd3e430ce6bc666c8e694433884ec53c6fd9101610
originals/ipho/2018/IPhO_2018_M4__76ca1d7e8b63b7a4.pdf,107315,76ca1d7e8b63b7a4ce7a1b673a999783a965517f42f6b49f4a96bfca64073e87
originals/ipho/2018/IPhO_2018_M5__eadf79c3b056f46b.pdf,110997,eadf79c3b056f46bc259660f03039489ae06169ea5b0b2aee1e5b98a822f0c85
originals/ipho/2018/IPhO_2018_Q1__5d0ba5473601aec1.pdf,215868,5d0ba5473601aec11962a660ed55bc759485db68a0b66109c324335fbebf9752
originals/ipho/2018/IPhO_2018_Q2__848199e2cc3a3118.pdf,461112,848199e2cc3a3118555fb8e73dbfbd3d0f05969beb37317d5757c1499f48e1f6
originals/ipho/2018/IPhO_2018_Q3__fdce49fdb954bb31.pdf,225115,fdce49fdb954bb317d0e6c5e227adef48a758ac90e0d45bbcecdb6991c40165e
originals/ipho/2018/IPhO_2018_Q4__9233c4a76bc944d7.pdf,9536605,9233c4a76bc944d7c2c8b24df18f24dae5612e063d58f4b707292e188c093fb8
originals/ipho/2018/IPhO_2018_Q5__b06660ac30afa2c4.pdf,3854755,b06660ac30afa2c40c3cc453f82ab86972279869ae2cf83203c8daf3ff0de2b6
originals/ipho/2018/IPhO_2018_S1__e6b70d5098fd1952.pdf,113560,e6b70d5098fd1952bef4bcd0cee54003a24ea2edd080160d4e9759282e358613
originals/ipho/2018/IPhO_2018_S2__b03fc35de0fdf623.pdf,106250,b03fc35de0fdf623b1d0100006388abfded702582df2e1634fa14aaf15787846
originals/ipho/2018/IPhO_2018_S3__7667b3768d15b8ba.pdf,109007,7667b3768d15b8ba7baf58124634d0882fe22633214273c2f7decddd6294e4e9
originals/ipho/2018/IPhO_2018_S4__dc4b91bfbc740dd2.pdf,197507,dc4b91bfbc740dd2353df7833d62a1f15439afd39f640bf7892d48740107c035
originals/ipho/2018/IPhO_2018_S5__87e973b4500503f1.pdf,1411641,87e973b4500503f14a22d292a2675927ec4d1cc0000907663b5fa998b4aa515c
originals/ipho/2019/IPhO_2019_A4__663207c69f70da4c.pdf,5725732,663207c69f70da4c4f1c6b1ae24f0a6a56c29f9dab3412b224b43cde56be9142
originals/ipho/2019/IPhO_2019_A5__feaf8f512c6ec833.pdf,3570517,feaf8f512c6ec8336b943bd19b4ac1cb8cbe7e57476d3cb774a7d62243a34a3d
originals/ipho/2019/IPhO_2019_M1__d2f8aaa9a7965a91.pdf,1106923,d2f8aaa9a7965a912adcce4dfd0ab283355c554b73d5da7e7df59d238c9bfdce
originals/ipho/2019/IPhO_2019_M2__6487692c6917b5f2.pdf,1006509,6487692c6917b5f28963fa8a75db13693603845fe22156e81392e21fee4556ce
originals/ipho/2019/IPhO_2019_M3__8028cfc2d4c6a631.pdf,894322,8028cfc2d4c6a631142e785344ec14c95afcde41dfb97814b52543178fda437f
originals/ipho/2019/IPhO_2019_M4__8e9f6ae3b6d0944e.pdf,1256543,8e9f6ae3b6d0944e4323d1ad8b0d3295b93cd79d23cb8eb741101e683854b6ad
originals/ipho/2019/IPhO_2019_M5__1573403549e0640e.pdf,321876,1573403549e0640ee668dc12de51a3e9d065595a9d32b26a3d2dd9a56c3f69e5
originals/ipho/2019/IPhO_2019_P1__f88b0b09bc06f7a0.pdf,213737,f88b0b09bc06f7a07a7b7d3487239a3ff7c954fbf3d883491d3610ac4a3fbfd0
originals/ipho/2019/IPhO_2019_P2__c1a0cbe543d5725c.pdf,952531,c1a0cbe543d5725cc9a8ddb234d8671a6d6b3815984a80d441df5f746131fbe7
originals/ipho/2019/IPhO_2019_P3__40c13f8c253b7a47.pdf,490556,40c13f8c253b7a473093d7b09e8e9075a9c636b59582bb153a9d7bdfb3649fc2
originals/ipho/2019/IPhO_2019_P4__168bf9766498300e.pdf,570806,168bf9766498300ec15414d60df5eb94d8b2b77aea962fce04b252eba58d76ad
originals/ipho/2019/IPhO_2019_P5__0f3bf3a40e915324.pdf,1908611,0f3bf3a40e915324995c3b9bbd3eecf19afd50203904fce1de6f887d38666bfa
originals/ipho/2019/IPhO_2019_Q1__96b623b665b38e67.pdf,921181,96b623b665b38e671740257d7e28b7b2b2d92db3450be39e5043f00e22ef6927
originals/ipho/2019/IPhO_2019_Q2__a33326a968579e95.pdf,1113719,a33326a968579e95499464f29c90da9bffb3c4e6e715d54bab49e9f5319a8ee1
originals/ipho/2019/IPhO_2019_Q3__30182f27b8154b5f.pdf,73388,30182f27b8154b5fa2e7c12b99e11b98c3a3dc136b77ad74722df26bdf040362
originals/ipho/2019/IPhO_2019_Q4__91fdde2739624b55.pdf,1593270,91fdde2739624b552ec578ec07e038159d64823d86bfcf26ff3f0e31edd935d0
originals/ipho/2019/IPhO_2019_Q4_Calibration__2757f4115bd02950.pdf,95705,2757f4115bd02950c68360e2629f00ee38e9e93d8ba7422b21bba703c27e91fd
originals/ipho/2019/IPhO_2019_Q5__6c4f60f7ea73d300.pdf,932302,6c4f60f7ea73d300608ebeff80927c94143d360d2c3955d792e441d108530f6d
originals/ipho/2019/IPhO_2019_S1__b6edd014adb2f8ba.pdf,732127,b6edd014adb2f8bab5a47289b137f3b61f84186bd602b7212fa86088e7bbbce2
originals/ipho/2019/IPhO_2019_S2__ad1a091d3213eddd.pdf,1008311,ad1a091d3213eddd0946745ed8ef72a1f5fd1b2f2a82532b21ae238645946888
originals/ipho/2019/IPhO_2019_S3__21e25ca7ce7449d7.pdf,708118,21e25ca7ce7449d7936893b7a96394f9b19395d671d0e8388ad3398b1e8e6be4
originals/ipho/2019/IPhO_2019_S4__11a5d9509be2250d.pdf,2031059,11a5d9509be2250dd2b9e7fea7f2bee0beb231820499eef8c9c94504d56a4aed
originals/ipho/2019/IPhO_2019_S5__085ed117798cb43a.pdf,789059,085ed117798cb43aad6c2b0957bfa7cb852e63b7817f30eb9d99d8126df1fa2c
originals/ipho/2020/IPhO_2020_A4__fadb2ea30addedcd.pdf,1347028,fadb2ea30addedcd86ef55c00bec5be026f48a6eab6fa57939fd2e5f27083d55
originals/ipho/2020/IPhO_2020_Q1__24b8620c41f5ec6f.pdf,49475,24b8620c41f5ec6fa0e62bd038a289f874d615ea92cd9e1d8ec2d4d02937bc9d
originals/ipho/2020/IPhO_2020_Q2__e6138b8b130cee69.pdf,31261,e6138b8b130cee69f9976b73b1f8652d44599f3f024b19c3f13483cbaecbe7d0
originals/ipho/2020/IPhO_2020_Q3__8f24d3578be62d45.pdf,84356,8f24d3578be62d45501ea9fbfe1d1f7759f249d5f9e85e22aa6f1f85b2a52ee0
originals/ipho/2020/IPhO_2020_Q4__3aebe20ff8a3af68.pdf,8512111,3aebe20ff8a3af686e7c7b052d87d82ce1235bd47134e8cdbde80db49fe36da1
originals/ipho/2020/IPhO_2020_Q4_Appendix__46c22383f9f497cf.pdf,92583,46c22383f9f497cf17b7dd98274594e612f2d035081726530ab19031ad0d2a76
originals/ipho/2020/IPhO_2020_Q4_Instructions__1df5f0e519bc3781.pdf,18627,1df5f0e519bc3781434e75278598843c1ced4ac26af32e9b45f9897daf7df8f5
originals/ipho/2020/IPhO_2020_S1__5873b7b5d3cda575.pdf,393400,5873b7b5d3cda575715be3e2efc52b932f99135e858522d1dc0af1903cc968ca
originals/ipho/2020/IPhO_2020_S2__565a1bcc4d88fe72.pdf,345448,565a1bcc4d88fe72975232adb2d3b37fc94f150114e23017706a8887ad28a13a
originals/ipho/2020/IPhO_2020_S3__9e846193b3d6e779.pdf,164481,9e846193b3d6e779fa4683788a89cc9e390d8b0ce5bf2cc88b2be4f75831769b
originals/ipho/2020/IPhO_2020_S4__8868df4f36d0fb84.pdf,2856915,8868df4f36d0fb84e21be56ef52b9b87045b3aa21b3e448ed7f991b80f5018ee
originals/ipho/2021/IPhO_2021_A1__2592ac539817fabb.pdf,56911,2592ac539817fabb79a9cd00eceeeb851277a1bf8fd1f692998ea925a9499277
originals/ipho/2021/IPhO_2021_A2__275cc81acf0504ea.pdf,64411,275cc81acf0504ea6cc4c36159cbdabffcfc3f0254f4032c732d24d32d37e208
originals/ipho/2021/IPhO_2021_A3__d80015a1d443fd63.pdf,54849,d80015a1d443fd637fbaa39d0ffaecc248081be98de7ba70d7eb9722c9166780
originals/ipho/2021/IPhO_2021_A4__386e5083330bb9fc.pdf,100223,386e5083330bb9fc4a7dea50130699511c35240eaa49948bbf7d8b40039e82d9
originals/ipho/2021/IPhO_2021_A5__57cf663d43050506.pdf,97983,57cf663d4305050678297d79e855846e1f21be1ef74d62bedcececef3eac9fbc
originals/ipho/2021/IPhO_2021_ExperimentData__42df2d5cab67ff61.zip,1997717,42df2d5cab67ff61173961ae59c044fcb4057a703fa4bf49849cdd30bd2363ca
originals/ipho/2021/IPhO_2021_ExperimentInstructions__8dfd5b0af55df33f.pdf,1477455,8dfd5b0af55df33fffc83b361b327cca99abef0afa70f87ce878e029f807aa44
originals/ipho/2021/IPhO_2021_Q1__f37517d2efa23f5d.pdf,186420,f37517d2efa23f5d2b7c1426452bb6af43302aba01ba5c2fb516ca4e763342c1
originals/ipho/2021/IPhO_2021_Q2__7c90dde74ecbae90.pdf,159750,7c90dde74ecbae904c90324acf177348b68ef8f5b00b865e890bd5a3cf296a2f
originals/ipho/2021/IPhO_2021_Q3__c065e99f72751b1f.pdf,486169,c065e99f72751b1f7e544c95516ba292aecc2f3320d42b25b96e7faf7c5750b4
originals/ipho/2021/IPhO_2021_Q4__2e3003603f5e689a.pdf,120581,2e3003603f5e689ad1c8dcf1672ecd1f8595f154d1e82c621c000d37dcaf181c
originals/ipho/2021/IPhO_2021_Q5__b2d76544bf01c5e6.pdf,115092,b2d76544bf01c5e6f6d11625725d6f03939ad9cd1e9755036408643fc032c91d
originals/ipho/2021/IPhO_2021_S1__aa13de734a87886a.pdf,319957,aa13de734a87886a58f99b95e00ae4c1e7c93404b7ec4f742179170886767392
originals/ipho/2021/IPhO_2021_S2__26a1fdb2a4987f40.pdf,441749,26a1fdb2a4987f4062a46468afb8e3a4516f5c6daa563632138cd0b33c548e0a
originals/ipho/2021/IPhO_2021_S3__f8804d3a8b37708c.pdf,268017,f8804d3a8b37708c5beda7dfb51145b3b850e30cde7b792ef40fff768cacc84a
originals/ipho/2021/IPhO_2021_S4__c4f2db93bb80eb52.pdf,681818,c4f2db93bb80eb52ba002aea8fec2f109b8962a6af78e74949fa7ea0ed0666ae
originals/ipho/2021/IPhO_2021_S5__e105ed4e4886c107.pdf,975361,e105ed4e4886c107c860e4f990c6ac2fa6871cd5d882e420d6d8fb026d7db676
originals/ipho/2022/IPhO_2022_A1__30f7df8c2d076af5.pdf,190115,30f7df8c2d076af525334995c7a112b5e6ad7ae9de02bc1cd58423ccc2f48612
originals/ipho/2022/IPhO_2022_A2__d109fccfec651ce0.pdf,618568,d109fccfec651ce01d8f6fc8ffb8260c85dd12c2599311ffaccf9717e25aba42
originals/ipho/2022/IPhO_2022_A3__a1d6d2ab223d9e4d.pdf,173445,a1d6d2ab223d9e4d21fafbdcff5b0369b9f279bcb1efdf69bd2c9e1ea3861c75
originals/ipho/2022/IPhO_2022_A4__ddcda9159d0b1280.pdf,229887,ddcda9159d0b128080ce45947e84627d938d6f4c65bf7738549065ed75d3397c
originals/ipho/2022/IPhO_2022_A5__516203bd44428b8e.pdf,233064,516203bd44428b8e2f62f996a33c98838625111d89dfd1d4fe7a57a3beadcf7a
originals/ipho/2022/IPhO_2022_ExperimentData__bb7f20f571abb541.zip,370210,bb7f20f571abb541a698274927d27b6458ecb703c9c15c5f9bc17679a581fc90
originals/ipho/2022/IPhO_2022_ExperimentInstructions__999576f3c5d5694c.pdf,174614,999576f3c5d5694c3e316fa84a3b39b98442760fab79034c73ea8c4e3b198514
originals/ipho/2022/IPhO_2022_Q1__0f90f13d7fc724fd.pdf,1357140,0f90f13d7fc724fdda8393698e0e7450f3c1e47970bd91b36dbd96eefeaff99d
originals/ipho/2022/IPhO_2022_Q2__6566f8eff10a5467.pdf,634609,6566f8eff10a54679574c2834ed1d1e9888fe4533a5b6d7f546d061fe53c0337
originals/ipho/2022/IPhO_2022_Q3__d3fc5f300c6854c3.pdf,190159,d3fc5f300c6854c3a0d91554f7c52b9cb54d2bb3b9d15dfcea0a2d38ea983bf6
originals/ipho/2022/IPhO_2022_Q4__7210388f1b8aa4d6.pdf,360738,7210388f1b8aa4d6de1d8d634d7dccca4556533b5f8b00736c8c65ba7258cff9
originals/ipho/2022/IPhO_2022_Q5__65eafb197a655131.pdf,330866,65eafb197a655131c934f68673394250c61b0ac25336dc563b4284301de1cd19
originals/ipho/2022/IPhO_2022_S1__3a7e7e36cfff1b1d.pdf,3472182,3a7e7e36cfff1b1ddb9cafd1a0afb1c1482f5282952a8e81c9f1820d3da55c25
originals/ipho/2022/IPhO_2022_S4__f7e02e3b79c0a486.pdf,633630,f7e02e3b79c0a48612aa804c1eefc052ae08ee81a71eadce5c1d57d31da7fa4a
originals/ipho/2022/IPhO_2022_TheoryInstructions__6743d79b95c08978.pdf,184818,6743d79b95c08978c7682062c2af331248ac6754babadcad8b9f0a43a637233f
originals/ipho/2023/IPhO_2023_A1__92caf4a671d4880a.pdf,300102,92caf4a671d4880afe906a4f7704f973a62556b03048ae3275805ac0b057c7ca
originals/ipho/2023/IPhO_2023_A2__77b75ffbae3cd0da.pdf,130634,77b75ffbae3cd0da83d27d0fba7c3939b400ade47a82c384679794a8887bd042
originals/ipho/2023/IPhO_2023_A3__7bdec5b3e7948fe3.pdf,129313,7bdec5b3e7948fe3bca4450a14baf29109b569a3c3ebd9382cc09283afcecc54
originals/ipho/2023/IPhO_2023_A4__cdaf7c2f48228810.pdf,490765,cdaf7c2f4822881042fdbc5afa4f3f61f3e8f32888e1e4e3259c6eae5c695b44
originals/ipho/2023/IPhO_2023_A5__3a81adbcbebc5ca2.pdf,231671,3a81adbcbebc5ca292a63819e7bc6687e7919536445c9a6d56786c9bdf04096c
originals/ipho/2023/IPhO_2023_ExperimentInstructions__37d1d9d25ba84d9c.pdf,129412,37d1d9d25ba84d9c4decdee4a1964358d003e09c2eb03b119ad5a4f360e9eb69
originals/ipho/2023/IPhO_2023_M1__99680cf92225c248.pdf,846444,99680cf92225c248a8a2d78ab771c52cdd01b3e0e684a91747e287520da5ff79
originals/ipho/2023/IPhO_2023_M2__46278a6502f448a1.pdf,436041,46278a6502f448a1e6105c31f8181e3d86cdee8abc4d5f555fa2dc817447fce2
originals/ipho/2023/IPhO_2023_M3__b2b0d72790c30e4c.pdf,628400,b2b0d72790c30e4c4baaa6e6371ae421550a8d8f55ceadcaff3733ce44b6275a
originals/ipho/2023/IPhO_2023_M4__698ac1d9634bc057.pdf,1011405,698ac1d9634bc057b8b7aa31c0aeab67bb70d146f766adbd3a132381efd44e23
originals/ipho/2023/IPhO_2023_M5__f065e181b13e2a00.pdf,472870,f065e181b13e2a0095fbc297a8532710500665c24e45f9eaf0b93f9f3fcd405d
originals/ipho/2023/IPhO_2023_Q1__4fef805edaaa3c23.pdf,659955,4fef805edaaa3c236c1e6a326bb5dd217e2915bee3bddfeb42652355cd7154c0
originals/ipho/2023/IPhO_2023_Q2__1952ff21f907107b.pdf,811220,1952ff21f907107b23c3757af34ecdcb362f38b56085aae32bc183d287beb4cd
originals/ipho/2023/IPhO_2023_Q3__fe25d0f5ef076db8.pdf,3740620,fe25d0f5ef076db853d8b64a1a9d58ca343665087ab8afe1dec294e53d8a9016
originals/ipho/2023/IPhO_2023_Q4__01c27da4a0fa4bbd.pdf,3059938,01c27da4a0fa4bbdced37c9a7f6eca4eac4254ff3d02502079907871ef540e6e
originals/ipho/2023/IPhO_2023_Q5__5d2645f3e0f65422.pdf,3527086,5d2645f3e0f6542259c854a14832733fe5e89a2aeb0be629c8352ad018d961b0
originals/ipho/2023/IPhO_2023_S1__a813483dd978f206.pdf,485577,a813483dd978f206c2c237e2516abc8b6ae922bb794491c51d1b1abb33a3e03c
originals/ipho/2023/IPhO_2023_S2__a202c939bb78a0e3.pdf,79300,a202c939bb78a0e384830b2e2d901a660661051ecba28214ab64f7dfd1b9942d
originals/ipho/2023/IPhO_2023_S3__d86cee21f6fe4322.pdf,533510,d86cee21f6fe4322ef9a796061ac6021a63115e56e0285593ce33141b527d7fc
originals/ipho/2023/IPhO_2023_S4__13553b3a68d1cc4f.pdf,1665368,13553b3a68d1cc4f1f59e77db55641bef9658a810150663a5952969b419ed0ff
originals/ipho/2023/IPhO_2023_S5__84fc9985ad7d8f95.pdf,469005,84fc9985ad7d8f95f466e5d01e835394a689456388264b77de541bf1fdf99cf4
originals/ipho/2023/IPhO_2023_TheoryInstructions__839b379ef6e621b4.pdf,139463,839b379ef6e621b4cad3c39e28487c7eb01a733875734d2738a3cf12561dd8d1
originals/ipho/2024/2024-1__669cb44bc3b939e6.tex,7496,669cb44bc3b939e6ee1783de193b34d07cf4a4a9cc6eb4ac7d97dd68bfc9292e
originals/ipho/2024/2024-2__2e533cc0645e1fcd.tex,9372,2e533cc0645e1fcdbabe1f4d51cad289c6e494f2bcae34ad91cb26495dc37261
originals/ipho/2024/IPhO_2024_A1__8e98ecc26a800d86.pdf,512645,8e98ecc26a800d86e38456516e13caceca78e99d35987b5e29e83b9873b1a7c8
originals/ipho/2024/IPhO_2024_A2__fd3536488984dd87.pdf,506226,fd3536488984dd87d921b211988cfe0ff628c98ca7520d56acf12ecfca3f19b4
originals/ipho/2024/IPhO_2024_A3__4dc2cc361200a238.pdf,353960,4dc2cc361200a238f42d9a08f5c5b3b6430137e2a03f81118c0c334737f2eb5a
originals/ipho/2024/IPhO_2024_A4__a289179dba67b99a.pdf,592269,a289179dba67b99ae092d63f4fb3f72ab260efa75a80d5f1a91cde6591207b2b
originals/ipho/2024/IPhO_2024_A5__562d6ffd1370fe87.pdf,294289,562d6ffd1370fe87790217bacf2ea87a3c80da5533ba859204b7d60df973a1ab
originals/ipho/2024/IPhO_2024_M1__fefcccea5da2ac43.pdf,191311,fefcccea5da2ac43b9385e37306e3fadb9c335f5b02ef4f171ff6198cd3504bf
originals/ipho/2024/IPhO_2024_M2__489a6e4c48b343ae.pdf,233117,489a6e4c48b343ae825925552eb44d1a53520c56d2ab60ce09d2072965175617
originals/ipho/2024/IPhO_2024_M3__2e9a7c35a59bada5.pdf,264462,2e9a7c35a59bada5f8dd476e12027851bac50a676cd40d88d066367819feaa2a
originals/ipho/2024/IPhO_2024_M4__19efab66affdc378.pdf,203762,19efab66affdc378d9889a9e253d7281150a7bdbf68e414aaa312097afc31edd
originals/ipho/2024/IPhO_2024_M5__d692e2ee927d646b.pdf,142813,d692e2ee927d646bc3d7e306057d02642bd73a059263ddfda8c4a8dbd509368d
originals/ipho/2024/IPhO_2024_P1__45d86568d6175d76.pdf,5159851,45d86568d6175d7694114942d9dbab1630482db01cb44b0f0df2c5fb41746bfb
originals/ipho/2024/IPhO_2024_P2__792997e80e20d501.pdf,1462327,792997e80e20d50145603a74d6e26afcec2846c2a5fdffe2aa20823e54b7b2da
originals/ipho/2024/IPhO_2024_P3__18f6d8f4e2fc06d8.pdf,21139989,18f6d8f4e2fc06d8f782ab0d8e9450585d62ead2615d673dd62161097a1b0093
originals/ipho/2024/IPhO_2024_P4__607e04ca1da084d2.pdf,1115943,607e04ca1da084d2a5ee8248dd353b7d788abe8c701e54acb9531122ef7d7015
originals/ipho/2024/IPhO_2024_P5__064341b396a38eb8.pdf,1471602,064341b396a38eb8f69191bfa35b761d462ff5ac8379857a3888e98d513b1ecd
originals/ipho/2024/IPhO_2024_Q1__a513d544b6dc80e8.pdf,1061026,a513d544b6dc80e8fd6454d908e14b378b6e4306cb3bc49d26f826558862803a
originals/ipho/2024/IPhO_2024_Q1_tex__ab5d337e864522e5.pdf,265977,ab5d337e864522e58846dbb0952fc2b975597cb31578843b4afc286adb765721
originals/ipho/2024/IPhO_2024_Q1_tex__eee7592e34b404d7.zip,214340,eee7592e34b404d7abe7ae20c1b89a6968843466bb5c48af630d61b45fbdc532
originals/ipho/2024/IPhO_2024_Q2__0f3b3e4f6162f1e0.pdf,1353737,0f3b3e4f6162f1e0341cfe0ab33b22e98fadb3d9750de53ebf2fb169d9263df4
originals/ipho/2024/IPhO_2024_Q2_tex__387c708690d624a7.pdf,204493,387c708690d624a73f873c7c71888141f5a5d334237010d4aee4b04605582d6c
originals/ipho/2024/IPhO_2024_Q2_tex__ab8d45b5bfceb051.zip,149035,ab8d45b5bfceb051ab5fe9d6f4804da9584f06a576b1739bf38fc6b309c9ba54
originals/ipho/2024/IPhO_2024_Q3__2ff2d180492f1655.pdf,1749492,2ff2d180492f1655f30d2655847b2aeaff827d69ccba54ff5d0dbcb9f7489ddb
originals/ipho/2024/IPhO_2024_Q4__b3b1f0bff9aecfb4.pdf,3497524,b3b1f0bff9aecfb4e0f9e657748d4af98433a286bbec4c3deb219f259f7f7f4a
originals/ipho/2024/IPhO_2024_Q5__5b2694682b0035a7.pdf,3529531,5b2694682b0035a7d04801bc92bed8e1f97e97450b73a44577018345204e7434
originals/ipho/2024/IPhO_2024_S1__c7006bbcadf2bdfa.pdf,329386,c7006bbcadf2bdfa1feaf99c89cac6c7aa8b41f66cc742d0a12dc41a90bf6e52
originals/ipho/2024/IPhO_2024_S2__084625e46ab1bff7.pdf,283925,084625e46ab1bff700c9434a9a663a846ab66f7c59c895bd4394bbf079c4711b
originals/ipho/2024/IPhO_2024_S3__6199c3c566ae49a2.pdf,300534,6199c3c566ae49a2c542e70b3a6ff2cbaf70dab821a5e4a173e6dc315cd557d0
originals/ipho/2024/IPhO_2024_S4__3bc21d2c2f078e92.pdf,378943,3bc21d2c2f078e928300882e7d89f5e4d9bad2c85708afc15048880df08e8cb6
originals/ipho/2024/IPhO_2024_S5__a878d383526f7586.pdf,410591,a878d383526f75862a6f320d476d54c185296c65cbe5298ff629fe4c5d12a929
originals/ipho/2025/2025-1__6de5822cb662820d.tex,12553,6de5822cb662820dab8a18e66b5864cb303b6ea0a64932a84100010c63e4ac78
originals/ipho/2025/2025-2__a51c1b6f88709a6e.tex,14690,a51c1b6f88709a6e1152230254adefc20c8f569adc8c0993d337fbac501f2c21
originals/ipho/2025/2025-3__5c6c9803df4cf87b.tex,13329,5c6c9803df4cf87b4dddb7132f89ae6a26d4c32052295d19e18d6d411c3b7452
originals/ipho/2025/2025-4__5e6b7c9ee9f32197.tex,13412,5e6b7c9ee9f32197af95c8deec78b034e9fba124c8018241fbc4213de807178f
originals/ipho/2025/2025-5__5312db340c0c375f.tex,11948,5312db340c0c375ff9658284d1ebe08db940d458c123561c9f5a270f73e36a6f
originals/ipho/2025/2025-6__447519336a96a4e7.tex,7960,447519336a96a4e7c90f3427aa318b03ad3695436661fedc89ec616ba3d8709e
originals/ipho/2025/IPhO_2025_A1__891c46edf1af8d7f.pdf,43120,891c46edf1af8d7f7804918d61705ec92a7bf066532f0cc3518edbda2dc51265
originals/ipho/2025/IPhO_2025_A2__b2c6f08aecc064ba.pdf,332133,b2c6f08aecc064baf48bcec2debc707396f10a3c106adc64ec937fe754db2dd3
originals/ipho/2025/IPhO_2025_A3__b87758c6c759d984.pdf,33074,b87758c6c759d984ae2cc56a95a7f3cfa7823e8262310f13f8601edbf66fa09c
originals/ipho/2025/IPhO_2025_A4__1ef55f567b04aa45.pdf,67499,1ef55f567b04aa4597b624f8816e8e0717142dcca07170da803b6910c8c01219
originals/ipho/2025/IPhO_2025_A5__d0ffa7db271bc653.pdf,45639,d0ffa7db271bc65378f835f8fda52ac179bb2fed187d4622144a7c2f1c687586
originals/ipho/2025/IPhO_2025_A6__2b6c7106a98bdf96.pdf,31227,2b6c7106a98bdf96078f9c5852504838088729ab315529ade091c19a8628f860
originals/ipho/2025/IPhO_2025_ExperimentInstructions__fd13c5146edf939e.pdf,29289,fd13c5146edf939e565b541641b71799f250fcce3065eba45ab6162527ff7da8
originals/ipho/2025/IPhO_2025_Q1__866d34e6f1c5469c.pdf,1649097,866d34e6f1c5469c9a33761f9b8fea94e41620cb28831ed5401b056febdc4485
originals/ipho/2025/IPhO_2025_Q1_tex__50d3f0cd04a3e61e.zip,449930,50d3f0cd04a3e61e780cab11bacbedbfa2f28184631b9c4d2345b0bd9eb8809e
originals/ipho/2025/IPhO_2025_Q1_tex__6d52049efadaf91e.pdf,507229,6d52049efadaf91e2e2b520db0a715a0b605511140db3c9cb8423b815706926c
originals/ipho/2025/IPhO_2025_Q2__2a23bf9c8451fbaa.pdf,4137572,2a23bf9c8451fbaa7036ca6eaf83aaae49995d3b5aa5f2600874296319ddd333
originals/ipho/2025/IPhO_2025_Q2_tex__2333ddb8585a137e.pdf,219324,2333ddb8585a137e6ce49222fe5172d3ad804b701842ef2a135a761f694d57ae
originals/ipho/2025/IPhO_2025_Q2_tex__fc8e65f6333c9988.zip,470857,fc8e65f6333c9988a79975f386cc52e4868b20e3cf985a68feb0883fead2ba9b
originals/ipho/2025/IPhO_2025_Q3__d8715ed3a2c6e552.pdf,478721,d8715ed3a2c6e552f294aef451382db869c8e7fd800621a7b1b30886c705cdd8
originals/ipho/2025/IPhO_2025_Q3_tex__2ce6bb964729281c.pdf,308829,2ce6bb964729281c9e51175979cbc14ca803ef0a08e94b5e91b103216d0fabac
originals/ipho/2025/IPhO_2025_Q3_tex__98b7e97254297f13.zip,299963,98b7e97254297f1312fbe4ede39d65f1a1c6162d0a01b066d80b8f1c006e5dde
originals/ipho/2025/IPhO_2025_Q4__eae8d246bbd81254.pdf,6684887,eae8d246bbd812547299a4d126281138f1225a4eaa6da8298f6bfb4570e4b314
originals/ipho/2025/IPhO_2025_Q4_tex__17ada844309325c2.zip,864199,17ada844309325c2b30ec9c37842c4bcf6c489c168a389fa01fc84397a94e66b
originals/ipho/2025/IPhO_2025_Q4_tex__459896e3c49d0ff4.pdf,364280,459896e3c49d0ff42941accb84ed96a5f3bb7725aedc88bdb2b95bfdc61507a2
originals/ipho/2025/IPhO_2025_Q5__52e680658d4b701e.pdf,4966665,52e680658d4b701e4fe0d78a342130cdedbe312fefebac4f17f131617eb98572
originals/ipho/2025/IPhO_2025_Q5_tex__778b1e4fdcbb1e20.zip,974586,778b1e4fdcbb1e2074096aefee2248311e31dda2b23d44387fb9544e06e80882
originals/ipho/2025/IPhO_2025_Q5_tex__d0d9b5ec5caa3ce9.pdf,457209,d0d9b5ec5caa3ce913824fc44c12fef14aaaf1cdbdd2a4fe6ddcb0261a5f722d
originals/ipho/2025/IPhO_2025_Q6__01f1b530c5f5d125.pdf,250398,01f1b530c5f5d1253c9043fe26344a61e3af573ea653c2ba8db8e90822b813af
originals/ipho/2025/IPhO_2025_Q6_tex__b300682b147b03c0.zip,163448,b300682b147b03c0d1f16be13f77174f24faf64dd5e8db8b8d52be6e56cf2f9d
originals/ipho/2025/IPhO_2025_Q6_tex__bb1bb32e683f17e3.pdf,230993,bb1bb32e683f17e3ae694e5358731bea7b9c3ae4e4e84d3f1fbcf23c396240f5
originals/ipho/2025/IPhO_2025_S1__4551f43739a66723.pdf,1958938,4551f43739a66723fae135aa80f5811cca0c719a9d8e9ca2d72c63ec9d28d988
originals/ipho/2025/IPhO_2025_S2__4845538076deabf1.pdf,4195186,4845538076deabf1207426c57ee2948fe8d9939163b26fb68e77761a45ffedb8
originals/ipho/2025/IPhO_2025_S2_tex__d482ecf41e783fe2.pdf,465985,d482ecf41e783fe29e9afbc78da2ea7beebc2bf12189529cb5fe28722e54cdb2
originals/ipho/2025/IPhO_2025_S3__fed9e276bcc33b30.pdf,536377,fed9e276bcc33b300fcf58a510554ccbe503f0a5da1b27ab22b9414aeca7c913
originals/ipho/2025/IPhO_2025_S4__b82d635a27ef6bba.pdf,2387946,b82d635a27ef6bba42d5fa67146e2114ca9c2bf13bded41c6c0ebd5b082c4cd3
originals/ipho/2025/IPhO_2025_S4_tex__47b16b1cdc6180de.pdf,698131,47b16b1cdc6180de6a6e7ad8365cb6453b07edeb7ffd2b8e18c9f3c6aba1a4b9
originals/ipho/2025/IPhO_2025_S5__704b6852472f7285.pdf,2269699,704b6852472f728587d8593539bb9d0d83cb3eadbf5df2ccefbd2852632704bd
originals/ipho/2025/IPhO_2025_S5_tex__b7753cc008835f71.pdf,727759,b7753cc008835f7193c919109ba8214b884c8e18b4f3c069b8ce5f1c33c66f93
originals/ipho/2025/IPhO_2025_TheoryInstructions__87ffcbdc9b8603bb.pdf,40659,87ffcbdc9b8603bbf77df42884662fca8c391bf5d8da06b2ad8d503fd19bbc03
originals/ipho/2026/2026-1__0650e0513dda40f7.tex,4557,0650e0513dda40f70c33146c4450e524c52add33e81c2b24ae7e46646e86fc94
originals/ipho/2026/2026-2__d26d7c13c51c4ed6.tex,5836,d26d7c13c51c4ed6c6ada4c0dfccaa40ea7c3e5400b6f25e1d9f86e9640578e6
originals/ipho/2026/2026-3__766f96f12ffe9beb.tex,7453,766f96f12ffe9beb28505b98192933a828470a37db971057abaab1f9ea49d290
originals/ipho/2026/2026-4__b4fc0e4403c21203.tex,19417,b4fc0e4403c21203239dffcb3c2603061719cc6d06d8274f8439bb92143f1d38
originals/ipho/2026/IPhO_2026_M1__5968ad85134ebc4c.pdf,70607,5968ad85134ebc4c78a68f46c68954c80e885642bb8dee050d04c91998219d77
originals/ipho/2026/IPhO_2026_M2__eb52200ad7cc052d.pdf,66480,eb52200ad7cc052d39555fd6983e75d51b7e55a95a59f8139da5db4f8350edfb
originals/ipho/2026/IPhO_2026_M3__5cd3f792e281fdd0.pdf,67090,5cd3f792e281fdd086a0b561741263e3676872eaa836763cf50641461398183d
originals/ipho/2026/IPhO_2026_Q1__0fc29bcca76d88b3.pdf,655287,0fc29bcca76d88b36c6cc6630cddb9bd22fceb96da857a527b675b72cb97f833
originals/ipho/2026/IPhO_2026_Q1_tex__3acd68ed62e8636e.zip,79123,3acd68ed62e8636e72ad8761aea7fddb20ad8b4f89e49e70b9366a0be9aba845
originals/ipho/2026/IPhO_2026_Q1_tex__ce9f9e4ed4f31a0c.pdf,111080,ce9f9e4ed4f31a0ccdeaf43f133b48d5deefb3507bfc968b430d3095fef91050
originals/ipho/2026/IPhO_2026_Q2__d105a67ea95650c0.pdf,1959589,d105a67ea95650c035c3c1c2f7649b27fc594843e8037485927af1711225ce55
originals/ipho/2026/IPhO_2026_Q2_tex__8cb79d7cf91bc411.pdf,397416,8cb79d7cf91bc41136072c47b4ead3ffda5bf3fad57263ac07435abbe01afcd7
originals/ipho/2026/IPhO_2026_Q2_tex__b474ce9ffbc1b793.zip,417364,b474ce9ffbc1b793067966fb761eb48449fb466055a0bb56bfe3b0c080228ced
originals/ipho/2026/IPhO_2026_Q3__1fc6e246a0f1a369.pdf,464094,1fc6e246a0f1a369719f5bd39bfc12f7b665353be84a91485c8643370330b224
originals/ipho/2026/IPhO_2026_Q3_tex__d830aa13235b7fcd.zip,103293,d830aa13235b7fcd69bab4f4dfb4576bd3607757e83b55da4206c353102751fa
originals/ipho/2026/IPhO_2026_Q3_tex__eb9033334eabafc7.pdf,150632,eb9033334eabafc79f5b605fbb9c2c83626402fa914586db6e14b14bd91eba09
originals/ipho/2026/IPhO_2026_Q4__3f79b7d7fd62784a.pdf,2713074,3f79b7d7fd62784a61679721d953e3eadf9d1a2838b5bec34c6a249a14014471
originals/ipho/2026/IPhO_2026_Q4_tex__55b3b0e4ea53973c.zip,629649,55b3b0e4ea53973c41b2c1c4b9353c442e7eb9bed361411d7d38f86edc2d80d7
originals/ipho/2026/IPhO_2026_Q4_tex__e6fea28916f9be80.pdf,570927,e6fea28916f9be80a6e2bdb2108dfb23367c7c21bc04908e19e00c45e99dc79f
originals/ipho/2026/IPhO_2026_S1__9e6855ade0068a94.pdf,247936,9e6855ade0068a9451f3476d6781fece4a222d3b5a412f894f5bf28778f7ef6f
originals/ipho/2026/IPhO_2026_S1_tex__183f30cbd39d73f1.pdf,90137,183f30cbd39d73f1e04fad994d7bcc75347029fd92f627ed2c71678bf02e96e5
originals/ipho/2026/IPhO_2026_S2__2256104b843dcaa7.pdf,283252,2256104b843dcaa7031ab3d14a9f32eea6f6be6714a3f284ee028c752b73493f
originals/ipho/2026/IPhO_2026_S2_tex__cbd961afce77e22c.pdf,156179,cbd961afce77e22cf0908718acb482f6262df3016a7a395813ed840bf9e16600
originals/ipho/2026/IPhO_2026_S3__3ef1952f8a7466be.pdf,273124,3ef1952f8a7466beb809764b2b0dcdd8191f71fd42ad4f71a96c0b53ab5bcb01
originals/ipho/2026/IPhO_2026_S3_tex__9ecdf1b9fecf4e09.pdf,72495,9ecdf1b9fecf4e0984b54bb224abb6e85b13dec3141831f36a802e5e19a43f0d
originals/ipho/2026/IPhO_2026_S4__544def93580d3691.pdf,778404,544def93580d3691f488347f44a3eade20f777379ddade4fb50905e11d8663f9
originals/ipho/2026/IPhO_2026_S4_tex__49d3d5e4388f671c.pdf,245586,49d3d5e4388f671cd467ccba594d667947faa12205ace4ae7775042373b1e9a3
originals/ipho/2026/IPhO_2026_TheoryInstructions__58f7c0269b2060a0.pdf,217015,58f7c0269b2060a0635da99314b901b5479383e89d79d4df53aeb91bf35e4924
originals/ipho/unknown-year/errata__3db593a1fcc920c5.pdf,283036,3db593a1fcc920c5e80ccd7f501adc55212de63b5d2e926a3a0df1528f4776e9
originals/ispho/2023/ISPhO_2023_Q1__a84d85f91649d5f5.pdf,1892048,a84d85f91649d5f541d0cfbeb8aa11b434df88ed37d657b076219d9f27c5233b
originals/ispho/2023/ISPhO_2023_Q2__dae43b3bb15a9470.pdf,528861,dae43b3bb15a94704260a0c4b0a60011e949112eba1a1ae642887dd3bf2f5c2e
originals/ispho/2023/ISPhO_2023_Q3__f7fe407507fade9f.pdf,279599,f7fe407507fade9fbf4f3af28c43220b2b7bbc7f51e5e8ce0e2ce09c319875ba
originals/ispho/2023/ISPhO_2023_S1__7cd27eba2508c57e.pdf,545716,7cd27eba2508c57ee003223bcab891083f18178145c91e44962d576857c00a63
originals/ispho/2023/ISPhO_2023_S2__26e58e3d0a98e25d.pdf,147341,26e58e3d0a98e25d84fd51d6675630b0d0456991f2b57b807c48a171efbff349
originals/ispho/2023/ISPhO_2023_S3__a8a1f35496d4ee6d.pdf,659948,a8a1f35496d4ee6d23f511506bb06f74024db2292e20b0114cd28991647e5f5a
originals/ispho/2024/ISPhO_2024_Q1__6190c49c30dd9308.pdf,167714,6190c49c30dd93081f787fb6a682d43398abb1701e69553f1f7470b2c7adca3f
originals/ispho/2024/ISPhO_2024_Q2__1e531da9242a12e0.pdf,134416,1e531da9242a12e0f45da60c2ac815b3a0472fe6b948eaf92921e1e5b6ab8f97
originals/ispho/2024/ISPhO_2024_Q3__30a2340a80bedcd8.pdf,564163,30a2340a80bedcd82dac108be49290bd2276ad87b4ce4e2434b7ada47a778dd7
originals/ispho/2024/ISPhO_2024_Q4__5155f026b730236b.pdf,399348,5155f026b730236bfd1f990db73dd271ce425ddbdfd7c0393844afb1d10a0678
originals/ispho/2024/ISPhO_2024_S1__53ad691ac1e57c5b.pdf,223846,53ad691ac1e57c5b87c84c5a8c37df35ffa01029deac0c692b4876562469abcd
originals/ispho/2024/ISPhO_2024_S2__d19cdc01d4b8418a.pdf,71144,d19cdc01d4b8418a269a5f0ca02f1ef32868896f0fce41f385e2575afcc7daef
originals/ispho/2024/ISPhO_2024_S3__0f6a4cacb3e27e6b.pdf,212652,0f6a4cacb3e27e6b3cbd316222a4e8eefcff6ddd22940613b372b832af6448af
originals/ispho/2024/ISPhO_2024_S4__1af0be785786f05e.pdf,510659,1af0be785786f05e788b6d59c783a57d598e29c8b12e281ab869a14e817987f2
originals/ispho/2025/ISPhO_2025_Q1__eb68ee1350d66499.pdf,1644997,eb68ee1350d66499d2ed4016f9b77a4889873f88cfd4308cba11fc4b019f3343
originals/ispho/2025/ISPhO_2025_Q2__5b8dd952e449a485.pdf,740288,5b8dd952e449a485ac1e15611aec35a672f2cedac4c8b0216c0cf015ac1245ec
originals/ispho/2025/ISPhO_2025_Q3__227a855b7c28bf98.pdf,821865,227a855b7c28bf98dd4ddd0ccb2d8ca5c7409ed3ec60161986831e3df87b3eed
originals/ispho/2025/ISPhO_2025_Q4__3952d1c0e2e47cd7.pdf,4675315,3952d1c0e2e47cd76f14b1ee1b2a0468d71c10cda6f1ae9c2f8b5d10b0c3a900
originals/ispho/2026/ISPhO_2026_A1__73d5ab90ee370166.pdf,41868,73d5ab90ee370166ff4be34be26e1e6cf338d1a9e0df28345e235e9a9f8494e8
originals/ispho/2026/ISPhO_2026_A2__0c8498583608f12d.pdf,40253,0c8498583608f12d51a7bcb92d1d990d71f366d898a37809bf54c6964c5fb601
originals/ispho/2026/ISPhO_2026_A3__9b4fe90aca06d0bd.pdf,40429,9b4fe90aca06d0bd818dbf73c29e0c7805c1e7411cbf99d2edf579189d1e02e8
originals/ispho/2026/ISPhO_2026_A4__f28ba6e30b98f771.pdf,185613,f28ba6e30b98f771cf749e6f2350df3a955b1653b7da9a5a70e3a0c6c2c328b3
originals/ispho/2026/ISPhO_2026_InstructionsForExcel__6a3a668483e8d689.pdf,1981393,6a3a668483e8d689074d4724975d14d964fbc8b7b3d764e147bc9923c81f7ccc
originals/ispho/2026/ISPhO_2026_M1__5ce09fad0aeed5a9.pdf,490868,5ce09fad0aeed5a9d1a3d1d6f73786a1a8d67e550f5597577d5d085fe6af2d09
originals/ispho/2026/ISPhO_2026_M2__44862b1618f207a9.pdf,367955,44862b1618f207a9d31b48021e6b6acf8763ae9765d4732c89cfff9da575a8c9
originals/ispho/2026/ISPhO_2026_M3__f2fab1d4cc145cbe.pdf,390563,f2fab1d4cc145cbe3de09526fdec053ddc4684a61480d56084d146cda36d41f4
originals/ispho/2026/ISPhO_2026_Q1__ed75f9982e499d18.pdf,1597294,ed75f9982e499d18a12e014ba246bc017039f31bd9564002acad9d4e00eb1726
originals/ispho/2026/ISPhO_2026_Q2__6d71c81dc423cb33.pdf,972741,6d71c81dc423cb3376d7aaadce8eee45148975f3828f5cb438de2a8dc2f409a3
originals/ispho/2026/ISPhO_2026_Q3__4fe68c471383c581.pdf,84227,4fe68c471383c581d4cefc3067a28fd844694da9a22d92ff17b2a0a95c98a393
originals/ispho/2026/ISPhO_2026_Q4__5318aa69346b5b12.pdf,1036589,5318aa69346b5b12b2ed6ab75f46a638028b95204fb29dc5c45409d4bbaabe32
originals/ispho/2026/ISPhO_2026_S1__c10e236aa1c89902.pdf,1077965,c10e236aa1c899020b72abf315f9606d417b89966d24722abc669d9a6b837b35
originals/ispho/2026/ISPhO_2026_S2__538d8afbed7cd163.pdf,828302,538d8afbed7cd1631f265eed74e8d3495b8e4ca1a22724d6e8acdc4ee8bf379f
originals/ispho/2026/ISPhO_2026_S3__5a3fbca15590359d.pdf,1067024,5a3fbca15590359d52c22ed0482c9748dbf5f9ad89f139d09402fb1e7ac60e91
originals/izho/2010/IZhO_2010_Q1__c3d309b54a876a0e.pdf,215047,c3d309b54a876a0e71284afa01c5a180b3bb005e69781bcfaabe8f9dff9c8051
originals/izho/2010/IZhO_2010_Q2__4d48c5854d0f2180.pdf,45515,4d48c5854d0f21804647394f00a33604540cfe552643c088aee0d6b9bcd287d9
originals/izho/2010/IZhO_2010_S1__10d2fd1634d6abbc.pdf,216036,10d2fd1634d6abbcb763e030d3472878f52b3ddc2a4d9ae2a36c5145072fb3bc
originals/izho/2010/IZhO_2010_S2__5ff61b518484bec3.pdf,186853,5ff61b518484bec30eb4c2109e11a055d92ed89f3a0fe7e26d14f47752ccc606
originals/izho/2011/IZhO_2011_Q1__40aeea9651c28025.pdf,193224,40aeea9651c28025282b0e57f3353f3fee1158dc00b42706806a7e8ae5970111
originals/izho/2011/IZhO_2011_Q2__8468c4034aebffcb.pdf,125484,8468c4034aebffcbbcfb5c77fbe3b94b4e961fe82f476a9361e0a9ee498946cc
originals/izho/2011/IZhO_2011_S1__ecc4a34a50fade6a.pdf,178147,ecc4a34a50fade6a08fd5f629480bebfa20ec418cdc19fa87915f6c0465ee008
originals/izho/2011/IZhO_2011_S2__0f6326d803e09718.pdf,131459,0f6326d803e097188570248b5662007affddf0b479b4910085c8c05b743ce9e9
originals/izho/2012/IZhO_2012_Q1__cf56e25bec03807b.pdf,34831,cf56e25bec03807bbde1be9433c2c35d4eb47e45ba90d4a04c7dc0fa509a64e0
originals/izho/2012/IZhO_2012_Q2__f773acd3d287e058.pdf,229745,f773acd3d287e058d44b0869956fbad1ddd4d44ab532c1be06406756b4e865a1
originals/izho/2012/IZhO_2012_S1__41a2fa97853ffdf4.pdf,374998,41a2fa97853ffdf4ee0bc3a2e665c79387741beeff41d6cc9df29591335410db
originals/izho/2012/IZhO_2012_S2__faef711dde11fd51.pdf,199526,faef711dde11fd517a4002746936bd685f7b252d13098c8820450d480388df4e
originals/izho/2013/IZhO_2013_Q1__1ac01c052414ffb4.pdf,328423,1ac01c052414ffb4237de9844faa0669cc0ab7b8a903de8d7b1f6d41f1912d8a
originals/izho/2013/IZhO_2013_S1__2804ded48ad009bf.pdf,523498,2804ded48ad009bf58884b871f0f4817c64762b8a0f586e42056908fc4be10f1
originals/izho/2014/IZhO_2014_Q1__aeb3bf3e3eb7330a.pdf,196916,aeb3bf3e3eb7330ae56e8399b0eef3b3df52d014c93b745188bf6eaeca5a53a5
originals/izho/2014/IZhO_2014_Q2__9a11ff701f805b03.pdf,66250,9a11ff701f805b03e5f0086a7247e032d05f9412e452c067c049451222630f9a
originals/izho/2014/IZhO_2014_S1__1e526966f308280a.pdf,194294,1e526966f308280accc9fe747d08259279f35324e7e7f2e0290271adcaf6536c
originals/izho/2014/IZhO_2014_S2__daf8b7289adef4e0.pdf,127323,daf8b7289adef4e002a04d664aaff094cd8c11ef630eaf45442eeeec82349b67
originals/izho/2015/IZhO_2015_Q1__f44e9ad512d9dee3.pdf,388058,f44e9ad512d9dee30b76feffa626be6448630f59627ba462fe58030937dfc84c
originals/izho/2015/IZhO_2015_Q2__ef2440e88167b6fa.pdf,372959,ef2440e88167b6fa1889f6f0c19544a796897c365cb677422c3c5fa84df8a73c
originals/izho/2015/IZhO_2015_S1__c1bc32cc38c3f3b6.pdf,752576,c1bc32cc38c3f3b65121439f41feee3a8bcb48dcce1a41e14b16ba177eccbcde
originals/izho/2015/IZhO_2015_S2__2cf876d299d94f3f.pdf,828431,2cf876d299d94f3ff26b417aa07344a1a93f8960e7d5afeded8a9cd4948e7cf1
originals/izho/2016/IZhO_2016_Q1__88f5f2c904884d0a.pdf,837977,88f5f2c904884d0a4f41f74b6fa54428f95aaa18ae15d33731687d42777db94c
originals/izho/2016/IZhO_2016_Q2__16d9eef63b78cb13.pdf,234783,16d9eef63b78cb13f33c0c13b362b7641d4254de9881b67c5799a225c8588453
originals/izho/2016/IZhO_2016_S1__19f23f790b5dd43b.pdf,745675,19f23f790b5dd43bf2303f4b597da862c5d17a0267320fee3cca7f5f015a1df8
originals/izho/2016/IZhO_2016_S2__10f5a2b708ea1819.pdf,490331,10f5a2b708ea18197207b806e4fd0d5e2ad939c141f897f7c4edf2aadac2520c
originals/izho/2017/IZhO_2017_Q1__f5259f9967c78a97.pdf,494969,f5259f9967c78a97b6f4533225ccf74e170dedb8d7585006f0c496998fc4e787
originals/izho/2017/IZhO_2017_Q2__6b46405f6c59dabb.pdf,325575,6b46405f6c59dabbc1c659da4d894861ea7a604b4302beae6e5d0689855e2aca
originals/izho/2017/IZhO_2017_S1__fb90239d8da3dea3.pdf,1290827,fb90239d8da3dea3dcfe104551243f444802632a74a47a139374013aa16080f1
originals/izho/2017/IZhO_2017_S2__8042730879df769d.pdf,685347,8042730879df769d68b3010d30eaf9ee32cdc77735e284899cdffd3220fd67b4
originals/izho/2018/IZhO_2018_Q1__0782ab2ced4c911c.pdf,593849,0782ab2ced4c911ce92b550aa2fd86cb7f6c9a6e24d7a60f64b13275df1e38ba
originals/izho/2018/IZhO_2018_S1__f338dd0093628b65.pdf,944952,f338dd0093628b658df3f02ca40a34b97e6ecd8fa431cf8517f08aa4eb14ff49
originals/izho/2019/IZhO_2019_Q1__29daec0cb9f759be.pdf,444416,29daec0cb9f759bed9b755cbae2937e1c4ab068fa804c62d512ea291e42619d1
originals/izho/2019/IZhO_2019_Q2__d35406462970a371.pdf,472616,d35406462970a371750f88996a945088c0e30179a2acb1d8c81b9afa6a6aef2b
originals/izho/2019/IZhO_2019_S1__5e83000f5d2abe16.pdf,358300,5e83000f5d2abe161186a6f81e5b9cd306a0758d2969744edbfb68fcad413da8
originals/izho/2019/IZhO_2019_S2__075c71bdd323e087.pdf,789491,075c71bdd323e087549e8a886430d69b12462c816ae4709f24167f87ea98656b
originals/izho/2020/IZhO_2020_Q1__97754809daa7dc2b.pdf,233779,97754809daa7dc2ba95679ac93d8192db0357624777801bb563342dd86bb3e20
originals/izho/2020/IZhO_2020_Q2__8381cf5d965b41b7.pdf,173403,8381cf5d965b41b78feafa86a65e41d5948f8ff69090460a3573424b4770ccd4
originals/izho/2020/IZhO_2020_S1__2b553d707456ac99.pdf,421396,2b553d707456ac992698b78d2ef94bd1a81994833b4815a3a0a60884b88823e9
originals/izho/2020/IZhO_2020_S2__b55ff356ec008d45.pdf,152889,b55ff356ec008d45e49218c62734b9b8f71db8a5c0e631f35fb4d758baed46e5
originals/izho/2021/IZhO_2021_Q1__96b36cbbaf2d7fd1.pdf,418563,96b36cbbaf2d7fd19532afa0651aaf19f9b3c55b7c251c0572bfc9f04cad0598
originals/izho/2021/IZhO_2021_Q2__e2479da6ff139cad.pdf,226902,e2479da6ff139cadb52519649451e14e6e8185a006bae86c67733d7d431658f8
originals/izho/2021/IZhO_2021_S1__cb00b5d2dd6df547.pdf,826622,cb00b5d2dd6df547ae969c4a940339f8e539f949b900d9851eb4b253388b41de
originals/izho/2021/IZhO_2021_S2__3021ab0529adaf44.pdf,871743,3021ab0529adaf44744339991c11e42ffea5c7b13e99a8cf7609e4f92d05ce47
originals/izho/2022/IZhO_2022_Q1__979b3ed80a9f4ebc.pdf,1038980,979b3ed80a9f4ebc185cb19cab10cdb7242d36ae296797da5690ddf8768892f2
originals/izho/2022/IZhO_2022_Q2__8c8b66520bee3983.pdf,214501,8c8b66520bee3983853c46c07989f7b834be7ddeb495ed9d56acec726a00b9e8
originals/izho/2022/IZhO_2022_S1__4b38c9d060853831.pdf,553307,4b38c9d060853831701a6067cda4d4183f14a8597a5308d5471481b994b97fe2
originals/izho/2022/IZhO_2022_S2__0c3fa01e4b99fabf.pdf,429311,0c3fa01e4b99fabf6bcff92ad43cec929781144ad8cfa4bb47a19fee6d815e3e
originals/izho/2023/IZhO_2023_Q1__f70b8ea60d432120.pdf,665153,f70b8ea60d432120db4f7ed28a00aa55e1e4e2050e6b53dc0c2d9fc7cde33646
originals/izho/2023/IZhO_2023_Q2__098d52e70492512c.pdf,1589914,098d52e70492512c32becd0a8f7f591684f56e2e7090a367e08ba7ecb07e89bf
originals/izho/2023/IZhO_2023_S1__e57506fc15395c80.pdf,3043594,e57506fc15395c80f6926794da92e2ca7062c8552648302f853f0e460ffd4565
originals/izho/2023/IZhO_2023_S2__011dd2287cc2464b.pdf,939452,011dd2287cc2464b4c40c72447e9e9ec52ad7ea0c50f772e8045ecab84010997
originals/izho/2024/IZhO_2024_Q1__adad60cced7c5ca3.pdf,1060452,adad60cced7c5ca359544553ed41435fabc55043f2d8e165e7151f6526427865
originals/izho/2024/IZhO_2024_Q2__c8340cc9bf39be47.pdf,576578,c8340cc9bf39be47ec36d13a657ad06fc45cf821fccc410cb3539e7faa3ee482
originals/izho/2024/IZhO_2024_S1__b0caedaf42ed0848.pdf,1184871,b0caedaf42ed084821305e453962cb38563c926031c43d107fd46474b18e0e1b
originals/izho/2024/IZhO_2024_S2__8e269d9f51505b14.pdf,747634,8e269d9f51505b143e8874a3569af6dff9f5b824dd66557fa3599e4012898446
originals/izho/2025/IZhO_2025_Q1__389e0250c9d9a7dd.pdf,521049,389e0250c9d9a7dd637a7b0656b2e7e0508c0ea3fa550ec7de24fd75b6963b8b
originals/izho/2025/IZhO_2025_Q2__df8b34e0cbdc899f.pdf,456091,df8b34e0cbdc899f0bc25a2c9312409b705b493544614d9d7ed4724b281d07ad
originals/izho/2025/IZhO_2025_S1__9b4bbf5fdf1a4d76.pdf,733339,9b4bbf5fdf1a4d763a379665c199e55164e3878918bae9871e6c42695374df83
originals/izho/2025/IZhO_2025_S2__93dd02088fa76d53.pdf,499176,93dd02088fa76d530b1d1191f4cfd97432de6db444e81565aac28b4cbad8f1b3
originals/izho/2026/IZhO_2026_Q1__1782a8234a1dbd75.pdf,596196,1782a8234a1dbd752ec2cd3715da41aaed51992b041c53bc3b5b4201e938daa3
originals/izho/2026/IZhO_2026_Q2__8f6d6f3d4306220d.pdf,363837,8f6d6f3d4306220d44792923cd197bf0937442f239d376ef8643542f1b80fa84
originals/izho/2026/IZhO_2026_S1__2b27f8e79e0aa840.pdf,805595,2b27f8e79e0aa84027a08983a04bd59593e1d5839fac466e51c6cca2bad17b92
originals/izho/2026/IZhO_2026_S2__12c4ac8b767a4e0a.pdf,873836,12c4ac8b767a4e0a559565229398ccd955616248b3b190d78bf93ed752b857cf
originals/kphc/2015/KPhC_2015_Q1__a00c78362c3176d7.pdf,1256379,a00c78362c3176d7c45bc8e83c1e04be673f44149dc8b3cdf9636778fd0adcbf
originals/kphc/2015/KPhC_2015_Q2__a0ded318e682ede2.pdf,1008711,a0ded318e682ede25b2f75bd7a46e52b7b0fdf115f60ae6bdd8a8d79f5f972d3
originals/kphc/2016/KPhC_2016_Q1__a8daf1ac31446f7c.pdf,2114576,a8daf1ac31446f7c9ddc6c877588dfeef2b52b722516b7dd8a6b3f6fe011f77b
originals/kphc/2017/KPhC_2017_Q1__dbd3ff733f3c8363.pdf,2648126,dbd3ff733f3c8363c32486e986135782c908cde1191b7ef7f2f7d8cdf6355372
originals/kphc/2018/KPhC_2018_Q1__4537b37544ee6694.pdf,1093252,4537b37544ee6694e155327823e1ef8f54a2b7cc7da65e666dfb82614e108da0
originals/kphc/2019/KPhC_2019_Q1__191160d44983f744.pdf,2339647,191160d44983f744fc40eaa4ae5b7ae959db5ce7b52ab993f4f4e85fc4aeafd4
originals/kphc/2020/KPhC_2020_Q1__d913f1c915cb08af.pdf,1602737,d913f1c915cb08afb44830ba1eeafd8430c22a642be6c148b4a0629302524bf6
originals/kphc/2021/KPhC_2021_Q1__4a62fcbbdbbbaad8.pdf,1303531,4a62fcbbdbbbaad88161a5277fab72afdd392e8d078340c947f5ee67fc2bd5a5
originals/kphc/2022/KPhC_2022_Q1__07515560d19b00fa.pdf,883321,07515560d19b00fa916a9b846df5c29b635e0937008e84a875b9f3a0008acf55
originals/kphc/2022/KPhC_2022_Q2__35c3bebb926da2a4.pdf,876475,35c3bebb926da2a46606595d0da35d0e4c1530b42f472f7bb1113687cf330d16
originals/mosphys/2010/MOSh_2010_Q1-5__28f2653d3a1565e8.pdf,187954,28f2653d3a1565e89959f9da9b437b5c5a888609a5e167c967ca651eac572b13
originals/mosphys/2010/MOSh_2010_Q6-10__db2e6416b51418de.pdf,235422,db2e6416b51418deed0b5aa63d403f02389e88ecbbab7d09fb2027715d8b3ee7
originals/mosphys/2010/MOSh_2010_S1-5__6b405eb93c4c40c0.pdf,275442,6b405eb93c4c40c016c586eaf6b392dcb167a829dbb755acefbda82ddb9c536c
originals/mosphys/2010/MOSh_2010_S6-10__d9be7369e7468f31.pdf,297735,d9be7369e7468f318976f166137078b5af58a1696047ad5eab7fe17b14aef9ce
originals/mosphys/2011/MOSh_2011_Q1-5__1f271e6fd5b87329.pdf,278140,1f271e6fd5b87329f55b76f8100a8e7a5dac31881aea85ed8503352b9d26c9bd
originals/mosphys/2011/MOSh_2011_Q6-10__812dc113aa7226c9.pdf,406337,812dc113aa7226c9558de897c88c2b7a3d2f6f498fd47ae4a0c48f8bb3a9c3d0
originals/mosphys/2011/MOSh_2011_S1-5__d904a87569234113.pdf,335473,d904a875692341134ae17ec502159316e9f27d449bbf5fa11b11eb4c7630e153
originals/mosphys/2011/MOSh_2011_S6-10__6a142e9807fc8a84.pdf,464055,6a142e9807fc8a84ac069c64194bbdcbedaa6e2895b2cf2ec8595873a23ddf0c
originals/mosphys/2012/MOSh_2012_Q1-5__7e8dbf638b7bcb31.pdf,391067,7e8dbf638b7bcb3133cb61ff7eaf472ab343e1db01fb320ae8f7819dfeecb75a
originals/mosphys/2012/MOSh_2012_Q6-10__5e97bd571039f530.pdf,523838,5e97bd571039f530a0ef956975a9d11acf48b9392ce15eedd0f04bfc826e12eb
originals/mosphys/2012/MOSh_2012_S1-5__7cb4fbdb405bb653.pdf,409430,7cb4fbdb405bb6537b28d20236a9cc3184842fe0f7d7c2b73107ccb68058233e
originals/mosphys/2012/MOSh_2012_S6-10__d8a39a8099c7dbfc.pdf,373384,d8a39a8099c7dbfcbb23a33c66ff1046dee906738ff6f5955ac090790acfb59b
originals/mosphys/2013/MOSh_2013_Q1-5__0482456ed934969c.pdf,160698,0482456ed934969c804bc5faa993ef01da7cdb77eac18d3c4834bfd9c85cab66
originals/mosphys/2013/MOSh_2013_Q6-10__85962527d67c3de9.pdf,207910,85962527d67c3de993be8f4d764e6951699bcb08520d8dac33117a0c0e0bf953
originals/mosphys/2014/MOSh_2014_Q1-5__2082e568096e77c1.pdf,295868,2082e568096e77c1736829a51a97ae2a7d396ce63f93e59afbbe04b3c7a70a51
originals/mosphys/2014/MOSh_2014_Q6-10__274f67a11ca59cce.pdf,422649,274f67a11ca59ccecb95a4bac476dbd3016c2125296b8b69372d6580f7a8490f
originals/mosphys/2014/MOSh_2014_S1-5__f988c442af4a8272.pdf,337029,f988c442af4a8272dbd150e3566b4479e900b3c90bb84d62c1c00849950ff271
originals/mosphys/2014/MOSh_2014_S6-10__a1908399516507fe.pdf,130527,a1908399516507feb0994e2c3838f5bdd6acd9698f22ab218b116fac234d2b9b
originals/mosphys/2015/MOSh_2015_Q1-5__8da336b48ebdf119.pdf,391475,8da336b48ebdf1199556aa02fb340ac7ba1604d7ac535b8b6973786bf294bcef
originals/mosphys/2015/MOSh_2015_Q6-10__fd030f64eb17d458.pdf,471067,fd030f64eb17d458ec18517db4bc12eaca7a90f51f85e05da45f7bf3bca0c887
originals/mosphys/2015/MOSh_2015_S1-5__b1f2947c58e55a94.pdf,188733,b1f2947c58e55a94e8b8e29ba0acacf9941ed2915c439d8f7e489125fca5f6d8
originals/mosphys/2015/MOSh_2015_S6-10__7c50149c16c2fed9.pdf,235351,7c50149c16c2fed9a6846043c2d50d1a2f11847ae01251c665bb435bab171ef4
originals/mosphys/2016/MOSh_2016_Q1-5__e17090c074d69d08.pdf,271815,e17090c074d69d0892283b349dbd2b3a26a6b9e8c001ea62ae39bf807e1bc50d
originals/mosphys/2016/MOSh_2016_Q6-10__35c79265690083fa.pdf,387168,35c79265690083fa3481641ff33d04167c61ac2d23196369b349b5b60d74935f
originals/mosphys/2016/MOSh_2016_S1-5__d3814f31e4f438ff.pdf,432119,d3814f31e4f438ff1f2cc7c97ba14a99948b6122c4f860a70fc6408d83635a81
originals/mosphys/2016/MOSh_2016_S6-10__2baf2dfcd29fe9f5.pdf,585882,2baf2dfcd29fe9f5efcfe23c593e19546a74d92e14d1c34b0ec7abec330a6151
originals/mosphys/2017/MOSh_2017_Q1-5__c0ead18771d56b9f.pdf,279835,c0ead18771d56b9fbfa2fe509364c2104d6def782bfcb0325c77002a3429b209
originals/mosphys/2017/MOSh_2017_Q6-10__fd44ba607f6412ea.pdf,1256167,fd44ba607f6412ea631d977d4aea87a560d4c7c03648140316e5ab8acd2da107
originals/mosphys/2017/MOSh_2017_S1-5__c3823d08cb3dfcac.pdf,614497,c3823d08cb3dfcac38362e54f669add81f76eab4dce9fc03e9ff2cfe63739f26
originals/mosphys/2017/MOSh_2017_S6-10__0810c1b649bc6573.pdf,2234891,0810c1b649bc65734c2f97449a3f20f1e553153099ed2c2030542d8d4b252144
originals/mosphys/2018/MOSh_2018_Q1-5__18fb4ed86487b147.pdf,636061,18fb4ed86487b147b47a31c20bb0d597aadef7a85d843c94d22f825d483f8fc6
originals/mosphys/2018/MOSh_2018_Q6-10__a887f270fb277dc2.pdf,446859,a887f270fb277dc23157a20a9470ec453503afb58be8ce4ed96aa64f426d065e
originals/mosphys/2018/MOSh_2018_S1-5__94b52d4378cbb884.pdf,567031,94b52d4378cbb884d1210df46b168467f0dafe36a9a0242095ec169ba0ab8d3c
originals/mosphys/2018/MOSh_2018_S6-10__ea3df3a0db65878b.pdf,644614,ea3df3a0db65878b4f306b19d4cf0febceb8db8bc189d0196ebb064d7fe88507
originals/mosphys/2019/MOSh_2019_Q1-5__51a15adea904ffe8.pdf,506801,51a15adea904ffe8e2c295654af29bbfc035e3f58aade6cbe391fec245504910
originals/mosphys/2019/MOSh_2019_Q6-10__8a2e977f7a379ed9.pdf,453586,8a2e977f7a379ed9c184336cbac61d77665c32c0a822058509c942eaa0eb214a
originals/mosphys/2019/MOSh_2019_S1-5__274236304e6b7527.pdf,524266,274236304e6b7527ffa5c440f210012ed22307d3a3213b6f68d37984bd7521fd
originals/mosphys/2019/MOSh_2019_S6-10__21d81f917db99351.pdf,503011,21d81f917db993515e311160e7f0f9e6d289af3a0bbf5350aa4c5ed3654eae77
originals/mosphys/2020/MOSh_2020_Q1-5__1f4f53f2592ca1c0.pdf,1274882,1f4f53f2592ca1c0377ee2aaf176d40b9499246e269ef162a875c6f05827a133
originals/mosphys/2020/MOSh_2020_Q6-10__e50fb6db93321cf1.pdf,1054194,e50fb6db93321cf14d2e3a4ef68bef31df903821ef7aec04b86a57e9261ec49c
originals/mosphys/2020/MOSh_2020_S1-5__afd44851161f74c4.pdf,459716,afd44851161f74c4e4bba3619e69a87d0df42f3080ef53f4bf21759dc1429e43
originals/mosphys/2020/MOSh_2020_S6-10__b731995c0f000bdc.pdf,525864,b731995c0f000bdca26300d9e74d0859408daeda1f64f0df94aa6c2c68418ed0
originals/mosphys/2021/MOSh_2021_Q1-5__daef865d52dab5cd.pdf,249204,daef865d52dab5cd7d4d4d11972817c9878170d22aec4137f45e30be59eed992
originals/mosphys/2021/MOSh_2021_Q6-10__707f3c521e3d5372.pdf,205026,707f3c521e3d537224f176b5a70bf38eb145406c505aaa061e764e62c4ce83dd
originals/mosphys/2021/MOSh_2021_S1-5__5b27f877c74bb7cd.pdf,320576,5b27f877c74bb7cd7c9e33980e69849d620b13c72a7f84bd3302b26fa851b9ee
originals/mosphys/2021/MOSh_2021_S6-10__d27e96c02ad7dd96.pdf,465361,d27e96c02ad7dd964cf988f10e8373b362c95498aa67120d8ba524b6d054e92f
originals/mosphys/2022/MOSh_2022_Q1-5__127333b044056d09.pdf,893436,127333b044056d09228b7e8f7b2e48869a4da61238dd2c94c7a26e3c40036e28
originals/mosphys/2022/MOSh_2022_Q6-10__447301518c4f74ca.pdf,623969,447301518c4f74ca4423d0781a05d0b0cc9b3e97e3aecfaf630e1b65a92857d9
originals/mosphys/2022/MOSh_2022_S1-5__a8d3367a07aaa794.pdf,727117,a8d3367a07aaa7942db80a48ec82a1f863fa37666998bc77a9e6dd70765375f3
originals/mosphys/2022/MOSh_2022_S6-10__21d17f658d064fb3.pdf,528623,21d17f658d064fb31ba106e04ca28260bc381a3c536646f1d38f230789e55086
originals/mosphys/2023/MOSh_2023_Q1-5__cef6c8dce39ece6a.pdf,242976,cef6c8dce39ece6a19554713045b072c8cb3bc044ba2abbb50355b47359f9443
originals/mosphys/2023/MOSh_2023_Q6-10__0681c16d4872a09a.pdf,156380,0681c16d4872a09a9bb7ce5cd59a73ec531d171fb01afd9e701ac663ce878f5c
originals/mosphys/2023/MOSh_2023_S1-5__349c13a840c95cbf.pdf,338487,349c13a840c95cbf3374e2c7f96556afa4bf89c852133e3cf0217e5fed96ece9
originals/mosphys/2023/MOSh_2023_S6-10__721905e806530261.pdf,209829,721905e8065302616d6314ffc26870386d302f3079cb244dcc18a9e781f3c1d1
originals/mosphys/2024/MOSh_2024_Q1-5__e785f74f3f6ef3bb.pdf,784450,e785f74f3f6ef3bbf82b1f421dca6e461ead6ee42bcff96fddcd0724199be01a
originals/mosphys/2024/MOSh_2024_Q6-10__937301ac27ddd3d9.pdf,216581,937301ac27ddd3d924d36b0bd569876de8cee73d536d32d517e3c7ad68f5eeea
originals/mosphys/2024/MOSh_2024_S1-5__816d015f7ecad2cb.pdf,1569760,816d015f7ecad2cba6adc24cedbc12adceadd9c4758fc1b3069ee13e98b6151a
originals/mosphys/2024/MOSh_2024_S6-10__bd3971bab0bbb679.pdf,398508,bd3971bab0bbb679e74e0426103de4941efa64b5bbd2f54d0ea098dc9dcc714f
originals/nbpho/2003/NBPhO_2003_Q1__31d287e506856bc5.pdf,128762,31d287e506856bc57b216c09fd3746df3df45164bfe5f7c047a797df4b0616e8
originals/nbpho/2003/NBPhO_2003_S1__5ba04342dcb8c114.pdf,99802,5ba04342dcb8c11452eba41228c551c4d6c65ee06980d007a96e812f89084227
originals/nbpho/2004/NBPhO_2004_Q1__ab3c77af8a25aefa.pdf,205202,ab3c77af8a25aefa99f062c65af6aea1e9ca138cf6fcd8ace3450c34bb8d1ae1
originals/nbpho/2004/NBPhO_2004_S1__dfb078cefe395654.pdf,118070,dfb078cefe3956545eb5d5a93bfb96ecacee07b321cb16b6a30d0140ead5eec8
originals/nbpho/2005/NBPhO_2005_Q1__9cc9ff9eab54ab80.pdf,167424,9cc9ff9eab54ab80c6319b7cc0fa15b2a2f7d9a12f985de3019e00edfdcf422e
originals/nbpho/2005/NBPhO_2005_S1__fdfe8e0f67fa37bf.pdf,109929,fdfe8e0f67fa37bf8571355514a6d3ec46126576391883e25297cb953b191147
originals/nbpho/2006/NBPhO_2006_Q1__87bd1fc1ad9ee606.pdf,451993,87bd1fc1ad9ee606e6df1c2240af2c01f2ca017a4d0ce37fe69b44902468ab84
originals/nbpho/2006/NBPhO_2006_S1__0aad927ae1fffee0.pdf,98136,0aad927ae1fffee043feb99b04509af020f8a10445842215fcf897697f263cd9
originals/nbpho/2007/NBPhO_2007_Q1__32d1fa81e561ed68.pdf,92584,32d1fa81e561ed68c1562b3c30a14d300b53e67a9300df3036c4e2ab67de8100
originals/nbpho/2007/NBPhO_2007_S1__02adaf8676164444.pdf,99068,02adaf86761644449454889274e86a04825f55a3176245e23b1eeb2d58592a1c
originals/nbpho/2008/NBPhO_2008_Q1__71452c7194ffa86b.pdf,124175,71452c7194ffa86bfc45611f20193577d85042ae50ab6c63ae1c15c4ebd72223
originals/nbpho/2008/NBPhO_2008_S1__1dcb910f4ead657f.pdf,127379,1dcb910f4ead657fc8cad5292a97a72e8aad737558b3af02ffa5e4e5ac5030fd
originals/nbpho/2009/NBPhO_2009_Q1__35c02d7f202cb9af.pdf,220850,35c02d7f202cb9afd2a71fa2efb4c1b39c23ac53041042d7359132387356ad19
originals/nbpho/2009/NBPhO_2009_S1__1ae69c05305464a2.pdf,100742,1ae69c05305464a2c798eb495958b648e443813c557d74e27f2760aeeb353e51
originals/nbpho/2010/NBPhO_2010_Q1__ed8c369411e91241.pdf,107211,ed8c369411e912414e44e5997ec4a46e2cf992916e0405e3e19b8f16e638e9ba
originals/nbpho/2010/NBPhO_2010_S1__053d3eb84c8cdd88.pdf,153692,053d3eb84c8cdd887918fa092a9e3a229b012464ed6383af4acd2acaea4e3561
originals/nbpho/2011/NBPhO_2011_Q1__c37c9bdee72d4b19.pdf,105492,c37c9bdee72d4b1904ea15f8db8e093b0c4a7351bd87deb57a0c9352d53e6e4b
originals/nbpho/2011/NBPhO_2011_S1__5c7631b623f5c49b.pdf,143502,5c7631b623f5c49b0fe9e2a6b778d9c1be575c411c1ce25b8f96788da56e347e
originals/nbpho/2012/NBPhO_2012_Q1__0dc5ebe69013dc24.pdf,75529,0dc5ebe69013dc24e4d1c58ff12077bc982fe4adc5f13caeb35dff8d318f98c1
originals/nbpho/2012/NBPhO_2012_S1__0aee724038b1972a.pdf,136485,0aee724038b1972af58e1763eb656eaea03c022e6eb10567f09730feff4619e8
originals/nbpho/2013/NBPhO_2013_Q1__94bcde1e42b02885.pdf,260445,94bcde1e42b028850ba120967f6071c0001f1ad3f1892e506e2e37eab8331d3a
originals/nbpho/2013/NBPhO_2013_S1__142b932c4a8c9401.pdf,279778,142b932c4a8c940145f013a04d31cbd88ac6e56c8b728d1087e166ce0d0d3f1a
originals/nbpho/2014/NBPhO_2014_Q1__348b2a973efa8cc3.pdf,343915,348b2a973efa8cc3f7b6070a8319d144451b77a0c5f571177766e577edc93c14
originals/nbpho/2014/NBPhO_2014_S1__956ef36bc8c113e7.pdf,246267,956ef36bc8c113e7a935195bb7f29569501a3073dc949eb9bfc7eec647d22ec2
originals/nbpho/2015/NBPhO_2015_Q1__b1cf2793dbb18700.pdf,212721,b1cf2793dbb18700ceef06bc34d4367c24fc5dcd432a6a8cc424527cfd31a441
originals/nbpho/2015/NBPhO_2015_S1__dcfc8ff7db56fd36.pdf,232732,dcfc8ff7db56fd36e20213c62318bfd4e7f08df152018d118a89e268ebdaa966
originals/nbpho/2016/NBPhO_2016_Q1__c7561aa952300015.pdf,165288,c7561aa952300015c4b2dcd16772cbf0b984df2abf6f65492abaa4a4d1a5fb2a
originals/nbpho/2016/NBPhO_2016_S1__a5224e9af5db71c8.pdf,195469,a5224e9af5db71c897b278fb53413337f4424e454d98bc45c12d7f4344f6461e
originals/nbpho/2017/NBPhO_2017_Q1__74408ff21e092ffa.pdf,1845130,74408ff21e092ffa01b2a21add1859951edcbeccf0b7580a1230999346bf5a6d
originals/nbpho/2017/NBPhO_2017_S1__80218c183c1e62fe.pdf,212368,80218c183c1e62fe0a728c96f02a8fc8bb7ddec61cdb20e90f78df36f6dd6a2b
originals/nbpho/2018/NBPhO_2018_Q1__6d6925eb5e081223.pdf,205440,6d6925eb5e0812230329962f4508c317e4693224e25f602625bdc9b13c78afee
originals/nbpho/2018/NBPhO_2018_S1__e940699336caa0ae.pdf,175684,e940699336caa0ae29f245987d0eeae053ce808b1263be7e4fc859d80fda2316
originals/nbpho/2019/NBPhO_2019_Q1__40b081adc6c6e9b0.pdf,219327,40b081adc6c6e9b039d6928145f6b52b0cb098c5bacb30190bdd66efd8dbeaeb
originals/nbpho/2019/NBPhO_2019_S1__0fcfffab34b688a4.pdf,823934,0fcfffab34b688a4460a7fa095fa806d0073c40b3ae91713f82a9a5d77693cba
originals/nbpho/2020/NBPhO_2020_Q1__39faa10f6904d9d7.pdf,502669,39faa10f6904d9d78c6551a69d7623bd53d5e1c4b3995142c61b099bd8d6851c
originals/nbpho/2020/NBPhO_2020_S1__7fd349492edfbb91.pdf,759934,7fd349492edfbb91a510f484f83d556d73835eca4f5a45f2ab9426315e0c5e03
originals/nbpho/2021/NBPhO_2021_Q1__3481b93686c493bd.pdf,95147,3481b93686c493bdd3f0ff5f24a85a57cc42d7ed26f40fd4b25b37070d80074c
originals/nbpho/2021/NBPhO_2021_S1__33077308e31d842b.pdf,7603696,33077308e31d842ba52ea6fe42e93bac2fe93ce5f7d4accd0e4076bf51e5d20d
originals/nbpho/2022/2022-1__2db36601fb03d890.tex,2199,2db36601fb03d890febe0164f5b599dd04b93c3e981ce93315b69c6f33fa0bce
originals/nbpho/2022/2022-2__7509717ad146590d.tex,1166,7509717ad146590dec3523893cc1817ddbb60de9e659cdb4a9fb92c6e5351cef
originals/nbpho/2022/2022-3__1a668abd2770973c.tex,894,1a668abd2770973cbda5658d01bc1d373932b6f77364ead7d3de3fa893fa1765
originals/nbpho/2022/2022-4__ce8cf675fd0e5e6a.tex,789,ce8cf675fd0e5e6aabd6073997cbc1a1afc642e2d41eec501680544d1627bd6a
originals/nbpho/2022/2022-5__d7912f1a11869227.tex,3927,d7912f1a118692273c56163a3e3bdc1cfb81a503ea4c6cb62e5ead2d4b24d017
originals/nbpho/2022/2022-6__1f57e37dc7f2c432.tex,1114,1f57e37dc7f2c4329a36c3f857d32b757e483043e622e2629f6082c91491203e
originals/nbpho/2022/2022-7__54528d0ace0ef623.tex,1987,54528d0ace0ef62355ec7337f0f2bf8fd53b48d38f37a49074e2cfd4b1c7beec
originals/nbpho/2022/2022-8__aa3f485cbca46c1b.tex,2615,aa3f485cbca46c1bfa3f84f87e1086219f8dc74ed7805ac0bacba29e0693c5b1
originals/nbpho/2022/2022-9__2607b3aa520e1328.tex,2121,2607b3aa520e1328e7ee47656a465aab6638cceb3c0dabd647b046424ba3f305
originals/nbpho/2022/NBPhO_2022_Q1-9__05bcbab33748374d.pdf,287501,05bcbab33748374d5f9c511c371a12f2be73c01fa9beaba730419a27ff10db16
originals/nbpho/2022/NBPhO_2022_Q1__0ddbc921937e4bc5.pdf,178438,0ddbc921937e4bc57700cb10a4a90b674a618870bfb03610040fa038a7509ecd
originals/nbpho/2022/NBPhO_2022_Q1_tex__06dcdbf9f745009d.pdf,37045,06dcdbf9f745009d7f82a6ddb7ae75bca701ef0c24d3df903bb4d46013c86a38
originals/nbpho/2022/NBPhO_2022_Q1_tex__911b9525284679f9.zip,46301,911b9525284679f94408105bc797f5865c6a9ede88fd317c3fd16ec431652fc0
originals/nbpho/2022/NBPhO_2022_Q2__786ffbfb20a60101.pdf,164323,786ffbfb20a60101ada90e4c440a916f402b75cc77d366edde6bafe961b44c3c
originals/nbpho/2022/NBPhO_2022_Q2_tex__2118b03af9a6e85b.zip,2992,2118b03af9a6e85b2df9c473c5abe33f295f796e976d630f71df3c212531e33c
originals/nbpho/2022/NBPhO_2022_Q2_tex__86d0995bd1dcd751.pdf,22552,86d0995bd1dcd751e9aea591da2509d522b641fffa609ff7d32ddbfc893f533e
originals/nbpho/2022/NBPhO_2022_Q3__3fe54debee31e074.pdf,168281,3fe54debee31e074122d58b83562febeae944f2ce9abd15247f7a2d8b3186b5d
originals/nbpho/2022/NBPhO_2022_Q3_tex__8d53a0809a8a064d.zip,2733,8d53a0809a8a064d2e5a649358c5d21e5e61aeef01fa0be9f785555ad1026909
originals/nbpho/2022/NBPhO_2022_Q3_tex__c239dfd82081ebc5.pdf,23206,c239dfd82081ebc5cb87ae4f8502a1b0038a407d08f5fcf2681e315c46349b9d
originals/nbpho/2022/NBPhO_2022_Q4__61afd606338c588c.pdf,209267,61afd606338c588cbc29fd6a05fb470e7221a214c25fe38b6391b85b1ab1ea97
originals/nbpho/2022/NBPhO_2022_Q4_tex__4b5e1cbbdf173fac.zip,18626,4b5e1cbbdf173faccdc880988c3e8c46b7fdc047df65c0e6f60582a847aa75e2
originals/nbpho/2022/NBPhO_2022_Q4_tex__d275b729beca4a4d.pdf,29548,d275b729beca4a4d285ff286e70493e523cc8a82169acb01d5c02e07f75b74d9
originals/nbpho/2022/NBPhO_2022_Q5__6efb96ffbb6e0e06.pdf,183835,6efb96ffbb6e0e06fda28fc07e446e524ee20655ee1874578ad0fdf43cdd7430
originals/nbpho/2022/NBPhO_2022_Q5_tex__3dcac1c3602f07f7.zip,14974,3dcac1c3602f07f729883986bed293622953f3d75c57dbad8010746edafd2419
originals/nbpho/2022/NBPhO_2022_Q5_tex__41b2bba75e0f2b14.pdf,38311,41b2bba75e0f2b141fc9796b2d96026b912ff83819fd96e64f803e8e8a61651d
originals/nbpho/2022/NBPhO_2022_Q6__ba3f06c13994f4d3.pdf,50430,ba3f06c13994f4d340c9cbb3b36214a49c273ca5573331af27b033c2337a7766
originals/nbpho/2022/NBPhO_2022_Q6_tex__b271df61583d5586.pdf,20753,b271df61583d5586e0f9b0e4a2d05508342ebfea5d95e0f61141510f6c1a26a1
originals/nbpho/2022/NBPhO_2022_Q6_tex__f2784fe75e1a16c4.zip,57383,f2784fe75e1a16c43c3d72518e59c15dae6b271acf405b9ca63c4a62df434c52
originals/nbpho/2022/NBPhO_2022_Q7__8e7317d43cf694ff.pdf,80562,8e7317d43cf694ff127f29880545ac52a9babd08b9547f2da10a3f93d76aefcc
originals/nbpho/2022/NBPhO_2022_Q7_tex__0060fe1599ceb4fb.pdf,62304,0060fe1599ceb4fb959f198a2d98717342cd5f0629f2f5ebd986d75ab3027dfe
originals/nbpho/2022/NBPhO_2022_Q7_tex__4aa62f8ea6f65a01.zip,96241,4aa62f8ea6f65a01725695a5cd5e50ab0447197f0114a6eca79a210fe940dcf4
originals/nbpho/2022/NBPhO_2022_Q8__eb54561ea81153d6.pdf,51378,eb54561ea81153d6f2699fa67886200e96e0cb2487ad70dfffc42f2a37a790fe
originals/nbpho/2022/NBPhO_2022_Q8_tex__8aa09305300302b5.zip,44900,8aa09305300302b5b759e1b3fb31a959f1bfb937366832ff0822d1533c453324
originals/nbpho/2022/NBPhO_2022_Q8_tex__a1c7a1e6653ab47b.pdf,35050,a1c7a1e6653ab47ba30291ccb56dc2ab50d46e66c97fed4b4041205457b21a91
originals/nbpho/2022/NBPhO_2022_Q9__7221aea5fae4c292.pdf,46216,7221aea5fae4c292b5304a88396d26f6ba85036ee909ef95bf752adfa7dd8f9f
originals/nbpho/2022/NBPhO_2022_Q9_tex__6acc9e9b5cd51ad7.zip,65132,6acc9e9b5cd51ad7a2d56938697c39e0934b75d5cd3e903fc083a4e98bb85076
originals/nbpho/2022/NBPhO_2022_Q9_tex__d4833b55503ef2bd.pdf,26133,d4833b55503ef2bdb172d8c31b8f0c8542adbaf7c66df22f9a1721a8c01433fc
originals/nbpho/2022/NBPhO_2022_S1-9__b903e89f52e1ee89.pdf,333965,b903e89f52e1ee890df6810618ed7064fc23ffda0ad8c4e3331827ac591dc658
originals/nbpho/2022/NBPhO_2022_S1__44e5dfbe55443d18.pdf,101124,44e5dfbe55443d185971ef55840d0cd4d59c38575b779268ac7bf22bcc465fbd
originals/nbpho/2022/NBPhO_2022_S1_tex__0b3c4575a72c7012.pdf,95542,0b3c4575a72c70123b3c0c149282114c85e7a4dd74e0734249b3ad2266c4dde1
originals/nbpho/2022/NBPhO_2022_S2__5e9f75cdf7aed685.pdf,52685,5e9f75cdf7aed68535bdc7a00c422616692340a0f10becd1daf5237bbee3259f
originals/nbpho/2022/NBPhO_2022_S2_tex__837f9ad39bbc4889.pdf,35969,837f9ad39bbc4889098f36cb3e70b2db8a03a92a272b07af7862532fa9db7aa7
originals/nbpho/2022/NBPhO_2022_S3__044ce8d095faa562.pdf,49110,044ce8d095faa56274d9748f40de90c18d468966b0afee17955d3e81ab63df54
originals/nbpho/2022/NBPhO_2022_S3_tex__7ec9bb307eb90726.pdf,32399,7ec9bb307eb9072674b92a3c94dd6fc355d9d9d8d85e1934576e0cacfb01c53a
originals/nbpho/2022/NBPhO_2022_S4__0e4c2bd50d56a3fe.pdf,52236,0e4c2bd50d56a3fe53f2a705d4107f0bff8488ba794a51dfd7488e4d8cba67a9
originals/nbpho/2022/NBPhO_2022_S4_tex__b3bdf5367e285623.pdf,42536,b3bdf5367e2856230ff423883cfc9746c6513c4c7e166502f5149bd456b342aa
originals/nbpho/2022/NBPhO_2022_S5__6be013d232447cb7.pdf,145604,6be013d232447cb758224ec47785b1f361120b8029998f24e432e4a6413285b0
originals/nbpho/2022/NBPhO_2022_S5_tex__b56633d32dddf8ac.pdf,63214,b56633d32dddf8ac2aa5a95e63c02b8330a7a41468480cb254c543d5e16ea39d
originals/nbpho/2022/NBPhO_2022_S6__6a0df6f6701aaa1e.pdf,77084,6a0df6f6701aaa1e41850c2fa6a0cb469a64c78c138250bdaf2096ac1ffbf02d
originals/nbpho/2022/NBPhO_2022_S6_tex__844b2e90a11e9809.pdf,110715,844b2e90a11e9809d72aae0684e697e8087ca1a32646a281f70d734a932b4489
originals/nbpho/2022/NBPhO_2022_S7__1f14d694503b21aa.pdf,97806,1f14d694503b21aae8a519f0c8b46adc5685e7622f6962bcb0820055b5644a7e
originals/nbpho/2022/NBPhO_2022_S7_tex__4c054a8450692d78.pdf,127084,4c054a8450692d784ebfb03d0328c8304614bb22f9d7e5b534c9f4168edc2102
originals/nbpho/2022/NBPhO_2022_S8__e25a35fef8b5cd32.pdf,88903,e25a35fef8b5cd32df78031ca17bfa8f8bb2abca9ddfd1bc5cb11e158d038a24
originals/nbpho/2022/NBPhO_2022_S8_tex__7429b396129dc860.pdf,103910,7429b396129dc860d06ea73afd3c34eb9e73484fbaa0beb6f7defb97779b5235
originals/nbpho/2022/NBPhO_2022_S9__9cb77e7b1ecd075a.pdf,100654,9cb77e7b1ecd075a0815865534ddef63dc5c9548fe805fbf93e79286e3fbd943
originals/nbpho/2022/NBPhO_2022_S9_tex__8f5a72a69e9e3c78.pdf,125874,8f5a72a69e9e3c785e8814bccf8516a538ac3517a80aed0789e318183273048c
originals/nbpho/2023/2023-1__22f1e4aed69945df.tex,2221,22f1e4aed69945df8bb4d23b3d88299c2f765224a5f06914f0e04dce709deff0
originals/nbpho/2023/2023-2__f7e434dc6c73bc2e.tex,2192,f7e434dc6c73bc2ecb6ac712afce8504c283a443dc4060d7ad8485d9a94400f0
originals/nbpho/2023/2023-3__fe795d3b0a7dea74.tex,1992,fe795d3b0a7dea74e30cf719006b19dedf3ac3bc86bbdb036403eb2dbe469e2b
originals/nbpho/2023/2023-4__ef288bb9d4bb797d.tex,873,ef288bb9d4bb797d2ed23519c6dd2bc487f381e35cd0d8ab3c64d55df14ba77f
originals/nbpho/2023/2023-5__4533f057ad7dfdb4.tex,1879,4533f057ad7dfdb488a6423a2043709310fff4c97b804969b7141c3b093201c1
originals/nbpho/2023/2023-6__bd1d04f9bbfa1e17.tex,882,bd1d04f9bbfa1e17e794c6444cd70b08a3399f6151dc1b89ed568bd89d9bc081
originals/nbpho/2023/2023-7__0a3f8fb84388b15d.tex,1489,0a3f8fb84388b15d0ca0480979933796ea1be389ac3f983294d6abc6febb3dc4
originals/nbpho/2023/2023-8__60852733092fbaa9.tex,1719,60852733092fbaa9eb38a444879dffabec1a782cb0b64058e083f5b4be1a96c9
originals/nbpho/2023/2023-9__1000ab965739f05d.tex,2267,1000ab965739f05d6317a13bb3b038cf874c55b1ce2f8e7896eed9c202b0e42b
originals/nbpho/2023/NBPhO_2023_Q1-9__cd981b012c3531b8.pdf,190397,cd981b012c3531b8b7da372c6d4812aaaba466d1a254b1ec83e3837f3e62fea6
originals/nbpho/2023/NBPhO_2023_Q1__d07e35370a4f92e5.pdf,54597,d07e35370a4f92e5552f9ed7df56243b5edae54e07ed2316dadfb1b25fec6b16
originals/nbpho/2023/NBPhO_2023_Q1_tex__271af035084d112f.pdf,38897,271af035084d112f9de3378caf2a02e8e16e0b08dd40ffe4555751fadf79e9a9
originals/nbpho/2023/NBPhO_2023_Q1_tex__278bd12f8df06eaa.zip,25100,278bd12f8df06eaa24d38667b76536571edc3ed46d2bcfcb4193f3b53a0fd4c9
originals/nbpho/2023/NBPhO_2023_Q2__8b048d08d86f9ab9.pdf,97213,8b048d08d86f9ab93d756199410f171431bf81e8f84056ff594c0c7559099ca5
originals/nbpho/2023/NBPhO_2023_Q2_tex__1b409a7eba22b4a3.zip,46515,1b409a7eba22b4a33b26573ed53911effc9b853d3f494f9142445cffdca685a8
originals/nbpho/2023/NBPhO_2023_Q2_tex__1bd1983c712f1ce1.pdf,56990,1bd1983c712f1ce107611e96be976918d6b8336b2bd91f6a63ec72554cc9b348
originals/nbpho/2023/NBPhO_2023_Q3__7d0027ecd17f6e92.pdf,93521,7d0027ecd17f6e92cf3f907a089fdd2d07a3f8817d44e0766fd4e69af685c0f8
originals/nbpho/2023/NBPhO_2023_Q3_tex__197f32a8ef7b8d34.pdf,119529,197f32a8ef7b8d34fe563bd45cbd9af46624f5cadaa1d61963316a4a01b6901d
originals/nbpho/2023/NBPhO_2023_Q3_tex__51956cb32522354d.zip,72608,51956cb32522354d7d3e17ec781f063bb016ccafeda3a87efd8d88c204a16275
originals/nbpho/2023/NBPhO_2023_Q4__aeeeb6120a045a38.pdf,42664,aeeeb6120a045a3834f950fa353c68c01716494787b95cc0c742574c096b3706
originals/nbpho/2023/NBPhO_2023_Q4_tex__1d0e97e34ebb3155.zip,1184,1d0e97e34ebb31552a2417829e0a5d6d000ba120feb6cff8a3c6527555932b35
originals/nbpho/2023/NBPhO_2023_Q4_tex__5e43e3b48b5c55da.pdf,19136,5e43e3b48b5c55daa3ce6b68561a8959caa939e949bc23e644c13936288f1cbb
originals/nbpho/2023/NBPhO_2023_Q5__1f623192cefdff42.pdf,58049,1f623192cefdff42f2d0f74da49d4fb992e7d06d1dceec57d94b49fba5db8b57
originals/nbpho/2023/NBPhO_2023_Q5_tex__b8e7f125fe0293d8.pdf,55784,b8e7f125fe0293d8bb0687b4e6ef894a4887b91ae93ff2c3df7267c64fcbad4d
originals/nbpho/2023/NBPhO_2023_Q5_tex__c5f30b0666768868.zip,28647,c5f30b06667688681399fd930a3828c919ba6b8eedd9f4cbc9dacd587afba189
originals/nbpho/2023/NBPhO_2023_Q6__92cbfb878f4b078e.pdf,32116,92cbfb878f4b078ecab9bbd3dac54f7fe4a13b5dffdfc80833ea293a6517e6cb
originals/nbpho/2023/NBPhO_2023_Q6_tex__0095b3d6fc846d1f.zip,6036,0095b3d6fc846d1f5729c1167ee7f099154ebab8af6989a9c3959fbfcba6cad6
originals/nbpho/2023/NBPhO_2023_Q6_tex__d25b3191205addfc.pdf,24320,d25b3191205addfc43d45c6d747864cdcb9b950bcc974b2f19c4cc3a51efeb78
originals/nbpho/2023/NBPhO_2023_Q7__a9a56e7c89aa9a46.pdf,35384,a9a56e7c89aa9a46abc8095cf732a4088f51c3dfc88dfcb51a6288e95afa1d9f
originals/nbpho/2023/NBPhO_2023_Q7_tex__1c43ca6473c8ba40.zip,1415,1c43ca6473c8ba404bb7e3106920deac59bf8f730e614d11544b820713b66eb9
originals/nbpho/2023/NBPhO_2023_Q7_tex__62c91dc697144afe.pdf,23977,62c91dc697144afe02fb19cf512264b0e479106f94e053ad338691366524feed
originals/nbpho/2023/NBPhO_2023_Q8__4922144ad4d62b3b.pdf,39485,4922144ad4d62b3be2fa9436c3584c550eda0a01c48bab740c68cc994733849e
originals/nbpho/2023/NBPhO_2023_Q8_tex__4117ce561c18ad71.zip,1468,4117ce561c18ad7149ffca1a0dda511f5a15eb8540844267102c35c56189c22e
originals/nbpho/2023/NBPhO_2023_Q8_tex__b287527ab40fa3c1.pdf,28124,b287527ab40fa3c11908ab102eddd9f83df4a1d6e05b03aaa9431b931802cecd
originals/nbpho/2023/NBPhO_2023_Q9__c010bace8796eb35.pdf,38846,c010bace8796eb35044ed3838c369d4af1b5a20bcd979a7a8855b59b33c9fede
originals/nbpho/2023/NBPhO_2023_Q9_tex__4686be39cd1c09f4.pdf,25939,4686be39cd1c09f4a0863b988671a650ea48d9ecdf123423ee2302cd17da257d
originals/nbpho/2023/NBPhO_2023_Q9_tex__d27ab4414ecb3fae.zip,1751,d27ab4414ecb3faeda993bed8ec540f45f006e014bcc681c2a9ca0ccd2bacb31
originals/nbpho/2023/NBPhO_2023_S1-9__16aee1b44c3d3384.pdf,419879,16aee1b44c3d3384a438b0312799eabb04ff0c2722b382706ad1dc2a30c3cc01
originals/nbpho/2023/NBPhO_2023_S1__e254acc07487f5d5.pdf,111736,e254acc07487f5d5db5e0eab04108714b5fe74a5295680d58a8c58c0dd522d97
originals/nbpho/2023/NBPhO_2023_S1_tex__d408d566fc8c5d56.pdf,75667,d408d566fc8c5d56c6f07805735703bbfa0f397bb568762c635cf1f882a38248
originals/nbpho/2023/NBPhO_2023_S2__7898fc962947f82f.pdf,80584,7898fc962947f82f87f90c25524a8d13a3f20ac601b6724e6bb20412a58f7ae4
originals/nbpho/2023/NBPhO_2023_S2_tex__f7196dae6be37558.pdf,69408,f7196dae6be375583510dd94c4f4964cc7f32ff52ef88e7b5db50752a20431ac
originals/nbpho/2023/NBPhO_2023_S3__95b0e880457a63b1.pdf,286887,95b0e880457a63b1be89ee5967f5be3d1fb941b20887eed8f2859f9f3d45a0e9
originals/nbpho/2023/NBPhO_2023_S4__32e951ab559041db.pdf,233543,32e951ab559041db81c26c80ee9f03203226b69b7527374c9657770250517c6c
originals/nbpho/2023/NBPhO_2023_S5__d591741321a8c439.pdf,57203,d591741321a8c439d1394941d6f169a3e82ed21e11813ffdfa6ad4c771109dc5
originals/nbpho/2023/NBPhO_2023_S6__478e32fbcecf8c60.pdf,64594,478e32fbcecf8c6065db4f0d6ed718db471adcb2d8214471389bb3766fd09f97
originals/nbpho/2023/NBPhO_2023_S7__c655750bc6e58745.pdf,76332,c655750bc6e5874513984758c7017fad8a912c087fb40ba147e5dcf8935ad272
originals/nbpho/2023/NBPhO_2023_S8__e2f0df911974f288.pdf,66604,e2f0df911974f2887ff7b06ea290addd00229ffbe0fb006a0542c1c4bc737190
originals/nbpho/2023/NBPhO_2023_S9__26443c03ef676260.pdf,67360,26443c03ef6762609f34f5fdd443dbdbecc8e42a3852abd5ccae2b770ca7ac1f
originals/nbpho/2024/NBPhO_2024_Q1-10__026684ae911ce3cb.pdf,128187,026684ae911ce3cb5a24a97a685857a19c1b6f065af4559f91b784bcd66059a9
originals/nbpho/2024/NBPhO_2024_Q10__568d7cb81af03d7e.pdf,52367,568d7cb81af03d7e02c04f0c285c7041fa46466ad2495bbafc3dd616ef4831b9
originals/nbpho/2024/NBPhO_2024_Q1__1d33d188ce897329.pdf,38230,1d33d188ce89732950fe7f93a54fcd92095e92b82483410a5b9bd9a3e043634e
originals/nbpho/2024/NBPhO_2024_Q2__099f8593b6b0289d.pdf,49040,099f8593b6b0289d0657c98d6deaa97897fa84eadcc21aae057e8cacb6a6a323
originals/nbpho/2024/NBPhO_2024_Q3__f596e68de4ea3701.pdf,23706,f596e68de4ea37018d93998b51e480d07ff279461e9b01ea9203ac52f0346198
originals/nbpho/2024/NBPhO_2024_Q4__8a9e474bd7d1d6f3.pdf,38590,8a9e474bd7d1d6f31342df6ceffba49b8351b161e9c26edae8da354cfd451a06
originals/nbpho/2024/NBPhO_2024_Q5__02a91c75a3542dfb.pdf,32828,02a91c75a3542dfbde35762c2d92505114fbd9b9c2fa16d7acdf9f1a07c5e8e5
originals/nbpho/2024/NBPhO_2024_Q6__1c6ebc6306140fcd.pdf,88207,1c6ebc6306140fcd74073a75afad1bdff0aa8f68eeae5fe9d6e255c8f4dd17e1
originals/nbpho/2024/NBPhO_2024_Q7__7fec7b4f134741ed.pdf,62134,7fec7b4f134741eda05bf5b67ec6dbec67c71356066df36435ab269ff89b18e5
originals/nbpho/2024/NBPhO_2024_Q8__b2ed7b6bba497df9.pdf,40257,b2ed7b6bba497df9916092fd1345c4d599a97d31a174b730012fc4114325389a
originals/nbpho/2024/NBPhO_2024_Q9__08d2af760a14f0de.pdf,40776,08d2af760a14f0de078a61e09cf4a8a7f4b69e49a3e63fbce8f7601eea527e9f
originals/nbpho/2024/NBPhO_2024_S1-10__5bf977dce3720c5f.pdf,254036,5bf977dce3720c5ff784cf8dce6c369cc0b05a8a661c84d1da78512d9f5c23f2
originals/nbpho/2024/NBPhO_2024_S10__985a29d7d982bc77.pdf,60425,985a29d7d982bc7753d89a7ea1f62d465fe58ddc715cca93e9f8f7455e58b2a8
originals/nbpho/2024/NBPhO_2024_S1__15f6b0ad5befd27f.pdf,114073,15f6b0ad5befd27f344a16148c003f04c6f4eb56965733b3d7fdc7ce139f7b88
originals/nbpho/2024/NBPhO_2024_S2__ae4c5ac256f3bfa2.pdf,73971,ae4c5ac256f3bfa2027d06f4d3b98c17dcd76150624d6d8393ec4817d36cfdf5
originals/nbpho/2024/NBPhO_2024_S3__f12a61c9a0c5ea7f.pdf,72304,f12a61c9a0c5ea7f62f9a902a089665fdbc4ce01a9a3fbbdce25f272c1ca2ce0
originals/nbpho/2024/NBPhO_2024_S4__87275419a8d39ea9.pdf,71699,87275419a8d39ea960779d11b3d2efb7733e988e8edf80a5ce198b2b00164e8a
originals/nbpho/2024/NBPhO_2024_S5__0418e8cc30d961d4.pdf,89991,0418e8cc30d961d4d67d6b74bca6cedc0316ac5aefd00991b28ae6efe947aa4a
originals/nbpho/2024/NBPhO_2024_S6__3be9f3a2700145f8.pdf,121999,3be9f3a2700145f83f913d37ad63d063dda257841cc9dbeb6a8037a258bbe981
originals/nbpho/2024/NBPhO_2024_S7__93a8e0ce74321ef5.pdf,59322,93a8e0ce74321ef5d1cf6ddf1ddf3ba078444fb29955f28f934f2b39aa15a2c8
originals/nbpho/2024/NBPhO_2024_S8__e4fe92f51be73888.pdf,80914,e4fe92f51be738885425e81e8992562ca0bba687fe2f696ce3842773f7c9920a
originals/nbpho/2024/NBPhO_2024_S9__e58eddb701b9a95f.pdf,60713,e58eddb701b9a95ff808e5bd130c2dca4808fc86c1c2bc19f1341b8a4a714ccc
originals/nbpho/2025/NBPhO_2025_Q1-9__7bfabeda6bfa4d22.pdf,104014,7bfabeda6bfa4d228ed457fe6343a5dc10470b92d75c940f38c7b3533dd9191e
originals/nbpho/2025/NBPhO_2025_Q1__aac7c3c3a9a3af8e.pdf,55082,aac7c3c3a9a3af8ec2e50569bcb8ba79bee618dd4bcd50f06260c18e34449590
originals/nbpho/2025/NBPhO_2025_Q2__61dd6eea121a322b.pdf,65347,61dd6eea121a322bb3a149937462e7ff3cef9a482666747c62e78d8a19a2839e
originals/nbpho/2025/NBPhO_2025_Q3__aacc08ebe32081a3.pdf,56546,aacc08ebe32081a3c4a2918274954b8f0686277c1c46010bffd665b37a04d654
originals/nbpho/2025/NBPhO_2025_Q4__bb71cf8f88afb1da.pdf,30262,bb71cf8f88afb1da49c72f9cbed7bcec1cff19ec5b5ad7d1932c0d10d4a3f1dc
originals/nbpho/2025/NBPhO_2025_Q5__1d50e914e7c8da02.pdf,50910,1d50e914e7c8da02b69b1ecfe1d5e4a3bd33166a5be003d5ec4cbe3227eca1fb
originals/nbpho/2025/NBPhO_2025_Q6__bce6f9db66bbbd27.pdf,29799,bce6f9db66bbbd27b1909e475103469f9ee4649bf31965408ee00607d65f5107
originals/nbpho/2025/NBPhO_2025_Q7__83b8dc258a71b856.pdf,41205,83b8dc258a71b85606c0eac05207b548fb571081865ee4e747b4459deed9a66d
originals/nbpho/2025/NBPhO_2025_Q8__0879ff2ac3e1680b.pdf,71357,0879ff2ac3e1680be464637f8cc6ba3b65122a6798dc589e1b8c59b03bce7542
originals/nbpho/2025/NBPhO_2025_Q9__8a4bb25efee29080.pdf,48408,8a4bb25efee29080d16c6e317c32d5f4a87738769f3d422c0e15b19f68562af8
originals/nbpho/2025/NBPhO_2025_S1-9__db40e4c393d588c4.pdf,362290,db40e4c393d588c47c62d10ec2557843d840dd51c28b0ad8dc7b4ef5da45cd6b
originals/nbpho/2025/NBPhO_2025_S1__e5deb028c38749d7.pdf,71782,e5deb028c38749d75a9dcfe3c52d5007464b09f529cdee5cf3fa129a2495dec7
originals/nbpho/2025/NBPhO_2025_S2__c61cde018e47f367.pdf,105911,c61cde018e47f36796c99648c79ce83955eba861e984af3fd536ca2cfeb2af29
originals/nbpho/2025/NBPhO_2025_S3__f48cb8fd7458294f.pdf,114556,f48cb8fd7458294fd887045868a1cfaf556d9f6d57788de7bb2ab19829e5c788
originals/nbpho/2025/NBPhO_2025_S4__3f773d11aa35e8dc.pdf,83595,3f773d11aa35e8dc70cd9b34fdef50a00fba9139492c6b646ed7f790e87c0dd3
originals/nbpho/2025/NBPhO_2025_S5__22310f66de885057.pdf,105735,22310f66de885057794c954b40487d4113b7e9efeca9bf60860f655f4d8cd13e
originals/nbpho/2025/NBPhO_2025_S6__952421908a1ec21f.pdf,42317,952421908a1ec21fba26922def2421423f160f542711a05dba1c2bc94f118b3d
originals/nbpho/2025/NBPhO_2025_S7__6853baba5f430956.pdf,72817,6853baba5f430956b77a22ece86658cd53684a86bc8a6dfba1724d3c7a4b11cb
originals/nbpho/2025/NBPhO_2025_S8__07a9922bc7901344.pdf,186200,07a9922bc79013449e59975326b07f3de42ea457932e830e8d595a2751687c60
originals/nbpho/2025/NBPhO_2025_S9__b416f3ebb1a82882.pdf,127038,b416f3ebb1a8288266d8551746cc9d00ce384396b17f743cbf24631cc7733c86
originals/nbpho/2026/2026-1__ea5fb69c60667558.tex,1009,ea5fb69c60667558d3aec0fc2cdb1eab93d3a0dcc9a7416a23cb506e6a6488c2
originals/nbpho/2026/2026-3__1b0286e426865175.tex,1428,1b0286e426865175b4903aa42412e116b7755f23175ac87b97efd0a71637e614
originals/nbpho/2026/2026-6__abd4e2f31aced3f8.tex,876,abd4e2f31aced3f8668d6779a513d69959ee733dc5027454ac1108f647e66d85
originals/nbpho/2026/2026-7__457ffb75d3f73bdf.tex,2370,457ffb75d3f73bdfeb3680a54f9e1b90a0a27f929ca332e5d7e4ce5c66fce071
originals/nbpho/2026/NBPhO_2026_Q1-10__d796b6610aec45c7.pdf,353229,d796b6610aec45c7b0d1b2823b9d19561d94fce424867673a1da481d1b02145e
originals/nbpho/2026/NBPhO_2026_Q10__4959b001ac4a574d.pdf,57986,4959b001ac4a574da3b98efb648b47e7d05f917703cebb75395389af54f82292
originals/nbpho/2026/NBPhO_2026_Q1__86329d7389b5f2d2.pdf,102917,86329d7389b5f2d22b73b3a3b5621ab3d07ff1c146573feaf4e66f05ea01b0b8
originals/nbpho/2026/NBPhO_2026_Q1_tex__a7b8dcf4871d3061.zip,8380,a7b8dcf4871d3061b87fa7511754cea84694d8c40b6b3b133559ba67bf24df22
originals/nbpho/2026/NBPhO_2026_Q1_tex__eadf49b85d0bfe60.pdf,27512,eadf49b85d0bfe602a8f88945270fdff1909a6bd22eec9a27b81d327f320f860
originals/nbpho/2026/NBPhO_2026_Q2__996a98d7e0094035.pdf,149733,996a98d7e00940351de148931a845f9a784761ab3b45cb37153d3d8750ed0614
originals/nbpho/2026/NBPhO_2026_Q3__08d68555d113c14b.pdf,49465,08d68555d113c14bb316cf11985348de3fadef2f4f62d48feaa6ee6adadccc5a
originals/nbpho/2026/NBPhO_2026_Q3_tex__07e64041b15c8a06.zip,1421,07e64041b15c8a06c5ac7b545c6d1ff7e469f9881d1d3672ab1d0b212f250b89
originals/nbpho/2026/NBPhO_2026_Q3_tex__81fdb25d515e5cdf.pdf,23805,81fdb25d515e5cdf8e20110589e65d20127112000d7a69890d1f6453afe51c6b
originals/nbpho/2026/NBPhO_2026_Q4__bf5d8a03332f5d77.pdf,108989,bf5d8a03332f5d77b063330c8d8374a77f96e08cd6029d316c8494877470a2ce
originals/nbpho/2026/NBPhO_2026_Q5__3293d4d799f5d13c.pdf,102743,3293d4d799f5d13c4680db9463495586e34c5c17a4cc9c624976c9b7f704cf43
originals/nbpho/2026/NBPhO_2026_Q6__2b2462a551c581e8.pdf,50701,2b2462a551c581e837c6d46500d0c9d816598019941d68e671ac6b257a3806c7
originals/nbpho/2026/NBPhO_2026_Q6_tex__305e153efa0ad5ff.zip,6601,305e153efa0ad5ff7688dc2bf6ca75f047b4f8e3deb07d7c00facad6b604e499
originals/nbpho/2026/NBPhO_2026_Q6_tex__5fea023d727075fc.pdf,25217,5fea023d727075fcb85320088baf856d721d4ce6980c9f40d7ec1968816e1387
originals/nbpho/2026/NBPhO_2026_Q7__c505e6564764d2a2.pdf,60545,c505e6564764d2a212c98c30abc226ea0aa41dd451c46ac0cc135ca6053de646
originals/nbpho/2026/NBPhO_2026_Q8__20452a7051becd16.pdf,177217,20452a7051becd1668d4daad55e2bc99a0f28a4404fdb4022eef233a25dc390d
originals/nbpho/2026/NBPhO_2026_Q9__48727c451b7fbdca.pdf,69584,48727c451b7fbdca89d110416d94096f40ff05a10d2c46e738b0a1b93d568d6d
originals/nbpho/2026/NBPhO_2026_S1-10__6df4a2f9630e9710.pdf,695330,6df4a2f9630e971034e2d6f4141b1e5bfa0816ee7b61c7b0e658996e1c26f457
originals/nbpho/2026/NBPhO_2026_S10__b276b12ac446018f.pdf,90122,b276b12ac446018feed9448f5738dcd72d73ea540e8e0341af219586965b5204
originals/nbpho/2026/NBPhO_2026_S1__30aaf34e8e9f3eed.pdf,147488,30aaf34e8e9f3eed03e0148e4f76e9788a4af9d350b5bce98fd8cdbb72ca9527
originals/nbpho/2026/NBPhO_2026_S2__3ffd0be55e536ffc.pdf,74578,3ffd0be55e536ffc67198a508af3eb207b2eb5de0cf259dbc34d2c5dc687cff7
originals/nbpho/2026/NBPhO_2026_S3__315d190271d39361.pdf,123089,315d190271d3936101148adf9cf23c912f2dcdcca4ed72ad40b01b10809042d5
originals/nbpho/2026/NBPhO_2026_S4__80687e03a56a3969.pdf,218365,80687e03a56a39697c95adce208306260c78e1e2f6f2150414e8de6fabaa0f99
originals/nbpho/2026/NBPhO_2026_S5__9a1d63e6313942be.pdf,142001,9a1d63e6313942be9e93711a28d43c8c7de7fbadf7d36ec4b021ba5802867127
originals/nbpho/2026/NBPhO_2026_S6__8fdbe6f6b766fff8.pdf,69910,8fdbe6f6b766fff86ace8e40df5f36c9801fa4f0dee664d2d8c74d54c41451a7
originals/nbpho/2026/NBPhO_2026_S7__358fe0fe45bbb59b.pdf,82878,358fe0fe45bbb59b148d6d0888d69d1ccff8ded591e55f51aab23739379cd855
originals/nbpho/2026/NBPhO_2026_S8__7808af6f9d42a2b8.pdf,80465,7808af6f9d42a2b81c3e920fa1a2d174a4a11885f5e0673b3d29fda503328860
originals/nbpho/2026/NBPhO_2026_S9__325eca80a1c6f35a.pdf,88365,325eca80a1c6f35a942729d85ffaf3db3b582028c77f5ea675b20ab837a62783
originals/obf/2006/OBF_2006_Q1-8__d37105dc016772cb.pdf,206464,d37105dc016772cbaa1248205cb0fd2f2e392b1557ff221ff2b21df92cf7383a
originals/obf/2006/OBF_2006_S1-8__4fd295da68536ca9.pdf,132794,4fd295da68536ca9b1d1028cf9bb25804835f85252e1e9f57ea393c67e133484
originals/obf/2007/OBF_2007_Q1-8__f8b81cb8e014c73e.pdf,524413,f8b81cb8e014c73e5f89763946bd69e50335641fe0cf70a5272bfc9708383310
originals/obf/2007/OBF_2007_S1-8__6d30e0e1fcd2be61.pdf,346864,6d30e0e1fcd2be6123799a2988479b68109b5bbaf44adab098fa29d0aa9f8175
originals/obf/2009/OBF_2009_Q1-8__e33db7c89b36480a.pdf,163836,e33db7c89b36480a25349f705a3a4ee9821fc61caef45f2b276c0edb9c54ab6b
originals/obf/2010/OBF_2010_Q1-8__2674039fcf842e68.pdf,182029,2674039fcf842e684d28be85f229a0ace0aa56ac0d0d6937e8db5275a8ac4f15
originals/obf/2011/OBF_2011_Q1-8__ef7e7db933d546d9.pdf,207164,ef7e7db933d546d942e7c43c67862fc79d0f491902a14b1706b4dde4392d4177
originals/obf/2014/OBF_2014_Q1-8__231fee4684739048.pdf,108314,231fee4684739048b55c5521b6d6a253e97ffc6c63173409ad251f9296748581
originals/obf/2015/OBF_2015_Q1-8__c16496917d86f4d0.pdf,578319,c16496917d86f4d008eb30b5b7e3e7fc57c5ef958d3ea9b7c9aebc7fdb1af83e
originals/obf/2016/OBF_2016_Q1-8__cfbefbd61455cb92.pdf,291740,cfbefbd61455cb921d2204794701b9dbcf11a41f319ff623431d6bbc84955edf
originals/obf/2017/OBF_2017_Q1-8__7220fa20a161da3d.pdf,343453,7220fa20a161da3daf0496376704457f9ea40a09128fa88f455aad32aa842b98
originals/obf/2020/OBF_2020_Q1-8__f8c17e806a7fbb40.pdf,555774,f8c17e806a7fbb401e061f91a912768d993c416e31aa184e763b4bd160434699
originals/obf/2024/OBF_2024_Q1-8__0339e955f783262e.pdf,956779,0339e955f783262eb731ce99de4532cd19633fe719bae89b000cd1fe5c4d8e18
originals/obf/2025/OBF_2025_Q1-8__6fe3bb61de26ee5c.pdf,576947,6fe3bb61de26ee5c146457ccb6c7f5780fd9623b952867f539e2de96f5b5d81f
originals/oibf/1991/OIbF_1991_Q1-3__63c0feffca48c79b.pdf,129358,63c0feffca48c79b24372fdda7b317fe7917fa6e08cc305809a1bf4cf5418bfc
originals/oibf/1991/OIbF_1991_Q4__06262053a9658b84.pdf,59109,06262053a9658b843ada1a85b60a878d0ce6e0b1e79dbd651eaac2cd526c0f60
originals/oibf/1997/OIbF_1997_Q1-7__ed694ab27ee84f09.pdf,78181,ed694ab27ee84f09fe1f9bc74a5d3e5604bba79990f7828674e95298f7a1ec80
originals/oibf/1997/OIbF_1997_Q8-9__b5b16784b1c9db5a.pdf,42252,b5b16784b1c9db5a423ee5f3f0464c53038f69d19da86a29987d8ec2bf6bb7ba
originals/oibf/1998/OIbF_1998_Q1-7__ac1dbfc0247f128c.pdf,95497,ac1dbfc0247f128cdf1f96528e28c2cc6b139110c45768256a58547e4b55413b
originals/oibf/1998/OIbF_1998_Q8-9__6a02704b15b41962.pdf,68421,6a02704b15b41962393f020266fbfbabeae0b3c4a30f87ed115119b25614e524
originals/oibf/1999/OIbF_1999_Q1-4__d64587099ca9067e.pdf,30029,d64587099ca9067e2309d935803622aaba12f0f975de243444df2779633a9f15
originals/oibf/1999/OIbF_1999_Q5-6__d5cc8e63f9f56f02.pdf,76386,d5cc8e63f9f56f028921387a474c307d34eef7fb353eadf400e2285fb7d4303d
originals/oibf/2000/OIbF_2000_Q1-5__44838bb7ec820f15.pdf,132701,44838bb7ec820f154957598bd5adc8f87e8687f4af1e31f47ed3b88e4c6c1f20
originals/oibf/2000/OIbF_2000_Q6-7__a77d45a5fe84f504.pdf,116582,a77d45a5fe84f5048fa3db1588b69a417886102ef8d6d8738338cf06cce65650
originals/oibf/2001/OIbF_2001_Q1-7__742cd6380369e115.pdf,82661,742cd6380369e115978c56f70be285b9a323820c82322b82637369e60ecee5ca
originals/oibf/2001/OIbF_2001_Q8__9f0d755b05c7f814.pdf,108178,9f0d755b05c7f8142c190582d6e4f658cf1729a3ede055313e3ef06e7736ffd7
originals/oibf/2002/OIbF_2002_Q1-6__21f96b19563eb032.pdf,90662,21f96b19563eb0328d908417576d2ad84ea0686c9ff84baf06af7960fdcad632
originals/oibf/2002/OIbF_2002_Q7__e44df1183d02afb8.pdf,87067,e44df1183d02afb8f6eeb0e6a9a940aef69f6ace3774fcc47f7617289e42fd89
originals/oibf/2003/OIbF_2003_Q1-3__c97493f40649538e.pdf,89560,c97493f40649538edb7594a8cb8a21c1eecaaf16b32125f4714d22533dd4d825
originals/oibf/2003/OIbF_2003_Q4__4c84bbc28404c200.pdf,71117,4c84bbc28404c2008f2662cbec41909655a202a99a9a3189f873026015cbbb68
originals/oibf/2004/OIbF_2004_Q1-4__b928f702e0b0a548.pdf,126951,b928f702e0b0a5482932ec61ffadceaca78745d4884193fdaaf33b281a0370c0
originals/oibf/2004/OIbF_2004_Q5__41eb75d4e1f8e831.pdf,43781,41eb75d4e1f8e831b5b4f1ae13ae54081adb6b2e42263759eba8374a757e4fba
originals/oibf/2004/OIbF_2004_Q6__02930de6e933960c.pdf,45783,02930de6e933960c2629cca8c9b668dbd414d548fa4e8ee0b56aa03cc8ffb773
originals/oibf/2005/OIbF_2005_Q1-5__63cc4a6657ce6fd6.pdf,114815,63cc4a6657ce6fd65dc5e0df61609fdb67f24366d96004c24eb4b33344db4290
originals/oibf/2005/OIbF_2005_Q6-7__d613ecacc8e0de9a.pdf,224712,d613ecacc8e0de9abca726f8f392e6a9faf775dc6dcd944133d29dedeb762ee4
originals/oibf/2006/OIbF_2006_Q1-4__ed33f77ea3737caa.pdf,112143,ed33f77ea3737caaa089dcf81ac1fc3d9064e95eada5377e0526c8c54beda0e2
originals/oibf/2006/OIbF_2006_Q5-6__af9ab86299a16bfc.pdf,107553,af9ab86299a16bfc32e12c33c8c2531c8e866e061545b6f7be251568e3f49fae
originals/oibf/2006/OIbF_2006_S1-4__fae1d20d93ab270c.pdf,119178,fae1d20d93ab270c33c4bd2c5f47f788a1e1d614394d8050fcd7a755dd5df3e8
originals/oibf/2006/OIbF_2006_S5-6__70ec62614d921f9d.pdf,160050,70ec62614d921f9d3a4091a190f72c61c7678718a8bbfe577758c25ff571bd3a
originals/oibf/2007/OIbF_2007_Q1-3__0744a1f6bd89aad5.pdf,212947,0744a1f6bd89aad5a413a0aaf9d21f0ddcc9e677dbea853004a5676cc8149298
originals/oibf/2007/OIbF_2007_Q4__203e6d4ec9bb9009.pdf,185110,203e6d4ec9bb90098326b7e7f204dd1cd40f8ca57437615ef8d13cc5c661d375
originals/oibf/2008/OIbF_2008_Q1__3f487993026f0947.pdf,203888,3f487993026f0947d580a5a5c0d110aee439164fdea5897c4a98f036f6cd2b7d
originals/oibf/2008/OIbF_2008_Q2__5cf2f45ab61864e0.pdf,202282,5cf2f45ab61864e0e41e3d36ea660878558316db96ae549673990835d2829abf
originals/oibf/2008/OIbF_2008_Q3__fd994aa37fcd1861.pdf,127213,fd994aa37fcd1861c66a9e4ac12f4936d52aebdd0853bea28f5cdc45852f30ec
originals/oibf/2008/OIbF_2008_Q4__1cd170cad412ca61.pdf,654439,1cd170cad412ca61971d88fd8aab958bd0faa2769511a1a804d2676bed837ffc
originals/oibf/2008/OIbF_2008_S1__e9c062485a6b2964.pdf,85394,e9c062485a6b2964f9353b63933ddcdf9199fc4dffbb68c839979a4f8aedbd4c
originals/oibf/2008/OIbF_2008_S2__03122244ec66ece8.pdf,146367,03122244ec66ece8a91a7787e31cb0d44bc33695771708f467af5c2ba5f69105
originals/oibf/2008/OIbF_2008_S3__cac03b8ea7c2c084.pdf,152256,cac03b8ea7c2c08442587b590d455507327b773b7f9a64272dbcdbadfa9e0e4e
originals/oibf/2009/OIbF_2009_Q1-4__ec2bbfc64b4b7cb9.pdf,181044,ec2bbfc64b4b7cb95581d2a5c7596bfd479b31fcdf59644886b4fcb045cdf68b
originals/oibf/2009/OIbF_2009_Q5__8253e52019aa8aec.pdf,40572,8253e52019aa8aec1ade30a7201b164f491904e74de064253c3dd2b1baf2c68c
originals/oibf/2009/OIbF_2009_S1-4__69c0f1e863040267.pdf,784622,69c0f1e86304026718d5171dfaf10eec42577ec71981180d4009271349475c07
originals/oibf/2010/OIbF_2010_Q1-3__c75ab9f33ff25333.pdf,265328,c75ab9f33ff25333b652c79ac41889cbb6acaaa4636d51f065acff39d1772b30
originals/oibf/2010/OIbF_2010_Q4__15143eb8a5713010.pdf,713897,15143eb8a5713010103c983f9df30354eb10ab33ad14a45249dfe4a29c6f451d
originals/oibf/2011/OIbF_2011_Q1-2__5dc65b9428f7aefa.pdf,2120449,5dc65b9428f7aefa9e0b54c827d1a82e56c06fec1afa97098937b77c726e592a
originals/oibf/2011/OIbF_2011_Q3__b1bae9e14422a0a3.pdf,255628,b1bae9e14422a0a35fe5f2cf83557634b6803828a59662a236bb2b075cf65ded
originals/oibf/2012/OIbF_2012_Q1-6__52db4d812aa76ac0.pdf,2578326,52db4d812aa76ac04b7d3ef892a2e170f29d1c8e442137fdda8584d17cd6fa65
originals/oibf/2013/OIbF_2013_Q1__39c14f9885eb7b81.pdf,411517,39c14f9885eb7b81960455aa44f004d882ceede5ced8cd86e0f0e97375dbbb0b
originals/oibf/2013/OIbF_2013_Q2__29512cf6359ef579.pdf,434907,29512cf6359ef5795dc7e8132caeb1111cca0a517a4adda4d6443dbbc933d7a7
originals/oibf/2013/OIbF_2013_Q3__7913e69aabbce8d6.pdf,757122,7913e69aabbce8d632fcd2c6927ce26b47de3e78ffe2aabe6d973e28a4823e0e
originals/oibf/2013/OIbF_2013_Q4__79835969162107b2.pdf,283194,79835969162107b291503463a922848a5c11dce3c3cd814422d615d5bc918038
originals/oibf/2013/OIbF_2013_Q5__609917b7f33fe7be.pdf,212636,609917b7f33fe7bed068aaf53c8fc3c22dd589e0a272fcd8a3ad3b92796e3427
originals/oibf/2014/OIbF_2014_Q1-3__586adadb32c13a8a.pdf,772777,586adadb32c13a8af56f81eb117bb3c253240e8927192552948d474ee6e71a1b
originals/oibf/2014/OIbF_2014_Q4__97726dfd3812844e.pdf,177649,97726dfd3812844ecb359f0433c2eb71b3995edff7b8f8a33f6afed0268967ae
originals/oibf/2015/OIbF_2015_Q1__9efd1c1c3a32a7b2.pdf,208416,9efd1c1c3a32a7b244b9af12ec70c7b96c8628952c5ca5093bfa3a3fa551b4f3
originals/oibf/2015/OIbF_2015_Q2__78296ce717e3e289.pdf,1038080,78296ce717e3e289567aabd739ee9e26aad0f25efe6d68952966205a42bd0287
originals/oibf/2015/OIbF_2015_Q3__656232868a8e2a21.pdf,92890,656232868a8e2a2172c1858e388fdf14fbbdcfa8ecbdcbd8b68ec4caaa66b5ad
originals/oibf/2015/OIbF_2015_Q4__96396db7a21d85b0.pdf,2895250,96396db7a21d85b0bc1118799d3e782c4710ffa2152b386e7e1435b7687e08ed
originals/oibf/2016/OIbF_2016_Q1__c41931e146e86005.pdf,998765,c41931e146e8600529eb0d54e1cced961de7fe1f471a061752ed8b5093b0f61a
originals/oibf/2016/OIbF_2016_Q2__65c09a3e2871d59f.pdf,1243837,65c09a3e2871d59f6c90436b40aa24331bd8aa5221dfa5ade089b8c4c7358300
originals/oibf/2016/OIbF_2016_Q3__256b40f893832f20.pdf,568544,256b40f893832f20b3b2863b9b2485619e3ddca56d2f190e2365694232ee736d
originals/oibf/2016/OIbF_2016_Q4__bc1b892b15b3ae7d.pdf,536584,bc1b892b15b3ae7df09ddbe46cc405d8ba37f34150e444b1c79d6792a4b4414c
originals/oibf/2016/OIbF_2016_Q5__2dfc1b2449ff86e6.pdf,463738,2dfc1b2449ff86e6b7a9c366fb248e717df6958d6adb8d031f7d996ad214fa62
originals/oibf/2016/OIbF_2016_S1__7bea260885dd00b2.pdf,526307,7bea260885dd00b261954065fdf8cfe2df93d0857b735202b3fc46cd511e0259
originals/oibf/2016/OIbF_2016_S2__3be4c72f4ca2a9c6.pdf,472269,3be4c72f4ca2a9c6166856e35bb433445172cda9c1f7eb44ac0f77ac4fbf6271
originals/oibf/2016/OIbF_2016_S3__9535e60d876671d0.pdf,464314,9535e60d876671d0f462e56b4c3d9abaabd41032468bc69e410f8743f962937d
originals/oibf/2017/OIbF_2017_Q1__69e1a80bf941487a.pdf,558657,69e1a80bf941487a9592f6443be09ce09054d490ab02c54ee93aeb06809bd9f5
originals/oibf/2017/OIbF_2017_Q2__111812d4e6a87d47.pdf,565832,111812d4e6a87d47fbc06d6bb2054586be944a16ca8b05a20f996783f8afbb4c
originals/oibf/2017/OIbF_2017_Q3__ad96aec31db79b7d.pdf,695924,ad96aec31db79b7d5e6dbee03dd6c0bb0c9084f0dc08bf1ad047cebb2ee4b4cd
originals/oibf/2017/OIbF_2017_Q4__6e1ed0738c1c63f7.pdf,566242,6e1ed0738c1c63f709db0aace483e272c46b6def43cde5baad72f77a05457f2c
originals/oibf/2017/OIbF_2017_Q5__ba3fafe39ae5088a.pdf,631263,ba3fafe39ae5088ae2742d73f8545731cab91d70e51ab8108073598c86e5c51e
originals/oibf/2017/OIbF_2017_Q6__fda4af31c5cc1dab.pdf,629606,fda4af31c5cc1dabe1544f3869c017991212290d646580c50cb6ed598e0565c0
originals/oibf/2018/OIbF_2018_Q1__8729e0b921a2cd5e.pdf,225785,8729e0b921a2cd5ef0e6f1f7edf18a9b418be7f5f1dd9f3d6119726dd953a0d9
originals/oibf/2018/OIbF_2018_Q2__989ebd8a8782c7f4.pdf,228076,989ebd8a8782c7f4d507622e164b656e7bdae92fffb0e9518d9586584daf86b2
originals/oibf/2018/OIbF_2018_Q3__154b0b0138579556.pdf,156590,154b0b01385795563147cc15bca8912b958616fde64e5db0c91b7b28b9ea819d
originals/oibf/2018/OIbF_2018_Q4__1b60e027444f93b5.pdf,297574,1b60e027444f93b5bddf761bdc81c86ae18dad29596820a463c9fb6ffca65c63
originals/oibf/2018/OIbF_2018_Q5__2c6fb92a847bc05a.pdf,408466,2c6fb92a847bc05ac32131160f73865c1b966d296a98928aef02fe4ebc89be02
originals/oibf/2018/OIbF_2018_S1__061c99498f021ae4.pdf,390963,061c99498f021ae4390d1c3b9a8e8dcac3a38f267b22006395c6b4dac4240e2d
originals/oibf/2018/OIbF_2018_S2__d609bfd1f6934c5d.pdf,964534,d609bfd1f6934c5d45f132eaa513827731e4b28e728c46482188ac27254d44f4
originals/oibf/2018/OIbF_2018_S3__c746c212486495d9.pdf,175848,c746c212486495d94c0a4ab730ea0990f0033cd66835244cf38b18ad0b6992ef
originals/oibf/2018/OIbF_2018_S4__bebd047faac603f4.pdf,483388,bebd047faac603f4ed2b9f4b45d34f095866f635a10652f507abd2be65a87e03
originals/oibf/2018/OIbF_2018_S5__4a55556f53b20f98.pdf,879972,4a55556f53b20f98e33e53b91e587ec1c4112568552d4b7b63e69afadc768b3d
originals/oibf/2019/OIbF_2019_Q1__56fa64cb87d5f1ec.pdf,688845,56fa64cb87d5f1ecc7d94d1e84b9a0d4d3a062a18b02f5ec0baa2a9ebc38477a
originals/oibf/2019/OIbF_2019_Q2__fdb12e5ee883fe7e.pdf,640010,fdb12e5ee883fe7ebe93cc995ca9704f4b0d9028798cb13fecf336d308234539
originals/oibf/2019/OIbF_2019_Q3__8775c052095ec3ba.pdf,721099,8775c052095ec3ba7ba43aa14260dd9020ac5f78c02b01f5835bf8d03d0eb084
originals/oibf/2019/OIbF_2019_Q4__fc685d35eec432d7.pdf,950542,fc685d35eec432d75f6e52df7a4b9b7a5073b8c03d209f25cf0e1da152a5d622
originals/oibf/2019/OIbF_2019_Q5__041d10a49c6c1c45.pdf,1015966,041d10a49c6c1c45c7fe042c7804536b9e014dfb09c37b3bf2864c4e20b5cf7f
originals/oibf/2019/OIbF_2019_S1__170957e5b1a89275.pdf,626886,170957e5b1a89275b436d909372151df60146a5b4090f7f2880f27da31563073
originals/oibf/2019/OIbF_2019_S2__c0edb5ab26eff288.pdf,764967,c0edb5ab26eff28830d22fe5a90de95b7831ace2acb95eb1d48dd2bc0734d27a
originals/oibf/2019/OIbF_2019_S3__51be238602b82eda.pdf,645138,51be238602b82eda1420ca86c7fe2918d097c3a6b6081d1d53d8c5e5545e30d2
originals/oibf/2019/OIbF_2019_S4__6018fa7964ac3246.pdf,768178,6018fa7964ac3246d6c1847acaf599b11f31e9f7b343c8f35e41da0e003b42f2
originals/oibf/2019/OIbF_2019_S5__b7b37f6d82ec9db0.pdf,927439,b7b37f6d82ec9db00a18bbb15d385f704368a3ae4cdea90b5d72e5be2e9ec45d
originals/oibf/2020/OIbF_2020_Q1-5__9feabc5deb6d1e3a.pdf,708826,9feabc5deb6d1e3abaf847539aa3f4ee4cd98ec38045a757a858ee65c4911862
originals/oibf/2020/OIbF_2020_S1-5__0ae35dd6521b4c1f.pdf,604576,0ae35dd6521b4c1f5ec7a5062dd00ff9ed52305f7eed61e2f893385d7067ce72
originals/oibf/2021/OIbF_2021_Q1-3__f910c2abb1c417ce.pdf,596283,f910c2abb1c417ce219b9508daf42c8978d880cd6a756e8216faafd4e9836651
originals/oibf/2021/OIbF_2021_Q4__05b58ff9ccf3d4d5.pdf,299714,05b58ff9ccf3d4d504e06138b5e51f122e35914cdbb60149e209fc2148496c56
originals/oibf/2022/OIbF_2022_Q1__36980b36ce223551.pdf,132813,36980b36ce223551b6da019145f235a5472e22a198a76dd5d94a3bc0ec085bc0
originals/oibf/2022/OIbF_2022_Q2__d8e883c4a45df96c.pdf,57721,d8e883c4a45df96c002fa72edb67aec53237b4119b6d3a6ed428f9fd1f3b45eb
originals/oibf/2022/OIbF_2022_Q3__7fb61cd48718acad.pdf,92119,7fb61cd48718acad03abc3ff48027aa511e8255f094299db21d3232dea28abdd
originals/oibf/2022/OIbF_2022_Q4__a0aefa1853052020.pdf,238236,a0aefa18530520204b4d711a556d18e09ec13b8daf7a0e613703ff18945d26bc
originals/oibf/2022/OIbF_2022_Q5__4e74ef62695f2816.pdf,315764,4e74ef62695f2816ec426b274652c073f5f67555ebe22eda8a3c27490224a838
originals/oibf/2022/OIbF_2022_S1__13ddead1d499a782.pdf,221015,13ddead1d499a782cc2964e6a5752dc4875ad170621a153e25760abb967f868b
originals/oibf/2022/OIbF_2022_S2__40ef9023947ac9a8.pdf,101395,40ef9023947ac9a8ee575446e5049baae13943052b402376cea4f643a1f99c2f
originals/oibf/2022/OIbF_2022_S3__f8f89170d9d79add.pdf,473869,f8f89170d9d79addd9ac16ad3ceb03818d25cb613a1e66c7e6fd53a62129885f
originals/oibf/2022/OIbF_2022_S4__d95e4097af124219.pdf,473294,d95e4097af12421976337ed9c995cfb148c4af050a34d4adfdab34a3e7056a30
originals/oibf/2022/OIbF_2022_S5__fd87ad543afce4ea.pdf,566391,fd87ad543afce4eaad2f7e74f5f8f219bc414e2b081f189f1f0ed17321a64ad0
originals/oibf/2023/OIbF_2023_Q1-4__72c0c1af9469624b.pdf,377655,72c0c1af9469624b04ee41dbc938449d7637f90becaf6848b610191f4a9878f8
originals/oibf/2023/OIbF_2023_Q5__89e0584f8820156e.pdf,375220,89e0584f8820156eea51d0cca529db5e6ec5e231554dec92f51440ab8f178d21
originals/onf/2003/ONF_2003_Q1-3__92fd8b61312ddb06.pdf,111372,92fd8b61312ddb06d3b4bd1d4eb6baf0b5ffb5372c7cf2e73952ee71e11062f3
originals/onf/2003/ONF_2003_S1-3__df368e87bcb4e1eb.pdf,189971,df368e87bcb4e1eb242e02c87ff1464655c53f5140aa871d07c3615550a21b37
originals/onf/2004/ONF_2004_Q1-3__ddcf0a7c827b8263.pdf,176437,ddcf0a7c827b82638c6c8ea763bd1ab7f1ad9d3ef75638b4d14399c901812cbf
originals/onf/2004/ONF_2004_S1-3__3d98d8139fe1400c.pdf,241012,3d98d8139fe1400c507ecf87bc1246f71b0dfb0e268310a2e8f2d15608b4258e
originals/onf/2005/ONF_2005_Q1-3__9cbb9ab29e8fe8a2.pdf,216082,9cbb9ab29e8fe8a2a7491901db20d1c6f8122d9844ba0dc4987d3d7c40fc0e84
originals/onf/2005/ONF_2005_S1-3__04d4f0d68930d404.pdf,275277,04d4f0d68930d4041b3f9e79ed5ff27dd2b069e0da36fc1122972c312e351dc1
originals/onf/2006/ONF_2006_Q1-3__a8cfa781caf056f6.pdf,218286,a8cfa781caf056f622469148323d0696c088dbd48899c752044d32b6c252e0fb
originals/onf/2006/ONF_2006_S1-3__f87aa41329fda5c7.pdf,306702,f87aa41329fda5c729296f58dee1a33d72f513434632d37d6f347e6a828b3212
originals/onf/2007/ONF_2007_Q1-3__0a221bec70257148.pdf,239335,0a221bec70257148e1c824e15c68fde4f87974d737773c0ddd4e61e00caf8f5b
originals/onf/2007/ONF_2007_S1-3__cf3aab0406dba54f.pdf,183672,cf3aab0406dba54faea6a5c28164ff81d7ba51b9eae57f0a0829aee2f677801a
originals/onf/2008/ONF_2008_Q1-3__114ad58a3ddc2e92.pdf,156591,114ad58a3ddc2e924dc239b066d90c756034e914e9230842b28be7a5507e774a
originals/onf/2008/ONF_2008_S1-3__a96d14aee8c12f5c.pdf,178124,a96d14aee8c12f5c9158dbd53722795a53ddaf71ffebfaa4c89dac313fd9382c
originals/onf/2009/ONF_2009_Q1-3__684f3db36b8b82d5.pdf,200293,684f3db36b8b82d50b5ab0a6c08b21d4b97a6f326025dd2844746af9f9345eb3
originals/onf/2009/ONF_2009_S1-3__1419698a0fbe630e.pdf,258871,1419698a0fbe630eaaf1d3165d638b65f9e91f4e12f51bb99b63b7e4966762b8
originals/onf/2010/ONF_2010_Q1-3__3d01bf40684df30c.pdf,410691,3d01bf40684df30c1dcf887ef6de2b23e896d45898958060152fb39c015e7f60
originals/onf/2010/ONF_2010_S1-3__9f4210e1a2e5925f.pdf,540341,9f4210e1a2e5925f602773c61cdce67e65da7163b68310768808fdc510cc311e
originals/onf/2011/ONF_2011_Q1-3__0d575b5f50ff0ff3.pdf,702358,0d575b5f50ff0ff31bc6572b3741dc4ca4a46fbccfc20b692b6d2ef95554db86
originals/onf/2011/ONF_2011_S1-3__b1068697a0a38b11.pdf,851574,b1068697a0a38b1162348e368fc4db2785638400c84662178d89419bf92c8ddf
originals/onf/2012/ONF_2012_Q1-3__080ee174bffcfd8a.pdf,924689,080ee174bffcfd8a7273630d0eae9d88c34aa5cff7260cbd117f1df93c2bac6a
originals/onf/2012/ONF_2012_S1-3__d326609c69c92cd1.pdf,338844,d326609c69c92cd1dc4ccb0970bd5f36645c0878fe2ae1bfc46245fc3322ffa9
originals/onf/2013/ONF_2013_Q1-3__4f9acd896b0d545c.pdf,395867,4f9acd896b0d545c42984e33f8c1fbdeb79ba1d863b2cbe4b90d699901aeac70
originals/onf/2014/ONF_2014_Q1-3__f17aea01b1aded95.pdf,856475,f17aea01b1aded950efe8cacf64c52ff72c40608bfd5384615cef78f8dc41213
originals/onf/2014/ONF_2014_S1-3__5e130b507f57b04d.pdf,1408676,5e130b507f57b04d5b4c21463ace0c0a6c97d15d7017d0ca3ee83a66c19ea799
originals/onf/2015/ONF_2015_Q1-3__3305f8c4c1973948.pdf,729589,3305f8c4c1973948e1822669aa736cc2641f1d0a60b76940954d4a6da7a6e820
originals/onf/2015/ONF_2015_S1-3__ab43f009044f9822.pdf,596150,ab43f009044f9822ff19612620058f415589085a1e608af1a014f404b734ee46
originals/onf/2016/ONF_2016_Q1-3__abef2a60d3830ffa.pdf,1160832,abef2a60d3830ffa19d5233cda00995bc1ac77d145eb6d4096ee0eb7f09ddb70
originals/onf/2016/ONF_2016_S1-3__a8e4ccc991550049.pdf,1496661,a8e4ccc9915500497d0d2d01ba8109bf5a3cf5ba57a5e2460d24425f14f8ac1b
originals/onf/2017/ONF_2017_Q1-3__0812ed8a546b08ef.pdf,935326,0812ed8a546b08ef208ce8a5fabb02a61fa96d152a449f5043ba36a41e0ed498
originals/onf/2017/ONF_2017_S1-3__cbc9011d5322609e.pdf,985559,cbc9011d5322609e749da844af6eee269a8635359e2fb2a3badf9354e72005eb
originals/onf/2018/ONF_2018_Q1-3__13076ccb477aee21.pdf,1080769,13076ccb477aee217a9ac00e3f6390121565f3aacd9803fd989ec0a4b26f6ef1
originals/onf/2018/ONF_2018_S1-3__0125c4f2468525eb.pdf,1032897,0125c4f2468525eba9da00e1d27a1662b2b574d7926fd8c7988b78220c0e328a
originals/onf/2019/ONF_2019_Q1-3__bd93133e4c11af6f.pdf,821993,bd93133e4c11af6f783fee4f3f40aef1df380dd7f9838a1e3b4ebda4cfd06537
originals/onf/2019/ONF_2019_S1-3__359047c60f3df8c8.pdf,584421,359047c60f3df8c82d88fef846e7f8185930dbd37f048c2fc15529bc0abf3738
originals/onf/2022/ONF_2022_Q1-3__f189b5d50f708ccd.pdf,649652,f189b5d50f708ccd0fb3424e0961143d83e86e5ba404bd57e058e7710dbc884e
originals/onf/2022/ONF_2022_S1-3__c91d11e37c37cbe7.pdf,1371379,c91d11e37c37cbe72c03951b75e4b920f5716eb885763c2089fab008ce6f2962
originals/onf/2023/ONF_2023_Q1-3__2d4a5eda0fb37bb8.pdf,675210,2d4a5eda0fb37bb84b634b5a1d9e01224e62c2118455b4a9b796c4f9d979744d
originals/onf/2023/ONF_2023_S1-3__8b17a53bc382ab84.pdf,821501,8b17a53bc382ab844f83bc603fb821e1869394883ffce1655f790bae254609a5
originals/onf/2024/ONF_2024_Q1-3__1fffcfc578fbf21a.pdf,327039,1fffcfc578fbf21a844527f309ff549fdfed29278fdea3ebd495d0cd2cd3f1be
originals/onf/2024/ONF_2024_S1-3__cbfc9ad44b6677c6.pdf,706368,cbfc9ad44b6677c6c01adf60d1750beb55fdcb2bc0861535483224dab41998b3
originals/onf/2025/ONF_2025_Q1-3__75df6f6497e421d7.pdf,509414,75df6f6497e421d753f264a14e8190a8576a881f053a77e5a71e162107f70f41
originals/onf/2025/ONF_2025_S1-3__5793bd68a84fcd08.pdf,695262,5793bd68a84fcd0849b16c6730056383043335040eec973fd5d2322c2a8ac712
originals/opho/2020/OPhO_2020_Q1-55__7cf16b9b44e59663.pdf,662200,7cf16b9b44e596638d2bc94c6a4862ee3e2d3a84c1abe49dcf156a8ed92c66bd
originals/opho/2020/OPhO_2020_S1-55__0b5cc63848d857c6.pdf,830771,0b5cc63848d857c6393cbb17c26655a5d9cae346b1efb2f63b417f3ddb9a5b66
originals/opho/2020/OPhOInv_2020_Q1-10__0f0c471b2f44bada.pdf,749483,0f0c471b2f44bada9705a587047be3c9c95bd6ea001b156ca3ca5a81eb2e5d0c
originals/opho/2020/OPhOInv_2020_S2-10__7adac7866a1e9c82.pdf,590099,7adac7866a1e9c823075c97cadb14fbece19d790789af5db91baf0566915a55a
originals/opho/2021/OPhO_2021_Q1-35__27185a600a7cbaf3.pdf,622766,27185a600a7cbaf35d0ba35e6d5c004ffcce3cae41259ff40cf5987692fe8ae5
originals/opho/2021/OPhO_2021_S1-35__fe2e201cff81294d.pdf,844372,fe2e201cff81294d96bf1c813af3c3cb81d689016ec34940c2c40c0713133140
originals/opho/2021/OPhOInv_2021_Q1-4__7dcbf459cab9bc3b.pdf,660879,7dcbf459cab9bc3b3481aed10f4791099e19757cabe7d8226881876735b338cf
originals/opho/2021/OPhOInv_2021_Q5__efd1549e0d6ba13b.pdf,631670,efd1549e0d6ba13b2776dbb9d6962923f4317ed6663dfd9d76bdd4b62c3a6990
originals/opho/2021/OPhOInv_2021_S1-4__1b319629318f8287.pdf,846309,1b319629318f8287aac0ac8f8b1e6a27cc1e772bbfbfe789aac5997551709668
originals/opho/2022/OPhO_2022_Q1-35__7ab33abf8d46fcd7.pdf,9136069,7ab33abf8d46fcd7f882242e13a54d084e70cb1d3f134e611f85bb0097d00a95
originals/opho/2022/OPhOInv_2022_Q1-5__6bdd04a16982d7ff.pdf,501137,6bdd04a16982d7fff8403a4e445ff3138824e7a2652eb94d83cc1f3ad416cf3b
originals/opho/2022/OPhOInv_2022_Q6__eede85b6a7737df5.pdf,194930,eede85b6a7737df5a7ed43062980a88d6edc83dc5d262b24cc505261995dfff5
originals/opho/2022/OPhOInv_2022_S1-5__e6ca9ea784b08a41.pdf,622793,e6ca9ea784b08a418090d0aeb281a6b395c9fae6718c7b2f4f8d07c20c34ef09
originals/opho/2023/OPhO_2023_Q1-35__237aacd133c739b9.pdf,2361205,237aacd133c739b9b65525b963dd11c129d83b599f2a7584fc88aab5a2027a35
originals/opho/2023/OPhO_2023_S1-35__901d68ab74a2d291.pdf,4402344,901d68ab74a2d291d93c59d57b097a9c0c227f0ff1cb498629d0b55494bed90d
originals/opho/2023/OPhOInv_2023_Q1-3__9795ee8afe752a3c.pdf,905294,9795ee8afe752a3cb9c7e30ab869b9084bfabbae2b627c2010b1879898fcd862
originals/opho/2023/OPhOInv_2023_Q4__eba82da785037fdf.pdf,677393,eba82da785037fdf558a021ecad192d019952d4b93c996cd1a8aff61b33d6332
originals/opho/2023/OPhOInv_2023_S1-3__6389630e9d21fd45.pdf,1503811,6389630e9d21fd45affae8c6bf8f464c279cf7d8cc8d5452959ab6b347829402
originals/opho/2024/OPhO_2024_Q1-35__1b383ba483a1d5a6.pdf,1461300,1b383ba483a1d5a66a8b6631f91a03a78727646d99dda22d7c9c75e416c566be
originals/opho/2024/OPhO_2024_S1-35__c9558fc7d7a33b6b.pdf,1703831,c9558fc7d7a33b6bf9ff47f76c73f86828f5facdc7b2ca42aa370eeaa53b7939
originals/opho/2024/OPhOInv_2024_Q1-4__6cc959afe9e616a3.pdf,506785,6cc959afe9e616a3e19bde872247d179e9ba1f1b3fd07614d61bb413bb6a1cbc
originals/opho/2024/OPhOInv_2024_Q5__93511fbf9363be01.pdf,268941,93511fbf9363be01319ee807e01201b4c7883d747499b8a5245b1062ae12360d
originals/opho/2024/OPhOInv_2024_S1-4__c122a2c35be587bc.pdf,591297,c122a2c35be587bc3916617ca7e038034a35f8409e54d3571b5fcbeb8e559ba6
originals/opho/2024/OPhOInv_2024_S5__359c4e974cdae204.pdf,221382,359c4e974cdae204913e7d0f6a04b31df6d98ef193a564df4f9dbf163a5f62f3
originals/opho/2025/OPhO_2025_Q1-35__28a32ed4c129b446.pdf,692404,28a32ed4c129b44619ee4c7c2801a77a724bfaf0a16a2fe0abecd7b0f565378e
originals/opho/2025/OPhO_2025_S1-35__aa366a313f829988.pdf,1139164,aa366a313f82998813e02e02ac0c1538b53e8a4cb36cafd03572fb455f1337d0
originals/opho/2025/OPhOInv_2025_Q1-3__7febda94ebe48a7b.pdf,480031,7febda94ebe48a7be552fd1bd7a6362004b88c3784805942e4e88d6a7cc2e1c4
originals/opho/2025/OPhOInv_2025_Q4-5__5f6b793d2b7bfcb9.pdf,423342,5f6b793d2b7bfcb995b1b56ec1ff210974bbc06c445cb220170fcace0ba318d0
originals/opho/2025/OPhOInv_2025_S1-3__0940b5061791370a.pdf,4819213,0940b5061791370ae2dcfd8fda7252d8e61d787a76b526950054fa40590c6594
originals/ortvay/1997/Ortvay_1997_Q1-42__3241337593cc129b.pdf,109923,3241337593cc129b24d1bfc11f5c30bc96067d387afbb092fb43dcf2a05c2f14
originals/ortvay/1998/Ortvay_1998_Q1-35__54c9d9a5b030e2a5.pdf,123314,54c9d9a5b030e2a5863ef3e889cedf33aeb452f4a976f4d33137795abffe2f6d
originals/ortvay/1999/Ortvay_1999_Q1-34__ec34e97e76fa91d3.pdf,112938,ec34e97e76fa91d3116cd3e820a56bc423be808dd997e55976c0a4ace99bdef5
originals/ortvay/2000/Ortvay_2000_Q1-37__8d0cb81ce91c271b.pdf,124536,8d0cb81ce91c271b4a3e13168f33c60da1cc88e2d7d38866b427e062e1ce7321
originals/ortvay/2001/Ortvay_2001_Q1-34__1ccc657810f3fb74.pdf,132078,1ccc657810f3fb74df61f68b114f6e58e7ecc2d666a1fe410f7ad89d291471e0
originals/ortvay/2002/Ortvay_2002_Q1-33__1d16239b592846ce.pdf,135833,1d16239b592846ce6e41f29cbab0f3c6ae299040503f9ccf2fba2cad0ca191e9
originals/ortvay/2003/Ortvay_2003_Q1-42__ed05c30012d5e7cc.pdf,130105,ed05c30012d5e7cc21ba92bee4fc2cb13060dd9b9ccfffdacd5fdab09a65d23d
originals/ortvay/2004/Ortvay_2004_Q1-32__9f2478c12e00c0ec.pdf,172923,9f2478c12e00c0ece11827d6495c2f8a17d4d5d8bebd9acd2cb111e5bdbdb8fa
originals/ortvay/2005/Ortvay_2005_Q1-42__1ba4f1a7e23e2230.pdf,213057,1ba4f1a7e23e2230fca28f71acd34a1a7aed6c0e32def26884f923b46a23fcd2
originals/ortvay/2006/Ortvay_2006_Q1-33__c183c465d8489be6.pdf,322151,c183c465d8489be69795aefc335f64063f218cb83ab736276d759342823bcdbe
originals/ortvay/2007/Ortvay_2007_Q1-32__466d199962742881.pdf,153954,466d19996274288186203dd9ef93d11ec2f5cf4f5c97799827abb665a3675309
originals/ortvay/2008/Ortvay_2008_Q1-36__c81509a5b0fafd1f.pdf,164355,c81509a5b0fafd1f39faa6b3943b5bf6efaf79bb545080a2f03acc5d84b08fff
originals/ortvay/2009/Ortvay_2009_Q1-31__590303f526aa64de.pdf,422778,590303f526aa64ded5492af6c6bcc96c99e241714b2f3574cf9bbc8a16ac4bca
originals/ortvay/2010/Ortvay_2010_Q1-35__d3634e70fd0cf70b.pdf,440242,d3634e70fd0cf70b11f615de3fc5233dd433a02514dbb6a56e69fbd5a7458143
originals/ortvay/2011/Ortvay_2011_Q1-42__921a45f84d216221.pdf,180959,921a45f84d216221c6f65a042d1e68b8c9dab59260ecd88b2ea0bbe73df28e74
originals/ortvay/2012/Ortvay_2012_Q1-29__27978754087b356f.pdf,225665,27978754087b356f1620ada9c9ad17885fcd8a698bed96b9d24cfb7a37cc7056
originals/ortvay/2013/Ortvay_2013_Q1-31__a06a04612e4367c1.pdf,245992,a06a04612e4367c148e4c69115c232983b8e6ed221ecb8007091713115091a59
originals/ortvay/2014/Ortvay_2014_Q1-35__5204c77cb968fc02.pdf,189756,5204c77cb968fc02e9f795cdd5ced23a5334a6d61b0a50e638f58ced643adeb3
originals/ortvay/2015/Ortvay_2015_Q1-31__9881d7d3d6faacc1.pdf,147103,9881d7d3d6faacc15e771b364dda5541004e1b73d41be5c51dc48bd830158a6c
originals/ortvay/2016/Ortvay_2016_Q1-36__f7e91e13ea226972.pdf,200732,f7e91e13ea226972dd67039f976939df4b614553de683753b940b819c22b63bd
originals/ortvay/2017/Ortvay_2017_Q1-40__771ca5c334324b29.pdf,495106,771ca5c334324b290ae11da953f76b9bde7e0405dfeb9ed4e6840cee3eaccbec
originals/ortvay/2018/Ortvay_2018_Q1-33__d73f0e0e81023bce.pdf,1341847,d73f0e0e81023bce84365beb9bfe52021219153e7deee7356e17fa6e34a4a9b4
originals/ortvay/2019/Ortvay_2019_Q1-50__367e16295855a180.pdf,2114114,367e16295855a180ddff209587aca8745cdb9466961439cd02f7e735aa46d601
originals/ortvay/2020/Ortvay_2020_Q1-28__7611c58d331528c4.pdf,274229,7611c58d331528c4f0f4ed06b46a5955929756e6674befe95b4dc2aff044dbe6
originals/ortvay/2022/Ortvay_2022_Q1-28__d32c71b7ccfcacc4.pdf,370037,d32c71b7ccfcacc407a28c7b5b2371d7c2bb46a599ba9e3ebb6262c5346523c2
originals/ortvay/2023/Ortvay_2023_Q1-33__c0a5117145c67edc.pdf,359529,c0a5117145c67edc2dfe8953dcc7865438f65e099fe6e73b2ec19616ab27b5f7
originals/ortvay/2024/Ortvay_2024_Q1-32__d7b856084d015912.pdf,2012072,d7b856084d0159122329b2a3f86f123a2517d99b2f2a05607d9df93acf02f2c9
originals/ortvay/2025/Ortvay_2025_Q1-25__84291fb1a1f4cb47.pdf,376365,84291fb1a1f4cb47fb4421eff335da153122895da349ce09c1b25f00461c7ab8
originals/ortvay/2026/Ortvay_2026_Q1-24__ea61fafa8228c3ed.pdf,3137595,ea61fafa8228c3ed2a890e5c2f65ed8853f41d2c39e60d8b0957edfeac4dfba3
originals/osn-fisika/2019/OSN_2019_Q1-8__2ab564d818fa0188.pdf,330221,2ab564d818fa01882222cecb3ac60d50832b1c495a92616bd4d010b730c2fc03
originals/osn-fisika/2020/OSN_2020_Q1-7__e746ca90483ab197.pdf,238218,e746ca90483ab197f29c93df1e2ce61dceae504105afb6b6912d4ee387b06825
originals/osn-fisika/2023/OSN_2023_Q1-40__7065b05da13e60c2.pdf,460862,7065b05da13e60c2c823db6e21e6082de7f3f58eb2518c4446cdb517e6f706dd
originals/osn-fisika/2024/OSN_2024_Q1-40__16ebe5cdc849e0c6.pdf,1397316,16ebe5cdc849e0c65b6f4db3f47e54b8f4ff70fbf3fcc263e109e88c3f16b203
originals/panpho/2005/PanPhO_2005_Q1-8__4aa1d9aa72bf92c0.pdf,219146,4aa1d9aa72bf92c0f64bab8a957858c882303ed8e473ba750d75b09843cb19b0
originals/panpho/2005/PanPhO_2005_S1-8__7cc2144eb6df4a32.pdf,416051,7cc2144eb6df4a321915160b7c8a936c9294d50ed5cd24e4ec8d20e8ea156d8c
originals/panpho/2006/PanPhO_2006_Q1-8__4285314104d0d10b.pdf,576249,4285314104d0d10b005a6d8f67d9d2b0791a361b6dea71caed12e4265e6a029c
originals/panpho/2006/PanPhO_2006_S1-8__892c9e5d64f4bfe1.pdf,760044,892c9e5d64f4bfe137c327b833a2db10b58d7d2a880c956fcc8a8c4694719ef8
originals/panpho/2007/PanPhO_2007_Q1-10__9b78802ae4967fe5.pdf,526594,9b78802ae4967fe5181f851ab8a0fcd7e1a4c1c8d0256de1803fe00680113e41
originals/panpho/2007/PanPhO_2007_S1-10__159b38cdecf079da.pdf,915980,159b38cdecf079da583737b50ef4b7d407935af0819b1e0ccd592f277ef026b9
originals/panpho/2008/PanPhO_2008_Q1-9__e13a049d28212ef4.pdf,191824,e13a049d28212ef4fa303441eb5e55e469bbefbbe763b45a920bf6b976c820ae
originals/panpho/2008/PanPhO_2008_S1-9__4a238a7b08343fc7.pdf,456767,4a238a7b08343fc7bd1e1a924454622a2adb944661fdf4cfe18786e0eb6fe5f4
originals/panpho/2009/PanPhO_2009_Q1-8__1fab5df7288a382c.pdf,520085,1fab5df7288a382cc0127c5692df353a52b30835369717db6e66e73a39f5ac5f
originals/panpho/2009/PanPhO_2009_S1-8__0e1abec76304dc75.pdf,1047344,0e1abec76304dc7570b8a60cb1ff1631fcaffc0db1f75d276e0487fdca312638
originals/panpho/2010/PanPhO_2010_Q1-9__c4bb8d8d3bce33c6.pdf,278574,c4bb8d8d3bce33c617316f9dc9f1f66671d1a00fe240b329aaeec6c372d3ee7a
originals/panpho/2010/PanPhO_2010_S1-9__e66fb97d92e1347b.pdf,188422,e66fb97d92e1347b9af5511790158a7817c3a5a4f8e8b5eb7c968bd2c51ebc61
originals/panpho/2011/PanPhO_2011_Q1-9__3544174f9a184c3f.pdf,192477,3544174f9a184c3f69d586d73be2f7a8b454ea259ed35a45b1b5e4b07ea257b2
originals/panpho/2011/PanPhO_2011_S1-9__c0ba25fda08be24a.pdf,117863,c0ba25fda08be24a8ddeaf00ecd287a1e2e2a7b8917980402f5c686ff4ce6791
originals/panpho/2012/PanPhO_2012_Q1-9__0e04c7086f44fe49.pdf,405894,0e04c7086f44fe49d0b60ce012e5e45fafb725daa0cd49af44aee6460b60d187
originals/panpho/2012/PanPhO_2012_S1-9__bff078aeb0055469.pdf,365435,bff078aeb005546939e6f315dcca0d9fd5c0c8b6b05e82b21356fee277761238
originals/panpho/2013/PanPhO_2013_Q1-7__22debd088d785def.pdf,438758,22debd088d785def32c251cef7fb59558d7031f1446a3021e9b579ce8c528484
originals/panpho/2013/PanPhO_2013_S1-7__c81fe85981acba8e.pdf,1190881,c81fe85981acba8e3af853cf3a5770f76ec468750100437c2fadd582df190825
originals/panpho/2014/PanPhO_2014_Q1-8__bcc9005bd3c7f272.pdf,410257,bcc9005bd3c7f2724812d69dda0d7df329edbd10803b6f0de2a880c24c1c6731
originals/panpho/2014/PanPhO_2014_S1-8__2cac3189a62bc9d3.pdf,586925,2cac3189a62bc9d3d580dab4edd68ab35cf81459204c8ee3e42dd5a2ca8891c4
originals/panpho/2015/PanPhO_2015_Q1-7__7a4b580c497d7550.pdf,619484,7a4b580c497d7550b51fac281c193acac63060079c59661e4b1aad0fd7df105a
originals/panpho/2015/PanPhO_2015_S1-7__4f7732d242d6a740.pdf,871460,4f7732d242d6a740f909e7f9349a8804c9c4c419403dccbc2582bc6d126f02fa
originals/panpho/2016/PanPhO_2016_Q1-5__0166eb1eddc1a84e.pdf,556765,0166eb1eddc1a84e7b8cab248e3d621a24bab90678565b4fe7b535fe7a6f480e
originals/panpho/2016/PanPhO_2016_Q6-8__a3ea5cc547e3e198.pdf,585113,a3ea5cc547e3e198b35b12ec971e45a9a900b907c154526fe26f80e26dddad4a
originals/panpho/2016/PanPhO_2016_S1-5__77e5c5fde9c5b030.pdf,665909,77e5c5fde9c5b030de12a98b0d4236763a949340b7ef0fdbd0c5f927acb9fd8f
originals/panpho/2016/PanPhO_2016_S6-8__926638270cbc518c.pdf,682969,926638270cbc518c13518e135a4340456cbed1b9a581930965ec2867e0319a67
originals/panpho/2017/PanPhO_2017_Q1-7__02db77544e3c1df3.pdf,577968,02db77544e3c1df3f980e6f005451413a8679fc5c97d7f735200bb88fabc0922
originals/panpho/2017/PanPhO_2017_Q8-9__e80532b9458f1537.pdf,1215440,e80532b9458f15370d9583f8e7f8d6a57a8fc60f71cb5599356c9616ed627910
originals/panpho/2017/PanPhO_2017_S1-7__5bf3ef5f8f5c46bb.pdf,799136,5bf3ef5f8f5c46bbc321132dec0d1c8514a72e476980ef76f546a3cbef73374a
originals/panpho/2017/PanPhO_2017_S8-9__0a6044260a874ded.pdf,1329704,0a6044260a874ded8187f7c74a3c14e38fe59b01e023783c5207a31121993580
originals/panpho/2018/PanPhO_2018_Q1-6__6c53a23474edecf3.pdf,1050396,6c53a23474edecf351697487a4dc08f667fb50d603a2a95f0770f17586123fbe
originals/panpho/2018/PanPhO_2018_Q7-8__6ed76d83e4ef3b10.pdf,558572,6ed76d83e4ef3b109e68eab613774581ef5878f4e2793d82f33e8b81355e706f
originals/panpho/2018/PanPhO_2018_S1-6__848fa7a4d363cf87.pdf,1390773,848fa7a4d363cf8740e61c19c102de2cab41b911980e1ec0bac7639af896f5a2
originals/panpho/2018/PanPhO_2018_S7-8__b6358285add2e3fb.pdf,1011249,b6358285add2e3fb9d9b26b6c607024cc34e770913ce453840d8b2b3a5206f94
originals/panpho/2019/PanPhO_2019_Q1-4__17256a54e1a54e0d.pdf,667824,17256a54e1a54e0dfb4a6177834cc49230d45a08a11778f604029b29de1f88ae
originals/panpho/2019/PanPhO_2019_Q5-6__3039bc46b5806ce9.pdf,499799,3039bc46b5806ce99dab70088907f57693e654b6a0f21b7c42c0b7b7223f3091
originals/panpho/2019/PanPhO_2019_S1-4__a16d5b0a988c65ea.pdf,836147,a16d5b0a988c65eaaca23b9b03391a039d9ade753fcd2ff956699c4996c9cf8c
originals/panpho/2019/PanPhO_2019_S5-6__1e8dd3651c48eff1.pdf,718929,1e8dd3651c48eff15c1f455f1c2d1ca1b598006f4860cc9d3723c73cb5041196
originals/panpho/2020/PanPhO_2020_Q1-4__3323b4bc5c8a6f8b.pdf,208718,3323b4bc5c8a6f8b9111c494c3b4ac1d7a08139a223a2842cd7f2ce240f80fef
originals/panpho/2020/PanPhO_2020_Q5-6__5d2065a0323ad16f.pdf,2346823,5d2065a0323ad16fb061ac97a57ae48ccbbf26c592b2eee454ebbf21cfadb1dc
originals/panpho/2020/PanPhO_2020_S1-4__607721f2d1c523ca.pdf,383846,607721f2d1c523ca152af872358c037723d8bcb9a000b7643b886c372da363b3
originals/panpho/2020/PanPhO_2020_S5-6__f4e502964252d64f.pdf,1545475,f4e502964252d64f36caef7bbface656ab2684093084343c93f11102f152e9dc
originals/panpho/2021/PanPhO_2021_Q1-4__6790dbe169362fbb.pdf,417945,6790dbe169362fbba5bb9f9b3a7c7979bf94b7a9577f82318f8a4354e7595f19
originals/panpho/2021/PanPhO_2021_Q5-6__9035f18ee3bf6889.pdf,955946,9035f18ee3bf688931109e3141388974d93dd072424baa7e0c4bbb7f1a8ccdff
originals/panpho/2021/PanPhO_2021_S1-4__73363b2d11f347f3.pdf,688549,73363b2d11f347f3ad00b536aa037d66de857c77ff2f63b6fad72e4ea360e75f
originals/panpho/2021/PanPhO_2021_S5-6__341e4a3ac917677d.pdf,1103994,341e4a3ac917677d340f1edd201e1e2d587eea7c90d2536cc602ac53e3806b69
originals/panpho/2022/PanPhO_2022_Q1-4__1a1c6470420bb3fa.pdf,564559,1a1c6470420bb3fab7a42104094ef359573857384e4e8930d4d94b96b3ac49f1
originals/panpho/2022/PanPhO_2022_Q5-6__e57b520891c7010f.pdf,1599152,e57b520891c7010f39cf3c81e4d376a3985a69e1825d220b16590233ddd04bef
originals/panpho/2022/PanPhO_2022_S1-4__c4083ecd5e723077.pdf,859413,c4083ecd5e7230770a2244837a783796ba5fd6551cd4db3734a85c9dacfa9651
originals/panpho/2022/PanPhO_2022_S5-6__bf6947c7ae599699.pdf,1386208,bf6947c7ae599699215994c28357777f9fec6e16e63fc91be51f06d99aba9db0
originals/panpho/2023/PanPhO_2023_Q1-4__5cf0ee2974b68bab.pdf,457225,5cf0ee2974b68bab9c4a6be34cc11a57419c56de782080a7cd48f68a2f26f488
originals/panpho/2023/PanPhO_2023_Q5-6__e341e2c37a135158.pdf,713845,e341e2c37a1351581fbc3f8a7fb946c007700c95e111336573e4aa5d62f749d3
originals/panpho/2023/PanPhO_2023_S1-4__c6608896b158b6c4.pdf,572622,c6608896b158b6c48ab0627cb4c7bea633b5ae843d4fb1feb52af50f7a579d39
originals/panpho/2023/PanPhO_2023_S5-6__1803ee000419bbd6.pdf,801206,1803ee000419bbd6a52d8c685d9c41931ec3b688fc0f69e4ba1750b65fbc8784
originals/panpho/2024/PanPhO_2024_Q1-4__c33a0092c6c16947.pdf,434515,c33a0092c6c1694755c6345054666df5c990a82552b3da8c1b99cfec73e7d039
originals/panpho/2024/PanPhO_2024_Q5-6__35f744c70ed8334c.pdf,1377364,35f744c70ed8334cf69a53fa2a11c79be50ed91452d630f5aa72b87f706c19b0
originals/panpho/2024/PanPhO_2024_S1-4__0e6c248c01f869b9.pdf,680839,0e6c248c01f869b996975a469223860e5848142636400124d1f57e6c409e773b
originals/panpho/2024/PanPhO_2024_S5-6__017aa92ab981d95c.pdf,1722873,017aa92ab981d95c0ff0622ac4d88cafa0b3854cf69580d640ac0879acae658d
originals/panpho/2025/PanPhO_2025_Q1-4__6ab196d1442622e0.pdf,911592,6ab196d1442622e0cab1ee237e10f6d8337f6c07e13458a73fdec008445eb9eb
originals/panpho/2025/PanPhO_2025_Q5-6__a92fcc67e5945525.pdf,624786,a92fcc67e5945525454184ab40e921d89c080ef58cf4d852fe2206bf9046c749
originals/panpho/2025/PanPhO_2025_S1-4__9a05cae2374d5ea2.pdf,1223432,9a05cae2374d5ea2b801924ed66e22468f0b860fcf81cbd9ef212e94aa4049e1
originals/panpho/2025/PanPhO_2025_S5-6__32ece487744a8452.pdf,883774,32ece487744a84521ac58e589fbfa22835fe8610f8f94142cae8a6ca4c6f1722
originals/panpho/2026/2026-1__366ce5599a51f6a9.tex,3068,366ce5599a51f6a9d21a1fc1b266ab170a021b4a5cdadaf9e2374cda4e16963b
originals/panpho/2026/PanPhO_2026_Q1-4__3db1dd590ac8c687.pdf,601850,3db1dd590ac8c68779cbd8d7355297fb125fa9d252882310c3557a9ea2668c04
originals/panpho/2026/PanPhO_2026_Q1__89abad98979937f6.pdf,183327,89abad98979937f6501faf706c1c3b970fd47c7fe51a3d900226056ee727d9a7
originals/panpho/2026/PanPhO_2026_Q1_tex__3c9caf3c79abca24.zip,36079,3c9caf3c79abca24ff127131b1851be64b910e35763a7b7f29ff99e25cf5624f
originals/panpho/2026/PanPhO_2026_Q1_tex__9f622629e751eddc.pdf,70876,9f622629e751eddcc5aedd40e64c50b9b6f5d154f7f205cc773aca2dec9e4088
originals/panpho/2026/PanPhO_2026_Q2__afad06d3532ab979.pdf,100762,afad06d3532ab979abc5d7458092054e3b7093d67efa910f045b5d30a752cb9f
originals/panpho/2026/PanPhO_2026_Q3__6a2d56f0ce52ffaf.pdf,172046,6a2d56f0ce52ffaf2802e168e18bf6721f86144b02cf533ca51bbb05cae64cdf
originals/panpho/2026/PanPhO_2026_Q4__c2925b4267201566.pdf,147370,c2925b4267201566f4c6ffdb7c2bce461a1e59fd864a378e72fc3e22438d24de
originals/panpho/2026/PanPhO_2026_Q5-6__de2d96213e43b58b.pdf,644287,de2d96213e43b58bc0df9cf4edb4209b947bb71b927061acf049860830ad231c
originals/panpho/2026/PanPhO_2026_S1-4__91ff5691c6299963.pdf,738879,91ff5691c6299963f0ca3d66d8615132f6511484158285f1c312ea738bbb3512
originals/panpho/2026/PanPhO_2026_S1__9ade087d0eb039b7.pdf,249404,9ade087d0eb039b774e899705f4e5d519d5abc53f4d64d7f3a515101c7fc5fe6
originals/panpho/2026/PanPhO_2026_S2__6ae10605fff18930.pdf,147143,6ae10605fff18930c63868d0241ce0c60d544650f5644fd15dfdea6d7bef4af9
originals/panpho/2026/PanPhO_2026_S3__1a6e8825a51d9d46.pdf,189981,1a6e8825a51d9d46e952b77eaef77fcf10303dac929a8de01cc6358cdfa11c9c
originals/panpho/2026/PanPhO_2026_S4__7d6968abe28c4035.pdf,155281,7d6968abe28c403574d6d429730216b23ec74056964a299c12a32e561c94517a
originals/panpho/2026/PanPhO_2026_S5-6__cbd1b9b505f9c7bc.pdf,539343,cbd1b9b505f9c7bcb6d376a13ae6a8d37968569ed761f8279d35462a0281108f
originals/physicsbrawl/2012/PhysicsBrawl_2012_Q1-44__ea653ce671815acc.pdf,239052,ea653ce671815accc82a31ee9964a693137ee7a9d79bb5e868fd6833692b69c7
originals/physicsbrawl/2013/PhysicsBrawl_2013_Q1-49__fb942431f047308b.pdf,424625,fb942431f047308b932bccfcd2c19a1faa9a7da5d0491394e2734de341898fe0
originals/physicsbrawl/2014/PhysicsBrawl_2014_Q1-54__67f88af2e56aa03e.pdf,326259,67f88af2e56aa03e266b6ffcb2df599044a6c822f9e88bf1a5b1c5ef38d57c78
originals/physicsbrawl/2015/PhysicsBrawl_2015_Q1-62__678a126ec7d21d19.pdf,307307,678a126ec7d21d19867cc735f9ce5c97c7a52007e4b596511777cbebec07eac1
originals/physicsbrawl/2016/PhysicsBrawl_2016_Q1-67__43ffdcce08814eec.pdf,384230,43ffdcce08814eec8b77e06e028f93147b0bb10ff038c03806fbeef960d865a8
originals/physicsbrawl/2017/PhysicsBrawl_2017_Q1-63__ae917506c6844a78.pdf,308966,ae917506c6844a7877240904897d26453d8e62baa48753d361f1038c272ed4ba
originals/physicsbrawl/2018/PhysicsBrawl_2018_Q1-60__fb23fd1092e08b74.pdf,321414,fb23fd1092e08b74e183cb080eab8290b737a7f6473f132296085670a1197ff5
originals/physicsbrawl/2019/PhysicsBrawl_2019_Q1-62__394a50d2e1b2e07d.pdf,425393,394a50d2e1b2e07d51b5821d9fc0dbba6ed36469fd628bf61708175343602cdd
originals/physicsbrawl/2020/PhysicsBrawl_2020_Q1-63__334bb9dd7023baae.pdf,408345,334bb9dd7023baaed1cdbb1a0a68d7785a50d061f80aca91705779464fdc85d4
originals/physicsbrawl/2021/PhysicsBrawl_2021_Q1-66__c6f39b134c74e897.pdf,482132,c6f39b134c74e89781210fe9c8496a6d9f429278c62bff3862df9184f5fe3cff
originals/physicsbrawl/2022/PhysicsBrawl_2022_Q1-69__ffffa2dc7f23886c.pdf,835470,ffffa2dc7f23886c0990b0f021a84d6e0ea386761ce3063df02c5efe1c8a1322
originals/physicsbrawl/2023/PhysicsBrawl_2023_Q1-69__42d78574e8991491.pdf,560572,42d78574e8991491f9cb14d3fba3a5dd6f4d772c7e3470fa434a31b08da0a30f
originals/physicsbrawl/2024/PhysicsBrawl_2024_Q1-62__e8bfa492f8431bb4.pdf,886907,e8bfa492f8431bb4e33431fec9a0c0901e959c2cad1c8108f1eeb1a580facef7
originals/physicsbrawl/2025/PhysicsBrawl_2025_Q1-68__b1c1bd23b7574561.pdf,1634954,b1c1bd23b7574561ba9c01b840265e19e46b01f0420f17d7588bc1b2c01fc417
originals/physicscup/2017/PhysicsCup_2017_Q1__9d82ccd54a9a0881.pdf,58622,9d82ccd54a9a08810f3ab6e531ec49e58d70b8cdffdea3d1db980c0b15c8aaea
originals/physicscup/2017/PhysicsCup_2017_Q2__726a2ca6b2360c20.pdf,47719,726a2ca6b2360c204d41236938eb384cc902507ee9d9579ee34edc36f92bdf66
originals/physicscup/2017/PhysicsCup_2017_Q3__9a6715edbc951629.pdf,33799,9a6715edbc951629a8775d9acf3f0cd5e93e19da276fd4374a94961c52385888
originals/physicscup/2017/PhysicsCup_2017_Q4__edf472e73f9ab30b.pdf,29087,edf472e73f9ab30b959cafdfac71be0d204b95c25f8ce4a4f429329461f89d7b
originals/physicscup/2018/PhysicsCup_2018_Q1__6d037fdce5a1b6ae.pdf,27957,6d037fdce5a1b6ae967e5061775736497fb30a563e713b34129e24e09e650634
originals/physicscup/2018/PhysicsCup_2018_Q2__ea250147d81a1e41.pdf,10857,ea250147d81a1e4168b4891fb137347f8e530bbe6deea296115be85782ccdf43
originals/physicscup/2018/PhysicsCup_2018_Q3__dcf20d0462ac1a26.pdf,11879,dcf20d0462ac1a26bd8435029c8d31c907e5092d95678d0e2a8464b4d1b26f29
originals/physicscup/2018/PhysicsCup_2018_Q4__a2c8c1f24acb423f.pdf,16338,a2c8c1f24acb423fc0678ba22db961c17695e71db3c94ef81fa3f4dc12e1a1e5
originals/physicscup/2018/PhysicsCup_2018_Q5__bfeb57e617375698.pdf,14450,bfeb57e617375698f7952e961a1487e4329afa37e6d754dba614f9478356113d
originals/physicscup/2019/PhysicsCup_2019_Q1__1701a5aebb76b085.pdf,19055,1701a5aebb76b085b23be63928ba6f4d5418f860b59f2702ad136b4c3c25309f
originals/physicscup/2019/PhysicsCup_2019_Q2__746a3b0a67cc3e7d.pdf,19685,746a3b0a67cc3e7dff5fcecfc477c06b316da55abff05f5c0991cebf6adc8122
originals/physicscup/2019/PhysicsCup_2019_Q3__e982dcb3460c5de8.pdf,13510,e982dcb3460c5de8dae3a7446f638241f91590870cb74e1e91ad029f3b383708
originals/physicscup/2019/PhysicsCup_2019_Q4__570eb5ff19bd98b5.pdf,19092,570eb5ff19bd98b572568b310e3cdb16469cf1fd28011070e51ac001f58cac1f
originals/physicscup/2019/PhysicsCup_2019_Q5__0c1e6969912f5993.pdf,70190,0c1e6969912f5993eac4153bb23a9dea09a0f45713a7fe870cb030fa2651d1f4
originals/rmph/2012/RMPh_2012_Q1__9e22319a08a39039.pdf,183075,9e22319a08a39039eb565c705aa273fb48644118d2eb1cea3168a46ea1c6b134
originals/rmph/2012/RMPh_2012_Q2__6aec687088b33fd6.pdf,179266,6aec687088b33fd6146108684d153ddb17fc2e99ceaa8423b909c7b25c646a55
originals/rmph/2012/RMPh_2012_Q3__6c8801a4bbe2efba.pdf,203176,6c8801a4bbe2efba5dc1efb50d49a624266d1d89ceb10d6b883478dfd8debdcc
originals/rmph/2012/RMPh_2012_Q4__d384e5742218fdc3.pdf,184310,d384e5742218fdc3e2c7d4de5424b5ce33bb59a8f80b488ef5a1d90f433417e8
originals/rmph/2012/RMPh_2012_Q5__fbb2afdd82baa4a7.pdf,849215,fbb2afdd82baa4a7937a0fb8c4e8e80efd5be633d78c9a27d5cd9078b15e01c2
originals/rmph/2012/RMPh_2012_S1__cdf24b79cb3ed12d.pdf,187830,cdf24b79cb3ed12dd63be3c27a77cfbce5e89f9f1780da5a05c62c81cb69966a
originals/rmph/2012/RMPh_2012_S2__2475b2db827df185.pdf,193602,2475b2db827df1857983d13ef8ab21999bd355207a1d65b3101d906e80f82925
originals/rmph/2012/RMPh_2012_S3__339d0bd7b47ea8e2.pdf,189406,339d0bd7b47ea8e22816534458ecd660420559768f105c9e0fde03d85374d2e6
originals/rmph/2012/RMPh_2012_S4__72109d895a14ffb8.pdf,149546,72109d895a14ffb830a7c54fe61f8fda67a73a1cfcadb3aea4e2b037da230aab
originals/rmph/2012/RMPh_2012_S5__c58f5194f6382cfc.pdf,211389,c58f5194f6382cfc802a55c4a57779b820ca4aedf698959dbf87033d8b8dfc7d
originals/rmph/2013/RMPh_2013_M1__514f5c63a23f0c36.pdf,254553,514f5c63a23f0c36acd8425b5d93d4726bfa9b2f51ba567ab85a7659f3afbf8d
originals/rmph/2013/RMPh_2013_M2__d0874f906d541b93.pdf,202945,d0874f906d541b93b7cb347cc6d518018dd4611ec6314f4345503a910f7846fd
originals/rmph/2013/RMPh_2013_Q1__cc349fa4befa9256.pdf,103124,cc349fa4befa925654c4676d8d0d192397bee6ed9cac9e1cbec4fed6eef79d95
originals/rmph/2013/RMPh_2013_Q2__766cded588fb5442.pdf,66791,766cded588fb544270aa3112822f6bed1c23e75d029ee9e8bab1c23f07148678
originals/rmph/2013/RMPh_2013_Q3__603ed300dacd3e9d.pdf,88597,603ed300dacd3e9d0c39b0d8f3d385dcea1518951176aee2ce11568775519c9f
originals/rmph/2013/RMPh_2013_Q4__35c20da41473dd82.pdf,128833,35c20da41473dd821e3c21f9bf67b8e0483470f13cebad6b0a084da7f72be5f6
originals/rmph/2013/RMPh_2013_Q5__7f1e02b0ebba8db5.pdf,162485,7f1e02b0ebba8db59c302ff087f5e70a54bba5bd51b0689b8433e06be10cdc48
originals/rmph/2013/RMPh_2013_S1__10ca6e6363b03c7c.pdf,392662,10ca6e6363b03c7ca7138c9d9751a2833e728e118337e6bfe2a13c02428a9ce7
originals/rmph/2013/RMPh_2013_S2__8fbd0da5bcdb200b.pdf,124580,8fbd0da5bcdb200b8ee7d662162c9aa2366bbec9d2cd36b40d09ca679a5a5f76
originals/rmph/2013/RMPh_2013_S3__98afe44ad0cbdb7b.pdf,236938,98afe44ad0cbdb7b88cbe458c75dd1ad0d5e55837c9042d61d463775799599d7
originals/rmph/2013/RMPh_2013_S4__d761d35133e8f706.pdf,204311,d761d35133e8f7065cec1a22d3a8fe74f4a1e19ec823270e27178060c65ec07b
originals/rmph/2013/RMPh_2013_S5__03a62b237db22434.pdf,217185,03a62b237db22434eb1beaa976b752b6371f351b310e288d750f8dd154d5d412
originals/rmph/2014/RMPh_2014_Q1__86890a26f31220d7.pdf,220576,86890a26f31220d75bdcaf289c2152cce69c31e61a75936aa2d15ef507a89568
originals/rmph/2014/RMPh_2014_Q2__a027c35179b518cb.pdf,268642,a027c35179b518cbb0849f039107d0c3324641c336f869ac99b7305cfcbd0837
originals/rmph/2014/RMPh_2014_Q3__c54483048febfe4f.pdf,191071,c54483048febfe4fddebffe148ad897ea4fcfff59e8a94005b4478fc69cb138f
originals/rmph/2014/RMPh_2014_Q4__063ebadc5301b505.pdf,447450,063ebadc5301b50555a6e913fb0622b64488619f07ffcd9b9d49432310026fdf
originals/rmph/2014/RMPh_2014_Q5__095f0a3339907cee.pdf,239354,095f0a3339907cee924c23b0dee3b614bd0dfcdff5f302427739c8d36ee546c6
originals/rmph/2014/RMPh_2014_S1__0eec667e53d5c545.pdf,204695,0eec667e53d5c545a04bff891411dd00c687fe8c82bc676722ab6e8c732d79ae
originals/rmph/2014/RMPh_2014_S2__948db4d17e756f84.pdf,211778,948db4d17e756f845642844ff40f594967609d402523d1b5e8bb3005fc13a781
originals/rmph/2014/RMPh_2014_S3__92eea876883e38b5.pdf,183357,92eea876883e38b5624cc9211f32db3c7784042f630a06d1adf92aafd395687e
originals/rmph/2014/RMPh_2014_S4__1327d8e2de6e8e41.pdf,479012,1327d8e2de6e8e41695b62a02f98ce20e26e143ca93de974732fec0e1d960109
originals/rmph/2014/RMPh_2014_S5__b75ee46483311894.pdf,347911,b75ee46483311894db8591ee5fb879c07ffcb5a74e041d2d33138c86f8655eea
originals/rmph/2016/RMPh_2016_Q1__76d6f7392d27c131.pdf,417549,76d6f7392d27c131eedd79850ae513e1db9d7c4c8cf74c5ccbb221927ce92ad3
originals/rmph/2016/RMPh_2016_Q2__cf3be8ddc624be6f.pdf,237064,cf3be8ddc624be6fd0814428b85408107140225bd8b0bf801f65a9ec7969493b
originals/rmph/2016/RMPh_2016_Q3__8da3df4064bc2372.pdf,201807,8da3df4064bc237237f958c005e59e87f5cd1b750e98880239e4886717e9fc74
originals/rmph/2017/RMPh_2017_Q1__dffa566502da5340.pdf,267437,dffa566502da53408caa7c47295a02e12b6abcac9d2e9990de8fc28acae1b32a
originals/rmph/2017/RMPh_2017_Q2__1e6de231a4f2e47f.pdf,565162,1e6de231a4f2e47fd0cd18b3be7e90d56c63c6e3f6211474840058a4dc2785cd
originals/rmph/2017/RMPh_2017_Q4__695f0354bc342cd6.pdf,469997,695f0354bc342cd6f2cd247a6b3ab9b5dc6101edabf6f5c25e4fd46bef1c278e
originals/rmph/2017/RMPh_2017_Q5__b06a9f484e48a994.pdf,561817,b06a9f484e48a994c5f6986d3fe1457d25e0fcd24f21ef3aaae71fe5ed9ab2ba
originals/rmph/2017/RMPh_2017_S1__2098840869106d64.pdf,478704,2098840869106d645e6c8d2c2892e770ee7c03655f7904fe8d0c6f65bbd283d7
originals/rmph/2017/RMPh_2017_S2__a756514f6912b0a6.pdf,123159,a756514f6912b0a6f847896b698012dfb9d03299dfd3562399344154d1d33cd3
originals/rmph/2017/RMPh_2017_S3__fe47dfe952d69743.pdf,376185,fe47dfe952d69743e5f6c291f68fbe9d3695754d8f374b9508876ae7c1724d02
originals/rmph/2017/RMPh_2017_S4__a93b0f66cf7cf88d.pdf,188294,a93b0f66cf7cf88dd52fc2b5467d9e87e96d00b74fd5ca1be151385ad37fa4eb
originals/rmph/2017/RMPh_2017_S5__1cbc312e546ef3a8.pdf,345053,1cbc312e546ef3a8b539e2acd3634f347524a26ba9d0f8e3794bf16950b683f9
originals/rmph/2018/RMPh_2018_Q1__85c22a11c792ed1c.pdf,562123,85c22a11c792ed1cc94dd2b723909aa86b9510f6dc852fcbc3d30677de87bb8c
originals/rmph/2018/RMPh_2018_Q2__ee7839f705724378.pdf,195466,ee7839f705724378a30203daac7ce4788c3436bfd0cfa7a7984f598bb3fb8641
originals/rmph/2018/RMPh_2018_Q2_SolutionA__01da14bfe5487ed3.pdf,162299,01da14bfe5487ed3f2fa198d8cab10a33feeca24725a7e1afc176cca2a85ada4
originals/rmph/2018/RMPh_2018_Q2_SolutionB__757045c1bc78dab3.pdf,391284,757045c1bc78dab33e9fd7fe1b0d8aa64147615cd9316ce4e2520268a242bee9
originals/rmph/2018/RMPh_2018_Q3__7d20e1050f395b89.pdf,166748,7d20e1050f395b8940c0f9ba3d93f8a768dc5d011e2bd5cf7c8a53005588c629
originals/rmph/2018/RMPh_2018_Q4__658dd3c081cd7ff6.pdf,432184,658dd3c081cd7ff6e3159c3b38616ade45351543977211a1b3e969b48042cf7a
originals/rmph/2018/RMPh_2018_S1__a77468da86b38967.pdf,749457,a77468da86b389671e1b2f527a5b247c098e3b52961f0c028654b2ed23f19c9c
originals/rmph/2018/RMPh_2018_S2__208e2aa1833f77b2.pdf,214551,208e2aa1833f77b205e5c4dc6ed046d8ca2054ebe46cdff56ef039694b0c2da5
originals/rmph/2018/RMPh_2018_S3__08230ed46cec6a08.pdf,221684,08230ed46cec6a0860dec6ec1ce2a0c94d1481b68e8ede1e82612c2cb13c2167
originals/rmph/2021/RMPh_2021_Q1__6cfce24d4fb80b28.pdf,188213,6cfce24d4fb80b2806a1c5b3e45d53772479fb52f145d80c2eb42be4dd338abb
originals/rmph/2021/RMPh_2021_Q2__e588b65ab7686224.pdf,563096,e588b65ab768622460586bc55a7813d8134be52bbb3940214cbe05e1c0780164
originals/rmph/2021/RMPh_2021_Q3__b490a82e557b3368.pdf,255638,b490a82e557b33683b21e383046122c89cac00a8f531e8d836c0dcdb937d44fb
originals/rmph/2021/RMPh_2021_Q4__ee2fb26615cf9848.pdf,597481,ee2fb26615cf98480424eeaba82932c2ed1b4247414c92a0f7deb424fe9a87d4
originals/rmph/2021/RMPh_2021_S1__07fb5d27241f8655.pdf,403342,07fb5d27241f86552ef7e365616e32f6cc96b74f24c8f86b9865462990929fa9
originals/rmph/2021/RMPh_2021_S2__67b14747bfb98d47.pdf,628291,67b14747bfb98d476bd4759bd6f0ff5f535867684775a5e10ca9d560061a7566
originals/rmph/2021/RMPh_2021_S3__eed382397eba94cd.pdf,124600,eed382397eba94cdbe53344a03421a2394639cfb11b657533f9b4ccc1822a3ec
originals/rmph/2023/RMPh_2023_Q1__a2376d8aa80ddbba.pdf,547113,a2376d8aa80ddbba811fbf343c5dd6595caa87263dd69e0081968d1f80a38a1c
originals/rmph/2023/RMPh_2023_Q2__888490d07ce7940d.pdf,467591,888490d07ce7940dd747f22ec2f7361143714f324f6343ade2978af06fdfbf81
originals/rmph/2023/RMPh_2023_Q3__3f31354fe682e936.pdf,479310,3f31354fe682e9361611db3f789b8ee4e532da7144a5d32722a5a5febc7e7c7f
originals/rmph/2023/RMPh_2023_Q4__329eb0b68a0a56bd.pdf,593422,329eb0b68a0a56bdf7a31640424c7b9532f791eba9c0cda122ed8456111a7a2f
originals/rmph/2023/RMPh_2023_S1__5fd4f20d5573bb5b.pdf,475546,5fd4f20d5573bb5b92ad6c224ad289417d278983503a7b848fb41dc27af779de
originals/rmph/2023/RMPh_2023_S2__9d4c165117dfd070.pdf,411011,9d4c165117dfd070ec3d6245505b53328aedfe98a9e93de056199f99eec07e1e
originals/rmph/2023/RMPh_2023_S3__224de11223ca540c.pdf,410365,224de11223ca540c3fec88b3b4e70d7c8e15fc4fcc7d7bffdd38237ae75d1f64
originals/rmph/2024/RMPh_2024_Q1__d3f6dc5fd486e5b9.pdf,341967,d3f6dc5fd486e5b950c5515dbef3c50451f1502301718bb876aec9103b29ced2
originals/rmph/2024/RMPh_2024_Q2__2f338c4d3d7de872.pdf,196092,2f338c4d3d7de872c2fb88682babfe03dbefcd734eab897827584280169654b3
originals/rmph/2024/RMPh_2024_Q3__1694feb1fbecbd5a.pdf,135096,1694feb1fbecbd5afdcecd96af305d8fa21115f97ecc4710ed978dfbd3e812f1
originals/rmph/2024/RMPh_2024_Q4__449fb443237608d6.pdf,111623,449fb443237608d64318b1ce007d0a233390cd67f4b9e6d1eb058bcb65a26352
originals/rmph/2024/RMPh_2024_S1__5a2471ed3555245d.pdf,750210,5a2471ed3555245dbb45ce36677c2fd7ab0e8a05cc675625e58c9aee7793f87d
originals/rmph/2024/RMPh_2024_S2__13fc56cdd7f73de4.pdf,267415,13fc56cdd7f73de499c57c3a8a68c98c806163c8b5f5aedca404dc92030ac9cf
originals/rmph/2024/RMPh_2024_S3__5e5a5ce3934e9784.pdf,264747,5e5a5ce3934e9784ede1d24143fe8a9d69116fa1ab01b6dd72226a59bf952988
originals/rmph/2024/RMPh_2024_S4__1b3447c28f85ea2c.pdf,469579,1b3447c28f85ea2cbe3c2f510c8a101d5e921580ce3142003dc23a49f4c7f203
originals/rutst/2012/RuTST_2012_Y_Q1__e10ac67d75b72881.pdf,184585,e10ac67d75b72881f672f23c4bb9957dba3c9f1e1b2faf3b37db7fb1c6854b41
originals/rutst/2012/RuTST_2012_Y_Q2__ac1fd1582e8b3b2e.pdf,86041,ac1fd1582e8b3b2e4734c37d4665eabae5ecc54a2a2d6c697e13ec2023d2b734
originals/rutst/2012/RuTST_2012_Y_Q3__0a70ce2ca79f2a79.pdf,72403,0a70ce2ca79f2a79ba8167aa9553b2ba433c7f22666bc36a84b060a9011e9813
originals/rutst/2013/RuTST_2013_Y_Q1__4d53b96af43b687e.pdf,156361,4d53b96af43b687e1a91741760eb008b2d22210a5384c8d152610664e82e80cb
originals/rutst/2013/RuTST_2013_Y_Q2__60909a882b41f674.pdf,94151,60909a882b41f674641d116d0956263606843f04077b3aadacb27497e51751c7
originals/rutst/2013/RuTST_2013_Y_Q3__1c0887bc7d40e8f2.pdf,111367,1c0887bc7d40e8f203cecdd92fc19070b08b0557283f5869ef76c70d507ac500
originals/rutst/2013/RuTST_2013_Y_Q4__8c92d0b740c4bad3.pdf,80806,8c92d0b740c4bad36554bee80b9af95b5a9ccb5fd9f5c75a319fec53d0babeab
originals/rutst/2013/RuTST_2013_Y_Q5__a564c40418267b18.pdf,105520,a564c40418267b183104d9c16fe011750b775f65fe38ec6ba60a20b2138c651d
originals/rutst/2013/RuTST_2013_Y_Q6__6943b83cfe76ee2a.pdf,209613,6943b83cfe76ee2ad6db3fd879fa65a63e4cfe068b7f2bda1f69651193062b9e
originals/rutst/2013/RuTST_2013_Y_Q7__d45e9212d76bd076.pdf,188213,d45e9212d76bd076bf3995407ec8f1caaf6a2b2a0a3bdb4cd969e9b8ba1594ab
originals/rutst/2013/RuTST_2013_Y_Q8__9f06f25a3e78fe95.pdf,78942,9f06f25a3e78fe954bc099015501350de7274ebea6cc5d0326e4c3c690bd23aa
originals/rutst/2013/RuTST_2013_Y_Q9__2dc7830173079f1d.pdf,74904,2dc7830173079f1dd741f02a61a0cf40ed56c5da82936313099259cbc694608b
originals/rutst/2013/RuTST_2013_Y_Q9_Part2__1ecfe1575fd7fadc.pdf,87753,1ecfe1575fd7fadc577afd37aa532bbcc817d53ffc804f6985cf1b2e55ba27c6
originals/rutst/2013/RuTST_2013_Y_S6__6fef14abf0e986cb.pdf,113391,6fef14abf0e986cbbc9895c9033d019aef2dfcaa697594170b7eae711b5f5e31
originals/rutst/2014/RuTST_2014_Y_Q10__bde7e410513c0dff.pdf,81766,bde7e410513c0dffb564eaa48214833ceca3b06242bd0a365f30606491590ed0
originals/rutst/2014/RuTST_2014_Y_Q10_Part2__188ea75abfbf2c40.pdf,108885,188ea75abfbf2c4040542ca7097cb2ffc3d928221423f8a898a4d688dec09d4a
originals/rutst/2014/RuTST_2014_Y_Q1__969061b97598a698.pdf,200714,969061b97598a6987d557612ac3212f94708872de0df1ae658c239c93fb968f4
originals/rutst/2014/RuTST_2014_Y_Q2__6ccd9bacaad47120.pdf,113263,6ccd9bacaad4712011d2b839352696899ab66b28279b3cf29558b4891ded0fc4
originals/rutst/2014/RuTST_2014_Y_Q3__3a62aa59e2a0a3c5.pdf,97926,3a62aa59e2a0a3c50e6b251157c096e4087f3a79613d1533a51b5331ec42499c
originals/rutst/2014/RuTST_2014_Y_Q4__596d5aa8187749b1.pdf,99907,596d5aa8187749b1ba8983f052de8d78cffe92ace8e7e7d880d80c33c7aef1cb
originals/rutst/2014/RuTST_2014_Y_Q5__e249a6d61506eb8c.pdf,100889,e249a6d61506eb8cc0b242ce2cead20bdb795f0f4e82447f6117c2524ceefe9c
originals/rutst/2014/RuTST_2014_Y_Q6__062ff54ce2cdf86c.pdf,89147,062ff54ce2cdf86c662e7a694a51bb7aab03371996d84085a315243073dd2584
originals/rutst/2014/RuTST_2014_Y_Q7__88e92dbfd5ffced5.pdf,67116,88e92dbfd5ffced566b2a92088b5df91a69b623cde77d943d9bcca6b33be0aa9
originals/rutst/2014/RuTST_2014_Y_Q7_Part2__f860e9838b0f023f.pdf,69937,f860e9838b0f023fa83bfcb087f9110346f8cb87af84181dfaecc2e7922b6c42
originals/rutst/2014/RuTST_2014_Y_Q7_Part3__4ff0cff5e8421688.pdf,87118,4ff0cff5e8421688861b8e068750e93d0f78a455541764d14d1959b26f821356
originals/rutst/2014/RuTST_2014_Y_Q8__8dd39e1376bccca4.pdf,136120,8dd39e1376bccca45ab1d2cd42cae1947d3fb3e10f9905c7ed388d9d965c14a2
originals/rutst/2014/RuTST_2014_Y_Q9__b01ff408c99f1d4b.pdf,109968,b01ff408c99f1d4b5f580be95e5f576f9e3ead4a35e383eb086fb810ee393c19
originals/rutst/2016/RuTST_2016_X_Q1__0a65792b1e175ee1.pdf,532002,0a65792b1e175ee17bc6bec2a7b14a63a5ebf6ac8eae935981e772779ced008a
originals/rutst/2016/RuTST_2016_X_Q2__7e1acf45c1a516c7.pdf,191539,7e1acf45c1a516c71e32049d83c8919251b058d834832f34e70219f8ae310ded
originals/rutst/2016/RuTST_2016_X_Q3__13aa96ea913a4ab8.pdf,92626,13aa96ea913a4ab85e21112483cbeaf880f8f97946bd6f948719939c05526b94
originals/rutst/2016/RuTST_2016_X_Q3_Part2__dca2658943cef8ff.pdf,86776,dca2658943cef8ff91a7e3b5abbfb3746cb1bba1b59aad0f488a5718dc98cfa5
originals/rutst/2016/RuTST_2016_X_Q3_Part3__fb3fbe89ddf66220.pdf,93138,fb3fbe89ddf6622091faa7e0753b2fa63149b2e54228e44f6050477c646c432f
originals/rutst/2016/RuTST_2016_X_Q4__8f2e844c98b52078.pdf,156322,8f2e844c98b5207851ce2808791bdb20ac5f543e90db5bee4ac7e8d12bfafeb2
originals/rutst/2016/RuTST_2016_X_Q5__350254e9ab2d4fed.pdf,216393,350254e9ab2d4fed8fc6f343bd5b2126802ea5c47f449c07c82f19c11cd15773
originals/rutst/2016/RuTST_2016_X_S1__fd4128c6e8064057.pdf,3520313,fd4128c6e806405745d56ce57f4cf4c8af879c1303adfc3092374d8093ac866c
originals/rutst/2016/RuTST_2016_Y_Q1__ac29e12859b1ed21.pdf,165562,ac29e12859b1ed21f6055ee5c1ebcf9e2c126a7d01d98843af0b501496a27d8a
originals/rutst/2016/RuTST_2016_Y_Q2__92615252fe873695.pdf,186190,92615252fe8736952f66046a70360f6db8717b8409b73cbd7e2143d60bd42cc3
originals/rutst/2016/RuTST_2016_Y_Q3__c9e6f74bd7cf376b.pdf,87565,c9e6f74bd7cf376b8dd4c82b46fe8498d61d111383ab1165001ad36132b5a924
originals/rutst/2016/RuTST_2016_Y_Q4__6ea3934c7cdc3029.pdf,197995,6ea3934c7cdc3029567f43a7f6f9e7d5d85a6ceeacb3c9def231943c8de4f7d0
originals/rutst/2016/RuTST_2016_Y_Q5__16ff68a98e037267.pdf,85592,16ff68a98e03726745a38d90d53eb6cdad922dce050326a84d745751c8c215be
originals/rutst/2016/RuTST_2016_Y_Q5_Part2__2d532df0503b7ce5.pdf,101763,2d532df0503b7ce53cbf72a0f92184f508d6a2e426a223ca2a879a605c41ef25
originals/rutst/2016/RuTST_2016_Y_Q6__c633b238334f616c.pdf,81583,c633b238334f616cfd2dba32cbab038c08172ce6f233754fd823b48141692c8d
originals/rutst/2016/RuTST_2016_Y_Q6_Part2__99e779b001ea326e.pdf,334826,99e779b001ea326eaa660616c5020eb3569b7ae368d90e8301d436bd044ac264
originals/rutst/2016/RuTST_2016_Y_S2__a756a4578310ecfb.pdf,175929,a756a4578310ecfbe88d3aa071e842dfcfd0c62a8285198f45655dad33de82eb
originals/rutst/2017/RuTST_2017_X_Q1__cebf98dccbdee1bb.pdf,134373,cebf98dccbdee1bb4b1b01c7ec8524a086b923ae9ae79ad66c79ebe0a57b793c
originals/rutst/2017/RuTST_2017_X_Q1_Part2__5de383f4ed2b5005.pdf,90160,5de383f4ed2b50057e0872554ad6c34eee374787e2282494fe7b3c9fd95faabe
originals/rutst/2017/RuTST_2017_X_Q2__3c2b8a33873600de.pdf,81464,3c2b8a33873600def756871808b9946a1cc60dc7ccbff787ac875bf1ee4f05ec
originals/rutst/2017/RuTST_2017_X_Q3__9b35d53138e87061.pdf,96639,9b35d53138e87061fe271072c20da19563e6c46a14e383e6f11dcb3b4d57f27d
originals/rutst/2017/RuTST_2017_X_Q3_Part2__8b1a5c155e2af873.pdf,84651,8b1a5c155e2af873a79315b51d06b6e084b2917ca061362da687631417d542fc
originals/rutst/2017/RuTST_2017_X_Q4__5e0fb9576302dc3d.pdf,97804,5e0fb9576302dc3d6e2ed2a38ca987c6c79ce8cfd63a52a23fe13ddabf930c1b
originals/rutst/2017/RuTST_2017_X_Q5__09d36089c0ec9822.pdf,110613,09d36089c0ec9822bea71f9c2b1a246b534d381b0267ebf3c338c23000f16591
originals/rutst/2017/RuTST_2017_X_Q6__5cf8bfb3a82f0969.pdf,97646,5cf8bfb3a82f0969e86c5c8b2d585757633237e8977141312af19d854f5100ed
originals/rutst/2017/RuTST_2017_X_Q6_Part2__79ea998fae05966f.pdf,104342,79ea998fae05966f9bed82f8a3e8111ea1c03349f61e4497f34d06fc6ae3db8a
originals/rutst/2017/RuTST_2017_Y_Q1__0277c7b36dd5cf44.pdf,69138,0277c7b36dd5cf44a6b0264d8ef406ea3d7c220afb443a92ed39ff6e41c5e681
originals/rutst/2017/RuTST_2017_Y_Q1_Part2__b8c270b76ae1d2c1.pdf,87265,b8c270b76ae1d2c18a1babfbd9d4c4eba3993577155b0039a0b820547d5eaeaf
originals/rutst/2017/RuTST_2017_Y_Q1_Part3__a29b906080b4476c.pdf,154519,a29b906080b4476cce00568becb5723eca4cfe9bc87482ee669e7f5f573f0ede
originals/rutst/2017/RuTST_2017_Y_Q2__22a967fbc5eaeb8d.pdf,98681,22a967fbc5eaeb8dc48891f426c2f1e150def00a3c19fdbaefc7a88bcb4e9093
originals/rutst/2017/RuTST_2017_Y_Q3__02b28f3fda78af2d.pdf,138810,02b28f3fda78af2d907506f11f6a370e776e7f183ea77415145210ea49e4ae2c
originals/rutst/2017/RuTST_2017_Y_Q4__29d574b17669b38b.pdf,202910,29d574b17669b38b5d5e0feee7f2dd27bbd46ab8f55143f15ddc71a2faf00711
originals/rutst/2017/RuTST_2017_Y_Q5__81ef98d05bf554d6.pdf,150537,81ef98d05bf554d6a4a531d175f3e0ac970e65a0cc11e8729e0e2e1ab3bbb3bd
originals/rutst/2017/RuTST_2017_Y_Q6__75f45c733e568aa9.pdf,194018,75f45c733e568aa9c1ba3c6d24788a2e8f7836ca21d9ac2190b2c75aee5b829a
originals/rutst/2017/RuTST_2017_Y_S2__45c02983114cdc15.pdf,86124,45c02983114cdc1522cfd0ea79c78495ad3dd82bdf6d18f7341dcd09495c3dde
originals/rutst/2017/RuTST_2017_Y_S4__3988d26262a7a9ce.pdf,152875,3988d26262a7a9ce6aa16a4470481714736bfe34f8cf1130b34dcf6cd0a537c2
originals/rutst/2017/RuTST_2017_Y_S5__0c042e5bac5243a7.pdf,176431,0c042e5bac5243a7881a09f4f5465a2cb83ffbf097310fe26d9ee170962abcfe
originals/rutst/2018/RuTST_2018_X_Q1__aeec90e786ac11e3.pdf,117742,aeec90e786ac11e3dcfd0bb9a4114cc049a156b4d0da2242a00c8593c02be371
originals/rutst/2018/RuTST_2018_X_Q2__eda16e8ab698d6b0.pdf,103192,eda16e8ab698d6b00966acc78c4e24dacd3dc4042a305d9a6e103368f8e07782
originals/rutst/2018/RuTST_2018_X_Q3__2f9b1d8581fd7b22.pdf,93201,2f9b1d8581fd7b22cf1d725e1476403ad28822a0661b24e3da32145d5cb9f979
originals/rutst/2018/RuTST_2018_X_Q4__a7dedb42cf9c01f0.pdf,120128,a7dedb42cf9c01f04e1903e1b6de0b3020161b73fa59764972dcb1acc002f513
originals/rutst/2018/RuTST_2018_X_Q5__01dfa4be5087173b.pdf,117310,01dfa4be5087173be95f2b8c7e165325d986698e22ccf0794e6477f65a076dc4
originals/rutst/2018/RuTST_2018_X_Q6__c8f5536e81740b1c.pdf,170280,c8f5536e81740b1c2e5d5e23b9ea88db431e6b740db4602ceb7fd7ff19d49c2f
originals/rutst/2018/RuTST_2018_X_Q7__d910a20ee8ba44b3.pdf,108179,d910a20ee8ba44b36c66550f3154218a951e1eed0179e8b67bbfcf75500abfc1
originals/rutst/2018/RuTST_2018_X_Q8__5344c47086b2aaf7.pdf,178920,5344c47086b2aaf7219b2f64ef5b68f9a0358e8769e6be6dc5a8675ec1867884
originals/rutst/2018/RuTST_2018_X_S1__c8676ac982c991e5.pdf,95532,c8676ac982c991e5343b401c414d585c04c98a81b2bad9b19ac757150a1f0fde
originals/rutst/2018/RuTST_2018_X_S2__2cb1e8ae2e819db8.pdf,72049,2cb1e8ae2e819db81b6fe0994cf862e6face4a89bf45ea4e842d87fd0bfb3c7b
originals/rutst/2018/RuTST_2018_X_S3__acda16d899925058.pdf,115216,acda16d8999250583cccc9c3be0b0edf229cd21643047e093b8195dda2a4d95d
originals/rutst/2018/RuTST_2018_X_S4__8d35170bc1caf76f.pdf,76098,8d35170bc1caf76fade8a92f0fdc5ce32b5693e5a8c34da8f1b41ef8a86fcb70
originals/rutst/2018/RuTST_2018_X_S5__d3fcde254d2577ac.pdf,44875,d3fcde254d2577ac9af6ea95d1f92da9d6ba7fda2c97623bd174f56573dcecf0
originals/rutst/2018/RuTST_2018_X_S6__5d3f45c9393a3783.pdf,130145,5d3f45c9393a3783ec5c2f0682958403d40173888e5a1f4fd841974730827bae
originals/rutst/2018/RuTST_2018_X_S7__c51132e0820f9e70.pdf,103060,c51132e0820f9e7069a85b0a739d1e8f645e8281243c992bfd483e7e1c40f36a
originals/rutst/2018/RuTST_2018_X_S8__f33e1c38651a1961.pdf,167792,f33e1c38651a196130c7329a67bc558d0d7984a74164c2795f8bf214de5a22eb
originals/rutst/2018/RuTST_2018_Y_Q1__8ed6b66d6ec8d418.pdf,343375,8ed6b66d6ec8d4183ede4ffe1362f22f4b5042bf382f83902414f774d0f863ed
originals/rutst/2018/RuTST_2018_Y_Q2__5218f03e0428c709.pdf,955298,5218f03e0428c709eacd6836bafd2dc4f3b33d2bd253c0c5b25592599d56058c
originals/rutst/2018/RuTST_2018_Y_Q3__7e2646c406c6bbe3.pdf,247182,7e2646c406c6bbe3fb37fc1d00a1b1023e885656fccd78b170208413497cc2e0
originals/rutst/2018/RuTST_2018_Y_Q4__a0b7801abf2946c0.pdf,153522,a0b7801abf2946c0fbd3e12f41dce2ab81c3fdec89c73c95632cf3588bf7c686
originals/rutst/2018/RuTST_2018_Y_Q5__bcfa06aa47853263.pdf,648914,bcfa06aa478532635ec0306c32217f3210e403495d926d032e39272a44732d08
originals/rutst/2018/RuTST_2018_Y_Q6__6b5057b0c0f0de23.pdf,233151,6b5057b0c0f0de239cb3d20c516619e2101979c2ea9b5fbc9bc9d53478a00f4e
originals/rutst/2018/RuTST_2018_Y_S1__3e3b6a8664d2b535.pdf,335245,3e3b6a8664d2b535b90c806122e0e07417a5733fa2fa4bdfee2180866951f4f8
originals/rutst/2019/RuTST_2019_X_Q1__727b41a95201402c.pdf,129398,727b41a95201402c254711c9029a470ecf7c820ab7516ebe522a75b93c932f5e
originals/rutst/2019/RuTST_2019_X_Q2__6c1dc6e1100fd717.pdf,154289,6c1dc6e1100fd71766a3105220814ca35b5d684820315817dd566518a98c6a6a
originals/rutst/2019/RuTST_2019_X_Q3__ef3a5194638fb45c.pdf,233876,ef3a5194638fb45c64e542fc99518a32b937378efd41adbb9cd4d8baeb5e5638
originals/rutst/2019/RuTST_2019_X_Q4__5d9a401dee2651a4.pdf,59995,5d9a401dee2651a46b7094fffe40c665a5363d0ab30af35436bcb75d53e8d61e
originals/rutst/2019/RuTST_2019_X_Q5__187a5bc93a1cc27f.pdf,566570,187a5bc93a1cc27f2c2e4f09967d77095781ea38d236b3d0f739b41c736b64d8
originals/rutst/2019/RuTST_2019_X_Q6__ca5d436e0110611e.pdf,68593,ca5d436e0110611e98c73c87404bc1a28781fa68c561dd64e190c054003dc2d0
originals/rutst/2019/RuTST_2019_X_Q7__0906892fa4b36906.pdf,65607,0906892fa4b36906ce2190ab5efe03fa6b1655e73795c11a406c22517d668850
originals/rutst/2019/RuTST_2019_X_Q8__17510f0de38f1049.pdf,97899,17510f0de38f1049aa16ba60fb9585aef6ac4cef673656b778369bcaf91776d2
originals/rutst/2019/RuTST_2019_X_S1__2d3222aa896673b8.pdf,221966,2d3222aa896673b88fa47adbbefc069a97a04abb329cda5221ed5da57d5f9d78
originals/rutst/2019/RuTST_2019_X_S2__9c8e7b46ad87419d.pdf,109918,9c8e7b46ad87419dbb99963ff9bdf9d1abe9c7ac91503dc71ad66021cdffcb9c
originals/rutst/2019/RuTST_2019_X_S3__fad297862556e8cb.pdf,423951,fad297862556e8cb230c4aa37d8cf80ce9215eb582a2f63689eb3e45419cac84
originals/rutst/2019/RuTST_2019_X_S4__41a0e50a7032a79f.pdf,23641,41a0e50a7032a79f74b697c30f1e00c424fd0ab5d19179167e44b3386ed2e06c
originals/rutst/2019/RuTST_2019_X_S6__fcd8b60410e8d2a5.pdf,24168,fcd8b60410e8d2a56fdab6f795b637b3fc390218d29d260d46d6d7f5393291a2
originals/rutst/2019/RuTST_2019_X_S7__ca61d09ef226a886.pdf,22170,ca61d09ef226a88631070acfbea22e6459717f48a90f72c9a1f80b82830d5689
originals/rutst/2019/RuTST_2019_X_S8__4d2ab6c8b17c0d23.pdf,37087,4d2ab6c8b17c0d23266e43e223395fcb1f15eed88d9ed4a91c5740da55a11ca7
originals/rutst/2019/RuTST_2019_Y_Q1__c40e28b3b12ed535.pdf,793638,c40e28b3b12ed5351852ac5f7bd04abe6b1410b2d81a040e19e7972109ee6aa8
originals/rutst/2019/RuTST_2019_Y_Q2__e549ac42d217fdc6.pdf,210456,e549ac42d217fdc6fba9b3f83f75f33c595281e3088f65d2d8595153a473baf5
originals/rutst/2019/RuTST_2019_Y_Q3__5c3c76177fd4e298.pdf,204713,5c3c76177fd4e29816d040adf4520bca8d8c517585d0993ccea1b5b205e1e323
originals/rutst/2019/RuTST_2019_Y_Q4__879c4844a8676059.pdf,1424590,879c4844a867605999bdf6637dc905fd3361b145f7689daabfb82d5109f4afb9
originals/rutst/2019/RuTST_2019_Y_Q5__ba11c6aac3fa9f43.pdf,443936,ba11c6aac3fa9f43bd9f91e9e32255b9ee53cc3713d69f5c9aaac0248c252b4d
originals/rutst/2019/RuTST_2019_Y_Q6__7fb1ef612de27c4f.pdf,151300,7fb1ef612de27c4fd940907f00ac2a555a73dd15560d4faa8a5f6bb376842df0
originals/rutst/2019/RuTST_2019_Y_S1__7df82c467ef7aa2e.pdf,211229,7df82c467ef7aa2e266f7c99f721ea942410511111e4c27a621ddf685a2fc880
originals/rutst/2019/RuTST_2019_Y_S2__d3a9f1dcfe5909aa.pdf,158089,d3a9f1dcfe5909aa45595561bb7c3ee3c53478cdffa3b780a8da5af191af90b8
originals/rutst/2019/RuTST_2019_Y_S3__492c81100c84bf85.pdf,152699,492c81100c84bf85133c6c7452a782b9e91b79477c700194e2b4bc1d5869ae4e
originals/rutst/2019/RuTST_2019_Y_S4__bcae9ec101d2608e.pdf,176173,bcae9ec101d2608e4617afaa4fc64e9655bced4b45a4e0058c984a4d65810436
originals/rutst/2019/RuTST_2019_Y_S5__f98ad46076a69246.pdf,128201,f98ad46076a69246bf77621452789ccb6921bf0a3d58db74c7db8e01849cf567
originals/rutst/2019/RuTST_2019_Y_S6__ee4bcb97e4038cb7.pdf,112054,ee4bcb97e4038cb7ead8f96bde67f918848812078d1e3d9ada4da4f181c0f297
originals/rutst/2020/RuTST_2020_X_Q10__b82933c87f89dcb5.pdf,1464195,b82933c87f89dcb5673f2be151022136e09bf4083656441e678a045c837c1503
originals/rutst/2020/RuTST_2020_X_Q1__53a0a5ae1f01255a.pdf,141057,53a0a5ae1f01255a54a93065505d5c23d18c3d72797cd206ce65d2ed6245e6b7
originals/rutst/2020/RuTST_2020_X_Q2__ca34bf89320c78b8.pdf,242758,ca34bf89320c78b817f793cf9e2b0929f844486efce3386f0feee0804dcbf771
originals/rutst/2020/RuTST_2020_X_Q3__c18408bb91c6ad0d.pdf,241828,c18408bb91c6ad0dd6079565a495c155305d32d54cb1372e6b853748f272c42b
originals/rutst/2020/RuTST_2020_X_Q4__21c03c49c9bfcc2d.pdf,164130,21c03c49c9bfcc2d8f36fc358b42a0cc150dc776c907950d9e2d1591efba1ed3
originals/rutst/2020/RuTST_2020_X_Q5__b5d6ab3dac2a6937.pdf,76957,b5d6ab3dac2a6937b56733e3d27879a231a6efde01d21acc85382b05b67d3f87
originals/rutst/2020/RuTST_2020_X_Q6__5473365a45222979.pdf,659389,5473365a45222979cbdc3202eff59f1731c09547a906e8d636d659e12bd89e79
originals/rutst/2020/RuTST_2020_X_Q7__8e31fa16e92cb4de.pdf,741379,8e31fa16e92cb4dee2950aacf31a2f877db9f7b78b2c9e7ed130bdf297f11b95
originals/rutst/2020/RuTST_2020_X_Q8__ea7c764600b52fe8.pdf,637729,ea7c764600b52fe8d61946c5dd4d35bb5f008103e49997acecb1c9c57d995d46
originals/rutst/2020/RuTST_2020_X_Q9__f0ecf050e6ae5560.pdf,144614,f0ecf050e6ae55604cc824a4d8fbf0ede2cbdbf38ed46f542291fdc0fd877373
originals/rutst/2020/RuTST_2020_X_S10__a134c1995a78d8b8.pdf,41979,a134c1995a78d8b83642224ea5d57ceadb222932947baa9e2cc6de23f6e9cfca
originals/rutst/2020/RuTST_2020_X_S1__db4048abeaa985fa.pdf,304109,db4048abeaa985fae49ab5c26adebe8e1557d208e9dc107982838fc1566e1260
originals/rutst/2020/RuTST_2020_X_S2__b022a6697dd90403.pdf,100490,b022a6697dd9040309e24133fda1044f71ebc4b5704b806063674fad767ec17d
originals/rutst/2020/RuTST_2020_X_S3__09895a053e540546.pdf,121576,09895a053e54054679457dab11a6adda186cf599edfecd05d943759fb775129a
originals/rutst/2020/RuTST_2020_X_S4__e47d75ad96197839.pdf,32495,e47d75ad9619783948a02c297d1f89989131b974fa403c5830f9aa1f22ff83af
originals/rutst/2020/RuTST_2020_X_S5__4066661649524668.pdf,55013,4066661649524668e31f1be6162376f5a18a3b300da0a976b81159ed4d38c6c4
originals/rutst/2020/RuTST_2020_X_S6__56e1ab24aeab5c05.pdf,117774,56e1ab24aeab5c0569ae55d80803632e89095488728752bbe11be6a3aba98bf7
originals/rutst/2020/RuTST_2020_X_S7__2eb505f947762aa9.pdf,52153,2eb505f947762aa9931f76fe0e1414977f108ee83bdd23d5a5df9b2b64861a97
originals/rutst/2020/RuTST_2020_X_S8__923a2796df83b4aa.pdf,87421,923a2796df83b4aafa7124fb2d5837981afe42aa8a865bd38c3406ea8304452f
originals/rutst/2020/RuTST_2020_X_S9__735a28baae0ea7da.pdf,60076,735a28baae0ea7da92388d93aa3ded4ebe3c6f3bdda3b376da114eef305a9d65
originals/rutst/2020/RuTST_2020_Y_A10__b35f10d60a0c9c53.pdf,128909,b35f10d60a0c9c5314863d19c481a790e3fa81d9b4c437b6660c15b4049ddd5a
originals/rutst/2020/RuTST_2020_Y_Q10__eb15630235eeaccf.pdf,159055,eb15630235eeaccfd76bece1ea4157d0d19ac217801a13daed7d69619954bb30
originals/rutst/2020/RuTST_2020_Y_Q1__cd6c3b9dcf94cd66.pdf,81526,cd6c3b9dcf94cd66dfb6fc417339c54160a8db9c4ad76ed36fb372e59f570772
originals/rutst/2020/RuTST_2020_Y_Q2__c9f0ea424018e38f.pdf,74824,c9f0ea424018e38fdad86d72ff769077e817d7edcdb43a02cc7cd35d5d1a578d
originals/rutst/2020/RuTST_2020_Y_Q3__4476b57d43ca4d08.pdf,138535,4476b57d43ca4d0879e42560e7cd950b757c12c3777da5e981eb3282941aba98
originals/rutst/2020/RuTST_2020_Y_Q4__89ac83f355287b14.pdf,261398,89ac83f355287b141361fa8415e91029ae1b88df6dd9c7aad339b6622be821b8
originals/rutst/2020/RuTST_2020_Y_Q5__19c3790fc4f611f1.pdf,184060,19c3790fc4f611f100fd36fd07c3f6e16a7b641cf91d298d79f78b3e361b6c08
originals/rutst/2020/RuTST_2020_Y_Q6__28ec20363a01b9de.pdf,372005,28ec20363a01b9dee3276f6c03c18c096f0e14627fca1215fbd6b12941ba441b
originals/rutst/2020/RuTST_2020_Y_Q7__6c936c74532cbaac.pdf,114012,6c936c74532cbaac778561cfac344a7c6b43d2db43e65963fa19f9fe325060c3
originals/rutst/2020/RuTST_2020_Y_Q8__7b4a0fd29d02c323.pdf,1046096,7b4a0fd29d02c323928d55b266da714b694ef2f7a7da3bddaa2d565bd63e901d
originals/rutst/2020/RuTST_2020_Y_Q9__1420852466e73eb8.pdf,210766,1420852466e73eb89650bae2c11695c3ec8efb6686ee7342dc514adcc464198e
originals/rutst/2020/RuTST_2020_Y_S10__8fc625a1ea61ef58.pdf,157404,8fc625a1ea61ef58240c3ddd501619ff5ccf6a4d0d17f55dabe32552462b9013
originals/rutst/2020/RuTST_2020_Y_S1__a9b4807e5542c205.pdf,72668,a9b4807e5542c205c7d075b8c735bcf9327a17f5da470cb279c6ea1d817b24a2
originals/rutst/2020/RuTST_2020_Y_S2__7519e4767965a30f.pdf,54700,7519e4767965a30f432604a6d387f8b70ac3067b228fd7f90bf562055825453b
originals/rutst/2020/RuTST_2020_Y_S3__4e73b7796ba714f4.pdf,113044,4e73b7796ba714f46250ded03c8864bf707d6d2668f1158517b5c7ac6966e300
originals/rutst/2020/RuTST_2020_Y_S4__45d3f9cfa80e8bfa.pdf,115163,45d3f9cfa80e8bfab66a6da72e8a53c15f936bbf775e55a18b1bd06d52445e52
originals/rutst/2020/RuTST_2020_Y_S5__d75a76f0dd3284e9.pdf,114254,d75a76f0dd3284e989c99186bd8ba6a0655859a94d8845d349653bfdf4159fd9
originals/rutst/2020/RuTST_2020_Y_S6__4adc3cd4f00a61ae.pdf,128123,4adc3cd4f00a61aef53350fcb5073c8b04c8b7d471d140ac4c9b96ea0e4a2bc2
originals/rutst/2020/RuTST_2020_Y_S7__992ae201e11b2d14.pdf,45112,992ae201e11b2d140c1dc87773f46e6c0dc56fbe8eee61bbe0e9b32c7bdea774
originals/rutst/2020/RuTST_2020_Y_S8__3afe3a573c4dfe45.pdf,104727,3afe3a573c4dfe45134ccae1e359c5d9c0677b58d146e5827271bb0f4b196f89
originals/rutst/2020/RuTST_2020_Y_S9__1b8f9c6489ca52fb.pdf,258706,1b8f9c6489ca52fbc4657f445c96448044a1da2101611d0ec10fca271fda1143
originals/rutst/2021/RuTST_2021_W_Q10__2d5a985b3d5ea50d.pdf,111816,2d5a985b3d5ea50dbc57932903d6886f3c6a937d639791d9a4f07ca7bc3fbc64
originals/rutst/2021/RuTST_2021_W_Q1__e401a723ef09dcb1.pdf,143296,e401a723ef09dcb1d5352454d35944ccb1f12655acec50eedfa0124daa345528
originals/rutst/2021/RuTST_2021_W_Q2__e9090abd20096fc2.pdf,113971,e9090abd20096fc255dd1852a415656df3e798e8fdc38129738a6e262e7a025a
originals/rutst/2021/RuTST_2021_W_Q3__ce918f99e0096832.pdf,92205,ce918f99e0096832422cac3bcbc45c5470aa26b3a0bbb8172e5fcb97a28845cd
originals/rutst/2021/RuTST_2021_W_Q4__c6f789f0fde7bcf0.pdf,121744,c6f789f0fde7bcf0f34c9dd1e3ad2984e3c124e23666b76f547880b78e2e1795
originals/rutst/2021/RuTST_2021_W_Q5__125bdd31a1e0c82b.pdf,114242,125bdd31a1e0c82bf1046643b9620ea68222d3cbdf026c597b92de6be8998b93
originals/rutst/2021/RuTST_2021_W_Q6__b8df84ae4b1f85d9.pdf,506029,b8df84ae4b1f85d9116fdc0166c7dfab780334e44a955dd1075df3da81d0e03c
originals/rutst/2021/RuTST_2021_W_Q7__78e39401b00b2233.pdf,494766,78e39401b00b2233ed25ff4144befae77642152c03e35978212a317f11cfb70d
originals/rutst/2021/RuTST_2021_W_Q8__5b982ebd2757ff14.pdf,4249098,5b982ebd2757ff1480ef53388533e6c8b75081831251c57c74ad4d512d0a1073
originals/rutst/2021/RuTST_2021_W_Q9__1421c4466b9dfde3.pdf,185169,1421c4466b9dfde36b58b6905f7ff3111733725d8127a3ccd8da24d7276e47c4
originals/rutst/2021/RuTST_2021_W_S10__b5412f43756b7ca4.pdf,63915,b5412f43756b7ca47a2f94c5c25251c57ccce10d25cc9d64f4e6e112339a303f
originals/rutst/2021/RuTST_2021_W_S1__1ae34942aaba33e0.pdf,393334,1ae34942aaba33e0c02d906fdaf47f6117d42f4962706e26f8ddbc2b964d8d64
originals/rutst/2021/RuTST_2021_W_S2__815766ef0a22423e.pdf,80990,815766ef0a22423ee8129a3897c7275fbf74d868abe2162abcb4a7dfaf558728
originals/rutst/2021/RuTST_2021_W_S3__9c8e2c82e073e7ab.pdf,56974,9c8e2c82e073e7ab8fbd230efbc64b34db616986b8dbce69705087bdd9a672e0
originals/rutst/2021/RuTST_2021_W_S4__03673c8c5ac106fb.pdf,347215,03673c8c5ac106fb9e79101760d7289cefdc8f8de2bb93a4ec2fff8ce33702ef
originals/rutst/2021/RuTST_2021_W_S5__d440b883ef941c71.pdf,67724,d440b883ef941c7158fae1c03248594fafcb42be1d8066aeef39d1ddd9d82222
originals/rutst/2021/RuTST_2021_W_S6__435873ca1f42bfc0.pdf,125622,435873ca1f42bfc0b9466fb3920534d86762320aaaf0e7b221c75886b3b29297
originals/rutst/2021/RuTST_2021_W_S7__23a70a5ee47c3116.pdf,91902,23a70a5ee47c3116f75f1504dd15a97e17c0676e8136811fd479d774526794fd
originals/rutst/2021/RuTST_2021_W_S8__966a380a40878265.pdf,111903,966a380a40878265f2225d0c902300e280321136f85059a5e9d02aca949fbfa1
originals/rutst/2021/RuTST_2021_W_S9__a601bd4be4b09856.pdf,220707,a601bd4be4b09856affee10d3e71290873ac409aafcd6c1fcca3766e9775b8f3
originals/rutst/2021/RuTST_2021_X_Q10__e836d077646660e5.pdf,185223,e836d077646660e5bd603cb49c608352a4de427b1629adfc2f026842e94a38af
originals/rutst/2021/RuTST_2021_X_Q1__de0e4d3c92b03027.pdf,85660,de0e4d3c92b03027f1876dcdf35387051ab8320c1823237a84d1b86bcb96a455
originals/rutst/2021/RuTST_2021_X_Q2__29f9772660bc7587.pdf,95866,29f9772660bc7587b4b748f17b146f3e9018a2de5cc7abe5ac0cedc9a633644e
originals/rutst/2021/RuTST_2021_X_Q3__1b83e025d9988ca4.pdf,135382,1b83e025d9988ca479cfa3b3898352e3c9efd66956b2a173d944989f37dae308
originals/rutst/2021/RuTST_2021_X_Q4__81a8512a19371405.pdf,161015,81a8512a19371405518b9b40289276e355036ea5b6244ecc7ebbe9bb4d94852e
originals/rutst/2021/RuTST_2021_X_Q5__8f4e3d653102f412.pdf,270176,8f4e3d653102f4122f64af03d8ad2150c7ee765563dbe64db768c8150417cdbf
originals/rutst/2021/RuTST_2021_X_Q6__3e1bd14814dee19a.pdf,187248,3e1bd14814dee19aa8e2bb43cc24342b1b244a5b7771b975c17b44ba27cf0266
originals/rutst/2021/RuTST_2021_X_Q7__907785e8f6568168.pdf,158257,907785e8f65681680e009b2ddb046360a2cba2c0b2ead4368c47b50b4210ada2
originals/rutst/2021/RuTST_2021_X_Q8__726f705f6d3bb9a1.pdf,1039512,726f705f6d3bb9a11236a4fa5910dd85b3bbebf834731f2086e423dcf2196637
originals/rutst/2021/RuTST_2021_X_Q9__08b88eec13d92bd1.pdf,298688,08b88eec13d92bd156190f9c1066baeccf90cf3aaba2119933d9c37b0ab733b3
originals/rutst/2021/RuTST_2021_X_S10__ef7e5934b50106fb.pdf,73920,ef7e5934b50106fbf01583ab4cdaa1350adbac9e2fb06851a33426afa8a03333
originals/rutst/2021/RuTST_2021_X_S1__7f820e6048e4aae1.pdf,89607,7f820e6048e4aae15eefaa58d0192c09913621629f255e8ea83c58af1bca7168
originals/rutst/2021/RuTST_2021_X_S2__61492040a876b8dd.pdf,57350,61492040a876b8ddf0dffe4f2a5d4a29bcb33ea093852c395aa5faa6696c7aae
originals/rutst/2021/RuTST_2021_X_S3__ab35f67fdb22f1b1.pdf,143299,ab35f67fdb22f1b11533cd3f9fd99402899267ffea1839a4f2f98829d24f4e5e
originals/rutst/2021/RuTST_2021_X_S4__2a0675489da16db0.pdf,112245,2a0675489da16db0a4509ee11fefa1c7557411c9eb349d18ff43d7ec9b6e16b3
originals/rutst/2021/RuTST_2021_X_S5__c8fda6a81f490411.pdf,145739,c8fda6a81f49041118197d3e8329a35643c0982abfea5d318cc332b072c6804a
originals/rutst/2021/RuTST_2021_X_S6__d62b6fde41136db6.pdf,154636,d62b6fde41136db6892efe936a01b520c9715fc646ea062898049c7f43a2305a
originals/rutst/2021/RuTST_2021_X_S7__f119907c3b67524a.pdf,115032,f119907c3b67524a85ee67ecb2c8db09b7f6426277d30d2e5fec7de59943c61d
originals/rutst/2021/RuTST_2021_X_S8__af71b5054d879eae.pdf,189519,af71b5054d879eae4854b2ff6c22056d1190dfe58a39ef8af46180d78b89b310
originals/rutst/2021/RuTST_2021_X_S9__6667df7f86e48a08.pdf,153541,6667df7f86e48a08c96a66467fe121b18abb406b1bd2705ece67fd01f93db8a7
originals/rutst/2021/RuTST_2021_Y_Q10__ed8c2af1ba885888.pdf,104373,ed8c2af1ba885888349506d6a6aef206163d69afadcf3876cfbe39b4eb77bcf5
originals/rutst/2021/RuTST_2021_Y_Q1__929b4512b18a2b0c.pdf,161143,929b4512b18a2b0cf79a62f142232f04722f470a3e6344cbcebe1d57819895e1
originals/rutst/2021/RuTST_2021_Y_Q2__6959827f69881c5a.pdf,198580,6959827f69881c5a684ab001540e2675ab8dbaa44673168ff50d70e699388b6e
originals/rutst/2021/RuTST_2021_Y_Q3__a0c6838a86d7a213.pdf,116328,a0c6838a86d7a213ea4c9462466fc81adaa7a0dbd7e9536850ce9db7608e7eb9
originals/rutst/2021/RuTST_2021_Y_Q4__edfe9b45169f1f8c.pdf,258986,edfe9b45169f1f8ccf41e7773ce672c7898d46fbb0bfe897c8c307a49168732b
originals/rutst/2021/RuTST_2021_Y_Q5__4686408bc179730a.pdf,204875,4686408bc179730a3ea7a29bc5fea0ce6cda50e784b9f453b308021054ce2060
originals/rutst/2021/RuTST_2021_Y_Q6__12a018cd2bb9c3e4.pdf,133066,12a018cd2bb9c3e400b94d9c18479943571c72547803953633cf898d24609bef
originals/rutst/2021/RuTST_2021_Y_Q7__6fd47628921542e4.pdf,1436892,6fd47628921542e44be18a8c5f77cc92c228aa3a760dba8105de071440c32091
originals/rutst/2021/RuTST_2021_Y_Q8__9ba94998d64e2def.pdf,883250,9ba94998d64e2def18ea1b560eb466650ee92610ed45732c72136f568222c8ed
originals/rutst/2021/RuTST_2021_Y_Q9__81342d94c2d7c627.pdf,234741,81342d94c2d7c627b7298103708c855e4d1adce126b1c97a2555d19996124c57
originals/rutst/2021/RuTST_2021_Y_S10__5d9d339f7638b132.pdf,234586,5d9d339f7638b132bb7af8ecd468fb152fe165f128909967efff95c7ca4692fd
originals/rutst/2021/RuTST_2021_Y_S1__622b332a457144b9.pdf,139080,622b332a457144b9fb99e02ba95d15fd3a531fb6a82105a128bee75b61a3edb2
originals/rutst/2021/RuTST_2021_Y_S2__51f424b70a3a94e0.pdf,181544,51f424b70a3a94e02d9379f5a0305b469644950fc6ae72fc6594ae804e16d320
originals/rutst/2021/RuTST_2021_Y_S3__4abc98a6457838e9.pdf,99297,4abc98a6457838e98fa9b3645460910480471ddac21b0bce32dfe7dc5e7fe483
originals/rutst/2021/RuTST_2021_Y_S4__5329226a1a088b96.pdf,166971,5329226a1a088b965c0226359263867260ca11dc430c588cb5a74424f26801b5
originals/rutst/2021/RuTST_2021_Y_S5__1e77d8e9bd36a8bb.pdf,215075,1e77d8e9bd36a8bb66c35ff62d9765e741270dc32ff07aad179834fb14e4fa10
originals/rutst/2021/RuTST_2021_Y_S6__dc68f8c4771f0b77.pdf,258920,dc68f8c4771f0b77e12dc04a6b43655e8fd4229e418c96f23186e05e7fae1b58
originals/rutst/2021/RuTST_2021_Y_S7__4740c08f037264c4.pdf,770312,4740c08f037264c4b7b081091f97f6db3ca9b0eb9827a820c6aad633ea619815
originals/rutst/2021/RuTST_2021_Y_S8__14bd73777e5f0ce0.pdf,191047,14bd73777e5f0ce0050998e17edd59c7247519f1c514531035746a9eb3c68e80
originals/rutst/2021/RuTST_2021_Y_S9__140df7241b60b522.pdf,99852,140df7241b60b522d6a49c3e5318078538de1fa3204f955ba3712da88b138635
originals/rutst/2022/RuTST_2022_W_A3__c2ab49d5cc4011cc.pdf,90769,c2ab49d5cc4011ccb36bc8ec1b4fddfd10a21668ccaf056e0db25c2a4b2bb83d
originals/rutst/2022/RuTST_2022_W_Q1__a3142f0a365fcb08.pdf,343445,a3142f0a365fcb08eeccc02ea6dfe011e33f5f9cbe3465be3529cbd8008aa635
originals/rutst/2022/RuTST_2022_W_Q2__2a911e728208d438.pdf,191855,2a911e728208d43873dc4fde1e4275ba11f94be4c18a5aa7ef58562e6bc58e72
originals/rutst/2022/RuTST_2022_W_Q3__6989685693979d19.pdf,152842,6989685693979d197016368c90a0b51516ca1def830dd04891b4995c0fe966b1
originals/rutst/2022/RuTST_2022_W_S1__fe903824c3f142cd.pdf,95907,fe903824c3f142cd6eff58fb681afbeab7445566e8347d305428a116c5793307
originals/rutst/2022/RuTST_2022_W_S2__ffbf614e0af4003e.pdf,84664,ffbf614e0af4003e0d3c85be4863b419a659632e45542d7ae124979e92bab0f8
originals/rutst/2022/RuTST_2022_W_S3__5dffb34ee3e770f8.pdf,443427,5dffb34ee3e770f8729a835e47e3abbf11adceb56def7d583b6d4af15236bba7
originals/rutst/2022/RuTST_2022_X_A9__e7c9df6cbfea6505.pdf,195852,e7c9df6cbfea6505233da8a830b98f117cfe865ee1dde4a23dd9bf9e0ad7bc1d
originals/rutst/2022/RuTST_2022_X_Q1__4001bc64c1cfc73f.pdf,133203,4001bc64c1cfc73fda01689350c69a043a4c83d4361db6842698a0445841cdca
originals/rutst/2022/RuTST_2022_X_Q2__79991ebde543434a.pdf,148513,79991ebde543434a8bd177422593e48e34edc3f814670c6dbf191f6b56a70d82
originals/rutst/2022/RuTST_2022_X_Q3__defafb8cf3dd53f9.pdf,362156,defafb8cf3dd53f97742d87772d185da14a327674c9bf689341a64f93cab5235
originals/rutst/2022/RuTST_2022_X_Q4__10ed1c3bdba806dc.pdf,135292,10ed1c3bdba806dc1517876ca720024e949d5fb0f47717ac81c1d0139ff4eeef
originals/rutst/2022/RuTST_2022_X_Q5__a4a42c6e575ad2bf.pdf,192599,a4a42c6e575ad2bf0594d8e684ba1aa9d5c2bd5bc23f6d1a1879a5fb81735228
originals/rutst/2022/RuTST_2022_X_Q6__5b90ee7b0710f7ca.pdf,113184,5b90ee7b0710f7ca07d5df95dec4afeadc844981c5b242d520de3f9a04c39600
originals/rutst/2022/RuTST_2022_X_Q7__b5cf38396e51b6b5.pdf,12486755,b5cf38396e51b6b588f6b352183b1f9eec759c915f186fa859db5413827bcf09
originals/rutst/2022/RuTST_2022_X_Q8__ed6a4cac38c2d23a.pdf,221153,ed6a4cac38c2d23a158f470617db1e225e0d5ea8f50ae93dcebda739847ef004
originals/rutst/2022/RuTST_2022_X_Q9__aec0753334b2a2d4.pdf,899935,aec0753334b2a2d437406e2659a44102e93b9de1e1a125828955c39fe0eee120
originals/rutst/2022/RuTST_2022_X_S1__c3971ba1dd68bde3.pdf,146780,c3971ba1dd68bde35ddb478099c38c21ace1ef4adfa7ddcbeefffd8e49a51474
originals/rutst/2022/RuTST_2022_X_S2__5d5b54d0f3e06011.pdf,139346,5d5b54d0f3e060114c62ee2954a1b73225d6c95f942ec007ad4931535133e6dc
originals/rutst/2022/RuTST_2022_X_S3__c910351d05bd6a14.pdf,771364,c910351d05bd6a14ba0f5430c4b0b8b62982fa8940408a18a1e5a98f9a1b405c
originals/rutst/2022/RuTST_2022_X_S4__2d634c504c49bcc8.pdf,136889,2d634c504c49bcc84bdd23efd6f18a24cb851523d31d967dee6749ba6246858e
originals/rutst/2022/RuTST_2022_X_S5__eb41eb15adb0e00c.pdf,191763,eb41eb15adb0e00c72fc6189d53f5931eefc0ed189de315e4c14fda6b0b6994f
originals/rutst/2022/RuTST_2022_X_S6__9eda6b454f57126d.pdf,119407,9eda6b454f57126d19845d47d8d92e61af23e3216eea3c45c08aa7e69294db0d
originals/rutst/2022/RuTST_2022_X_S7__b89b769ffdb61298.pdf,2294057,b89b769ffdb612989553c6b866557da758d959ce673bb3768322d5ac65b9a061
originals/rutst/2022/RuTST_2022_X_S8__49dac14461572a9c.pdf,334351,49dac14461572a9ce1c7df0190d92eb1df2d48a516a4f6f438175adcd201fa67
originals/rutst/2022/RuTST_2022_X_S9__74718af00c7670ca.pdf,885013,74718af00c7670ca2e146670acbe03a13a7891282d727cee40ee5bac73f7bda1
originals/rutst/2022/RuTST_2022_Y_A8__a6214190915fd5a0.pdf,100026,a6214190915fd5a017a09d65da466b86039e9968cd0f0ee1500afeb501785d4e
originals/rutst/2022/RuTST_2022_Y_Q10__884f78c9bfb029aa.pdf,115984,884f78c9bfb029aa6385f33d1ab14c41f4016797652554f0fb5161148bb372d9
originals/rutst/2022/RuTST_2022_Y_Q1__062444eb04cef46d.pdf,145897,062444eb04cef46db4f3176408ad0bcc2c2796d521dcca54d5e065bfa1aaf8c5
originals/rutst/2022/RuTST_2022_Y_Q2__059881166a8df06c.pdf,198505,059881166a8df06caf7ef002aa20b45f93154cc4bb3cf2b3ac0d9aebcba83ecf
originals/rutst/2022/RuTST_2022_Y_Q3__96c1d05808daabca.pdf,325907,96c1d05808daabca530f272583dd11abd8dae6bb82b0f935732f71adafc148a1
originals/rutst/2022/RuTST_2022_Y_Q4__e3707718b2e6c467.pdf,868271,e3707718b2e6c467d1cf7dec54dd104bb0f7ff255144f27aef086a07d32c6750
originals/rutst/2022/RuTST_2022_Y_Q5__35034a8e43920f4f.pdf,242473,35034a8e43920f4f9b004603529ed4ae562edb3a7f296b05214f09d2d3c48eb5
originals/rutst/2022/RuTST_2022_Y_Q6__4618be00b58e33eb.pdf,815553,4618be00b58e33ebd8daf428d5f709a6cbeb6a92c5896598ae837b85b3ca1192
originals/rutst/2022/RuTST_2022_Y_Q7__3051de4a855e5304.pdf,964007,3051de4a855e53043c890277f479e699caf5b208685b8b3e1deaf602212c2848
originals/rutst/2022/RuTST_2022_Y_Q9__9a2bf08c1aae5636.pdf,571721,9a2bf08c1aae563604e5b18b50e7fe764e9921f614c2a5fe36d5ff61c2edd140
originals/rutst/2022/RuTST_2022_Y_S10__52cfbcaff4bf47c9.pdf,70949,52cfbcaff4bf47c92f68f97c909247254201e9480122ddf5ea7ed90328e87c57
originals/rutst/2022/RuTST_2022_Y_S1__128952c6fc3816e8.pdf,141040,128952c6fc3816e8564322ca66dbfe39a7ed7f01b38a3d5090268e616088d499
originals/rutst/2022/RuTST_2022_Y_S2__7f7bdb15dd6c42a6.pdf,116741,7f7bdb15dd6c42a66de9ec70b71691ac39b8ef73fdd99a00714ecf1111ece53d
originals/rutst/2022/RuTST_2022_Y_S4__e8b18056da6e82f0.pdf,205593,e8b18056da6e82f00f857a800287e0c87ebc4221725d59e56f14810451a641c9
originals/rutst/2022/RuTST_2022_Y_S5__5c1cd28041d893f7.pdf,473701,5c1cd28041d893f74f2fe5555c742b826e27052b76a906b964ca75aa6954ead7
originals/rutst/2022/RuTST_2022_Y_S6__c34edb452529e670.pdf,131846,c34edb452529e6709aa513f26207c5e18fe2690293f5f72a679246328a60a5e2
originals/rutst/2022/RuTST_2022_Y_S7__4c56b4e0febf95d6.pdf,1044608,4c56b4e0febf95d6cad4b3b79b4138a1a302cd6f2dc73a3bd67941d189d7c9d7
originals/rutst/2022/RuTST_2022_Y_S8__12575f41c0dcc653.pdf,146185,12575f41c0dcc653d8244d5b5c5997e43f8bb2eb797c22f1204e691dc3e5a24b
originals/rutst/2022/RuTST_2022_Y_S9__2b9126ca668f6105.pdf,288018,2b9126ca668f6105f07a09b4559d9927e82ac6755e23ec6e4c3077334d8a3ac1
originals/rutst/2023/RuTST_2023_W_Q1__465b37468fef285f.pdf,73124,465b37468fef285fc23367bf3d820fc22277d1edab1942f9e4f9bece1df42b42
originals/rutst/2023/RuTST_2023_W_Q2__cd304297d1fd5ef6.pdf,401361,cd304297d1fd5ef614567f3b58574fc54873235ba6d587084a9064b960cc77f2
originals/rutst/2023/RuTST_2023_W_Q3__9a23edfc19281309.pdf,219954,9a23edfc1928130983d9287dad30ea77abbb8509853b7cc82aa9e47ba712b8e6
originals/rutst/2023/RuTST_2023_W_S1__ab780083e88cf7d0.pdf,167570,ab780083e88cf7d0fc19e6f93182107ad60f4d48a5dd70224f5c2adb3769a789
originals/rutst/2023/RuTST_2023_W_S2__4825ac5bf10c31bd.pdf,133806,4825ac5bf10c31bd26c2ba4bc3ab9f01fe0cb95987738451e77ae7788cd61524
originals/rutst/2023/RuTST_2023_W_S3__6fb858214865ad1b.pdf,162776,6fb858214865ad1b7a270618b1840db473267e24e0ee273e396557b446089c4e
originals/rutst/2023/RuTST_2023_X_A9__74114072eae201ce.pdf,92650,74114072eae201ce0496133932c56d94dbf3d0f88528196157a01a37bc1f62a4
originals/rutst/2023/RuTST_2023_X_Q1__09cc2829e47edf2b.pdf,134482,09cc2829e47edf2b0cd050939214b7d7ed9fbc5c74c7f2f55c0fbbaa9c0265ad
originals/rutst/2023/RuTST_2023_X_Q2__be8562ba424f9fac.pdf,187953,be8562ba424f9fac231df75dcd16832a56f9b4b3966abf02bdc2c085788281e1
originals/rutst/2023/RuTST_2023_X_Q3__36ae2fd3bcf5ac93.pdf,168648,36ae2fd3bcf5ac93de63c41e09ba2d0e109e381633330a8d1bc9cb08a1298ba2
originals/rutst/2023/RuTST_2023_X_Q4__df95c3c52d64b217.pdf,223592,df95c3c52d64b2178ce80d52d737cbbf6075a774d0ff68a3ad6fedeb002bdafb
originals/rutst/2023/RuTST_2023_X_Q5__c11f1762877cee69.pdf,282863,c11f1762877cee69a68357dc57b195531415362106e8b837c9034a308cbc660f
originals/rutst/2023/RuTST_2023_X_Q6__7c046dad5c6a68d3.pdf,157013,7c046dad5c6a68d33ef06d9a18f68b061b099b140e2a788dd21d4b57fd48bd53
originals/rutst/2023/RuTST_2023_X_Q7__eb6b489542867cc9.pdf,3708249,eb6b489542867cc9a22843af1f8e6c8052d258e0803a7bfa367a0254e5311265
originals/rutst/2023/RuTST_2023_X_Q8__d4773906a50bbfb9.pdf,2277329,d4773906a50bbfb942375d2223c9699d3fcdf63f763208519473e9c705590240
originals/rutst/2023/RuTST_2023_X_Q9__97b32e2e866dc388.pdf,1519208,97b32e2e866dc388ed46f29f7ef10107d083e14ce0bace58bc2bfa82e3d715a3
originals/rutst/2023/RuTST_2023_X_S1__888e7a4132253c88.pdf,388523,888e7a4132253c8809c5850fa9945804752e5c37af0a265bf5f8544d717db261
originals/rutst/2023/RuTST_2023_X_S2__c13a28813e84abea.pdf,259298,c13a28813e84abea060e52b2f6c91fd5d5e645078faeee1b17fb82310fcf4bd8
originals/rutst/2023/RuTST_2023_X_S3__2ca6faf96b409ea0.pdf,189069,2ca6faf96b409ea01bbcd714840c3b456f03ff0f88997804b2a0177ff8caf327
originals/rutst/2023/RuTST_2023_X_S4__d01109d21f0b915e.pdf,241363,d01109d21f0b915e64130f6512aa85622ca824bd1dac108d7e1ab9212a068cdf
originals/rutst/2023/RuTST_2023_X_S5__cbd90ba14262e63a.pdf,216048,cbd90ba14262e63a01a0e7941a70dae641e5c9848a4c78b0ac731093255530e2
originals/rutst/2023/RuTST_2023_X_S6__9879265f28c4b09b.pdf,224831,9879265f28c4b09beae9c67c85a90d1ad812ef96da790b29828b2c2233b97da4
originals/rutst/2023/RuTST_2023_X_S7__4b9c6b60eb0d210d.pdf,420795,4b9c6b60eb0d210d4d7d5146de9e9fafcf52c3c9d2a1c966e88f23c152f6eda7
originals/rutst/2023/RuTST_2023_X_S8__639a4e8029409e07.pdf,1045328,639a4e8029409e07e04344d919024209c1d83eb6727f2304113449b3c7e3d4df
originals/rutst/2023/RuTST_2023_X_S9__6ec3578d737d3315.pdf,167521,6ec3578d737d33159367547c51a55abb93d108fc298ce7b6743f1fea98bc6aa4
originals/rutst/2023/RuTST_2023_Y_Q1__82a6216cbc7decf0.pdf,177206,82a6216cbc7decf0215177851fa23347206aff6b40dcb7ac4cedf8f5e56dec67
originals/rutst/2023/RuTST_2023_Y_Q2__a8942a99a77386a3.pdf,115002,a8942a99a77386a3af9dd810c3248f4a904f6cbf0a7e66eb926dc71bbd984b71
originals/rutst/2023/RuTST_2023_Y_Q3__b5522464468ef52e.pdf,162146,b5522464468ef52e1feb1980724f90c05b307901261ddfd90a1972aa2de9978d
originals/rutst/2023/RuTST_2023_Y_Q4__73fc60a3a3c59cf5.pdf,136229,73fc60a3a3c59cf50c68275a3be27718576cf5cd2255a42b79c718b2a99e808d
originals/rutst/2023/RuTST_2023_Y_Q5__a9e3d6371c5a1e8c.pdf,168345,a9e3d6371c5a1e8c649bfd73ceedc16fcef17d1a90e43fafa444c25261782505
originals/rutst/2023/RuTST_2023_Y_Q6__b6230da04be9ff76.pdf,202169,b6230da04be9ff76d7ab7226434e91f130bd5645d85f101d7bcfe2905a19bfea
originals/rutst/2023/RuTST_2023_Y_Q7__fa6cc38c88a8332e.pdf,6760304,fa6cc38c88a8332ea8d7ff8af4a41951c3eb1057bfb8fac81c32092f56d7629e
originals/rutst/2023/RuTST_2023_Y_Q8__f05570de135e22ba.pdf,1419320,f05570de135e22bace18daaed0ccdcbb4754a17c0a3299099073ae16892b8506
originals/rutst/2023/RuTST_2023_Y_Q9__a6f699e422068f2f.pdf,230878,a6f699e422068f2fc52e2272b5f8aeb05b6d0c16186bc81f6cb0f4c5d1e29ed9
originals/rutst/2023/RuTST_2023_Y_S1__1d6dc5831cf60283.pdf,240444,1d6dc5831cf602833e74c9d00d82d21046d7f62486aa77b1e8343d9666a70020
originals/rutst/2023/RuTST_2023_Y_S2__693821544f50196b.pdf,201205,693821544f50196b54f150888cccb87a8bffa7a17648f537c9ce40244547b8c0
originals/rutst/2023/RuTST_2023_Y_S3__f36d4bfe1ab4c629.pdf,306572,f36d4bfe1ab4c629b31f8f37da4087fb69232e0960fa7b8ae0bc01d3664d4926
originals/rutst/2023/RuTST_2023_Y_S4__58d9ee461c9a1d8e.pdf,186936,58d9ee461c9a1d8e954dacb5b4db14ba30f50ab69c9b61cdcc8be15874efad54
originals/rutst/2023/RuTST_2023_Y_S5__0f2fcf89bef64e21.pdf,190559,0f2fcf89bef64e216ed1939d9a9d54221402802a43ead1b9703a40276ab11055
originals/rutst/2023/RuTST_2023_Y_S6__0a971dea2c36f3af.pdf,142714,0a971dea2c36f3afb2e17af7b434e5a2490cee7ec225cce36ad667c60bf1e6a2
originals/rutst/2023/RuTST_2023_Y_S7__5bfda8ad240e6037.pdf,116354,5bfda8ad240e603793be8d8ca7f8b1efd5b17b7d7b7ebc4854f8b742c9098b6b
originals/rutst/2023/RuTST_2023_Y_S9__6ccbb9852735e9ef.pdf,359208,6ccbb9852735e9ef316276195e630fd2c40938033c34b0738e1b747e1fd9aeb8
originals/rutst/2024/RuTST_2024_W_A3__94d569fbd1580ee7.pdf,84395,94d569fbd1580ee72ede395eaa8a3ef3a78fec386658458bc8935bb4d0e44e8c
originals/rutst/2024/RuTST_2024_W_Q1__6eb6382d56ef6855.pdf,144186,6eb6382d56ef6855932b85b8aec820365323de4199b31a364710b2aa7035e877
originals/rutst/2024/RuTST_2024_W_Q2__7b67c609e574f6c1.pdf,118939,7b67c609e574f6c1dee18a81385952b35f0074668f3bd9dd91df4fe01aaa6d61
originals/rutst/2024/RuTST_2024_W_Q3__3846301aac9fc1d2.pdf,180909,3846301aac9fc1d2083d2941355bfa75e91cf9faae9aa307767a11d111160a00
originals/rutst/2024/RuTST_2024_W_S1__8606135a26db3720.pdf,140407,8606135a26db372030910aa4aa00882525355d205de89589772a8d21e40848f6
originals/rutst/2024/RuTST_2024_W_S2__9a3e72d17ad2d8d4.pdf,133945,9a3e72d17ad2d8d415a8d4d61eec5a0ed1b92e43c64236596ebe7043600a430f
originals/rutst/2024/RuTST_2024_W_S3__dfcdc58a054e0a3e.pdf,145033,dfcdc58a054e0a3ecb2c484036ed91aae6c468c61bc4adb3945e0a2e99abaefc
originals/rutst/2024/RuTST_2024_X_Q1__f2cd054dde5ddd30.pdf,149309,f2cd054dde5ddd3001fc489989a4a3565e27f393aa987eb9511a0a2fb3248409
originals/rutst/2024/RuTST_2024_X_Q2__fe9d53f5871d6327.pdf,275979,fe9d53f5871d6327a79793e98484ac58e509a256973caa619ec77b94c43013e8
originals/rutst/2024/RuTST_2024_X_Q3__5ef43e3caa10cf99.pdf,151385,5ef43e3caa10cf99df53511bf8b3c23e09b237bd36347b1fdacb1d3a354dc60d
originals/rutst/2024/RuTST_2024_X_Q4__3573d1f063ccd4f7.pdf,535226,3573d1f063ccd4f789e5ff50ffd71d35ddc0711cc9ddbc10bc39ef99e78f4170
originals/rutst/2024/RuTST_2024_X_Q5__9d797f25ebe0a30e.pdf,157278,9d797f25ebe0a30e8a52b7461449dd186ad4a2b71ce96e703daf35e62477d203
originals/rutst/2024/RuTST_2024_X_Q6__7ef7db531e061e71.pdf,162530,7ef7db531e061e712df310455261a64fbd91c2702189a0efe0e0030623e2ae41
originals/rutst/2024/RuTST_2024_X_Q7__da008dcea9707694.pdf,4714718,da008dcea97076940b27a766c69280ec0718342186270922d753f6974da87601
originals/rutst/2024/RuTST_2024_X_Q8__a8c0181796c3f4c8.pdf,2651898,a8c0181796c3f4c801f38aaeb63456594708291342e1daabef78979910462f01
originals/rutst/2024/RuTST_2024_X_Q9__db280a2d1e154005.pdf,343370,db280a2d1e1540058fef9c247069132cda354ebe60a4179b317c981038a250eb
originals/rutst/2024/RuTST_2024_X_S1__e203fe788faf536e.pdf,135791,e203fe788faf536e77c980ae880ec827616c5479bffa81e4b3b0cbb4708fdcab
originals/rutst/2024/RuTST_2024_X_S2__f88859f14031ed98.pdf,200406,f88859f14031ed986ea244988b1893400a598b293a9798677f91df0f22953b7a
originals/rutst/2024/RuTST_2024_X_S3__cdebc4eb104f5189.pdf,179418,cdebc4eb104f5189b0ecc5beef8884835df8a4ebe0c7175e9d6ca29f3cea0d31
originals/rutst/2024/RuTST_2024_X_S4__a472c8869ebf2cde.pdf,159682,a472c8869ebf2cde86bde485c7f79a69a83f7cfa0c44e4322520b94ef142de4c
originals/rutst/2024/RuTST_2024_X_S5__770a6e0b624148ff.pdf,178409,770a6e0b624148ff93740bd386d5757d72004607ee552567038eaf684223344e
originals/rutst/2024/RuTST_2024_X_S6__3e29330d04d7f105.pdf,177406,3e29330d04d7f10514ed242407e89bd34f8315788bee4068d214c3e17f539257
originals/rutst/2024/RuTST_2024_X_S7__fb6ac28fcff3e5e9.pdf,18323741,fb6ac28fcff3e5e92c5c324525f14598d16e39f6ef6f58f768f31d7241a61aca
originals/rutst/2024/RuTST_2024_X_S8__d21b8e65600f76f1.pdf,4448905,d21b8e65600f76f1ec418cf69b79a9903891ef41a322e4c4656c92777b7a1c41
originals/rutst/2024/RuTST_2024_Y_Q1__ce2a6556a350b63c.pdf,200905,ce2a6556a350b63c5c99c4649e2883d366e5143fed9cf531f88fa8adf1e00c81
originals/rutst/2024/RuTST_2024_Y_Q2__0508b5cf8283b5e5.pdf,226371,0508b5cf8283b5e5f989056680002f9ebbad529446ca940a48928b09d2102dd9
originals/rutst/2024/RuTST_2024_Y_Q3__1f127eb102ba4c58.pdf,147880,1f127eb102ba4c587e0bd6bac2d2485485f5368a578a07389b36a597a6d001a5
originals/rutst/2024/RuTST_2024_Y_Q4__5dcb4bac72c656f2.pdf,290638,5dcb4bac72c656f20829307f4db67b0a9b675acf9fd1454d42147bc77581bd99
originals/rutst/2024/RuTST_2024_Y_Q5__152ddacf301ffea9.pdf,1154856,152ddacf301ffea93b3e21a150da646b26335c565b2c79046a330655d267cfa5
originals/rutst/2024/RuTST_2024_Y_Q6__b2142e3e6d1a14d7.pdf,187852,b2142e3e6d1a14d7e8355d5befb48ee9c5fac0b34bbee5f1d99e3f2a364c1d06
originals/rutst/2024/RuTST_2024_Y_Q7__7295a6af324692aa.pdf,5008911,7295a6af324692aa80c69ae5d6a8d104dfa3e1a1a7686682176fe0eedcd6ebb6
originals/rutst/2024/RuTST_2024_Y_Q8__648ae1719726d685.pdf,21584913,648ae1719726d685a739bcaa4937170358149cd2aca72c4f489799320a4ec587
originals/rutst/2024/RuTST_2024_Y_Q9__bae733ec49b80010.pdf,2044134,bae733ec49b800105f79bef3c5bda1e85fb45559946c2f48f08eece6300cedb3
originals/rutst/2024/RuTST_2024_Y_S1__baa781f4e73e5231.pdf,201105,baa781f4e73e5231a45f0dba7d16d4251d3907980658a28c20a4dbe7fa86150c
originals/rutst/2024/RuTST_2024_Y_S2__858e89635088aaf2.pdf,248928,858e89635088aaf2c60e2dbcef45a138b2aacbcf603ba9fd6fd1e09d34ef3f78
originals/rutst/2024/RuTST_2024_Y_S3__783951c4afe0792e.pdf,149371,783951c4afe0792e4638197da58217b46dfb600fd418e0510e137b60f09bde7a
originals/rutst/2024/RuTST_2024_Y_S4__619a15272f817805.pdf,229533,619a15272f817805eaa077ceef2e2f01198d896da5a23de2e072f768815bc691
originals/rutst/2024/RuTST_2024_Y_S5__43dff61dec825391.pdf,179588,43dff61dec8253916fb0e1b48387b48263ed755926bfc97224512540ad2987a9
originals/rutst/2024/RuTST_2024_Y_S6__1becb2194a72fb50.pdf,255592,1becb2194a72fb50b7f5f4a6737e4769d1584d86f65d215fe0ecb93ab16de336
originals/rutst/2024/RuTST_2024_Y_S7__1270a4bf41339c80.pdf,750587,1270a4bf41339c80dd4da92369f9765d1886f76e432b0ba74199c02166735966
originals/rutst/2024/RuTST_2024_Y_S8__f378d36ec3400194.pdf,2543308,f378d36ec340019401faf72341bfea2125f53a775369b64d889dc1747b11ba90
originals/rutst/2024/RuTST_2024_Y_S9__0c7fa7ab104a6133.pdf,425782,0c7fa7ab104a61334e837632f007ebf7431050db9f05598fcf711f8212c4f91e
originals/rutst/2025/RuTST_2025_W_Q1__1666fc88f279de58.pdf,195756,1666fc88f279de58303a877d4e739a6fd3abc20b7cf98232a5405caadafc27a5
originals/rutst/2025/RuTST_2025_W_Q2__21353a33e482d9a9.pdf,126823,21353a33e482d9a9fc67fbe8daa5ccfc16c413b22657b75c440eaaa7a19f57f4
originals/rutst/2025/RuTST_2025_W_Q3__49ea7e1778297074.pdf,224264,49ea7e177829707475e5ee89e19d7d343a8e8b489699c5412483df6bd1552cc8
originals/rutst/2025/RuTST_2025_W_S1__8c0a2ba212352a87.pdf,111196,8c0a2ba212352a8768a2fbddb7c1efe5dd4db96891c1d34097b2ef40634530e8
originals/rutst/2025/RuTST_2025_W_S2__8cfded03419008c1.pdf,97488,8cfded03419008c1192db1ae9dc1250e8700a63f0676ae96e0f6699457fbe495
originals/rutst/2025/RuTST_2025_W_S3__364d68a61b5ca82c.pdf,150730,364d68a61b5ca82c049fb8aff37695041509ef691b9759ed50ca2433d25edf83
originals/rutst/2025/RuTST_2025_X_Q1__80c5c432e0f06e87.pdf,164591,80c5c432e0f06e87d020ec18bc69969aefee87351b98805a67231123417b7761
originals/rutst/2025/RuTST_2025_X_Q2__043970a542de707d.pdf,184775,043970a542de707d0939fc9e16c3031aa5cd4dda01e9e48250332b3466fb6f37
originals/rutst/2025/RuTST_2025_X_Q3__4689bb4b4d22cfbf.pdf,145787,4689bb4b4d22cfbf5f3de4a1d03555d17673ec2508ba6dda21f225a92f7df315
originals/rutst/2025/RuTST_2025_X_Q4__3fd9ca4f716f6749.pdf,1185183,3fd9ca4f716f67496ed64d90f3e8f1a5658706d824e71c1564c0480f4a31b650
originals/rutst/2025/RuTST_2025_X_Q5__774171c4c3a0cb37.pdf,1896332,774171c4c3a0cb37749bdb7d6640b03c48965b86510dcfdb6934e6932f228193
originals/rutst/2025/RuTST_2025_X_Q6__097f14268937b596.pdf,175862,097f14268937b5961a738ebfad03aed783409a6c0fe8b05273f06735e47335a7
originals/rutst/2025/RuTST_2025_X_Q7__0657d1f1414d4eae.pdf,7514459,0657d1f1414d4eae0b2225f3bb141ed414a9b04c9ea9eeaf295bc14a452eb57b
originals/rutst/2025/RuTST_2025_X_Q8__2f0c632b3948709a.pdf,1238509,2f0c632b3948709abecf2dd333af6f0d6e74e680204f5dffade68fcb9933e097
originals/rutst/2025/RuTST_2025_X_S1__f549ad4781557bf5.pdf,217390,f549ad4781557bf57a526ffbf4ed83283204ba9382bfa1cdaecb5954c28525c5
originals/rutst/2025/RuTST_2025_X_S2__3424c4e914524031.pdf,307669,3424c4e914524031e6765c7066d6422add323f51fd924d99f635ca0a1b82fc73
originals/rutst/2025/RuTST_2025_X_S3__6c8767c5b745d5e0.pdf,186116,6c8767c5b745d5e01b103642b07692de6d8e8f93489744963300fee3c82d3837
originals/rutst/2025/RuTST_2025_X_S4__91c84dd2afeb880a.pdf,229368,91c84dd2afeb880a2ec08a9c9cb3956eb3702b23edfea88b0de6ab7aeed7c93f
originals/rutst/2025/RuTST_2025_X_S5__4feeaf6e3fe44feb.pdf,175800,4feeaf6e3fe44feb3806d45102873a2e0bccbd020fbbabbdb5926acdea26a8f6
originals/rutst/2025/RuTST_2025_X_S6__ce5c583ba90addff.pdf,729266,ce5c583ba90addff5df85689b37e2e03d15c2158e27b636a28d66448a7da41e1
originals/rutst/2025/RuTST_2025_X_S7__dabb6a12896130a6.pdf,873669,dabb6a12896130a6a9dfe7f7aa0549242d02b38d549494e0e4f80e9696db8015
originals/rutst/2025/RuTST_2025_X_S8__3987b5aa3c303e54.pdf,370031,3987b5aa3c303e54a56a7e2a42e25d32baa4bcd063d1faf894843cb8f2e4616a
originals/rutst/2025/RuTST_2025_Y_Q1__de7ae8ebb2cce1ab.pdf,179439,de7ae8ebb2cce1ab14b1a9ada4d19c6d32c81ebb4019b9cf76f3251739b267e0
originals/rutst/2025/RuTST_2025_Y_Q2__3ee8b9ae554d1276.pdf,211603,3ee8b9ae554d12762c5b4825608b5f45c3d936f7873649292d4982e602d695e3
originals/rutst/2025/RuTST_2025_Y_Q3__be5e2df445165b57.pdf,149443,be5e2df445165b57cf65ee60cee05bf9b780fbce8b19d7132df03e42dd3b4223
originals/rutst/2025/RuTST_2025_Y_Q4__9553e8552172659c.pdf,157056,9553e8552172659c859a6bfda718b240494965f589925e700c6c22f4d8e18a3d
originals/rutst/2025/RuTST_2025_Y_Q5__9b9b3644d67ba28d.pdf,233404,9b9b3644d67ba28d4f6a2eaca53b368b7217b0d7bd01ff431380ab5a5e6e8a33
originals/rutst/2025/RuTST_2025_Y_Q6__473e67784729079b.pdf,241750,473e67784729079b97e738b92abc686b35e70e96162a36626eff0fbbf92ca0b6
originals/rutst/2025/RuTST_2025_Y_Q7__0c06667abe18ca6e.pdf,4788573,0c06667abe18ca6ebda92aa08216491d4ed727071f771d0e34996799f640642e
originals/rutst/2025/RuTST_2025_Y_Q8__f886ea2ce845151e.pdf,656179,f886ea2ce845151ec59a881c10ae429e33ed10428524f62dab853873a125456f
originals/rutst/2025/RuTST_2025_Y_S1__76b297cf1a0c4a01.pdf,167859,76b297cf1a0c4a016a956250e8e78516af77740bcdff353c853220d88022e5c1
originals/rutst/2025/RuTST_2025_Y_S2__d20d837c51e8cb34.pdf,238281,d20d837c51e8cb340ff456bed40b410cf36ea3b261729a1cc515f2560bf43071
originals/rutst/2025/RuTST_2025_Y_S3__e17470ab768e54c1.pdf,288740,e17470ab768e54c108f0ddf6290a11ce7768f687f19489befff3bc4e7a7983d8
originals/rutst/2025/RuTST_2025_Y_S4__b90cce210e973df9.pdf,179095,b90cce210e973df947d0c9270488b04cc350b12af160fcadc1d4efde1411547e
originals/rutst/2025/RuTST_2025_Y_S5__724460790476bb68.pdf,175721,724460790476bb68360ce25f860389e6776a13fd2e41a65666f35159aaa3f2bd
originals/rutst/2025/RuTST_2025_Y_S6__e9c84e550fac38da.pdf,305530,e9c84e550fac38da71b4c7e20c947c455f13ec10acb4d2f660ef9ff221b40590
originals/rutst/2025/RuTST_2025_Y_S7__d7d4788dd51d3993.pdf,564991,d7d4788dd51d3993dead590afb3134010683e7f0538661fdc71fca284b836b3b
originals/rutst/2025/RuTST_2025_Y_S8__ec6a65f709b50ef7.pdf,673808,ec6a65f709b50ef78c5c3ddcedfef8e191aaed22120a8cf9ba8d2f913da9675f
originals/rutst/2026/RuTST_2026_W_A3__72f0e77accc3171c.pdf,119487,72f0e77accc3171c8d2a13c9d603d1a93b51f0989c440091e92833c28076ef13
originals/rutst/2026/RuTST_2026_W_A4__afeebef4b647c1be.pdf,133451,afeebef4b647c1be8cf4edffe46618586f5afd2cc64414659913c271ca54b984
originals/rutst/2026/RuTST_2026_W_Q1__8845f09a00ebdeed.pdf,124182,8845f09a00ebdeed83227db17bc4f37b27a00522cc52a0bcd2da558d9f9608dd
originals/rutst/2026/RuTST_2026_W_Q2__4a8d9cd60501ad1f.pdf,134882,4a8d9cd60501ad1ff71d83e55f1f8a5da65976a1f8818abf7f669761e516e4dc
originals/rutst/2026/RuTST_2026_W_Q3__74ecc6199b573b9a.pdf,153943,74ecc6199b573b9ab9ac4ecddf7cc1bee70e8fffb752180840f3f62a4c6be929
originals/rutst/2026/RuTST_2026_W_Q4__d6824db4209e4c8d.pdf,198808,d6824db4209e4c8d1fe5411e56e062274219fce6a5c8d4b49a5c6f37ca885e64
originals/rutst/2026/RuTST_2026_W_S1__5cbdfbe4d811f036.pdf,120743,5cbdfbe4d811f0360ff1617b362091c51543ae31f53a9377758008c473781d60
originals/rutst/2026/RuTST_2026_W_S2__389eedc4db91ce6d.pdf,199632,389eedc4db91ce6decd2bec14e4475cb05b2553134507327d8f69bba0549b489
originals/rutst/2026/RuTST_2026_W_S3__283d5eec50d3ee4c.pdf,352493,283d5eec50d3ee4ca10d6b22a2bf6ed31a5b6f682470791508ee819fe26cfd04
originals/rutst/2026/RuTST_2026_W_S4__3912626b4409e453.pdf,414298,3912626b4409e453130769aebfa1bbbeb6d6ded793d49a55a13c02cce38b8ba4
originals/rutst/2026/RuTST_2026_X_Q1__8596b28c6ba19f8e.pdf,141035,8596b28c6ba19f8ee090fe97b58a8652385ee3388f785afb73fc8955d1d63caf
originals/rutst/2026/RuTST_2026_X_Q2__1073c35d68873615.pdf,140399,1073c35d688736152b2254bd1bb2f3b8817e58e96517f312c6b6c86d63600f8f
originals/rutst/2026/RuTST_2026_X_Q3__18df8ec17add66ef.pdf,111189,18df8ec17add66ef1fc471677deb127f81c4943eba734cadd0c590a51858333d
originals/rutst/2026/RuTST_2026_X_Q4__ddaae95f87bdeae1.pdf,215568,ddaae95f87bdeae1a898de38e82ca87f1543934483af0bcd4097c68a0c438e27
originals/rutst/2026/RuTST_2026_X_Q5__20b3becd8c07941f.pdf,561806,20b3becd8c07941fa64fee2d0ee1975eaffd858b7741c40361f4377a7c252758
originals/rutst/2026/RuTST_2026_X_Q6__90f719c5ba5324a2.pdf,8239043,90f719c5ba5324a253eb8bd443e0fe17d5766b534c21327fea9fb07059debbc9
originals/rutst/2026/RuTST_2026_X_Q7__6de970c0efde5a3f.pdf,4367249,6de970c0efde5a3fc45f383b97f006b35f8197d2f4cd93d20bc41be1287df3bf
originals/rutst/2026/RuTST_2026_X_S1__6de610279c1b76cf.pdf,167278,6de610279c1b76cfbc56b8c690c7810ab2fc62b761a2202dade1657cb1e4a531
originals/rutst/2026/RuTST_2026_X_S2__f4f2e93fe9fd4c52.pdf,199290,f4f2e93fe9fd4c520206ff44e56e1c0b96e7f423cc2df0fe51f011f9f1b4c625
originals/rutst/2026/RuTST_2026_X_S3__6d0451ade752335c.pdf,1807658,6d0451ade752335cd475758190a0a90825121c4587bd0e2e570d0d04833a60cc
originals/rutst/2026/RuTST_2026_X_S4__8ec5920162bbc199.pdf,197378,8ec5920162bbc1996873baa3c6477de97c8995c557bcfd96de746697dfba9503
originals/rutst/2026/RuTST_2026_X_S5__990b1e0e416b3784.pdf,178696,990b1e0e416b3784ad3e370cce90a1b5af9528a66f1ab5b8002330e7570334b3
originals/rutst/2026/RuTST_2026_X_S6__434d6c5ce553da03.pdf,545225,434d6c5ce553da037eea507f09a816fd9ec3f8597c3a0ab8d97d2815f2987d43
originals/rutst/2026/RuTST_2026_X_S7__ce6a2fc64800b599.pdf,1440506,ce6a2fc64800b599c5b7117ad62c7b91caf19f08a66091b86d3a167f3301f6d4
originals/rutst/2026/RuTST_2026_Y_Q1__4e760295b239d2ad.pdf,133856,4e760295b239d2adf4ba8352cef352ad11698730e91d7730e998ecd03d24fa40
originals/rutst/2026/RuTST_2026_Y_Q2__de54921276fd162b.pdf,182818,de54921276fd162b6c0f2c72ae644eb8a0aa6633123d7bd52a9fa4e135af61f7
originals/rutst/2026/RuTST_2026_Y_Q3__6c8532d2b18066f9.pdf,130689,6c8532d2b18066f95690388966ba5f2117246a28269d7d92266a249a0ec79284
originals/rutst/2026/RuTST_2026_Y_Q4__2870e1bffce29f48.pdf,359559,2870e1bffce29f487e8d53f455edecce73e684ceee81b0b5eab95543f5909d17
originals/rutst/2026/RuTST_2026_Y_Q5__5184697200ef3676.pdf,155807,5184697200ef3676aa0cff0c8262124e8ae31357a990b31bfb2e4737822d7ef3
originals/rutst/2026/RuTST_2026_Y_Q6__d904cdc4fccacc54.pdf,194989,d904cdc4fccacc54fe240153ddaf444fbb13be69c21fac8d761e0f2c49e3e254
originals/rutst/2026/RuTST_2026_Y_Q7__f7e6612c906755ae.pdf,3346877,f7e6612c906755aee64d25b53cf8ba40cd1f58a53d292a715b0c421fa6827615
originals/rutst/2026/RuTST_2026_Y_Q8__c73a182a1a5cac72.pdf,1072298,c73a182a1a5cac72f2c37c727e9ebfae993336b6ef173edd8b0ee18bcc294569
originals/rutst/2026/RuTST_2026_Y_S1__89054733d4622b11.pdf,176212,89054733d4622b11c1ccce3600ca9fcdfa05743eea47d9ba114991900fdd7ca3
originals/rutst/2026/RuTST_2026_Y_S2__360eb29807eb60a0.pdf,238688,360eb29807eb60a03b423e969e8c1c3aec894fde7f096ca422f4fd3f21db0ce2
originals/rutst/2026/RuTST_2026_Y_S3__9aed9669e3a8d99d.pdf,190593,9aed9669e3a8d99d486b71467ea271b7b53414225de3e8904d40f7ff5958f94a
originals/rutst/2026/RuTST_2026_Y_S4__b167459e8de7edcc.pdf,180391,b167459e8de7edcc60ac13359ca68f588afcea72314e31c5916069026c9b2cdb
originals/rutst/2026/RuTST_2026_Y_S5__8cce702c38bd4275.pdf,186641,8cce702c38bd4275e561ff9ace3750af6c067c7a1177a7354c3095d4c9b2f835
originals/rutst/2026/RuTST_2026_Y_S6__4f047a96fe29ebd6.pdf,272860,4f047a96fe29ebd607e246f7ebf831337559226456f601bf0a6c0aaf9b83056c
originals/rutst/2026/RuTST_2026_Y_S7__a0b3d90a48b9fcef.pdf,523436,a0b3d90a48b9fcef8e88f967bf4f75be37996e387f760fd845b44b457de41dcd
originals/rutst/2026/RuTST_2026_Y_S8__5d2f5335ed2b0d70.pdf,477518,5d2f5335ed2b0d70f17e6521f361518a36aefb33c10f6087d2ead0c44b622d63
originals/sjpo/2008/SJPO_2008_Q1__e03f75b12d2ca0e4.pdf,474233,e03f75b12d2ca0e43d3b2260e7b27812c4b64a5861e24f62021b76d00426d0a7
originals/sjpo/2008/SJPO_2008_S1__cd4ea8ba9eec2314.pdf,45186,cd4ea8ba9eec2314ff1b48f9796360c42f349953fa8ccd7aabbeb9ab7abea11b
originals/sjpo/2009/SJPO_2009_Q1__8dfdaee6de87e2da.pdf,642566,8dfdaee6de87e2da1af34cd9696530f19b65282c90e8fbf384724c7f4080e877
originals/sjpo/2009/SJPO_2009_S1__3eeffbd1d00c5eb1.pdf,44755,3eeffbd1d00c5eb17895edfb1bc8b6d42fa4140b9343c950fe55785c99a38544
originals/sjpo/2010/SJPO_2010_Q1__00e82bfde1b28e03.pdf,290639,00e82bfde1b28e036cd6e46f031720d6d1531d70bf836b40d4c27b51ca931bc9
originals/sjpo/2010/SJPO_2010_S1__22ff68c45f9447d1.pdf,182497,22ff68c45f9447d15f0616fce2f64c354562084d430b8464c83fc32441abba9e
originals/sjpo/2011/SJPO_2011_Q1__6e22d6c865c6dca0.pdf,654611,6e22d6c865c6dca0f6c4c62703cd1684f4e1c5f9855228d46b322c1cd952a1f6
originals/sjpo/2011/SJPO_2011_S1__824a9f9f909d8df4.pdf,182623,824a9f9f909d8df4ea6159ef042da3adf88c32d6c526f841cef62abb99a5d3bc
originals/sjpo/2012/SJPO_2012_Q1__13f583f4157c7811.pdf,425119,13f583f4157c7811467acee96230e6d848eaa713f671001a4d924406ee40a17a
originals/sjpo/2012/SJPO_2012_S1__6dd06d83d5e0fd29.pdf,183339,6dd06d83d5e0fd29c0cdcb53636e3e077789c144d2bdde2fab87c61ca219616f
originals/sjpo/2013/SJPO_2013_Q1__76d27df5c0e7be73.pdf,388587,76d27df5c0e7be73814caed55c2c2b4c478d01bfad005b32533c7f3d95c53c9e
originals/sjpo/2013/SJPO_2013_S1__cc284d8950aa0341.pdf,190711,cc284d8950aa034124a2efe54f479e920acfe4d0ee9de7b5a58d78e8c69a7f58
originals/sjpo/2014/SJPO_2014_Q1__7ce52e488baa6cb7.pdf,661308,7ce52e488baa6cb70fcee24bb2caf64e43b72c97bce4ad01627d6a88865241af
originals/sjpo/2014/SJPO_2014_S1__7039cf87f8cd38f9.pdf,184251,7039cf87f8cd38f965a76adcb24d18503ccf4e78d5ee3a9930e608f5acc7d7cc
originals/sjpo/2015/SJPO_2015_Q1__9c8ad5196a91ffd3.pdf,653575,9c8ad5196a91ffd30408081c5bb9d5223f5cf2b7a1a7b5d41d50cb9f8dcf680f
originals/sjpo/2015/SJPO_2015_S1__b785a94f1245fec9.pdf,39408,b785a94f1245fec900bb5349dee7d4d8d2814e3ebdff45d197370a3975817a2c
originals/sjpo/2016/SJPO_2016_Q1__da946b6d76b4985a.pdf,416549,da946b6d76b4985a852c2f0079a04c50416a16e4a998fa494d07b25f86855115
originals/sjpo/2016/SJPO_2016_S1__c1112095abbb7609.pdf,1189403,c1112095abbb7609a477020f0dcf2e90e7395b44cef2797d00e8fc4cbe719da9
originals/sjpo/2017/SJPO_2017_Q1__37f7e7a18d3b91a3.pdf,841163,37f7e7a18d3b91a3df2ba6c7e4020af07a913067f2b2e6e2cedb1b4a94806ebf
originals/sjpo/2017/SJPO_2017_S1__8595c2cddef08fe5.pdf,233149,8595c2cddef08fe52cd7d9c19484e35df9d9c33ada19f3bc265b3a028c660338
originals/sjpo/2018/SJPO_2018_Q1__4e91d771b5c7bf4a.pdf,788384,4e91d771b5c7bf4a688a3424681163644024ae4a67399e0bf0340aae2335e90a
originals/sjpo/2018/SJPO_2018_S1__e605071fc52bf760.pdf,585703,e605071fc52bf760ccae39e7f7f55fb22364896b231ef081f68e0d6af2fa9fe8
originals/sjpo/2019/SJPO_2019_Q1__8489ee7b92e35453.pdf,564388,8489ee7b92e35453a2791c4ad98354b92cf344fdaeb027c91c1c2ecfe8ca0d2a
originals/sjpo/2022/SJPO_2022_Q1__4bca5bdc2d5766ae.pdf,462287,4bca5bdc2d5766ae42d0b13fc0ec5d80610f3354630f68c8348a8615f75e7d74
originals/sjpo/2022/SJPO_2022_S1__a0ce0a67f3de189c.pdf,166155,a0ce0a67f3de189c798ffd914516a4fc90bdb120d1044317306211b226120b25
originals/sjpo/2023/SJPO_2023_Q1__aba8e8ab3fec5437.pdf,3234446,aba8e8ab3fec5437ab5a2831776aab78b07d4ceef46a56a34f9a26afd487fce8
originals/sjpo/2024/SJPO_2024_Q1__676d3940bfaf3e22.pdf,236968,676d3940bfaf3e22f6947464be7d34336b4cd43ecaed0950daa6477de125a6be
originals/sjpo/2024/SJPO_2024_S1__2050ae1c8c27405c.pdf,176015,2050ae1c8c27405cfa65f12f1018d82e028efbc19d567e16a0e8282d69f27ec8
originals/sjpo/2024/SJPO_2024_UnusedPaper__9f1e7a1afe3d1cfc.pdf,8717702,9f1e7a1afe3d1cfc2e1e709418405a9d7c1b4372db7338e51c3bb2378fea524f
originals/sjpo/2025/SJPO_2025_Q1__e9e3a200664db03d.pdf,1160825,e9e3a200664db03dde740bc9ff90ffefc380873bc052d9999ef1581064db7599
originals/sjpo/2026/SJPO_2026_Q1__d086c64af4c00eac.pdf,253689,d086c64af4c00eaca32cb58381bfed3c3b3f7b3860dd2ebaff070ab67bae3643
originals/sjpo/2026/SJPO_2026_S1__8441312423d0aa89.pdf,292704,8441312423d0aa8937c51eab7a6578eacd365b7ae4ac8b8428a5176a6f885bb4
originals/spho/2002/SPhO_2002_Q1__1387149ebf3dc6f1.pdf,304359,1387149ebf3dc6f1176547b9afd7867ae395157df835606880fcdf311b1fc781
originals/spho/2003/SPhO_2003_Q1__fbfc5c1caf4bea7f.pdf,427339,fbfc5c1caf4bea7fb4ac05134a7e0e5c690ad53ef9db7f62013f0ffd2fbd37fd
originals/spho/2004/SPhO_2004_Q1__f5d0d7eb73d23776.pdf,54305,f5d0d7eb73d2377606fc3f2e1fa614424e8518de0c4417470bcd2a5fc568dfcf
originals/spho/2005/SPhO_2005_Q1__b01dd2f84cee1e40.pdf,51601,b01dd2f84cee1e408c21886e5bf45a2a6a58380f0387f3a810fca525f975290a
originals/spho/2006/SPhO_2006_Q1__72ed95c932cbb390.pdf,63233,72ed95c932cbb390df2e20984d9f6e0830108c660e60568e7b9bc9cad11766af
originals/spho/2007/SPhO_2007_Q1__bd52ca10f1032ce4.pdf,1021159,bd52ca10f1032ce4a41192b8c7665985b2027735e3a9d87b39f3590fb4c25ec0
originals/spho/2009/SPhO_2009_Q1__7fbc3961e6a8b163.pdf,1473722,7fbc3961e6a8b163cbedaa9fb87744627ff94bc408c964b600f9a53c029c8c01
originals/spho/2011/SPhO_2011_Q1__aef53bc89bff7e1e.pdf,1421116,aef53bc89bff7e1ee965c61dd67278f786e49c95b9e71440dfe362ac9afddbba
originals/spho/2012/SPhO_2012_Q1__68a927f32a6a8f22.pdf,2290569,68a927f32a6a8f221044c6a518eaeafbfbe1027d1322f1d970d6db0894774ff6
originals/spho/2013/SPhO_2013_Q1__5207f639dd129efe.pdf,173816,5207f639dd129efe7d8154348fa16c244e158389712edd06902898b23cf6ea2d
originals/spho/2014/SPhO_2014_Q1__029b38048289c4c6.pdf,165631,029b38048289c4c6a08597e35ab510e06f577f7292f7027f74e67d2fc0ba250e
originals/spho/2016/SPhO_2016_Q1__d584f6f779c81cd8.pdf,507113,d584f6f779c81cd894cc1f943f6e2fb6d1f9304ac1a3ab4d22ae43b2522af99b
originals/spho/2017/SPhO_2017_Q1__af9f4952ac8cc647.pdf,315002,af9f4952ac8cc64715a4d175cc510d546d824afba4ec9b0699ce462878e18818
originals/spho/2017/SPhO_2017_Q2__d25b778e9b92642a.pdf,1173966,d25b778e9b92642a1a23651709302c1e5a531470b42db16fcfa2e49dddd434c0
originals/spho/2018/SPhO_2018_Q1__c031a4aa166ad254.pdf,286217,c031a4aa166ad2543a1dfd2aece83148529f3431179efc43efa3056516626095
originals/spho/2018/SPhO_2018_Q2__87edbdf76415fef5.pdf,422417,87edbdf76415fef544f303cf25f59655ff1d996704d5827c71de7b3538e7498d
originals/spho/2019/SPhO_2019_Q1__f9d34bf904dcc19b.pdf,304688,f9d34bf904dcc19bae8fe79bf76c68a91f2c9eb812a9ad9ea199f4b9821b4af9
originals/spho/2019/SPhO_2019_Q2__c404c220d24feaaa.pdf,412768,c404c220d24feaaa44a869a32cfdf4abd675900e69f0ea9ab5122026f782c9c3
originals/spho/2020/SPhO_2020_Q1__0842629edd880935.pdf,206788,0842629edd880935d93e74926729bac7599b1f8f29b691508bfe9411ba9e06d4
originals/spho/2021/SPhO_2021_Q1__a6dbad8d576f1c3b.pdf,344979,a6dbad8d576f1c3b078fd450eb1670d71a74148390cd33d745424e7913bfc403
originals/spho/2022/SPhO_2022_Q1__8ae7fe7dee041f63.pdf,414431,8ae7fe7dee041f639d13e07239e3e76a2d6029b3820b3937bd91c25b5bb815f1
originals/spho/2022/SPhO_2022_Q2__a1e6b6ebed389442.pdf,620027,a1e6b6ebed389442c2e3dc890f236758efa4d1aecec6ebdf691a2bd2d4db8fac
originals/spho/2023/SPhO_2023_Q1__c2fc1f4246a844f7.pdf,307627,c2fc1f4246a844f7a16baf351d7c3c705f0e03c0835fdaedb26b50c339997470
originals/spho/2023/SPhO_2023_Q2__c71f4336b207fd9e.pdf,288806,c71f4336b207fd9e6e5ab3455ba7aa986c72d14753eac5959a25962cb329dac7
originals/spho/2024/SPhO_2024_Q1__b4192d180f926d85.pdf,424454,b4192d180f926d85a5714ee3cb477a9f147014179e864fd505418b571716fdec
originals/spho/2025/SPhO_2025_Q1__48cda64373c392fa.pdf,16438257,48cda64373c392faafab22a5e9a1aaef39736c6c9d1ff7eab1b0bc3815b2b32f
originals/spho/2025/SPhO_2025_S1__cc3e51392613cd4c.pdf,18078388,cc3e51392613cd4c4d0eecef1e71f52fbd3f0fc5eb4d32ef9697bccee34ddd72
originals/spho-tst/2017/SPhOTST_2017_Q1__d9677645a754dcf0.pdf,1081077,d9677645a754dcf047daa82640b843aff2848fcabf9242d336f73047a9af05e4
originals/spho-tst/2017/SPhOTST_2017_S1__e7bff42333833edc.pdf,139708,e7bff42333833edce55250add38aae59fdd6a02e030763aa619ee7321f9644c5
originals/spho-tst/2018/SPhOTST_2018_Q1__917025cbedc47020.pdf,1787810,917025cbedc470201e77a28da187837d6ef883e1b83cabe3bc39eb84a73b2c3c
originals/spho-tst/2018/SPhOTST_2018_S1__4f18eb4147bad18c.pdf,1225523,4f18eb4147bad18c2b44574f2c06fb48c57ff0d921bab9e15a1bc73efc1d71e5
originals/spho-tst/2019/SPhOTST_2019_Q1__655882ebdad5d7dd.pdf,891451,655882ebdad5d7dd9df0f40fb25118a4683dbf53b296312cd6266eee7989c676
originals/spho-tst/2019/SPhOTST_2019_S1__04f4bbb0a40b9683.pdf,151701,04f4bbb0a40b9683ddd84c6ef5f0c2ed3be8121a70aff1afdb73bca8423b82f6
originals/spho-tst/2020/SPhOTST_2020_Q1__113d9027a5af7dff.pdf,13280702,113d9027a5af7dffac8b640f872a7b932a96ab966224ed67d87c0bc472161332
originals/spho-tst/2022/SPhOTST_2022_Q1__f6d3fd107d3d1747.pdf,485861,f6d3fd107d3d174757b877acf770eff45b621b5d99b628bda2e3fc4281aa6cf4
originals/spho-tst/2022/SPhOTST_2022_S1__f27e2d2a7af1ec65.pdf,530826,f27e2d2a7af1ec6544ed5c736e787ac5e71549c2aa4e3289010f80acd9cd356d
originals/spho-tst/2023/SPhOTST_2023_Q1__8cac9f33d2bfce5a.pdf,614676,8cac9f33d2bfce5a1cada058ad4c3ca4a035ec4b6419e2c3fc36dbe12d3f88b3
originals/spho-tst/2023/SPhOTST_2023_Report__bdce1ad888d0f190.pdf,192738,bdce1ad888d0f1904cffab98f53ae9e7d351e96ccc0b894007ae02ef5f8b7616
originals/spho-tst/2023/SPhOTST_2023_S1__cb49506f9347836b.pdf,689305,cb49506f9347836baf7e7df6db9762b1477f7aa7254c4c00af69a5094dd32ffd
originals/spho-tst/2024/SPhOTST_2024_Q1__1f2ee4c7c7632a3a.pdf,581631,1f2ee4c7c7632a3a9d8be6bbacf5441edc2e873667fe99b3fe4a70c90bf5edba
originals/spho-tst/2024/SPhOTST_2024_S1__b3919228b6eb5c12.pdf,872023,b3919228b6eb5c12d2d02af0687369b10cf611c20de9cacde2d91a3fa838b418
originals/spho-tst/2025/SPhOTST_2025_Q1__7d6864fa548f5bbc.pdf,1168306,7d6864fa548f5bbc65473084e190916235808d84cd4edc32298b5ad7969cf2a9
originals/spho-tst/2025/SPhOTST_2025_S1__bc208708c3e97b1c.pdf,1353961,bc208708c3e97b1c1147f8aa8f217031a785c92cfebc032b9bbee9bdde81f354
originals/spho-tst/2026/SPhOTST_2026_Q1__a1139aeb895c26f2.pdf,1215116,a1139aeb895c26f2562d26ecc5b635a86ffd3b087f803176d83f20e5c45ad28a
originals/spho-tst/2026/SPhOTST_2026_Report__cffbb48845126f4a.pdf,236111,cffbb48845126f4ac993d48206e2b837de4268045498a22379221bac7d37094a
originals/spho-tst/2026/SPhOTST_2026_S1__80c9ea1dbd6978b4.pdf,1328045,80c9ea1dbd6978b4513a78ae1d066a6241c64c12d0a6395a9d76197301d6aab2
originals/twpho-camp/2017/TwPhOCamp_2017_Q1__04e8cc90356dbaad.pdf,877738,04e8cc90356dbaad1aa9406a8ddf67b76a358695697297b9d07e1a57135898a1
originals/twpho-camp/2017/TwPhOCamp_2017_Q2__cf284869fd80f953.pdf,732843,cf284869fd80f953e0a43d82f98b65fbb3a1ac7f1ce2c1bc5cf76bc400dfcdd4
originals/twpho-camp/2017/TwPhOCamp_2017_Q3__ca747c95de593911.pdf,535820,ca747c95de5939119f8afc50e8dc2b9b34df2d7e5bdeffd9840ae5eadbacfed1
originals/twpho-camp/2018/TwPhOCamp_2018_Q1__b94d322b4ad07f49.pdf,863275,b94d322b4ad07f49c991cce010d08e865e74367e44fa5b88520c3b9b514fb3dc
originals/twpho-camp/2018/TwPhOCamp_2018_Q2__197b1b824f83123a.pdf,912655,197b1b824f83123a82e65292d69bfce48f3d3fc5147eeb63338ae79c581fa8d3
originals/twpho-camp/2018/TwPhOCamp_2018_Q3__bfbb6279e25a6ba6.pdf,788858,bfbb6279e25a6ba61bfff42c36913839143532a64996b1c253d7ed91b6ba5f98
originals/twpho-camp/2019/TwPhOCamp_2019_Q1__27f78500072456cf.pdf,832659,27f78500072456cf2f682243fd20538c3408ec10847653be9d71e0f48a4119c0
originals/twpho-camp/2019/TwPhOCamp_2019_Q2__fb993bb2f790aed9.pdf,989818,fb993bb2f790aed9e69198169fc0f5dd8bb7b1ee3beb1e1b6608e89feacb7df6
originals/twpho-camp/2019/TwPhOCamp_2019_Q3__96ca2a9986a6e59f.pdf,1162187,96ca2a9986a6e59fb3372ad195e3cca826c7722988cf3350b32ccb17d3587aee
originals/twpho-camp/2020/TwPhOCamp_2020_Q1__c5d6c3a1aec8cdc3.pdf,822194,c5d6c3a1aec8cdc368174e4858159839f91ab55da56d3e1b89535113b54780ba
originals/twpho-camp/2020/TwPhOCamp_2020_Q2__737710f6b84cc75f.pdf,1173404,737710f6b84cc75fdc21d0907b207afc5a8aedfac2f21cf2401ac6bfd2d0a66c
originals/twpho-camp/2020/TwPhOCamp_2020_Q3__e087b16b661a2c8f.pdf,1039681,e087b16b661a2c8ff0a096cc9b8611f02a5bdfad39fb0d220e21e9e5cd953744
originals/twpho-camp/2021/TwPhOCamp_2021_Q1__a8609be8e33433d2.pdf,756336,a8609be8e33433d2c729e29e112ce783a1851e48378557b2b2685e401adfd271
originals/twpho-camp/2021/TwPhOCamp_2021_Q2__63727366662daaeb.pdf,811825,63727366662daaeb9cab0222f3cf9705fb7bd488cfc1712348adeeb5980c82da
originals/twpho-camp/2021/TwPhOCamp_2021_Q3__375546d12b37a9dd.pdf,861746,375546d12b37a9dd5eb6ac5ba3c2893acf03f9581951574789b2d7dd909e923f
originals/twpho-camp/2022/TwPhOCamp_2022_Q1__3b93d20d3bc82397.pdf,704506,3b93d20d3bc82397e81db6c4e52a035aa63c13422b24c109dd885ee6b306edc4
originals/twpho-camp/2022/TwPhOCamp_2022_Q2__b1cd565276ca09c0.pdf,792667,b1cd565276ca09c019fbfdffac486bd8da7fb013a3d1784096b234322964c368
originals/twpho-camp/2024/TwPhOCamp_2024_Q1__5f3bbd6100353715.pdf,7650052,5f3bbd6100353715decdc565bfa49067ecfa5dae01448f465e7a0c9346bd611e
originals/twpho-tst/2010/TwPhO_2010_Q1__da9333e8df95ff52.pdf,5399571,da9333e8df95ff520d9a3fe8cd4230efe7123c2c9a6147a23c870d4553060621
originals/twpho-tst/2011/TwPhO_2011_Q1__f6952ad48b75ab24.pdf,4629161,f6952ad48b75ab24458d72624b6a1a92258655068523b4a6535ecd5092c67a34
originals/twpho-tst/2012/TwPhO_2012_Q1__fe692bda58bd5fed.pdf,6694864,fe692bda58bd5fedf36af4d2ec328dc0b7bf88ace0cea58b71e612cd68d3a51d
originals/twpho-tst/2013/TwPhO_2013_Q1__f667537f33a4807d.pdf,2806705,f667537f33a4807d5cbbd8f840cada89b0e6d8f331e710d8ec31d9fd68ab0819
originals/twpho-tst/2014/TwPhO_2014_Q1__370c3e0148249361.pdf,652079,370c3e0148249361b297a0bf03c5eb044df3725b2f31b354c2567e7d1d4db836
originals/twpho-tst/2015/TwPhO_2015_Q1__0dfa6c93624c8232.pdf,8436302,0dfa6c93624c8232df9b44bf500fca4050f0dd536497f95d3bb410a6648b0e1e
originals/twpho-tst/2016/TwPhO_2016_Q1-6__4e74bf2930078889.pdf,634091,4e74bf29300788899cb973d67a8e243a5d12f0a2e5f13667ed8d13d16d0d69b4
originals/twpho-tst/2017/TwPhO_2017_Q1-6__e5e10a6f390c9bf5.pdf,858192,e5e10a6f390c9bf5c02f7cfba438874e0ef820486475e4ee351b1b1d1935c50c
originals/twpho-tst/2018/TwPhO_2018_Q1-6__93b91cece67cdb98.pdf,1093950,93b91cece67cdb9803f5186c0a0f4dc4ada3a0fbd753151854742b425b5cd8a8
originals/twpho-tst/2019/TwPhO_2019_Q1-6__0a966cf0590159a2.pdf,782996,0a966cf0590159a2886cd0d8341cd766135615794448e7d43fb5f2e10a274219
originals/twpho-tst/2020/TwPhO_2020_Q1-6__bf4fed707193a2e7.pdf,1217664,bf4fed707193a2e7c917d25588ed5829f31285fec1a50d398ff70c9999135ad7
originals/twpho-tst/2021/TwPhO_2021_Q1-6__bdcb8b6271645b1c.pdf,458435,bdcb8b6271645b1c21f4c2d5f76879202c2106ab95f5aaf2cb77cc46f77b5bc6
originals/twpho-tst/2022/TwPhO_2022_Q1-6__28d7bc88c2b19c86.pdf,649853,28d7bc88c2b19c869bb34fb5fdca0f2b8698e371197daacd346b3eecfd30601a
originals/twpho-tst/2023/TwPhO_2023_Q1-6__e63769e78505b2bd.pdf,523478,e63769e78505b2bd82cc7c6a5b32422dc8549d26080f1eb43512d648d66cb5d0
originals/twpho-tst/2024/TwPhO_2024_Q1-6__de9d843ec1101618.pdf,644622,de9d843ec11016187c653f45af852aaf3fdea4f2ef839cd2c72d929671726746
originals/twpho-tst/2025/TwPhO_2025_Q1-6__106a988932956384.pdf,806005,106a98893295638430f6520f94e6e755f606b94427e8d106dca02c4d0e72e2cb
originals/twpho-tst/2026/TwPhO_2026_Q1-6__58f484559441f6d2.pdf,2153481,58f484559441f6d2713b297d8614799ebc44e373bcb57112bc1d3aece610f528
originals/upho/2025/UPhO_2025_Q1-5__7d1594cf7bb96b3d.pdf,205535,7d1594cf7bb96b3dfbe4948d752df2d56e7a7531912db4f45d391e954896bd11
originals/usapho/2007/Fma_2007_Q1-38__1f17b42c83d1782d.pdf,225118,1f17b42c83d1782d460e2da573a70f7aec70b63d4d38ba9dce5cd835fe89094c
originals/usapho/2007/Fma_2007_S1-38__cd3e884f7569fb41.pdf,53906,cd3e884f7569fb411b955da080a9c24cf935746a2b88548b84f45a2fe07c01c1
originals/usapho/2007/USAPhO_2007_Q1-6__05c999522ee6f2b9.pdf,213303,05c999522ee6f2b969074119bd38e085ea1f791620ebec93be39f02aefc6e118
originals/usapho/2007/USAPhO_2007_S1-6__325b250411525785.pdf,101059,325b250411525785bf6ecc4af77ae0153a667440b7d97cbd9722cd46e1397dc0
originals/usapho/2008/Fma_2008_Q1-25__2d54f313004ad54b.pdf,80442,2d54f313004ad54b50c8a968b1ca58d96fe39e1911468a5a5b11d5f13416b2ae
originals/usapho/2008/Fma_2008_S1-25__07a3560f9bd1019c.pdf,65302,07a3560f9bd1019cdfad07a1946bb0c9b9567abb5f7430a6500cb297f204e13d
originals/usapho/2008/USAPhO_2008_Q1-4__cdb4a17b85a76a15.pdf,40358,cdb4a17b85a76a1514402939c84e39eae450acb58b1cc28454b98d2faf9cb55b
originals/usapho/2008/USAPhO_2008_Q1-6__0929dee7222e54b0.pdf,217844,0929dee7222e54b006f5d8de181603fe19495150367ae2d798ca48687a704b77
originals/usapho/2008/USAPhO_2008_S1-4__30fe311063a25c81.pdf,88553,30fe311063a25c81f8274de943397a3acc01130363d0c9a6dfc60013f20c5d3e
originals/usapho/2008/USAPhO_2008_S1-6__c45e8116c2327abc.pdf,255803,c45e8116c2327abc1b4e9874828f235a469c6fcfe103c9c0404b3e72b67a908f
originals/usapho/2009/Fma_2009_Q1-25__030e4e24363784fc.pdf,78284,030e4e24363784fc12a4308556800a7ff5e530ca194617548ab4262976a81d87
originals/usapho/2009/Fma_2009_S1-25__bff8a963c356d60a.pdf,80037,bff8a963c356d60ae879e182114f5dc9bf096817b48eecaf8246cb84707728d0
originals/usapho/2009/USAPhO_2009_Q1-4__144c31e61b7e5829.pdf,413940,144c31e61b7e5829811ff39ac0edfe7bb11b996e3836cafabd25ba2e2b03dcb1
originals/usapho/2009/USAPhO_2009_Q1-6__21046cb68f2d7bba.pdf,202866,21046cb68f2d7bba5751772b947151b8d7a339c33dcacc5a5092ae54c2a689a3
originals/usapho/2009/USAPhO_2009_S1-4__c67be118c7c31805.pdf,442942,c67be118c7c31805e7929564f88bbf4d9e47457925bc20f389b0caa8f042c941
originals/usapho/2009/USAPhO_2009_S1-6__e40589712f422961.pdf,277946,e40589712f422961c5b3dddc4616728a41c2a0cd6c1311c99a27167ea972ad8b
originals/usapho/2010/Fma_2010_Q1-25__52998543393dc1b9.pdf,140595,52998543393dc1b98b2bee397fd3ed44f0a4b30febd6a177f078444d3e9b2e1d
originals/usapho/2010/Fma_2010_S1-25__0ae65ac13f158266.pdf,146580,0ae65ac13f158266c4e2e583607152ea78bf7e98ee71954f3eb99685af930c90
originals/usapho/2010/USAPhO_2010_Q1-6__aa5531b1ce2a30e8.pdf,186205,aa5531b1ce2a30e87be1bf0e5cf4b4961adb6a8e7579fc4d108badc1c2061be1
originals/usapho/2010/USAPhO_2010_S1-6__d7dfa202a5339766.pdf,232528,d7dfa202a5339766d710bb58af2feace2a241747c44d4de74a3c208074482ca1
originals/usapho/2011/Fma_2011_Q1-25__7a37795ce3d86deb.pdf,121755,7a37795ce3d86deb833629aefa0eb1e683f6efc6f2e81383ff85b86e7765296f
originals/usapho/2011/Fma_2011_S1-25__803079734340896e.pdf,123676,803079734340896ef781fbf2f9d3f37ab9c887dd0186cb7d5e66c684a721d556
originals/usapho/2011/USAPhO_2011_Q1-6__4f266f58b471591e.pdf,188450,4f266f58b471591e15017d1c57f2023c32947f629f60b3aa43bc605c1a6f3a65
originals/usapho/2011/USAPhO_2011_S1-6__ffee5400c1210c66.pdf,252807,ffee5400c1210c661a04819cc7667f4b8e310528f438ce6beecf41fd6809f838
originals/usapho/2012/Fma_2012_Q1-25__8d9ab150b77f6111.pdf,115854,8d9ab150b77f61111057d758c13613259026e94376265867a6cc1f6498425407
originals/usapho/2012/Fma_2012_S1-25__1046a87e12c183ed.pdf,119337,1046a87e12c183ed46ba608f6d058033ff11425a1ef263ecc5d3c1fc50bb6762
originals/usapho/2012/USAPhO_2012_Q1-6__973ceea7a2be398f.pdf,188252,973ceea7a2be398f38656f56622fafc89560841345054ff950190dd34e62c60d
originals/usapho/2012/USAPhO_2012_S1-6__3e44d10224afc88c.pdf,229659,3e44d10224afc88ca7d0885d827592f6b4b3e26b6f24741eeedefd9e62eb3ad7
originals/usapho/2013/Fma_2013_Q1-25__ccd8991e7e388a9b.pdf,196776,ccd8991e7e388a9b1cb3f9bb1510e8a4626a86fd3b751db1d7decac317f46eaa
originals/usapho/2013/Fma_2013_S1-25__4f16b5242d744989.pdf,243621,4f16b5242d744989a38b3e59604d7fa99448d66e13a9bbd4b94331479e6f6554
originals/usapho/2013/USAPhO_2013_Q1-6__0af5cbdc6ce22866.pdf,320590,0af5cbdc6ce2286625a98823b15335c20e2830f0f19f7e6068b6cbddc8ff6967
originals/usapho/2013/USAPhO_2013_S1-6__93044a9e94adb999.pdf,355891,93044a9e94adb999547fed5eb024f087eddfdb4700afbd143aa82758b197cdba
originals/usapho/2014/Fma_2014_Q1-25__1d99a1c1d7a628de.pdf,199888,1d99a1c1d7a628de31c4e2064e17cd87cc7acedc72a7a5296211fbda070b300d
originals/usapho/2014/Fma_2014_S1-25__f8da6c23f1b9f428.pdf,219993,f8da6c23f1b9f4286582d6675363ff7a7777ab2e4a2f09a69917efd201b1dff3
originals/usapho/2014/USAPhO_2014_Q1-6__946c8cbf3c801e95.pdf,236655,946c8cbf3c801e95391d646bae2999b2f470558b96565a64b615a12380e2316c
originals/usapho/2014/USAPhO_2014_S1-6__1a411fd20988e4fa.pdf,441613,1a411fd20988e4fa98700749f338f702c6f586d1af9c96195233bf5b68f77290
originals/usapho/2015/Fma_2015_Q1-25__f36e110605cc42e8.pdf,169710,f36e110605cc42e88beda37b3dc4fbd5893094071118beba7c54cbdf5e892836
originals/usapho/2015/Fma_2015_S1-25__23f7e1a4a13047c5.pdf,199133,23f7e1a4a13047c5428312e7ddc968f5580855bbd1240b8c4c185883dbeec0a6
originals/usapho/2015/USAPhO_2015_Q1-6__3782fb4b0bf6ec1d.pdf,216667,3782fb4b0bf6ec1d2bd32c0017dcba4ffa8a76c39eea4d2bfecac4d80cee095f
originals/usapho/2015/USAPhO_2015_S1-6__7f2942861785a8fd.pdf,277170,7f2942861785a8fddcea2d5c4835ba43f4905e6aebded9e0ff51bb1399b6ae1c
originals/usapho/2016/Fma_2016_Q1-25__b0e816275baec8b1.pdf,145105,b0e816275baec8b1436c4dc01d31772bac4ca5180473dfb436a7c3f69cfdd2dd
originals/usapho/2016/Fma_2016_S1-25__44c18b0437237b65.pdf,178881,44c18b0437237b6558a66614b1516bc8a7971b2274db7b885fd38c1c4e842498
originals/usapho/2016/USAPhO_2016_Q1-6__dce0f7bd8adf20e7.pdf,199609,dce0f7bd8adf20e7f413083de1f920b1f73817fb42420aab957b46f01ecd7b61
originals/usapho/2016/USAPhO_2016_S1-6__fb1de1fa57617ffd.pdf,253097,fb1de1fa57617ffdc5914d1cb9676d814b14f688c80be56e9f262d4428d31d8d
originals/usapho/2017/Fma_2017_Q1-25__600b795b7d431052.pdf,176371,600b795b7d4310524b19c30b72ea605f2cea759902df4653a02dfaffe0cb7727
originals/usapho/2017/Fma_2017_S1-25__71181ed7077d8a11.pdf,177825,71181ed7077d8a11cd67b784c4a710800334195dc5a8f42aac9cb1a5c4753248
originals/usapho/2017/USAPhO_2017_Q1-6__b94936ed2d01c1d7.pdf,1675556,b94936ed2d01c1d7dadb5a31692507c4c18ae3b2b4aac9c84a9f6e9ad6acfda5
originals/usapho/2017/USAPhO_2017_S1-6__4322ada52dce1532.pdf,1726059,4322ada52dce153296bc4f57ed964467b9973598dd3a4b8ce1d4ed772cd8b38f
originals/usapho/2018/Fma_2018_Q1-25__933b322924183972.pdf,190632,933b3229241839726f79525d4f37d5964ddead1734b878252645ce864dcbb808
originals/usapho/2018/Fma_2018_Q26-50__392f854090a51340.pdf,170628,392f854090a513404b38c7592d93ad7d36665217b6f755bfb2b751c957b0e580
originals/usapho/2018/Fma_2018_S1-25__00c95c82490d8c84.pdf,213123,00c95c82490d8c84adc60713d28d202b72078e40a0200fe32702878fcde9f8a3
originals/usapho/2018/Fma_2018_S26-50__28ce7c6490b79ada.pdf,193210,28ce7c6490b79adaef19784ee2d0e4fe5791524fc14dcac64a2587ee44e92138
originals/usapho/2018/USAPhO_2018_Q1-6__7d530a96fc4dc086.pdf,245816,7d530a96fc4dc086a8b7b2d3665fc8cbdf9f722eaea0d3bd0b6d3a14fa9652c4
originals/usapho/2018/USAPhO_2018_S1-6__77e808962d509eee.pdf,290023,77e808962d509eee70912dea716fb2fc1b5e2dc2b71f2274c46f1fef15ee9c9a
originals/usapho/2019/Fma_2019_Q1-25__7d8ced296e35a988.pdf,187288,7d8ced296e35a9882bc8761247efdc7ea8b335f2c61b379db0e95c87d5cee60b
originals/usapho/2019/Fma_2019_Q26-50__2d13ef513df6d31a.pdf,191344,2d13ef513df6d31a3776b710273dc6f81d35355c81d422e9079572f7aedd859a
originals/usapho/2019/Fma_2019_S1-25__b9fbe21c11ad096d.pdf,232408,b9fbe21c11ad096d1854d045a1cc56756ff9061e17af9704bf8ff0f7c6d94369
originals/usapho/2019/Fma_2019_S26-50__46106b52f915251f.pdf,238990,46106b52f915251fab6f4481a819ea33c97a6feada63535c4428647dc620f03b
originals/usapho/2019/USAPhO_2019_Q1-6__29847c38daa6fac5.pdf,253682,29847c38daa6fac5353a789304ea943df0b71e091ef425cb1cee7065e8d34e98
originals/usapho/2019/USAPhO_2019_S1-6__ec1cfcaee7d4ac6d.pdf,319094,ec1cfcaee7d4ac6d1ca9a6067366272bd2d10cff54e26d0923ced44f8d5742ed
originals/usapho/2020/Fma_2020_Q1-25__45369c4a721e75b3.pdf,195675,45369c4a721e75b3a76e8d6237d1906c743d28ef270b207242963edacb7438c6
originals/usapho/2020/Fma_2020_Q26-50__1f8a5f37e72fb42d.pdf,191932,1f8a5f37e72fb42d58af078492820e2748ad21cdd68025a7f9c3267dead589c9
originals/usapho/2020/Fma_2020_S1-25__ec725a1fb1a1193c.pdf,239292,ec725a1fb1a1193c424d802824cf85b28950af3eeda87d5ba8c9dea09d4c4d90
originals/usapho/2020/Fma_2020_S26-50__a8f0dd1fffb4103a.pdf,241919,a8f0dd1fffb4103aaff1f1b91771f82bad35736ae4d526346aadceec3c866169
originals/usapho/2020/USAPhO_2020_Q1-6__bdee52d5efa3f5ba.pdf,369645,bdee52d5efa3f5baa3d05ec083537e32df4d4120cc84e917960d89a03c1f26a6
originals/usapho/2020/USAPhO_2020_S1-6__bdc26731e2d2b0a2.pdf,435496,bdc26731e2d2b0a230f1bfffc50a91501a42449ccdd4aac130e77107b39c800f
originals/usapho/2021/Fma_2021_Q1-25__066bb58b2b32314e.pdf,293106,066bb58b2b32314ed196459cafac3994648a2cf3eccd4ad986b33310ce6f6162
originals/usapho/2021/Fma_2021_S1-25__2174c19148ea80dd.pdf,333246,2174c19148ea80dd71ad874eb3c46af422b2b48231cd68a3f2f8e924c69261aa
originals/usapho/2021/USAPhO_2021_Q1-3__b7e54b370a945bda.pdf,283302,b7e54b370a945bdabe74f426d6ffe28ab7ebb98e8717ce69de744c6ae453db89
originals/usapho/2021/USAPhO_2021_Q1-6__83b753eb4e419328.pdf,189457,83b753eb4e419328a93233a2c30198cb9d33fa1e776c6782cfb814fc5435481a
originals/usapho/2021/USAPhO_2021_S1-3__1ce62d2d1f8dd6b1.pdf,323592,1ce62d2d1f8dd6b1cbf1bb3c2cdfa7ffc4e9cd61d72a9aef87ffef518d5a4152
originals/usapho/2021/USAPhO_2021_S1-6__7d60abb735df138e.pdf,265359,7d60abb735df138e0e423eff9ef2bd6dfc65d10bca470f1341b31bd3a9010d1f
originals/usapho/2022/Fma_2022_Q1-25__1da9dc454485d710.pdf,207335,1da9dc454485d71068d2aea105efe56de8935861176b31b364a819e0b2b97685
originals/usapho/2022/Fma_2022_Q26-50__e5629999dcd15b41.pdf,213813,e5629999dcd15b4118cd7aad68402a03641e82beb2b94f52a9ec8ea4efc561b4
originals/usapho/2022/Fma_2022_S1-25__ebdfa800e22afc12.pdf,244471,ebdfa800e22afc122426c47d4034ae1b10c91756adf05aba3d4d61a283f4a18e
originals/usapho/2022/Fma_2022_S26-50__b3852a6dc73d8da2.pdf,236973,b3852a6dc73d8da2f0c414c0e930178660f77e941dffaa8bec1a23f6602d20f5
originals/usapho/2022/USAPhO_2022_Q1-3__710cea32f2ecf0cc.pdf,480903,710cea32f2ecf0cc6a68b6354a030a89cf029080a290c3e303bc56e8da3ac402
originals/usapho/2022/USAPhO_2022_Q1-6__e25f434231d97da6.pdf,220368,e25f434231d97da62f54d44331d483febc66bed45f6cdf537cc384a22e96715a
originals/usapho/2022/USAPhO_2022_Q4__730b29070b01dfdf.pdf,110837,730b29070b01dfdf4ceb17fb1e6163704ed84af1da773d041e77ab3cfd2ce6f7
originals/usapho/2022/USAPhO_2022_S1-3__8b3a8d6780c7f796.pdf,555576,8b3a8d6780c7f79621c88ab98e08f2a99e585f3a829e02c1c07a8c2f91f5a42f
originals/usapho/2022/USAPhO_2022_S1-6__2e726dab177da748.pdf,297518,2e726dab177da748f1588696b48040eaf60aae8138996b892950cedd811524c0
originals/usapho/2022/USAPhO_2022_S4__ec7d63abbac92f02.pdf,139431,ec7d63abbac92f02c78baa9e6c7e57960ae321ff9884ed002d07bd621227b851
originals/usapho/2023/Fma_2023_Q1-25__aab7e2c3c60710aa.pdf,312064,aab7e2c3c60710aa6e6e9aa88623920402f1b072f76c792aee3a4d3e650867a1
originals/usapho/2023/Fma_2023_S1-25__beed79c6caac2a48.pdf,338635,beed79c6caac2a48a8c05cfe362f10b386d204ad2bda7836af2ecf724a8b94d5
originals/usapho/2023/USAPhO_2023_Q1-6__e5f6e4f215fb1752.pdf,350272,e5f6e4f215fb17529dbb3adbaa051ec83728451adbe3db60738e21e2152441bd
originals/usapho/2023/USAPhO_2023_S1-6__cc5eaf467c259f91.pdf,422590,cc5eaf467c259f9119d2d65ad759bbcbfd510480f033f07814c3e3c25807f1f3
originals/usapho/2024/Fma_2024_Q1-25__81819eb4235db2c0.pdf,564542,81819eb4235db2c0374c527753dc733a4c8b0b81b38526924ecf02bc096edc35
originals/usapho/2024/Fma_2024_S1-25__ec08944bb47971a2.pdf,594168,ec08944bb47971a20e505e18d9260b64963ffe6654d7cc799ebb44c779ec33cd
originals/usapho/2024/USAPhO_2024_Q1-6__2a93ac274a4c74b9.pdf,907140,2a93ac274a4c74b93711d98cc71ba522d9562a1730c6ce6040237d3a9777a4b1
originals/usapho/2024/USAPhO_2024_S1-6__42c488de819c124d.pdf,924616,42c488de819c124d45b486586cb0bf0e44cbe33c6c5e94285f54dc3ff00881e6
originals/usapho/2025/Fma_2025_Q1-25__2d979b4735b845e3.pdf,490735,2d979b4735b845e3bc387f1e365238ed8525393f17fe3841f1f9a5c976379693
originals/usapho/2025/Fma_2025_S1-25__318442e318c1f3f6.pdf,532539,318442e318c1f3f6f2822030a421a0cfe6988126b2a1c9510efcba6341503295
originals/usapho/2025/USAPhO_2025_Q1-6__2e8b438ad960749d.pdf,484395,2e8b438ad960749de7a09f905dde0eddf638d5e5d75d32222d4c860152f5059b
originals/usapho/2025/USAPhO_2025_S1-6__2e849628670f1f97.pdf,578768,2e849628670f1f97a615776e8098534ea817fc52c20d2223f4cabc9a7ada1a85
originals/usapho/2026/Fma_2026_Q1-25__e688f8db17f043bb.pdf,477013,e688f8db17f043bb76481c0f21db1a399e564c177db22b0b87fcca7e07162fff
originals/usapho/2026/Fma_2026_S1-25__fa134ae6057871db.pdf,528105,fa134ae6057871dbe57325da97ac7234229639424abf1b14c43817ef0654b12a
originals/usapho/2026/USAPhO_2026_Q1-6__95c2f0d278aa206d.pdf,486116,95c2f0d278aa206d7386d868dca2a5af4f4135c12bae23a3dce6a55812cad982
originals/usapho/2026/USAPhO_2026_S1-6__da401e05d009e1db.pdf,458682,da401e05d009e1dbd14c231484142de03a7cbec9b1a04e7e8b131cc3d3854d64
originals/usatst/2021/USATST_2021_S1__ca771d8071dd9dc8.pdf,323592,ca771d8071dd9dc8b3d22cb220c9040fbf0f1b7701b46b65dfafb3cdae5231b2
originals/vosh/2010/VsOSh_2010_Q1-5__d9cf135cac3a5a5d.pdf,164217,d9cf135cac3a5a5db6bebd3197b11b2de0b038995797088883fc92e915d4cf5a
originals/vosh/2010/VsOSh_2010_S1-5__bc04066cc6aca9dc.pdf,304085,bc04066cc6aca9dcfc8a4731d62b47e33aa3cd474ffd5fe28ff06db13c5367c9
originals/vosh/2011/VsOSh_2011_Q1-5__c22a40b45751d057.pdf,122591,c22a40b45751d057ab40124d81ada6ca6d887096a0014463a51c53f1ed685e7a
originals/vosh/2011/VsOSh_2011_S1-5__e7c05113d8b7186b.pdf,142355,e7c05113d8b7186b489cf40bae5970964474f25058a71c23b10a6fee04253988
originals/vosh/2012/VsOSh_2012_Q1-5__5800b1e16a6eef92.pdf,90864,5800b1e16a6eef92efda1aac64564c02159a6bdab4e26e3d9f0b555a9a2b8834
originals/vosh/2012/VsOSh_2012_S1-5__6c5c6557d565b97d.pdf,115825,6c5c6557d565b97d86ace5ff317f7901171cf225de78f21ce84823560fc940f3
originals/vosh/2013/VsOSh_2013_Q1-5__6538976efa927824.pdf,167432,6538976efa927824200e0cbb33ff4e72bcf7dc8e0eeafe9ab4c97dfb0a94f69b
originals/vosh/2013/VsOSh_2013_S1-5__0c3fb3c662b89d46.pdf,168223,0c3fb3c662b89d46295bca6e7054c29332396236cc2b2bcc72443dd48ec6fdba
originals/vosh/2014/VsOSh_2014_Q1-5__e56a1747de5c9c73.pdf,101003,e56a1747de5c9c7360c827a607a57623ee8a0615baf8b12aaba2af189b9ae6e5
originals/vosh/2014/VsOSh_2014_S1-5__4a71146a80276260.pdf,130371,4a71146a802762603f809e014f6c066552a624c579a6a2b7962ca233f0a4d521
originals/vosh/2015/VsOSh_2015_Q1-5__cd884e012c96165c.pdf,92931,cd884e012c96165c90b5e445810792c561d4025d809289f1c8bf6e0878d7b547
originals/vosh/2015/VsOSh_2015_S1-5__7eb80f2c2506f2c8.pdf,124104,7eb80f2c2506f2c803ee01e9b6e5719af688b5224cb0fc11e47d718cc25420f7
originals/vosh/2016/VsOSh_2016_Q1-5__c0658c401fceb2e1.pdf,77292,c0658c401fceb2e1e81a5c9618ca1a4103bf60fad8bb89c635619d12c6739622
originals/vosh/2016/VsOSh_2016_S1-5__89bb412e6cebe676.pdf,98445,89bb412e6cebe67698c619233e0544d6aefeffdf942306dfafd84dd084a20371
originals/vosh/2017/VsOSh_2017_Q1-5__e54b7e86d00a4028.pdf,2990747,e54b7e86d00a40282a776028883830860c5dae3d468eaf1988c1466b961d5654
originals/vosh/2017/VsOSh_2017_S1-5__13f429b670a6d06b.pdf,312239,13f429b670a6d06bc39e0645761deadd62ee1fba919261583613c3a0aee69041
originals/vosh/2018/VsOSh_2018_Q1-5__3d99970a89219cad.pdf,372363,3d99970a89219cadcbda080f860406378eb4ba59756605197df595c1661d284f
originals/vosh/2018/VsOSh_2018_S1-5__e2eacc8d9fc2c070.pdf,794119,e2eacc8d9fc2c070572c9e3ca3ca9fc393ca15ddbdddfa700036ff94a8b2693d
originals/vosh/2019/VsOSh_2019_Q1-5__91f81c62953cc9e9.pdf,483073,91f81c62953cc9e9769c1d16918cf34a9692f06154b858801f5bc2cecce91852
originals/vosh/2019/VsOSh_2019_S1-5__d73c90da02b748fc.pdf,361530,d73c90da02b748fc1bb9eee1f5c63379b47fb8578744f783b8792e65c0cd5c74
originals/vosh/2021/VsOSh_2021_Q1-5__561a1ec41d21b1a4.pdf,83837,561a1ec41d21b1a4f533975f292b12d0a06917e3788063b69e1e4a3b26555239
originals/vosh/2021/VsOSh_2021_S1-5__2aa9b59942a60018.pdf,1713325,2aa9b59942a60018bca5fcaa4d43a82cfd8d12fe3a87ce8542b593493ee697ec
originals/vosh/2022/VsOSh_2022_Q1-5__d31d0dcf60e5f746.pdf,269934,d31d0dcf60e5f746455f90e9128a7ff3088b440a817e58b9763060a332bc2863
originals/vosh/2022/VsOSh_2022_S1-5__1ccc3acf74f97c6a.pdf,1048366,1ccc3acf74f97c6aafd7ce9c5c6479c1e5b26270e9eb34a745e005bb634571f6
originals/vosh/2023/VsOSh_2023_Q1-5__74a2223b3b0c6e72.pdf,65649,74a2223b3b0c6e72e49495fc1edae4abcc8b4f835e47cb7a49815b8434d63848
originals/vosh/2023/VsOSh_2023_S1-5__8f6a171462ae03a6.pdf,142637,8f6a171462ae03a6eb6f8b6ac462fab119dacc55a4aced45f95c17d390f1b630
originals/vosh/2024/VsOSh_2024_Q1-5__6f9ec471b88d0e95.pdf,65198,6f9ec471b88d0e9578039b1061068b81376daaf0e054cb2df5a44e933f735a8b
originals/vosh/2024/VsOSh_2024_S1-5__a52a063a4c8c5348.pdf,168680,a52a063a4c8c5348339161db93a213cfe370641f6debe4bea2f1144a05b25952
originals/vosh/2025/VsOSh_2025_Q1-5__aef03f6edcad988d.pdf,240635,aef03f6edcad988df47ba17495f2461dc2fcbfbc3d34a37fa0d7143f7ce07900
originals/vosh/2025/VsOSh_2025_S1-5__b0560ec742a1da2a.pdf,1167625,b0560ec742a1da2afa3d85d18c9ea6eba8135fda82b2f0763713e7d47b85a67a
originals/wopho/2011/WoPhO_2011_Q10__c781401cf2a8b60e.pdf,153430,c781401cf2a8b60e8673f6f27ea6e8577e672889e955b0ff1a410c54374ab7f5
originals/wopho/2011/WoPhO_2011_Q11__9cb910c3a24e8f3e.pdf,195615,9cb910c3a24e8f3eb59f383a79db4db5633546a4632b302251664f8f03d818ab
originals/wopho/2011/WoPhO_2011_Q12__ab0335971b05ec06.pdf,107747,ab0335971b05ec06dee896ce2f5a93c0c0ec8a918b40aea37447df8eff07e3c5
originals/wopho/2011/WoPhO_2011_Q13__4db563d4c005f17b.pdf,170284,4db563d4c005f17bc2aa6f39fee832f3259de0a72b998ab4423edd3793de832e
originals/wopho/2011/WoPhO_2011_Q1__eece3ca33e1cfe24.pdf,436943,eece3ca33e1cfe24a264368f0cd20a38d0f0c6ad9e9dfaf7ef018b7341ad37f6
originals/wopho/2011/WoPhO_2011_Q2__c6336a0e5fa689de.pdf,114358,c6336a0e5fa689de195d18b5cd6aca6ab45456f45fb6d7b3de220bae81ac83b3
originals/wopho/2011/WoPhO_2011_Q3__7e0c76c2e3a47b30.pdf,281850,7e0c76c2e3a47b3052efe015715530c7c73751c6490e8a56980c25e0d2b2bfa0
originals/wopho/2011/WoPhO_2011_Q4__3aa4cc2ea4d3abd3.pdf,474380,3aa4cc2ea4d3abd3e06c5ada895678e5cd75d18790de74928c89ee2bccfae95c
originals/wopho/2011/WoPhO_2011_Q5__5096f795b14662b7.pdf,103176,5096f795b14662b76c2f095f79f6c80a0fb0acc511485f78f516796b4746f745
originals/wopho/2011/WoPhO_2011_Q6__5f53a99fc2f84cde.pdf,686959,5f53a99fc2f84cde5a493c3d8911f03874fcffd70f21b0a13299edf2e2e0cb09
originals/wopho/2011/WoPhO_2011_Q7__23ccc1e90ac1d64e.pdf,355186,23ccc1e90ac1d64e8fbaee2e97e602a18642ad8e82269676e296fee1da4f8428
originals/wopho/2011/WoPhO_2011_Q8__6cb5b08732fe2b2e.pdf,195353,6cb5b08732fe2b2ee954fe9387278a00904f080bfe9f5c25b28dcc062ac0c538
originals/wopho/2011/WoPhO_2011_Q9__452f1e3d7a9fb43e.pdf,162660,452f1e3d7a9fb43e78d1d93842433d1531e7fe1fab748ad605c9c75d2890be70
originals/wopho/2011/WoPhO_2011_S11__e024e4a371fe3972.pdf,171927,e024e4a371fe39723306589a211029169a8f63fecd8247ba125b241d5551d2a8
originals/wopho/2011/WoPhO_2011_S12__3646be63f47846c7.pdf,112694,3646be63f47846c7fed8366ebee12a3d0342ad42b49ead3d8d88caec91aec787
originals/wopho/2011/WoPhO_2011_S13__6766d44d3f924f05.pdf,336241,6766d44d3f924f059918eb0d18d19d69875f67306bff00422a78d75301c571ac
originals/wopho/2012/WoPhO_2012_Q10__4a6e871cd348aff0.pdf,152083,4a6e871cd348aff01e0b54d6050b9a1d76f706602c4cac47a7eaae6d56dd288e
originals/wopho/2012/WoPhO_2012_Q11__4791ac3de984c001.pdf,145619,4791ac3de984c001ca417bc2f8526aeb333185e62ea69946f48d612dc10fe81e
originals/wopho/2012/WoPhO_2012_Q12__21560b6f7aefc750.pdf,255213,21560b6f7aefc7501ade317f6ba5744558f6ac5d6fa6ce04bcdab047ed3dfd65
originals/wopho/2012/WoPhO_2012_Q13__3fece89d0fa4a8fc.pdf,152590,3fece89d0fa4a8fc3e2a0b54c72a4a243dc00f8db74e7464618b88b1d4a143d3
originals/wopho/2012/WoPhO_2012_Q1__3ab57899b98a28c7.pdf,122783,3ab57899b98a28c7ca8f64651a0a35257b8c14de8585fd7eac0b6afe1e6f73ad
originals/wopho/2012/WoPhO_2012_Q2__1b41929caf412644.pdf,160241,1b41929caf41264496293438c8ac5c1b93dfc5d74376da07bd426d3cf55da487
originals/wopho/2012/WoPhO_2012_Q3__bcf2a7a30e599a92.pdf,227972,bcf2a7a30e599a92266de98d7b43e372a6ece71965e464630cf9249be4ad78ee
originals/wopho/2012/WoPhO_2012_Q4__faa043414d35fa61.pdf,193262,faa043414d35fa6133f8a16a832910da94bed3ddde164f6e989d95075d35c02b
originals/wopho/2012/WoPhO_2012_Q5__610c1fbdd5ba072f.pdf,379680,610c1fbdd5ba072f2c46bd205b53acf662999c6c1401c81634d0c8d2bb949aa9
originals/wopho/2012/WoPhO_2012_Q6__de247dfffb2c99f3.pdf,898339,de247dfffb2c99f3cc93414b5c8963309ea91a67ac7c5362b8c43a7e92036290
originals/wopho/2012/WoPhO_2012_Q7__61283870cd751c67.pdf,213509,61283870cd751c67d6fb191f4dc6b151ab70d4dca4f2b35dcc87db5c31df36d2
originals/wopho/2012/WoPhO_2012_Q8__e777040544315205.pdf,2004470,e777040544315205f0fca456db18bded2484726b03541b92200c112a1d5a7e47
originals/wopho/2012/WoPhO_2012_Q9__03a709d776aeaa23.pdf,393366,03a709d776aeaa238a5b31e69f19b6e1baf4a15732095b59fb7a4b14e73a1973
originals/wopho/2012/WoPhO_2012_S10__0eb6e90baae08ac4.pdf,267195,0eb6e90baae08ac4f0307fd0ba0c1400784918d7aaab6cfbd0f6259772f423cd
originals/wopho/2012/WoPhO_2012_S11__e73a9286f86af096.pdf,229779,e73a9286f86af096bd1d7da6492edcc98524cfbbab7580bad9b9ff22b1ac45a2
originals/wopho/2012/WoPhO_2012_S12__77ab888c6fe7246e.pdf,136743,77ab888c6fe7246e47f54b7cd68aeb590fd1eccf897a2d87691cb84d4cbb4670
originals/wopho/2012/WoPhO_2012_S13__9d567a91d93cd7ff.pdf,144267,9d567a91d93cd7ffcf3a9a56cf7c09b49dd6d29263ae21c79d54eb2aa9c435bc
originals/wopho/2012/WoPhO_2012_S5__8dde3b23eb935c0b.pdf,237303,8dde3b23eb935c0b4835debacee151bc05cb5e468d276d3ae0ad55b8ebd0600e
originals/wopho/2012/WoPhO_2012_S7__cc1e269e0e411025.pdf,241888,cc1e269e0e4110259d8d6bb872a40e6a276355f155e8e7ad52d71dd96ee194c2
originals/wopho/2012/WoPhO_2012_S8__f9839504e0c4c7da.pdf,313932,f9839504e0c4c7da48f7bd4467839e246c8257d52fc55c0f5a643a651e333b77
originals/wopho/2013/WoPhO_2013_Q10__e9ec5c33ba1cf80c.pdf,75945,e9ec5c33ba1cf80ccac26415e0cac66c6c9dabe39dfdd2375b57466149cb863a
originals/wopho/2013/WoPhO_2013_Q1__538089f26e1b1beb.pdf,76211,538089f26e1b1bebd7a973089b1d79a694dc57a9a22bf6328c6be316cf0d5292
originals/wopho/2013/WoPhO_2013_Q2__d53c4cec59ceb534.pdf,106160,d53c4cec59ceb5341ffe00833c94a58ca258805b170ea54bbfca344db8cc7b8f
originals/wopho/2013/WoPhO_2013_Q3__1af72147f8995463.pdf,84071,1af72147f8995463a3236a1c7dae34057fee740ef8f05105abc9d18cd675cb15
originals/wopho/2013/WoPhO_2013_Q4__a170da63f4b9fdcb.pdf,97587,a170da63f4b9fdcbad5960ead8cda7e08536822cffca94ae41215c716b263bfb
originals/wopho/2013/WoPhO_2013_Q5__9e1bc792937f8b0a.pdf,296633,9e1bc792937f8b0ad7a1c9438ae0073c40f48096c0d27e24ab8c9144e1bdf1e8
originals/wopho/2013/WoPhO_2013_Q6__830488903e5a13ad.pdf,167881,830488903e5a13adce3825a400e74ad5f74b7c13347367412080cf4b579847b8
originals/wopho/2013/WoPhO_2013_Q7__b6894f3efdd1a9a5.pdf,162671,b6894f3efdd1a9a509c582cfbfd27ce0054d5f1227d492c354d542be7fe4d9ed
originals/wopho/2013/WoPhO_2013_Q8__951c261225eebaa7.pdf,253924,951c261225eebaa75c614d45191ec1fc333e16a21805b8f12c772b8694d1f441
originals/wopho/2013/WoPhO_2013_Q9__a8f60d11de9e5ca3.pdf,121447,a8f60d11de9e5ca314f5a42dd161bf343f80ac36fbee60639e420038f060b6bb
originals/wopho/2013/WoPhO_2013_S10__1f2fd96b7239e542.pdf,573747,1f2fd96b7239e542c2a704cfb4dcda589ad17e8bb8513c20b5e19288b8b7dea9
originals/wopho/2013/WoPhO_2013_S1__92348bf5d1bc0d23.pdf,215049,92348bf5d1bc0d23489c947824229e153140b3c9034e40367c78c55c17e2d395
originals/wopho/2013/WoPhO_2013_S2__eb39ec9058c61b73.pdf,265882,eb39ec9058c61b7331ba1cb88238bfc3817be74f425cd696ccefecd472a685dd
originals/wopho/2013/WoPhO_2013_S3__918ef9c343d3acef.pdf,208133,918ef9c343d3acefb330a7c05ed16823ef5c9747be43c7887f02a4d2fd96f879
originals/wopho/2013/WoPhO_2013_S4__b58b7adb268572ae.pdf,229665,b58b7adb268572aec88f00d32cc17e43bff1592bb2be7ae4e4a30ab5d8800250
originals/wopho/2013/WoPhO_2013_S5__e0ab4ab43243625e.pdf,335703,e0ab4ab43243625e893fef9e7fe6c0a0f0b03968b22f8e1e1a80a3df82ba1cc4
originals/wopho/2013/WoPhO_2013_S6__ba13e551a06aad97.pdf,669580,ba13e551a06aad97432efc2a359eb26c76cf425ab7addfd340a3bfc829c8bad5
originals/wopho/2013/WoPhO_2013_S7__ef6872b5aafe693e.pdf,440706,ef6872b5aafe693e856ba41301bc190853cbab7e3137d36c3cb7aeb3beb0899f
originals/wopho/2013/WoPhO_2013_S8__1a6d05e06cf4c675.pdf,1760264,1a6d05e06cf4c675c949ed0553fd548fb1babaf2cd7341c364c62e00b541dc96
originals/wopho/2013/WoPhO_2013_S9__551464a335c9f8ca.pdf,926626,551464a335c9f8ca2ac2a4c539c1072ef4a8d0bace512619b0b7398af28a5e1b
problem_documents.csv,288709,5318c66bce304c75b25ecbb8db5084277909256c5b657323ee323c2d02ed2725
problems.csv,1247775,94f88a13e3c7d96849456fd64b4b0e46e53b58c81e96d5976fde36d36bc470d5
README.md,1867,bcbf52c5fa96e8754c1d087b3e8dc303ad0e033cefc1be7a43888044ef6e3e13
reports/acquisition.log,3694,fbfa9fe4cc23af7c5d62c6a6a504af0d88cb870abc6df254bf9535092ecc96e3
reports/band_identity_repairs.json,6611,1f5adaea6d0afa7e69a318a1ab6616229d487cc3b5e2521194d4ae0d20b4795d
reports/competition_coverage.csv,3235,fbc79297ea9e57b03c4519b0766d52c5ba26e2631fb79ab4685586027fab1281
reports/content_role_review.json,11447,fa7bbcd4a2d5a5e50298b83981f4db4175e68599dc446a3ac12e0b67e9a0e6d4
reports/deliverable_verification.json,333,dff158ececcf80294e6c44f5bd154cb9ca12be7874a6bb7833c3c5d3b501c9fc
reports/dependency_retry.log,213,3eed39cf5d8c214a1c6ddd0bacb8766175b410eb9dbc45d67b8a346f8898d65b
reports/discovery_reconciliation.json,11176,956328c77188927bc75cc9f4a1c9b984938c9877d9eb0931d479cd5d4f0387a7
reports/full_paper_problem_check.json,2836,554c2c26a4624ce305423c20c9ec718aadedbc3e99955198717cff2199996465
reports/fyziklani_2026_page_4.png,49497,9807118777c3517dea38bb46258cdd9752871beb33dc94cf0cbff723402017fd
reports/fyziklani_2026_page_5.png,61339,5445a751fd6f1214ebee1093d15e98b6ae40e0e1751c9b7d9bd5a761813e583f
reports/fyziklani_2026_page_6.png,49845,9b229c4c1bbac343297eef036f9006a3ced60ff0fa8b2472cc022e8e6d7f723e
reports/Fyziklani_2026_Q1-58.pdf.png,46875,ae9728e36f22d987df9cd6470077d72d64779d55b54fbb775642adbda11c57f3
reports/Fyziklani_2026_S1-58.pdf.png,46875,ae9728e36f22d987df9cd6470077d72d64779d55b54fbb775642adbda11c57f3
reports/independent_pdf_page_counts.json,586997,9e5b2a73af1ab23b12e8f660d4ad76c7099d7cb27bfe9b91f9b0369b55702ee1
reports/independent_pdf_validation.json,178,f21e54e1cc96125a0c53a65742e9198a5d60db76962c90a200b9a655884e4912
reports/landing_scope_recheck.json,107,72ae639fb0a796cae348e97c21933000b194879d92a7e9e6827dbc2a68a0b145
reports/legacy_ipho_1967.png,114344,98421fb5290eec924bc381d598ac1699a6fd2f349e645bb55d573535ea952305
reports/mixed_role_evidence.json,134447,3d779d68acff4035c6769ae30dd36049579136d36f0425fe5c352697a4bf0713
reports/moscow2015partial_1.png,86802,b09fe68c5cc8309494204da36206b19e677f0f77d41a64ec901bc68134c6e84f
reports/moscow2015partial_2.png,84982,692d2e87aadee50c845ebdfbea550bbd8adad3ac1da532e0ce2ecdbf9b11d2e9
reports/moscow2015partial_3.png,31296,065d5a17a1778442d78c71d4a26d80ebedc3fe925479fb9f2222ca27014e8995
reports/moscow_round_2017_2.png,167717,39462e065f1a2cf1051b2f4bc24b4d43edbdcd89fa816d8f781493c94ad3bec6
reports/mosphys_round_header_review.json,4698,ae38c812479bec3816e332792fa6fb4f6929022fddaa1b98576621d4eac22c6c
reports/OPhO_2022_Q1-35.pdf.png,83100,dbe24156610fb272735cacb1d9389a5050612a8b42dc3cb6c491817ea8b9f113
reports/OSN_2024_Q1-40.pdf.png,91146,a7f0bf5075777498f20da3a202cbbefd4ecb0566a828724408bc4e256a1a1f31
reports/RMPh_2021_Q4.pdf.png,150958,18ad8e395b5a2b1000ab31311e3c54c783750e6690bf4c1cb4e93d9b0e491a04
reports/scanned_sample.json,808,a6eb3f9b331ed36088cb51d8683b63d2efc0b13c14ef0ffc9ebb1be6a0b9f091
reports/scanned_sample.png,54821,6e9f219d93126f5d705de1347ae36efe4e3de41809cd9110790be514b939ddda
reports/shared_file_scope_review.json,9314,aa84241201c613e7c4017213401a7fc9e044a7ec0dceeb495bc1b7154b353a42
reports/SPhO_2023_Q1.pdf.png,59322,9c2ae384aaf826fd1ac846bb83b867443767d83c526ce401a74c7d022557c4a2
reports/SPhO_2023_Q2.pdf.png,58750,bfc440e1a189df03a719134ecad279e8faf053a554fdaa724f7571a085a94af8
reports/spot_check_evidence.json,149374,d9ddc6300cdaf654afa2390cc0ff5d343fdf9a63c609616092080983157d1b3f
reports/spot_checks.log,33811,57b6bd4f00b1462af2c82f510af05959fc52fc3ed1c0e5fa79629940a005cd5f
reports/summary.json,1419,f63c29099b183c134c44fb517153ed2cff354a1a6cec71d2077da4a1cbe462f8
reports/TwPhO_2026_Q1-6.pdf.png,139360,419db30b6cb03bfa27ab815c32f4df8566610d6668194f568bc45afb686f3fad
