screening_unit_id,source_problem_id,derived_from_whole_paper,competition,competition_slug,competition_category,year,round_or_section,format,problem_number,problem_title,title_provenance,source_file,source_file_id,source_sha256,page_start,page_end,location_json,source_url,decision,confidence,primary_spho_domains,required_physics,external_physics_if_any,decision_reason,visual_inspection_used,solution_used,review_status,screened_at,evidence,boundary_status,reviewed_at,source_quality_notes,accounting_status
raw::368,368,0,APhO,apho,International,2011,Theory,unknown,1,The Shockley-James Paradox,unknown,originals/apho/2011/APhO_2011_Q1__99c1edbe27ef09ce.pdf,1204,99c1edbe27ef09ce9624a7446b598f1ef38b8876d6b4152d59b0f14ec5ed10db,1,3,,https://olimpicos.net/apho/index.html#2011,REJECT,high,,Central hidden-momentum derivation requires unsupplied special-relativistic particle momentum and energy,,REJECT: Central hidden-momentum derivation requires unsupplied special-relativistic particle momentum and energy.,0,0,single_pass_complete,2026-10-04T08:43:01.144631+00:00,"Fast complete statement pass: source 1204, all 3 PDF pages including all internal parts read from SHA-cached text.",source_individual_boundary,,,REJECT
raw::360,360,0,APhO,apho,International,2013,Theory,unknown,2,Relativistic Correction on GPS Satellite,unknown,originals/apho/2013/APhO_2013_Q2__0ce11b98f5a959f5.pdf,1182,0ce11b98f5a959f5b39b5d23ab59b8aed72c6ee6b7edbf2b46adc02b5de74eee,1,6,,https://olimpicos.net/apho/index.html#2013,REJECT,high,,Unsupplied relativistic momentum law is central to accelerated-particle results and all subsequent GPS corrections,,REJECT: Unsupplied relativistic momentum law is central to accelerated-particle results and all subsequent GPS corrections.,0,1,pass_2_complete,2026-10-04T08:43:01.144458+00:00,"Fast complete statement pass: source 1182, all 6 PDF pages including all internal parts read from SHA-cached text. Local official solution 1183 pp1-2 explicitly starts F=d(gamma m v)/dt; statement supplies coordinate transformations but omits this essential dynamical law.",source_individual_boundary,2026-10-04T08:43:02.150415+00:00,,REJECT
raw::334,334,0,APhO,apho,International,2019,Theory,theory,2,Jets from AGN,unknown,originals/apho/2019/APhO_2019_Q2__5efc7dcba95a671a.pdf,1058,5efc7dcba95a671a062f53a2278dc7a473b9893cc7293c253b0ebfa6e939f03f,1,6,,https://olimpicos.net/apho/index.html#2019,REJECT,high,VII_magnetic_field;II_oscillations_waves;IV_thermodynamics,"Relativistic jet density/energy/momentum transformation, ultrarelativistic gas equation of state, gyration/pulse duration, supplied cooling and spectrum laws",Unsupplied Lorentz density/energy/momentum transformations and relativistic particle dynamics,"A1-A7 require proper-to-lab density and energy/momentum Lorentz transformations which are NOT supplied. B requires unsupplied ultrarelativistic E approximately p*c and C1-C3 require relativistic transverse inertia plus gamma/speed relations. These establish the central jet flow, equation of state and gyration results; D2 also depends on B. Although beaming angle, synchrotron power, spectrum and frozen-flux assumption are supplied, they do not close these structurally central prerequisites. Whole REJECT.",1,1,pass_2_complete,2026-10-04T05:24:58.273359+00:00,"APhO2019 original file1058: ALL6 actual statement pages read through SHA cache and ALL rendered physical pages viewed, including diagrams/apparatus. Single parent with every internally lettered/numbered task retained. General instructions1052/1053 all2 pages each read. Key1055 pp2/3 text and p3 image; key1059 pp1-5 text (p2 rerun after slight truncation), pp1/4 images; key1063 p5 text verifies final invariant; key1067 all7 text and pp4/6/7 images verifies measurement/energy method. No experiment performed.",content_boundary_verified,2026-10-04T05:24:58.278397+00:00,"Official key1059 renderedp4 C1 inserts an extra sin(phi) after already writing v_perp=Omega*r; this changes the physical gyrofrequency. The R decision follows the unsupplied relativistic prerequisites, independently of this key error. Supplied radiation/cooling relations acknowledged.",REJECT
raw::4249,4249,0,AzPhO,azpho,National,2020,Problems,unknown,4,Proton collision new particle *,source_authored,originals/azpho/2020/AzPhO_2020_Q1-5__7805110f2b9bdd6a.pdf,3070,7805110f2b9bdd6a4c612e897690ae0dbd741952f0534ccc25872864a71c1690,2,2,,https://olimpicos.net/azpho/index.html#2020,REJECT,high,,Unsupplied relativistic energy-momentum required for proton fusion rest mass,,REJECT: Unsupplied relativistic energy-momentum required for proton fusion rest mass.,0,0,single_pass_complete,2026-10-04T07:56:51.330918+00:00,"Fast statement pass: source 3070, registered 4, PDF pp 2-2; actual complete statement and internal parts read from SHA-cached text. Statement sufficient for prerequisite judgment.",source_individual_boundary,,,REJECT
derived::c0b46c34d6af8dc2::2581::1,2581,1,BPhO,bpho,National,2013,Round 2 / Problems,theory,1,,unknown,originals/bpho/2013/BPhO_2013_2_Q1__c0b46c34d6af8dc2.pdf,2745,c0b46c34d6af8dc2ea259b54ce6709aeb72967d267ad9aeb08949e83bfd81fbb,2,3,"{""heading_text"": ""1.  \n \nObservations show that the speed of light in a vacuum is always the same whatever t"", ""heading_bbox"": [36.84000015258789, 56.653785705566406, 527.55078125, 337.4746398925781], ""boundary_note"": ""Retain all lettered/decimal internal parts; repeated Q1.a/Q1.b markers are the same problem. Conservative end page, to refine during physics content review."", ""page_range_precision"": ""conservative_until_content_review""}",https://olimpicos.net/bpho/index.html#2013,REJECT,high,,Unsupplied relativistic length contraction and charge-density transformation central to deriving wire attraction without magnetism,,REJECT: Unsupplied relativistic length contraction and charge-density transformation central to deriving wire attraction without magnetism.,0,0,single_pass_complete,2026-10-04T08:32:29.048534+00:00,"Fast statement pass: source 2745, printed Question 1; complete statement and internal parts read in SHA-cached text. Rendered figure inspected: no contraction/charge-density transformation supplied.",top_level_count_verified_location_pending,,,REJECT
derived::52f8a891d6129bec::1704::六,1704,1,CPhO,cpho-f,National,2003,Problems,theory,六,,unknown,originals/cpho-f/2003/CPhO_2003_Q1__52f8a891d6129bec.pdf,2044,52f8a891d6129becf4d21ccb60f46997cedf9aa50123ffd147294cedcb121b63,2,3,"{""boundary_note"": ""All rendered statement pages inspected for source grand-question headings. Internal lettered/numbered parts kept; conservative inclusive page ranges retain shared pages."", ""page_range_precision"": ""conservative_until_content_review"", ""combined_source_solution_section"": [4, 10]}",https://olimpicos.net/cpho-f/index.html#2003,REJECT,high,,Relativistic cyclotron energy and inelastic absorption involving composite rest mass,Unsupplied special-relativistic dynamics,Relativistic mass-energy and momentum relations are not supplied; the orbit and composite-rest-mass calculation structurally require them.,1,0,pass_2_complete,2026-10-03T23:10:48.739632+00:00,"Actual complete source statement inspected, with equations/figures in page renders. US selection also read in full embedded text; Chinese bold duplicate statements do not become extra units.",content_boundary_verified,2026-10-03T23:14:06.471479+00:00,,REJECT
derived::0480b7bd2f896a53::1702::5,1702,1,CPhO,cpho-f,National,2005,Problems,theory,5,,unknown,originals/cpho-f/2005/CPhO_2005_Q1__0480b7bd2f896a53.pdf,2042,0480b7bd2f896a53c6f83d18a2b68d08baaeb11f5c7809965ea8c674f3664690,5,5,"{""source_label_present"": true, ""boundary_note"": ""Reviewed first-level source question headings across the statement section. Subsequent reference-solution headings are not new units. The source grand fill-in problem retains its internal numbered parts, consistently with British general-question bundles."", ""page_range_precision"": ""conservative_until_content_review""}",https://olimpicos.net/cpho-f/index.html#2005,REJECT,high,,Exact nuclear recoil photon wavelength and arbitrary-speed Doppler require unsupplied relativistic relations,,REJECT: Exact nuclear recoil photon wavelength and arbitrary-speed Doppler require unsupplied relativistic relations.,0,0,single_pass_complete,2026-10-04T09:07:15.165626+00:00,"Complete actual statement read: source 2042 Problem 5 pp5-5, all internal parts.",top_level_count_verified_location_pending,,,REJECT
derived::4ca77258299918a4::1701::六,1701,1,CPhO,cpho-f,National,2006,Problems,theory,六,,unknown,originals/cpho-f/2006/CPhO_2006_Q1__4ca77258299918a4.pdf,2040,4ca77258299918a44f26320027466b81cc70c97e7e467ee190282be0f4516042,4,4,"{""source_label_present"": true, ""boundary_note"": ""Reviewed first-level source question headings across the statement section. Subsequent reference-solution headings are not new units. The source grand fill-in problem retains its internal numbered parts, consistently with British general-question bundles."", ""page_range_precision"": ""conservative_until_content_review""}",https://olimpicos.net/cpho-f/index.html#2006,REJECT,high,,Pair-production collision threshold centrally needs unsupplied relativistic energy-momentum,,REJECT: Pair-production collision threshold centrally needs unsupplied relativistic energy-momentum.,0,0,single_pass_complete,2026-10-04T09:07:15.165501+00:00,"Complete actual statement read: source 2040 Problem 六 pp4-4, all internal parts.",top_level_count_verified_location_pending,,,REJECT
derived::c84bf68c392fcb6d::1694::8,1694,1,CPhO,cpho-f,National,2013,Problems,theory,8,,unknown,originals/cpho-f/2013/CPhO_2013_Q1__c84bf68c392fcb6d.pdf,2032,c84bf68c392fcb6d58ea275f64853223aafd46c974dd5f2c7cb1217f8373c4c1,4,5,"{""heading_text"": ""Problem 8 (15 points)"", ""heading_bbox"": [68.03099822998047, 572.3141479492188, 193.72396850585938, 584.2693481445312], ""next_heading_text"": null, ""boundary_note"": ""Source top-level numbered heading; all internal decimal/lettered parts remain grouped. Shared-page heading anchors delimit neighboring problems.""}",https://olimpicos.net/cpho-f/index.html#2013,REJECT,high,,Relativistic simultaneity and clock readings need unsupplied Lorentz/time-dilation relations; velocity formula alone is insufficient,,REJECT: Relativistic simultaneity and clock readings need unsupplied Lorentz/time-dilation relations; velocity formula alone is insufficient.,0,0,single_pass_complete,2026-10-04T09:04:37.322364+00:00,"Complete statement pass: source 2032, all paper pages read; printed Problem 8, pp 4-5, including all internal parts.",content_boundary_verified,,,REJECT
derived::59b01e7f1bf3e94a::1692::3,1692,1,CPhO,cpho-f,National,2015,Problems,theory,3,,unknown,originals/cpho-f/2015/CPhO_2015_Q1__59b01e7f1bf3e94a.pdf,2028,59b01e7f1bf3e94a146234bae462a6be4e48169bfd521677c89eae4023e5db52,2,2,"{""heading_text"": ""Problem 3"", ""heading_bbox"": [68.03099822998047, 427.3481140136719, 129.22967529296875, 439.3033142089844], ""next_heading_text"": ""Problem 4"", ""boundary_note"": ""Source top-level numbered heading; all internal decimal/lettered parts remain grouped. Shared-page heading anchors delimit neighboring problems.""}",https://olimpicos.net/cpho-f/index.html#2015,REJECT,high,,Relativistic rocket dynamics and velocity composition are central and unsupplied,,REJECT: Relativistic rocket dynamics and velocity composition are central and unsupplied.,0,0,pass_2_complete,2026-10-04T09:04:37.321838+00:00,"Complete statement pass: source 2028, all paper pages read; printed Problem 3, pp 2-2, including all internal parts.",content_boundary_verified,2026-10-04T09:24:21.472832+00:00,,REJECT
derived::60125a86bd46c516::1689::8,1689,1,CPhO,cpho-f,National,2018,Problems,theory,8,,unknown,originals/cpho-f/2018/CPhO_2018_Q1__60125a86bd46c516.pdf,2022,60125a86bd46c51641172b8518c97f1ffee213128cdfe30f0fd42009ee861336,6,7,"{""heading_text"": ""Problem 8"", ""heading_bbox"": [68.03099822998047, 706.0411376953125, 129.22967529296875, 717.996337890625], ""next_heading_text"": null, ""boundary_note"": ""Source top-level numbered heading; all internal decimal/lettered parts remain grouped. Shared-page heading anchors delimit neighboring problems.""}",https://olimpicos.net/cpho-f/index.html#2018,REJECT,high,,Central finite-speed mirror-frame blackbody spectrum and efficiency require unsupplied relativistic Doppler and frame transformations,,REJECT: Central finite-speed mirror-frame blackbody spectrum and efficiency require unsupplied relativistic Doppler and frame transformations.,0,0,single_pass_complete,2026-10-04T08:59:09.952037+00:00,"Fast complete statement pass: source 2022 all pages read; printed Problem 8 pp6-7, including all internal tasks.",content_boundary_verified,,,REJECT
derived::5759ef1bcc4d0cdb::1687::6,1687,1,CPhO,cpho-f,National,2020,Problems,theory,6,,unknown,originals/cpho-f/2020/CPhO_2020_Q1__5759ef1bcc4d0cdb.pdf,2018,5759ef1bcc4d0cdb0d71c2f93a6695249fa64b969483cb560c3be8ad37c277f0,5,7,"{""heading_text"": ""Problem 6"", ""heading_bbox"": [68.03099822998047, 653.5131225585938, 129.22967529296875, 665.4683227539062], ""next_heading_text"": ""Problem 7"", ""boundary_note"": ""Source top-level numbered heading; all internal decimal/lettered parts remain grouped. Shared-page heading anchors delimit neighboring problems.""}",https://olimpicos.net/cpho-f/index.html#2020,REJECT,high,,Central antiproton flight speeds and allowed Dalitz region require unsupplied relativistic particle energy-momentum,,REJECT: Central antiproton flight speeds and allowed Dalitz region require unsupplied relativistic particle energy-momentum.,0,0,single_pass_complete,2026-10-04T08:57:19.408266+00:00,"Fast complete statement pass: source 2018 all paper pages read; printed Problem 6 pp5-7, including all internal tasks.",content_boundary_verified,,,REJECT
derived::da656d25ae2d3a47::1685::4,1685,1,CPhO,cpho-f,National,2022,Problems,theory,4,,unknown,originals/cpho-f/2022/CPhO_2022_Q1__da656d25ae2d3a47.pdf,2014,da656d25ae2d3a47bd99713802e95c515a8fd6838bfbbf75e4e250069d63b3f8,4,5,"{""heading_text"": ""Problem 4 (60 points)"", ""heading_bbox"": [68.03099822998047, 135.32510375976562, 193.72396850585938, 147.28030395507812], ""next_heading_text"": ""Problem 5 (50 points)"", ""boundary_note"": ""Source top-level numbered heading; all internal decimal/lettered parts remain grouped. Shared-page heading anchors delimit neighboring problems.""}",https://olimpicos.net/cpho-f/index.html#2022,REJECT,high,,Central laser trajectory and wavelength require unsupplied Lorentz coordinate and relativistic momentum-energy laws; only field transforms supplied,,REJECT: Central laser trajectory and wavelength require unsupplied Lorentz coordinate and relativistic momentum-energy laws; only field transforms supplied.,0,1,pass_2_complete,2026-10-04T08:57:19.407956+00:00,"Fast complete statement pass: source 2014 all paper pages read; printed Problem 4 pp4-5, including all internal tasks. Local official solution 2015 p21 starts from unsupplied p=gamma*m*v; p29 allocates 36/60 to relativistic trajectory and accelerating-voltage work versus 24/60 diffraction.",content_boundary_verified,2026-10-04T08:57:20.160445+00:00,,REJECT
raw::271,271,0,EuPhO,eupho,International,2024,Theory,theory,T2,Spaceships,unknown,originals/eupho/2024/EuPhO_2024_Q1-3__43438581a9bacd76.pdf,756,43438581a9bacd766dc485a4518c649c281ad89c7f426589ccbde4228c1d0883,1,1,"{""top_level_label"": ""T2"", ""boundary_note"": ""Three theory problems share a two-column sheet; T1/T2/T3 headings, not lettered parts, delimit units. Each E/E1/E2 is one complete experiment; all internal Tasks stay together. Shared setup pages accompany both experiments where applicable."", ""archive_catalogue_identifier"": ""2"", ""header_provenance_note"": ""Actual printed top-level T/E label; original archive catalogue identifier retained separately.""}",https://olimpicos.net/eupho/index.html#2024,REJECT,high,,"Special-relativistic simultaneity, length/time transformation and velocity addition",Special relativity: Lorentz transformations and relativistic velocity addition.,Both major parts require unsupplied relativistic transformations at speeds 3c/5 and 4c/5; these are central rather than an optional context.,1,0,pass_2_complete,2026-10-03T21:10:19.585914+00:00,"Read T2 and viewed file 756 p1; both frames, intervals and simultaneous counts are requested, with no Lorentz or velocity-addition relations provided.",content_boundary_verified,2026-10-03T21:54:57.728940+00:00,,REJECT
raw::3573,3573,0,Fyziklani,fyziklani,National,2009,Problems,unknown,16,Light speed in flowing water *,source_authored,originals/fyziklani/2009/Fyziklani_2009_Q1-40__b46500e8f6c95baa.pdf,2856,b46500e8f6c95baa0c3f20f320547b22978e535463e5c8e16753cab862e9945f,8,8,,https://olimpicos.net/fyziklani/index.html#2009,REJECT,high,,Unsupplied relativistic velocity addition,,REJECT: Unsupplied relativistic velocity addition central and unsupplied.,0,0,single_pass_complete,2026-10-04T07:14:40.012641+00:00,"Fast statement pass: source 2856, printed 16, pp 8-8. Complete original Czech statement read from SHA text cache; older encoding retains sufficient scope evidence.",source_individual_boundary,,,REJECT
raw::3592,3592,0,Fyziklani,fyziklani,National,2009,Problems,unknown,35,Reflection from moving mirror *,source_authored,originals/fyziklani/2009/Fyziklani_2009_Q1-40__b46500e8f6c95baa.pdf,2856,b46500e8f6c95baa0c3f20f320547b22978e535463e5c8e16753cab862e9945f,19,20,,https://olimpicos.net/fyziklani/index.html#2009,REJECT,high,,Unsupplied relativistic moving-mirror transformation,,REJECT: Unsupplied relativistic moving-mirror transformation central and unsupplied.,0,0,single_pass_complete,2026-10-04T07:14:40.012979+00:00,"Fast statement pass: source 2856, printed 35, pp 19-20. Complete original Czech statement read from SHA text cache; older encoding retains sufficient scope evidence.",source_individual_boundary,,,REJECT
raw::3537,3537,0,Fyziklani,fyziklani,National,2010,Problems,unknown,20,20. garáž,unknown,originals/fyziklani/2010/Fyziklani_2010_Q1-40__14ad603e0e7f5447.pdf,2855,14ad603e0e7f54470aa42dc58a68ae55cf7b97b332412caa2a6cbab4f5e45dd5,9,9,,https://olimpicos.net/fyziklani/index.html#2010,REJECT,high,,Unsupplied Lorentz length contraction,,REJECT: Unsupplied Lorentz length contraction central and unsupplied.,0,0,single_pass_complete,2026-10-04T07:13:11.332983+00:00,"Fast statement pass: source 2855, printed 20, pp 9-9. Complete original Czech statement read; old layout pack includes following solution.",source_individual_boundary,,,REJECT
raw::3553,3553,0,Fyziklani,fyziklani,National,2010,Problems,unknown,36,36. měření rychlosti,unknown,originals/fyziklani/2010/Fyziklani_2010_Q1-40__14ad603e0e7f5447.pdf,2855,14ad603e0e7f54470aa42dc58a68ae55cf7b97b332412caa2a6cbab4f5e45dd5,18,18,,https://olimpicos.net/fyziklani/index.html#2010,REJECT,high,,Unsupplied Heisenberg uncertainty relation,,REJECT: Unsupplied Heisenberg uncertainty relation central and unsupplied.,0,0,single_pass_complete,2026-10-04T07:13:11.333266+00:00,"Fast statement pass: source 2855, printed 36, pp 18-18. Complete original Czech statement read; old layout pack includes following solution.",source_individual_boundary,,,REJECT
raw::3509,3509,0,Fyziklani,fyziklani,National,2011,Problems,unknown,30,30. urychlený pozitron,unknown,originals/fyziklani/2011/Fyziklani_2011_Q1-38__4bc8d7fd340f7af5.pdf,2854,4bc8d7fd340f7af5dec967862d3fcdfff5adde85e2df25b04eb870a1303a82d9,16,16,,https://olimpicos.net/fyziklani/index.html#2011,REJECT,high,,Unsupplied relativistic positron energy-speed relation,,REJECT: Unsupplied relativistic positron energy-speed relation is central and not supplied.,0,0,single_pass_complete,2026-10-04T07:09:22.353861+00:00,"Fast statement pass: source 2854, printed 30, pp 16-16. Complete original Czech statement read; old layout pack includes following solution.",source_individual_boundary,,,REJECT
raw::3474,3474,0,Fyziklani,fyziklani,National,2012,Problems,unknown,37,37. z pohádek bratří Grimmů,unknown,originals/fyziklani/2012/Fyziklani_2012_Q1-42__1380bd2c26f4986d.pdf,2853,1380bd2c26f4986d29bf6951ff7868f439054eff5472d2385d71e0dff544e8c1,19,19,,https://olimpicos.net/fyziklani/index.html#2012,REJECT,high,,Unsupplied relativistic kinetic energy-speed relation,,REJECT: Unsupplied relativistic kinetic energy-speed relation is central and not supplied.,0,0,single_pass_complete,2026-10-04T07:08:24.114230+00:00,"Fast statement pass: source 2853, printed 37, pp 19-19. Complete original Czech statement read.",source_individual_boundary,,,REJECT
raw::3388,3388,0,Fyziklani,fyziklani,National,2014,Problems,unknown,49,GA. radar,unknown,originals/fyziklani/2014/Fyziklani_2014_Q1-51__5e9550a1f5782c1b.pdf,2851,5e9550a1f5782c1bf3d55b66c6ca7435b1fc6381c8ed60b0abbb5690d1b5be13,29,29,,https://olimpicos.net/fyziklani/index.html#2014,REJECT,high,,Unsupplied relativistic clock dilation and Doppler timing,,REJECT: Unsupplied relativistic clock dilation and Doppler timing is central and not supplied.,0,0,single_pass_complete,2026-10-04T07:06:34.276972+00:00,"Fast statement pass: source 2851, printed GA, pp 29-29. Complete original Czech statement read.",source_individual_boundary,,,REJECT
raw::3335,3335,0,Fyziklani,fyziklani,National,2015,Problems,unknown,49,GA. Armageddon,unknown,originals/fyziklani/2015/Fyziklani_2015_Q1-53__69757af89ae46d44.pdf,2850,69757af89ae46d44d00bfc1b0c224acad47ab5e717adf8031cb4a285e6b6dce0,34,34,,https://olimpicos.net/fyziklani/index.html#2015,REJECT,high,,Unsupplied relativistic kinetic energy,,REJECT: Unsupplied relativistic kinetic energy is central and not supplied.,0,0,single_pass_complete,2026-10-04T07:05:33.366574+00:00,"Fast statement pass: source 2850, printed GA, pp 34-34. Complete original Czech statement read.",source_individual_boundary,,,REJECT
raw::3286,3286,0,Fyziklani,fyziklani,National,2016,Problems,unknown,49,GA. digamma,unknown,originals/fyziklani/2016/Fyziklani_2016_Q1-49__62a9c2ce1bb27e8d.pdf,2849,62a9c2ce1bb27e8d06328fe32fa72c8ac117d0c7c5dccbcd466dfc1b46bda4e6,34,34,,https://olimpicos.net/fyziklani/index.html#2016,REJECT,high,,Unsupplied relativistic positron momentum-energy relation,,REJECT: Unsupplied relativistic positron momentum-energy relation is central and not supplied.,0,0,single_pass_complete,2026-10-04T07:04:51.162269+00:00,"Fast statement pass: source 2849, printed GA, pp 34-34. Complete original Czech statement read.",source_individual_boundary,,,REJECT
raw::3187,3187,0,Fyziklani,fyziklani,National,2018,Problems,unknown,51,GC. fireworks,unknown,originals/fyziklani/2018/Fyziklani_2018_Q1-51__09866a46824d4189.pdf,2847,09866a46824d418947309b989da694ff6db54a96794ba5876c8d25360afc5655,36,36,,https://olimpicos.net/fyziklani/index.html#2018,REJECT,high,,Unsupplied relativistic photon Doppler shift,,REJECT: Unsupplied relativistic photon Doppler shift is central and not supplied.,0,0,pass_2_complete,2026-10-04T07:02:59.030663+00:00,"Fast statement pass: source 2847, printed GC, pp 36-36. Complete statement read.",source_individual_boundary,2026-10-04T07:07:18.880061+00:00,,REJECT
raw::3116,3116,0,Fyziklani,fyziklani,National,2019,Problems,unknown,30,DF. fast crash,unknown,originals/fyziklani/2019/Fyziklani_2019_Q1-50__f5ef2cdae7676f31.pdf,2846,f5ef2cdae7676f3164fc2be7f4799dbcabf63359eeaba5d4f4c6635887383364,18,18,,https://olimpicos.net/fyziklani/index.html#2019,REJECT,high,,Unsupplied relativistic inelastic collision,,REJECT: Unsupplied relativistic inelastic collision is central and not supplied.,0,0,single_pass_complete,2026-10-04T07:02:19.968978+00:00,"Fast statement pass: source 2846, printed DF, pp 18-18. Complete statement read.",source_individual_boundary,,,REJECT
raw::3069,3069,0,Fyziklani,fyziklani,National,2020,Problems,unknown,34,EB. green shift,unknown,originals/fyziklani/2020/Fyziklani_2020_Q1-51__258d5082a1c652ec.pdf,2845,258d5082a1c652eca603ff36f22f60c0b0355337c73f5b87027f8494c71986db,23,23,,https://olimpicos.net/fyziklani/index.html#2020,REJECT,high,,Unsupplied relativistic optical Doppler relation,,REJECT: Unsupplied relativistic optical Doppler relation is central and not supplied.,0,0,single_pass_complete,2026-10-04T07:01:05.576689+00:00,"Fast statement pass: source 2845, printed EB, pp 23-23. Complete statement read.",source_individual_boundary,,,REJECT
raw::3079,3079,0,Fyziklani,fyziklani,National,2020,Problems,unknown,44,FD. electron-y,unknown,originals/fyziklani/2020/Fyziklani_2020_Q1-51__258d5082a1c652ec.pdf,2845,258d5082a1c652eca603ff36f22f60c0b0355337c73f5b87027f8494c71986db,32,32,,https://olimpicos.net/fyziklani/index.html#2020,REJECT,high,,Unsupplied atomic total-spin configurations and energy ordering,,REJECT: Unsupplied atomic total-spin configurations and energy ordering is central and not supplied.,0,0,single_pass_complete,2026-10-04T07:01:05.577141+00:00,"Fast statement pass: source 2845, printed FD, pp 32-32. Complete statement read.",source_individual_boundary,,,REJECT
raw::3017,3017,0,Fyziklani,fyziklani,National,2021,Problems,unknown,38,A.6. deadly Sun,unknown,originals/fyziklani/2021/Fyziklani_2021_Q1-56__a97e9f509f731617.pdf,2844,a97e9f509f73161743b2745015e9080e86e083e45659bef88b61d002f76ab060,35,35,,https://olimpicos.net/fyziklani/index.html#2021,REJECT,high,,Unsupplied relativistic proton energy-speed relation,,REJECT: Unsupplied relativistic proton energy-speed relation is central and not supplied.,0,0,single_pass_complete,2026-10-04T07:00:09.334601+00:00,"Fast statement pass: source 2844, printed A.6, pp 35-35. Complete statement read.",source_individual_boundary,,,REJECT
raw::2959,2959,0,Fyziklani,fyziklani,National,2022,Problems,unknown,30,DF. fast particles,unknown,originals/fyziklani/2022/Fyziklani_2022_Q1-50__b76d3994e016c1b8.pdf,2843,b76d3994e016c1b8738518d9f93d82590d4f26d1b29af9df9726a65628a8ddb7,23,23,,https://olimpicos.net/fyziklani/index.html#2022,REJECT,high,,Unsupplied relativistic lifetime dilation,,REJECT: Unsupplied relativistic lifetime dilation is central and not supplied.,0,0,single_pass_complete,2026-10-04T06:59:18.889407+00:00,"Fast statement pass: source 2843, printed DF, pp 23-23. Complete statement read.",source_individual_boundary,,,REJECT
raw::2855,2855,0,Fyziklani,fyziklani,National,2024,Problems,unknown,31,DG. fast muons,unknown,originals/fyziklani/2024/Fyziklani_2024_Q1-54__cd9f983841aadccf.pdf,2841,cd9f983841aadccf1dd2dcd34c0587e4e43e6a9d1159cc4ac9b40f1e2bda6302,33,33,,https://olimpicos.net/fyziklani/index.html#2024,REJECT,high,,Unsupplied muon time dilation,,REJECT: Unsupplied muon time dilation is central and not supplied.,0,0,single_pass_complete,2026-10-04T06:57:30.696017+00:00,"Fast statement pass: source 2841, printed DG, pp 33-33. Complete statement read.",source_individual_boundary,,,REJECT
raw::2873,2873,0,Fyziklani,fyziklani,National,2024,Problems,unknown,49,"GA. Once again, there’s one left!",unknown,originals/fyziklani/2024/Fyziklani_2024_Q1-54__cd9f983841aadccf.pdf,2841,cd9f983841aadccf1dd2dcd34c0587e4e43e6a9d1159cc4ac9b40f1e2bda6302,55,55,,https://olimpicos.net/fyziklani/index.html#2024,REJECT,high,,Unsupplied relativistic collision and rest-energy increase,,REJECT: Unsupplied relativistic collision and rest-energy increase is central and not supplied.,0,0,single_pass_complete,2026-10-04T06:57:30.696347+00:00,"Fast statement pass: source 2841, printed GA, pp 55-55. Complete statement read.",source_individual_boundary,,,REJECT
raw::2875,2875,0,Fyziklani,fyziklani,National,2024,Problems,unknown,51,GC. Pew Pew,unknown,originals/fyziklani/2024/Fyziklani_2024_Q1-54__cd9f983841aadccf.pdf,2841,cd9f983841aadccf1dd2dcd34c0587e4e43e6a9d1159cc4ac9b40f1e2bda6302,58,58,,https://olimpicos.net/fyziklani/index.html#2024,REJECT,high,,Unsupplied relativistic constant-force motion,,REJECT: Unsupplied relativistic constant-force motion is central and not supplied.,0,0,single_pass_complete,2026-10-04T06:57:30.696380+00:00,"Fast statement pass: source 2841, printed GC, pp 58-58. Complete statement read.",source_individual_boundary,,,REJECT
raw::2807,2807,0,Fyziklani,fyziklani,National,2025,Problems,numerical,EG,EG. interstellar chocolate,unknown,originals/fyziklani/2025/Fyziklani_2025_Q1-56__7ada69d198c2677d.pdf,2840,7ada69d198c2677d99fe02ce08dd8452d7d4b22379df75b60d4f9dcc767b3b75,36,36,"{""statement_locations"": [{""page"": 36, ""bbox"": [19.841999053955078, 146.3681182861328, 399.6856384277344, 155.3345184326172]}, {""page"": 36, ""bbox"": [19.841999053955078, 157.27711486816406, 399.6821594238281, 167.5229034423828]}, {""page"": 36, ""bbox"": [19.842010498046875, 168.1861114501953, 399.6783447265625, 178.43190002441406]}, {""page"": 36, ""bbox"": [19.84197998046875, 179.09510803222656, 399.685546875, 188.06150817871094]}, {""page"": 36, ""bbox"": [19.84197998046875, 190.00511169433594, 399.6856384277344, 198.9715118408203]}, {""page"": 36, ""bbox"": [19.84197998046875, 200.9141082763672, 280.4324951171875, 209.88050842285156]}], ""acquisition_problem_number"": ""39"", ""navigation_pack"": ""7ada69d198c2677d99fe02ce08dd8452d7d4b22379df75b60d4f9dcc767b3b75.statement_pack.json""}",https://olimpicos.net/fyziklani/index.html#2025,REJECT,high,,Relativistic moving mass and proper-time dilation,Unsupplied relativistic mass and proper-time dilation,"The entire shipment distance depends on unsupplied relativistic mass and time dilation. The official solution confirms those are central, not peripheral.",1,1,single_pass_complete,2026-10-03T23:59:22.389212+00:00,Read all 56 actual slanted-font statements from combined source file 2840. Relevant figures and formulae visually inspected; official solution text used to establish stated external prerequisites where recorded.,content_boundary_verified,,,REJECT
raw::2352,2352,0,InPhO,inpho,National,2019,Problems,unknown,2,Electrons in a 1D box *,source_authored,originals/inpho/2019/InPhO_2019_Q1-7__4872cc768c43290f.pdf,2645,4872cc768c43290f2b8255efcf49645591da50ec10111cfefbff18cd104a62c1,2,3,,https://olimpicos.net/inpho/index.html#2019,REJECT,high,,Many-electron ground/excited states centrally need unsupplied Pauli occupation and fermion filling rules,,REJECT: Many-electron ground/excited states centrally need unsupplied Pauli occupation and fermion filling rules.,0,0,single_pass_complete,2026-10-04T09:12:30.148773+00:00,"Complete statement and all parts inspected from cached source 2645, printed Problem 2 pp2-3.",source_individual_boundary,,,REJECT
raw::174,174,0,IPhO,ipho,International,1989,Theory,unknown,3,Proton Microscope,unknown,originals/ipho/1989/IPhO_1989_Q3__5335f825c3ef667b.pdf,518,5335f825c3ef667bd600d2b2889c98cea24e50996ddb53a7726fd254bdb4814e,1,1,,https://olimpicos.net/ipho/index.html#1989,REJECT,high,,511-keV electron momentum and proton beam scaling centrally require unsupplied relativistic energy-momentum dynamics,,REJECT: 511-keV electron momentum and proton beam scaling centrally require unsupplied relativistic energy-momentum dynamics.,0,0,single_pass_complete,2026-10-04T09:54:35.865459+00:00,Complete actual statement source 518 printed Problem 3 pp1-1; all internal tasks inspected; cached statement text,source_individual_boundary,,,REJECT
raw::123,123,0,IPhO,ipho,International,2000,Theory,unknown,2,Cathode Ray Tube,unknown,originals/ipho/2000/IPhO_2000_Q2__2ce75e4aa1a93d69.pdf,416,2ce75e4aa1a93d69c79a39bcccd9bec72ce590fc247f56a72fec0ff693902740,1,2,,https://olimpicos.net/ipho/index.html#2000,REJECT,high,,CRT high-energy endpoint and rest-mass fit centrally require unsupplied relativistic kinetic energy and dynamics,,REJECT: CRT high-energy endpoint and rest-mass fit centrally require unsupplied relativistic kinetic energy and dynamics.,0,1,pass_2_complete,2026-10-04T09:48:25.522900+00:00,Complete actual statement source 416 printed Problem 2 pp1-2; all internal tasks inspected; cached statement text,source_individual_boundary,2026-10-04T09:48:26.586558+00:00,,REJECT
raw::111,111,0,IPhO,ipho,International,2003,Theory,unknown,3,Neutrino Mass and Neutron Decay,unknown,originals/ipho/2003/IPhO_2003_Q3__88371b2b3c0e05d0.pdf,391,88371b2b3c0e05d0687b7004047c5b8b9e7ca57fb2c68f1d7f380aed5fb5e0bf,1,2,,https://olimpicos.net/ipho/index.html#2003,REJECT,high,,Neutrino endpoint work is half the problem and requires unsupplied relativistic decay kinematics,,REJECT: Neutrino endpoint work is half the problem and requires unsupplied relativistic decay kinematics.,0,0,single_pass_complete,2026-10-04T09:42:17.651834+00:00,Complete actual statement source 391 printed Problem 3 pp1-2; all internal tasks inspected from cached text,source_individual_boundary,,,REJECT
raw::98,98,0,IPhO,ipho,International,2006,Theory,unknown,2,Watching a Rod in Motion,unknown,originals/ipho/2006/IPhO_2006_Q2__65f7ab6338ec204f.pdf,361,65f7ab6338ec204f6fca64759ebff91488e25c4e277afe45c5ed61585c5527ba,1,2,,https://olimpicos.net/ipho/index.html#2006,REJECT,high,,Rest-length inference and apparent rod length centrally require unsupplied Lorentz length contraction,,REJECT: Rest-length inference and apparent rod length centrally require unsupplied Lorentz length contraction.,0,0,single_pass_complete,2026-10-04T09:42:17.651471+00:00,Complete actual statement source 361 printed Problem 2 pp1-2; all internal tasks inspected from cached text,source_individual_boundary,,,REJECT
raw::90,90,0,IPhO,ipho,International,2008,Theory,unknown,2,Cherenkov Light and Ring Imaging Counter,unknown,originals/ipho/2008/IPhO_2008_Q2__75e6b3948a145525.pdf,344,75e6b3948a145525ff31121ea279d7d2071fc8db2e7a0bd82330aac0a43685a6,1,3,,https://olimpicos.net/ipho/index.html#2008,REJECT,high,,"Central particle identification, thresholds and beam broadening require unsupplied relativistic momentum and kinetic energy",,"REJECT: Central particle identification, thresholds and beam broadening require unsupplied relativistic momentum and kinetic energy.",0,0,single_pass_complete,2026-10-04T09:39:23.999808+00:00,Complete actual statement source 344 printed Problem 2 pp1-3; all internal tasks inspected from cached statement text.,source_individual_boundary,,,REJECT
raw::52,52,0,IPhO,ipho,International,2016,Theory,unknown,3,Large Hadron Collider,unknown,originals/ipho/2016/IPhO_2016_Q3__672adee6f5181ea4.pdf,233,672adee6f5181ea48bb90130a3e4dc00c39ded39fc92e14508e289b43ea1029c,1,7,,https://olimpicos.net/ipho/index.html#2016,REJECT,high,,Central acceleration and particle identification require unsupplied relativistic energy and momentum relations,,REJECT: Central acceleration and particle identification require unsupplied relativistic energy and momentum relations.,0,0,single_pass_complete,2026-10-04T09:36:29.562315+00:00,Complete actual statement source 233 printed Problem 3 pp1-7; all internal tasks read,source_individual_boundary,,,REJECT
raw::41,41,0,IPhO,ipho,International,2018,Theory,unknown,2,Where is the neutrino?,unknown,originals/ipho/2018/IPhO_2018_Q2__848199e2cc3a3118.pdf,191,848199e2cc3a3118555fb8e73dbfbd3d0f05969beb37317d5757c1499f48e1f6,1,4,,https://olimpicos.net/ipho/index.html#2018,REJECT,high,,Central invariant-mass reconstruction and relativistic energy/momentum/time dilation are unsupplied,,REJECT: Central invariant-mass reconstruction and relativistic energy/momentum/time dilation are unsupplied.,0,0,single_pass_complete,2026-10-04T09:23:27.938027+00:00,"Complete actual statement source 191, all pages/internal parts read; text sufficient for scope.",source_individual_boundary,,,REJECT
derived::a00c78362c3176d7::4080::13,4080,1,KPhC,kphc,National,2015,Round 1,multiple_choice,13,,unknown,originals/kphc/2015/KPhC_2015_Q1__a00c78362c3176d7.pdf,3019,a00c78362c3176d7c45bc8e83c1e04be673f44149dc8b3cdf9636778fd0adcbf,8,8,"{""heading_text"": ""【문제13】그림은철수가10살되던해에빛의속력의80%로움직이는우주선을타고우주여행을한후지구로되돌아오는모"", ""heading_bbox"": [85.01902770996094, 543.5131225585938, 643.21875, 553.4658203125], ""boundary_note"": ""One numbered MCQ, not its options. Conservative inclusive end page; refine end/shared-stem start during content inspection."", ""page_range_precision"": ""conservative_until_content_review"", ""visual_boundary_verification"": 0}",https://olimpicos.net/kphc/index.html#2015,REJECT,high,,Unsupplied special-relativistic twin aging,,REJECT: Unsupplied special-relativistic twin aging central and unsupplied.,0,0,single_pass_complete,2026-10-04T07:23:53.652784+00:00,"Fast statement pass: source 3019, printed 13, PDF p 8. Complete original Korean statement and alternatives read.",top_level_count_verified_location_pending,,,REJECT
derived::a00c78362c3176d7::4080::14,4080,1,KPhC,kphc,National,2015,Round 1,multiple_choice,14,,unknown,originals/kphc/2015/KPhC_2015_Q1__a00c78362c3176d7.pdf,3019,a00c78362c3176d7c45bc8e83c1e04be673f44149dc8b3cdf9636778fd0adcbf,9,9,"{""heading_text"": ""【문제14】그림과같이정지질량이인물체가한쪽끝이천장에고정된용수철에매달려진동하고있다. 용수철의용수철"", ""heading_bbox"": [85.01902770996094, 99.71881866455078, 642.9798583984375, 109.7834701538086], ""boundary_note"": ""One numbered MCQ, not its options. Conservative inclusive end page; refine end/shared-stem start during content inspection."", ""page_range_precision"": ""conservative_until_content_review"", ""visual_boundary_verification"": 0}",https://olimpicos.net/kphc/index.html#2015,REJECT,high,,Unsupplied relativistic transformation of transverse spring motion/force,,REJECT: Unsupplied relativistic transformation of transverse spring motion/force central and unsupplied.,0,0,single_pass_complete,2026-10-04T07:23:53.652802+00:00,"Fast statement pass: source 3019, printed 14, PDF p 9. Complete original Korean statement and alternatives read.",top_level_count_verified_location_pending,,,REJECT
raw::518,518,0,NBPhO,nbpho,International,2015,Problems,unknown,1,Annihilation,unknown,originals/nbpho/2015/NBPhO_2015_Q1__b1cf2793dbb18700.pdf,1531,b1cf2793dbb18700ceef06bc34d4367c24fc5dcd432a6a8cc424527cfd31a441,1,1,,https://olimpicos.net/nbpho/index.html#2015,REJECT,high,,Unsupplied relativistic electron speed and annihilation energy-momentum,,REJECT: Unsupplied relativistic electron speed and annihilation energy-momentum.,0,0,single_pass_complete,2026-10-04T07:44:50.018419+00:00,"Fast statement pass: source 1531, registered 1, PDF p 1; complete internal parts read in printed column order.",source_individual_boundary,,,REJECT
raw::472,472,0,NBPhO,nbpho,International,2021,Problems,unknown,1,Photon Rocket,unknown,originals/nbpho/2021/NBPhO_2021_Q1__3481b93686c493bd.pdf,1518,3481b93686c493bdd3f0ff5f24a85a57cc42d7ed26f40fd4b25b37070d80074c,1,1,,https://olimpicos.net/nbpho/index.html#2021,REJECT,high,,Unsupplied relativistic variable-mass photon rocket and Doppler shift,,REJECT: Unsupplied relativistic variable-mass photon rocket and Doppler shift.,0,0,single_pass_complete,2026-10-04T07:42:31.613357+00:00,"Fast statement pass: source 1518, printed 1, PDF pp 1-1. All internal statement parts read from column-order cache.",source_individual_boundary,,,REJECT
raw::465,465,0,NBPhO,nbpho,International,2022,Problems,unknown,3,Rocket,unknown,originals/nbpho/2022/NBPhO_2022_Q1-9__05bcbab33748374d.pdf,1463,05bcbab33748374d5f9c511c371a12f2be73c01fa9beaba730419a27ff10db16,1,1,,https://olimpicos.net/nbpho/index.html#2022,REJECT,high,,Unsupplied relativistic moving-mirror photon momentum and proper acceleration,,REJECT: Unsupplied relativistic moving-mirror photon momentum and proper acceleration.,0,0,single_pass_complete,2026-10-04T07:40:32.568608+00:00,"Fast statement pass: source 1463, printed 3, PDF p 1. Complete statement and all internal parts read in column order. SHA-keyed four-column cache read; given constitutive models retained.",source_individual_boundary,,,REJECT
raw::752,752,0,OIbF,oibf,International,2001,Problems,unknown,4,Pion lifetime and speed *,source_authored,originals/oibf/2001/OIbF_2001_Q1-7__742cd6380369e115.pdf,1647,742cd6380369e115978c56f70be285b9a323820c82322b82637369e60ecee5ca,2,2,,https://olimpicos.net/oibf/index.html#2001,REJECT,high,,Entire pion survival-speed estimate requires unsupplied relativistic time dilation,,REJECT: Entire pion survival-speed estimate requires unsupplied relativistic time dilation.,0,0,single_pass_complete,2026-10-04T12:09:43.517511+00:00,Complete actual numbered statement source 1647 pp2-2; all internal tasks read in cached text.,source_individual_boundary,,,REJECT
raw::667,667,0,OIbF,oibf,International,2018,Problems,unknown,4,Electrones relativistas,unknown,originals/oibf/2018/OIbF_2018_Q4__1b60e027444f93b5.pdf,1588,1b60e027444f93b5bddf761bdc81c86ae18dad29596820a463c9fb6ffca65c63,1,1,,https://olimpicos.net/oibf/index.html#2018,REJECT,high,,"Unsupplied Lorentz transformations, simultaneity, relativistic energy and momentum are central",,"REJECT: Unsupplied Lorentz transformations, simultaneity, relativistic energy and momentum are central.",0,0,single_pass_complete,2026-10-04T12:02:12.820894+00:00,Complete actual statement source 1588 pp1-1; all internal tasks read in cached text.,source_individual_boundary,,,REJECT
raw::652,652,0,OIbF,oibf,International,2021,Problems,unknown,3,Deteccion de muones,unknown,originals/oibf/2021/OIbF_2021_Q1-3__f910c2abb1c417ce.pdf,1569,f910c2abb1c417ce219b9508daf42c8978d880cd6a756e8216faafd4e9836651,9,10,,https://olimpicos.net/oibf/index.html#2021,REJECT,high,,Central atmospheric survival and energy-spectrum calculations require unsupplied relativistic energy and time dilation,,REJECT: Central atmospheric survival and energy-spectrum calculations require unsupplied relativistic energy and time dilation.,0,0,single_pass_complete,2026-10-04T12:00:38.858754+00:00,Complete actual numbered statement source 1569 pp9-10; every internal task read in cached text.,source_individual_boundary,,,REJECT
raw::2669,2669,0,ONF,onf,National,2003,Problems,unknown,3,Twin paradox with heartbeats *,source_authored,originals/onf/2003/ONF_2003_Q1-3__92fd8b61312ddb06.pdf,2824,92fd8b61312ddb06d3b4bd1d4eb6baf0b5ffb5372c7cf2e73952ee71e11062f3,2,2,,https://olimpicos.net/onf/index.html#2003,REJECT,high,,Unsupplied twin time dilation and relativistic pulse counting,,REJECT: Unsupplied twin time dilation and relativistic pulse counting.,0,0,single_pass_complete,2026-10-04T10:27:59.666614+00:00,"Complete actual Romanian statement source 2824, task 3, pp 2-2; all internal subparts read in cached text.",source_individual_boundary,,,REJECT
raw::2666,2666,0,ONF,onf,National,2004,Problems,unknown,3,Inverse Compton scattering and muon lifetime *,source_authored,originals/onf/2004/ONF_2004_Q1-3__ddcf0a7c827b8263.pdf,2822,ddcf0a7c827b82638c6c8ea763bd1ab7f1ad9d3ef75638b4d14399c901812cbf,2,2,,https://olimpicos.net/onf/index.html#2004,REJECT,high,,Unsupplied moving-electron relativistic Compton and muon time dilation,,REJECT: Unsupplied moving-electron relativistic Compton and muon time dilation.,0,0,single_pass_complete,2026-10-04T10:27:59.666566+00:00,"Complete actual Romanian statement source 2822, task 3, pp 2-2; all internal subparts read in cached text.",source_individual_boundary,,,REJECT
raw::2663,2663,0,ONF,onf,National,2005,Problems,unknown,3,Relativistic harmonic oscillator *,source_authored,originals/onf/2005/ONF_2005_Q1-3__9cbb9ab29e8fe8a2.pdf,2820,9cbb9ab29e8fe8a2a7491901db20d1c6f8122d9844ba0dc4987d3d7c40fc0e84,2,2,,https://olimpicos.net/onf/index.html#2005,REJECT,high,,Relativistic oscillator period requires unsupplied relativistic momentum-energy law,,REJECT: Relativistic oscillator period requires unsupplied relativistic momentum-energy law.,0,0,pass_2_complete,2026-10-04T10:27:59.666505+00:00,"Complete actual Romanian statement source 2820, task 3, pp 2-2; all internal subparts read in cached text.",source_individual_boundary,2026-10-04T11:05:00.074798+00:00,,REJECT
raw::2657,2657,0,ONF,onf,National,2007,Problems,unknown,3,Spacetime interval and event classification *,source_authored,originals/onf/2007/ONF_2007_Q1-3__0a221bec70257148.pdf,2817,0a221bec70257148e1c824e15c68fde4f87974d737773c0ddd4e61e00caf8f5b,2,2,,https://olimpicos.net/onf/index.html#2007,REJECT,high,,Must derive interval invariance and causal frame existence using unsupplied Lorentz transformations,,REJECT: Must derive interval invariance and causal frame existence using unsupplied Lorentz transformations.,0,0,single_pass_complete,2026-10-04T10:27:59.666390+00:00,"Complete actual Romanian statement source 2817, task 3, pp 2-2; all internal subparts read in cached text.",source_individual_boundary,,,REJECT
raw::2654,2654,0,ONF,onf,National,2008,Problems,unknown,3,"Relativistic rocket, aberration, muons *",source_authored,originals/onf/2008/ONF_2008_Q1-3__114ad58a3ddc2e92.pdf,2815,114ad58a3ddc2e924dc239b066d90c756034e914e9230842b28be7a5507e774a,3,3,,https://olimpicos.net/onf/index.html#2008,REJECT,high,,"Unsupplied relativistic velocity transformation, aberration and decay time dilation",,"REJECT: Unsupplied relativistic velocity transformation, aberration and decay time dilation.",0,0,single_pass_complete,2026-10-04T10:27:59.666341+00:00,"Complete actual Romanian statement source 2815, task 3, pp 3-3; all internal subparts read in cached text.",source_individual_boundary,,,REJECT
raw::2651,2651,0,ONF,onf,National,2009,Problems,unknown,3,Relativistic spaceship clock synchronization *,source_authored,originals/onf/2009/ONF_2009_Q1-3__684f3db36b8b82d5.pdf,2812,684f3db36b8b82d50b5ab0a6c08b21d4b97a6f326025dd2844746af9f9345eb3,3,3,,https://olimpicos.net/onf/index.html#2009,REJECT,high,,Unsupplied relativistic clock dilation and velocity composition are central,,REJECT: Unsupplied relativistic clock dilation and velocity composition are central.,0,0,single_pass_complete,2026-10-04T10:27:59.666272+00:00,"Complete actual Romanian statement source 2812, task 3, pp 3-3; all internal subparts read in cached text.",source_individual_boundary,,,REJECT
raw::2645,2645,0,ONF,onf,National,2011,Problems,unknown,3,Relativistic reflection and galactic oscillation *,source_authored,originals/onf/2011/ONF_2011_Q1-3__0d575b5f50ff0ff3.pdf,2807,0d575b5f50ff0ff31bc6572b3741dc4ca4a46fbccfc20b692b6d2ef95554db86,3,3,,https://olimpicos.net/onf/index.html#2011,REJECT,high,,Unsupplied relativistic aberration and mirror transformation dominate over independent Newtonian galactic oscillation,,REJECT: Unsupplied relativistic aberration and mirror transformation dominate over independent Newtonian galactic oscillation.,0,0,single_pass_complete,2026-10-04T10:27:59.666172+00:00,"Complete actual Romanian statement source 2807, task 3, pp 3-3; all internal subparts read in cached text.",source_individual_boundary,,,REJECT
raw::2642,2642,0,ONF,onf,National,2012,Problems,unknown,3,Twin paradox with heartbeats *,source_authored,originals/onf/2012/ONF_2012_Q1-3__080ee174bffcfd8a.pdf,2806,080ee174bffcfd8a7273630d0eae9d88c34aa5cff7260cbd117f1df93c2bac6a,3,3,,https://olimpicos.net/onf/index.html#2012,REJECT,high,,Unsupplied time dilation controls twin aging and signal counts,,REJECT: Unsupplied time dilation controls twin aging and signal counts.,0,0,single_pass_complete,2026-10-04T10:27:59.666121+00:00,"Complete actual Romanian statement source 2806, task 3, pp 3-3; all internal subparts read in cached text.",source_individual_boundary,,,REJECT
raw::2631,2631,0,ONF,onf,National,2015,Problems,unknown,1,Photon emission and Compton scattering *,source_authored,originals/onf/2015/ONF_2015_Q1-3__3305f8c4c1973948.pdf,2800,3305f8c4c1973948e1822669aa736cc2641f1d0a60b76940954d4a6da7a6e820,1,1,,https://olimpicos.net/onf/index.html#2015,REJECT,high,,Unsupplied relativistic annihilation and moving-electron Compton kinematics are central,,REJECT: Unsupplied relativistic annihilation and moving-electron Compton kinematics are central.,0,0,single_pass_complete,2026-10-04T10:25:28.614120+00:00,"Complete actual Romanian statement source 2800, task 1, pp 1-1; all internal subparts read in cached text.",source_individual_boundary,,,REJECT
raw::2630,2630,0,ONF,onf,National,2016,Problems,unknown,3,Relativistic stellar explosions and acceleration *,source_authored,originals/onf/2016/ONF_2016_Q1-3__abef2a60d3830ffa.pdf,2799,abef2a60d3830ffa19d5233cda00995bc1ac77d145eb6d4096ee0eb7f09ddb70,3,3,,https://olimpicos.net/onf/index.html#2016,REJECT,high,,Unsupplied Lorentz event and trajectory transformations control dominant work,,REJECT: Unsupplied Lorentz event and trajectory transformations control dominant work.,0,0,single_pass_complete,2026-10-04T10:25:28.614104+00:00,"Complete actual Romanian statement source 2799, task 3, pp 3-3; all internal subparts read in cached text.",source_individual_boundary,,,REJECT
raw::2626,2626,0,ONF,onf,National,2017,Problems,unknown,2,Relativistic particle ensemble and scattering *,source_authored,originals/onf/2017/ONF_2017_Q1-3__0812ed8a546b08ef.pdf,2796,0812ed8a546b08ef208ce8a5fabb02a61fa96d152a449f5043ba36a41e0ed498,2,3,,https://olimpicos.net/onf/index.html#2017,REJECT,high,,Unsupplied Lorentz transformation and relativistic orbital dynamics are central,,REJECT: Unsupplied Lorentz transformation and relativistic orbital dynamics are central.,0,0,single_pass_complete,2026-10-04T10:25:28.614035+00:00,"Complete actual Romanian statement source 2796, task 2, pp 2-3; all internal subparts read in cached text.",source_individual_boundary,,,REJECT
raw::2623,2623,0,ONF,onf,National,2018,Problems,unknown,2,Product of two Lorentz transformations *,source_authored,originals/onf/2018/ONF_2018_Q1-3__13076ccb477aee21.pdf,2795,13076ccb477aee217a9ac00e3f6390121565f3aacd9803fd989ec0a4b26f6ef1,2,3,,https://olimpicos.net/onf/index.html#2018,REJECT,high,,Central time dilation and successive Lorentz velocity transformations are unsupplied,,REJECT: Central time dilation and successive Lorentz velocity transformations are unsupplied.,0,0,single_pass_complete,2026-10-04T10:25:28.613949+00:00,"Complete actual Romanian statement source 2795, task 2, pp 2-3; all internal subparts read in cached text.",source_individual_boundary,,,REJECT
raw::2620,2620,0,ONF,onf,National,2019,Problems,unknown,2,Relativistic force-acceleration relation *,source_authored,originals/onf/2019/ONF_2019_Q1-3__bd93133e4c11af6f.pdf,2793,bd93133e4c11af6f783fee4f3f40aef1df380dd7f9838a1e3b4ebda4cfd06537,2,4,,https://olimpicos.net/onf/index.html#2019,REJECT,high,,Central relativistic force derivation requires unsupplied velocity-dependent mass law,,REJECT: Central relativistic force derivation requires unsupplied velocity-dependent mass law.,0,0,single_pass_complete,2026-10-04T10:25:28.613883+00:00,"Complete actual Romanian statement source 2793, task 2, pp 2-4; all internal subparts read in cached text.",source_individual_boundary,,,REJECT
raw::2621,2621,0,ONF,onf,National,2019,Problems,unknown,3,Laser propulsion of a spaceship *,source_authored,originals/onf/2019/ONF_2019_Q1-3__bd93133e4c11af6f.pdf,2793,bd93133e4c11af6f783fee4f3f40aef1df380dd7f9838a1e3b4ebda4cfd06537,4,4,,https://olimpicos.net/onf/index.html#2019,REJECT,high,,Central moving-mirror aberration and relativistic laser propulsion require unsupplied relativity,,REJECT: Central moving-mirror aberration and relativistic laser propulsion require unsupplied relativity.,0,0,single_pass_complete,2026-10-04T10:25:28.613915+00:00,"Complete actual Romanian statement source 2793, task 3, pp 4-4; all internal subparts read in cached text.",source_individual_boundary,,,REJECT
raw::2618,2618,0,ONF,onf,National,2022,Problems,unknown,3,Relativistic particle in central potential *,source_authored,originals/onf/2022/ONF_2022_Q1-3__f189b5d50f708ccd.pdf,2791,f189b5d50f708ccd0fb3424e0961143d83e86e5ba404bd57e058e7710dbc884e,4,4,,https://olimpicos.net/onf/index.html#2022,REJECT,high,,Relativistic momentum and kinetic energy are unsupplied and control central orbit work,,REJECT: Relativistic momentum and kinetic energy are unsupplied and control central orbit work.,0,0,single_pass_complete,2026-10-04T10:25:28.613845+00:00,"Complete actual Romanian statement source 2791, task 3, pp 4-4; all internal subparts read in cached text.",source_individual_boundary,,,REJECT
raw::2608,2608,0,ONF,onf,National,2025,Problems,unknown,2,Compton scattering on moving electron *,source_authored,originals/onf/2025/ONF_2025_Q1-3__75df6f6497e421d7.pdf,2784,75df6f6497e421d753f264a14e8190a8576a881f053a77e5a71e162107f70f41,2,2,,https://olimpicos.net/onf/index.html#2025,REJECT,high,,"Central moving-electron Compton scattering requires unsupplied relativistic Doppler, aberration and collision energy",,"REJECT: Central moving-electron Compton scattering requires unsupplied relativistic Doppler, aberration and collision energy.",0,0,single_pass_complete,2026-10-04T10:25:28.613543+00:00,"Complete actual Romanian statement source 2784, task 2, pp 2-2; all internal subparts read in cached text.",source_individual_boundary,,,REJECT
raw::4479,4479,0,OPhO,opho,Open,2020,Open / Problems,unknown,29,Braking Up,unknown,originals/opho/2020/OPhO_2020_Q1-55__7cf16b9b44e59663.pdf,3096,7cf16b9b44e596638d2bc94c6a4862ee3e2d3a84c1abe49dcf156a8ed92c66bd,13,14,,https://olimpicos.net/opho/index.html#2020,REJECT,high,,Unsupplied relativistic energy-momentum in particle decay,,REJECT: Unsupplied relativistic energy-momentum in particle decay.,0,0,single_pass_complete,2026-10-04T07:33:32.865542+00:00,"Fast statement pass: source 3096, printed 29, PDF pp 13-14. Complete statement and shared information read; supplied models retained.",source_individual_boundary,,,REJECT
raw::4507,4507,0,OPhO,opho,Open,2020,Invitational / Problems,unknown,57,Solar Sails,unknown,originals/opho/2020/OPhOInv_2020_Q1-10__0f0c471b2f44bada.pdf,3099,0f0c471b2f44bada9705a587047be3c9c95bd6ea001b156ca3ca5a81eb2e5d0c,5,5,,https://olimpicos.net/opho/index.html#2020,REJECT,high,,Dominant later solar-sail work needs unsupplied relativistic radiation force and moving-mirror Doppler transfer,,REJECT: Dominant later solar-sail work needs unsupplied relativistic radiation force and moving-mirror Doppler transfer.,0,0,pass_2_complete,2026-10-04T07:37:39.909999+00:00,"Fast scope pass: complete statement source 3099, registered 57, PDF pp 5-5, all internal parts kept together. Official solution 3100 pp5-6 confirms required unsupplied relativistic Doppler force.",source_individual_boundary,2026-10-04T07:37:40.938094+00:00,,REJECT
raw::4508,4508,0,OPhO,opho,Open,2020,Invitational / Problems,unknown,58,Electron Escape,unknown,originals/opho/2020/OPhOInv_2020_Q1-10__0f0c471b2f44bada.pdf,3099,0f0c471b2f44bada9705a587047be3c9c95bd6ea001b156ca3ca5a81eb2e5d0c,5,5,,https://olimpicos.net/opho/index.html#2020,REJECT,high,,Substantial central electron escape radius requires unsupplied relativistic charged-particle energy and momentum,,REJECT: Substantial central electron escape radius requires unsupplied relativistic charged-particle energy and momentum.,0,0,pass_2_complete,2026-10-04T07:37:39.910017+00:00,"Fast scope pass: complete statement source 3099, registered 58, PDF pp 5-5, all internal parts kept together.",source_individual_boundary,2026-10-04T07:37:40.938270+00:00,,REJECT
raw::4433,4433,0,OPhO,opho,Open,2021,Open / Problems,unknown,23,Evil Gamma Photon,unknown,originals/opho/2021/OPhO_2021_Q1-35__27185a600a7cbaf3.pdf,3091,27185a600a7cbaf35d0ba35e6d5c004ffcce3cae41259ff40cf5987692fe8ae5,11,12,,https://olimpicos.net/opho/index.html#2021,REJECT,high,,Unsupplied special-relativistic pair-production threshold,,REJECT: Unsupplied special-relativistic pair-production threshold.,0,0,single_pass_complete,2026-10-04T07:32:19.806343+00:00,"Fast statement pass: source 3091, printed 23, PDF pp 11-12. Actual complete statement and shared instructions read.",source_individual_boundary,,,REJECT
raw::4442,4442,0,OPhO,opho,Open,2021,Open / Problems,unknown,32,Accelerating Rockets - 1,unknown,originals/opho/2021/OPhO_2021_Q1-35__27185a600a7cbaf3.pdf,3091,27185a600a7cbaf35d0ba35e6d5c004ffcce3cae41259ff40cf5987692fe8ae5,14,14,,https://olimpicos.net/opho/index.html#2021,REJECT,high,,Unsupplied proper-acceleration and relativistic velocity transformations,,REJECT: Unsupplied proper-acceleration and relativistic velocity transformations.,0,0,single_pass_complete,2026-10-04T07:32:19.806513+00:00,"Fast statement pass: source 3091, printed 32, PDF pp 14-14. Actual complete statement and shared instructions read.",source_individual_boundary,,,REJECT
raw::4443,4443,0,OPhO,opho,Open,2021,Open / Problems,unknown,33,Accelerating Rockets - 2,unknown,originals/opho/2021/OPhO_2021_Q1-35__27185a600a7cbaf3.pdf,3091,27185a600a7cbaf35d0ba35e6d5c004ffcce3cae41259ff40cf5987692fe8ae5,14,14,,https://olimpicos.net/opho/index.html#2021,REJECT,high,,Unsupplied proper-acceleration and acceleration transformations,,REJECT: Unsupplied proper-acceleration and acceleration transformations.,0,0,single_pass_complete,2026-10-04T07:32:19.806529+00:00,"Fast statement pass: source 3091, printed 33, PDF pp 14-14. Actual complete statement and shared instructions read.",source_individual_boundary,,,REJECT
raw::4447,4447,0,OPhO,opho,Open,2021,Invitational / Theory,unknown,37,Thomas Precession,unknown,originals/opho/2021/OPhOInv_2021_Q1-4__7dcbf459cab9bc3b.pdf,3094,7dcbf459cab9bc3b3481aed10f4791099e19757cabe7d8226881876735b338cf,6,7,,https://olimpicos.net/opho/index.html#2021,REJECT,high,,Central Thomas precession requires unsupplied successive Lorentz transformations and relativistic frame rotation,,REJECT: Central Thomas precession requires unsupplied successive Lorentz transformations and relativistic frame rotation.,0,0,single_pass_complete,2026-10-04T07:37:39.909817+00:00,"Fast scope pass: complete statement source 3094, registered 37, PDF pp 6-7, all internal parts kept together.",source_individual_boundary,,,REJECT
raw::4380,4380,0,OPhO,opho,Open,2022,Open / Problems,unknown,11,Levitating,unknown,originals/opho/2022/OPhO_2022_Q1-35__7ab33abf8d46fcd7.pdf,3089,7ab33abf8d46fcd7f882242e13a54d084e70cb1d3f134e611f85bb0097d00a95,11,11,,https://olimpicos.net/opho/index.html#2022,REJECT,high,,Unsupplied Larmor radiation power is essential,,REJECT: Unsupplied Larmor radiation power is essential.,0,0,pass_2_complete,2026-10-04T07:31:13.999085+00:00,"Fast statement pass: source 3089, printed 11, PDF pp 11-11. Complete statement read, including shared instructions. Official Solution 11 confirms central unsupplied Larmor formula.",source_individual_boundary,2026-10-04T07:31:15.012816+00:00,,REJECT
raw::4401,4401,0,OPhO,opho,Open,2022,Open / Problems,unknown,32,Relativistic Collision,unknown,originals/opho/2022/OPhO_2022_Q1-35__7ab33abf8d46fcd7.pdf,3089,7ab33abf8d46fcd7f882242e13a54d084e70cb1d3f134e611f85bb0097d00a95,35,35,,https://olimpicos.net/opho/index.html#2022,REJECT,high,,Unsupplied relativistic particle energy and momentum,,REJECT: Unsupplied relativistic particle energy and momentum.,0,0,single_pass_complete,2026-10-04T07:31:13.999438+00:00,"Fast statement pass: source 3089, printed 32, PDF pp 35-35. Complete statement read, including shared instructions.",source_individual_boundary,,,REJECT
raw::4407,4407,0,OPhO,opho,Open,2022,Invitational / Theory,unknown,38,Rocket,unknown,originals/opho/2022/OPhOInv_2022_Q1-5__6bdd04a16982d7ff.pdf,3088,6bdd04a16982d7fff8403a4e445ff3138824e7a2652eb94d83cc1f3ad416cf3b,6,6,,https://olimpicos.net/opho/index.html#2022,REJECT,high,,Central propulsion paradox requires unsupplied relativistic momentum and energy-dependent inertia,,REJECT: Central propulsion paradox requires unsupplied relativistic momentum and energy-dependent inertia.,0,0,single_pass_complete,2026-10-04T07:37:39.909712+00:00,"Fast scope pass: complete statement source 3088, registered 38, PDF pp 6-6, all internal parts kept together.",source_individual_boundary,,,REJECT
raw::4337,4337,0,OPhO,opho,Open,2023,Open / Problems,unknown,7,Hyperdrive,unknown,originals/opho/2023/OPhO_2023_Q1-35__237aacd133c739b9.pdf,3083,237aacd133c739b9b65525b963dd11c129d83b599f2a7584fc88aab5a2027a35,5,5,,https://olimpicos.net/opho/index.html#2023,REJECT,high,,Unsupplied relativistic composition of velocities,,REJECT: Unsupplied relativistic composition of velocities central and unsupplied.,0,0,single_pass_complete,2026-10-04T07:26:50.953297+00:00,"Fast statement pass: source 3083, printed 7, PDF pp 5-5. Complete statement including shared definitions and supplied equations read.",source_individual_boundary,,,REJECT
raw::4339,4339,0,OPhO,opho,Open,2023,Open / Problems,unknown,9,Spaceship,unknown,originals/opho/2023/OPhO_2023_Q1-35__237aacd133c739b9.pdf,3083,237aacd133c739b9b65525b963dd11c129d83b599f2a7584fc88aab5a2027a35,5,6,,https://olimpicos.net/opho/index.html#2023,REJECT,high,,Unsupplied relativity of simultaneity and distance transformation,,REJECT: Unsupplied relativity of simultaneity and distance transformation central and unsupplied.,0,0,single_pass_complete,2026-10-04T07:26:50.953391+00:00,"Fast statement pass: source 3083, printed 9, PDF pp 5-6. Complete statement including shared definitions and supplied equations read.",source_individual_boundary,,,REJECT
raw::4298,4298,0,OPhO,opho,Open,2024,Open / Problems,unknown,8,Atom Smasher,unknown,originals/opho/2024/OPhO_2024_Q1-35__1b383ba483a1d5a6.pdf,3077,1b383ba483a1d5a66a8b6631f91a03a78727646d99dda22d7c9c75e416c566be,5,5,,https://olimpicos.net/opho/index.html#2024,REJECT,high,,Unsupplied relativistic energy-momentum invariant at nuclear breakup threshold,,REJECT: Unsupplied relativistic energy-momentum invariant at nuclear breakup threshold central and unsupplied.,0,1,pass_2_complete,2026-10-04T07:25:45.489010+00:00,"Fast statement pass: source 3077, printed 8, PDF pp 5-5. Complete actual statement read. Official local solution 3078 p9 confirms Lorentz-factor momentum and invariant mass are central; Newtonian approximation fails stated tolerance.",source_individual_boundary,2026-10-04T07:25:46.248156+00:00,,REJECT
raw::4319,4319,0,OPhO,opho,Open,2024,Open / Problems,unknown,29,Relativistic Scattering,unknown,originals/opho/2024/OPhO_2024_Q1-35__1b383ba483a1d5a6.pdf,3077,1b383ba483a1d5a66a8b6631f91a03a78727646d99dda22d7c9c75e416c566be,9,9,,https://olimpicos.net/opho/index.html#2024,REJECT,high,,Unsupplied relativistic Doppler transformations,,REJECT: Unsupplied relativistic Doppler transformations central and unsupplied.,0,0,single_pass_complete,2026-10-04T07:25:45.489423+00:00,"Fast statement pass: source 3077, printed 29, PDF pp 9-9. Complete actual statement read.",source_individual_boundary,,,REJECT
raw::4251,4251,0,OPhO,opho,Open,2025,Open / Problems,numerical,1,Free Bird,unknown,originals/opho/2025/OPhO_2025_Q1-35__28a32ed4c129b446.pdf,3071,28a32ed4c129b44619ee4c7c2801a77a724bfaf0a16a2fe0abecd7b0f565378e,4,4,,https://olimpicos.net/opho/index.html#2025,REJECT,high,,Maximum electron speed from relativistic energy budget,Unsupplied special relativity,Unsupplied relativistic energy-speed relation controls the entire question.,1,0,single_pass_complete,2026-10-03T23:18:26.381528+00:00,Complete source file 3071 read in embedded text and page renders; identified statement pages and shared stems preserved. Official solution file 3073 inspected for the listed ambiguous physical models.,content_boundary_verified,,,REJECT
raw::4275,4275,0,OPhO,opho,Open,2025,Open / Problems,numerical,25,Relativistic Race,unknown,originals/opho/2025/OPhO_2025_Q1-35__28a32ed4c129b446.pdf,3071,28a32ed4c129b44619ee4c7c2801a77a724bfaf0a16a2fe0abecd7b0f565378e,10,10,,https://olimpicos.net/opho/index.html#2025,REJECT,high,,"Proper acceleration, proper time and relativistic racing trajectories",Unsupplied special relativity,Proper-time/acceleration transformations are not supplied and structurally determine the entire race.,1,0,single_pass_complete,2026-10-03T23:18:26.382998+00:00,Complete source file 3071 read in embedded text and page renders; identified statement pages and shared stems preserved. Official solution file 3073 inspected for the listed ambiguous physical models.,content_boundary_verified,,,REJECT
raw::4280,4280,0,OPhO,opho,Open,2025,Open / Problems,numerical,30,Fly Away,unknown,originals/opho/2025/OPhO_2025_Q1-35__28a32ed4c129b446.pdf,3071,28a32ed4c129b44619ee4c7c2801a77a724bfaf0a16a2fe0abecd7b0f565378e,11,11,,https://olimpicos.net/opho/index.html#2025,REJECT,high,,"Simultaneity, invariant spacetime interval and Lorentz-contracted circular trajectories",Unsupplied special relativity,Unsupplied relativistic simultaneity and frame transformations are essential throughout.,1,1,single_pass_complete,2026-10-03T23:18:26.383078+00:00,Complete source file 3071 read in embedded text and page renders; identified statement pages and shared stems preserved. Official solution file 3073 inspected for the listed ambiguous physical models.,content_boundary_verified,,,REJECT
raw::4281,4281,0,OPhO,opho,Open,2025,Open / Problems,numerical,31,Unconventional Oscillations,unknown,originals/opho/2025/OPhO_2025_Q1-35__28a32ed4c129b446.pdf,3071,28a32ed4c129b44619ee4c7c2801a77a724bfaf0a16a2fe0abecd7b0f565378e,11,11,,https://olimpicos.net/opho/index.html#2025,REJECT,high,I_force_motion;VI_electric_field;VII_magnetic_field,Relativistic hidden mechanical momentum of a magnetic dipole in an electric field,Unsupplied hidden momentum,Official solution requires unsupplied hidden-momentum coupling or electromagnetic duality with a specialized prior result. Ordinary rotation and a familiar electric field alone do not supply the central insight.,1,1,pass_2_complete,2026-10-03T23:18:26.383093+00:00,Complete source file 3071 read in embedded text and page renders; identified statement pages and shared stems preserved. Official solution file 3073 inspected for the listed ambiguous physical models.,content_boundary_verified,2026-10-03T23:20:02.211495+00:00,,REJECT
raw::4282,4282,0,OPhO,opho,Open,2025,Open / Problems,numerical,32,Star Power,unknown,originals/opho/2025/OPhO_2025_Q1-35__28a32ed4c129b446.pdf,3071,28a32ed4c129b44619ee4c7c2801a77a724bfaf0a16a2fe0abecd7b0f565378e,11,11,,https://olimpicos.net/opho/index.html#2025,REJECT,high,III_ideal_gas;XII_atomic_nuclear,Fusion power requiring semiclassical Coulomb-barrier tunneling probability,Unsupplied WKB tunneling,Official solution centrally uses an unsupplied WKB tunneling law and Gamow-type thermal average. Familiar ideal-gas and nuclear-energy portions do not supply the fusion rate.,1,1,pass_2_complete,2026-10-03T23:18:26.383108+00:00,Complete source file 3071 read in embedded text and page renders; identified statement pages and shared stems preserved. Official solution file 3073 inspected for the listed ambiguous physical models.,content_boundary_verified,2026-10-03T23:20:02.211317+00:00,,REJECT
raw::6335,6335,0,Ortvay,ortvay,Open,1997,Problems,theory,9,Three compressed elastic balls *,source_authored,originals/ortvay/1997/Ortvay_1997_Q1-42__3241337593cc129b.pdf,3143,3241337593cc129b24d1bfc11f5c30bc96067d387afbb092fb43dcf2a05c2f14,2,2,,https://olimpicos.net/ortvay/index.html#1997,REJECT,high,,Three elastic spheres under normal compression and tangential contact displacement,Three elastic spheres under normal compression and tangential contact displacement,"Contact geometry alone does not provide Hertz/Mindlin-type normal/shear compliance, stress-strain or stick-slip boundary law. Those central specialized elastic contact methods control both requested force and motion results.",1,0,single_pass_complete,2026-10-04T04:31:33.571564+00:00,"Complete actual Ortvay 1997 Q9 inspected from full cache and all eight rendered pages. Q1-Q3 actually begin on cover p1; Q12/16/23 author credits continue next page without another task. Actual tensor yield criteria, singular H, Gaussian kernel, explicit C60 operator action, conductance formula and jerk equation visually read. Whole numbered parent retained; no official worked key linked.",content_boundary_verified,,,REJECT
raw::6337,6337,0,Ortvay,ortvay,Open,1997,Problems,numerical,11,Folding a beer bottle cap *,source_authored,originals/ortvay/1997/Ortvay_1997_Q1-42__3241337593cc129b.pdf,3143,3241337593cc129b24d1bfc11f5c30bc96067d387afbb092fb43dcf2a05c2f14,2,2,,https://olimpicos.net/ortvay/index.html#1997,REJECT,high,,Force to plastically fold a bottle cap approximated as a flat disk,Force to plastically fold a bottle cap approximated as a flat disk,"Geometry and permission to neglect rim detail do not supply plate bending rigidity, buckling or plastic yield moment. Those central unsupplied shell/plate constitutive relations set the force; bare scalar compression is insufficient.",1,0,single_pass_complete,2026-10-04T04:31:33.571598+00:00,"Complete actual Ortvay 1997 Q11 inspected from full cache and all eight rendered pages. Q1-Q3 actually begin on cover p1; Q12/16/23 author credits continue next page without another task. Actual tensor yield criteria, singular H, Gaussian kernel, explicit C60 operator action, conductance formula and jerk equation visually read. Whole numbered parent retained; no official worked key linked.",content_boundary_verified,,,REJECT
raw::6348,6348,0,Ortvay,ortvay,Open,1997,Problems,theory,22,Symmetry and continuity equation *,source_authored,originals/ortvay/1997/Ortvay_1997_Q1-42__3241337593cc129b.pdf,3143,3241337593cc129b24d1bfc11f5c30bc96067d387afbb092fb43dcf2a05c2f14,4,4,,https://olimpicos.net/ortvay/index.html#1997,REJECT,high,,Noether symmetry behind hydrodynamic mass continuity,Noether symmetry behind hydrodynamic mass continuity,"Continuity/conservation itself is ordinary, but the requested field-theoretic symmetry derivation needs an unsupplied fluid action/field variables and Noether variation prescription. Those specialized dependencies define the whole task.",1,0,single_pass_complete,2026-10-04T04:31:33.571798+00:00,"Complete actual Ortvay 1997 Q22 inspected from full cache and all eight rendered pages. Q1-Q3 actually begin on cover p1; Q12/16/23 author credits continue next page without another task. Actual tensor yield criteria, singular H, Gaussian kernel, explicit C60 operator action, conductance formula and jerk equation visually read. Whole numbered parent retained; no official worked key linked.",content_boundary_verified,,,REJECT
raw::6349,6349,0,Ortvay,ortvay,Open,1997,Problems,theory,23,Buckling of rotating rod *,source_authored,originals/ortvay/1997/Ortvay_1997_Q1-42__3241337593cc129b.pdf,3143,3241337593cc129b24d1bfc11f5c30bc96067d387afbb092fb43dcf2a05c2f14,4,4,,https://olimpicos.net/ortvay/index.html#1997,REJECT,high,,Rotating rod lateral buckling threshold and Green-function analysis,Rotating rod lateral buckling threshold and Green-function analysis,"Young modulus and linear density are given, but bending moment-curvature/flexural rigidity, cross-section and endpoint constraints are not. Those central specialized beam laws determine the instability equation before the suggested integral mathematics.",1,0,single_pass_complete,2026-10-04T04:31:33.571813+00:00,"Complete actual Ortvay 1997 Q23 inspected from full cache and all eight rendered pages. Q1-Q3 actually begin on cover p1; Q12/16/23 author credits continue next page without another task. Actual tensor yield criteria, singular H, Gaussian kernel, explicit C60 operator action, conductance formula and jerk equation visually read. Whole numbered parent retained; no official worked key linked.",content_boundary_verified,,,REJECT
raw::6351,6351,0,Ortvay,ortvay,Open,1997,Problems,theory,25,Dissipative continuity in relativistic hydrodynamics *,source_authored,originals/ortvay/1997/Ortvay_1997_Q1-42__3241337593cc129b.pdf,3143,3241337593cc129b24d1bfc11f5c30bc96067d387afbb092fb43dcf2a05c2f14,5,5,,https://olimpicos.net/ortvay/index.html#1997,REJECT,high,,Rest-density and dissipative current in relativistic hydrodynamics,Rest-density and dissipative current in relativistic hydrodynamics,"Four-velocity orthogonality is only described. Covariant particle/mass currents, frame decomposition and dissipative constitutive interpretation are central specialized relativistic fluid relations not supplied.",1,0,single_pass_complete,2026-10-04T04:31:33.571844+00:00,"Complete actual Ortvay 1997 Q25 inspected from full cache and all eight rendered pages. Q1-Q3 actually begin on cover p1; Q12/16/23 author credits continue next page without another task. Actual tensor yield criteria, singular H, Gaussian kernel, explicit C60 operator action, conductance formula and jerk equation visually read. Whole numbered parent retained; no official worked key linked.",content_boundary_verified,,,REJECT
raw::6357,6357,0,Ortvay,ortvay,Open,1997,Problems,theory,31,Virial theorem for helium atom *,source_authored,originals/ortvay/1997/Ortvay_1997_Q1-42__3241337593cc129b.pdf,3143,3241337593cc129b24d1bfc11f5c30bc96067d387afbb092fb43dcf2a05c2f14,5,5,,https://olimpicos.net/ortvay/index.html#1997,REJECT,high,,Quantum virial theorem and exchange in a two-electron helium atom,Quantum virial theorem and exchange in a two-electron helium atom,Power-law Coulomb form and named references do not provide quantum expectations/commutators or antisymmetric exchange-state machinery. Those central multi-electron quantum rules determine the whole requested extension.,1,0,single_pass_complete,2026-10-04T04:31:33.571945+00:00,"Complete actual Ortvay 1997 Q31 inspected from full cache and all eight rendered pages. Q1-Q3 actually begin on cover p1; Q12/16/23 author credits continue next page without another task. Actual tensor yield criteria, singular H, Gaussian kernel, explicit C60 operator action, conductance formula and jerk equation visually read. Whole numbered parent retained; no official worked key linked.",content_boundary_verified,,,REJECT
raw::6360,6360,0,Ortvay,ortvay,Open,1997,Problems,theory,34,Singular inverse-square Hamiltonian *,source_authored,originals/ortvay/1997/Ortvay_1997_Q1-42__3241337593cc129b.pdf,3143,3241337593cc129b24d1bfc11f5c30bc96067d387afbb092fb43dcf2a05c2f14,6,6,,https://olimpicos.net/ortvay/index.html#1997,REJECT,high,,Classical and quantum spectrum of a singular nonstandard Hamiltonian,Classical and quantum spectrum of a singular nonstandard Hamiltonian,"Formal x^2*p^2-1/x^2 is supplied but canonical dynamical equations, quantization/ordering, Hilbert domain and self-adjoint spectral prescription are not. Those central outside methods control both halves of the whole task.",1,0,single_pass_complete,2026-10-04T04:31:33.571991+00:00,"Complete actual Ortvay 1997 Q34 inspected from full cache and all eight rendered pages. Q1-Q3 actually begin on cover p1; Q12/16/23 author credits continue next page without another task. Actual tensor yield criteria, singular H, Gaussian kernel, explicit C60 operator action, conductance formula and jerk equation visually read. Whole numbered parent retained; no official worked key linked.",content_boundary_verified,,,REJECT
raw::6361,6361,0,Ortvay,ortvay,Open,1997,Problems,theory,35,Supertransparent scattering potential *,source_authored,originals/ortvay/1997/Ortvay_1997_Q1-42__3241337593cc129b.pdf,3143,3241337593cc129b24d1bfc11f5c30bc96067d387afbb092fb43dcf2a05c2f14,6,6,,https://olimpicos.net/ortvay/index.html#1997,REJECT,high,,Supertransparent quantum central potential from partial-wave phase shifts,Supertransparent quantum central potential from partial-wave phase shifts,"Partial-wave method is described qualitatively, but radial quantum eigen-equation, phase/state representation and inverse-scattering prescription are not operationally supplied. These specialized quantum-scattering dependencies are central.",1,0,pass_2_complete,2026-10-04T04:31:33.572005+00:00,"Complete actual Ortvay 1997 Q35 inspected from full cache and all eight rendered pages. Q1-Q3 actually begin on cover p1; Q12/16/23 author credits continue next page without another task. Actual tensor yield criteria, singular H, Gaussian kernel, explicit C60 operator action, conductance formula and jerk equation visually read. Whole numbered parent retained; no official worked key linked.",content_boundary_verified,2026-10-04T04:33:46.003022+00:00,Named partial-wave method and qualitative phase shifts do not supply radial quantum evolution or inverse-scattering theorem.,REJECT
raw::6363,6363,0,Ortvay,ortvay,Open,1997,Problems,theory,37,Decoherence of a heavy particle *,source_authored,originals/ortvay/1997/Ortvay_1997_Q1-42__3241337593cc129b.pdf,3143,3241337593cc129b24d1bfc11f5c30bc96067d387afbb092fb43dcf2a05c2f14,7,7,,https://olimpicos.net/ortvay/index.html#1997,REJECT,high,,Reduced quantum density kernel after hard-core collisions with Gaussian particles,Reduced quantum density kernel after hard-core collisions with Gaussian particles,"Gaussian inputs and final kernel eigenproblem are given, but quantum scattering/time evolution and partial-trace construction of the kernel are not. Those central unsupplied quantum rules precede all requested eigenfunctions/probabilities.",1,0,pass_2_complete,2026-10-04T04:31:33.572035+00:00,"Complete actual Ortvay 1997 Q37 inspected from full cache and all eight rendered pages. Q1-Q3 actually begin on cover p1; Q12/16/23 author credits continue next page without another task. Actual tensor yield criteria, singular H, Gaussian kernel, explicit C60 operator action, conductance formula and jerk equation visually read. Whole numbered parent retained; no official worked key linked.",content_boundary_verified,2026-10-04T04:33:46.003216+00:00,"Initial Gaussian and final eigenvalue equation supplied, but reduced kernel from collisions requires unprovided scattering/partial trace. Intact render has sigma0 << sigma/sqrt(n) << a, not corrupted extraction sqrt(n)*sigma.",REJECT
raw::6365,6365,0,Ortvay,ortvay,Open,1997,Problems,theory,39,Conductivity in a 2D quantum trough *,source_authored,originals/ortvay/1997/Ortvay_1997_Q1-42__3241337593cc129b.pdf,3143,3241337593cc129b24d1bfc11f5c30bc96067d387afbb092fb43dcf2a05c2f14,7,7,,https://olimpicos.net/ortvay/index.html#1997,REJECT,high,,Conductivity of a quantum harmonic trough with a named Landauer method,Conductivity of a quantum harmonic trough with a named Landauer method,"Only the method name, wave ansatz and meaning of transmission probability are given; no actual Landauer sum/current normalization or transverse quantum evolution/spectrum is printed. The original optional reference page is currently inaccessible. Those central specialized transport/state prerequisites remain unsupplied.",1,0,pass_2_complete,2026-10-04T04:31:33.572076+00:00,"Complete actual Ortvay 1997 Q39 inspected from full cache and all eight rendered pages. Q1-Q3 actually begin on cover p1; Q12/16/23 author credits continue next page without another task. Actual tensor yield criteria, singular H, Gaussian kernel, explicit C60 operator action, conductance formula and jerk equation visually read. Whole numbered parent retained; no official worked key linked.",content_boundary_verified,2026-10-04T04:33:46.003416+00:00,"Original optional http/https galahad.elte.hu/~gegix/publ.html attempts recorded separately; inaccessible, no full linked model preserved. Landauer only named here, unlike Q38 explicit G. No unrelated substitute paper added as contestant supplied material.",REJECT
raw::6366,6366,0,Ortvay,ortvay,Open,1997,Problems,numerical,40,Muon background in Gran Sasso *,source_authored,originals/ortvay/1997/Ortvay_1997_Q1-42__3241337593cc129b.pdf,3143,3241337593cc129b24d1bfc11f5c30bc96067d387afbb092fb43dcf2a05c2f14,8,8,,https://olimpicos.net/ortvay/index.html#1997,REJECT,high,,Neutrino detector background from a proposed muon accelerator,Neutrino detector background from a proposed muon accelerator,"No muon decay spectrum/relativistic beaming, neutrino interaction cross sections, accelerator population or detector response is provided. Those central specialized particle-physics prerequisites control the entire count estimate.",1,0,single_pass_complete,2026-10-04T04:31:33.572091+00:00,"Complete actual Ortvay 1997 Q40 inspected from full cache and all eight rendered pages. Q1-Q3 actually begin on cover p1; Q12/16/23 author credits continue next page without another task. Actual tensor yield criteria, singular H, Gaussian kernel, explicit C60 operator action, conductance formula and jerk equation visually read. Whole numbered parent retained; no official worked key linked.",content_boundary_verified,,,REJECT
raw::6296,6296,0,Ortvay,ortvay,Open,1998,Problems,theory,5,Maximal stable brick tower *,source_authored,originals/ortvay/1998/Ortvay_1998_Q1-35__54c9d9a5b030e2a5.pdf,3142,54c9d9a5b030e2a5863ef3e889cedf33aeb452f4a976f4d33137795abffe2f6d,2,2,,https://olimpicos.net/ortvay/index.html#1998,REJECT,high,,Elastic stability limit of a brick tower specified by Lame constants,Elastic stability limit of a brick tower specified by Lame constants,Scalar weight balance alone does not determine the maximum stable elastic height. Unsupplied tensor stress-strain and column buckling/contact/stability relations are central; lambda and mu values do not operationally provide those specialized laws.,1,0,pass_2_complete,2026-10-04T04:21:44.420986+00:00,"Complete actual Ortvay 1998 Q5 read from full cache and all eight rendered pages. First questions share cover continuation p2; operator substitution/inner product, condensate PDE, Ising/spin energy and antenna relation visually inspected. Q35 original linked JPEG independently acquired/decoded/visually inspected. Whole parent retained; no official worked key linked in archive.",content_boundary_verified,2026-10-04T04:23:16.648492+00:00,"Lame constants named but full stress-strain/buckling law not given; brick joint contact, tower geometry and strength also missing. Simple weight balance does not determine elastic stability.",REJECT
raw::6299,6299,0,Ortvay,ortvay,Open,1998,Problems,theory,8,Cost of Red Blood Cells *,source_authored,originals/ortvay/1998/Ortvay_1998_Q1-35__54c9d9a5b030e2a5.pdf,3142,54c9d9a5b030e2a5863ef3e889cedf33aeb452f4a976f4d33137795abffe2f6d,3,3,,https://olimpicos.net/ortvay/index.html#1998,REJECT,high,,Daily energy cost of red-cell transport through narrower capillaries,Daily energy cost of red-cell transport through narrower capillaries,"The statement explicitly requires cell deformation, cell-fluid relative flow and density effects. Membrane constitutive response, cell-scale hydrodynamic drag and vascular flow/distribution are not supplied and dominate the requested quantitative excess energy; elementary gravity alone cannot close the whole task.",1,0,pass_2_complete,2026-10-04T04:21:44.421057+00:00,"Complete actual Ortvay 1998 Q8 read from full cache and all eight rendered pages. First questions share cover continuation p2; operator substitution/inner product, condensate PDE, Ising/spin energy and antenna relation visually inspected. Q35 original linked JPEG independently acquired/decoded/visually inspected. Whole parent retained; no official worked key linked in archive.",content_boundary_verified,2026-10-04T04:23:16.648829+00:00,No cell deformation/drag or vascular geometry data. Net gravitational work in a closed circulation is not simply extra weight times arbitrary distance; central cell/contact-flow physics remains unsupplied.,REJECT
raw::6300,6300,0,Ortvay,ortvay,Open,1998,Problems,theory,9,Raindrop instability on eaves *,source_authored,originals/ortvay/1998/Ortvay_1998_Q1-35__54c9d9a5b030e2a5.pdf,3142,54c9d9a5b030e2a5863ef3e889cedf33aeb452f4a976f4d33137795abffe2f6d,3,3,,https://olimpicos.net/ortvay/index.html#1998,REJECT,high,,Underside film-drop instability and time-dependent motion along eaves,Underside film-drop instability and time-dependent motion along eaves,"Capillary/gravity intuition is within foundations, but predictive instability, drop position and catch-up require an unsupplied viscous film/contact-line mobility and wetting model. Those central dynamics are not operationally supplied.",1,0,pass_2_complete,2026-10-04T04:21:44.421087+00:00,"Complete actual Ortvay 1998 Q9 read from full cache and all eight rendered pages. First questions share cover continuation p2; operator substitution/inner product, condensate PDE, Ising/spin energy and antenna relation visually inspected. Q35 original linked JPEG independently acquired/decoded/visually inspected. Whole parent retained; no official worked key linked in archive.",content_boundary_verified,2026-10-04T04:23:16.648914+00:00,"Wetting/contact-line hysteresis, eaves slope, film supply and viscosity/mobility missing. Surface-energy intuition alone does not fix x(t) or coalescence timing.",REJECT
raw::6301,6301,0,Ortvay,ortvay,Open,1998,Problems,theory,10,Drop formation from pipette *,source_authored,originals/ortvay/1998/Ortvay_1998_Q1-35__54c9d9a5b030e2a5.pdf,3142,54c9d9a5b030e2a5863ef3e889cedf33aeb452f4a976f4d33137795abffe2f6d,3,3,,https://olimpicos.net/ortvay/index.html#1998,REJECT,high,,Drop-formation conditions and evolving pipette-drop shape,Drop-formation conditions and evolving pipette-drop shape,"Surface tension/gravity can estimate a static detachment scale, but the substantial evolving drop/jet shape requires unprovided free-boundary fluid dynamics, viscosity/wetting and breakup prescription. Do not rescue only a static sub-answer.",1,0,pass_2_complete,2026-10-04T04:21:44.421104+00:00,"Complete actual Ortvay 1998 Q10 read from full cache and all eight rendered pages. First questions share cover continuation p2; operator substitution/inner product, condensate PDE, Ising/spin energy and antenna relation visually inspected. Q35 original linked JPEG independently acquired/decoded/visually inspected. Whole parent retained; no official worked key linked in archive.",content_boundary_verified,2026-10-04T04:23:16.649000+00:00,Constant outlet speed does not give the evolving free-boundary shape or breakup criterion without radius/surface tension/viscosity/wetting and a dynamical fluid model.,REJECT
raw::6306,6306,0,Ortvay,ortvay,Open,1998,Problems,theory,15,Hypercomplex electrodynamics action *,source_authored,originals/ortvay/1998/Ortvay_1998_Q1-35__54c9d9a5b030e2a5.pdf,3142,54c9d9a5b030e2a5863ef3e889cedf33aeb452f4a976f4d33137795abffe2f6d,3,3,,https://olimpicos.net/ortvay/index.html#1998,REJECT,high,,Hypercomplex Lorentz-invariant electromagnetic action and mass extension,Hypercomplex Lorentz-invariant electromagnetic action and mass extension,"Complex/quaternion variables are stated, but invariant coupling/action, field variation, gauge/Noether and mass-term prescriptions are not. Those central specialized field-theory prerequisites must be supplied before the requested waves/conservation analysis.",1,0,single_pass_complete,2026-10-04T04:21:44.421186+00:00,"Complete actual Ortvay 1998 Q15 read from full cache and all eight rendered pages. First questions share cover continuation p2; operator substitution/inner product, condensate PDE, Ising/spin energy and antenna relation visually inspected. Q35 original linked JPEG independently acquired/decoded/visually inspected. Whole parent retained; no official worked key linked in archive.",content_boundary_verified,,,REJECT
raw::6307,6307,0,Ortvay,ortvay,Open,1998,Problems,theory,16,Photon rocket race in Minkowski space *,source_authored,originals/ortvay/1998/Ortvay_1998_Q1-35__54c9d9a5b030e2a5.pdf,3142,54c9d9a5b030e2a5863ef3e889cedf33aeb452f4a976f4d33137795abffe2f6d,4,4,,https://olimpicos.net/ortvay/index.html#1998,REJECT,high,,Visual observations during parallel and sequential proper-acceleration rocket races,Visual observations during parallel and sequential proper-acceleration rocket races,"Proper acceleration and rocket geometry do not supply Lorentz/proper-time trajectories, aberration, relativistic Doppler/brightness or horizon laws. Those outside SR relations dominate every requested screen observation and ending.",1,0,single_pass_complete,2026-10-04T04:21:44.421202+00:00,"Complete actual Ortvay 1998 Q16 read from full cache and all eight rendered pages. First questions share cover continuation p2; operator substitution/inner product, condensate PDE, Ising/spin energy and antenna relation visually inspected. Q35 original linked JPEG independently acquired/decoded/visually inspected. Whole parent retained; no official worked key linked in archive.",content_boundary_verified,,,REJECT
raw::6308,6308,0,Ortvay,ortvay,Open,1998,Problems,theory,17,Rocket rod contraction paradox *,source_authored,originals/ortvay/1998/Ortvay_1998_Q1-35__54c9d9a5b030e2a5.pdf,3142,54c9d9a5b030e2a5863ef3e889cedf33aeb452f4a976f4d33137795abffe2f6d,4,4,,https://olimpicos.net/ortvay/index.html#1998,REJECT,high,,Rod-wave evolution and final length between accelerating rockets,Rod-wave evolution and final length between accelerating rockets,"Elastic telegraph coefficients are only said to have been measured, not operationally supplied. Relativistic simultaneity, accelerating-frame boundary forcing and length transform are also absent and central to the claimed rod paradox.",1,0,pass_2_complete,2026-10-04T04:21:44.421217+00:00,"Complete actual Ortvay 1998 Q17 read from full cache and all eight rendered pages. First questions share cover continuation p2; operator substitution/inner product, condensate PDE, Ising/spin energy and antenna relation visually inspected. Q35 original linked JPEG independently acquired/decoded/visually inspected. Whole parent retained; no official worked key linked in archive.",content_boundary_verified,2026-10-04T04:23:16.649375+00:00,Measured telegraph coefficients asserted but not printed. More fundamentally SR simultaneity/length/frame forcing not operationally supplied.,REJECT
raw::6309,6309,0,Ortvay,ortvay,Open,1998,Problems,theory,18,Rocket ride through cosmological models *,source_authored,originals/ortvay/1998/Ortvay_1998_Q1-35__54c9d9a5b030e2a5.pdf,3142,54c9d9a5b030e2a5863ef3e889cedf33aeb452f4a976f4d33137795abffe2f6d,4,4,,https://olimpicos.net/ortvay/index.html#1998,REJECT,high,,Accelerated spacecraft views across several cosmological spacetimes,Accelerated spacecraft views across several cosmological spacetimes,"Named cosmological types do not supply their metrics/scale laws, geodesics or proper-time radiation mapping. Central GR/cosmological optics and dynamics are unsupplied.",1,0,single_pass_complete,2026-10-04T04:21:44.421246+00:00,"Complete actual Ortvay 1998 Q18 read from full cache and all eight rendered pages. First questions share cover continuation p2; operator substitution/inner product, condensate PDE, Ising/spin energy and antenna relation visually inspected. Q35 original linked JPEG independently acquired/decoded/visually inspected. Whole parent retained; no official worked key linked in archive.",content_boundary_verified,,,REJECT
raw::6310,6310,0,Ortvay,ortvay,Open,1998,Problems,theory,19,Gravity in 2+1 dimensions *,source_authored,originals/ortvay/1998/Ortvay_1998_Q1-35__54c9d9a5b030e2a5.pdf,3142,54c9d9a5b030e2a5863ef3e889cedf33aeb452f4a976f4d33137795abffe2f6d,4,4,,https://olimpicos.net/ortvay/index.html#1998,REJECT,high,,Meaning of gravitational interaction in 2+1-dimensional GR,Meaning of gravitational interaction in 2+1-dimensional GR,"No field equations, metric/curvature relations or global topology model is supplied. The whole requested distinction requires specialized general relativity.",1,0,single_pass_complete,2026-10-04T04:21:44.421263+00:00,"Complete actual Ortvay 1998 Q19 read from full cache and all eight rendered pages. First questions share cover continuation p2; operator substitution/inner product, condensate PDE, Ising/spin energy and antenna relation visually inspected. Q35 original linked JPEG independently acquired/decoded/visually inspected. Whole parent retained; no official worked key linked in archive.",content_boundary_verified,,,REJECT
raw::6311,6311,0,Ortvay,ortvay,Open,1998,Problems,theory,20,Eigenvalue spectrum of coupled oscillator *,source_authored,originals/ortvay/1998/Ortvay_1998_Q1-35__54c9d9a5b030e2a5.pdf,3142,54c9d9a5b030e2a5863ef3e889cedf33aeb452f4a976f4d33137795abffe2f6d,4,4,,https://olimpicos.net/ortvay/index.html#1998,REJECT,high,,Quantum spectrum of coupled planar oscillator operators,Quantum spectrum of coupled planar oscillator operators,"Formal operator Hamiltonian is supplied, but momentum representation, canonical commutators/oscillator eigenstates and quantization rules are not. They centrally determine its spectrum.",1,0,single_pass_complete,2026-10-04T04:21:44.421280+00:00,"Complete actual Ortvay 1998 Q20 read from full cache and all eight rendered pages. First questions share cover continuation p2; operator substitution/inner product, condensate PDE, Ising/spin energy and antenna relation visually inspected. Q35 original linked JPEG independently acquired/decoded/visually inspected. Whole parent retained; no official worked key linked in archive.",content_boundary_verified,,,REJECT
raw::6312,6312,0,Ortvay,ortvay,Open,1998,Problems,theory,21,Classical vs quantum uncertainty *,source_authored,originals/ortvay/1998/Ortvay_1998_Q1-35__54c9d9a5b030e2a5.pdf,3142,54c9d9a5b030e2a5863ef3e889cedf33aeb452f4a976f4d33137795abffe2f6d,5,5,,https://olimpicos.net/ortvay/index.html#1998,REJECT,high,,Classical and quantum coordinate-momentum uncertainties in Kepler/hydrogen states,Classical and quantum coordinate-momentum uncertainties in Kepler/hydrogen states,"Both averaging formulas and uncertainty definition are genuinely supplied. Hydrogen wavefunctions and momentum operator/state spectrum are merely said to be well-known, not supplied; those central quantum prerequisites are needed for the requested quantitative comparison.",1,0,pass_2_complete,2026-10-04T04:21:44.421295+00:00,"Complete actual Ortvay 1998 Q21 read from full cache and all eight rendered pages. First questions share cover continuation p2; operator substitution/inner product, condensate PDE, Ising/spin energy and antenna relation visually inspected. Q35 original linked JPEG independently acquired/decoded/visually inspected. Whole parent retained; no official worked key linked in archive.",content_boundary_verified,2026-10-04T04:23:16.649467+00:00,"Averages and uncertainty definition supplied, but hydrogen orbital wavefunctions and p operator are not. Do not replace them with unrelated references as if contestant material.",REJECT
raw::6314,6314,0,Ortvay,ortvay,Open,1998,Problems,theory,23,Cooper pairs and Pauli principle *,source_authored,originals/ortvay/1998/Ortvay_1998_Q1-35__54c9d9a5b030e2a5.pdf,3142,54c9d9a5b030e2a5863ef3e889cedf33aeb452f4a976f4d33137795abffe2f6d,5,5,,https://olimpicos.net/ortvay/index.html#1998,REJECT,high,,Detailed resolution of Pauli exclusion versus Cooper-pair occupancy,Detailed resolution of Pauli exclusion versus Cooper-pair occupancy,"The qualitative exclusion/pair-boson premises are supplied, but antisymmetric many-electron pair-state construction, normalization/overlap and superconducting occupation model are not. Those specialized quantum rules are central to the expressly requested detailed calculations.",1,0,single_pass_complete,2026-10-04T04:21:44.421326+00:00,"Complete actual Ortvay 1998 Q23 read from full cache and all eight rendered pages. First questions share cover continuation p2; operator substitution/inner product, condensate PDE, Ising/spin energy and antenna relation visually inspected. Q35 original linked JPEG independently acquired/decoded/visually inspected. Whole parent retained; no official worked key linked in archive.",content_boundary_verified,,,REJECT
raw::6315,6315,0,Ortvay,ortvay,Open,1998,Problems,theory,24,Coherent states of plane rotator *,source_authored,originals/ortvay/1998/Ortvay_1998_Q1-35__54c9d9a5b030e2a5.pdf,3142,54c9d9a5b030e2a5863ef3e889cedf33aeb452f4a976f4d33137795abffe2f6d,5,5,,https://olimpicos.net/ortvay/index.html#1998,REJECT,high,,Rotor coherent states and oscillator shift-operator analogy,Rotor coherent states and oscillator shift-operator analogy,"No coherent-state definition, quantum rotor spectrum, ladder/shift representation or minimum-uncertainty state prescription is supplied. These central quantum methods define the whole task.",1,0,single_pass_complete,2026-10-04T04:21:44.421342+00:00,"Complete actual Ortvay 1998 Q24 read from full cache and all eight rendered pages. First questions share cover continuation p2; operator substitution/inner product, condensate PDE, Ising/spin energy and antenna relation visually inspected. Q35 original linked JPEG independently acquired/decoded/visually inspected. Whole parent retained; no official worked key linked in archive.",content_boundary_verified,,,REJECT
raw::6316,6316,0,Ortvay,ortvay,Open,1998,Problems,theory,25,Two bosons in a box *,source_authored,originals/ortvay/1998/Ortvay_1998_Q1-35__54c9d9a5b030e2a5.pdf,3142,54c9d9a5b030e2a5863ef3e889cedf33aeb452f4a976f4d33137795abffe2f6d,6,6,,https://olimpicos.net/ortvay/index.html#1998,REJECT,high,,Energy eigenstates of two hard-core bosons in an infinite well,Energy eigenstates of two hard-core bosons in an infinite well,"Potential and rigid-collision premise are supplied, but multi-particle Schrodinger operator, symmetric quantum state and contact boundary mapping are not. They centrally determine the eigenstates/energies.",1,0,single_pass_complete,2026-10-04T04:21:44.421357+00:00,"Complete actual Ortvay 1998 Q25 read from full cache and all eight rendered pages. First questions share cover continuation p2; operator substitution/inner product, condensate PDE, Ising/spin energy and antenna relation visually inspected. Q35 original linked JPEG independently acquired/decoded/visually inspected. Whole parent retained; no official worked key linked in archive.",content_boundary_verified,,,REJECT
raw::6322,6322,0,Ortvay,ortvay,Open,1998,Problems,theory,31,Fermi gas with interactions *,source_authored,originals/ortvay/1998/Ortvay_1998_Q1-35__54c9d9a5b030e2a5.pdf,3142,54c9d9a5b030e2a5863ef3e889cedf33aeb452f4a976f4d33137795abffe2f6d,7,7,,https://olimpicos.net/ortvay/index.html#1998,REJECT,high,,Interacting equal-mode-energy Fermi-gas thermodynamics,Interacting equal-mode-energy Fermi-gas thermodynamics,"Pair energy is given, but Fermi occupations/state counting, degeneracy and ensemble quantum distribution are not. Those central quantum-statistical rules determine the requested thermodynamics.",1,0,single_pass_complete,2026-10-04T04:21:44.421462+00:00,"Complete actual Ortvay 1998 Q31 read from full cache and all eight rendered pages. First questions share cover continuation p2; operator substitution/inner product, condensate PDE, Ising/spin energy and antenna relation visually inspected. Q35 original linked JPEG independently acquired/decoded/visually inspected. Whole parent retained; no official worked key linked in archive.",content_boundary_verified,,,REJECT
raw::6323,6323,0,Ortvay,ortvay,Open,1998,Problems,theory,32,Bose gas in harmonic trap *,source_authored,originals/ortvay/1998/Ortvay_1998_Q1-35__54c9d9a5b030e2a5.pdf,3142,54c9d9a5b030e2a5863ef3e889cedf33aeb452f4a976f4d33137795abffe2f6d,7,7,,https://olimpicos.net/ortvay/index.html#1998,REJECT,high,,Bose condensation and population in a harmonic trap,Bose condensation and population in a harmonic trap,"Trap potential alone does not supply Bose occupation, oscillator density of states or condensation criterion. Those central quantum-statistical relations control both requested temperature functions.",1,0,single_pass_complete,2026-10-04T04:21:44.421479+00:00,"Complete actual Ortvay 1998 Q32 read from full cache and all eight rendered pages. First questions share cover continuation p2; operator substitution/inner product, condensate PDE, Ising/spin energy and antenna relation visually inspected. Q35 original linked JPEG independently acquired/decoded/visually inspected. Whole parent retained; no official worked key linked in archive.",content_boundary_verified,,,REJECT
raw::6324,6324,0,Ortvay,ortvay,Open,1998,Problems,experimental,33,Superfluid helium thermography *,source_authored,originals/ortvay/1998/Ortvay_1998_Q1-35__54c9d9a5b030e2a5.pdf,3142,54c9d9a5b030e2a5863ef3e889cedf33aeb452f4a976f4d33137795abffe2f6d,7,7,,https://olimpicos.net/ortvay/index.html#1998,REJECT,high,,Laser thermography based on unprovided superfluid-helium properties,Laser thermography based on unprovided superfluid-helium properties,"The displacement precision is supplied, but the operative fountain/two-fluid thermomechanical relation and material sensitivity are not. Choosing and calculating the conversion setup centrally requires specialized superfluid physics; experimental format does not cause the rejection.",1,0,pass_2_complete,2026-10-04T04:21:44.421494+00:00,"Complete actual Ortvay 1998 Q33 read from full cache and all eight rendered pages. First questions share cover continuation p2; operator substitution/inner product, condensate PDE, Ising/spin energy and antenna relation visually inspected. Q35 original linked JPEG independently acquired/decoded/visually inspected. Whole parent retained; no official worked key linked in archive.",content_boundary_verified,2026-10-04T04:23:16.650139+00:00,No superfluid thermomechanical relation supplied. Laser precision alone cannot determine temperature-displacement sensitivity; no experiment fabricated.,REJECT
raw::6264,6264,0,Ortvay,ortvay,Open,1999,Problems,theory,7,Hamiltonian trajectory classification *,source_authored,originals/ortvay/1999/Ortvay_1999_Q1-34__ec34e97e76fa91d3.pdf,3141,ec34e97e76fa91d3116cd3e820a56bc423be808dd997e55976c0a4ace99bdef5,2,2,,https://olimpicos.net/ortvay/index.html#1999,REJECT,high,,Trajectories from a nonstandard square-root Hamiltonian,Trajectories from a nonstandard square-root Hamiltonian,"The formal H is supplied, but its canonical equations and momentum/velocity interpretation are not. Those central outside analytical-mechanics postulates define the entire trajectory task; it is not an ordinary p-squared kinetic plus Newton spring energy.",1,0,pass_2_complete,2026-10-04T04:15:31.860415+00:00,"Complete actual Ortvay 1999 Q7 read in full SHA cache and all eight rendered pages. Q22 spans pp4-5; actual dipole diagram, square-root Hamiltonian, trap/scattering formulas, spin map and fatigue integral inspected. Whole parent retained. Official archive source/PS/PDF row inspected; no worked solution key linked.",content_boundary_verified,2026-10-04T04:16:54.683652+00:00,Actual H=sqrt((mu/m)*(px^2+py^2)*(1-(x^2+y^2)/a^2)). Formal H without canonical equations differs from explicit Newton mass-spring energy in 2000 Q34.,REJECT
raw::6269,6269,0,Ortvay,ortvay,Open,1999,Problems,theory,12,Viscous vortex solutions *,source_authored,originals/ortvay/1999/Ortvay_1999_Q1-34__ec34e97e76fa91d3.pdf,3141,ec34e97e76fa91d3116cd3e820a56bc423be808dd997e55976c0a4ace99bdef5,3,3,,https://olimpicos.net/ortvay/index.html#1999,REJECT,high,,Viscous-vortex Navier-Stokes solutions and interacting vortex centres,Viscous-vortex Navier-Stokes solutions and interacting vortex centres,"Only the name of Navier-Stokes and an initial vorticity are supplied. The viscous constitutive/evolution equation, vorticity transport and singular point-vortex velocity law are central specialized fluid prerequisites, not merely solving a fully provided PDE.",1,0,pass_2_complete,2026-10-04T04:15:31.860516+00:00,"Complete actual Ortvay 1999 Q12 read in full SHA cache and all eight rendered pages. Q22 spans pp4-5; actual dipole diagram, square-root Hamiltonian, trap/scattering formulas, spin map and fatigue integral inspected. Whole parent retained. Official archive source/PS/PDF row inspected; no worked solution key linked.",content_boundary_verified,2026-10-04T04:16:54.684023+00:00,,REJECT
raw::6276,6276,0,Ortvay,ortvay,Open,1999,Problems,theory,19,Black disk in CBR *,source_authored,originals/ortvay/1999/Ortvay_1999_Q1-34__ec34e97e76fa91d3.pdf,3141,ec34e97e76fa91d3116cd3e820a56bc423be808dd997e55976c0a4ace99bdef5,4,4,,https://olimpicos.net/ortvay/index.html#1999,REJECT,high,,Motion and possible reversal of a thermally lagged disk in background radiation,Motion and possible reversal of a thermally lagged disk in background radiation,"Blackness and small velocity specify thermal absorption qualitatively, but the moving-frame angular radiation intensity and emitted momentum transformation are not supplied. Those central first-order relativistic radiative-drag relations are needed for the requested v(t) and reversal criterion; a qualitative photon-recoil critique alone does not complete this task.",1,0,pass_2_complete,2026-10-04T04:15:31.860635+00:00,"Complete actual Ortvay 1999 Q19 read in full SHA cache and all eight rendered pages. Q22 spans pp4-5; actual dipole diagram, square-root Hamiltonian, trap/scattering formulas, spin map and fatigue integral inspected. Whole parent retained. Official archive source/PS/PDF row inspected; no worked solution key linked.",content_boundary_verified,2026-10-04T04:16:54.684651+00:00,Small v does not itself supply moving blackbody intensity/aberration or emission momentum. No exact radiation-frame law printed; actual disk material/heat capacities unspecified.,REJECT
raw::6281,6281,0,Ortvay,ortvay,Open,1999,Problems,theory,24,Airy wave packet in linear potential *,source_authored,originals/ortvay/1999/Ortvay_1999_Q1-34__ec34e97e76fa91d3.pdf,3141,ec34e97e76fa91d3116cd3e820a56bc423be808dd997e55976c0a4ace99bdef5,5,5,,https://olimpicos.net/ortvay/index.html#1999,REJECT,high,,Accelerating Airy quantum packet and transformations under a linear potential,Accelerating Airy quantum packet and transformations under a linear potential,"Airy integral and trial wavefunction/coordinate ansatz are supplied, but the time-dependent Schrodinger differential equation is only named, not written. That central outside quantum evolution law and physical packet interpretation are needed for all coefficients and potential/accelerated-frame results.",1,0,pass_2_complete,2026-10-04T04:15:31.860711+00:00,"Complete actual Ortvay 1999 Q24 read in full SHA cache and all eight rendered pages. Q22 spans pp4-5; actual dipole diagram, square-root Hamiltonian, trap/scattering formulas, spin map and fatigue integral inspected. Whole parent retained. Official archive source/PS/PDF row inspected; no worked solution key linked.",content_boundary_verified,2026-10-04T04:16:54.685177+00:00,"Airy definition integral lacks the conventional 1/pi normalization, which changes amplitude only. No time-dependent Schrodinger PDE written; do not import it as if supplied.",REJECT
raw::6282,6282,0,Ortvay,ortvay,Open,1999,Problems,theory,25,Motion on upper half-sphere *,source_authored,originals/ortvay/1999/Ortvay_1999_Q1-34__ec34e97e76fa91d3.pdf,3141,ec34e97e76fa91d3116cd3e820a56bc423be808dd997e55976c0a4ace99bdef5,5,5,,https://olimpicos.net/ortvay/index.html#1999,REJECT,high,,Curved-space Kepler mechanics followed by quantum spectrum,Curved-space Kepler mechanics followed by quantum spectrum,"Sphere/projective coordinates and potential are supplied, but canonical/Poisson dynamical postulates and curved-space quantization/operator prescription are not. Those central specialized mechanics/quantum prerequisites control the conserved-algebra and spectrum task.",1,0,single_pass_complete,2026-10-04T04:15:31.860727+00:00,"Complete actual Ortvay 1999 Q25 read in full SHA cache and all eight rendered pages. Q22 spans pp4-5; actual dipole diagram, square-root Hamiltonian, trap/scattering formulas, spin map and fatigue integral inspected. Whole parent retained. Official archive source/PS/PDF row inspected; no worked solution key linked.",content_boundary_verified,,,REJECT
raw::6283,6283,0,Ortvay,ortvay,Open,1999,Problems,theory,26,Quantized k-fold pendulum *,source_authored,originals/ortvay/1999/Ortvay_1999_Q1-34__ec34e97e76fa91d3.pdf,3141,ec34e97e76fa91d3116cd3e820a56bc423be808dd997e55976c0a4ace99bdef5,6,6,,https://olimpicos.net/ortvay/index.html#1999,REJECT,high,,Quantum states and tunnelling of a multi-cover pendulum,Quantum states and tunnelling of a multi-cover pendulum,"The classical configuration is described, but quantum evolution, low-state tunnelling/splitting and symmetry representation rules are not supplied. They dominate the requested comparison.",1,0,single_pass_complete,2026-10-04T04:15:31.860742+00:00,"Complete actual Ortvay 1999 Q26 read in full SHA cache and all eight rendered pages. Q22 spans pp4-5; actual dipole diagram, square-root Hamiltonian, trap/scattering formulas, spin map and fatigue integral inspected. Whole parent retained. Official archive source/PS/PDF row inspected; no worked solution key linked.",content_boundary_verified,,,REJECT
raw::6285,6285,0,Ortvay,ortvay,Open,1999,Problems,theory,28,Two-site Hubbard model *,source_authored,originals/ortvay/1999/Ortvay_1999_Q1-34__ec34e97e76fa91d3.pdf,3141,ec34e97e76fa91d3116cd3e820a56bc423be808dd997e55976c0a4ace99bdef5,6,6,,https://olimpicos.net/ortvay/index.html#1999,REJECT,high,,Second-quantized diatomic electron model,Second-quantized diatomic electron model,"Hamiltonian terms and orbital labels are supplied, but Fock-state construction, fermion anticommutation/occupation/spin rules and physical state interpretation are not. Those missing quantum prerequisites dominate every block, ground-state and chemistry result.",1,0,single_pass_complete,2026-10-04T04:15:31.860772+00:00,"Complete actual Ortvay 1999 Q28 read in full SHA cache and all eight rendered pages. Q22 spans pp4-5; actual dipole diagram, square-root Hamiltonian, trap/scattering formulas, spin map and fatigue integral inspected. Whole parent retained. Official archive source/PS/PDF row inspected; no worked solution key linked.",content_boundary_verified,,,REJECT
raw::6286,6286,0,Ortvay,ortvay,Open,1999,Problems,theory,29,Atom crossing Fabry–Perot cavity *,source_authored,originals/ortvay/1999/Ortvay_1999_Q1-34__ec34e97e76fa91d3.pdf,3141,ec34e97e76fa91d3116cd3e820a56bc423be808dd997e55976c0a4ace99bdef5,6,6,,https://olimpicos.net/ortvay/index.html#1999,REJECT,high,,Excited atom crossing a resonant Fabry-Perot cavity,Excited atom crossing a resonant Fabry-Perot cavity,"No atom-field dipole Hamiltonian/coupling, semiclassical internal-state evolution or final joint-state prescription is supplied. Those specialized quantum-optical relations are central despite familiar interferometer context.",1,0,single_pass_complete,2026-10-04T04:15:31.860787+00:00,"Complete actual Ortvay 1999 Q29 read in full SHA cache and all eight rendered pages. Q22 spans pp4-5; actual dipole diagram, square-root Hamiltonian, trap/scattering formulas, spin map and fatigue integral inspected. Whole parent retained. Official archive source/PS/PDF row inspected; no worked solution key linked.",content_boundary_verified,,,REJECT
raw::6287,6287,0,Ortvay,ortvay,Open,1999,Problems,theory,30,Spin measurement reversibility model *,source_authored,originals/ortvay/1999/Ortvay_1999_Q1-34__ec34e97e76fa91d3.pdf,3141,ec34e97e76fa91d3116cd3e820a56bc423be808dd997e55976c0a4ace99bdef5,7,7,,https://olimpicos.net/ortvay/index.html#1999,REJECT,high,,"Two-spin measuring map, interaction Hamiltonian and density matrix","Two-spin measuring map, interaction Hamiltonian and density matrix","The input-output state map is genuinely given. Its conversion into a physical generator, spin operators, density matrix and reversibility still requires unsupplied quantum time-evolution/state postulates; the map alone is not a complete operational quantum model.",1,0,pass_2_complete,2026-10-04T04:15:31.860801+00:00,"Complete actual Ortvay 1999 Q30 read in full SHA cache and all eight rendered pages. Q22 spans pp4-5; actual dipole diagram, square-root Hamiltonian, trap/scattering formulas, spin map and fatigue integral inspected. Whole parent retained. Official archive source/PS/PDF row inspected; no worked solution key linked.",content_boundary_verified,2026-10-04T04:16:54.685366+00:00,"Actual map is |0> tensor(alpha,beta) to |0> tensor(alpha,0)+|1> tensor(0,beta). This fixes a state-map action but not quantum generator, Pauli components or density-operator postulates.",REJECT
raw::6288,6288,0,Ortvay,ortvay,Open,1999,Problems,theory,31,Carbon nanotube band gap *,source_authored,originals/ortvay/1999/Ortvay_1999_Q1-34__ec34e97e76fa91d3.pdf,3141,ec34e97e76fa91d3116cd3e820a56bc423be808dd997e55976c0a4ace99bdef5,7,7,,https://olimpicos.net/ortvay/index.html#1999,REJECT,high,,Magnetic gap of an armchair nanotube in a named tight-binding model,Magnetic gap of an armchair nanotube in a named tight-binding model,"Geometry is supplied, but tight-binding hopping/dispersion, magnetic phase coupling, electronic boundary states and Fermi occupation are not. Those specialized condensed-matter prerequisites centrally determine the gap/transition.",1,0,single_pass_complete,2026-10-04T04:15:31.860827+00:00,"Complete actual Ortvay 1999 Q31 read in full SHA cache and all eight rendered pages. Q22 spans pp4-5; actual dipole diagram, square-root Hamiltonian, trap/scattering formulas, spin map and fatigue integral inspected. Whole parent retained. Official archive source/PS/PDF row inspected; no worked solution key linked.",content_boundary_verified,,,REJECT
raw::6289,6289,0,Ortvay,ortvay,Open,1999,Problems,theory,32,Infinite-dimensional anisotropic oscillator *,source_authored,originals/ortvay/1999/Ortvay_1999_Q1-34__ec34e97e76fa91d3.pdf,3141,ec34e97e76fa91d3116cd3e820a56bc423be808dd997e55976c0a4ace99bdef5,7,7,,https://olimpicos.net/ortvay/index.html#1999,REJECT,high,,Quantum effective dynamics with infinitely many oscillator dimensions,Quantum effective dynamics with infinitely many oscillator dimensions,"Frequency scaling and qualitative perturbation are given, but quantum oscillator state/perturbative elimination and effective-dynamics prescriptions are not. Central quantum/field-like machinery is unsupplied.",1,0,single_pass_complete,2026-10-04T04:15:31.860842+00:00,"Complete actual Ortvay 1999 Q32 read in full SHA cache and all eight rendered pages. Q22 spans pp4-5; actual dipole diagram, square-root Hamiltonian, trap/scattering formulas, spin map and fatigue integral inspected. Whole parent retained. Official archive source/PS/PDF row inspected; no worked solution key linked.",content_boundary_verified,,,REJECT
raw::6240,6240,0,Ortvay,ortvay,Open,2000,Problems,theory,20,Friction between moving dielectric sheets *,source_authored,originals/ortvay/2000/Ortvay_2000_Q1-37__8d0cb81ce91c271b.pdf,3139,8d0cb81ce91c271b4a3e13168f33c60da1cc88e2d7d38866b427e062e1ce7321,4,4,,https://olimpicos.net/ortvay/index.html#2000,REJECT,high,,Velocity-dependent friction between parallel dielectric sheets,Velocity-dependent friction between parallel dielectric sheets,"Permittivity, distance and speed alone supply no fluctuating polarization spectrum, dissipative response or quantum/thermal friction model. Those specialized relations are central to a nontrivial friction law; a static unexcited ideal-dielectric zero-force limit does not specify the requested general interaction.",1,0,pass_2_complete,2026-10-04T04:08:57.793897+00:00,"Complete actual Ortvay 2000 Q20 read in full cached text and all eight rendered physical pages. Q31 spans pp6-7 and includes the actual frequency table; piston-wheel diagram, all fluid/wave/chain equations and particle-transform conventions visually inspected. Whole parent preserved. Official archive has no accessible worked key for this paper.",content_boundary_verified,2026-10-04T04:11:02.943619+00:00,Constant permittivity alone does not provide dissipative/fluctuational polarization response. Literal ideal unexcited classical zero-friction limit is possible but is not a supplied general friction law.,REJECT
raw::6247,6247,0,Ortvay,ortvay,Open,2000,Problems,theory,27,Illumination of a relativistic cube *,source_authored,originals/ortvay/2000/Ortvay_2000_Q1-37__8d0cb81ce91c271b.pdf,3139,8d0cb81ce91c271b4a3e13168f33c60da1cc88e2d7d38866b427e062e1ce7321,6,6,,https://olimpicos.net/ortvay/index.html#2000,REJECT,high,,Illumination and apparent rotation of a relativistically moving cube,Illumination and apparent rotation of a relativistically moving cube,"The named textbook and qualitative Terrell-rotation premise do not supply Lorentz transformations, aberration/Doppler intensity or rest-frame mapping. Those unsupplied SR relations are central to the illumination and paradox resolution.",1,0,single_pass_complete,2026-10-04T04:08:57.794014+00:00,"Complete actual Ortvay 2000 Q27 read in full cached text and all eight rendered physical pages. Q31 spans pp6-7 and includes the actual frequency table; piston-wheel diagram, all fluid/wave/chain equations and particle-transform conventions visually inspected. Whole parent preserved. Official archive has no accessible worked key for this paper.",content_boundary_verified,,,REJECT
raw::6248,6248,0,Ortvay,ortvay,Open,2000,Problems,theory,28,Non-relativistic gravity theory *,source_authored,originals/ortvay/2000/Ortvay_2000_Q1-37__8d0cb81ce91c271b.pdf,3139,8d0cb81ce91c271b4a3e13168f33c60da1cc88e2d7d38866b427e062e1ce7321,6,6,,https://olimpicos.net/ortvay/index.html#2000,REJECT,high,,Constructing a nonrelativistic geometrical gravity theory,Constructing a nonrelativistic geometrical gravity theory,"Two qualitative curvature/geodesic principles do not supply a metric/connection, matter coupling or gravitational field equation. Constructing/comparing the theory and cosmological phenomena centrally requires unsupplied specialized geometrical gravity.",1,0,single_pass_complete,2026-10-04T04:08:57.794030+00:00,"Complete actual Ortvay 2000 Q28 read in full cached text and all eight rendered physical pages. Q31 spans pp6-7 and includes the actual frequency table; piston-wheel diagram, all fluid/wave/chain equations and particle-transform conventions visually inspected. Whole parent preserved. Official archive has no accessible worked key for this paper.",content_boundary_verified,,,REJECT
raw::6249,6249,0,Ortvay,ortvay,Open,2000,Problems,theory,29,Quantised coupled oscillator system *,source_authored,originals/ortvay/2000/Ortvay_2000_Q1-37__8d0cb81ce91c271b.pdf,3139,8d0cb81ce91c271b4a3e13168f33c60da1cc88e2d7d38866b427e062e1ce7321,6,6,,https://olimpicos.net/ortvay/index.html#2000,REJECT,high,,Quantizing coupled quartic oscillators to second perturbative order,Quantizing coupled quartic oscillators to second perturbative order,"The classical Hamiltonian is given, but quantum state/ladder representation, quantization, perturbation and expectation dynamics are not. These central outside quantum methods determine all the requested states and energies.",1,0,pass_2_complete,2026-10-04T04:08:57.794046+00:00,"Complete actual Ortvay 2000 Q29 read in full cached text and all eight rendered physical pages. Q31 spans pp6-7 and includes the actual frequency table; piston-wheel diagram, all fluid/wave/chain equations and particle-transform conventions visually inspected. Whole parent preserved. Official archive has no accessible worked key for this paper.",content_boundary_verified,2026-10-04T04:11:02.944176+00:00,,REJECT
raw::6250,6250,0,Ortvay,ortvay,Open,2000,Problems,theory,30,Electron in divided box *,source_authored,originals/ortvay/2000/Ortvay_2000_Q1-37__8d0cb81ce91c271b.pdf,3139,8d0cb81ce91c271b4a3e13168f33c60da1cc88e2d7d38866b427e062e1ce7321,6,6,,https://olimpicos.net/ortvay/index.html#2000,REJECT,high,,Quantum box spectrum with an effective-mass interface,Quantum box spectrum with an effective-mass interface,"A zero boundary wavefunction and differing masses are supplied, but quantum kinetic operator/ordering, interface current matching and eigen-equation are not. These specialized quantum rules determine the requested matching and spectrum.",1,0,single_pass_complete,2026-10-04T04:08:57.794064+00:00,"Complete actual Ortvay 2000 Q30 read in full cached text and all eight rendered physical pages. Q31 spans pp6-7 and includes the actual frequency table; piston-wheel diagram, all fluid/wave/chain equations and particle-transform conventions visually inspected. Whole parent preserved. Official archive has no accessible worked key for this paper.",content_boundary_verified,,,REJECT
raw::6252,6252,0,Ortvay,ortvay,Open,2000,Problems,theory,32,Bell inequality with detector settings *,source_authored,originals/ortvay/2000/Ortvay_2000_Q1-37__8d0cb81ce91c271b.pdf,3139,8d0cb81ce91c271b4a3e13168f33c60da1cc88e2d7d38866b427e062e1ce7321,7,7,,https://olimpicos.net/ortvay/index.html#2000,REJECT,high,,Locality contradiction followed by Hardy quantum-state construction and optimal probability,Locality contradiction followed by Hardy quantum-state construction and optimal probability,"The supplied detector logic admits a standard probability contradiction, but the substantial culminating state construction and maximum green-green probability require unsupplied two-particle Hilbert states, projectors and Born probabilities. Those central physical dependencies control the intended whole problem; do not rescue only its logical introduction.",1,0,pass_2_complete,2026-10-04T04:08:57.794093+00:00,"Complete actual Ortvay 2000 Q32 read in full cached text and all eight rendered physical pages. Q31 spans pp6-7 and includes the actual frequency table; piston-wheel diagram, all fluid/wave/chain equations and particle-transform conventions visually inspected. Whole parent preserved. Official archive has no accessible worked key for this paper.",content_boundary_verified,2026-10-04T04:11:02.944365+00:00,"Whole final quantum-state construction/maximum probability is substantial, not a tiny peripheral extension. Logical contradiction alone is insufficient to KEEP the whole top-level task.",REJECT
raw::6253,6253,0,Ortvay,ortvay,Open,2000,Problems,theory,33,Composite boson from fermions *,source_authored,originals/ortvay/2000/Ortvay_2000_Q1-37__8d0cb81ce91c271b.pdf,3139,8d0cb81ce91c271b4a3e13168f33c60da1cc88e2d7d38866b427e062e1ce7321,7,7,,https://olimpicos.net/ortvay/index.html#2000,REJECT,high,,Equivariant four-fermion realization of two composite bosons,Equivariant four-fermion realization of two composite bosons,"The boson Hilbert space and transformation are given, but the four spin-half fermion representation, antisymmetric spin structure and composite-state embedding are only asserted similar. Those specialized quantum representation/statistics prerequisites are central to the intertwiner and product-state construction.",1,0,pass_2_complete,2026-10-04T04:08:57.794109+00:00,"Complete actual Ortvay 2000 Q33 read in full cached text and all eight rendered physical pages. Q31 spans pp6-7 and includes the actual frequency table; piston-wheel diagram, all fluid/wave/chain equations and particle-transform conventions visually inspected. Whole parent preserved. Official archive has no accessible worked key for this paper.",content_boundary_verified,2026-10-04T04:11:02.944452+00:00,"Actual U2B boost factor is exp(i*m*v dot(x1+x2)); no hbar printed. U4F and spin representation merely described as similar, not operationally given.",REJECT
raw::6257,6257,0,Ortvay,ortvay,Open,2000,Problems,theory,37,Spin measurement survival strategy *,source_authored,originals/ortvay/2000/Ortvay_2000_Q1-37__8d0cb81ce91c271b.pdf,3139,8d0cb81ce91c271b4a3e13168f33c60da1cc88e2d7d38866b427e062e1ce7321,8,8,,https://olimpicos.net/ortvay/index.html#2000,REJECT,high,,Spin-measurement prediction game with probabilistic Pauli disturbances,Spin-measurement prediction game with probabilistic Pauli disturbances,"Spin axes and named Pauli disturbances do not supply measurement projectors, Born/update rules or operator action. These central quantum information prerequisites determine both optimal strategies and survival probabilities.",1,0,single_pass_complete,2026-10-04T04:08:57.794168+00:00,"Complete actual Ortvay 2000 Q37 read in full cached text and all eight rendered physical pages. Q31 spans pp6-7 and includes the actual frequency table; piston-wheel diagram, all fluid/wave/chain equations and particle-transform conventions visually inspected. Whole parent preserved. Official archive has no accessible worked key for this paper.",content_boundary_verified,,,REJECT
raw::6207,6207,0,Ortvay,ortvay,Open,2001,Problems,theory,21,Relativistic scalar gravity model *,source_authored,originals/ortvay/2001/Ortvay_2001_Q1-34__1ccc657810f3fb74.pdf,3140,1ccc657810f3fb74df61f68b114f6e58e7ecc2d666a1fe410f7ad89d291471e0,5,5,,https://olimpicos.net/ortvay/index.html#2001,REJECT,high,,Constructing relativistic scalar gravity and judging its failure,Constructing relativistic scalar gravity and judging its failure,Four-potential gradient is only a qualitative premise. Proper-time/mass/force transformation and relativistic orbit/variational laws are not operationally supplied and centrally determine every trajectory and Mercury comparison.,1,0,single_pass_complete,2026-10-04T03:53:41.253544+00:00,"Complete actual Ortvay 2001 Q21 p5 read from full cached text and all eight physical rendered pages. Q34 p8 was already validly read with PDFium and retained, not replayed. Actual Y-support, capacitor/circuit/hysteresis drawings, oscillator/metric conventions and Morse table inspected. Whole parent retained. Original Q19 online article model descriptions inspected; URL/hash/provenance preserved separately. No acquired official worked key.",content_boundary_verified,,,REJECT
raw::6208,6208,0,Ortvay,ortvay,Open,2001,Problems,theory,22,Particle in a tensor field *,source_authored,originals/ortvay/2001/Ortvay_2001_Q1-34__1ccc657810f3fb74.pdf,3140,1ccc657810f3fb74df61f68b114f6e58e7ecc2d666a1fe410f7ad89d291471e0,6,6,,https://olimpicos.net/ortvay/index.html#2001,REJECT,high,,Particle action in an unspecified relativistic tensor field,Particle action in an unspecified relativistic tensor field,"No relativistic action, tensor coupling, metric or geodesic prescription is supplied. Those outside SR/GR methods are the entire construction/variation/comparison task.",1,0,single_pass_complete,2026-10-04T03:53:41.253572+00:00,"Complete actual Ortvay 2001 Q22 p6 read from full cached text and all eight physical rendered pages. Q34 p8 was already validly read with PDFium and retained, not replayed. Actual Y-support, capacitor/circuit/hysteresis drawings, oscillator/metric conventions and Morse table inspected. Whole parent retained. Original Q19 online article model descriptions inspected; URL/hash/provenance preserved separately. No acquired official worked key.",content_boundary_verified,,,REJECT
raw::6209,6209,0,Ortvay,ortvay,Open,2001,Problems,theory,23,Hypergravity equation of motion *,source_authored,originals/ortvay/2001/Ortvay_2001_Q1-34__1ccc657810f3fb74.pdf,3140,1ccc657810f3fb74df61f68b114f6e58e7ecc2d666a1fe410f7ad89d291471e0,6,6,,https://olimpicos.net/ortvay/index.html#2001,REJECT,high,,Relativistic hypergravity under a partially supplied four-force,Relativistic hypergravity under a partially supplied four-force,"F_k=M^N*partial_k(Phi) is explicitly supplied. Four-momentum/proper-time/rest-mass and three-acceleration relation are not, so the formula is not a complete operational particle model for the requested energy/velocity/travel results.",1,0,pass_2_complete,2026-10-04T03:53:41.253590+00:00,"Complete actual Ortvay 2001 Q23 p6 read from full cached text and all eight physical rendered pages. Q34 p8 was already validly read with PDFium and retained, not replayed. Actual Y-support, capacitor/circuit/hysteresis drawings, oscillator/metric conventions and Morse table inspected. Whole parent retained. Original Q19 online article model descriptions inspected; URL/hash/provenance preserved separately. No acquired official worked key.",content_boundary_verified,2026-10-04T03:54:57.390755+00:00,Four-force formula genuinely supplied; proper time/rest-mass/three-force conversion is not. Do not mistake the exponent N for a complete dynamics model.,REJECT
raw::6210,6210,0,Ortvay,ortvay,Open,2001,Problems,theory,24,Two masses in expanding universe *,source_authored,originals/ortvay/2001/Ortvay_2001_Q1-34__1ccc657810f3fb74.pdf,3140,1ccc657810f3fb74df61f68b114f6e58e7ecc2d666a1fe410f7ad89d291471e0,6,6,,https://olimpicos.net/ortvay/index.html#2001,REJECT,high,,Separation of test masses in a named matter-dominated expanding spacetime,Separation of test masses in a named matter-dominated expanding spacetime,"Named Robertson-Walker metric/parameters and initial real-space rest do not supply the actual metric, scale-factor law or test geodesic dynamics. Those central unsupplied cosmological relations determine separation after expansion.",1,0,single_pass_complete,2026-10-04T03:53:41.253606+00:00,"Complete actual Ortvay 2001 Q24 p6 read from full cached text and all eight physical rendered pages. Q34 p8 was already validly read with PDFium and retained, not replayed. Actual Y-support, capacitor/circuit/hysteresis drawings, oscillator/metric conventions and Morse table inspected. Whole parent retained. Original Q19 online article model descriptions inspected; URL/hash/provenance preserved separately. No acquired official worked key.",content_boundary_verified,,,REJECT
raw::6211,6211,0,Ortvay,ortvay,Open,2001,Problems,theory,25,Two spin-half dipoles on a rod *,source_authored,originals/ortvay/2001/Ortvay_2001_Q1-34__1ccc657810f3fb74.pdf,3140,1ccc657810f3fb74df61f68b114f6e58e7ecc2d666a1fe410f7ad89d291471e0,6,6,,https://olimpicos.net/ortvay/index.html#2001,REJECT,high,,Full quantum spin-dipole rigid-rotor spectrum,Full quantum spin-dipole rigid-rotor spectrum,"Geometry and moment-spin proportionality are provided, but spin representation, operator Hamiltonian/eigenstates, exclusion and state-density rules are not. These central quantum prerequisites control every requested exact result.",1,0,single_pass_complete,2026-10-04T03:53:41.253622+00:00,"Complete actual Ortvay 2001 Q25 p6 read from full cached text and all eight physical rendered pages. Q34 p8 was already validly read with PDFium and retained, not replayed. Actual Y-support, capacitor/circuit/hysteresis drawings, oscillator/metric conventions and Morse table inspected. Whole parent retained. Original Q19 online article model descriptions inspected; URL/hash/provenance preserved separately. No acquired official worked key.",content_boundary_verified,,,REJECT
raw::6212,6212,0,Ortvay,ortvay,Open,2001,Problems,theory,26,Landau levels with hard wall *,source_authored,originals/ortvay/2001/Ortvay_2001_Q1-34__1ccc657810f3fb74.pdf,3140,1ccc657810f3fb74df61f68b114f6e58e7ecc2d666a1fe410f7ad89d291471e0,6,6,,https://olimpicos.net/ortvay/index.html#2001,REJECT,high,,Magnetic quantum states confined by a hard half-space wall,Magnetic quantum states confined by a hard half-space wall,"Field/wall geometry and potential are stated, but quantum momentum representation, magnetic oscillator spectrum/eigen-equation and state/quantum-number rules are not. They are central to modified Landau levels and their interpretation.",1,0,single_pass_complete,2026-10-04T03:53:41.253637+00:00,"Complete actual Ortvay 2001 Q26 p6 read from full cached text and all eight physical rendered pages. Q34 p8 was already validly read with PDFium and retained, not replayed. Actual Y-support, capacitor/circuit/hysteresis drawings, oscillator/metric conventions and Morse table inspected. Whole parent retained. Original Q19 online article model descriptions inspected; URL/hash/provenance preserved separately. No acquired official worked key.",content_boundary_verified,,,REJECT
raw::6213,6213,0,Ortvay,ortvay,Open,2001,Problems,mixed,27,Stability of H− and H−− ions *,source_authored,originals/ortvay/2001/Ortvay_2001_Q1-34__1ccc657810f3fb74.pdf,3140,1ccc657810f3fb74df61f68b114f6e58e7ecc2d666a1fe410f7ad89d291471e0,6,6,,https://olimpicos.net/ortvay/index.html#2001,REJECT,high,,Theory and experimental comparison for negative hydrogen-ion stability,Theory and experimental comparison for negative hydrogen-ion stability,"No multi-electron quantum Hamiltonian, wave/variational bound-state prescription or electron statistics is supplied. Those specialized quantum methods centrally determine stability before any requested experimental comparison.",1,0,single_pass_complete,2026-10-04T03:53:41.253651+00:00,"Complete actual Ortvay 2001 Q27 p6 read from full cached text and all eight physical rendered pages. Q34 p8 was already validly read with PDFium and retained, not replayed. Actual Y-support, capacitor/circuit/hysteresis drawings, oscillator/metric conventions and Morse table inspected. Whole parent retained. Original Q19 online article model descriptions inspected; URL/hash/provenance preserved separately. No acquired official worked key.",content_boundary_verified,,No experimental ion-stability data fabricated or acquired; the central unsupplied multi-electron quantum prerequisite already resolves scope.,REJECT
raw::6215,6215,0,Ortvay,ortvay,Open,2001,Problems,theory,29,Perturbed harmonic oscillator states *,source_authored,originals/ortvay/2001/Ortvay_2001_Q1-34__1ccc657810f3fb74.pdf,3140,1ccc657810f3fb74df61f68b114f6e58e7ecc2d666a1fe410f7ad89d291471e0,6,6,,https://olimpicos.net/ortvay/index.html#2001,REJECT,high,,First-order quantum oscillator shifts for a supplied momentum perturbation,First-order quantum oscillator shifts for a supplied momentum perturbation,Perturbing operator form is given but quantum momentum/eigenstate representation and perturbation expectation rule are not. These central quantum methods determine both energy corrections.,1,0,single_pass_complete,2026-10-04T03:53:41.253683+00:00,"Complete actual Ortvay 2001 Q29 p6 read from full cached text and all eight physical rendered pages. Q34 p8 was already validly read with PDFium and retained, not replayed. Actual Y-support, capacitor/circuit/hysteresis drawings, oscillator/metric conventions and Morse table inspected. Whole parent retained. Original Q19 online article model descriptions inspected; URL/hash/provenance preserved separately. No acquired official worked key.",content_boundary_verified,,,REJECT
raw::6216,6216,0,Ortvay,ortvay,Open,2001,Problems,theory,30,Time-dependent oscillator Bogoliubov transformation *,source_authored,originals/ortvay/2001/Ortvay_2001_Q1-34__1ccc657810f3fb74.pdf,3140,1ccc657810f3fb74df61f68b114f6e58e7ecc2d666a1fe410f7ad89d291471e0,7,7,,https://olimpicos.net/ortvay/index.html#2001,REJECT,high,,Time-dependent quantum oscillator Bogoliubov evolution and probabilities,Time-dependent quantum oscillator Bogoliubov evolution and probabilities,"Formal Hamiltonian/shift-operator ansatz and coefficient hints are supplied, but Heisenberg evolution, ladder action/commutators and state probability prescription are only named, not provided. Those central missing quantum rules precede the oscillator mathematics.",1,0,pass_2_complete,2026-10-04T03:53:41.253698+00:00,"Complete actual Ortvay 2001 Q30 p7 read from full cached text and all eight physical rendered pages. Q34 p8 was already validly read with PDFium and retained, not replayed. Actual Y-support, capacitor/circuit/hysteresis drawings, oscillator/metric conventions and Morse table inspected. Whole parent retained. Original Q19 online article model descriptions inspected; URL/hash/provenance preserved separately. No acquired official worked key.",content_boundary_verified,2026-10-04T03:54:57.390938+00:00,Heisenberg equation and commutator properties merely named; displayed q/p ansatz does not supply the state/ladder dynamics. Actual oscillator Hamiltonian contains p^2/2+omega^2*q^2/2.,REJECT
raw::6217,6217,0,Ortvay,ortvay,Open,2001,Problems,data_analysis,31,Quantum crystal variational model *,source_authored,originals/ortvay/2001/Ortvay_2001_Q1-34__1ccc657810f3fb74.pdf,3140,1ccc657810f3fb74df61f68b114f6e58e7ecc2d666a1fe410f7ad89d291471e0,7,7,,https://olimpicos.net/ortvay/index.html#2001,REJECT,high,,Gaussian variational quantum crystal with a supplied Morse potential and data,Gaussian variational quantum crystal with a supplied Morse potential and data,"Product/Gaussian wavefunctions, pair potential and actual five-gas parameter table are supplied. Quantum kinetic expectation/Born normalization and variational state-energy interpretation are not operationally defined; these central missing quantum rules control zero-point width/stability and trends.",1,0,pass_2_complete,2026-10-04T03:53:41.253723+00:00,"Complete actual Ortvay 2001 Q31 p7 read from full cached text and all eight physical rendered pages. Q34 p8 was already validly read with PDFium and retained, not replayed. Actual Y-support, capacitor/circuit/hysteresis drawings, oscillator/metric conventions and Morse table inspected. Whole parent retained. Original Q19 online article model descriptions inspected; URL/hash/provenance preserved separately. No acquired official worked key.",content_boundary_verified,2026-10-04T03:54:57.391093+00:00,Actual Gaussian amplitude is exp(-x^2/(2*sigma^2)); normalized probability width would be sigma/sqrt2. Preserve source amplitude/table; kinetic expectation rule not supplied. No published experimental trends looked up to replace missing contestant physics.,REJECT
raw::6218,6218,0,Ortvay,ortvay,Open,2001,Problems,theory,32,Galilean boost phase superposition *,source_authored,originals/ortvay/2001/Ortvay_2001_Q1-34__1ccc657810f3fb74.pdf,3140,1ccc657810f3fb74df61f68b114f6e58e7ecc2d666a1fe410f7ad89d291471e0,8,8,,https://olimpicos.net/ortvay/index.html#2001,REJECT,high,,Quantum mass-superposition phases under Galilean and accelerated boosts,Quantum mass-superposition phases under Galilean and accelerated boosts,No quantum wavefunction boost phase/mass measurement or time-evolution prescription is supplied. Those specialized quantum/SR phase rules centrally determine the entire four-transform and continuous-motion task.,1,0,single_pass_complete,2026-10-04T03:53:41.253740+00:00,"Complete actual Ortvay 2001 Q32 p8 read from full cached text and all eight physical rendered pages. Q34 p8 was already validly read with PDFium and retained, not replayed. Actual Y-support, capacitor/circuit/hysteresis drawings, oscillator/metric conventions and Morse table inspected. Whole parent retained. Original Q19 online article model descriptions inspected; URL/hash/provenance preserved separately. No acquired official worked key.",content_boundary_verified,,Four-transform/accelerated boost phases are not given; no absent specialized wave transform supplied from an unrelated reference.,REJECT
raw::6219,6219,0,Ortvay,ortvay,Open,2001,Problems,theory,33,Gluon exchange in proton collisions *,source_authored,originals/ortvay/2001/Ortvay_2001_Q1-34__1ccc657810f3fb74.pdf,3140,1ccc657810f3fb74df61f68b114f6e58e7ecc2d666a1fe410f7ad89d291471e0,8,8,,https://olimpicos.net/ortvay/index.html#2001,REJECT,high,,Relativistic proton excitation by a partly described on-shell gluon exchange,Relativistic proton excitation by a partly described on-shell gluon exchange,"A collision cartoon and random longitudinal momentum premise are supplied, but structure function, four-momentum transfer/invariant mass and rest-frame mapping are not. These central relativistic/particle kinematic tools determine resonance mass and fragmentation interpretation.",1,0,pass_2_complete,2026-10-04T03:53:41.253755+00:00,"Complete actual Ortvay 2001 Q33 p8 read from full cached text and all eight physical rendered pages. Q34 p8 was already validly read with PDFium and retained, not replayed. Actual Y-support, capacitor/circuit/hysteresis drawings, oscillator/metric conventions and Morse table inspected. Whole parent retained. Original Q19 online article model descriptions inspected; URL/hash/provenance preserved separately. No acquired official worked key.",content_boundary_verified,2026-10-04T03:54:57.391184+00:00,Structure-function probability is mentioned but not supplied. More importantly central four-momentum/invariant kinematics remain unsupplied.,REJECT
raw::6220,6220,0,Ortvay,ortvay,Open,2001,Problems,numerical,34,Neutrino mass from UHECR protons *,source_authored,originals/ortvay/2001/Ortvay_2001_Q1-34__1ccc657810f3fb74.pdf,3140,1ccc657810f3fb74df61f68b114f6e58e7ecc2d666a1fe410f7ad89d291471e0,8,8,,https://olimpicos.net/ortvay/index.html#2001,REJECT,high,,Neutrino mass from ultra-high-energy Z production and proton decay,Neutrino mass from ultra-high-energy Z production and proton decay,"The stationary target, proton CM energy fraction and angular law are supplied. Invariant collision energy and boosted daughter energy/direction are not; unsupplied SR reaction kinematics centrally determine both the mass estimate and beam-proposal sensitivity. Printed exotic names alone are not the rejection reason.",1,0,pass_2_complete,2026-10-04T03:18:55.587783+00:00,"Actual complete 2001 Q34 p8 read from cached text and intact PDFium render, compared to complete 2005 Q33 p9. Identical stationary-neutrino/Z/proton fraction, angular law, record energy and two-beam proposal; only typography/credit differ. One physical problem assessed once with both acquisition relationships preserved.",content_boundary_verified,2026-10-04T03:20:38.824439+00:00,Original counterpart of 2005 Q33; exact whole-statement equality visually verified. All other 2001 questions and full-paper boundary audit remain pending.,REJECT
raw::6161,6161,0,Ortvay,ortvay,Open,2002,Problems,theory,8,Hamiltonian with position-dependent speed *,source_authored,originals/ortvay/2002/Ortvay_2002_Q1-33__1d16239b592846ce.pdf,3138,1d16239b592846ce6e41f29cbab0f3c6ae299040503f9ccf2fba2cad0ca191e9,3,3,,https://olimpicos.net/ortvay/index.html#2002,REJECT,high,,Canonical dynamics and singular Legendre formulation of an arbitrary linear-momentum Hamiltonian,Canonical dynamics and singular Legendre formulation of an arbitrary linear-momentum Hamiltonian,"H=p*c(r)+U(r) is supplied, but canonical Hamilton equations, conjugate momentum and singular Legendre/constrained-action prescription are not. These outside mechanics methods are explicitly central to all parts, consistent with the established arbitrary-Hamiltonian boundary.",1,0,pass_2_complete,2026-10-04T03:45:59.347157+00:00,"Actual full Ortvay 2002 Q8 p3 read from complete cached text and all seven rendered pages. Hemisphere/CD/network diagrams, nonlocal constitutive/PDE, invariant hint, complete damped PDE and portfolio tables actually inspected. Whole parent retained, Q25 author credit p6 and Q32 author credit p7 accounted for. Organizer English archive has no 2002 worked key; optional Q21 simulator availability checked separately.",content_boundary_verified,2026-10-04T03:47:42.232322+00:00,"Formal H=p*c(r)+U(r) supplies a function, not the requested canonical/Legendre rules; no F=p-dot relation is given unlike corrected 2006 Q24.",REJECT
raw::6175,6175,0,Ortvay,ortvay,Open,2002,Problems,theory,22,Michelson-Morley at arbitrary angle *,source_authored,originals/ortvay/2002/Ortvay_2002_Q1-33__1d16239b592846ce.pdf,3138,1d16239b592846ce6e41f29cbab0f3c6ae299040503f9ccf2fba2cad0ca191e9,5,5,,https://olimpicos.net/ortvay/index.html#2002,REJECT,high,,Arbitrary-angle ether interferometer with unsupplied Lorentz contraction and stresses,Arbitrary-angle ether interferometer with unsupplied Lorentz contraction and stresses,The contraction hypothesis is named but its transformation law is not given. It controls the whole null-result proof; the stress extra question additionally requires relativistic solid/elastic interpretation not supplied. Ordinary stationary interferometry alone cannot solve the central requested model.,1,0,single_pass_complete,2026-10-04T03:45:59.347416+00:00,"Actual full Ortvay 2002 Q22 p5 read from complete cached text and all seven rendered pages. Hemisphere/CD/network diagrams, nonlocal constitutive/PDE, invariant hint, complete damped PDE and portfolio tables actually inspected. Whole parent retained, Q25 author credit p6 and Q32 author credit p7 accounted for. Organizer English archive has no 2002 worked key; optional Q21 simulator availability checked separately.",content_boundary_verified,,,REJECT
raw::6176,6176,0,Ortvay,ortvay,Open,2002,Problems,numerical,23,Twin paradox with acceleration limit *,source_authored,originals/ortvay/2002/Ortvay_2002_Q1-33__1d16239b592846ce.pdf,3138,1d16239b592846ce6e41f29cbab0f3c6ae299040503f9ccf2fba2cad0ca191e9,5,5,,https://olimpicos.net/ortvay/index.html#2002,REJECT,high,,Minimum-age journeys constrained by experienced acceleration,Minimum-age journeys constrained by experienced acceleration,Proper acceleration/time and relativistic velocity/trajectory formulas are not supplied. They centrally define every aging/loop/long-cosmic-time optimization despite the given g limit.,1,0,single_pass_complete,2026-10-04T03:45:59.347442+00:00,"Actual full Ortvay 2002 Q23 p5 read from complete cached text and all seven rendered pages. Hemisphere/CD/network diagrams, nonlocal constitutive/PDE, invariant hint, complete damped PDE and portfolio tables actually inspected. Whole parent retained, Q25 author credit p6 and Q32 author credit p7 accounted for. Organizer English archive has no 2002 worked key; optional Q21 simulator availability checked separately.",content_boundary_verified,,,REJECT
raw::6177,6177,0,Ortvay,ortvay,Open,2002,Problems,theory,24,Relativistic Kepler precession and scattering *,source_authored,originals/ortvay/2002/Ortvay_2002_Q1-33__1d16239b592846ce.pdf,3138,1d16239b592846ce6e41f29cbab0f3c6ae299040503f9ccf2fba2cad0ca191e9,5,5,,https://olimpicos.net/ortvay/index.html#2002,REJECT,high,,Relativistic Kepler precession and scattering with a supplied invariant hint,Relativistic Kepler precession and scattering with a supplied invariant hint,"Central potential and an arcsin parameter expression are supplied, but relativistic momentum/energy/force trajectory laws are not. Those central missing SR relations determine conservation, orbit, precession and cross section.",1,0,pass_2_complete,2026-10-04T03:45:59.347459+00:00,"Actual full Ortvay 2002 Q24 p5 read from complete cached text and all seven rendered pages. Hemisphere/CD/network diagrams, nonlocal constitutive/PDE, invariant hint, complete damped PDE and portfolio tables actually inspected. Whole parent retained, Q25 author credit p6 and Q32 author credit p7 accounted for. Organizer English archive has no 2002 worked key; optional Q21 simulator availability checked separately.",content_boundary_verified,2026-10-04T03:47:42.233489+00:00,Supplied arcsin invariant hint is not the full momentum/force law; retain the actual hint rather than falsely claiming no relativistic expression given.,REJECT
raw::6178,6178,0,Ortvay,ortvay,Open,2002,Problems,numerical,25,Relativistic interstellar ramjet *,source_authored,originals/ortvay/2002/Ortvay_2002_Q1-33__1d16239b592846ce.pdf,3138,1d16239b592846ce6e41f29cbab0f3c6ae299040503f9ccf2fba2cad0ca191e9,5,6,,https://olimpicos.net/ortvay/index.html#2002,REJECT,high,,Ultrarelativistic hydrogen ramjet collection drag and travel time,Ultrarelativistic hydrogen ramjet collection drag and travel time,"No four-momentum accretion, relativistic rocket thrust/mass-loss or fuel conversion model is provided. Those central outside laws determine limiting speed and trip duration; density alone is insufficient.",1,0,single_pass_complete,2026-10-04T03:45:59.347475+00:00,"Actual full Ortvay 2002 Q25 p5 read from complete cached text and all seven rendered pages. Hemisphere/CD/network diagrams, nonlocal constitutive/PDE, invariant hint, complete damped PDE and portfolio tables actually inspected. Whole parent retained, Q25 author credit p6 and Q32 author credit p7 accounted for. Organizer English archive has no 2002 worked key; optional Q21 simulator availability checked separately.",content_boundary_verified,,"Only Q25 author credit p6; physical statement p5. Fuel conversion efficiency/exhaust and collecting area are also unspecified, beyond unsupplied relativistic accretion dynamics.",REJECT
raw::6179,6179,0,Ortvay,ortvay,Open,2002,Problems,numerical,26,Gravitational wave supernova limit *,source_authored,originals/ortvay/2002/Ortvay_2002_Q1-33__1d16239b592846ce.pdf,3138,1d16239b592846ce6e41f29cbab0f3c6ae299040503f9ccf2fba2cad0ca191e9,6,6,,https://olimpicos.net/ortvay/index.html#2002,REJECT,high,,Supernova gravitational-wave energy bound and detector scale,Supernova gravitational-wave energy bound and detector scale,"No gravitational-wave source/intensity/strain-to-interferometer response relation is supplied. These outside GR laws centrally connect source energy to detector size, rather than merely requiring ordinary optical interference.",1,0,single_pass_complete,2026-10-04T03:45:59.347492+00:00,"Actual full Ortvay 2002 Q26 p6 read from complete cached text and all seven rendered pages. Hemisphere/CD/network diagrams, nonlocal constitutive/PDE, invariant hint, complete damped PDE and portfolio tables actually inspected. Whole parent retained, Q25 author credit p6 and Q32 author credit p7 accounted for. Organizer English archive has no 2002 worked key; optional Q21 simulator availability checked separately.",content_boundary_verified,,,REJECT
raw::6180,6180,0,Ortvay,ortvay,Open,2002,Problems,numerical,27,Black hole evaporation in cosmic background *,source_authored,originals/ortvay/2002/Ortvay_2002_Q1-33__1d16239b592846ce.pdf,3138,1d16239b592846ce6e41f29cbab0f3c6ae299040503f9ccf2fba2cad0ca191e9,6,6,,https://olimpicos.net/ortvay/index.html#2002,REJECT,high,,Black-hole evaporation in a supplied cooling radiation bath,Black-hole evaporation in a supplied cooling radiation bath,"Inverse-mass Hawking temperature and the bath time power law are supplied, but effective radiating/capture area versus mass and mass-energy/accretion response are not operationally given. These central missing black-hole relations determine time evolution/lifetime; supplied temperatures alone are not a complete model.",1,0,pass_2_complete,2026-10-04T03:45:59.347508+00:00,"Actual full Ortvay 2002 Q27 p6 read from complete cached text and all seven rendered pages. Hemisphere/CD/network diagrams, nonlocal constitutive/PDE, invariant hint, complete damped PDE and portfolio tables actually inspected. Whole parent retained, Q25 author credit p6 and Q32 author credit p7 accounted for. Organizer English archive has no 2002 worked key; optional Q21 simulator availability checked separately.",content_boundary_verified,2026-10-04T03:47:42.233571+00:00,"T_H proportional1/M and T_CMB proportionalt^-2/3 genuinely supplied. Area/capture law, proportionality coefficient and mass exchange model remain missing.",REJECT
raw::6181,6181,0,Ortvay,ortvay,Open,2002,Problems,theory,28,Quantize system from Problem 7 *,source_authored,originals/ortvay/2002/Ortvay_2002_Q1-33__1d16239b592846ce.pdf,3138,1d16239b592846ce6e41f29cbab0f3c6ae299040503f9ccf2fba2cad0ca191e9,6,6,,https://olimpicos.net/ortvay/index.html#2002,REJECT,high,,Quantizing the earlier classical electron pair,Quantizing the earlier classical electron pair,Q7 supplies only classical system context. Quantum canonical/spin/statistics and magnetic spectrum/eigenstate rules are not given and are the entire explicit quantization task.,1,0,single_pass_complete,2026-10-04T03:45:59.347524+00:00,"Actual full Ortvay 2002 Q28 p6 read from complete cached text and all seven rendered pages. Hemisphere/CD/network diagrams, nonlocal constitutive/PDE, invariant hint, complete damped PDE and portfolio tables actually inspected. Whole parent retained, Q25 author credit p6 and Q32 author credit p7 accounted for. Organizer English archive has no 2002 worked key; optional Q21 simulator availability checked separately.",content_boundary_verified,,,REJECT
raw::6182,6182,0,Ortvay,ortvay,Open,2002,Problems,theory,29,Charged particle in dipole field *,source_authored,originals/ortvay/2002/Ortvay_2002_Q1-33__1d16239b592846ce.pdf,3138,1d16239b592846ce6e41f29cbab0f3c6ae299040503f9ccf2fba2cad0ca191e9,6,6,,https://olimpicos.net/ortvay/index.html#2002,REJECT,high,,Quantum bound states in a point electric-dipole field,Quantum bound states in a point electric-dipole field,Neither quantum wave/eigen-equation nor state/boundary/spectral prescription is supplied. These central quantum methods determine dipole binding and threshold; classical electrostatic potential alone does not suffice.,1,0,single_pass_complete,2026-10-04T03:45:59.347539+00:00,"Actual full Ortvay 2002 Q29 p6 read from complete cached text and all seven rendered pages. Hemisphere/CD/network diagrams, nonlocal constitutive/PDE, invariant hint, complete damped PDE and portfolio tables actually inspected. Whole parent retained, Q25 author credit p6 and Q32 author credit p7 accounted for. Organizer English archive has no 2002 worked key; optional Q21 simulator availability checked separately.",content_boundary_verified,,,REJECT
raw::6127,6127,0,Ortvay,ortvay,Open,2003,Problems,theory,16,Gravity waves in thin atmosphere *,source_authored,originals/ortvay/2003/Ortvay_2003_Q1-42__ed05c30012d5e7cc.pdf,3137,ed05c30012d5e7cc21ba92bee4fc2cb13060dd9b9ccfffdacd5fdab09a65d23d,4,4,,https://olimpicos.net/ortvay/index.html#2003,REJECT,high,,Stratified atmospheric gravity and radial acoustic eigenmodes,Stratified atmospheric gravity and radial acoustic eigenmodes,"Hydrostatic density/pressure profile and gamma=1 are supplied, but compressible stratified fluid perturbation dynamics, gravity-wave coupling and outer radiation/reflection prescription are not. These central specialized continuum-fluid methods determine both complete mode/dispersion tasks; the equilibrium exponential alone is not an operational wave model.",1,0,pass_2_complete,2026-10-04T03:36:14.669793+00:00,"Full actual Ortvay 2003 Q16 p4 read from all nine rendered pages and complete cached extraction; truncated combined-text output was repaired by separately reading full p5/p9. Actual rope/cord/roof drawings, field/action/metric equations and final Q42 inspected. Whole parent retained. No acquired official worked key; source-cited Q34 primary paper availability separately checked.",content_boundary_verified,2026-10-04T03:38:42.030782+00:00,gamma=1 is an idealized isothermal perturbation rule; exponential hydrostatic profile alone lacks central wave dynamical equations.,REJECT
raw::6139,6139,0,Ortvay,ortvay,Open,2003,Problems,theory,28,Nordström gravity projectile motion *,source_authored,originals/ortvay/2003/Ortvay_2003_Q1-42__ed05c30012d5e7cc.pdf,3137,ed05c30012d5e7cc21ba92bee4fc2cb13060dd9b9ccfffdacd5fdab09a65d23d,5,6,,https://olimpicos.net/ortvay/index.html#2003,REJECT,high,,Relativistic Nordstrom and reciprocal-mass scalar-force trajectories,Relativistic Nordstrom and reciprocal-mass scalar-force trajectories,"Four-force laws are actually supplied, but proper-time/four-momentum, varying-rest-mass/orthogonality and 3D velocity mapping are not. Those central relativistic prescriptions are needed before the defined 4-force becomes a usable particle-motion model.",1,0,pass_2_complete,2026-10-04T03:36:14.670001+00:00,"Full actual Ortvay 2003 Q28 p5 read from all nine rendered pages and complete cached extraction; truncated combined-text output was repaired by separately reading full p5/p9. Actual rope/cord/roof drawings, field/action/metric equations and final Q42 inspected. Whole parent retained. No acquired official worked key; source-cited Q34 primary paper availability separately checked.",content_boundary_verified,2026-10-04T03:38:42.031502+00:00,F_k supplied is a four-force formula; the relation to three-force/proper time and rest-mass evolution is not. Reference to named covariant theory does not supply that machinery.,REJECT
raw::6141,6141,0,Ortvay,ortvay,Open,2003,Problems,theory,30,Variable speed of light gravity *,source_authored,originals/ortvay/2003/Ortvay_2003_Q1-42__ed05c30012d5e7cc.pdf,3137,ed05c30012d5e7cc21ba92bee4fc2cb13060dd9b9ccfffdacd5fdab09a65d23d,6,6,,https://olimpicos.net/ortvay/index.html#2003,REJECT,high,,Covariant variable-light-speed gravity from a partial particle action,Covariant variable-light-speed gravity from a partial particle action,"A classical particle action is supplied, permitting some formal mechanical variation. But covariant dynamics, equivalence-consistent field equation, curved metric, stress-energy and source-field action are not operationally provided. These central unsupplied relativistic field methods dominate the whole task.",1,0,single_pass_complete,2026-10-04T03:36:14.670035+00:00,"Full actual Ortvay 2003 Q30 p6 read from all nine rendered pages and complete cached extraction; truncated combined-text output was repaired by separately reading full p5/p9. Actual rope/cord/roof drawings, field/action/metric equations and final Q42 inspected. Whole parent retained. No acquired official worked key; source-cited Q34 primary paper availability separately checked.",content_boundary_verified,,"Particle action genuinely supplied, but field action/stress tensor/equivalence and covariant dynamics are not. Do not replace the whole task with its mechanical subpart.",REJECT
raw::6145,6145,0,Ortvay,ortvay,Open,2003,Problems,theory,34,Jahn-Teller effect in harmonic well *,source_authored,originals/ortvay/2003/Ortvay_2003_Q1-42__ed05c30012d5e7cc.pdf,3137,ed05c30012d5e7cc21ba92bee4fc2cb13060dd9b9ccfffdacd5fdab09a65d23d,7,7,,https://olimpicos.net/ortvay/index.html#2003,REJECT,high,,Coupled electron-phonon Jahn-Teller classical and quantum model,Coupled electron-phonon Jahn-Teller classical and quantum model,"A deformed potential is supplied, but quantum oscillator levels, perturbation/eigenstate/occupation machinery and complete phonon Hamiltonian are not. The quantum and reduced-Hilbert-space parts dominate the meaningful work. Suggested original paper was checked at APS: abstract available, full PDF 401/authorization required; it was not acquired as a complete supplied model.",1,0,pass_2_complete,2026-10-04T03:36:14.670110+00:00,"Full actual Ortvay 2003 Q34 p7 read from all nine rendered pages and complete cached extraction; truncated combined-text output was repaired by separately reading full p5/p9. Actual rope/cord/roof drawings, field/action/metric equations and final Q42 inspected. Whole parent retained. No acquired official worked key; source-cited Q34 primary paper availability separately checked.",content_boundary_verified,2026-10-04T03:38:42.031933+00:00,"Suggested Slonczewski 1963 paper primary abstract inspected, full PDF reports 401 Unauthorized. No bypass or full-paper inspection claimed; incomplete phonon model/quantum rules remain explicit.",REJECT
raw::6146,6146,0,Ortvay,ortvay,Open,2003,Problems,theory,35,Electron in a ring with Zeeman term *,source_authored,originals/ortvay/2003/Ortvay_2003_Q1-42__ed05c30012d5e7cc.pdf,3137,ed05c30012d5e7cc21ba92bee4fc2cb13060dd9b9ccfffdacd5fdab09a65d23d,7,7,,https://olimpicos.net/ortvay/index.html#2003,REJECT,high,,Spin-resolved spectrum of an electron ring in an inclined magnetic field,Spin-resolved spectrum of an electron ring in an inclined magnetic field,"Hamiltonian and vector-potential/Zeeman labels are supplied, but quantum momentum/state representation, Pauli matrices and eigenvalue/flux boundary rules are not. These central quantum prerequisites determine the requested spectrum.",1,0,pass_2_complete,2026-10-04T03:36:14.670127+00:00,"Full actual Ortvay 2003 Q35 p7 read from all nine rendered pages and complete cached extraction; truncated combined-text output was repaired by separately reading full p5/p9. Actual rope/cord/roof drawings, field/action/metric equations and final Q42 inspected. Whole parent retained. No acquired official worked key; source-cited Q34 primary paper availability separately checked.",content_boundary_verified,2026-10-04T03:38:42.032080+00:00,,REJECT
raw::6147,6147,0,Ortvay,ortvay,Open,2003,Problems,theory,36,Qubit decoherence in fluctuating metric *,source_authored,originals/ortvay/2003/Ortvay_2003_Q1-42__ed05c30012d5e7cc.pdf,3137,ed05c30012d5e7cc21ba92bee4fc2cb13060dd9b9ccfffdacd5fdab09a65d23d,7,7,,https://olimpicos.net/ortvay/index.html#2003,REJECT,high,,Qubit decoherence in a supplied fluctuating metric and phase evolution,Qubit decoherence in a supplied fluctuating metric and phase evolution,"The metric matrix, Gaussian distribution and conditional phase evolution are explicitly supplied. Proper-time extraction along the path and reduced quantum state/partial-trace prescription are not; these missing relativistic/quantum definitions centrally determine the requested off-diagonal decay.",1,0,pass_2_complete,2026-10-04T03:36:14.670141+00:00,"Full actual Ortvay 2003 Q36 p7 read from all nine rendered pages and complete cached extraction; truncated combined-text output was repaired by separately reading full p5/p9. Actual rope/cord/roof drawings, field/action/metric equations and final Q42 inspected. Whole parent retained. No acquired official worked key; source-cited Q34 primary paper availability separately checked.",content_boundary_verified,2026-10-04T03:38:42.032186+00:00,Conditional phase evolution and metric are supplied; missing proper-time definition/reduced-state rule are acknowledged precisely. No false assertion that evolution is absent.,REJECT
raw::6148,6148,0,Ortvay,ortvay,Open,2003,Problems,theory,37,Quantum secret sharing *,source_authored,originals/ortvay/2003/Ortvay_2003_Q1-42__ed05c30012d5e7cc.pdf,3137,ed05c30012d5e7cc21ba92bee4fc2cb13060dd9b9ccfffdacd5fdab09a65d23d,8,8,,https://olimpicos.net/ortvay/index.html#2003,REJECT,high,,Entangled-spin dense coding with supplied unitary actions,Entangled-spin dense coding with supplied unitary actions,"Initial singlet and all flips/phases/conditional transformations are described. Measurement observables/probabilities, quantum partial-state interpretation and no-disturbance rules needed to prove certain recovery and Eve ignorance are not supplied. Those central quantum measurement laws remain required despite the supplied gate algebra.",1,0,pass_2_complete,2026-10-04T03:36:14.670157+00:00,"Full actual Ortvay 2003 Q37 p8 read from all nine rendered pages and complete cached extraction; truncated combined-text output was repaired by separately reading full p5/p9. Actual rope/cord/roof drawings, field/action/metric equations and final Q42 inspected. Whole parent retained. No acquired official worked key; source-cited Q34 primary paper availability separately checked.",content_boundary_verified,2026-10-04T03:38:42.032268+00:00,All stated gates and singlet are supplied; measurement Born/partial-state/no-disturbance rules are not operationally defined.,REJECT
raw::6149,6149,0,Ortvay,ortvay,Open,2003,Problems,numerical,38,Light sabre feasibility *,source_authored,originals/ortvay/2003/Ortvay_2003_Q1-42__ed05c30012d5e7cc.pdf,3137,ed05c30012d5e7cc21ba92bee4fc2cb13060dd9b9ccfffdacd5fdab09a65d23d,8,8,,https://olimpicos.net/ortvay/index.html#2003,REJECT,high,,Intensity and mechanical use of a self-terminating light-sabre beam,Intensity and mechanical use of a self-terminating light-sabre beam,"No nonlinear photon interaction/confinement/termination model is supplied. Ordinary Maxwell propagation/radiation pressure alone does not yield the requested finite rod and threshold intensity; the central necessary physical mechanism is missing, not merely a science-fiction context.",1,0,pass_2_complete,2026-10-04T03:36:14.670171+00:00,"Full actual Ortvay 2003 Q38 p8 read from all nine rendered pages and complete cached extraction; truncated combined-text output was repaired by separately reading full p5/p9. Actual rope/cord/roof drawings, field/action/metric equations and final Q42 inspected. Whole parent retained. No acquired official worked key; source-cited Q34 primary paper availability separately checked.",content_boundary_verified,2026-10-04T03:38:42.032348+00:00,"A finite self-terminating beam is not supplied by ordinary optical force alone. The requested nonlinear/confinement mechanism is unspecified, so no fabricated threshold.",REJECT
raw::6095,6095,0,Ortvay,ortvay,Open,2004,Problems,theory,16,Relativistic motion in scalar potential *,source_authored,originals/ortvay/2004/Ortvay_2004_Q1-32__9f2478c12e00c0ec.pdf,3136,9f2478c12e00c0ece11827d6495c2f8a17d4d5d8bebd9acd2cb111e5bdbdb8fa,4,4,,https://olimpicos.net/ortvay/index.html#2004,REJECT,high,,Orbits and scattering in an unsupplied relativistic Lorentz-scalar dynamics,Orbits and scattering in an unsupplied relativistic Lorentz-scalar dynamics,"A central potential alone does not define how a Lorentz scalar modifies rest mass, relativistic energy and force. Those missing relativistic prescriptions centrally determine every orbit/potential/cross-section request despite later nonrelativistic comparisons.",1,0,single_pass_complete,2026-10-04T03:25:07.578284+00:00,Complete actual Ortvay 2004 Q16 p4 inspected from full text and all seven cached rendered physical pages. Broken extraction does not control equation/heading interpretation. Whole parent including extra questions retained. Q1 original source-linked JPEG acquired and visually inspected separately. Organizer archive links no 2004 worked key.,content_boundary_verified,,,REJECT
raw::6097,6097,0,Ortvay,ortvay,Open,2004,Problems,theory,18,Doppler effect under acceleration *,source_authored,originals/ortvay/2004/Ortvay_2004_Q1-32__9f2478c12e00c0ec.pdf,3136,9f2478c12e00c0ece11827d6495c2f8a17d4d5d8bebd9acd2cb111e5bdbdb8fa,4,4,,https://olimpicos.net/ortvay/index.html#2004,REJECT,high,,Direction-dependent emission from a constantly accelerating laser,Direction-dependent emission from a constantly accelerating laser,"No all-speed Doppler/aberration, proper-time/frequency or accelerated-source convention is supplied. These central relativistic emission relations determine the requested direction/acceleration-dependent results; elementary stationary-source optics alone does not provide them.",1,0,pass_2_complete,2026-10-04T03:25:07.578316+00:00,Complete actual Ortvay 2004 Q18 p4 inspected from full text and all seven cached rendered physical pages. Broken extraction does not control equation/heading interpretation. Whole parent including extra questions retained. Q1 original source-linked JPEG acquired and visually inspected separately. Organizer archive links no 2004 worked key.,content_boundary_verified,2026-10-04T03:26:29.400207+00:00,Source does not specify laboratory versus proper acceleration or small-speed limit; do not silently supply a full relativity model.,REJECT
raw::6098,6098,0,Ortvay,ortvay,Open,2004,Problems,theory,19,Relativistic Coulomb scattering cross section *,source_authored,originals/ortvay/2004/Ortvay_2004_Q1-32__9f2478c12e00c0ec.pdf,3136,9f2478c12e00c0ece11827d6495c2f8a17d4d5d8bebd9acd2cb111e5bdbdb8fa,4,4,,https://olimpicos.net/ortvay/index.html#2004,REJECT,high,,Deriving a supplied relativistic correction to Coulomb scattering,Deriving a supplied relativistic correction to Coulomb scattering,The target cross-section correction and gamma(v) are explicitly given. Relativistic momentum/energy versus velocity and trajectory/force prescriptions needed to derive that correction are not; reproducing the target formula is central and cannot be done by ordinary Rutherford substitution alone.,1,0,pass_2_complete,2026-10-04T03:25:07.578333+00:00,Complete actual Ortvay 2004 Q19 p4 inspected from full text and all seven cached rendered physical pages. Broken extraction does not control equation/heading interpretation. Whole parent including extra questions retained. Q1 original source-linked JPEG acquired and visually inspected separately. Organizer archive links no 2004 worked key.,content_boundary_verified,2026-10-04T03:26:29.400377+00:00,"gamma=1/sqrt(1-v^2) and target correction are given; missing prerequisite is dynamical momentum/trajectory law, not the printed target.",REJECT
raw::6099,6099,0,Ortvay,ortvay,Open,2004,Problems,numerical,20,Black hole tourism limits *,source_authored,originals/ortvay/2004/Ortvay_2004_Q1-32__9f2478c12e00c0ec.pdf,3136,9f2478c12e00c0ece11827d6495c2f8a17d4d5d8bebd9acd2cb111e5bdbdb8fa,5,5,,https://olimpicos.net/ortvay/index.html#2004,REJECT,high,,Safe circular travel near static and maximally rotating black holes,Safe circular travel near static and maximally rotating black holes,"No Schwarzschild/Kerr geometry, orbit, proper acceleration or tidal-force laws are supplied. These central GR relations control closeness to the horizon/ergosphere and both mass estimates.",1,0,pass_2_complete,2026-10-04T03:25:07.578348+00:00,Complete actual Ortvay 2004 Q20 p5 inspected from full text and all seven cached rendered physical pages. Broken extraction does not control equation/heading interpretation. Whole parent including extra questions retained. Q1 original source-linked JPEG acquired and visually inspected separately. Organizer archive links no 2004 worked key.,content_boundary_verified,2026-10-04T03:26:29.400499+00:00,,REJECT
raw::6100,6100,0,Ortvay,ortvay,Open,2004,Problems,theory,21,Falling observers near black hole *,source_authored,originals/ortvay/2004/Ortvay_2004_Q1-32__9f2478c12e00c0ec.pdf,3136,9f2478c12e00c0ece11827d6495c2f8a17d4d5d8bebd9acd2cb111e5bdbdb8fa,5,5,,https://olimpicos.net/ortvay/index.html#2004,REJECT,high,,Mutual visibility of radially falling black-hole observers,Mutual visibility of radially falling black-hole observers,"Observer/light trajectories, horizon causal structure and proper-frame frequency/visibility require unsupplied black-hole spacetime dynamics. No operational metric or light-propagation model is given.",1,0,single_pass_complete,2026-10-04T03:25:07.578363+00:00,Complete actual Ortvay 2004 Q21 p5 inspected from full text and all seven cached rendered physical pages. Broken extraction does not control equation/heading interpretation. Whole parent including extra questions retained. Q1 original source-linked JPEG acquired and visually inspected separately. Organizer archive links no 2004 worked key.,content_boundary_verified,,,REJECT
raw::6102,6102,0,Ortvay,ortvay,Open,2004,Problems,theory,23,Quantum rigid rotor spectrum *,source_authored,originals/ortvay/2004/Ortvay_2004_Q1-32__9f2478c12e00c0ec.pdf,3136,9f2478c12e00c0ece11827d6495c2f8a17d4d5d8bebd9acd2cb111e5bdbdb8fa,5,5,,https://olimpicos.net/ortvay/index.html#2004,REJECT,high,,"Quantum spectrum of spherical, symmetric and asymmetric rigid rotors","Quantum spectrum of spherical, symmetric and asymmetric rigid rotors","Classical inertia tensor is supplied, but angular-momentum quantum representation, spectrum/degeneracy and state/superposition dynamics are not. They dominate every requested result.",1,0,single_pass_complete,2026-10-04T03:25:07.578394+00:00,Complete actual Ortvay 2004 Q23 p5 inspected from full text and all seven cached rendered physical pages. Broken extraction does not control equation/heading interpretation. Whole parent including extra questions retained. Q1 original source-linked JPEG acquired and visually inspected separately. Organizer archive links no 2004 worked key.,content_boundary_verified,,,REJECT
raw::6103,6103,0,Ortvay,ortvay,Open,2004,Problems,theory,24,Hamiltonian spectrum via unitary transform *,source_authored,originals/ortvay/2004/Ortvay_2004_Q1-32__9f2478c12e00c0ec.pdf,3136,9f2478c12e00c0ece11827d6495c2f8a17d4d5d8bebd9acd2cb111e5bdbdb8fa,5,5,,https://olimpicos.net/ortvay/index.html#2004,REJECT,high,,Spectrum of a matrix Hamiltonian built from a named quantum oscillator,Spectrum of a matrix Hamiltonian built from a named quantum oscillator,"The full matrix is supplied and can be diagonalized algebraically in terms of H0 eigenvalues. But oscillator quantum spectrum/operator representation and eigenstate interpretation are merely called well known, not provided; these outside quantum rules are central to the spectrum requested.",1,0,pass_2_complete,2026-10-04T03:25:07.578420+00:00,Complete actual Ortvay 2004 Q24 p5 inspected from full text and all seven cached rendered physical pages. Broken extraction does not control equation/heading interpretation. Whole parent including extra questions retained. Q1 original source-linked JPEG acquired and visually inspected separately. Organizer archive links no 2004 worked key.,content_boundary_verified,2026-10-04T03:26:29.400735+00:00,"H0 is named as a quantum harmonic oscillator, but no En=omega*(n+1/2) or coordinate/eigenstate model is supplied.",REJECT
raw::6104,6104,0,Ortvay,ortvay,Open,2004,Problems,theory,25,Effective mass operator ordering *,source_authored,originals/ortvay/2004/Ortvay_2004_Q1-32__9f2478c12e00c0ec.pdf,3136,9f2478c12e00c0ece11827d6495c2f8a17d4d5d8bebd9acd2cb111e5bdbdb8fa,6,6,,https://olimpicos.net/ortvay/index.html#2004,REJECT,high,,Position-dependent effective-mass quantum operator orderings and interfaces,Position-dependent effective-mass quantum operator orderings and interfaces,"Three formal operator expressions are given, but momentum coordinate representation, Hilbert inner product, quantum boundary/current and gauge action are not operationally supplied. Those outside quantum rules centrally determine Hermiticity and interface conditions.",1,0,pass_2_complete,2026-10-04T03:25:07.578436+00:00,Complete actual Ortvay 2004 Q25 p6 inspected from full text and all seven cached rendered physical pages. Broken extraction does not control equation/heading interpretation. Whole parent including extra questions retained. Q1 original source-linked JPEG acquired and visually inspected separately. Organizer archive links no 2004 worked key.,content_boundary_verified,2026-10-04T03:26:29.400857+00:00,Formal expressions and usual commutation phrase do not provide coordinate representation/inner product or interface matching. A classical mass model is not a complete quantum PDE.,REJECT
raw::6105,6105,0,Ortvay,ortvay,Open,2004,Problems,theory,26,Spin-orbit electron in magnetic field *,source_authored,originals/ortvay/2004/Ortvay_2004_Q1-32__9f2478c12e00c0ec.pdf,3136,9f2478c12e00c0ece11827d6495c2f8a17d4d5d8bebd9acd2cb111e5bdbdb8fa,6,6,,https://olimpicos.net/ortvay/index.html#2004,REJECT,high,,Spin-orbit electron energy levels in a magnetic field,Spin-orbit electron energy levels in a magnetic field,"The Hamiltonian, minimal-coupling substitution and Zeeman term are supplied, but Pauli matrices are only named and quantum position/momentum commutators, Landau oscillator spectrum and eigenstate rules are not. They remain central missing quantum prerequisites.",1,0,pass_2_complete,2026-10-04T03:25:07.578454+00:00,Complete actual Ortvay 2004 Q26 p6 inspected from full text and all seven cached rendered physical pages. Broken extraction does not control equation/heading interpretation. Whole parent including extra questions retained. Q1 original source-linked JPEG acquired and visually inspected separately. Organizer archive links no 2004 worked key.,content_boundary_verified,2026-10-04T03:26:29.400971+00:00,"Minimal coupling and Zeeman term genuinely supplied. Pauli matrices/quantum oscillator representation merely named, not displayed.",REJECT
raw::6106,6106,0,Ortvay,ortvay,Open,2004,Problems,theory,27,Adiabatic invariance in classical and quantum systems *,source_authored,originals/ortvay/2004/Ortvay_2004_Q1-32__9f2478c12e00c0ec.pdf,3136,9f2478c12e00c0ece11827d6495c2f8a17d4d5d8bebd9acd2cb111e5bdbdb8fa,6,6,,https://olimpicos.net/ortvay/index.html#2004,REJECT,high,,Whole classical rotation and quantum perturbative adiabatic-invariance task,Whole classical rotation and quantum perturbative adiabatic-invariance task,Part a has a fully defined vector ODE and mathematical limit. Parts b/c require unsupplied first/second-order quantum time-dependent and stationary perturbation rules and their relation; these substantial central demands prevent rescuing the ordinary opening as a separate unit.,1,0,pass_2_complete,2026-10-04T03:25:07.578470+00:00,Complete actual Ortvay 2004 Q27 p6 inspected from full text and all seven cached rendered physical pages. Broken extraction does not control equation/heading interpretation. Whole parent including extra questions retained. Q1 original source-linked JPEG acquired and visually inspected separately. Organizer archive links no 2004 worked key.,content_boundary_verified,2026-10-04T03:26:29.401086+00:00,"Actual part-a limit prints omega(1/a) despite omega defined on [0,1]; intended slow argument likely omega(1). Do not silently correct. Parts b/c still require unsupplied quantum perturbation theory.",REJECT
raw::6107,6107,0,Ortvay,ortvay,Open,2004,Problems,theory,28,Noncommutative quantum mechanics constraints *,source_authored,originals/ortvay/2004/Ortvay_2004_Q1-32__9f2478c12e00c0ec.pdf,3136,9f2478c12e00c0ece11827d6495c2f8a17d4d5d8bebd9acd2cb111e5bdbdb8fa,7,7,,https://olimpicos.net/ortvay/index.html#2004,REJECT,high,,Constrained noncommuting quantum coordinates and star products,Constrained noncommuting quantum coordinates and star products,"Formal classical Hamiltonian and projection identities do not supply quantization, operator Hilbert representation, Dirac brackets or magnetic translation action. These central missing quantum methods define all constrained states, operator ordering and product calculations.",1,0,single_pass_complete,2026-10-04T03:25:07.578485+00:00,Complete actual Ortvay 2004 Q28 p7 inspected from full text and all seven cached rendered physical pages. Broken extraction does not control equation/heading interpretation. Whole parent including extra questions retained. Q1 original source-linked JPEG acquired and visually inspected separately. Organizer archive links no 2004 worked key.,content_boundary_verified,,,REJECT
raw::6108,6108,0,Ortvay,ortvay,Open,2004,Problems,theory,29,Zero-point phonon energy in helium *,source_authored,originals/ortvay/2004/Ortvay_2004_Q1-32__9f2478c12e00c0ec.pdf,3136,9f2478c12e00c0ece11827d6495c2f8a17d4d5d8bebd9acd2cb111e5bdbdb8fa,7,7,,https://olimpicos.net/ortvay/index.html#2004,REJECT,high,,Zero-point phonon energy and pressure in a superfluid Bose droplet,Zero-point phonon energy and pressure in a superfluid Bose droplet,"A Debye cutoff is named, but quantum mode energy/counting, interacting Bose dispersion and pressure/ground-state balance are not supplied. Those specialized quantum-fluid/statistical laws centrally determine all results.",1,0,single_pass_complete,2026-10-04T03:25:07.578500+00:00,Complete actual Ortvay 2004 Q29 p7 inspected from full text and all seven cached rendered physical pages. Broken extraction does not control equation/heading interpretation. Whole parent including extra questions retained. Q1 original source-linked JPEG acquired and visually inspected separately. Organizer archive links no 2004 worked key.,content_boundary_verified,,,REJECT
raw::6044,6044,0,Ortvay,ortvay,Open,2005,Problems,theory,7,Dip-shaped soliton on water *,source_authored,originals/ortvay/2005/Ortvay_2005_Q1-42__1ba4f1a7e23e2230.pdf,3135,1ba4f1a7e23e2230fca28f71acd34a1a7aed6c0e32def26884f923b46a23fcd2,3,3,,https://olimpicos.net/ortvay/index.html#2005,REJECT,high,,Conditions for positive and negative surface/internal water solitons,Conditions for positive and negative surface/internal water solitons,No nonlinear dispersive shallow/internal-wave evolution or two-layer constitutive model is supplied. Those specialized continuum-flow relations centrally determine which polarity supports solitary waves and the depth/salinity conditions.,1,0,single_pass_complete,2026-10-04T03:18:55.587158+00:00,"Complete actual Ortvay 2005 Q7, physical p3, read from all ten cached rendered pages plus full extraction. Renders control missing letters, joined headings, complex potentials, metric signs, Hamiltonian and six Q42 cells. Whole numbered parent retained. No acquired official worked solution; organizer archive inspected for availability.",content_boundary_verified,,,REJECT
raw::6054,6054,0,Ortvay,ortvay,Open,2005,Problems,theory,17,Tachyons relative speed *,source_authored,originals/ortvay/2005/Ortvay_2005_Q1-42__1ba4f1a7e23e2230.pdf,3135,1ba4f1a7e23e2230fca28f71acd34a1a7aed6c0e32def26884f923b46a23fcd2,5,5,,https://olimpicos.net/ortvay/index.html#2005,REJECT,high,,Relative velocity of superluminal tachyons,Relative velocity of superluminal tachyons,Speeds and directions are stated but no Lorentz velocity-addition or admissible tachyon frame prescription is supplied. That unsupplied relativistic rule is the entire requested comparison; a superluminal object also lacks a conventional rest frame.,1,0,single_pass_complete,2026-10-04T03:18:55.587337+00:00,"Complete actual Ortvay 2005 Q17, physical p5, read from all ten cached rendered pages plus full extraction. Renders control missing letters, joined headings, complex potentials, metric signs, Hamiltonian and six Q42 cells. Whole numbered parent retained. No acquired official worked solution; organizer archive inspected for availability.",content_boundary_verified,,Reprint credited 1992; no older registered provenance partner fabricated. Superluminal observer frame is not an ordinary physical rest frame.,REJECT
raw::6055,6055,0,Ortvay,ortvay,Open,2005,Problems,numerical,18,Einstein Station fuel cycle *,source_authored,originals/ortvay/2005/Ortvay_2005_Q1-42__1ba4f1a7e23e2230.pdf,3135,1ba4f1a7e23e2230fca28f71acd34a1a7aed6c0e32def26884f923b46a23fcd2,5,6,,https://olimpicos.net/ortvay/index.html#2005,REJECT,high,,"Proper acceleration, ageing and photon-rocket fuel logistics","Proper acceleration, ageing and photon-rocket fuel logistics","Orbit size and onboard acceleration are supplied, but proper acceleration/time, relativistic circular motion and photon-rocket mass-loss relations are not. Those outside laws control station ageing and every robot fuel/timing calculation.",1,0,pass_2_complete,2026-10-04T03:18:55.587352+00:00,"Complete actual Ortvay 2005 Q18, physical p5, read from all ten cached rendered pages plus full extraction. Renders control missing letters, joined headings, complex potentials, metric signs, Hamiltonian and six Q42 cells. Whole numbered parent retained. No acquired official worked solution; organizer archive inspected for availability.",content_boundary_verified,2026-10-04T03:20:38.823510+00:00,,REJECT
raw::6056,6056,0,Ortvay,ortvay,Open,2005,Problems,theory,19,Accelerated laser properties *,source_authored,originals/ortvay/2005/Ortvay_2005_Q1-42__1ba4f1a7e23e2230.pdf,3135,1ba4f1a7e23e2230fca28f71acd34a1a7aed6c0e32def26884f923b46a23fcd2,6,6,,https://olimpicos.net/ortvay/index.html#2005,REJECT,high,,"Accelerating laser cavity under surface, bulk and gravitational forcing","Accelerating laser cavity under surface, bulk and gravitational forcing",No gravitational/proper-frame frequency-shift prescription or elastic cavity response model is supplied. Comparing all laser properties and force origins centrally requires relativistic accelerated-frame/gravity and unsupplied solid stress response; ordinary stationary cavity optics alone cannot answer the whole question.,1,0,pass_2_complete,2026-10-04T03:18:55.587368+00:00,"Complete actual Ortvay 2005 Q19, physical p6, read from all ten cached rendered pages plus full extraction. Renders control missing letters, joined headings, complex potentials, metric signs, Hamiltonian and six Q42 cells. Whole numbered parent retained. No acquired official worked solution; organizer archive inspected for availability.",content_boundary_verified,2026-10-04T03:20:38.823593+00:00,"Different surface/bulk forcing can strain cavity geometry, but no elastic law is given; gravity introduces additional unsupplied proper-frame frequency interpretation.",REJECT
raw::6057,6057,0,Ortvay,ortvay,Open,2005,Problems,theory,20,Standing waves in moving medium *,source_authored,originals/ortvay/2005/Ortvay_2005_Q1-42__1ba4f1a7e23e2230.pdf,3135,1ba4f1a7e23e2230fca28f71acd34a1a7aed6c0e32def26884f923b46a23fcd2,6,6,,https://olimpicos.net/ortvay/index.html#2005,REJECT,high,,Waves in an arbitrarily moving dielectric medium,Waves in an arbitrarily moving dielectric medium,"Rest material epsilon/mu are stated, but moving constitutive relations and Lorentz field/frequency transformation are not. They determine the requested source-frame dispersion, stationary waves and polarizations; ordinary stationary-medium Maxwell equations alone do not operationally supply this relativistic model.",1,0,pass_2_complete,2026-10-04T03:18:55.587393+00:00,"Complete actual Ortvay 2005 Q20, physical p6, read from all ten cached rendered pages plus full extraction. Renders control missing letters, joined headings, complex potentials, metric signs, Hamiltonian and six Q42 cells. Whole numbered parent retained. No acquired official worked solution; organizer archive inspected for availability.",content_boundary_verified,2026-10-04T03:20:38.823672+00:00,,REJECT
raw::6058,6058,0,Ortvay,ortvay,Open,2005,Problems,theory,21,Muon decay momentum distribution *,source_authored,originals/ortvay/2005/Ortvay_2005_Q1-42__1ba4f1a7e23e2230.pdf,3135,1ba4f1a7e23e2230fca28f71acd34a1a7aed6c0e32def26884f923b46a23fcd2,6,6,,https://olimpicos.net/ortvay/index.html#2005,REJECT,high,,Lab-frame distributions from a supplied muon rest-decay spectrum,Lab-frame distributions from a supplied muon rest-decay spectrum,"The rest-frame f(x) and general anisotropic distribution are explicitly supplied. However, rest-to-lab four-momentum boost, massive mass shell and phase-space/Jacobian transformation are not; those outside prerequisites centrally determine both lab distributions.",1,0,pass_2_complete,2026-10-04T03:18:55.587409+00:00,"Complete actual Ortvay 2005 Q21, physical p6, read from all ten cached rendered pages plus full extraction. Renders control missing letters, joined headings, complex potentials, metric signs, Hamiltonian and six Q42 cells. Whole numbered parent retained. No acquired official worked solution; organizer archive inspected for availability.",content_boundary_verified,2026-10-04T03:20:38.823760+00:00,,REJECT
raw::6060,6060,0,Ortvay,ortvay,Open,2005,Problems,theory,23,Twin paradox on a cylinder *,source_authored,originals/ortvay/2005/Ortvay_2005_Q1-42__1ba4f1a7e23e2230.pdf,3135,1ba4f1a7e23e2230fca28f71acd34a1a7aed6c0e32def26884f923b46a23fcd2,7,7,,https://olimpicos.net/ortvay/index.html#2005,REJECT,high,,Twins and sound on a compact Minkowski spatial cylinder,Twins and sound on a compact Minkowski spatial cylinder,"Topology, speed and sound data do not supply Lorentz simultaneity, proper-time or relativistic Doppler transformation. These unsupplied relativistic rules control every ageing/clock/sound request.",1,0,single_pass_complete,2026-10-04T03:18:55.587442+00:00,"Complete actual Ortvay 2005 Q23, physical p7, read from all ten cached rendered pages plus full extraction. Renders control missing letters, joined headings, complex potentials, metric signs, Hamiltonian and six Q42 cells. Whole numbered parent retained. No acquired official worked solution; organizer archive inspected for availability.",content_boundary_verified,,,REJECT
raw::6061,6061,0,Ortvay,ortvay,Open,2005,Problems,theory,24,Spaceship time dilation mission *,source_authored,originals/ortvay/2005/Ortvay_2005_Q1-42__1ba4f1a7e23e2230.pdf,3135,1ba4f1a7e23e2230fca28f71acd34a1a7aed6c0e32def26884f923b46a23fcd2,7,7,,https://olimpicos.net/ortvay/index.html#2005,REJECT,high,,Optimizing a radial rocket trajectory for maximum ageing,Optimizing a radial rocket trajectory for maximum ageing,Special/general relativistic time dilation and a gravitational proper-time/action prescription are not supplied. They are central to the optimization; ordinary Newton energy alone cannot determine the objective.,1,0,single_pass_complete,2026-10-04T03:18:55.587457+00:00,"Complete actual Ortvay 2005 Q24, physical p7, read from all ten cached rendered pages plus full extraction. Renders control missing letters, joined headings, complex potentials, metric signs, Hamiltonian and six Q42 cells. Whole numbered parent retained. No acquired official worked solution; organizer archive inspected for availability.",content_boundary_verified,,"Reprint credited 1996; no older registered partner. No maximum rocket acceleration is supplied, so extremal trajectory may also be idealized.",REJECT
raw::6062,6062,0,Ortvay,ortvay,Open,2005,Problems,theory,25,Black hole time dilation *,source_authored,originals/ortvay/2005/Ortvay_2005_Q1-42__1ba4f1a7e23e2230.pdf,3135,1ba4f1a7e23e2230fca28f71acd34a1a7aed6c0e32def26884f923b46a23fcd2,7,7,,https://olimpicos.net/ortvay/index.html#2005,REJECT,high,,Interpreting a person frozen in a black-hole image,Interpreting a person frozen in a black-hole image,"No horizon light-propagation, gravitational redshift or observer/proper-time relations are provided. These central unsupplied GR concepts determine the apparent frozen image and actual age, not the fiction context.",1,0,single_pass_complete,2026-10-04T03:18:55.587472+00:00,"Complete actual Ortvay 2005 Q25, physical p7, read from all ten cached rendered pages plus full extraction. Renders control missing letters, joined headings, complex potentials, metric signs, Hamiltonian and six Q42 cells. Whole numbered parent retained. No acquired official worked solution; organizer archive inspected for availability.",content_boundary_verified,,Reprint credited 1992; book continuation does not provide a metric or redshift model.,REJECT
raw::6063,6063,0,Ortvay,ortvay,Open,2005,Problems,theory,26,Einstein's daisy orbits *,source_authored,originals/ortvay/2005/Ortvay_2005_Q1-42__1ba4f1a7e23e2230.pdf,3135,1ba4f1a7e23e2230fca28f71acd34a1a7aed6c0e32def26884f923b46a23fcd2,7,7,,https://olimpicos.net/ortvay/index.html#2005,REJECT,high,,Closed compact-binary rosettes and their gravitational waves,Closed compact-binary rosettes and their gravitational waves,"No relativistic orbit equation, precession law or gravitational-wave emission relation is supplied. They centrally determine initial conditions and the entire radiation description.",1,0,single_pass_complete,2026-10-04T03:18:55.587489+00:00,"Complete actual Ortvay 2005 Q26, physical p7, read from all ten cached rendered pages plus full extraction. Renders control missing letters, joined headings, complex potentials, metric signs, Hamiltonian and six Q42 cells. Whole numbered parent retained. No acquired official worked solution; organizer archive inspected for availability.",content_boundary_verified,,,REJECT
raw::6064,6064,0,Ortvay,ortvay,Open,2005,Problems,numerical,27,Gravitational waves from neutron star *,source_authored,originals/ortvay/2005/Ortvay_2005_Q1-42__1ba4f1a7e23e2230.pdf,3135,1ba4f1a7e23e2230fca28f71acd34a1a7aed6c0e32def26884f923b46a23fcd2,7,7,,https://olimpicos.net/ortvay/index.html#2005,REJECT,high,,Gravitational radiation from asymmetric neutron-star ejection,Gravitational radiation from asymmetric neutron-star ejection,"Newtonian mass trajectories can give a quadrupole moment, but the gravitational-wave intensity relation and relativistic source prescription are absent. Radiation is a central requested result, not an incidental extension.",1,0,pass_2_complete,2026-10-04T03:18:55.587504+00:00,"Complete actual Ortvay 2005 Q27, physical p7, read from all ten cached rendered pages plus full extraction. Renders control missing letters, joined headings, complex potentials, metric signs, Hamiltonian and six Q42 cells. Whole numbered parent retained. No acquired official worked solution; organizer archive inspected for availability.",content_boundary_verified,2026-10-04T03:20:38.823922+00:00,,REJECT
raw::6065,6065,0,Ortvay,ortvay,Open,2005,Problems,numerical,28,Anomalous probe acceleration vs Hubble expansion *,source_authored,originals/ortvay/2005/Ortvay_2005_Q1-42__1ba4f1a7e23e2230.pdf,3135,1ba4f1a7e23e2230fca28f71acd34a1a7aed6c0e32def26884f923b46a23fcd2,8,8,,https://olimpicos.net/ortvay/index.html#2005,REJECT,high,,Testing cosmological explanation of spacecraft radio blueshift,Testing cosmological explanation of spacecraft radio blueshift,"The claimed acceleration and Hubble-scale coincidence are inputs, but no cosmological radio propagation/redshift-to-acceleration model is supplied. Precise verification requires unsupplied relativistic cosmology rather than merely dimensional equality.",1,0,single_pass_complete,2026-10-04T03:18:55.587521+00:00,"Complete actual Ortvay 2005 Q28, physical p8, read from all ten cached rendered pages plus full extraction. Renders control missing letters, joined headings, complex potentials, metric signs, Hamiltonian and six Q42 cells. Whole numbered parent retained. No acquired official worked solution; organizer archive inspected for availability.",content_boundary_verified,,,REJECT
raw::6066,6066,0,Ortvay,ortvay,Open,2005,Problems,theory,29,Wormhole tidal forces *,source_authored,originals/ortvay/2005/Ortvay_2005_Q1-42__1ba4f1a7e23e2230.pdf,3135,1ba4f1a7e23e2230fca28f71acd34a1a7aed6c0e32def26884f923b46a23fcd2,8,8,,https://olimpicos.net/ortvay/index.html#2005,REJECT,high,,Proper acceleration and tidal forces in a partially specified wormhole metric,Proper acceleration and tidal forces in a partially specified wormhole metric,"The explicit radial metric/functions are acknowledged. Proper acceleration, freely falling observer construction and Riemann tidal-force prescription are not provided; those central GR tools are needed for all parameter bounds. A metric alone is not a supplied operational force model.",1,0,pass_2_complete,2026-10-04T03:18:55.587535+00:00,"Complete actual Ortvay 2005 Q29, physical p8, read from all ten cached rendered pages plus full extraction. Renders control missing letters, joined headings, complex potentials, metric signs, Hamiltonian and six Q42 cells. Whole numbered parent retained. No acquired official worked solution; organizer archive inspected for availability.",content_boundary_verified,2026-10-04T03:20:38.824007+00:00,"Actual printed interval has all positive signs and says Minkowski asymptotic; Lorentzian time-sign convention is inconsistent. Actual person height is 180 cm, not 180 m from corrupted extraction. Do not silently repair metric into a supplied GR force law.",REJECT
raw::6067,6067,0,Ortvay,ortvay,Open,2005,Problems,theory,30,Wormhole matter properties *,source_authored,originals/ortvay/2005/Ortvay_2005_Q1-42__1ba4f1a7e23e2230.pdf,3135,1ba4f1a7e23e2230fca28f71acd34a1a7aed6c0e32def26884f923b46a23fcd2,8,8,,https://olimpicos.net/ortvay/index.html#2005,REJECT,high,,Stress-energy supporting the previous wormhole and boosted measurements,Stress-energy supporting the previous wormhole and boosted measurements,"Reference to Q29 supplies its metric, but the Einstein equations, stress-energy/pressure interpretation and observer transformations are not given. Those unsupplied GR laws define every requested density/pressure result.",1,0,single_pass_complete,2026-10-04T03:18:55.587551+00:00,"Complete actual Ortvay 2005 Q30, physical p8, read from all ten cached rendered pages plus full extraction. Renders control missing letters, joined headings, complex potentials, metric signs, Hamiltonian and six Q42 cells. Whole numbered parent retained. No acquired official worked solution; organizer archive inspected for availability.",content_boundary_verified,,,REJECT
raw::6068,6068,0,Ortvay,ortvay,Open,2005,Problems,theory,31,Schwarzschild-de Sitter black hole *,source_authored,originals/ortvay/2005/Ortvay_2005_Q1-42__1ba4f1a7e23e2230.pdf,3135,1ba4f1a7e23e2230fca28f71acd34a1a7aed6c0e32def26884f923b46a23fcd2,8,8,,https://olimpicos.net/ortvay/index.html#2005,REJECT,high,,Spherical vacuum spacetime with mass and cosmological constant,Spherical vacuum spacetime with mass and cosmological constant,Neither Einstein field equations nor the operational metric/horizon solution is supplied. Deriving it and testing inflationary horizon scales centrally requires unsupplied GR.,1,0,single_pass_complete,2026-10-04T03:18:55.587568+00:00,"Complete actual Ortvay 2005 Q31, physical p8, read from all ten cached rendered pages plus full extraction. Renders control missing letters, joined headings, complex potentials, metric signs, Hamiltonian and six Q42 cells. Whole numbered parent retained. No acquired official worked solution; organizer archive inspected for availability.",content_boundary_verified,,,REJECT
raw::6070,6070,0,Ortvay,ortvay,Open,2005,Problems,numerical,33,Neutrino mass from UHECR Z-burst *,source_authored,originals/ortvay/2005/Ortvay_2005_Q1-42__1ba4f1a7e23e2230.pdf,3135,1ba4f1a7e23e2230fca28f71acd34a1a7aed6c0e32def26884f923b46a23fcd2,9,9,,https://olimpicos.net/ortvay/index.html#2005,REJECT,high,,Neutrino mass from ultra-high-energy Z production and proton decay,Neutrino mass from ultra-high-energy Z production and proton decay,"The stationary target, proton CM energy fraction and angular law are supplied. Invariant collision energy and boosted daughter energy/direction are not; unsupplied SR reaction kinematics centrally determine both the mass estimate and beam-proposal sensitivity. Printed exotic names alone are not the rejection reason.",1,0,pass_2_complete,2026-10-04T03:18:55.587609+00:00,"Complete actual Ortvay 2005 Q33, physical p9, read from all ten cached rendered pages plus full extraction. Renders control missing letters, joined headings, complex potentials, metric signs, Hamiltonian and six Q42 cells. Whole numbered parent retained. No acquired official worked solution; organizer archive inspected for availability.",content_boundary_verified,2026-10-04T03:20:38.824182+00:00,Verified exact reprint of 2001 Q34 raw::6220. Earlier-year record canonical; this source still retained. No unique-count inflation.,REJECT
raw::6071,6071,0,Ortvay,ortvay,Open,2005,Problems,theory,34,Swiss-cheese cosmological model *,source_authored,originals/ortvay/2005/Ortvay_2005_Q1-42__1ba4f1a7e23e2230.pdf,3135,1ba4f1a7e23e2230fca28f71acd34a1a7aed6c0e32def26884f923b46a23fcd2,9,9,,https://olimpicos.net/ortvay/index.html#2005,REJECT,high,,Swiss-cheese cosmology matched to Schwarzschild cavities,Swiss-cheese cosmology matched to Schwarzschild cavities,"No Einstein equation, junction/matching conditions or metric/light propagation laws are supplied. Those central outside GR methods are needed to verify the exact solution and calculate optical propagation.",1,0,single_pass_complete,2026-10-04T03:18:55.587625+00:00,"Complete actual Ortvay 2005 Q34, physical p9, read from all ten cached rendered pages plus full extraction. Renders control missing letters, joined headings, complex potentials, metric signs, Hamiltonian and six Q42 cells. Whole numbered parent retained. No acquired official worked solution; organizer archive inspected for availability.",content_boundary_verified,,,REJECT
raw::6073,6073,0,Ortvay,ortvay,Open,2005,Problems,numerical,36,Bose-Einstein condensation in a trap *,source_authored,originals/ortvay/2005/Ortvay_2005_Q1-42__1ba4f1a7e23e2230.pdf,3135,1ba4f1a7e23e2230fca28f71acd34a1a7aed6c0e32def26884f923b46a23fcd2,9,10,,https://olimpicos.net/ortvay/index.html#2005,REJECT,high,,Condensation temperature and population in an anisotropic harmonic trap,Condensation temperature and population in an anisotropic harmonic trap,"The classical potential, atom count and frequencies are supplied, but quantum level spectrum, Bose occupation and condensation criterion are not. These central specialized quantum-statistical relations are necessary for Tc and condensate fraction.",1,0,single_pass_complete,2026-10-04T03:18:55.587657+00:00,"Complete actual Ortvay 2005 Q36, physical p9, read from all ten cached rendered pages plus full extraction. Renders control missing letters, joined headings, complex potentials, metric signs, Hamiltonian and six Q42 cells. Whole numbered parent retained. No acquired official worked solution; organizer archive inspected for availability.",content_boundary_verified,,"Q36 substantive statement p9, author credit p10. Classical potential alone does not supply Bose occupancy.",REJECT
raw::6074,6074,0,Ortvay,ortvay,Open,2005,Problems,theory,37,Spin-orbit ring in magnetic field *,source_authored,originals/ortvay/2005/Ortvay_2005_Q1-42__1ba4f1a7e23e2230.pdf,3135,1ba4f1a7e23e2230fca28f71acd34a1a7aed6c0e32def26884f923b46a23fcd2,10,10,,https://olimpicos.net/ortvay/index.html#2005,REJECT,high,,Spin-orbit ring eigenstates and their magnetic-field currents,Spin-orbit ring eigenstates and their magnetic-field currents,"The formal Hamiltonian and named spin/orbital operators are supplied, but their representation, quantum eigenproblem, magnetic coupling and state-current rule are not. Those central unsupplied quantum methods determine all outputs.",1,0,single_pass_complete,2026-10-04T03:18:55.587675+00:00,"Complete actual Ortvay 2005 Q37, physical p10, read from all ten cached rendered pages plus full extraction. Renders control missing letters, joined headings, complex potentials, metric signs, Hamiltonian and six Q42 cells. Whole numbered parent retained. No acquired official worked solution; organizer archive inspected for availability.",content_boundary_verified,,,REJECT
raw::6075,6075,0,Ortvay,ortvay,Open,2005,Problems,theory,38,Gauge-invariant spherical symmetry condition *,source_authored,originals/ortvay/2005/Ortvay_2005_Q1-42__1ba4f1a7e23e2230.pdf,3135,1ba4f1a7e23e2230fca28f71acd34a1a7aed6c0e32def26884f923b46a23fcd2,10,10,,https://olimpicos.net/ortvay/index.html#2005,REJECT,high,,Gauge-invariant spherical symmetry of the Dirac operator,Gauge-invariant spherical symmetry of the Dirac operator,Neither Dirac operator/spin representation nor commutator/evolution rule is operationally supplied. These outside relativistic quantum methods centrally determine the gauge-invariant angular momentum condition.,1,0,single_pass_complete,2026-10-04T03:18:55.587690+00:00,"Complete actual Ortvay 2005 Q38, physical p10, read from all ten cached rendered pages plus full extraction. Renders control missing letters, joined headings, complex potentials, metric signs, Hamiltonian and six Q42 cells. Whole numbered parent retained. No acquired official worked solution; organizer archive inspected for availability.",content_boundary_verified,,,REJECT
raw::6076,6076,0,Ortvay,ortvay,Open,2005,Problems,theory,39,Photon-mirror entanglement in interferometer *,source_authored,originals/ortvay/2005/Ortvay_2005_Q1-42__1ba4f1a7e23e2230.pdf,3135,1ba4f1a7e23e2230fca28f71acd34a1a7aed6c0e32def26884f923b46a23fcd2,10,10,,https://olimpicos.net/ortvay/index.html#2005,REJECT,high,,Quantum mirror and one-photon Michelson evolution and visibility,Quantum mirror and one-photon Michelson evolution and visibility,"Initial ket notation and frequencies are given, but mirror quantization, radiation-pressure Hamiltonian and quantum state/time-evolution/visibility rules are not. These central specialized quantum tools control all parts.",1,0,single_pass_complete,2026-10-04T03:18:55.587704+00:00,"Complete actual Ortvay 2005 Q39, physical p10, read from all ten cached rendered pages plus full extraction. Renders control missing letters, joined headings, complex potentials, metric signs, Hamiltonian and six Q42 cells. Whole numbered parent retained. No acquired official worked solution; organizer archive inspected for availability.",content_boundary_verified,,,REJECT
raw::6077,6077,0,Ortvay,ortvay,Open,2005,Problems,theory,40,Quantized damped harmonic oscillator *,source_authored,originals/ortvay/2005/Ortvay_2005_Q1-42__1ba4f1a7e23e2230.pdf,3135,1ba4f1a7e23e2230fca28f71acd34a1a7aed6c0e32def26884f923b46a23fcd2,10,10,,https://olimpicos.net/ortvay/index.html#2005,REJECT,high,,Quantization of damped oscillators and oscillator baths,Quantization of damped oscillators and oscillator baths,"Damping and qualitative bath are stated without a quantum dynamics, canonical quantization or thermal noise prescription. The entire task demands unsupplied quantum open-system methods.",1,0,single_pass_complete,2026-10-04T03:18:55.587719+00:00,"Complete actual Ortvay 2005 Q40, physical p10, read from all ten cached rendered pages plus full extraction. Renders control missing letters, joined headings, complex potentials, metric signs, Hamiltonian and six Q42 cells. Whole numbered parent retained. No acquired official worked solution; organizer archive inspected for availability.",content_boundary_verified,,,REJECT
raw::6078,6078,0,Ortvay,ortvay,Open,2005,Problems,numerical,41,Casimir and van der Waals forces *,source_authored,originals/ortvay/2005/Ortvay_2005_Q1-42__1ba4f1a7e23e2230.pdf,3135,1ba4f1a7e23e2230fca28f71acd34a1a7aed6c0e32def26884f923b46a23fcd2,10,10,,https://olimpicos.net/ortvay/index.html#2005,REJECT,high,,Casimir and van der Waals plate forces and material dependence,Casimir and van der Waals plate forces and material dependence,Neither Casimir force nor microscopic dispersion interaction/material response is supplied. These specialized unsupplied laws centrally determine both force calculations and their separation/material comparison.,1,0,single_pass_complete,2026-10-04T03:18:55.587744+00:00,"Complete actual Ortvay 2005 Q41, physical p10, read from all ten cached rendered pages plus full extraction. Renders control missing letters, joined headings, complex potentials, metric signs, Hamiltonian and six Q42 cells. Whole numbered parent retained. No acquired official worked solution; organizer archive inspected for availability.",content_boundary_verified,,,REJECT
raw::6013,6013,0,Ortvay,ortvay,Open,2006,Problems,theory,9,Relativistic Rutherford scattering *,source_authored,originals/ortvay/2006/Ortvay_2006_Q1-33__c183c465d8489be6.pdf,3133,c183c465d8489be69795aefc335f64063f218cb83ab736276d759342823bcdbe,3,3,,https://olimpicos.net/ortvay/index.html#2006,REJECT,high,,Relativistic correction to Rutherford scattering,Relativistic correction to Rutherford scattering,The central potential is printed but relativistic energy-momentum/velocity relation and trajectory dynamics are not. Those unsupplied laws centrally determine the requested cross section.,1,0,single_pass_complete,2026-10-04T03:04:50.192930+00:00,"Complete actual Ortvay 2006 Q9, physical p3, inspected from all eight rendered pages. Broken cache drops letters/joins headings, so actual renders control dimensions, Galileo diagram, spectral-density formula, bulb wiring, nuclear data and invariant expression. Q33 continues to p8. Whole parent tasks retained. No acquired official worked solution.",content_boundary_verified,,,REJECT
raw::6018,6018,0,Ortvay,ortvay,Open,2006,Problems,numerical,14,Ancient Hungarian reflex bow *,source_authored,originals/ortvay/2006/Ortvay_2006_Q1-33__c183c465d8489be6.pdf,3133,c183c465d8489be69795aefc335f64063f218cb83ab736276d759342823bcdbe,4,4,,https://olimpicos.net/ortvay/index.html#2006,REJECT,high,,Dynamic recoil and performance of an unmodelled composite reflex bow,Dynamic recoil and performance of an unmodelled composite reflex bow,"Historical materials/shape are described but flexural moment-curvature law, composite limb energy and moving-limb/string coupling are not supplied. These unsupplied beam/material dynamics centrally determine arrow acceleration/speed and the design comparisons.",1,0,pass_2_complete,2026-10-04T03:04:50.193033+00:00,"Complete actual Ortvay 2006 Q14, physical p4, inspected from all eight rendered pages. Broken cache drops letters/joins headings, so actual renders control dimensions, Galileo diagram, spectral-density formula, bulb wiring, nuclear data and invariant expression. Q33 continues to p8. Whole parent tasks retained. No acquired official worked solution.",content_boundary_verified,2026-10-04T03:07:57.274733+00:00,No bow load-deflection curve or flexural/composite limb model is supplied. Historical dimensions alone do not provide arrow acceleration.,REJECT
raw::6026,6026,0,Ortvay,ortvay,Open,2006,Problems,theory,22,Interaction energy of point defects *,source_authored,originals/ortvay/2006/Ortvay_2006_Q1-33__c183c465d8489be6.pdf,3133,c183c465d8489be69795aefc335f64063f218cb83ab736276d759342823bcdbe,5,5,,https://olimpicos.net/ortvay/index.html#2006,REJECT,high,,Elastic interaction energy of supplied point-defect displacement fields,Elastic interaction energy of supplied point-defect displacement fields,"The displacement field is provided, but strain/stress constitutive tensor, elastic-energy functional and defect coupling are not. Those unsupplied continuum-elastic laws are needed to infer interaction energy rather than just differentiate a displacement.",1,0,pass_2_complete,2026-10-04T03:04:50.193221+00:00,"Complete actual Ortvay 2006 Q22, physical p5, inspected from all eight rendered pages. Broken cache drops letters/joins headings, so actual renders control dimensions, Galileo diagram, spectral-density formula, bulb wiring, nuclear data and invariant expression. Q33 continues to p8. Whole parent tasks retained. No acquired official worked solution.",content_boundary_verified,2026-10-04T03:07:57.275212+00:00,Given displacement field is acknowledged; it does not supply the stress/elastic-energy relation needed for interaction.,REJECT
raw::6027,6027,0,Ortvay,ortvay,Open,2006,Problems,theory,23,Relativistic wheel center of mass *,source_authored,originals/ortvay/2006/Ortvay_2006_Q1-33__c183c465d8489be6.pdf,3133,c183c465d8489be69795aefc335f64063f218cb83ab736276d759342823bcdbe,5,5,,https://olimpicos.net/ortvay/index.html#2006,REJECT,high,,Centre of mass and lifting of relativistically rolling wheels,Centre of mass and lifting of relativistically rolling wheels,"No Lorentz transformation, energy-weighted centre or relativistic stress/work accounting is supplied. These central unsupplied relativistic solid mechanics rules determine both requested results.",1,0,single_pass_complete,2026-10-04T03:04:50.193236+00:00,"Complete actual Ortvay 2006 Q23, physical p5, inspected from all eight rendered pages. Broken cache drops letters/joins headings, so actual renders control dimensions, Galileo diagram, spectral-density formula, bulb wiring, nuclear data and invariant expression. Q33 continues to p8. Whole parent tasks retained. No acquired official worked solution.",content_boundary_verified,,,REJECT
raw::6030,6030,0,Ortvay,ortvay,Open,2006,Problems,theory,26,Intelligent states and harmonic oscillator *,source_authored,originals/ortvay/2006/Ortvay_2006_Q1-33__c183c465d8489be6.pdf,3133,c183c465d8489be69795aefc335f64063f218cb83ab736276d759342823bcdbe,6,6,,https://olimpicos.net/ortvay/index.html#2006,REJECT,high,,Minimum-uncertainty quantum eigenstate and oscillator identification,Minimum-uncertainty quantum eigenstate and oscillator identification,"Neither quantum position/momentum operators, uncertainty inequality/saturation states nor eigen-equation are supplied. These central specialized quantum laws are required; an arbitrary Hamiltonian also needs an unstated conventional kinetic-plus-local-potential restriction for the claimed theorem.",1,0,pass_2_complete,2026-10-04T03:04:50.193285+00:00,"Complete actual Ortvay 2006 Q26, physical p6, inspected from all eight rendered pages. Broken cache drops letters/joins headings, so actual renders control dimensions, Galileo diagram, spectral-density formula, bulb wiring, nuclear data and invariant expression. Q33 continues to p8. Whole parent tasks retained. No acquired official worked solution.",content_boundary_verified,2026-10-04T03:07:57.275384+00:00,The theorem is not true for arbitrary Hamiltonians sharing an oscillator eigenstate; a conventional local potential plus quadratic kinetic term would have to be specified.,REJECT
raw::6031,6031,0,Ortvay,ortvay,Open,2006,Problems,theory,27,Spin-dependent scattering symmetries *,source_authored,originals/ortvay/2006/Ortvay_2006_Q1-33__c183c465d8489be6.pdf,3133,c183c465d8489be69795aefc335f64063f218cb83ab736276d759342823bcdbe,6,6,,https://olimpicos.net/ortvay/index.html#2006,REJECT,high,,Symmetry constraints on a spin-dependent quantum scattering matrix,Symmetry constraints on a spin-dependent quantum scattering matrix,"Asymptotic scattering wave and matrix are supplied, but spin time-reversal/rotation representations and scattering-state symmetry actions are not. Those central quantum spin rules define both requested constraints.",1,0,pass_2_complete,2026-10-04T03:04:50.193301+00:00,"Complete actual Ortvay 2006 Q27, physical p6, inspected from all eight rendered pages. Broken cache drops letters/joins headings, so actual renders control dimensions, Galileo diagram, spectral-density formula, bulb wiring, nuclear data and invariant expression. Q33 continues to p8. Whole parent tasks retained. No acquired official worked solution.",content_boundary_verified,2026-10-04T03:07:57.275472+00:00,"An asymptotic matrix is defined, but spin symmetry representations are not. Do not confuse partial model with a complete quantum law.",REJECT
raw::6034,6034,0,Ortvay,ortvay,Open,2006,Problems,theory,30,Spin in fluctuating magnetic field *,source_authored,originals/ortvay/2006/Ortvay_2006_Q1-33__c183c465d8489be6.pdf,3133,c183c465d8489be69795aefc335f64063f218cb83ab736276d759342823bcdbe,7,7,,https://olimpicos.net/ortvay/index.html#2006,REJECT,high,,Quantum spin decoherence under an unspecified noisy-field master model,Quantum spin decoherence under an unspecified noisy-field master model,"White-noise field is described, but quantum spin Hamiltonian, density-matrix evolution and state/coherence rules are not supplied. Ito mathematics alone does not provide that missing quantum dynamics.",1,0,single_pass_complete,2026-10-04T03:04:50.193348+00:00,"Complete actual Ortvay 2006 Q30, physical p7, inspected from all eight rendered pages. Broken cache drops letters/joins headings, so actual renders control dimensions, Galileo diagram, spectral-density formula, bulb wiring, nuclear data and invariant expression. Q33 continues to p8. Whole parent tasks retained. No acquired official worked solution.",content_boundary_verified,,,REJECT
raw::6035,6035,0,Ortvay,ortvay,Open,2006,Problems,theory,31,Spin-dependent Hamiltonian motion *,source_authored,originals/ortvay/2006/Ortvay_2006_Q1-33__c183c465d8489be6.pdf,3133,c183c465d8489be69795aefc335f64063f218cb83ab736276d759342823bcdbe,7,7,,https://olimpicos.net/ortvay/index.html#2006,REJECT,high,,Arbitrary-spin Heisenberg position dynamics and projections,Arbitrary-spin Heisenberg position dynamics and projections,"Formal Hamiltonian/spin labels do not supply commutators, spin-matrix action, Heisenberg evolution or expectation/projection interpretation. Those central quantum rules control all three requests.",1,0,single_pass_complete,2026-10-04T03:04:50.193363+00:00,"Complete actual Ortvay 2006 Q31, physical p7, inspected from all eight rendered pages. Broken cache drops letters/joins headings, so actual renders control dimensions, Galileo diagram, spectral-density formula, bulb wiring, nuclear data and invariant expression. Q33 continues to p8. Whole parent tasks retained. No acquired official worked solution.",content_boundary_verified,,,REJECT
raw::6036,6036,0,Ortvay,ortvay,Open,2006,Problems,theory,32,Squark decay mass bounds *,source_authored,originals/ortvay/2006/Ortvay_2006_Q1-33__c183c465d8489be6.pdf,3133,c183c465d8489be69795aefc335f64063f218cb83ab736276d759342823bcdbe,7,7,,https://olimpicos.net/ortvay/index.html#2006,REJECT,high,,Relativistic invariant-mass endpoints in a particle decay cascade,Relativistic invariant-mass endpoints in a particle decay cascade,"Decay chain, selection thresholds and a four-momentum invariant expression are supplied, but four-vector mass shell/rest-frame/boost kinematics and individual mass inputs are not operationally provided. Those central unsupplied relativistic tools determine the endpoints; exotic particle names are not the reason.",1,0,pass_2_complete,2026-10-04T03:04:50.193379+00:00,"Complete actual Ortvay 2006 Q32, physical p7, inspected from all eight rendered pages. Broken cache drops letters/joins headings, so actual renders control dimensions, Galileo diagram, spectral-density formula, bulb wiring, nuclear data and invariant expression. Q33 continues to p8. Whole parent tasks retained. No acquired official worked solution.",content_boundary_verified,2026-10-04T03:07:57.275716+00:00,m^2=(sum four-momenta)^2 is printed; endpoint numbers and intermediate masses are not a full operational relativistic cascade model.,REJECT
raw::5983,5983,0,Ortvay,ortvay,Open,2007,Problems,theory,11,Hamiltonian with arbitrary momentum dependence *,source_authored,originals/ortvay/2007/Ortvay_2007_Q1-32__466d199962742881.pdf,3132,466d19996274288186203dd9ef93d11ec2f5cf4f5c97799827abb665a3675309,4,4,,https://olimpicos.net/ortvay/index.html#2007,REJECT,high,,Arbitrary-momentum Hamiltonian dynamics under electric and magnetic fields,Arbitrary-momentum Hamiltonian dynamics under electric and magnetic fields,The function H=f(p) alone does not provide the canonical velocity-momentum evolution or field-coupling prescription. Generalizing Newton law from this nonstandard energy requires the same central unsupplied Hamiltonian formalism as the established 2025/2026 calibration rejections.,1,0,pass_2_complete,2026-10-04T02:58:19.603155+00:00,"Complete actual Ortvay 2007 Q11, physical p4, inspected from valid SHA cache and all eight full-page renders. Chain supports, wire-grid geometry, rocket interferometer and intact field/operator/index formulas checked. All parent clauses stay one task. No acquired official worked solution.",content_boundary_verified,2026-10-04T02:59:57.844632+00:00,The canonical-Hamiltonian prerequisite boundary is preserved from original 2025 Q7/2026 Q15; no formalism inferred as supplied merely by its name.,REJECT
raw::5987,5987,0,Ortvay,ortvay,Open,2007,Problems,theory,15,Elastic modulus index symmetry *,source_authored,originals/ortvay/2007/Ortvay_2007_Q1-32__466d199962742881.pdf,3132,466d19996274288186203dd9ef93d11ec2f5cf4f5c97799827abb665a3675309,5,5,,https://olimpicos.net/ortvay/index.html#2007,REJECT,high,,Pair-potential symmetry of a solid elastic-modulus tensor,Pair-potential symmetry of a solid elastic-modulus tensor,"No strain-to-energy/stress tensor definition or central-force continuum elastic model is supplied. Proving all index permutations of Cijkl centrally requires that unprovided elasticity machinery, not just ordinary scalar Hooke compression.",1,0,single_pass_complete,2026-10-04T02:58:19.603227+00:00,"Complete actual Ortvay 2007 Q15, physical p5, inspected from valid SHA cache and all eight full-page renders. Chain supports, wire-grid geometry, rocket interferometer and intact field/operator/index formulas checked. All parent clauses stay one task. No acquired official worked solution.",content_boundary_verified,,,REJECT
raw::5994,5994,0,Ortvay,ortvay,Open,2007,Problems,theory,22,Michelson–Morley with rockets *,source_authored,originals/ortvay/2007/Ortvay_2007_Q1-32__466d199962742881.pdf,3132,466d19996274288186203dd9ef93d11ec2f5cf4f5c97799827abb665a3675309,6,6,,https://olimpicos.net/ortvay/index.html#2007,REJECT,high,,Michelson interference after simultaneous acceleration of separate components,Michelson interference after simultaneous acceleration of separate components,"The actual rocket interferometer layout is present, but Lorentz simultaneity, contraction and source/detector phase transformations are not supplied. Those centrally determine the post-acceleration pattern.",1,0,single_pass_complete,2026-10-04T02:58:19.603348+00:00,"Complete actual Ortvay 2007 Q22, physical p6, inspected from valid SHA cache and all eight full-page renders. Chain supports, wire-grid geometry, rocket interferometer and intact field/operator/index formulas checked. All parent clauses stay one task. No acquired official worked solution.",content_boundary_verified,,,REJECT
raw::5995,5995,0,Ortvay,ortvay,Open,2007,Problems,theory,23,Modified electrodynamics with axion term *,source_authored,originals/ortvay/2007/Ortvay_2007_Q1-32__466d199962742881.pdf,3132,466d19996274288186203dd9ef93d11ec2f5cf4f5c97799827abb665a3675309,6,6,,https://olimpicos.net/ortvay/index.html#2007,REJECT,high,,Covariant electrodynamic field variation and dimensional action symmetries,Covariant electrodynamic field variation and dimensional action symmetries,"Tensor invariants and their scalar field expressions are supplied, but the variational field-evolution prescription, covariant component/source conventions and lower-dimensional tensor construction are not. These are the central specialized dynamics rather than a supplied PDE to solve, consistent with the existing nonlinear-field-Lagrangian boundary.",1,0,pass_2_complete,2026-10-04T02:58:19.603364+00:00,"Complete actual Ortvay 2007 Q23, physical p6, inspected from valid SHA cache and all eight full-page renders. Chain supports, wire-grid geometry, rocket interferometer and intact field/operator/index formulas checked. All parent clauses stay one task. No acquired official worked solution.",content_boundary_verified,2026-10-04T02:59:57.845052+00:00,A field Lagrangian plus invariants is not automatically a provided field-evolution equation; prior tensor-variation boundary retained.,REJECT
raw::5997,5997,0,Ortvay,ortvay,Open,2007,Problems,theory,25,Nonlinear electrodynamics model *,source_authored,originals/ortvay/2007/Ortvay_2007_Q1-32__466d199962742881.pdf,3132,466d19996274288186203dd9ef93d11ec2f5cf4f5c97799827abb665a3675309,7,7,,https://olimpicos.net/ortvay/index.html#2007,REJECT,high,,Nonlinear field dynamics from a formal relativistic Lagrangian,Nonlinear field dynamics from a formal relativistic Lagrangian,"The square-root Lagrangian is printed, but its field-strength/component interpretation, field variation to equations and wave-characteristic/material prescription are not operationally supplied. This is the same central missing classical field formalism as the already reviewed 2019 nonlinear-Lagrangian task, not a complete Maxwell model.",1,0,pass_2_complete,2026-10-04T02:58:19.603394+00:00,"Complete actual Ortvay 2007 Q25, physical p7, inspected from valid SHA cache and all eight full-page renders. Chain supports, wire-grid geometry, rocket interferometer and intact field/operator/index formulas checked. All parent clauses stay one task. No acquired official worked solution.",content_boundary_verified,2026-10-04T02:59:57.845208+00:00,"Independent Q25 does not explicitly source-reference Q23; definitions there are not silently inherited. Even with them, central field variational/dynamical law is not written.",REJECT
raw::5998,5998,0,Ortvay,ortvay,Open,2007,Problems,theory,26,Mass measurement uncertainty *,source_authored,originals/ortvay/2007/Ortvay_2007_Q1-32__466d199962742881.pdf,3132,466d19996274288186203dd9ef93d11ec2f5cf4f5c97799827abb665a3675309,7,7,,https://olimpicos.net/ortvay/index.html#2007,REJECT,high,,Quantum uncertainty floor for beam-balance mass measurement,Quantum uncertainty floor for beam-balance mass measurement,"Uncertainty is named without the position-momentum inequality, quantum oscillator ground-state statistics or measurement-error mapping. The quantum floor and temperature dependence depend centrally on those unprovided specialized rules.",1,0,pass_2_complete,2026-10-04T02:58:19.603411+00:00,"Complete actual Ortvay 2007 Q26, physical p7, inspected from valid SHA cache and all eight full-page renders. Chain supports, wire-grid geometry, rocket interferometer and intact field/operator/index formulas checked. All parent clauses stay one task. No acquired official worked solution.",content_boundary_verified,2026-10-04T02:59:57.845296+00:00,,REJECT
raw::5999,5999,0,Ortvay,ortvay,Open,2007,Problems,theory,27,Spin polarization of reflected wave *,source_authored,originals/ortvay/2007/Ortvay_2007_Q1-32__466d199962742881.pdf,3132,466d19996274288186203dd9ef93d11ec2f5cf4f5c97799827abb665a3675309,7,7,,https://olimpicos.net/ortvay/index.html#2007,REJECT,high,,Spin polarization under time-reversal-symmetric quantum reflection,Spin polarization under time-reversal-symmetric quantum reflection,"Free Hamiltonian and potential symmetry alone do not supply spin-state/scattering-matrix rules, time-reversal operator or polarization expectation law. Quantum spin transport is the sole central prerequisite.",1,0,single_pass_complete,2026-10-04T02:58:19.603428+00:00,"Complete actual Ortvay 2007 Q27, physical p7, inspected from valid SHA cache and all eight full-page renders. Chain supports, wire-grid geometry, rocket interferometer and intact field/operator/index formulas checked. All parent clauses stay one task. No acquired official worked solution.",content_boundary_verified,,,REJECT
raw::6000,6000,0,Ortvay,ortvay,Open,2007,Problems,theory,28,Phase diffusion master equation *,source_authored,originals/ortvay/2007/Ortvay_2007_Q1-32__466d199962742881.pdf,3132,466d19996274288186203dd9ef93d11ec2f5cf4f5c97799827abb665a3675309,7,7,,https://olimpicos.net/ortvay/index.html#2007,REJECT,high,,Phase-diffusion master equation translated to P and Langevin forms,Phase-diffusion master equation translated to P and Langevin forms,"The density-operator equation is supplied, but ladder algebra, coherent-state P representation and its operator-to-differential correspondence are not. Those quantum representation rules centrally determine both requested stochastic equations.",1,0,pass_2_complete,2026-10-04T02:58:19.603443+00:00,"Complete actual Ortvay 2007 Q28, physical p7, inspected from valid SHA cache and all eight full-page renders. Chain supports, wire-grid geometry, rocket interferometer and intact field/operator/index formulas checked. All parent clauses stay one task. No acquired official worked solution.",content_boundary_verified,2026-10-04T02:59:57.845385+00:00,,REJECT
raw::6001,6001,0,Ortvay,ortvay,Open,2007,Problems,theory,29,Two-particle states in a shell *,source_authored,originals/ortvay/2007/Ortvay_2007_Q1-32__466d199962742881.pdf,3132,466d19996274288186203dd9ef93d11ec2f5cf4f5c97799827abb665a3675309,7,7,,https://olimpicos.net/ortvay/index.html#2007,REJECT,high,,Fermionic two-particle angular momentum and spin coupling,Fermionic two-particle angular momentum and spin coupling,"State labels and shell ranges are given, but creation anticommutators, angular-momentum ladder action and coupled-state/antisymmetry rules are not. These central quantum prerequisites determine the operators, degeneracies and singlet.",1,0,single_pass_complete,2026-10-04T02:58:19.603457+00:00,"Complete actual Ortvay 2007 Q29, physical p7, inspected from valid SHA cache and all eight full-page renders. Chain supports, wire-grid geometry, rocket interferometer and intact field/operator/index formulas checked. All parent clauses stay one task. No acquired official worked solution.",content_boundary_verified,,,REJECT
raw::5954,5954,0,Ortvay,ortvay,Open,2008,Problems,theory,18,Problem 18,unknown,originals/ortvay/2008/Ortvay_2008_Q1-36__c81509a5b0fafd1f.pdf,3134,c81509a5b0fafd1f39faa6b3943b5bf6efaf79bb545080a2f03acc5d84b08fff,6,6,,https://olimpicos.net/ortvay/index.html#2008,REJECT,high,,Freezing-time contest with relativistically moving refrigerators,Freezing-time contest with relativistically moving refrigerators,"Flight speed/time histories are specified but proper-time integration and relativistic aging relations are not. These are central to outcome order and probabilities, not a peripheral story around ordinary cooling.",1,0,single_pass_complete,2026-10-04T02:51:21.984266+00:00,"Complete actual Ortvay 2008 Q18, physical p6, inspected using the valid SHA cache and all eleven rendered pages. Ladder/motor wiring and polarities, scalar-wave setup, intact Bose eigen-equation/ansatz and statistical expressions inspected. Whole lettered tasks remain one unit. No acquired official worked solution.",content_boundary_verified,,,REJECT
raw::5956,5956,0,Ortvay,ortvay,Open,2008,Problems,theory,20,Charge of current ring in rotating frame *,source_authored,originals/ortvay/2008/Ortvay_2008_Q1-36__c81509a5b0fafd1f.pdf,3134,c81509a5b0fafd1f39faa6b3943b5bf6efaf79bb545080a2f03acc5d84b08fff,6,6,,https://olimpicos.net/ortvay/index.html#2008,REJECT,high,,Charge in a rotating frame for a neutral current ring,Charge in a rotating frame for a neutral current ring,No relativistic four-current transformation or rotating-frame electromagnetic/charge measurement convention is supplied. Those external prerequisites centrally resolve the claimed charge and conservation paradox.,1,0,single_pass_complete,2026-10-04T02:51:21.984283+00:00,"Complete actual Ortvay 2008 Q20, physical p6, inspected using the valid SHA cache and all eleven rendered pages. Ladder/motor wiring and polarities, scalar-wave setup, intact Bose eigen-equation/ansatz and statistical expressions inspected. Whole lettered tasks remain one unit. No acquired official worked solution.",content_boundary_verified,,,REJECT
raw::5964,5964,0,Ortvay,ortvay,Open,2008,Problems,theory,28,Filament growth stall force *,source_authored,originals/ortvay/2008/Ortvay_2008_Q1-36__c81509a5b0fafd1f.pdf,3134,c81509a5b0fafd1f39faa6b3943b5bf6efaf79bb545080a2f03acc5d84b08fff,8,8,,https://olimpicos.net/ortvay/index.html#2008,REJECT,high,,Force-dependent polymerization through an unsupplied thermal ratchet model,Force-dependent polymerization through an unsupplied thermal ratchet model,"Zero-force attachment/detachment rates and monomer size are supplied, but obstacle-gap statistics, thermal fluctuations and the force dependence of monomer availability are not. A Brownian-ratchet or alternative force-dependent kinetic law is the central missing model for both requested results.",1,0,pass_2_complete,2026-10-04T02:51:21.984420+00:00,"Complete actual Ortvay 2008 Q28, physical p8, inspected using the valid SHA cache and all eleven rendered pages. Ladder/motor wiring and polarities, scalar-wave setup, intact Bose eigen-equation/ansatz and statistical expressions inspected. Whole lettered tasks remain one unit. No acquired official worked solution.",content_boundary_verified,2026-10-04T02:52:49.247094+00:00,"Temperature, obstacle thermal equilibration/diffusion time and a force-dependent attachment probability are not specified. Zero-force rate constants do not fix the forced kinetics.",REJECT
raw::5965,5965,0,Ortvay,ortvay,Open,2008,Problems,theory,29,Transfer matrix in continuous limit *,source_authored,originals/ortvay/2008/Ortvay_2008_Q1-36__c81509a5b0fafd1f.pdf,3134,c81509a5b0fafd1f39faa6b3943b5bf6efaf79bb545080a2f03acc5d84b08fff,8,8,,https://olimpicos.net/ortvay/index.html#2008,REJECT,high,,Stationary quantum transfer matrices in a varying potential,Stationary quantum transfer matrices in a varying potential,"The separated time factor alone does not supply Schrodinger spatial dynamics, wave number versus energy/potential or quantum interface matching. The unprovided quantum equation centrally defines the entire transfer calculation.",1,0,single_pass_complete,2026-10-04T02:51:21.984436+00:00,"Complete actual Ortvay 2008 Q29, physical p8, inspected using the valid SHA cache and all eleven rendered pages. Ladder/motor wiring and polarities, scalar-wave setup, intact Bose eigen-equation/ansatz and statistical expressions inspected. Whole lettered tasks remain one unit. No acquired official worked solution.",content_boundary_verified,,Rendered time exponent is -i*E*t/hbar; extraction reverses the fraction. This does not supply the missing spatial Schrodinger model.,REJECT
raw::5971,5971,0,Ortvay,ortvay,Open,2008,Problems,numerical,35,Black hole in cosmic background *,source_authored,originals/ortvay/2008/Ortvay_2008_Q1-36__c81509a5b0fafd1f.pdf,3134,c81509a5b0fafd1f39faa6b3943b5bf6efaf79bb545080a2f03acc5d84b08fff,10,10,,https://olimpicos.net/ortvay/index.html#2008,REJECT,high,,Black-hole radiative mass evolution with an incomplete supplied model,Black-hole radiative mass evolution with an incomplete supplied model,"Inverse-mass radiation temperature and cooling background are supplied, but horizon/emission area and absorption cross section versus mass are not. They determine the mass powers and both requested limiting solutions. Unsupplied gravitational black-hole relations are central, despite the partial Hawking model.",1,0,pass_2_complete,2026-10-04T02:51:21.984537+00:00,"Complete actual Ortvay 2008 Q35, physical p10, inspected using the valid SHA cache and all eleven rendered pages. Ladder/motor wiring and polarities, scalar-wave setup, intact Bose eigen-equation/ansatz and statistical expressions inspected. Whole lettered tasks remain one unit. No acquired official worked solution.",content_boundary_verified,2026-10-04T02:52:49.247436+00:00,Provided inverse-mass temperature alone is not a full model: emission/capture area versus mass and proportionality constant are absent.,REJECT
raw::5916,5916,0,Ortvay,ortvay,Open,2009,Problems,experimental,11,Slow dribble from inclined plane *,source_authored,originals/ortvay/2009/Ortvay_2009_Q1-31__590303f526aa64de.pdf,3131,590303f526aa64ded5492af6c6bcc96c99e241714b2f3574cf9bbc8a16ac4bca,4,4,,https://olimpicos.net/ortvay/index.html#2009,REJECT,high,,Slow viscous film draining from a surface and container,Slow viscous film draining from a surface and container,Predicting the requested time dependence and retained volume centrally requires an unsupplied viscous-film stress/velocity-profile or lubrication model. The experimental check is eligible in format but does not supply that physics.,1,0,pass_2_complete,2026-10-04T02:43:01.937233+00:00,"Complete actual Ortvay 2009 Q11, physical p4, inspected from valid SHA cache and all nine full-page renders. Q20 continues on p6 and Q24 on p7. Square wheel/edge/smoke geometry and intact matrix/PDE/noise formulas checked. Whole parent clauses retained. No official worked solution acquired.",content_boundary_verified,2026-10-04T02:45:28.651634+00:00,,REJECT
raw::5927,5927,0,Ortvay,ortvay,Open,2009,Problems,theory,22,Eigenvalue problem of EM tensors *,source_authored,originals/ortvay/2009/Ortvay_2009_Q1-31__590303f526aa64de.pdf,3131,590303f526aa64ded5492af6c6bcc96c99e241714b2f3574cf9bbc8a16ac4bca,6,6,,https://olimpicos.net/ortvay/index.html#2009,REJECT,high,,Covariant EM field and stress-energy tensor eigenstructure,Covariant EM field and stress-energy tensor eigenstructure,"Neither tensor components nor relativistic transformation, invariants or physical eigenvector interpretation are printed. The broad suggested Landau-Lifshitz book is not an acquired supplied model. Relativistic electrodynamics centrally determines the task.",1,0,single_pass_complete,2026-10-04T02:43:01.937403+00:00,"Complete actual Ortvay 2009 Q22, physical p6, inspected from valid SHA cache and all nine full-page renders. Q20 continues on p6 and Q24 on p7. Square wheel/edge/smoke geometry and intact matrix/PDE/noise formulas checked. Whole parent clauses retained. No official worked solution acquired.",content_boundary_verified,,,REJECT
raw::5928,5928,0,Ortvay,ortvay,Open,2009,Problems,numerical,23,Astronaut's cosmic reach *,source_authored,originals/ortvay/2009/Ortvay_2009_Q1-31__590303f526aa64de.pdf,3131,590303f526aa64ded5492af6c6bcc96c99e241714b2f3574cf9bbc8a16ac4bca,6,6,,https://olimpicos.net/ortvay/index.html#2009,REJECT,high,,Lifetime-limited accelerated travel in an expanding Lambda-CDM universe,Lifetime-limited accelerated travel in an expanding Lambda-CDM universe,"Proper acceleration, proper-time travel and the expanding-universe metric/parameters are not provided as an operational model. Unsupplied special/general relativity and cosmology control the requested reach.",1,0,single_pass_complete,2026-10-04T02:43:01.937418+00:00,"Complete actual Ortvay 2009 Q23, physical p6, inspected from valid SHA cache and all nine full-page renders. Q20 continues on p6 and Q24 on p7. Square wheel/edge/smoke geometry and intact matrix/PDE/noise formulas checked. Whole parent clauses retained. No official worked solution acquired.",content_boundary_verified,,,REJECT
raw::5931,5931,0,Ortvay,ortvay,Open,2009,Problems,theory,26,Scale-invariant quantum system *,source_authored,originals/ortvay/2009/Ortvay_2009_Q1-31__590303f526aa64de.pdf,3131,590303f526aa64ded5492af6c6bcc96c99e241714b2f3574cf9bbc8a16ac4bca,7,7,,https://olimpicos.net/ortvay/index.html#2009,REJECT,high,,Quantizing a scale-flow Hamiltonian and imposing a spectral condition,Quantizing a scale-flow Hamiltonian and imposing a spectral condition,"Classical scale motion is accessible, but constructing a Hermitian differential Hamiltonian, its eigenfunctions and the proposed spectral condition requires unprovided quantization/operator/domain machinery. This is the dominant dependency.",1,0,single_pass_complete,2026-10-04T02:43:01.937463+00:00,"Complete actual Ortvay 2009 Q26, physical p7, inspected from valid SHA cache and all nine full-page renders. Q20 continues on p6 and Q24 on p7. Square wheel/edge/smoke geometry and intact matrix/PDE/noise formulas checked. Whole parent clauses retained. No official worked solution acquired.",content_boundary_verified,,,REJECT
raw::5932,5932,0,Ortvay,ortvay,Open,2009,Problems,theory,27,Electron in gravitational box *,source_authored,originals/ortvay/2009/Ortvay_2009_Q1-31__590303f526aa64de.pdf,3131,590303f526aa64ded5492af6c6bcc96c99e241714b2f3574cf9bbc8a16ac4bca,7,7,,https://olimpicos.net/ortvay/index.html#2009,REJECT,high,,Gravitational quantum box eigenlevels,Gravitational quantum box eigenlevels,"Box walls and force do not supply the Schrodinger equation, operator realization, Airy eigenproblem or semiclassical quantization. Those quantum laws are the whole central task.",1,0,single_pass_complete,2026-10-04T02:43:01.937479+00:00,"Complete actual Ortvay 2009 Q27, physical p7, inspected from valid SHA cache and all nine full-page renders. Q20 continues on p6 and Q24 on p7. Square wheel/edge/smoke geometry and intact matrix/PDE/noise formulas checked. Whole parent clauses retained. No official worked solution acquired.",content_boundary_verified,,,REJECT
raw::5934,5934,0,Ortvay,ortvay,Open,2009,Problems,theory,29,BEC critical temperature corrections *,source_authored,originals/ortvay/2009/Ortvay_2009_Q1-31__590303f526aa64de.pdf,3131,590303f526aa64ded5492af6c6bcc96c99e241714b2f3574cf9bbc8a16ac4bca,8,8,,https://olimpicos.net/ortvay/index.html#2009,REJECT,high,,Bose condensation temperature and finite-size correction,Bose condensation temperature and finite-size correction,"Bosonic occupation, chemical-potential limiting criterion and oscillator quantum density of states are not supplied. Specialized quantum statistics controls both the leading temperature and correction.",1,0,single_pass_complete,2026-10-04T02:43:01.937511+00:00,"Complete actual Ortvay 2009 Q29, physical p8, inspected from valid SHA cache and all nine full-page renders. Q20 continues on p6 and Q24 on p7. Square wheel/edge/smoke geometry and intact matrix/PDE/noise formulas checked. Whole parent clauses retained. No official worked solution acquired.",content_boundary_verified,,,REJECT
raw::5935,5935,0,Ortvay,ortvay,Open,2009,Problems,theory,30,Electron wave packet in hexagonal lattice *,source_authored,originals/ortvay/2009/Ortvay_2009_Q1-31__590303f526aa64de.pdf,3131,590303f526aa64ded5492af6c6bcc96c99e241714b2f3574cf9bbc8a16ac4bca,8,8,,https://olimpicos.net/ortvay/index.html#2009,REJECT,high,,Time evolution of a two-component electronic wave packet,Time evolution of a two-component electronic wave packet,"Hamiltonian matrix elements and initial spinor are supplied, but the time-evolution rule and quantum interpretation connecting spectrum to dynamics are not. Diagonalizing alone does not determine the requested spinor packet spreading. Rendered alpha includes a square root missed by extraction.",1,0,pass_2_complete,2026-10-04T02:43:01.937526+00:00,"Complete actual Ortvay 2009 Q30, physical p8, inspected from valid SHA cache and all nine full-page renders. Q20 continues on p6 and Q24 on p7. Square wheel/edge/smoke geometry and intact matrix/PDE/noise formulas checked. Whole parent clauses retained. No official worked solution acquired.",content_boundary_verified,2026-10-04T02:45:28.651475+00:00,"Rendered alpha=sqrt(epsilon/|epsilon|); cached extraction drops the root. The missing evolution law, rather than mathematical difficulty, is the prerequisite issue. MuPDF omitted embedded mathematical glyphs on p8. Intact PDFium alternate render was inspected and hash/provenance recorded under renders/590303f526aa64de/pdfium_render_validation.json.",REJECT
raw::5884,5884,0,Ortvay,ortvay,Open,2010,Problems,theory,14,PET bottle polygon energy levels *,source_authored,originals/ortvay/2010/Ortvay_2010_Q1-35__d3634e70fd0cf70b.pdf,3130,d3634e70fd0cf70b11f615de3fc5233dd433a02514dbb6a56e69fbd5a7458143,3,3,,https://olimpicos.net/ortvay/index.html#2010,REJECT,high,,Polygonal bottle collapse requiring unsupplied elastic shell energy,Polygonal bottle collapse requiring unsupplied elastic shell energy,"Ideal-gas pressure is ordinary, but the central shape-dependent energy and buckling sequence require an unsupplied shell bending/curvature constitutive model. Homogeneous isotropic elastic material and thickness alone do not supply it.",1,0,single_pass_complete,2026-10-04T02:33:43.718728+00:00,"Complete actual Ortvay 2010 Q14, physical p3, inspected from valid SHA cache and all seven full-page renders. Chain/card/solenoid geometry, mixture graph and intact PDE/ODE/operator formulas checked. Exact Q32 cited reference additionally inspected in rendered pp1-8 and preserved with provenance/hash; no unrelated physics reference added. No acquired official solution. Whole numbered parent clauses retained.",content_boundary_verified,,,REJECT
raw::5886,5886,0,Ortvay,ortvay,Open,2010,Problems,theory,16,Elastic waves in a spherical bell *,source_authored,originals/ortvay/2010/Ortvay_2010_Q1-35__d3634e70fd0cf70b.pdf,3130,d3634e70fd0cf70b11f615de3fc5233dd433a02514dbb6a56e69fbd5a7458143,4,4,,https://olimpicos.net/ortvay/index.html#2010,REJECT,high,,Elastic spherical-shell bell modes without a supplied shell equation,Elastic spherical-shell bell modes without a supplied shell equation,"Radii and copper context do not supply the continuum stress/strain, shell flexural coupling and mode boundary model needed for emitted frequencies. That specialized elasticity is the entire central task.",1,0,single_pass_complete,2026-10-04T02:33:43.718761+00:00,"Complete actual Ortvay 2010 Q16, physical p4, inspected from valid SHA cache and all seven full-page renders. Chain/card/solenoid geometry, mixture graph and intact PDE/ODE/operator formulas checked. Exact Q32 cited reference additionally inspected in rendered pp1-8 and preserved with provenance/hash; no unrelated physics reference added. No acquired official solution. Whole numbered parent clauses retained.",content_boundary_verified,,,REJECT
raw::5888,5888,0,Ortvay,ortvay,Open,2010,Problems,experimental,18,Droplets on water surface *,source_authored,originals/ortvay/2010/Ortvay_2010_Q1-35__d3634e70fd0cf70b.pdf,3130,d3634e70fd0cf70b11f615de3fc5233dd433a02514dbb6a56e69fbd5a7458143,4,4,,https://olimpicos.net/ortvay/index.html#2010,REJECT,high,,Lifetime and interactions of noncoalescing droplets on a liquid surface,Lifetime and interactions of noncoalescing droplets on a liquid surface,"The central delay/rupture mechanism needs unsupplied air-film lubrication, viscous surface dynamics and coalescence/film constitutive assumptions. Basic surface tension and measurements alone do not specify lifetimes and driven interactions; experimental format does not change that prerequisite.",1,0,single_pass_complete,2026-10-04T02:33:43.718793+00:00,"Complete actual Ortvay 2010 Q18, physical p4, inspected from valid SHA cache and all seven full-page renders. Chain/card/solenoid geometry, mixture graph and intact PDE/ODE/operator formulas checked. Exact Q32 cited reference additionally inspected in rendered pp1-8 and preserved with provenance/hash; no unrelated physics reference added. No acquired official solution. Whole numbered parent clauses retained.",content_boundary_verified,,,REJECT
raw::5899,5899,0,Ortvay,ortvay,Open,2010,Problems,theory,29,Wiedemann–Franz law conditions *,source_authored,originals/ortvay/2010/Ortvay_2010_Q1-35__d3634e70fd0cf70b.pdf,3130,d3634e70fd0cf70b11f615de3fc5233dd433a02514dbb6a56e69fbd5a7458143,6,6,,https://olimpicos.net/ortvay/index.html#2010,REJECT,high,,Prerequisites of Wiedemann-Franz electronic transport,Prerequisites of Wiedemann-Franz electronic transport,"The law is named but its expression, fermionic occupations and relaxation/energy-dependent scattering model are not supplied. Explaining failure in heavily doped semiconductors centrally requires specialized electronic transport theory.",1,0,single_pass_complete,2026-10-04T02:33:43.718982+00:00,"Complete actual Ortvay 2010 Q29, physical p6, inspected from valid SHA cache and all seven full-page renders. Chain/card/solenoid geometry, mixture graph and intact PDE/ODE/operator formulas checked. Exact Q32 cited reference additionally inspected in rendered pp1-8 and preserved with provenance/hash; no unrelated physics reference added. No acquired official solution. Whole numbered parent clauses retained.",content_boundary_verified,,,REJECT
raw::5900,5900,0,Ortvay,ortvay,Open,2010,Problems,theory,30,Light paths in spherical gravity *,source_authored,originals/ortvay/2010/Ortvay_2010_Q1-35__d3634e70fd0cf70b.pdf,3130,d3634e70fd0cf70b11f615de3fc5233dd433a02514dbb6a56e69fbd5a7458143,6,6,,https://olimpicos.net/ortvay/index.html#2010,REJECT,high,,All gravitational light trajectories around a spherical source,All gravitational light trajectories around a spherical source,No spacetime metric or null-geodesic equations are supplied. The requested paths and closed-light-orbit existence require unsupplied GR throughout.,1,0,single_pass_complete,2026-10-04T02:33:43.719001+00:00,"Complete actual Ortvay 2010 Q30, physical p6, inspected from valid SHA cache and all seven full-page renders. Chain/card/solenoid geometry, mixture graph and intact PDE/ODE/operator formulas checked. Exact Q32 cited reference additionally inspected in rendered pp1-8 and preserved with provenance/hash; no unrelated physics reference added. No acquired official solution. Whole numbered parent clauses retained.",content_boundary_verified,,,REJECT
raw::5901,5901,0,Ortvay,ortvay,Open,2010,Problems,numerical,31,Spaceships falling into a black hole *,source_authored,originals/ortvay/2010/Ortvay_2010_Q1-35__d3634e70fd0cf70b.pdf,3130,d3634e70fd0cf70b11f615de3fc5233dd433a02514dbb6a56e69fbd5a7458143,6,6,,https://olimpicos.net/ortvay/index.html#2010,REJECT,high,,Mutual images and signal timing for four black-hole infallers,Mutual images and signal timing for four black-hole infallers,"Initial fall geometry is supplied, but Schwarzschild geodesics, null-ray connection, observer tetrads and proper-time/Doppler transformations are not. Those GR prerequisites control all requested images, lengths and communications.",1,0,single_pass_complete,2026-10-04T02:33:43.719016+00:00,"Complete actual Ortvay 2010 Q31, physical p6, inspected from valid SHA cache and all seven full-page renders. Chain/card/solenoid geometry, mixture graph and intact PDE/ODE/operator formulas checked. Exact Q32 cited reference additionally inspected in rendered pp1-8 and preserved with provenance/hash; no unrelated physics reference added. No acquired official solution. Whole numbered parent clauses retained.",content_boundary_verified,,,REJECT
raw::5903,5903,0,Ortvay,ortvay,Open,2010,Problems,theory,33,Absorption spectra of quantum boxes *,source_authored,originals/ortvay/2010/Ortvay_2010_Q1-35__d3634e70fd0cf70b.pdf,3130,d3634e70fd0cf70b11f615de3fc5233dd433a02514dbb6a56e69fbd5a7458143,7,7,,https://olimpicos.net/ortvay/index.html#2010,REJECT,high,,Polarization-resolved quantum-box absorption via an unsupplied golden rule,Polarization-resolved quantum-box absorption via an unsupplied golden rule,"Box geometry alone does not supply quantum eigenfunctions, electric-dipole matrix elements or the Fermi golden absorption rule. These specialized quantum prerequisites centrally determine every line/intensity comparison.",1,0,single_pass_complete,2026-10-04T02:33:43.719048+00:00,"Complete actual Ortvay 2010 Q33, physical p7, inspected from valid SHA cache and all seven full-page renders. Chain/card/solenoid geometry, mixture graph and intact PDE/ODE/operator formulas checked. Exact Q32 cited reference additionally inspected in rendered pp1-8 and preserved with provenance/hash; no unrelated physics reference added. No acquired official solution. Whole numbered parent clauses retained.",content_boundary_verified,,,REJECT
raw::5845,5845,0,Ortvay,ortvay,Open,2011,Problems,theory,17,Rotating sphere elastic deformation *,source_authored,originals/ortvay/2011/Ortvay_2011_Q1-42__921a45f84d216221.pdf,3129,921a45f84d216221c6f65a042d1e68b8c9dab59260ecd88b2ea0bbe73df28e74,4,4,,https://olimpicos.net/ortvay/index.html#2011,REJECT,high,,Rotating solid-sphere deformation requiring unsupplied continuum elasticity,Rotating solid-sphere deformation requiring unsupplied continuum elasticity,Naming Hooke law does not supply tensor stress-strain/Poisson response or the Navier-Lame elastic boundary equations for a distributed 3D deformation. That substantial continuum elastic model is central to both polar and equatorial displacement.,1,0,pass_2_complete,2026-10-04T02:23:44.328240+00:00,"Complete actual registered Ortvay 2011 Q17, physical p4, read from verified SHA cache and all nine rendered pages. Exact sunrise table, spring-defect geometry, operator/dispersion formulas and climate diagram inspected. Source heading misprints 2010; registered provenance retained. Q40 original CDC-linked life table additionally preserved/read. All lettered/numbered internal clauses remain whole tasks; organizer archive provides no acquired worked solution.",content_boundary_verified,2026-10-04T02:26:19.111255+00:00,Scalar Hooke-law name does not provide tensor elasticity/Poisson response needed for the rotating solid sphere. Physical header prints contest year 2010 although registered official-year source is 2011 and contained observation dates extend into 2011; raw/provenance not changed.,REJECT
raw::5847,5847,0,Ortvay,ortvay,Open,2011,Problems,theory,19,Navier-Stokes symmetry under blowing *,source_authored,originals/ortvay/2011/Ortvay_2011_Q1-42__921a45f84d216221.pdf,3129,921a45f84d216221c6f65a042d1e68b8c9dab59260ecd88b2ea0bbe73df28e74,4,4,,https://olimpicos.net/ortvay/index.html#2011,REJECT,high,,Blowing versus suction through unsupplied Navier-Stokes symmetry,Blowing versus suction through unsupplied Navier-Stokes symmetry,"The full task explicitly demands properties of a named viscous nonlinear continuum-flow equation, but does not supply it or its boundary/viscosity model. That specialized hydrodynamic law is the central prerequisite.",1,0,single_pass_complete,2026-10-04T02:23:44.328272+00:00,"Complete actual registered Ortvay 2011 Q19, physical p4, read from verified SHA cache and all nine rendered pages. Exact sunrise table, spring-defect geometry, operator/dispersion formulas and climate diagram inspected. Source heading misprints 2010; registered provenance retained. Q40 original CDC-linked life table additionally preserved/read. All lettered/numbered internal clauses remain whole tasks; organizer archive provides no acquired worked solution.",content_boundary_verified,, Physical header prints contest year 2010 although registered official-year source is 2011 and contained observation dates extend into 2011; raw/provenance not changed.,REJECT
raw::5852,5852,0,Ortvay,ortvay,Open,2011,Problems,numerical,24,Antimatter rocket optimization *,source_authored,originals/ortvay/2011/Ortvay_2011_Q1-42__921a45f84d216221.pdf,3129,921a45f84d216221c6f65a042d1e68b8c9dab59260ecd88b2ea0bbe73df28e74,5,5,,https://olimpicos.net/ortvay/index.html#2011,REJECT,high,,Antimatter rocket optimization at relativistic cruise speed,Antimatter rocket optimization at relativistic cruise speed,"Complete fuel-efficiency rules are given, but relativistic exhaust momentum, spacecraft variable-mass equations and proper-acceleration/power transformations are not. Those unsupplied SR dependencies centrally determine optimal fuel and the requested full mission.",1,0,single_pass_complete,2026-10-04T02:23:44.328371+00:00,"Complete actual registered Ortvay 2011 Q24, physical p5, read from verified SHA cache and all nine rendered pages. Exact sunrise table, spring-defect geometry, operator/dispersion formulas and climate diagram inspected. Source heading misprints 2010; registered provenance retained. Q40 original CDC-linked life table additionally preserved/read. All lettered/numbered internal clauses remain whole tasks; organizer archive provides no acquired worked solution.",content_boundary_verified,, Physical header prints contest year 2010 although registered official-year source is 2011 and contained observation dates extend into 2011; raw/provenance not changed.,REJECT
raw::5853,5853,0,Ortvay,ortvay,Open,2011,Problems,theory,25,Nordström gravity Kepler orbit *,source_authored,originals/ortvay/2011/Ortvay_2011_Q1-42__921a45f84d216221.pdf,3129,921a45f84d216221c6f65a042d1e68b8c9dab59260ecd88b2ea0bbe73df28e74,5,5,,https://olimpicos.net/ortvay/index.html#2011,REJECT,high,,Nordstrom scalar-relativistic bound orbits with a partial force law,Nordstrom scalar-relativistic bound orbits with a partial force law,"A scalar four-force is supplied but four-velocity normalization, mass coupling, energy definitions and proper-to-coordinate-time transformations are not. Central orbit dynamics requires those unsupplied relativistic rules.",1,0,single_pass_complete,2026-10-04T02:23:44.328387+00:00,"Complete actual registered Ortvay 2011 Q25, physical p5, read from verified SHA cache and all nine rendered pages. Exact sunrise table, spring-defect geometry, operator/dispersion formulas and climate diagram inspected. Source heading misprints 2010; registered provenance retained. Q40 original CDC-linked life table additionally preserved/read. All lettered/numbered internal clauses remain whole tasks; organizer archive provides no acquired worked solution.",content_boundary_verified,, Physical header prints contest year 2010 although registered official-year source is 2011 and contained observation dates extend into 2011; raw/provenance not changed.,REJECT
raw::5854,5854,0,Ortvay,ortvay,Open,2011,Problems,theory,26,Hypergravitational force and relativistic motion *,source_authored,originals/ortvay/2011/Ortvay_2011_Q1-42__921a45f84d216221.pdf,3129,921a45f84d216221c6f65a042d1e68b8c9dab59260ecd88b2ea0bbe73df28e74,5,5,,https://olimpicos.net/ortvay/index.html#2011,REJECT,high,,Inverse-rest-mass hypergravity with relativistic evolution,Inverse-rest-mass hypergravity with relativistic evolution,"One four-force formula is supplied, but changing invariant mass/energy, proper time and relativistic momentum definitions are not. These control the particle fate and onset of the explicitly asked relativistic effects.",1,0,single_pass_complete,2026-10-04T02:23:44.328404+00:00,"Complete actual registered Ortvay 2011 Q26, physical p5, read from verified SHA cache and all nine rendered pages. Exact sunrise table, spring-defect geometry, operator/dispersion formulas and climate diagram inspected. Source heading misprints 2010; registered provenance retained. Q40 original CDC-linked life table additionally preserved/read. All lettered/numbered internal clauses remain whole tasks; organizer archive provides no acquired worked solution.",content_boundary_verified,, Physical header prints contest year 2010 although registered official-year source is 2011 and contained observation dates extend into 2011; raw/provenance not changed.,REJECT
raw::5858,5858,0,Ortvay,ortvay,Open,2011,Problems,theory,30,Dimerized chain tight-binding model *,source_authored,originals/ortvay/2011/Ortvay_2011_Q1-42__921a45f84d216221.pdf,3129,921a45f84d216221c6f65a042d1e68b8c9dab59260ecd88b2ea0bbe73df28e74,6,6,,https://olimpicos.net/ortvay/index.html#2011,REJECT,high,,Electronic Peierls dimerization requiring unsupplied tight-binding and filling rules,Electronic Peierls dimerization requiring unsupplied tight-binding and filling rules,"Hopping dependence and elastic cost are given, but electronic Hamiltonian action, band derivation, fermionic filling and ground-state energy integral rules are not. They centrally determine all dispersions and the dimerization optimum.",1,0,single_pass_complete,2026-10-04T02:23:44.328485+00:00,"Complete actual registered Ortvay 2011 Q30, physical p6, read from verified SHA cache and all nine rendered pages. Exact sunrise table, spring-defect geometry, operator/dispersion formulas and climate diagram inspected. Source heading misprints 2010; registered provenance retained. Q40 original CDC-linked life table additionally preserved/read. All lettered/numbered internal clauses remain whole tasks; organizer archive provides no acquired worked solution.",content_boundary_verified,, Physical header prints contest year 2010 although registered official-year source is 2011 and contained observation dates extend into 2011; raw/provenance not changed.,REJECT
raw::5859,5859,0,Ortvay,ortvay,Open,2011,Problems,theory,31,Electron in harmonic trap with magnetic field *,source_authored,originals/ortvay/2011/Ortvay_2011_Q1-42__921a45f84d216221.pdf,3129,921a45f84d216221c6f65a042d1e68b8c9dab59260ecd88b2ea0bbe73df28e74,6,6,,https://olimpicos.net/ortvay/index.html#2011,REJECT,high,,Electron orbitals and spin-orbit response under an unsupplied Pauli equation,Electron orbitals and spin-orbit response under an unsupplied Pauli equation,"Field and confinement are given, but Pauli dynamics, magnetic minimal coupling, quantum perturbation and measurement rules are not. They dominate orbital calculation and Stern-Gerlach interpretation.",1,0,single_pass_complete,2026-10-04T02:23:44.328500+00:00,"Complete actual registered Ortvay 2011 Q31, physical p6, read from verified SHA cache and all nine rendered pages. Exact sunrise table, spring-defect geometry, operator/dispersion formulas and climate diagram inspected. Source heading misprints 2010; registered provenance retained. Q40 original CDC-linked life table additionally preserved/read. All lettered/numbered internal clauses remain whole tasks; organizer archive provides no acquired worked solution.",content_boundary_verified,, Physical header prints contest year 2010 although registered official-year source is 2011 and contained observation dates extend into 2011; raw/provenance not changed.,REJECT
raw::5860,5860,0,Ortvay,ortvay,Open,2011,Problems,theory,32,Massless fermion scattering on spin *,source_authored,originals/ortvay/2011/Ortvay_2011_Q1-42__921a45f84d216221.pdf,3129,921a45f84d216221c6f65a042d1e68b8c9dab59260ecd88b2ea0bbe73df28e74,6,6,,https://olimpicos.net/ortvay/index.html#2011,REJECT,high,,Dirac versus Schrodinger spin scattering from formal Hamiltonians,Dirac versus Schrodinger spin scattering from formal Hamiltonians,"Formal Hamiltonians alone do not supply momentum/Pauli representations, wavefunction evolution, delta matching and flux/probability rules. Those unsupplied quantum prerequisites control the whole scattering matrix comparison.",1,0,single_pass_complete,2026-10-04T02:23:44.328515+00:00,"Complete actual registered Ortvay 2011 Q32, physical p6, read from verified SHA cache and all nine rendered pages. Exact sunrise table, spring-defect geometry, operator/dispersion formulas and climate diagram inspected. Source heading misprints 2010; registered provenance retained. Q40 original CDC-linked life table additionally preserved/read. All lettered/numbered internal clauses remain whole tasks; organizer archive provides no acquired worked solution.",content_boundary_verified,, Physical header prints contest year 2010 although registered official-year source is 2011 and contained observation dates extend into 2011; raw/provenance not changed.,REJECT
raw::5861,5861,0,Ortvay,ortvay,Open,2011,Problems,numerical,33,Generalized Dirac Landau levels *,source_authored,originals/ortvay/2011/Ortvay_2011_Q1-42__921a45f84d216221.pdf,3129,921a45f84d216221c6f65a042d1e68b8c9dab59260ecd88b2ea0bbe73df28e74,6,6,,https://olimpicos.net/ortvay/index.html#2011,REJECT,high,,Arbitrary-spin Dirac Landau spectra and quantum ladder algebra,Arbitrary-spin Dirac Landau spectra and quantum ladder algebra,"A symbolic spin-momentum Hamiltonian is given, but spin-matrix representations, magnetic minimal coupling, creation-operator commutators and quantum Landau reduction are not. Those central prerequisites are unsupplied despite the code-writing format.",1,0,single_pass_complete,2026-10-04T02:23:44.328530+00:00,"Complete actual registered Ortvay 2011 Q33, physical p6, read from verified SHA cache and all nine rendered pages. Exact sunrise table, spring-defect geometry, operator/dispersion formulas and climate diagram inspected. Source heading misprints 2010; registered provenance retained. Q40 original CDC-linked life table additionally preserved/read. All lettered/numbered internal clauses remain whole tasks; organizer archive provides no acquired worked solution.",content_boundary_verified,, Physical header prints contest year 2010 although registered official-year source is 2011 and contained observation dates extend into 2011; raw/provenance not changed.,REJECT
raw::5867,5867,0,Ortvay,ortvay,Open,2011,Problems,numerical,39,Neutrino time delay in gravity *,source_authored,originals/ortvay/2011/Ortvay_2011_Q1-42__921a45f84d216221.pdf,3129,921a45f84d216221c6f65a042d1e68b8c9dab59260ecd88b2ea0bbe73df28e74,7,7,,https://olimpicos.net/ortvay/index.html#2011,REJECT,high,,Gravitational neutrino travel-time correction requiring unsupplied GR,Gravitational neutrino travel-time correction requiring unsupplied GR,"Only distance, alleged time anomaly and potential context are supplied. Spacetime/light-travel delay and observer clock rules are not; these GR prerequisites are the complete correction mechanism.",1,0,single_pass_complete,2026-10-04T02:23:44.328624+00:00,"Complete actual registered Ortvay 2011 Q39, physical p7, read from verified SHA cache and all nine rendered pages. Exact sunrise table, spring-defect geometry, operator/dispersion formulas and climate diagram inspected. Source heading misprints 2010; registered provenance retained. Q40 original CDC-linked life table additionally preserved/read. All lettered/numbered internal clauses remain whole tasks; organizer archive provides no acquired worked solution.",content_boundary_verified,, Physical header prints contest year 2010 although registered official-year source is 2011 and contained observation dates extend into 2011; raw/provenance not changed.,REJECT
raw::5819,5819,0,Ortvay,ortvay,Open,2012,Problems,theory,20,Variable speed of light and lensing *,source_authored,originals/ortvay/2012/Ortvay_2012_Q1-29__27978754087b356f.pdf,3128,27978754087b356f1620ada9c9ad17885fcd8a698bed96b9d24cfb7a37cc7056,4,4,,https://olimpicos.net/ortvay/index.html#2012,REJECT,high,,Refractive-speed model fitted to an unsupplied GR lensing target,Refractive-speed model fitted to an unsupplied GR lensing target,"Classical ray propagation for c(Phi) is conventional, but the exact GR lensing law and even the weak-field target relation are not supplied. Deriving that comparison centrally needs unsupplied metric/geodesic physics; no unrelated lookup is used to make it contestant-supplied.",1,0,pass_2_complete,2026-10-04T02:16:32.010930+00:00,"Complete actual Ortvay 2012 Q20, physical p4, read from valid SHA cache and all six full-page renders. Broken extraction loses letters/units/layout: rendered source is authoritative, including Q12 cm dimensions and Q25 trace formula. Q29 explicitly linked chart recovered, parsed and visually inspected; both source revisions and attribution preserved. Whole parent clauses kept; no acquired official worked solution.",content_boundary_verified,2026-10-04T02:17:21.368231+00:00,Classical c(Phi) model supplied only qualitatively; target exact/weak-field GR deflection is not supplied.,REJECT
raw::5820,5820,0,Ortvay,ortvay,Open,2012,Problems,theory,21,Moving observer and star mass *,source_authored,originals/ortvay/2012/Ortvay_2012_Q1-29__27978754087b356f.pdf,3128,27978754087b356f1620ada9c9ad17885fcd8a698bed96b9d24cfb7a37cc7056,4,4,,https://olimpicos.net/ortvay/index.html#2012,REJECT,high,,Energy and momentum of a boosted Schwarzschild star plus gravitational field,Energy and momentum of a boosted Schwarzschild star plus gravitational field,"Metric, relativistic energy-momentum transformation and definitions of total GR mass/field energy are not supplied. They are the sole substantive physical prerequisites.",1,0,single_pass_complete,2026-10-04T02:16:32.010947+00:00,"Complete actual Ortvay 2012 Q21, physical p4, read from valid SHA cache and all six full-page renders. Broken extraction loses letters/units/layout: rendered source is authoritative, including Q12 cm dimensions and Q25 trace formula. Q29 explicitly linked chart recovered, parsed and visually inspected; both source revisions and attribution preserved. Whole parent clauses kept; no acquired official worked solution.",content_boundary_verified,,,REJECT
raw::5821,5821,0,Ortvay,ortvay,Open,2012,Problems,experimental,22,Determining an unknown spin-1 state *,source_authored,originals/ortvay/2012/Ortvay_2012_Q1-29__27978754087b356f.pdf,3128,27978754087b356f1620ada9c9ad17885fcd8a698bed96b9d24cfb7a37cc7056,4,4,,https://olimpicos.net/ortvay/index.html#2012,REJECT,high,,Tomography of an unknown spin-one quantum state,Tomography of an unknown spin-one quantum state,"The measurement design requires unsupplied quantum state-density, analyzer probabilities and spin-observable rules. Experimental format is eligible in principle, but its actual physics is specialized quantum measurement throughout.",1,0,single_pass_complete,2026-10-04T02:16:32.010964+00:00,"Complete actual Ortvay 2012 Q22, physical p4, read from valid SHA cache and all six full-page renders. Broken extraction loses letters/units/layout: rendered source is authoritative, including Q12 cm dimensions and Q25 trace formula. Q29 explicitly linked chart recovered, parsed and visually inspected; both source revisions and attribution preserved. Whole parent clauses kept; no acquired official worked solution.",content_boundary_verified,,,REJECT
raw::5822,5822,0,Ortvay,ortvay,Open,2012,Problems,theory,23,Electron spin in helical magnetic field *,source_authored,originals/ortvay/2012/Ortvay_2012_Q1-29__27978754087b356f.pdf,3128,27978754087b356f1620ada9c9ad17885fcd8a698bed96b9d24cfb7a37cc7056,4,4,,https://olimpicos.net/ortvay/index.html#2012,REJECT,high,,Electron spin states and coherent evolution in a rotating magnetic texture,Electron spin states and coherent evolution in a rotating magnetic texture,"The classical B field is supplied, but spin Hamiltonian/operators, eigenstate probability and unitary dynamics are not. Those central quantum prerequisites control all three parts.",1,0,single_pass_complete,2026-10-04T02:16:32.010980+00:00,"Complete actual Ortvay 2012 Q23, physical p4, read from valid SHA cache and all six full-page renders. Broken extraction loses letters/units/layout: rendered source is authoritative, including Q12 cm dimensions and Q25 trace formula. Q29 explicitly linked chart recovered, parsed and visually inspected; both source revisions and attribution preserved. Whole parent clauses kept; no acquired official worked solution.",content_boundary_verified,,,REJECT
raw::5825,5825,0,Ortvay,ortvay,Open,2012,Problems,numerical,26,Muon accelerator survival and Higgs *,source_authored,originals/ortvay/2012/Ortvay_2012_Q1-29__27978754087b356f.pdf,3128,27978754087b356f1620ada9c9ad17885fcd8a698bed96b9d24cfb7a37cc7056,5,5,,https://olimpicos.net/ortvay/index.html#2012,REJECT,high,,Relativistic muon accelerator survival and radiation constraints,Relativistic muon accelerator survival and radiation constraints,"Work eE0L and decay context are supplied, but proper-time dilation, relativistic momentum/energy and synchrotron radiation scaling are not. They are central to survival fraction, maximum energy, storage radius and loss comparison.",1,0,single_pass_complete,2026-10-04T02:16:32.011028+00:00,"Complete actual Ortvay 2012 Q26, physical p5, read from valid SHA cache and all six full-page renders. Broken extraction loses letters/units/layout: rendered source is authoritative, including Q12 cm dimensions and Q25 trace formula. Q29 explicitly linked chart recovered, parsed and visually inspected; both source revisions and attribution preserved. Whole parent clauses kept; no acquired official worked solution.",content_boundary_verified,,,REJECT
raw::5779,5779,0,Ortvay,ortvay,Open,2013,Problems,theory,11,Vibrating cantilever beam frequencies *,source_authored,originals/ortvay/2013/Ortvay_2013_Q1-31__a06a04612e4367c1.pdf,3127,a06a04612e4367c148e4c69115c232983b8e6ed221ecb8007091713115091a59,2,2,,https://olimpicos.net/ortvay/index.html#2013,REJECT,high,,Clamped flexible-beam mode spectrum with an attached tip mass,Clamped flexible-beam mode spectrum with an attached tip mass,"Young modulus is supplied but the bending moment-curvature law, flexural beam PDE and free/tip-mass boundary rules are not. They centrally determine every resonance/design/detuning part; scalar Hooke extension does not supply the required model.",1,0,single_pass_complete,2026-10-04T02:09:49.954129+00:00,"Complete actual Ortvay 2013 Q11, physical pp2-2, read from verified SHA cache and all seven full-page renders. Pulley/LC geometry and intact field/index/dispersion formulas inspected. Q31 continuation preserved under its parent. Original organizer archive has no worked solution; original source-linked Q26 homework availability checked separately.",content_boundary_verified,,,REJECT
raw::5792,5792,0,Ortvay,ortvay,Open,2013,Problems,theory,24,Free fall in Nordström gravity *,source_authored,originals/ortvay/2013/Ortvay_2013_Q1-31__a06a04612e4367c1.pdf,3127,a06a04612e4367c148e4c69115c232983b8e6ed221ecb8007091713115091a59,5,5,,https://olimpicos.net/ortvay/index.html#2013,REJECT,high,,Nordstrom free fall requiring unsupplied relativistic normalization,Nordstrom free fall requiring unsupplied relativistic normalization,"A four-force expression is provided, but four-velocity normalization, proper versus laboratory time and variable rest-mass/energy rules are not operationally supplied. They centrally determine acceleration, elapsed times and impact speed.",1,0,single_pass_complete,2026-10-04T02:09:49.954342+00:00,"Complete actual Ortvay 2013 Q24, physical pp5-5, read from verified SHA cache and all seven full-page renders. Pulley/LC geometry and intact field/index/dispersion formulas inspected. Q31 continuation preserved under its parent. Original organizer archive has no worked solution; original source-linked Q26 homework availability checked separately.",content_boundary_verified,,,REJECT
raw::5795,5795,0,Ortvay,ortvay,Open,2013,Problems,theory,27,Finite matrices in quantum theory *,source_authored,originals/ortvay/2013/Ortvay_2013_Q1-31__a06a04612e4367c1.pdf,3127,a06a04612e4367c148e4c69115c232983b8e6ed221ecb8007091713115091a59,6,6,,https://olimpicos.net/ortvay/index.html#2013,REJECT,high,,Validity of finite effective matrices despite canonical quantum commutators,Validity of finite effective matrices despite canonical quantum commutators,"The relation is named rather than written. A finite-matrix trace proof is mathematical, but the central physical explanation of effective graphene matrices versus canonical Hilbert-space observables needs unsupplied projection/pseudospin and quantum representation theory.",1,0,pass_2_complete,2026-10-04T02:09:49.954401+00:00,"Complete actual Ortvay 2013 Q27, physical pp6-6, read from verified SHA cache and all seven full-page renders. Pulley/LC geometry and intact field/index/dispersion formulas inspected. Q31 continuation preserved under its parent. Original organizer archive has no worked solution; original source-linked Q26 homework availability checked separately.",content_boundary_verified,2026-10-04T02:10:29.536757+00:00,,REJECT
raw::5797,5797,0,Ortvay,ortvay,Open,2013,Problems,theory,29,Electron in a 1D box *,source_authored,originals/ortvay/2013/Ortvay_2013_Q1-31__a06a04612e4367c1.pdf,3127,a06a04612e4367c148e4c69115c232983b8e6ed221ecb8007091713115091a59,6,6,,https://olimpicos.net/ortvay/index.html#2013,REJECT,high,,Pigment colour from confined fermionic electron energy levels,Pigment colour from confined fermionic electron energy levels,"A geometric confinement story is supplied, but box quantum spectra, spin/Pauli filling and multi-electron excitation rules are not. Those unsupplied prerequisites centrally determine all absorption wavelengths and colour predictions.",1,0,single_pass_complete,2026-10-04T02:09:49.954432+00:00,"Complete actual Ortvay 2013 Q29, physical pp6-6, read from verified SHA cache and all seven full-page renders. Pulley/LC geometry and intact field/index/dispersion formulas inspected. Q31 continuation preserved under its parent. Original organizer archive has no worked solution; original source-linked Q26 homework availability checked separately.",content_boundary_verified,,"Text first says n even but compares n=9,11,13; electron/atom indices are inconsistent in source. Quantum spectrum/filling prerequisite remains unsupplied.",REJECT
raw::5798,5798,0,Ortvay,ortvay,Open,2013,Problems,theory,30,Landau levels in two-material slab *,source_authored,originals/ortvay/2013/Ortvay_2013_Q1-31__a06a04612e4367c1.pdf,3127,a06a04612e4367c148e4c69115c232983b8e6ed221ecb8007091713115091a59,6,6,,https://olimpicos.net/ortvay/index.html#2013,REJECT,high,,Landau spectrum with discontinuous effective electron mass,Landau spectrum with discontinuous effective electron mass,"The formal kinetic Hamiltonian and mass profile are supplied, but momentum representation, magnetic minimal coupling, quantum boundary matching and Landau quantization are not. These specialized quantum dependencies dominate the sole spectrum task.",1,0,single_pass_complete,2026-10-04T02:09:49.954448+00:00,"Complete actual Ortvay 2013 Q30, physical pp6-6, read from verified SHA cache and all seven full-page renders. Pulley/LC geometry and intact field/index/dispersion formulas inspected. Q31 continuation preserved under its parent. Original organizer archive has no worked solution; original source-linked Q26 homework availability checked separately.",content_boundary_verified,,,REJECT
raw::5799,5799,0,Ortvay,ortvay,Open,2013,Problems,numerical,31,Photon pressure on relativistic spaceship *,source_authored,originals/ortvay/2013/Ortvay_2013_Q1-31__a06a04612e4367c1.pdf,3127,a06a04612e4367c148e4c69115c232983b8e6ed221ecb8007091713115091a59,6,7,,https://olimpicos.net/ortvay/index.html#2013,REJECT,high,,Near-light-speed photon and particle drag on a spaceship,Near-light-speed photon and particle drag on a spaceship,"Full statement spans pp6-7. Relativistic Doppler/aberration, flux transformation and particle energy-momentum relations are not provided. They centrally determine high-speed pressure and saturation; the v-to-zero check does not make the whole task classical.",1,0,single_pass_complete,2026-10-04T02:09:49.954465+00:00,"Complete actual Ortvay 2013 Q31, physical pp6-7, read from verified SHA cache and all seven full-page renders. Pulley/LC geometry and intact field/index/dispersion formulas inspected. Q31 continuation preserved under its parent. Original organizer archive has no worked solution; original source-linked Q26 homework availability checked separately.",content_boundary_verified,,No relativistic force/flux model or spectrum/material numerical data supplied; literature permission for estimates does not supply the missing law.,REJECT
raw::5743,5743,0,Ortvay,ortvay,Open,2014,Problems,theory,10,Stagnation points on Kutta-Zhukovsky airfoil *,source_authored,originals/ortvay/2014/Ortvay_2014_Q1-35__5204c77cb968fc02.pdf,3126,5204c77cb968fc02e9f795cdd5ced23a5334a6d61b0a50e638f58ced643adeb3,2,2,,https://olimpicos.net/ortvay/index.html#2014,REJECT,high,,Mapped airfoil stagnation points under a finite-velocity trailing-edge condition,Mapped airfoil stagnation points under a finite-velocity trailing-edge condition,"A conformal map alone does not supply the potential-flow/circulation model, complex velocity field or Kutta condition selecting circulation. These specialized hydrodynamic prerequisites are central to every stagnation-point result.",1,0,pass_2_complete,2026-10-04T02:04:51.238655+00:00,"Complete actual Ortvay 2014 Q10, physical p2, inspected from valid SHA cache and full render. All seven physical pages inspected for boundaries and diagrams. No worked official solution linked by original year directory; official organizer availability review retained. Q34 essential linked image missing; Q35 original DR7 query/data access verified.",content_boundary_verified,2026-10-04T02:05:50.706814+00:00,,REJECT
raw::5753,5753,0,Ortvay,ortvay,Open,2014,Problems,theory,20,Magnet bending a clamped rod *,source_authored,originals/ortvay/2014/Ortvay_2014_Q1-35__5204c77cb968fc02.pdf,3126,5204c77cb968fc02e9f795cdd5ced23a5334a6d61b0a50e638f58ced643adeb3,4,4,,https://olimpicos.net/ortvay/index.html#2014,REJECT,high,,Magnetically loaded clamped copper beam deflection,Magnetically loaded clamped copper beam deflection,"Ordinary magnetic force can be computed, but the central distributed deflection requires an unsupplied bending moment-curvature/beam equation and its section-dependent stiffness. Permission to look up material constants does not supply that specialized elastic model.",1,0,pass_2_complete,2026-10-04T02:04:51.238829+00:00,"Complete actual Ortvay 2014 Q20, physical p4, inspected from valid SHA cache and full render. All seven physical pages inspected for boundaries and diagrams. No worked official solution linked by original year directory; official organizer availability review retained. Q34 essential linked image missing; Q35 original DR7 query/data access verified.",content_boundary_verified,2026-10-04T02:05:50.706178+00:00,"Tables supply constants, not the missing beam moment-curvature law.",REJECT
raw::5757,5757,0,Ortvay,ortvay,Open,2014,Problems,theory,24,Relativistic particle exchange *,source_authored,originals/ortvay/2014/Ortvay_2014_Q1-35__5204c77cb968fc02.pdf,3126,5204c77cb968fc02e9f795cdd5ced23a5334a6d61b0a50e638f58ced643adeb3,4,4,,https://olimpicos.net/ortvay/index.html#2014,REJECT,high,,Rest mass of a mediator in a relativistic velocity exchange,Rest mass of a mediator in a relativistic velocity exchange,The masses/velocities are constrained but four-momentum and invariant-mass relations are not supplied. Unsupplied special-relativistic kinematics structurally controls the whole result.,1,0,single_pass_complete,2026-10-04T02:04:51.238895+00:00,"Complete actual Ortvay 2014 Q24, physical p4, inspected from valid SHA cache and full render. All seven physical pages inspected for boundaries and diagrams. No worked official solution linked by original year directory; official organizer availability review retained. Q34 essential linked image missing; Q35 original DR7 query/data access verified.",content_boundary_verified,,,REJECT
raw::5758,5758,0,Ortvay,ortvay,Open,2014,Problems,theory,25,Vertical throw in Schwarzschild field *,source_authored,originals/ortvay/2014/Ortvay_2014_Q1-35__5204c77cb968fc02.pdf,3126,5204c77cb968fc02e9f795cdd5ced23a5334a6d61b0a50e638f58ced643adeb3,4,4,,https://olimpicos.net/ortvay/index.html#2014,REJECT,high,,Exact radial throwing in Schwarzschild coordinates,Exact radial throwing in Schwarzschild coordinates,"Neither metric nor geodesic/time normalization equations are supplied. Exact GR dynamics is the central request, beyond the Newtonian comparison substep.",1,0,single_pass_complete,2026-10-04T02:04:51.238910+00:00,"Complete actual Ortvay 2014 Q25, physical p4, inspected from valid SHA cache and full render. All seven physical pages inspected for boundaries and diagrams. No worked official solution linked by original year directory; official organizer availability review retained. Q34 essential linked image missing; Q35 original DR7 query/data access verified.",content_boundary_verified,,,REJECT
raw::5759,5759,0,Ortvay,ortvay,Open,2014,Problems,theory,26,Spaceships falling into a black hole *,source_authored,originals/ortvay/2014/Ortvay_2014_Q1-35__5204c77cb968fc02.pdf,3126,5204c77cb968fc02e9f795cdd5ced23a5334a6d61b0a50e638f58ced643adeb3,5,5,,https://olimpicos.net/ortvay/index.html#2014,REJECT,high,,Relative local motion of two black-hole infallers,Relative local motion of two black-hole infallers,"Schwarzschild geodesics, local tetrad/inertial-frame construction and horizon observation rules are not given. They dominate the complete mutual-observer task.",1,0,single_pass_complete,2026-10-04T02:04:51.238925+00:00,"Complete actual Ortvay 2014 Q26, physical p5, inspected from valid SHA cache and full render. All seven physical pages inspected for boundaries and diagrams. No worked official solution linked by original year directory; official organizer availability review retained. Q34 essential linked image missing; Q35 original DR7 query/data access verified.",content_boundary_verified,,,REJECT
raw::5760,5760,0,Ortvay,ortvay,Open,2014,Problems,theory,27,Swiss cheese hollow sphere *,source_authored,originals/ortvay/2014/Ortvay_2014_Q1-35__5204c77cb968fc02.pdf,3126,5204c77cb968fc02e9f795cdd5ced23a5334a6d61b0a50e638f58ced643adeb3,5,5,,https://olimpicos.net/ortvay/index.html#2014,REJECT,high,,Causality and geometry of a cosmological swiss-cheese solution,Causality and geometry of a cosmological swiss-cheese solution,"The named FRW/Einstein model is not operationally supplied through metric, matching or geodesic equations. Those GR prerequisites are central to all three assertions.",1,0,single_pass_complete,2026-10-04T02:04:51.238943+00:00,"Complete actual Ortvay 2014 Q27, physical p5, inspected from valid SHA cache and full render. All seven physical pages inspected for boundaries and diagrams. No worked official solution linked by original year directory; official organizer availability review retained. Q34 essential linked image missing; Q35 original DR7 query/data access verified.",content_boundary_verified,,,REJECT
raw::5761,5761,0,Ortvay,ortvay,Open,2014,Problems,theory,28,Quantum particle in inverse-square potential *,source_authored,originals/ortvay/2014/Ortvay_2014_Q1-35__5204c77cb968fc02.pdf,3126,5204c77cb968fc02e9f795cdd5ced23a5334a6d61b0a50e638f58ced643adeb3,5,5,,https://olimpicos.net/ortvay/index.html#2014,REJECT,high,,Quantum singular oscillator spectrum and dimensional generalization,Quantum singular oscillator spectrum and dimensional generalization,"Only the potential is supplied. Schrodinger dynamics, quantum domains, eigenfunction interpretation and spectral rules are unsupplied and control the meaningful work.",1,0,single_pass_complete,2026-10-04T02:04:51.238958+00:00,"Complete actual Ortvay 2014 Q28, physical p5, inspected from valid SHA cache and full render. All seven physical pages inspected for boundaries and diagrams. No worked official solution linked by original year directory; official organizer availability review retained. Q34 essential linked image missing; Q35 original DR7 query/data access verified.",content_boundary_verified,,,REJECT
raw::5764,5764,0,Ortvay,ortvay,Open,2014,Problems,theory,31,Perturbative φ³-φ⁴ field theory *,source_authored,originals/ortvay/2014/Ortvay_2014_Q1-35__5204c77cb968fc02.pdf,3126,5204c77cb968fc02e9f795cdd5ced23a5334a6d61b0a50e638f58ced643adeb3,5,5,,https://olimpicos.net/ortvay/index.html#2014,REJECT,high,,Classical and quantum scalar-field diagrammatic perturbation,Classical and quantum scalar-field diagrammatic perturbation,"Lagrangian coefficients alone do not supply covariant field dynamics and, centrally, quantum propagator/diagram/contraction rules needed for the requested quantum-to-classical comparison. That substantial unsupplied QFT machinery prevents keeping the whole task.",1,0,single_pass_complete,2026-10-04T02:04:51.239050+00:00,"Complete actual Ortvay 2014 Q31, physical p5, inspected from valid SHA cache and full render. All seven physical pages inspected for boundaries and diagrams. No worked official solution linked by original year directory; official organizer availability review retained. Q34 essential linked image missing; Q35 original DR7 query/data access verified.",content_boundary_verified,,,REJECT
raw::5719,5719,0,Ortvay,ortvay,Open,2015,Problems,theory,17,Eigenvalue problem of field tensor *,source_authored,originals/ortvay/2015/Ortvay_2015_Q1-31__9881d7d3d6faacc1.pdf,3125,9881d7d3d6faacc15e771b364dda5541004e1b73d41be5c51dc48bd830158a6c,4,4,,https://olimpicos.net/ortvay/index.html#2015,REJECT,high,,Physical eigenstructure of a relativistic electromagnetic tensor,Physical eigenstructure of a relativistic electromagnetic tensor,"One tensor derivative formula is given, but Lorentz metric/index conventions and the physical meaning of tensor eigendirections are not. They are central to interpreting the spectrum and singular cases, beyond a purely specified finite matrix exercise.",1,0,single_pass_complete,2026-10-04T01:52:39.737003+00:00,"Complete actual Ortvay 2015 Q17, physical pp4-4, read from verified SHA cache and full renders. All nine physical pages inspected; Q9,Q26,Q28,Q30 continuations preserved within parent tasks. Diagrams and intact operator/metric/PDE formulas checked. No acquired worked solution or organizer-archive solution link found.",content_boundary_verified,,,REJECT
raw::5720,5720,0,Ortvay,ortvay,Open,2015,Problems,theory,18,Scalar gravity free fall *,source_authored,originals/ortvay/2015/Ortvay_2015_Q1-31__9881d7d3d6faacc1.pdf,3125,9881d7d3d6faacc15e771b364dda5541004e1b73d41be5c51dc48bd830158a6c,5,5,,https://olimpicos.net/ortvay/index.html#2015,REJECT,high,,Relativistic scalar-gravity fall with rapidity and proper time,Relativistic scalar-gravity fall with rapidity and proper time,"A four-force equation is supplied, but four-velocity normalization, proper/coordinate-time relations, rapidity and relativistic momentum definitions are not. These control every trajectory and impact comparison.",1,0,single_pass_complete,2026-10-04T01:52:39.737022+00:00,"Complete actual Ortvay 2015 Q18, physical pp5-5, read from verified SHA cache and full renders. All nine physical pages inspected; Q9,Q26,Q28,Q30 continuations preserved within parent tasks. Diagrams and intact operator/metric/PDE formulas checked. No acquired worked solution or organizer-archive solution link found.",content_boundary_verified,,,REJECT
raw::5722,5722,0,Ortvay,ortvay,Open,2015,Problems,theory,20,Static spacetime Lagrangian reduction *,source_authored,originals/ortvay/2015/Ortvay_2015_Q1-31__9881d7d3d6faacc1.pdf,3125,9881d7d3d6faacc15e771b364dda5541004e1b73d41be5c51dc48bd830158a6c,5,5,,https://olimpicos.net/ortvay/index.html#2015,REJECT,high,,Relating static-metric geodesics to a classical-looking Lagrangian,Relating static-metric geodesics to a classical-looking Lagrangian,"Metric conditions alone do not supply geodesic connection, coordinate/proper-time transformation or covariant action dynamics. These GR prerequisites centrally determine the requested Hessian/potential and external-field extension.",1,0,single_pass_complete,2026-10-04T01:52:39.737059+00:00,"Complete actual Ortvay 2015 Q20, physical pp5-5, read from verified SHA cache and full renders. All nine physical pages inspected; Q9,Q26,Q28,Q30 continuations preserved within parent tasks. Diagrams and intact operator/metric/PDE formulas checked. No acquired worked solution or organizer-archive solution link found.",content_boundary_verified,,,REJECT
raw::5723,5723,0,Ortvay,ortvay,Open,2015,Problems,theory,21,Bungee jumping into a black hole *,source_authored,originals/ortvay/2015/Ortvay_2015_Q1-31__9881d7d3d6faacc1.pdf,3125,9881d7d3d6faacc15e771b364dda5541004e1b73d41be5c51dc48bd830158a6c,5,5,,https://olimpicos.net/ortvay/index.html#2015,REJECT,high,,Charged-shell rescue inside a Schwarzschild/Reissner-Nordstrom horizon,Charged-shell rescue inside a Schwarzschild/Reissner-Nordstrom horizon,"The line element is supplied, supporting a horizon-root substep, but shell/free-fall geodesics, clock normalization and causal escape dynamics are not. Those unsupplied GR rules dominate the complete three-part task.",1,0,single_pass_complete,2026-10-04T01:52:39.737077+00:00,"Complete actual Ortvay 2015 Q21, physical pp5-5, read from verified SHA cache and full renders. All nine physical pages inspected; Q9,Q26,Q28,Q30 continuations preserved within parent tasks. Diagrams and intact operator/metric/PDE formulas checked. No acquired worked solution or organizer-archive solution link found.",content_boundary_verified,,,REJECT
raw::5724,5724,0,Ortvay,ortvay,Open,2015,Problems,theory,22,Kerr geodesics through wormhole *,source_authored,originals/ortvay/2015/Ortvay_2015_Q1-31__9881d7d3d6faacc1.pdf,3125,9881d7d3d6faacc15e771b364dda5541004e1b73d41be5c51dc48bd830158a6c,6,6,,https://olimpicos.net/ortvay/index.html#2015,REJECT,high,,Kerr black-hole traversal and outgoing particle images,Kerr black-hole traversal and outgoing particle images,"Kerr metric, conserved-quantity geodesic equations and frame/image rules are not supplied. They are the entire central spacetime model despite the prose description of an extended geometry.",1,0,single_pass_complete,2026-10-04T01:52:39.737094+00:00,"Complete actual Ortvay 2015 Q22, physical pp6-6, read from verified SHA cache and full renders. All nine physical pages inspected; Q9,Q26,Q28,Q30 continuations preserved within parent tasks. Diagrams and intact operator/metric/PDE formulas checked. No acquired worked solution or organizer-archive solution link found.",content_boundary_verified,,,REJECT
raw::5725,5725,0,Ortvay,ortvay,Open,2015,Problems,theory,23,Cohesive energy vs coordination number *,source_authored,originals/ortvay/2015/Ortvay_2015_Q1-31__9881d7d3d6faacc1.pdf,3125,9881d7d3d6faacc15e771b364dda5541004e1b73d41be5c51dc48bd830158a6c,6,6,,https://olimpicos.net/ortvay/index.html#2015,REJECT,high,,Cohesive energy scaling with atomic coordination,Cohesive energy scaling with atomic coordination,No electronic bonding/tight-binding model or second-moment relation is supplied. A square-root coordination law is not a general consequence of ordinary pair-bond energy and centrally requires a specialized solid-state model.,1,0,single_pass_complete,2026-10-04T01:52:39.737112+00:00,"Complete actual Ortvay 2015 Q23, physical pp6-6, read from verified SHA cache and full renders. All nine physical pages inspected; Q9,Q26,Q28,Q30 continuations preserved within parent tasks. Diagrams and intact operator/metric/PDE formulas checked. No acquired worked solution or organizer-archive solution link found.",content_boundary_verified,,,REJECT
raw::5728,5728,0,Ortvay,ortvay,Open,2015,Problems,theory,26,Hydrogen tunneling on a lattice *,source_authored,originals/ortvay/2015/Ortvay_2015_Q1-31__9881d7d3d6faacc1.pdf,3125,9881d7d3d6faacc15e771b364dda5541004e1b73d41be5c51dc48bd830158a6c,6,7,,https://olimpicos.net/ortvay/index.html#2015,REJECT,high,,Five-site quantum tunnelling dynamics and relocation probability,Five-site quantum tunnelling dynamics and relocation probability,"The Hamiltonian action fully supplies a finite eigenproblem, but the central later wavefunction evolution and time to reliably change site need unsupplied Schrodinger/unitary evolution and measurement rules. Whole-problem REJECT; the mathematical opening is not separately rescued.",1,0,pass_2_complete,2026-10-04T01:52:39.737180+00:00,"Complete actual Ortvay 2015 Q26, physical pp6-7, read from verified SHA cache and full renders. All nine physical pages inspected; Q9,Q26,Q28,Q30 continuations preserved within parent tasks. Diagrams and intact operator/metric/PDE formulas checked. No acquired worked solution or organizer-archive solution link found.",content_boundary_verified,2026-10-04T01:54:06.471591+00:00,Finite Hamiltonian action is supplied but time evolution law is not; Q25 elsewhere in the paper is not assumed to provide a model for this independently numbered question.,REJECT
raw::5729,5729,0,Ortvay,ortvay,Open,2015,Problems,theory,27,Entangled spins and measurement correlations *,source_authored,originals/ortvay/2015/Ortvay_2015_Q1-31__9881d7d3d6faacc1.pdf,3125,9881d7d3d6faacc15e771b364dda5541004e1b73d41be5c51dc48bd830158a6c,7,7,,https://olimpicos.net/ortvay/index.html#2015,REJECT,high,,Entangled-spin versus classical-mixture analyzer correlations,Entangled-spin versus classical-mixture analyzer correlations,State notation and outcome labels do not supply rotated-spin projection/Born probability or reduction rules. These central quantum measurement prerequisites determine every requested minimum and setting; no numerical correlation law is provided.,1,0,single_pass_complete,2026-10-04T01:52:39.737198+00:00,"Complete actual Ortvay 2015 Q27, physical pp7-7, read from verified SHA cache and full renders. All nine physical pages inspected; Q9,Q26,Q28,Q30 continuations preserved within parent tasks. Diagrams and intact operator/metric/PDE formulas checked. No acquired worked solution or organizer-archive solution link found.",content_boundary_verified,,,REJECT
raw::5731,5731,0,Ortvay,ortvay,Open,2015,Problems,numerical,29,Large-N scalar field theory renormalization *,source_authored,originals/ortvay/2015/Ortvay_2015_Q1-31__9881d7d3d6faacc1.pdf,3125,9881d7d3d6faacc15e771b364dda5541004e1b73d41be5c51dc48bd830158a6c,8,8,,https://olimpicos.net/ortvay/index.html#2015,REJECT,high,,Large-N quantum-field self-energy and renormalization diagrams,Large-N quantum-field self-energy and renormalization diagrams,"The scalar Lagrangian is given but diagram/propagator rules, Wick rotation, counterterm scheme and quantum loop expansion are not. These central QFT prerequisites dominate every requested graph, plot and conclusion.",1,0,single_pass_complete,2026-10-04T01:52:39.737233+00:00,"Complete actual Ortvay 2015 Q29, physical pp8-8, read from verified SHA cache and full renders. All nine physical pages inspected; Q9,Q26,Q28,Q30 continuations preserved within parent tasks. Diagrams and intact operator/metric/PDE formulas checked. No acquired worked solution or organizer-archive solution link found.",content_boundary_verified,,,REJECT
raw::5688,5688,0,Ortvay,ortvay,Open,2016,Problems,theory,22,Photovoltaic rod and moving plate *,source_authored,originals/ortvay/2016/Ortvay_2016_Q1-36__f7e91e13ea226972.pdf,3124,f7e91e13ea226972dd67039f976939df4b614553de683753b940b819c22b63bd,6,6,,https://olimpicos.net/ortvay/index.html#2016,REJECT,high,,Relativistic moving-mask photodetection in two frames,Relativistic moving-mask photodetection in two frames,"Mask speed 12c/13 makes Lorentz contraction, simultaneity and frame-dependent light timing central. These relations are not supplied; ordinary photocurrent alone cannot solve the task.",1,0,single_pass_complete,2026-10-04T01:47:01.926072+00:00,"Whole printed Ortvay 2016 Q22, physical p6 read from verified SHA cache. Full renders of all eleven physical pages inspected for apparatus, photos, source links and operator/PDE formulas. Q8 essential original datasets preserved; Q27 explicitly linked reference model checked. No worked solution accompanies the acquired paper or is linked in organizer archive. Internal parts remain one top-level problem.",content_boundary_verified,,,REJECT
raw::5689,5689,0,Ortvay,ortvay,Open,2016,Problems,theory,23,Relativistic orbits in scalar field *,source_authored,originals/ortvay/2016/Ortvay_2016_Q1-36__f7e91e13ea226972.pdf,3124,f7e91e13ea226972dd67039f976939df4b614553de683753b940b819c22b63bd,6,6,,https://olimpicos.net/ortvay/index.html#2016,REJECT,high,,Inverse relativistic scalar field from prescribed elliptic orbits,Inverse relativistic scalar field from prescribed elliptic orbits,Scalar-generated rest mass does not supply relativistic action/momentum dynamics. These unsupplied relations determine every requested radial field reconstruction.,1,0,single_pass_complete,2026-10-04T01:47:01.926087+00:00,"Whole printed Ortvay 2016 Q23, physical p6 read from verified SHA cache. Full renders of all eleven physical pages inspected for apparatus, photos, source links and operator/PDE formulas. Q8 essential original datasets preserved; Q27 explicitly linked reference model checked. No worked solution accompanies the acquired paper or is linked in organizer archive. Internal parts remain one top-level problem.",content_boundary_verified,,,REJECT
raw::5690,5690,0,Ortvay,ortvay,Open,2016,Problems,theory,24,Gravitational wave circularization time *,source_authored,originals/ortvay/2016/Ortvay_2016_Q1-36__f7e91e13ea226972.pdf,3124,f7e91e13ea226972dd67039f976939df4b614553de683753b940b819c22b63bd,6,6,,https://olimpicos.net/ortvay/index.html#2016,REJECT,high,,Gravitational-wave circularization of an eccentric binary,Gravitational-wave circularization of an eccentric binary,No gravitational-radiation energy/angular-momentum or orbital-rate law is supplied. This specialized relation centrally determines the sole timescale and element evolution; unlike 2017 Q38 the model is absent.,1,0,single_pass_complete,2026-10-04T01:47:01.926102+00:00,"Whole printed Ortvay 2016 Q24, physical p6 read from verified SHA cache. Full renders of all eleven physical pages inspected for apparatus, photos, source links and operator/PDE formulas. Q8 essential original datasets preserved; Q27 explicitly linked reference model checked. No worked solution accompanies the acquired paper or is linked in organizer archive. Internal parts remain one top-level problem.",content_boundary_verified,,,REJECT
raw::5692,5692,0,Ortvay,ortvay,Open,2016,Problems,theory,26,Two electrons in parabolic nanotube *,source_authored,originals/ortvay/2016/Ortvay_2016_Q1-36__f7e91e13ea226972.pdf,3124,f7e91e13ea226972dd67039f976939df4b614553de683753b940b819c22b63bd,7,7,,https://olimpicos.net/ortvay/index.html#2016,REJECT,high,,Quantum two-electron nanotube spectrum and exchange coupling,Quantum two-electron nanotube spectrum and exchange coupling,"The classical confinement/Coulomb model is given, but Schrodinger two-particle dynamics, spin antisymmetry and singlet/triplet state construction are not. They dominate every wavefunction, excitation and exchange task.",1,0,single_pass_complete,2026-10-04T01:47:01.926135+00:00,"Whole printed Ortvay 2016 Q26, physical p7 read from verified SHA cache. Full renders of all eleven physical pages inspected for apparatus, photos, source links and operator/PDE formulas. Q8 essential original datasets preserved; Q27 explicitly linked reference model checked. No worked solution accompanies the acquired paper or is linked in organizer archive. Internal parts remain one top-level problem.",content_boundary_verified,,,REJECT
raw::5694,5694,0,Ortvay,ortvay,Open,2016,Problems,theory,28,Tight-binding chain transmission *,source_authored,originals/ortvay/2016/Ortvay_2016_Q1-36__f7e91e13ea226972.pdf,3124,f7e91e13ea226972dd67039f976939df4b614553de683753b940b819c22b63bd,8,8,,https://olimpicos.net/ortvay/index.html#2016,REJECT,high,,Tight-binding transmission and quantum envelope-function dynamics,Tight-binding transmission and quantum envelope-function dynamics,"Hopping/onsite parameters and diagram are supplied, but their wave-amplitude evolution, scattering current and envelope-function Hamiltonian rules are not. These specialized quantum transport dependencies centrally determine both mandatory parts.",1,0,pass_2_complete,2026-10-04T01:47:01.926167+00:00,"Whole printed Ortvay 2016 Q28, physical p8 read from verified SHA cache. Full renders of all eleven physical pages inspected for apparatus, photos, source links and operator/PDE formulas. Q8 essential original datasets preserved; Q27 explicitly linked reference model checked. No worked solution accompanies the acquired paper or is linked in organizer archive. Internal parts remain one top-level problem.",content_boundary_verified,2026-10-04T01:48:25.376431+00:00,,REJECT
raw::5697,5697,0,Ortvay,ortvay,Open,2016,Problems,theory,31,Temperature of visible oscillator *,source_authored,originals/ortvay/2016/Ortvay_2016_Q1-36__f7e91e13ea226972.pdf,3124,f7e91e13ea226972dd67039f976939df4b614553de683753b940b819c22b63bd,9,9,,https://olimpicos.net/ortvay/index.html#2016,REJECT,high,,Effective thermal state of one hidden-partner quantum oscillator,Effective thermal state of one hidden-partner quantum oscillator,"A coupled Hamiltonian alone does not define quantum ground states, reduced density operator or thermal-state inference. These unsupplied quantum entanglement/statistics rules control the sole temperature task.",1,0,single_pass_complete,2026-10-04T01:47:01.926223+00:00,"Whole printed Ortvay 2016 Q31, physical p9 read from verified SHA cache. Full renders of all eleven physical pages inspected for apparatus, photos, source links and operator/PDE formulas. Q8 essential original datasets preserved; Q27 explicitly linked reference model checked. No worked solution accompanies the acquired paper or is linked in organizer archive. Internal parts remain one top-level problem.",content_boundary_verified,,,REJECT
raw::5698,5698,0,Ortvay,ortvay,Open,2016,Problems,theory,32,Scalar decay lifetime formula *,source_authored,originals/ortvay/2016/Ortvay_2016_Q1-36__f7e91e13ea226972.pdf,3124,f7e91e13ea226972dd67039f976939df4b614553de683753b940b819c22b63bd,9,9,,https://olimpicos.net/ortvay/index.html#2016,REJECT,high,,Scalar-particle decay lifetime from self-energy imaginary part,Scalar-particle decay lifetime from self-energy imaginary part,"The interaction Lagrangian and target relation are given, but propagators, self-energy/resonance pole and quantum decay-amplitude rules are not. These are the central field-theory prerequisites.",1,0,single_pass_complete,2026-10-04T01:47:01.926238+00:00,"Whole printed Ortvay 2016 Q32, physical p9 read from verified SHA cache. Full renders of all eleven physical pages inspected for apparatus, photos, source links and operator/PDE formulas. Q8 essential original datasets preserved; Q27 explicitly linked reference model checked. No worked solution accompanies the acquired paper or is linked in organizer archive. Internal parts remain one top-level problem.",content_boundary_verified,,,REJECT
raw::5700,5700,0,Ortvay,ortvay,Open,2016,Problems,theory,34,Ward identity and gauge invariance *,source_authored,originals/ortvay/2016/Ortvay_2016_Q1-36__f7e91e13ea226972.pdf,3124,f7e91e13ea226972dd67039f976939df4b614553de683753b940b819c22b63bd,10,10,,https://olimpicos.net/ortvay/index.html#2016,REJECT,high,,Gauge invariance and a quantum-field Ward identity,Gauge invariance and a quantum-field Ward identity,"The identity is printed but proper vertices, time-ordered correlations, 1PI projection and gauge quantum-field rules are not. They centrally determine the conceptual answer.",1,0,single_pass_complete,2026-10-04T01:47:01.926272+00:00,"Whole printed Ortvay 2016 Q34, physical p10 read from verified SHA cache. Full renders of all eleven physical pages inspected for apparatus, photos, source links and operator/PDE formulas. Q8 essential original datasets preserved; Q27 explicitly linked reference model checked. No worked solution accompanies the acquired paper or is linked in organizer archive. Internal parts remain one top-level problem.",content_boundary_verified,,,REJECT
raw::5629,5629,0,Ortvay,ortvay,Open,2017,Problems,theory,3,Rain waves on a ramp *,source_authored,originals/ortvay/2017/Ortvay_2017_Q1-40__771ca5c334324b29.pdf,3123,771ca5c334324b290ae11da953f76b9bde7e0405dfeb9ed4e6840cee3eaccbec,2,2,,https://olimpicos.net/ortvay/index.html#2017,REJECT,high,II_oscillations_waves,Spontaneous roll-wave instability in runoff down an inclined ramp,Spontaneous roll-wave instability in runoff down an inclined ramp,"Steady input does not specify shallow-water dynamics, frictional flow closure or instability selection. Those unsupplied fluid-dynamical prerequisites centrally determine wave emergence, speed and spacing.",1,0,single_pass_complete,2026-10-04T01:40:13.951698+00:00,"Full actual Ortvay 2017 Q3, physical p2 read from SHA cache and full-page render. All twelve physical pages rendered and inspected because extraction damages symbols/spacing and omits diagrams. Q36 explicitly supplied reference preserved and read separately. Organizer archive provides no 2017 worked solutions. All internal parts kept with their printed number.",content_boundary_verified,,,REJECT
raw::5638,5638,0,Ortvay,ortvay,Open,2017,Problems,theory,12,Planet orbit under Lorentz boost *,source_authored,originals/ortvay/2017/Ortvay_2017_Q1-40__771ca5c334324b29.pdf,3123,771ca5c334324b290ae11da953f76b9bde7e0405dfeb9ed4e6840cee3eaccbec,4,4,,https://olimpicos.net/ortvay/index.html#2017,REJECT,high,,Relativistically transformed elliptic planetary trajectory,Relativistically transformed elliptic planetary trajectory,The boost speed is a significant fraction of c. Lorentz coordinate/time transformations are not supplied and are central to the requested new orbit and time parameterization.,1,0,single_pass_complete,2026-10-04T01:40:13.951904+00:00,"Full actual Ortvay 2017 Q12, physical p4 read from SHA cache and full-page render. All twelve physical pages rendered and inspected because extraction damages symbols/spacing and omits diagrams. Q36 explicitly supplied reference preserved and read separately. Organizer archive provides no 2017 worked solutions. All internal parts kept with their printed number.",content_boundary_verified,,,REJECT
raw::5651,5651,0,Ortvay,ortvay,Open,2017,Problems,theory,25,Antisymmetric coupling tensor action *,source_authored,originals/ortvay/2017/Ortvay_2017_Q1-40__771ca5c334324b29.pdf,3123,771ca5c334324b290ae11da953f76b9bde7e0405dfeb9ed4e6840cee3eaccbec,7,7,,https://olimpicos.net/ortvay/index.html#2017,REJECT,high,,Relativistic tensor coupling and field-action reconstruction,Relativistic tensor coupling and field-action reconstruction,"Only one tensor kinetic term is given. Covariant coupling/action, proper-time dynamics and specialized field variation are unsupplied and central to all new particle/Maxwell equations and conservation laws.",1,0,pass_2_complete,2026-10-04T01:40:13.952193+00:00,"Full actual Ortvay 2017 Q25, physical p7 read from SHA cache and full-page render. All twelve physical pages rendered and inspected because extraction damages symbols/spacing and omits diagrams. Q36 explicitly supplied reference preserved and read separately. Organizer archive provides no 2017 worked solutions. All internal parts kept with their printed number.",content_boundary_verified,2026-10-04T01:41:32.379098+00:00,,REJECT
raw::5652,5652,0,Ortvay,ortvay,Open,2017,Problems,theory,26,Relativistic Hubble flow generalization *,source_authored,originals/ortvay/2017/Ortvay_2017_Q1-40__771ca5c334324b29.pdf,3123,771ca5c334324b290ae11da953f76b9bde7e0405dfeb9ed4e6840cee3eaccbec,7,7,,https://olimpicos.net/ortvay/index.html#2017,REJECT,high,,Lorentz-invariant homogeneous expansion velocity fields,Lorentz-invariant homogeneous expansion velocity fields,"The Galilean example is supplied, but the target Lorentz transformations, velocity addition and simultaneous-time comparison rules are not. They are the sole central physical prerequisites.",1,0,single_pass_complete,2026-10-04T01:40:13.952212+00:00,"Full actual Ortvay 2017 Q26, physical p7 read from SHA cache and full-page render. All twelve physical pages rendered and inspected because extraction damages symbols/spacing and omits diagrams. Q36 explicitly supplied reference preserved and read separately. Organizer archive provides no 2017 worked solutions. All internal parts kept with their printed number.",content_boundary_verified,,,REJECT
raw::5653,5653,0,Ortvay,ortvay,Open,2017,Problems,theory,27,Synchronous satellite clock altitude *,source_authored,originals/ortvay/2017/Ortvay_2017_Q1-40__771ca5c334324b29.pdf,3123,771ca5c334324b290ae11da953f76b9bde7e0405dfeb9ed4e6840cee3eaccbec,7,7,,https://olimpicos.net/ortvay/index.html#2017,REJECT,high,,Satellite clock equality including special and general relativity,Satellite clock equality including special and general relativity,Time-dilation and gravitational-redshift laws are named but not supplied. These control the synchronous altitude and rotation correction; ordinary orbital mechanics alone cannot give them.,1,0,single_pass_complete,2026-10-04T01:40:13.952231+00:00,"Full actual Ortvay 2017 Q27, physical p7 read from SHA cache and full-page render. All twelve physical pages rendered and inspected because extraction damages symbols/spacing and omits diagrams. Q36 explicitly supplied reference preserved and read separately. Organizer archive provides no 2017 worked solutions. All internal parts kept with their printed number.",content_boundary_verified,,,REJECT
raw::5655,5655,0,Ortvay,ortvay,Open,2017,Problems,numerical,29,Spin in rotating magnetic field *,source_authored,originals/ortvay/2017/Ortvay_2017_Q1-40__771ca5c334324b29.pdf,3123,771ca5c334324b290ae11da953f76b9bde7e0405dfeb9ed4e6840cee3eaccbec,8,8,,https://olimpicos.net/ortvay/index.html#2017,REJECT,high,,"Quantum spin rotation, adiabatic limits and measurement probability","Quantum spin rotation, adiabatic limits and measurement probability",The time-dependent spin Hamiltonian is supplied but Schrodinger time evolution and Born measurement rules are not. These determine every probability/polarization trajectory; the task is not merely diagonalizing a finite matrix.,1,0,single_pass_complete,2026-10-04T01:40:13.952270+00:00,"Full actual Ortvay 2017 Q29, physical p8 read from SHA cache and full-page render. All twelve physical pages rendered and inspected because extraction damages symbols/spacing and omits diagrams. Q36 explicitly supplied reference preserved and read separately. Organizer archive provides no 2017 worked solutions. All internal parts kept with their printed number.",content_boundary_verified,,,REJECT
raw::5656,5656,0,Ortvay,ortvay,Open,2017,Problems,theory,30,Spin pair under sudden perturbation *,source_authored,originals/ortvay/2017/Ortvay_2017_Q1-40__771ca5c334324b29.pdf,3123,771ca5c334324b290ae11da953f76b9bde7e0405dfeb9ed4e6840cee3eaccbec,8,8,,https://olimpicos.net/ortvay/index.html#2017,REJECT,high,,Sudden two-spin coupling and failure of perturbative transition probability,Sudden two-spin coupling and failure of perturbative transition probability,"Spin-coupling operator and one basis relation are given, but spin operator matrix rules, time-dependent perturbation and quantum transition probabilities are not. They centrally control the exact and approximate comparisons.",1,0,single_pass_complete,2026-10-04T01:40:13.952291+00:00,"Full actual Ortvay 2017 Q30, physical p8 read from SHA cache and full-page render. All twelve physical pages rendered and inspected because extraction damages symbols/spacing and omits diagrams. Q36 explicitly supplied reference preserved and read separately. Organizer archive provides no 2017 worked solutions. All internal parts kept with their printed number.",content_boundary_verified,,,REJECT
raw::5657,5657,0,Ortvay,ortvay,Open,2017,Problems,theory,31,Spin-2 time reversal invariant state *,source_authored,originals/ortvay/2017/Ortvay_2017_Q1-40__771ca5c334324b29.pdf,3123,771ca5c334324b290ae11da953f76b9bde7e0405dfeb9ed4e6840cee3eaccbec,8,8,,https://olimpicos.net/ortvay/index.html#2017,REJECT,high,,"Spin-two rotation symmetry, Berry phases and state-space topology","Spin-two rotation symmetry, Berry phases and state-space topology","One state and coherent-state condition are given. Spin rotations, time-reversal action and Berry geometric phase rules are unsupplied and dominate all symmetry/phase/homotopy tasks.",1,0,single_pass_complete,2026-10-04T01:40:13.952311+00:00,"Full actual Ortvay 2017 Q31, physical p8 read from SHA cache and full-page render. All twelve physical pages rendered and inspected because extraction damages symbols/spacing and omits diagrams. Q36 explicitly supplied reference preserved and read separately. Organizer archive provides no 2017 worked solutions. All internal parts kept with their printed number.",content_boundary_verified,,,REJECT
raw::5658,5658,0,Ortvay,ortvay,Open,2017,Problems,theory,32,Quantum measurement and collapse *,source_authored,originals/ortvay/2017/Ortvay_2017_Q1-40__771ca5c334324b29.pdf,3123,771ca5c334324b290ae11da953f76b9bde7e0405dfeb9ed4e6840cee3eaccbec,9,9,,https://olimpicos.net/ortvay/index.html#2017,REJECT,high,,Effect of an unread intervening quantum measurement,Effect of an unread intervening quantum measurement,"Energies and basis vectors alone do not supply unitary time evolution, Born probabilities or unread-measurement state update. Those specialized rules are central to both compared scenarios.",1,0,single_pass_complete,2026-10-04T01:40:13.952330+00:00,"Full actual Ortvay 2017 Q32, physical p9 read from SHA cache and full-page render. All twelve physical pages rendered and inspected because extraction damages symbols/spacing and omits diagrams. Q36 explicitly supplied reference preserved and read separately. Organizer archive provides no 2017 worked solutions. All internal parts kept with their printed number.",content_boundary_verified,,,REJECT
raw::5659,5659,0,Ortvay,ortvay,Open,2017,Problems,numerical,33,Harmonic oscillator in coherent basis *,source_authored,originals/ortvay/2017/Ortvay_2017_Q1-40__771ca5c334324b29.pdf,3123,771ca5c334324b290ae11da953f76b9bde7e0405dfeb9ed4e6840cee3eaccbec,9,9,,https://olimpicos.net/ortvay/index.html#2017,REJECT,high,,Quantum coherent-state basis and oscillator number-state expansion,Quantum coherent-state basis and oscillator number-state expansion,"Coherent states, their completeness/normalization and number-state construction are not defined. These unsupplied quantum-oscillator rules are the sole physical model requested.",1,0,single_pass_complete,2026-10-04T01:40:13.952348+00:00,"Full actual Ortvay 2017 Q33, physical p9 read from SHA cache and full-page render. All twelve physical pages rendered and inspected because extraction damages symbols/spacing and omits diagrams. Q36 explicitly supplied reference preserved and read separately. Organizer archive provides no 2017 worked solutions. All internal parts kept with their printed number.",content_boundary_verified,,,REJECT
raw::5660,5660,0,Ortvay,ortvay,Open,2017,Problems,theory,34,Quantum particle with dyadic Hamiltonian *,source_authored,originals/ortvay/2017/Ortvay_2017_Q1-40__771ca5c334324b29.pdf,3123,771ca5c334324b290ae11da953f76b9bde7e0405dfeb9ed4e6840cee3eaccbec,9,9,,https://olimpicos.net/ortvay/index.html#2017,REJECT,high,,Heisenberg motion under a momentum-dependent matrix quantum Hamiltonian,Heisenberg motion under a momentum-dependent matrix quantum Hamiltonian,"The dyadic Hamiltonian is supplied, but Heisenberg evolution, canonical commutators and wavepacket expectation rules are not. They control position evolution and its physical interpretation.",1,0,single_pass_complete,2026-10-04T01:40:13.952366+00:00,"Full actual Ortvay 2017 Q34, physical p9 read from SHA cache and full-page render. All twelve physical pages rendered and inspected because extraction damages symbols/spacing and omits diagrams. Q36 explicitly supplied reference preserved and read separately. Organizer archive provides no 2017 worked solutions. All internal parts kept with their printed number.",content_boundary_verified,,,REJECT
raw::5661,5661,0,Ortvay,ortvay,Open,2017,Problems,theory,35,Charged polygon Stark splitting *,source_authored,originals/ortvay/2017/Ortvay_2017_Q1-40__771ca5c334324b29.pdf,3123,771ca5c334324b290ae11da953f76b9bde7e0405dfeb9ed4e6840cee3eaccbec,10,10,,https://olimpicos.net/ortvay/index.html#2017,REJECT,high,,Hydrogen Stark multipole splittings from polygonal external charges,Hydrogen Stark multipole splittings from polygonal external charges,"Ordinary Coulomb geometry is only an opening. The central p,d,f shifts require unsupplied hydrogen wavefunctions, degenerate perturbation and Stark selection rules; hyperfine/Lamb comparisons further depend on specialized data.",1,0,single_pass_complete,2026-10-04T01:40:13.952396+00:00,"Full actual Ortvay 2017 Q35, physical p10 read from SHA cache and full-page render. All twelve physical pages rendered and inspected because extraction damages symbols/spacing and omits diagrams. Q36 explicitly supplied reference preserved and read separately. Organizer archive provides no 2017 worked solutions. All internal parts kept with their printed number.",content_boundary_verified,,,REJECT
raw::5665,5665,0,Ortvay,ortvay,Open,2017,Problems,numerical,39,Ising model on hyperbolic lattice *,source_authored,originals/ortvay/2017/Ortvay_2017_Q1-40__771ca5c334324b29.pdf,3123,771ca5c334324b290ae11da953f76b9bde7e0405dfeb9ed4e6840cee3eaccbec,11,11,,https://olimpicos.net/ortvay/index.html#2017,REJECT,high,IV_thermodynamics;VII_magnetic_field,Ising critical behaviour on an Escher hyperbolic tiling,Ising critical behaviour on an Escher hyperbolic tiling,"The source names Ising and a linked tiling but does not define its spin energy, probability ensemble or square-grid comparison rules. Those specialized statistical spin-model prerequisites centrally determine transition temperature and finite-size effects.",1,0,single_pass_complete,2026-10-04T01:40:13.952474+00:00,"Full actual Ortvay 2017 Q39, physical p11 read from SHA cache and full-page render. All twelve physical pages rendered and inspected because extraction damages symbols/spacing and omits diagrams. Q36 explicitly supplied reference preserved and read separately. Organizer archive provides no 2017 worked solutions. All internal parts kept with their printed number.",content_boundary_verified,,Original Escher gallery URL inaccessible via both HTTP and HTTPS on recovery date. No replacement physics source inserted; graph reference remains explicitly unresolved.,REJECT
raw::5599,5599,0,Ortvay,ortvay,Open,2018,Problems,theory,6,Leaning rod snap condition *,source_authored,originals/ortvay/2018/Ortvay_2018_Q1-33__d73f0e0e81023bce.pdf,3122,d73f0e0e81023bce84365beb9bfe52021219153e7deee7356e17fa6e34a4a9b4,2,2,,https://olimpicos.net/ortvay/index.html#2018,REJECT,high,I_force_motion;II_oscillations_waves,Release and bending dynamics of a locally displaced elastic rod,Release and bending dynamics of a locally displaced elastic rod,"Linear elasticity and rapidly decaying transverse waves are mentioned, but bending stiffness, moment-curvature relation and beam/contact dynamics are not supplied. These deformable-rod prerequisites centrally determine the release impulse and fall direction.",1,0,single_pass_complete,2026-10-04T01:33:19.182616+00:00,"Whole printed Ortvay 2018 Q6, physical p2, read from verified SHA cache. Full renders pp2-5,7-9 inspected for photos, force vectors, phase diagram, capacitor, operator formulas and Earth shapes. All nine physical pages audited for Q1-Q33; internal letters retained. Only statement file is acquired; organizer archive https://ortvay.elte.hu/main.html lists no 2018 worked solutions.",content_boundary_verified,,,REJECT
raw::5608,5608,0,Ortvay,ortvay,Open,2018,Problems,theory,15,Free energy for nicotine-water phase diagram *,source_authored,originals/ortvay/2018/Ortvay_2018_Q1-33__d73f0e0e81023bce.pdf,3122,d73f0e0e81023bce84365beb9bfe52021219153e7deee7356e17fa6e34a4a9b4,4,4,,https://olimpicos.net/ortvay/index.html#2018,REJECT,high,IV_thermodynamics,Constructing mixture free energy from a closed miscibility gap,Constructing mixture free energy from a closed miscibility gap,"The rendered concentration-temperature ellipse is supplied, but chemical-potential equality and the common-tangent phase-separation construction are not. These specialized binary-mixture thermodynamic rules are central to the sole free-energy reconstruction task.",1,0,pass_2_complete,2026-10-04T01:33:19.182792+00:00,"Whole printed Ortvay 2018 Q15, physical p4, read from verified SHA cache. Full renders pp2-5,7-9 inspected for photos, force vectors, phase diagram, capacitor, operator formulas and Earth shapes. All nine physical pages audited for Q1-Q33; internal letters retained. Only statement file is acquired; organizer archive https://ortvay.elte.hu/main.html lists no 2018 worked solutions.",content_boundary_verified,2026-10-04T01:34:42.696237+00:00,,REJECT
raw::5609,5609,0,Ortvay,ortvay,Open,2018,Problems,theory,16,Critical thickness of Si film *,source_authored,originals/ortvay/2018/Ortvay_2018_Q1-33__d73f0e0e81023bce.pdf,3122,d73f0e0e81023bce84365beb9bfe52021219153e7deee7356e17fa6e34a4a9b4,5,5,,https://olimpicos.net/ortvay/index.html#2018,REJECT,high,,Defect-free semiconductor epitaxial-film critical thickness,Defect-free semiconductor epitaxial-film critical thickness,"Crystal lattice mismatch, strain/dislocation energy and the critical-thickness model are unsupplied. They determine the entire silicon-on-GaAs thickness bound; ordinary energy conservation cannot specify their constitutive relations.",1,0,single_pass_complete,2026-10-04T01:33:19.182808+00:00,"Whole printed Ortvay 2018 Q16, physical p5, read from verified SHA cache. Full renders pp2-5,7-9 inspected for photos, force vectors, phase diagram, capacitor, operator formulas and Earth shapes. All nine physical pages audited for Q1-Q33; internal letters retained. Only statement file is acquired; organizer archive https://ortvay.elte.hu/main.html lists no 2018 worked solutions.",content_boundary_verified,,,REJECT
raw::5615,5615,0,Ortvay,ortvay,Open,2018,Problems,theory,22,Visible light beam from moving rocket *,source_authored,originals/ortvay/2018/Ortvay_2018_Q1-33__d73f0e0e81023bce.pdf,3122,d73f0e0e81023bce84365beb9bfe52021219153e7deee7356e17fa6e34a4a9b4,6,6,,https://olimpicos.net/ortvay/index.html#2018,REJECT,high,,Retarded image of a relativistic transverse light beam,Retarded image of a relativistic transverse light beam,Lorentz aberration and relativistic emission-frame transformations are not supplied. They centrally determine the visible dust-scattered beam and apparent image.,0,0,single_pass_complete,2026-10-04T01:33:19.182901+00:00,"Whole printed Ortvay 2018 Q22, physical p6, read from verified SHA cache. Full renders pp2-5,7-9 inspected for photos, force vectors, phase diagram, capacitor, operator formulas and Earth shapes. All nine physical pages audited for Q1-Q33; internal letters retained. Only statement file is acquired; organizer archive https://ortvay.elte.hu/main.html lists no 2018 worked solutions.",content_boundary_verified,,,REJECT
raw::5616,5616,0,Ortvay,ortvay,Open,2018,Problems,theory,23,Electron photon pair production *,source_authored,originals/ortvay/2018/Ortvay_2018_Q1-33__d73f0e0e81023bce.pdf,3122,d73f0e0e81023bce84365beb9bfe52021219153e7deee7356e17fa6e34a4a9b4,6,6,,https://olimpicos.net/ortvay/index.html#2018,REJECT,high,,Relativistic photon absorption and electron-positron production threshold,Relativistic photon absorption and electron-positron production threshold,"Unit conventions alone do not supply relativistic energy-momentum dispersion, frame transformations or invariant reaction constraints. Those prerequisites control all four linked parts.",0,0,single_pass_complete,2026-10-04T01:33:19.182967+00:00,"Whole printed Ortvay 2018 Q23, physical p6, read from verified SHA cache. Full renders pp2-5,7-9 inspected for photos, force vectors, phase diagram, capacitor, operator formulas and Earth shapes. All nine physical pages audited for Q1-Q33; internal letters retained. Only statement file is acquired; organizer archive https://ortvay.elte.hu/main.html lists no 2018 worked solutions.",content_boundary_verified,,,REJECT
raw::5617,5617,0,Ortvay,ortvay,Open,2018,Problems,theory,24,Rocket with constant proper acceleration *,source_authored,originals/ortvay/2018/Ortvay_2018_Q1-33__d73f0e0e81023bce.pdf,3122,d73f0e0e81023bce84365beb9bfe52021219153e7deee7356e17fa6e34a4a9b4,6,6,,https://olimpicos.net/ortvay/index.html#2018,REJECT,high,,Proper-time fuel consumption and relativistic rocket spacetime reach,Proper-time fuel consumption and relativistic rocket spacetime reach,"Exhaust speed and fuel rate are specified, but relativistic rocket momentum balance, proper-time transformation and worldlines are not. All requested spacetime/fuel results rely on them.",0,0,single_pass_complete,2026-10-04T01:33:19.182982+00:00,"Whole printed Ortvay 2018 Q24, physical p6, read from verified SHA cache. Full renders pp2-5,7-9 inspected for photos, force vectors, phase diagram, capacitor, operator formulas and Earth shapes. All nine physical pages audited for Q1-Q33; internal letters retained. Only statement file is acquired; organizer archive https://ortvay.elte.hu/main.html lists no 2018 worked solutions.",content_boundary_verified,,,REJECT
raw::5618,5618,0,Ortvay,ortvay,Open,2018,Problems,theory,25,EM wave in moving glass *,source_authored,originals/ortvay/2018/Ortvay_2018_Q1-33__d73f0e0e81023bce.pdf,3122,d73f0e0e81023bce84365beb9bfe52021219153e7deee7356e17fa6e34a4a9b4,7,7,,https://olimpicos.net/ortvay/index.html#2018,REJECT,high,,Electromagnetic modes inside a relativistically moving dielectric,Electromagnetic modes inside a relativistically moving dielectric,"Rest dielectric constants are given, but Lorentz transformations of fields and moving-medium constitutive relations are not. These outside-scope dependencies centrally determine the requested E,D,B,H modes.",1,0,single_pass_complete,2026-10-04T01:33:19.182998+00:00,"Whole printed Ortvay 2018 Q25, physical p7, read from verified SHA cache. Full renders pp2-5,7-9 inspected for photos, force vectors, phase diagram, capacitor, operator formulas and Earth shapes. All nine physical pages audited for Q1-Q33; internal letters retained. Only statement file is acquired; organizer archive https://ortvay.elte.hu/main.html lists no 2018 worked solutions.",content_boundary_verified,,,REJECT
raw::5621,5621,0,Ortvay,ortvay,Open,2018,Problems,theory,28,Exact evolution of the Dicke model *,source_authored,originals/ortvay/2018/Ortvay_2018_Q1-33__d73f0e0e81023bce.pdf,3122,d73f0e0e81023bce84365beb9bfe52021219153e7deee7356e17fa6e34a4a9b4,7,7,,https://olimpicos.net/ortvay/index.html#2018,REJECT,high,,Exact oscillator-two-level quantum time evolution beyond rotating-wave approximation,Exact oscillator-two-level quantum time evolution beyond rotating-wave approximation,"The Hamiltonian is supplied, but ladder-operator action, quantum oscillator/coherent states and unitary time-evolution rules are not. These central prerequisites cannot be replaced by ordinary finite-matrix algebra.",1,0,single_pass_complete,2026-10-04T01:33:19.183045+00:00,"Whole printed Ortvay 2018 Q28, physical p7, read from verified SHA cache. Full renders pp2-5,7-9 inspected for photos, force vectors, phase diagram, capacitor, operator formulas and Earth shapes. All nine physical pages audited for Q1-Q33; internal letters retained. Only statement file is acquired; organizer archive https://ortvay.elte.hu/main.html lists no 2018 worked solutions.",content_boundary_verified,,,REJECT
raw::5624,5624,0,Ortvay,ortvay,Open,2018,Problems,theory,31,Covariant weight in general relativity *,source_authored,originals/ortvay/2018/Ortvay_2018_Q1-33__d73f0e0e81023bce.pdf,3122,d73f0e0e81023bce84365beb9bfe52021219153e7deee7356e17fa6e34a4a9b4,8,8,,https://olimpicos.net/ortvay/index.html#2018,REJECT,high,,Covariant weight of a charged orbiting particle in Schwarzschild gravity,Covariant weight of a charged orbiting particle in Schwarzschild gravity,"Some background field tensors are supplied, but the metric, covariant particle equation/geodesic connection and gravitational force interpretation are not. These central GR prerequisites are necessary for support and covariant weight.",1,0,single_pass_complete,2026-10-04T01:33:19.183096+00:00,"Whole printed Ortvay 2018 Q31, physical p8, read from verified SHA cache. Full renders pp2-5,7-9 inspected for photos, force vectors, phase diagram, capacitor, operator formulas and Earth shapes. All nine physical pages audited for Q1-Q33; internal letters retained. Only statement file is acquired; organizer archive https://ortvay.elte.hu/main.html lists no 2018 worked solutions.",content_boundary_verified,,,REJECT
raw::5625,5625,0,Ortvay,ortvay,Open,2018,Problems,theory,32,Balloon falling into black hole *,source_authored,originals/ortvay/2018/Ortvay_2018_Q1-33__d73f0e0e81023bce.pdf,3122,d73f0e0e81023bce84365beb9bfe52021219153e7deee7356e17fa6e34a4a9b4,9,9,,https://olimpicos.net/ortvay/index.html#2018,REJECT,high,,Ideal-gas balloon deformation at a black-hole horizon,Ideal-gas balloon deformation at a black-hole horizon,"Ordinary gas laws are insufficient: the metric/tidal field, falling-frame dynamics and horizon deformation model are unsupplied. They determine the pressure/temperature distribution requested.",1,0,single_pass_complete,2026-10-04T01:33:19.183111+00:00,"Whole printed Ortvay 2018 Q32, physical p9, read from verified SHA cache. Full renders pp2-5,7-9 inspected for photos, force vectors, phase diagram, capacitor, operator formulas and Earth shapes. All nine physical pages audited for Q1-Q33; internal letters retained. Only statement file is acquired; organizer archive https://ortvay.elte.hu/main.html lists no 2018 worked solutions.",content_boundary_verified,,,REJECT
raw::5556,5556,0,Ortvay,ortvay,Open,2019,Problems,theory,13,Damped elastic rod modes *,source_authored,originals/ortvay/2019/Ortvay_2019_Q1-50__367e16295855a180.pdf,3121,367e16295855a180ddff209587aca8745cdb9466961439cd02f7e735aa46d601,5,5,,https://olimpicos.net/ortvay/index.html#2019,REJECT,high,II_oscillations_waves,Damped flexural modes of an elastic cantilever,Damped flexural modes of an elastic cantilever,"Viscous stress proportional to strain rate is stated, but the elastic bending moment law, beam dynamical equation and clamped/free stress conditions are not. Unsupplied deformable-beam mechanics centrally determines every mode/frequency/quality factor.",0,0,single_pass_complete,2026-10-04T01:22:56.871573+00:00,"Complete actual Ortvay 2019 Q13, physical p5 read from verified SHA-based text cache. Full-page renders pp1-4,8-10,14-15 inspected for diagrams, axes and damaged formula extraction. All seventeen physical pages audited for Q1-Q50 and omitted tasks. No acquired worked solutions accompany this paper. Internal letters remain inside each printed top-level question.",content_boundary_verified,,,REJECT
raw::5577,5577,0,Ortvay,ortvay,Open,2019,Problems,theory,34,Relativistic bicycle wheel photo *,source_authored,originals/ortvay/2019/Ortvay_2019_Q1-50__367e16295855a180.pdf,3121,367e16295855a180ddff209587aca8745cdb9466961439cd02f7e735aa46d601,10,10,,https://olimpicos.net/ortvay/index.html#2019,REJECT,high,,Relativistic wheel photograph with retardation,Relativistic wheel photograph with retardation,Lorentz transformation and simultaneous/retarded rotating-point kinematics are unsupplied and central to the whole image. Classical limit does not dominate the requested relativistic result.,1,0,single_pass_complete,2026-10-04T01:23:23.453097+00:00,"Complete actual Ortvay 2019 Q34, physical p10 read from verified SHA-based text cache. Full-page renders pp1-4,8-10,14-15 inspected for diagrams, axes and damaged formula extraction. All seventeen physical pages audited for Q1-Q50 and omitted tasks. No acquired worked solutions accompany this paper. Internal letters remain inside each printed top-level question.",content_boundary_verified,,,REJECT
raw::5578,5578,0,Ortvay,ortvay,Open,2019,Problems,theory,35,Relativistic starship with constant acceleration *,source_authored,originals/ortvay/2019/Ortvay_2019_Q1-50__367e16295855a180.pdf,3121,367e16295855a180ddff209587aca8745cdb9466961439cd02f7e735aa46d601,11,11,,https://olimpicos.net/ortvay/index.html#2019,REJECT,high,,Relativistic proper-acceleration rocket and mass consumption,Relativistic proper-acceleration rocket and mass consumption,"Exhaust speed and acceleration are specified, but proper-time worldlines, relativistic momentum balance and photon-rocket limit laws are not. These control every travel and fuel result.",0,0,single_pass_complete,2026-10-04T01:23:23.453114+00:00,"Complete actual Ortvay 2019 Q35, physical p11 read from verified SHA-based text cache. Full-page renders pp1-4,8-10,14-15 inspected for diagrams, axes and damaged formula extraction. All seventeen physical pages audited for Q1-Q50 and omitted tasks. No acquired worked solutions accompany this paper. Internal letters remain inside each printed top-level question.",content_boundary_verified,,,REJECT
raw::5579,5579,0,Ortvay,ortvay,Open,2019,Problems,theory,36,Dark photon decay chain *,source_authored,originals/ortvay/2019/Ortvay_2019_Q1-50__367e16295855a180.pdf,3121,367e16295855a180ddff209587aca8745cdb9466961439cd02f7e735aa46d601,11,11,,https://olimpicos.net/ortvay/index.html#2019,REJECT,high,,Relativistic absorption and pair-production kinematics,Relativistic absorption and pair-production kinematics,Dark-photon rest mass alone is insufficient: unsupplied relativistic energy-momentum relations and reaction constraints control the entire maximum-velocity task. No given nuclear mass-energy relation replaces those dependencies.,0,0,single_pass_complete,2026-10-04T01:23:23.453132+00:00,"Complete actual Ortvay 2019 Q36, physical p11 read from verified SHA-based text cache. Full-page renders pp1-4,8-10,14-15 inspected for diagrams, axes and damaged formula extraction. All seventeen physical pages audited for Q1-Q50 and omitted tasks. No acquired worked solutions accompany this paper. Internal letters remain inside each printed top-level question.",content_boundary_verified,,,REJECT
raw::5580,5580,0,Ortvay,ortvay,Open,2019,Problems,theory,37,Shear viscosity in relativistic flow *,source_authored,originals/ortvay/2019/Ortvay_2019_Q1-50__367e16295855a180.pdf,3121,367e16295855a180ddff209587aca8745cdb9466961439cd02f7e735aa46d601,11,11,,https://olimpicos.net/ortvay/index.html#2019,REJECT,high,,Relativistic hydrodynamic shear tensor,Relativistic hydrodynamic shear tensor,"Relativistic stress projection, four-velocity derivatives and constitutive shear definitions are unsupplied. They are the sole physical method requested in both dimensional cases.",0,0,single_pass_complete,2026-10-04T01:23:23.453148+00:00,"Complete actual Ortvay 2019 Q37, physical p11 read from verified SHA-based text cache. Full-page renders pp1-4,8-10,14-15 inspected for diagrams, axes and damaged formula extraction. All seventeen physical pages audited for Q1-Q50 and omitted tasks. No acquired worked solutions accompany this paper. Internal letters remain inside each printed top-level question.",content_boundary_verified,,,REJECT
raw::5581,5581,0,Ortvay,ortvay,Open,2019,Problems,theory,38,Eigenvalues of energy-momentum tensor *,source_authored,originals/ortvay/2019/Ortvay_2019_Q1-50__367e16295855a180.pdf,3121,367e16295855a180ddff209587aca8745cdb9466961439cd02f7e735aa46d601,11,11,,https://olimpicos.net/ortvay/index.html#2019,REJECT,high,,Lorentz-tensor eigenstructure of electromagnetic stress energy,Lorentz-tensor eigenstructure of electromagnetic stress energy,Energy-momentum and field-strength tensor definitions/physical Lorentz interpretation are not supplied. Understanding their degenerate eigenvectors centrally requires specialized relativistic field formalism.,0,0,single_pass_complete,2026-10-04T01:23:23.453164+00:00,"Complete actual Ortvay 2019 Q38, physical p11 read from verified SHA-based text cache. Full-page renders pp1-4,8-10,14-15 inspected for diagrams, axes and damaged formula extraction. All seventeen physical pages audited for Q1-Q50 and omitted tasks. No acquired worked solutions accompany this paper. Internal letters remain inside each printed top-level question.",content_boundary_verified,,,REJECT
raw::5582,5582,0,Ortvay,ortvay,Open,2019,Problems,theory,39,Nonlinear electrodynamics plane waves *,source_authored,originals/ortvay/2019/Ortvay_2019_Q1-50__367e16295855a180.pdf,3121,367e16295855a180ddff209587aca8745cdb9466961439cd02f7e735aa46d601,12,12,,https://olimpicos.net/ortvay/index.html#2019,REJECT,high,,Nonlinear Lorentz-invariant electrodynamics from a field Lagrangian,Nonlinear Lorentz-invariant electrodynamics from a field Lagrangian,"The Lagrangian is supplied, but deriving material equations via tensor field variation and wave characteristics is not. Those specialized dependencies control the new theory; ordinary Maxwell equations cannot be substituted.",0,0,single_pass_complete,2026-10-04T01:23:23.453181+00:00,"Complete actual Ortvay 2019 Q39, physical p12 read from verified SHA-based text cache. Full-page renders pp1-4,8-10,14-15 inspected for diagrams, axes and damaged formula extraction. All seventeen physical pages audited for Q1-Q50 and omitted tasks. No acquired worked solutions accompany this paper. Internal letters remain inside each printed top-level question.",content_boundary_verified,,,REJECT
raw::5583,5583,0,Ortvay,ortvay,Open,2019,Problems,theory,40,Building Einstein-Hilbert action *,source_authored,originals/ortvay/2019/Ortvay_2019_Q1-50__367e16295855a180.pdf,3121,367e16295855a180ddff209587aca8745cdb9466961439cd02f7e735aa46d601,12,12,,https://olimpicos.net/ortvay/index.html#2019,REJECT,high,,Iterative tensor-gravity action and Einstein-Hilbert self-coupling,Iterative tensor-gravity action and Einstein-Hilbert self-coupling,"The starting schematic equation/action is given, but covariant stress tensor, gravitational self-coupling and Einstein-Hilbert metric theory are not. These are the central physical machinery.",0,0,single_pass_complete,2026-10-04T01:23:23.453207+00:00,"Complete actual Ortvay 2019 Q40, physical p12 read from verified SHA-based text cache. Full-page renders pp1-4,8-10,14-15 inspected for diagrams, axes and damaged formula extraction. All seventeen physical pages audited for Q1-Q50 and omitted tasks. No acquired worked solutions accompany this paper. Internal letters remain inside each printed top-level question.",content_boundary_verified,,,REJECT
raw::5584,5584,0,Ortvay,ortvay,Open,2019,Problems,theory,41,Cosmological phase plane analysis *,source_authored,originals/ortvay/2019/Ortvay_2019_Q1-50__367e16295855a180.pdf,3121,367e16295855a180ddff209587aca8745cdb9466961439cd02f7e735aa46d601,12,12,,https://olimpicos.net/ortvay/index.html#2019,REJECT,high,,Friedmann cosmological dynamics and stability,Friedmann cosmological dynamics and stability,The actual cosmological evolution equations are named rather than supplied. Unsupplied Friedmann/GR relations control all phase-space curves; coordinate definitions alone do not give an evolution model.,0,0,single_pass_complete,2026-10-04T01:23:23.453222+00:00,"Complete actual Ortvay 2019 Q41, physical p12 read from verified SHA-based text cache. Full-page renders pp1-4,8-10,14-15 inspected for diagrams, axes and damaged formula extraction. All seventeen physical pages audited for Q1-Q50 and omitted tasks. No acquired worked solutions accompany this paper. Internal letters remain inside each printed top-level question.",content_boundary_verified,,,REJECT
raw::5585,5585,0,Ortvay,ortvay,Open,2019,Problems,theory,42,Gravitational wave energy loss *,source_authored,originals/ortvay/2019/Ortvay_2019_Q1-50__367e16295855a180.pdf,3121,367e16295855a180ddff209587aca8745cdb9466961439cd02f7e735aa46d601,13,13,,https://olimpicos.net/ortvay/index.html#2019,REJECT,high,,Gravitational-wave orbital radiation and inspiral,Gravitational-wave orbital radiation and inspiral,No gravitational-radiation quadrupole/power law is supplied. This specialized GR relation is central to every emitted-energy and inspiral estimate.,0,0,single_pass_complete,2026-10-04T01:23:23.453238+00:00,"Complete actual Ortvay 2019 Q42, physical p13 read from verified SHA-based text cache. Full-page renders pp1-4,8-10,14-15 inspected for diagrams, axes and damaged formula extraction. All seventeen physical pages audited for Q1-Q50 and omitted tasks. No acquired worked solutions accompany this paper. Internal letters remain inside each printed top-level question.",content_boundary_verified,,,REJECT
raw::5586,5586,0,Ortvay,ortvay,Open,2019,Problems,theory,43,Quantum particle with internal degree *,source_authored,originals/ortvay/2019/Ortvay_2019_Q1-50__367e16295855a180.pdf,3121,367e16295855a180ddff209587aca8745cdb9466961439cd02f7e735aa46d601,13,13,,https://olimpicos.net/ortvay/index.html#2019,REJECT,high,,Quantum coordinate-momentum Hamiltonian and evolution operator,Quantum coordinate-momentum Hamiltonian and evolution operator,"The operator matrix is given, but x/p commutators, oscillator representation and quantum time evolution are not. Numeric matrix diagonalization alone cannot solve an operator-valued Hamiltonian or the evolution task.",0,0,single_pass_complete,2026-10-04T01:23:23.453253+00:00,"Complete actual Ortvay 2019 Q43, physical p13 read from verified SHA-based text cache. Full-page renders pp1-4,8-10,14-15 inspected for diagrams, axes and damaged formula extraction. All seventeen physical pages audited for Q1-Q50 and omitted tasks. No acquired worked solutions accompany this paper. Internal letters remain inside each printed top-level question.",content_boundary_verified,,,REJECT
raw::5588,5588,0,Ortvay,ortvay,Open,2019,Problems,theory,45,Scale-invariant inverse-square potential *,source_authored,originals/ortvay/2019/Ortvay_2019_Q1-50__367e16295855a180.pdf,3121,367e16295855a180ddff209587aca8745cdb9466961439cd02f7e735aa46d601,13,13,,https://olimpicos.net/ortvay/index.html#2019,REJECT,high,,Scale symmetry followed by canonical quantization and singular quantum states,Scale symmetry followed by canonical quantization and singular quantum states,"Classical scaling is a mathematical opening, but the dominant later work requires unsupplied Noether/canonical operator machinery, Schrodinger states and quantum probability current near a singular potential. Whole-problem REJECT.",0,0,single_pass_complete,2026-10-04T01:23:23.453286+00:00,"Complete actual Ortvay 2019 Q45, physical p13 read from verified SHA-based text cache. Full-page renders pp1-4,8-10,14-15 inspected for diagrams, axes and damaged formula extraction. All seventeen physical pages audited for Q1-Q50 and omitted tasks. No acquired worked solutions accompany this paper. Internal letters remain inside each printed top-level question.",content_boundary_verified,,,REJECT
raw::5589,5589,0,Ortvay,ortvay,Open,2019,Problems,theory,46,Sierpinski fractal phonons and spins *,source_authored,originals/ortvay/2019/Ortvay_2019_Q1-50__367e16295855a180.pdf,3121,367e16295855a180ddff209587aca8745cdb9466961439cd02f7e735aa46d601,14,14,,https://olimpicos.net/ortvay/index.html#2019,REJECT,high,,Quantum phonon thermodynamics and fractal magnetic order,Quantum phonon thermodynamics and fractal magnetic order,"A scalar spring equation and spin pair energy are given, but low-temperature phonon occupation/Debye quantization and critical spectral-dimension physics are not. These central prerequisites dominate over the classical mode-building step.",1,0,single_pass_complete,2026-10-04T01:23:23.453301+00:00,"Complete actual Ortvay 2019 Q46, physical p14 read from verified SHA-based text cache. Full-page renders pp1-4,8-10,14-15 inspected for diagrams, axes and damaged formula extraction. All seventeen physical pages audited for Q1-Q50 and omitted tasks. No acquired worked solutions accompany this paper. Internal letters remain inside each printed top-level question.",content_boundary_verified,,,REJECT
raw::5590,5590,0,Ortvay,ortvay,Open,2019,Problems,theory,47,N electrons coupled to a mode *,source_authored,originals/ortvay/2019/Ortvay_2019_Q1-50__367e16295855a180.pdf,3121,367e16295855a180ddff209587aca8745cdb9466961439cd02f7e735aa46d601,14,14,,https://olimpicos.net/ortvay/index.html#2019,REJECT,high,,Many-electron coupling to a quantized electromagnetic mode,Many-electron coupling to a quantized electromagnetic mode,"Hamiltonian and vector-potential mode expression are given, but photon creation-operator algebra, oscillator-state construction and quantum minimal-coupling diagonalization are not. They are structurally required for eigenstates.",1,0,single_pass_complete,2026-10-04T01:23:23.453318+00:00,"Complete actual Ortvay 2019 Q47, physical p14 read from verified SHA-based text cache. Full-page renders pp1-4,8-10,14-15 inspected for diagrams, axes and damaged formula extraction. All seventeen physical pages audited for Q1-Q50 and omitted tasks. No acquired worked solutions accompany this paper. Internal letters remain inside each printed top-level question.",content_boundary_verified,,,REJECT
raw::5591,5591,0,Ortvay,ortvay,Open,2019,Problems,theory,48,Entanglement near a black hole *,source_authored,originals/ortvay/2019/Ortvay_2019_Q1-50__367e16295855a180.pdf,3121,367e16295855a180ddff209587aca8745cdb9466961439cd02f7e735aa46d601,15,15,,https://olimpicos.net/ortvay/index.html#2019,REJECT,high,,Acceleration-dependent quantum-field entanglement near a horizon,Acceleration-dependent quantum-field entanglement near a horizon,"Vacuum decomposition is supplied, but excited-mode transformation, tracing inaccessible Rindler regions and the entanglement measure are not. Those quantum-field/information concepts control the sole requested result.",1,0,pass_2_complete,2026-10-04T01:23:23.453334+00:00,"Complete actual Ortvay 2019 Q48, physical p15 read from verified SHA-based text cache. Full-page renders pp1-4,8-10,14-15 inspected for diagrams, axes and damaged formula extraction. All seventeen physical pages audited for Q1-Q50 and omitted tasks. No acquired worked solutions accompany this paper. Internal letters remain inside each printed top-level question.",content_boundary_verified,2026-10-04T01:25:21.664378+00:00,,REJECT
raw::5592,5592,0,Ortvay,ortvay,Open,2019,Problems,theory,49,2PI Effective Potential Expansion *,source_authored,originals/ortvay/2019/Ortvay_2019_Q1-50__367e16295855a180.pdf,3121,367e16295855a180ddff209587aca8745cdb9466961439cd02f7e735aa46d601,15,15,,https://olimpicos.net/ortvay/index.html#2019,REJECT,high,,Two-particle-irreducible quantum-field effective potential,Two-particle-irreducible quantum-field effective potential,"Functional and auxiliary Lagrangians are supplied, but Feynman diagram rules, propagator expansion and large-N order counting are not. They centrally determine all requested diagrams and elimination.",1,0,single_pass_complete,2026-10-04T01:23:23.453350+00:00,"Complete actual Ortvay 2019 Q49, physical p15 read from verified SHA-based text cache. Full-page renders pp1-4,8-10,14-15 inspected for diagrams, axes and damaged formula extraction. All seventeen physical pages audited for Q1-Q50 and omitted tasks. No acquired worked solutions accompany this paper. Internal letters remain inside each printed top-level question.",content_boundary_verified,,,REJECT
raw::5533,5533,0,Ortvay,ortvay,Open,2020,Problems,theory,18,Relativistic orbits in scalar fields *,source_authored,originals/ortvay/2020/Ortvay_2020_Q1-28__7611c58d331528c4.pdf,3119,7611c58d331528c4f0f4ed06b46a5955929756e6674befe95b4dc2aff044dbe6,6,6,,https://olimpicos.net/ortvay/index.html#2020,REJECT,high,,Relativistic scalar-field orbit with changing invariant mass,Relativistic scalar-field orbit with changing invariant mass,"The four-force equation is supplied, but four-velocity normalization, proper-time transformations and scalar rest-mass coupling are not. These specialized dependencies control every orbital-speed and time result.",0,0,single_pass_complete,2026-10-04T01:17:00.412119+00:00,"Complete printed Ortvay 2020 Q18, physical p6, read from verified SHA-based cache. Full-page renders pp1-5,8,9,11 inspected for diagrams, formula loss and withdrawal. All eleven physical pages audited; no acquired official solutions accompany this file. Q5 essential organizer-linked dataset additionally inspected and preserved. Whole numbered problems retained.",content_boundary_verified,,,REJECT
raw::5534,5534,0,Ortvay,ortvay,Open,2020,Problems,theory,19,Quantum particle in linear potential box *,source_authored,originals/ortvay/2020/Ortvay_2020_Q1-28__7611c58d331528c4.pdf,3119,7611c58d331528c4f0f4ed06b46a5955929756e6674befe95b4dc2aff044dbe6,7,7,,https://olimpicos.net/ortvay/index.html#2020,REJECT,high,,Quantum linear-potential eigenstates and semiclassical quantization,Quantum linear-potential eigenstates and semiclassical quantization,"The potential and walls are stated; Schrodinger equation, quantum boundary interpretation and WKB quantization/wavefunctions are not supplied. They control all eigenenergy and wavefunction tasks.",0,0,single_pass_complete,2026-10-04T01:17:00.412154+00:00,"Complete printed Ortvay 2020 Q19, physical p7, read from verified SHA-based cache. Full-page renders pp1-5,8,9,11 inspected for diagrams, formula loss and withdrawal. All eleven physical pages audited; no acquired official solutions accompany this file. Q5 essential organizer-linked dataset additionally inspected and preserved. Whole numbered problems retained.",content_boundary_verified,,,REJECT
raw::5535,5535,0,Ortvay,ortvay,Open,2020,Problems,theory,20,Sudden frequency change of oscillator *,source_authored,originals/ortvay/2020/Ortvay_2020_Q1-28__7611c58d331528c4.pdf,3119,7611c58d331528c4f0f4ed06b46a5955929756e6674befe95b4dc2aff044dbe6,7,7,,https://olimpicos.net/ortvay/index.html#2020,REJECT,high,,Squeezed oscillator-state dynamics after a frequency quench,Squeezed oscillator-state dynamics after a frequency quench,"Creation-operator algebra, coherent states, quantum evolution and overlap probabilities are unsupplied and central. Specifying a frequency multiplier alone does not provide those rules.",0,0,single_pass_complete,2026-10-04T01:17:00.412187+00:00,"Complete printed Ortvay 2020 Q20, physical p7, read from verified SHA-based cache. Full-page renders pp1-5,8,9,11 inspected for diagrams, formula loss and withdrawal. All eleven physical pages audited; no acquired official solutions accompany this file. Q5 essential organizer-linked dataset additionally inspected and preserved. Whole numbered problems retained.",content_boundary_verified,,,REJECT
raw::5536,5536,0,Ortvay,ortvay,Open,2020,Problems,theory,21,Electron specific heat at constant Fermi energy *,source_authored,originals/ortvay/2020/Ortvay_2020_Q1-28__7611c58d331528c4.pdf,3119,7611c58d331528c4f0f4ed06b46a5955929756e6674befe95b4dc2aff044dbe6,7,7,,https://olimpicos.net/ortvay/index.html#2020,REJECT,high,,Fermionic electron heat capacity using Sommerfeld expansion,Fermionic electron heat capacity using Sommerfeld expansion,"Fermi occupation, density of states and Sommerfeld expansion are unsupplied. They are the sole method requested; ordinary ideal-gas heat capacity is insufficient.",0,0,single_pass_complete,2026-10-04T01:17:00.412220+00:00,"Complete printed Ortvay 2020 Q21, physical p7, read from verified SHA-based cache. Full-page renders pp1-5,8,9,11 inspected for diagrams, formula loss and withdrawal. All eleven physical pages audited; no acquired official solutions accompany this file. Q5 essential organizer-linked dataset additionally inspected and preserved. Whole numbered problems retained.",content_boundary_verified,,,REJECT
raw::5538,5538,0,Ortvay,ortvay,Open,2020,Problems,theory,23,Magnetic translation operators on lattice *,source_authored,originals/ortvay/2020/Ortvay_2020_Q1-28__7611c58d331528c4.pdf,3119,7611c58d331528c4f0f4ed06b46a5955929756e6674befe95b4dc2aff044dbe6,8,8,,https://olimpicos.net/ortvay/index.html#2020,REJECT,high,,Quantum lattice hopping and magnetic translation algebra,Quantum lattice hopping and magnetic translation algebra,"The hopping expressions and phase integrals are supplied, but creation/annihilation commutation rules and representation of magnetic quantum translations are not. They structurally control the requested commuting/group conditions.",1,0,single_pass_complete,2026-10-04T01:17:00.412284+00:00,"Complete printed Ortvay 2020 Q23, physical p8, read from verified SHA-based cache. Full-page renders pp1-5,8,9,11 inspected for diagrams, formula loss and withdrawal. All eleven physical pages audited; no acquired official solutions accompany this file. Q5 essential organizer-linked dataset additionally inspected and preserved. Whole numbered problems retained.",content_boundary_verified,,,REJECT
raw::5539,5539,0,Ortvay,ortvay,Open,2020,Problems,theory,24,Free particle in expanding universe *,source_authored,originals/ortvay/2020/Ortvay_2020_Q1-28__7611c58d331528c4.pdf,3119,7611c58d331528c4f0f4ed06b46a5955929756e6674befe95b4dc2aff044dbe6,8,8,,https://olimpicos.net/ortvay/index.html#2020,REJECT,high,,Free-particle peculiar velocity in an expanding cosmological metric,Free-particle peculiar velocity in an expanding cosmological metric,"Only the scale factor is named. The spacetime metric, geodesic/redshifting momentum law and relativistic velocity relation are unsupplied; these are the central cosmological physics.",1,0,single_pass_complete,2026-10-04T01:17:00.412316+00:00,"Complete printed Ortvay 2020 Q24, physical p8, read from verified SHA-based cache. Full-page renders pp1-5,8,9,11 inspected for diagrams, formula loss and withdrawal. All eleven physical pages audited; no acquired official solutions accompany this file. Q5 essential organizer-linked dataset additionally inspected and preserved. Whole numbered problems retained.",content_boundary_verified,,,REJECT
raw::5540,5540,0,Ortvay,ortvay,Open,2020,Problems,theory,25,Yukawa O(4) counterterm anomaly *,source_authored,originals/ortvay/2020/Ortvay_2020_Q1-28__7611c58d331528c4.pdf,3119,7611c58d331528c4f0f4ed06b46a5955929756e6674befe95b4dc2aff044dbe6,9,9,,https://olimpicos.net/ortvay/index.html#2020,REJECT,high,,Yukawa quantum-field renormalization and counterterm diagrams,Yukawa quantum-field renormalization and counterterm diagrams,"Schematic diagram terms are supplied, but propagators, regularization, Feynman rules and spontaneous-symmetry-breaking renormalization are not. Those unsupplied QFT concepts control the sole substantive correction task.",1,0,single_pass_complete,2026-10-04T01:17:00.412369+00:00,"Complete printed Ortvay 2020 Q25, physical p9, read from verified SHA-based cache. Full-page renders pp1-5,8,9,11 inspected for diagrams, formula loss and withdrawal. All eleven physical pages audited; no acquired official solutions accompany this file. Q5 essential organizer-linked dataset additionally inspected and preserved. Whole numbered problems retained.",content_boundary_verified,,,REJECT
raw::5506,5506,0,Ortvay,ortvay,Open,2022,Problems,theory,19,Relativistic Kepler's third law *,source_authored,originals/ortvay/2022/Ortvay_2022_Q1-28__d32c71b7ccfcacc4.pdf,3118,d32c71b7ccfcacc407a28c7b5b2371d7c2bb46a599ba9e3ebb6262c5346523c2,7,7,,https://olimpicos.net/ortvay/index.html#2022,REJECT,high,,Relativistic Coulomb orbital period in coordinate and proper time,Relativistic Coulomb orbital period in coordinate and proper time,Relativistic momentum-energy dynamics and proper time are unsupplied and required throughout the Kepler-law comparison.,0,0,single_pass_complete,2026-10-04T01:12:44.194318+00:00,"Complete actual Ortvay 2022 printed Q19, physical p7 read from SHA-verified cache. Full-page renders pp1-4,6,8,10 checked for diagrams and broken formula extraction. All twelve physical pages read for top-level completeness; no associated official solution exists in the acquired inventory. All internal bullets/letters remain inside the printed question.",content_boundary_verified,,,REJECT
raw::5507,5507,0,Ortvay,ortvay,Open,2022,Problems,theory,20,Optimized perturbation for quartic oscillator *,source_authored,originals/ortvay/2022/Ortvay_2022_Q1-28__d32c71b7ccfcacc4.pdf,3118,d32c71b7ccfcacc407a28c7b5b2371d7c2bb46a599ba9e3ebb6262c5346523c2,7,7,,https://olimpicos.net/ortvay/index.html#2022,REJECT,high,,Quantum quartic-oscillator perturbation and variational improvement,Quantum quartic-oscillator perturbation and variational improvement,"The Hamiltonian is given, but quantum oscillator states, first-order operator matrix elements and Schrodinger dynamics are not. These specialized rules control all nonoptional parts; numerical work does not supply missing physics.",0,0,pass_2_complete,2026-10-04T01:12:44.194333+00:00,"Complete actual Ortvay 2022 printed Q20, physical p7 read from SHA-verified cache. Full-page renders pp1-4,6,8,10 checked for diagrams and broken formula extraction. All twelve physical pages read for top-level completeness; no associated official solution exists in the acquired inventory. All internal bullets/letters remain inside the printed question.",content_boundary_verified,2026-10-04T01:14:01.253082+00:00,,REJECT
raw::5508,5508,0,Ortvay,ortvay,Open,2022,Problems,theory,21,Normalization of squeezed coherent states *,source_authored,originals/ortvay/2022/Ortvay_2022_Q1-28__d32c71b7ccfcacc4.pdf,3118,d32c71b7ccfcacc407a28c7b5b2371d7c2bb46a599ba9e3ebb6262c5346523c2,7,7,,https://olimpicos.net/ortvay/index.html#2022,REJECT,high,,Oscillator creation-operator states and quantum moments,Oscillator creation-operator states and quantum moments,"Raising-operator action, number-state basis, position operator representation and quantum expectation rules are unsupplied. They are central to every normalization and deviation task.",0,0,single_pass_complete,2026-10-04T01:12:44.194348+00:00,"Complete actual Ortvay 2022 printed Q21, physical p7 read from SHA-verified cache. Full-page renders pp1-4,6,8,10 checked for diagrams and broken formula extraction. All twelve physical pages read for top-level completeness; no associated official solution exists in the acquired inventory. All internal bullets/letters remain inside the printed question.",content_boundary_verified,,,REJECT
raw::5511,5511,0,Ortvay,ortvay,Open,2022,Problems,theory,24,Black holes in mirrored cavities *,source_authored,originals/ortvay/2022/Ortvay_2022_Q1-28__d32c71b7ccfcacc4.pdf,3118,d32c71b7ccfcacc407a28c7b5b2371d7c2bb46a599ba9e3ebb6262c5346523c2,9,9,,https://olimpicos.net/ortvay/index.html#2022,REJECT,high,,"Hawking temperature, emission and absorption dynamics of black holes","Hawking temperature, emission and absorption dynamics of black holes","No Hawking mass-temperature law or black-hole absorption cross section is supplied. These specialized relations control all radiation exchanges and delay dynamics, so ordinary blackbody physics alone cannot solve the task.",0,0,single_pass_complete,2026-10-04T01:12:44.194415+00:00,"Complete actual Ortvay 2022 printed Q24, physical p9 read from SHA-verified cache. Full-page renders pp1-4,6,8,10 checked for diagrams and broken formula extraction. All twelve physical pages read for top-level completeness; no associated official solution exists in the acquired inventory. All internal bullets/letters remain inside the printed question.",content_boundary_verified,,,REJECT
raw::5512,5512,0,Ortvay,ortvay,Open,2022,Problems,theory,25,Scalar field metric and curvature *,source_authored,originals/ortvay/2022/Ortvay_2022_Q1-28__d32c71b7ccfcacc4.pdf,3118,d32c71b7ccfcacc407a28c7b5b2371d7c2bb46a599ba9e3ebb6262c5346523c2,9,9,,https://olimpicos.net/ortvay/index.html#2022,REJECT,high,,General-relativistic metric curvature and Einstein matter tensor,General-relativistic metric curvature and Einstein matter tensor,"The scalar equation of motion is supplied, but geodesic connection, curvature tensor and Einstein energy-momentum relation are not. They are the structural prerequisites for the entire requested gravitational interpretation.",0,0,single_pass_complete,2026-10-04T01:12:44.194431+00:00,"Complete actual Ortvay 2022 printed Q25, physical p9 read from SHA-verified cache. Full-page renders pp1-4,6,8,10 checked for diagrams and broken formula extraction. All twelve physical pages read for top-level completeness; no associated official solution exists in the acquired inventory. All internal bullets/letters remain inside the printed question.",content_boundary_verified,,,REJECT
raw::5470,5470,0,Ortvay,ortvay,Open,2023,Problems,theory,16,Twist and curl of elastic band *,source_authored,originals/ortvay/2023/Ortvay_2023_Q1-33__c0a5117145c67edc.pdf,3120,c0a5117145c67edc2dfe8953dcc7865438f65e099fe6e73b2ec19616ab27b5f7,6,6,,https://olimpicos.net/ortvay/index.html#2023,REJECT,high,I_force_motion,Twist-to-writhe elastic-rod buckling,Twist-to-writhe elastic-rod buckling,The critical twist depends centrally on unsupplied bending/torsional elastic energy and stability of a deformable rod. Rigid-body torque and the supplied tension/geometry do not define those constitutive relations.,1,0,single_pass_complete,2026-10-04T01:08:14.744407+00:00,"Complete actual printed Ortvay 2023 Q16, physical p6, read from verified SHA-keyed cache; figures/matrices on pp1,6,7,8,9,12 inspected in full-page renders. All thirteen pages checked for Q1-Q33 and additional tasks. No associated solution file exists in this source inventory. Whole numbered problem retained with all internal subparts.",content_boundary_verified,,,REJECT
raw::5473,5473,0,Ortvay,ortvay,Open,2023,Problems,theory,19,Sloshing in stratified cocktail *,source_authored,originals/ortvay/2023/Ortvay_2023_Q1-33__c0a5117145c67edc.pdf,3120,c0a5117145c67edc2dfe8953dcc7865438f65e099fe6e73b2ec19616ab27b5f7,7,7,,https://olimpicos.net/ortvay/index.html#2023,REJECT,high,II_oscillations_waves,Coupled internal and free-surface gravity-wave modes of stratified fluids,Coupled internal and free-surface gravity-wave modes of stratified fluids,Density and layer thickness alone do not supply the dynamical wave model. Deriving two-layer sloshing eigenfrequencies centrally needs unsupplied continuum-fluid velocity/potential equations and interface boundary dynamics throughout the task.,1,0,single_pass_complete,2026-10-04T01:08:14.744455+00:00,"Complete actual printed Ortvay 2023 Q19, physical p7, read from verified SHA-keyed cache; figures/matrices on pp1,6,7,8,9,12 inspected in full-page renders. All thirteen pages checked for Q1-Q33 and additional tasks. No associated solution file exists in this source inventory. Whole numbered problem retained with all internal subparts.",content_boundary_verified,,,REJECT
raw::5482,5482,0,Ortvay,ortvay,Open,2023,Problems,theory,28,Particle in relativistic scalar field *,source_authored,originals/ortvay/2023/Ortvay_2023_Q1-33__c0a5117145c67edc.pdf,3120,c0a5117145c67edc2dfe8953dcc7865438f65e099fe6e73b2ec19616ab27b5f7,10,10,,https://olimpicos.net/ortvay/index.html#2023,REJECT,high,,Relativistic scalar coupling and rapidity dynamics,Relativistic scalar coupling and rapidity dynamics,"Giving the action does not define proper-time kinematics, rapidity or relativistic variational dependencies. These unsupplied specialized concepts control the sole requested equation.",0,0,single_pass_complete,2026-10-04T01:08:14.744617+00:00,"Complete actual printed Ortvay 2023 Q28, physical p10, read from verified SHA-keyed cache; figures/matrices on pp1,6,7,8,9,12 inspected in full-page renders. All thirteen pages checked for Q1-Q33 and additional tasks. No associated solution file exists in this source inventory. Whole numbered problem retained with all internal subparts.",content_boundary_verified,,,REJECT
raw::5483,5483,0,Ortvay,ortvay,Open,2023,Problems,theory,29,Relativistic fall in scalar field *,source_authored,originals/ortvay/2023/Ortvay_2023_Q1-33__c0a5117145c67edc.pdf,3120,c0a5117145c67edc2dfe8953dcc7865438f65e099fe6e73b2ec19616ab27b5f7,11,11,,https://olimpicos.net/ortvay/index.html#2023,REJECT,high,,Relativistic scalar-field free fall,Relativistic scalar-field free fall,"The linear potential and earlier scalar action are supplied, but proper-time/coordinate-time transformation and scalar mass dynamics are not. Their distinction from Newtonian fall is the central work, not a peripheral extension.",0,0,single_pass_complete,2026-10-04T01:08:14.744632+00:00,"Complete actual printed Ortvay 2023 Q29, physical p11, read from verified SHA-keyed cache; figures/matrices on pp1,6,7,8,9,12 inspected in full-page renders. All thirteen pages checked for Q1-Q33 and additional tasks. No associated solution file exists in this source inventory. Whole numbered problem retained with all internal subparts.",content_boundary_verified,,,REJECT
raw::5484,5484,0,Ortvay,ortvay,Open,2023,Problems,theory,30,Relativistic rocket with fuel economy *,source_authored,originals/ortvay/2023/Ortvay_2023_Q1-33__c0a5117145c67edc.pdf,3120,c0a5117145c67edc2dfe8953dcc7865438f65e099fe6e73b2ec19616ab27b5f7,11,11,,https://olimpicos.net/ortvay/index.html#2023,REJECT,high,,Relativistic rocket dynamics with proper-time fuel consumption,Relativistic rocket dynamics with proper-time fuel consumption,"The exhaust speed and fuel fraction are given; relativistic momentum balance, rapidity, proper acceleration and elapsed-time conversion are not. They structurally control all travel and apparent-weight tasks.",0,0,single_pass_complete,2026-10-04T01:08:14.744647+00:00,"Complete actual printed Ortvay 2023 Q30, physical p11, read from verified SHA-keyed cache; figures/matrices on pp1,6,7,8,9,12 inspected in full-page renders. All thirteen pages checked for Q1-Q33 and additional tasks. No associated solution file exists in this source inventory. Whole numbered problem retained with all internal subparts.",content_boundary_verified,,,REJECT
raw::5486,5486,0,Ortvay,ortvay,Open,2023,Problems,theory,32,Entanglement of triplet state *,source_authored,originals/ortvay/2023/Ortvay_2023_Q1-33__c0a5117145c67edc.pdf,3120,c0a5117145c67edc2dfe8953dcc7865438f65e099fe6e73b2ec19616ab27b5f7,12,12,,https://olimpicos.net/ortvay/index.html#2023,REJECT,high,,Entanglement entropy and SU(2) spin-state interpretation,Entanglement entropy and SU(2) spin-state interpretation,"Bell and triplet vectors are given, but reduced-state density matrices, von Neumann entropy and invariance under local versus global rotations are not. Those quantum-information concepts are the sole central question.",1,0,single_pass_complete,2026-10-04T01:08:14.744678+00:00,"Complete actual printed Ortvay 2023 Q32, physical p12, read from verified SHA-keyed cache; figures/matrices on pp1,6,7,8,9,12 inspected in full-page renders. All thirteen pages checked for Q1-Q33 and additional tasks. No associated solution file exists in this source inventory. Whole numbered problem retained with all internal subparts.",content_boundary_verified,,,REJECT
raw::5441,5441,0,Ortvay,ortvay,Open,2024,Problems,theory,19,Dielectric cube in electric field *,source_authored,originals/ortvay/2024/Ortvay_2024_Q1-32__d7b856084d015912.pdf,3117,d7b856084d0159122329b2a3f86f123a2517d99b2f2a05607d9df93acf02f2c9,8,8,,https://olimpicos.net/ortvay/index.html#2024,REJECT,high,,Anisotropic electrostriction and adiabatic electrocaloric response,Anisotropic electrostriction and adiabatic electrocaloric response,Cubic-crystal versus isotropic strain and temperature response centrally requires unsupplied material constitutive and susceptibility-strain/temperature relations; ordinary electrostatics alone does not determine the answer.,1,0,single_pass_complete,2026-10-04T00:56:49.453474+00:00,"Complete actual Ortvay 2024 source paper read, all 13 page renders inspected including photos, vector formulas, windings and matrices. Each numbered Q1-Q32 remains one whole problem; no internal a/b/c split. No associated worked solutions are present in this source inventory.",content_boundary_verified,,,REJECT
raw::5442,5442,0,Ortvay,ortvay,Open,2024,Problems,theory,20,Relativistic round trip *,source_authored,originals/ortvay/2024/Ortvay_2024_Q1-32__d7b856084d015912.pdf,3117,d7b856084d0159122329b2a3f86f123a2517d99b2f2a05607d9df93acf02f2c9,8,8,,https://olimpicos.net/ortvay/index.html#2024,REJECT,high,,Relativistic proper acceleration and elapsed proper time,Relativistic proper acceleration and elapsed proper time,"The entire round trip requires unsupplied special-relativistic acceleration transformation and time dilation, especially at the light-year scale.",1,0,single_pass_complete,2026-10-04T00:56:49.453490+00:00,"Complete actual Ortvay 2024 source paper read, all 13 page renders inspected including photos, vector formulas, windings and matrices. Each numbered Q1-Q32 remains one whole problem; no internal a/b/c split. No associated worked solutions are present in this source inventory.",content_boundary_verified,,,REJECT
raw::5443,5443,0,Ortvay,ortvay,Open,2024,Problems,theory,21,Rindler coordinates and wave equation *,source_authored,originals/ortvay/2024/Ortvay_2024_Q1-32__d7b856084d015912.pdf,3117,d7b856084d0159122329b2a3f86f123a2517d99b2f2a05607d9df93acf02f2c9,8,8,,https://olimpicos.net/ortvay/index.html#2024,REJECT,high,,Rindler coordinate geometry and scalar-field mode transformations,Rindler coordinate geometry and scalar-field mode transformations,"Proper-time simultaneity, the Riemann metric, covariant wave equation and field-mode transformation are structural unsupplied prerequisites throughout.",1,0,single_pass_complete,2026-10-04T00:56:49.453505+00:00,"Complete actual Ortvay 2024 source paper read, all 13 page renders inspected including photos, vector formulas, windings and matrices. Each numbered Q1-Q32 remains one whole problem; no internal a/b/c split. No associated worked solutions are present in this source inventory.",content_boundary_verified,,,REJECT
raw::5448,5448,0,Ortvay,ortvay,Open,2024,Problems,theory,26,Quantum ferromagnetic molecule excitations *,source_authored,originals/ortvay/2024/Ortvay_2024_Q1-32__d7b856084d015912.pdf,3117,d7b856084d0159122329b2a3f86f123a2517d99b2f2a05607d9df93acf02f2c9,10,10,,https://olimpicos.net/ortvay/index.html#2024,REJECT,high,,Quantum spin-chain states and transition probabilities,Quantum spin-chain states and transition probabilities,"Ground-state spin projections and propagation probabilities require unsupplied spin-operator algebra, state evolution and quantum measurement rules. The stated Hamiltonian alone does not supply that machinery.",1,0,single_pass_complete,2026-10-04T00:56:49.453592+00:00,"Complete actual Ortvay 2024 source paper read, all 13 page renders inspected including photos, vector formulas, windings and matrices. Each numbered Q1-Q32 remains one whole problem; no internal a/b/c split. No associated worked solutions are present in this source inventory.",content_boundary_verified,,,REJECT
raw::5451,5451,0,Ortvay,ortvay,Open,2024,Problems,theory,29,Landau levels for generalized Dirac *,source_authored,originals/ortvay/2024/Ortvay_2024_Q1-32__d7b856084d015912.pdf,3117,d7b856084d0159122329b2a3f86f123a2517d99b2f2a05607d9df93acf02f2c9,12,12,,https://olimpicos.net/ortvay/index.html#2024,REJECT,high,,Spin-dependent Landau quantization,Spin-dependent Landau quantization,"Landau levels require unsupplied magnetic minimal coupling, momentum-operator commutators and arbitrary-spin quantum representations; these control the entire task.",1,0,single_pass_complete,2026-10-04T00:56:49.453648+00:00,"Complete actual Ortvay 2024 source paper read, all 13 page renders inspected including photos, vector formulas, windings and matrices. Each numbered Q1-Q32 remains one whole problem; no internal a/b/c split. No associated worked solutions are present in this source inventory.",content_boundary_verified,,,REJECT
raw::5452,5452,0,Ortvay,ortvay,Open,2024,Problems,theory,30,Quasi-spin Heisenberg evolution *,source_authored,originals/ortvay/2024/Ortvay_2024_Q1-32__d7b856084d015912.pdf,3117,d7b856084d0159122329b2a3f86f123a2517d99b2f2a05607d9df93acf02f2c9,12,12,,https://olimpicos.net/ortvay/index.html#2024,REJECT,high,,Heisenberg-picture quasispin operator evolution,Heisenberg-picture quasispin operator evolution,The requested time-dependent momentum needs unsupplied canonical quantum commutators and Heisenberg/unitary evolution; giving a Hamiltonian and hints is insufficient.,1,0,single_pass_complete,2026-10-04T00:56:49.453665+00:00,"Complete actual Ortvay 2024 source paper read, all 13 page renders inspected including photos, vector formulas, windings and matrices. Each numbered Q1-Q32 remains one whole problem; no internal a/b/c split. No associated worked solutions are present in this source inventory.",content_boundary_verified,,,REJECT
raw::5453,5453,0,Ortvay,ortvay,Open,2024,Problems,theory,31,EPR function not a Wigner function *,source_authored,originals/ortvay/2024/Ortvay_2024_Q1-32__d7b856084d015912.pdf,3117,d7b856084d0159122329b2a3f86f123a2517d99b2f2a05607d9df93acf02f2c9,12,12,,https://olimpicos.net/ortvay/index.html#2024,REJECT,high,,Quantum admissibility of a phase-space Wigner function,Quantum admissibility of a phase-space Wigner function,"Distinguishing a positive Gaussian from a valid Wigner function requires unsupplied quantum phase-space admissibility/uncertainty criteria, which are the central insight.",1,0,single_pass_complete,2026-10-04T00:56:49.453681+00:00,"Complete actual Ortvay 2024 source paper read, all 13 page renders inspected including photos, vector formulas, windings and matrices. Each numbered Q1-Q32 remains one whole problem; no internal a/b/c split. No associated worked solutions are present in this source inventory.",content_boundary_verified,,,REJECT
raw::5404,5404,0,Ortvay,ortvay,Open,2025,Problems,theory,7,Hamiltonian with r Φ(p) *,source_authored,originals/ortvay/2025/Ortvay_2025_Q1-25__84291fb1a1f4cb47.pdf,3116,84291fb1a1f4cb47fb4421eff335da153122895da349ce09c1b25f00461c7ab8,3,3,,https://olimpicos.net/ortvay/index.html#2025,REJECT,high,,Canonical Hamiltonian dynamics for a nonstandard momentum-dependent Hamiltonian,Canonical Hamiltonian dynamics for a nonstandard momentum-dependent Hamiltonian,Canonical phase-space evolution is not supplied. It is the central physical machinery for both requested derivations; a Hamiltonian expression alone does not give the Newtonian force/velocity relations.,1,0,single_pass_complete,2026-10-04T00:07:46.171644+00:00,Complete source file 3116 physical pp1-12 read in embedded text and actual page renders. Each printed 1-25 problem remains whole; internal lettered parts are not screening units. Q23 source-linked article v2 model and Figure 10 separately inspected and preserved with provenance.,content_boundary_verified,,,REJECT
raw::5406,5406,0,Ortvay,ortvay,Open,2025,Problems,theory,9,Dispersion for moving observer *,source_authored,originals/ortvay/2025/Ortvay_2025_Q1-25__84291fb1a1f4cb47.pdf,3116,84291fb1a1f4cb47fb4421eff335da153122895da349ce09c1b25f00461c7ab8,3,3,,https://olimpicos.net/ortvay/index.html#2025,REJECT,high,II_oscillations_waves,Moving-observer relativistic dispersion and Klein-Gordon field relation,Moving-observer relativistic dispersion and Klein-Gordon field relation,The second part centrally requires an unsupplied Klein-Gordon equation and its frame-dependent dispersion; ordinary sound Doppler alone does not cover most meaningful work.,1,0,single_pass_complete,2026-10-04T00:07:46.171702+00:00,Complete source file 3116 physical pp1-12 read in embedded text and actual page renders. Each printed 1-25 problem remains whole; internal lettered parts are not screening units. Q23 source-linked article v2 model and Figure 10 separately inspected and preserved with provenance.,content_boundary_verified,,,REJECT
raw::5407,5407,0,Ortvay,ortvay,Open,2025,Problems,theory,10,Elastic wave in layered half-space *,source_authored,originals/ortvay/2025/Ortvay_2025_Q1-25__84291fb1a1f4cb47.pdf,3116,84291fb1a1f4cb47fb4421eff335da153122895da349ce09c1b25f00461c7ab8,4,4,,https://olimpicos.net/ortvay/index.html#2025,REJECT,high,II_oscillations_waves,"Continuum elastic wave mode conversion, interface traction and guided-layer dispersion","Continuum elastic wave mode conversion, interface traction and guided-layer dispersion",Lamé constants are named but their continuum constitutive/evolution laws and traction matching are not supplied. These specialized elasticity laws determine both main tasks.,1,0,single_pass_complete,2026-10-04T00:07:46.171735+00:00,Complete source file 3116 physical pp1-12 read in embedded text and actual page renders. Each printed 1-25 problem remains whole; internal lettered parts are not screening units. Q23 source-linked article v2 model and Figure 10 separately inspected and preserved with provenance.,content_boundary_verified,,,REJECT
raw::5415,5415,0,Ortvay,ortvay,Open,2025,Problems,theory,18,Spin dynamics under nonlinear Hamiltonian *,source_authored,originals/ortvay/2025/Ortvay_2025_Q1-25__84291fb1a1f4cb47.pdf,3116,84291fb1a1f4cb47fb4421eff335da153122895da349ce09c1b25f00461c7ab8,6,6,,https://olimpicos.net/ortvay/index.html#2025,REJECT,high,,Heisenberg-picture spin operator evolution and ladder-operator matrix elements,Heisenberg-picture spin operator evolution and ladder-operator matrix elements,Spin commutator dynamics and the Heisenberg equation are unsupplied and central throughout. Listed hydrogen/Zeeman topics do not supply this general nonlinear operator problem.,1,0,single_pass_complete,2026-10-04T00:07:46.171935+00:00,Complete source file 3116 physical pp1-12 read in embedded text and actual page renders. Each printed 1-25 problem remains whole; internal lettered parts are not screening units. Q23 source-linked article v2 model and Figure 10 separately inspected and preserved with provenance.,content_boundary_verified,,,REJECT
raw::5418,5418,0,Ortvay,ortvay,Open,2025,Problems,theory,21,Shuttled harmonic trap ground-state probability *,source_authored,originals/ortvay/2025/Ortvay_2025_Q1-25__84291fb1a1f4cb47.pdf,3116,84291fb1a1f4cb47fb4421eff335da153122895da349ce09c1b25f00461c7ab8,8,8,,https://olimpicos.net/ortvay/index.html#2025,REJECT,high,II_oscillations_waves;VI_electric_field,Driven quantum oscillator ground-state survival probabilities,Driven quantum oscillator ground-state survival probabilities,"The oscillator potential is supplied, but quantum state evolution and overlap/coherent-state machinery are not. Those laws control every requested probability; familiar classical resonance is insufficient.",1,0,single_pass_complete,2026-10-04T00:07:46.171995+00:00,Complete source file 3116 physical pp1-12 read in embedded text and actual page renders. Each printed 1-25 problem remains whole; internal lettered parts are not screening units. Q23 source-linked article v2 model and Figure 10 separately inspected and preserved with provenance.,content_boundary_verified,,,REJECT
raw::5422,5422,0,Ortvay,ortvay,Open,2025,Problems,theory,25,Photon rocket to Zeta Monoculi *,source_authored,originals/ortvay/2025/Ortvay_2025_Q1-25__84291fb1a1f4cb47.pdf,3116,84291fb1a1f4cb47fb4421eff335da153122895da349ce09c1b25f00461c7ab8,11,12,,https://olimpicos.net/ortvay/index.html#2025,REJECT,high,I_force_motion,"Relativistic photon rocket, proper-time itinerary and integrated acceleration","Relativistic photon rocket, proper-time itinerary and integrated acceleration","The supplied fitness rate does not supply proper-time, photon-rocket or relativistic trajectory laws. Those external laws are essential to the entire travel calculation.",1,0,pass_2_complete,2026-10-04T00:07:46.172075+00:00,Complete source file 3116 physical pp1-12 read in embedded text and actual page renders. Each printed 1-25 problem remains whole; internal lettered parts are not screening units. Q23 source-linked article v2 model and Figure 10 separately inspected and preserved with provenance.,content_boundary_verified,2026-10-04T00:20:52.008704+00:00,,REJECT
raw::5388,5388,0,Ortvay,ortvay,Open,2026,Problems,theory,15,Hamiltonian with tangent potential *,source_authored,originals/ortvay/2026/Ortvay_2026_Q1-24__ea61fafa8228c3ed.pdf,3115,ea61fafa8228c3ed2a890e5c2f65ed8853f41d2c39e60d8b0957edfeac4dfba3,6,6,"{""top_level_label"": ""15"", ""boundary_note"": ""All internal parts retained as one unit; numbered neighboring problems excluded.""}",https://olimpicos.net/ortvay/index.html#2026,REJECT,high,,Canonical Hamiltonian dynamics and phase-space stability,Hamiltonian canonical mechanics,"An arbitrary nonquadratic Hamiltonian is supplied, but canonical equations and their interpretation are the central unsupplied formalism, rather than Newtonian general physics.",1,0,single_pass_complete,2026-10-03T22:29:02.147871+00:00,"Read complete top-level statement in cached file 3115, pages 6-6. An arbitrary nonquadratic Hamiltonian is supplied, but canonical equations and their interpretation are the central unsupplied formalism, rather than Newtonian general physics.",content_boundary_verified,,,REJECT
raw::5391,5391,0,Ortvay,ortvay,Open,2026,Problems,theory,18,Classical spins on a cube *,source_authored,originals/ortvay/2026/Ortvay_2026_Q1-24__ea61fafa8228c3ed.pdf,3115,ea61fafa8228c3ed2a890e5c2f65ed8853f41d2c39e60d8b0957edfeac4dfba3,7,7,"{""top_level_label"": ""18"", ""boundary_note"": ""All internal parts retained as one unit; numbered neighboring problems excluded.""}",https://olimpicos.net/ortvay/index.html#2026,REJECT,high,,Classical Heisenberg exchange model and spin-equilibrium stability,Unsupplied Heisenberg exchange model,The central Heisenberg-type exchange interaction is named but its energy law and machinery are not supplied; phenomenological magnetization knowledge alone is insufficient.,1,0,pass_2_complete,2026-10-03T22:29:02.147925+00:00,"Read complete top-level statement in cached file 3115, pages 7-7. The central Heisenberg-type exchange interaction is named but its energy law and machinery are not supplied; phenomenological magnetization knowledge alone is insufficient.",content_boundary_verified,2026-10-03T22:29:49.679152+00:00,,REJECT
raw::5392,5392,0,Ortvay,ortvay,Open,2026,Problems,theory,19,Scalar field scattering cross section *,source_authored,originals/ortvay/2026/Ortvay_2026_Q1-24__ea61fafa8228c3ed.pdf,3115,ea61fafa8228c3ed2a890e5c2f65ed8853f41d2c39e60d8b0957edfeac4dfba3,7,7,"{""top_level_label"": ""19"", ""boundary_note"": ""All internal parts retained as one unit; numbered neighboring problems excluded.""}",https://olimpicos.net/ortvay/index.html#2026,REJECT,high,,Relativistic scalar-field coupling and differential scattering cross section,Relativistic scalar-field dynamics,Calling the field a four-scalar requires an unsupplied relativistic coupling/dynamical law; a radial scalar profile alone does not provide it.,1,0,single_pass_complete,2026-10-03T22:29:02.147942+00:00,"Read complete top-level statement in cached file 3115, pages 7-7. Calling the field a four-scalar requires an unsupplied relativistic coupling/dynamical law; a radial scalar profile alone does not provide it.",content_boundary_verified,,,REJECT
raw::5393,5393,0,Ortvay,ortvay,Open,2026,Problems,theory,20,Anisotropic mass from angular momentum *,source_authored,originals/ortvay/2026/Ortvay_2026_Q1-24__ea61fafa8228c3ed.pdf,3115,ea61fafa8228c3ed2a890e5c2f65ed8853f41d2c39e60d8b0957edfeac4dfba3,7,7,"{""top_level_label"": ""20"", ""boundary_note"": ""All internal parts retained as one unit; numbered neighboring problems excluded.""}",https://olimpicos.net/ortvay/index.html#2026,REJECT,high,,Quantum operator dynamics and repeated angular-momentum measurement,Quantum operator evolution and measurement,"The effective-mass Hamiltonian does not supply quantum evolution or measurement theory, which controls the whole protocol.",1,0,pass_2_complete,2026-10-03T22:29:02.147969+00:00,"Read complete top-level statement in cached file 3115, pages 7-7. The effective-mass Hamiltonian does not supply quantum evolution or measurement theory, which controls the whole protocol.",content_boundary_verified,2026-10-03T22:29:49.679778+00:00,,REJECT
raw::5395,5395,0,Ortvay,ortvay,Open,2026,Problems,theory,22,Flat universe with exotic equations of state *,source_authored,originals/ortvay/2026/Ortvay_2026_Q1-24__ea61fafa8228c3ed.pdf,3115,ea61fafa8228c3ed2a890e5c2f65ed8853f41d2c39e60d8b0957edfeac4dfba3,8,8,"{""top_level_label"": ""22"", ""boundary_note"": ""All internal parts retained as one unit; numbered neighboring problems excluded.""}",https://olimpicos.net/ortvay/index.html#2026,REJECT,high,,General-relativistic cosmology and Friedmann dynamics,General relativity and cosmology,Deriving Friedmann equations from a Robertson-Walker metric is central and unsupplied; equations of state do not make the gravitational theory self-contained.,1,0,pass_2_complete,2026-10-03T22:29:02.148007+00:00,"Read complete top-level statement in cached file 3115, pages 8-8. Deriving Friedmann equations from a Robertson-Walker metric is central and unsupplied; equations of state do not make the gravitational theory self-contained.",content_boundary_verified,2026-10-03T22:29:49.679738+00:00,,REJECT
raw::5396,5396,0,Ortvay,ortvay,Open,2026,Problems,theory,23,Hubbard model auxiliary field *,source_authored,originals/ortvay/2026/Ortvay_2026_Q1-24__ea61fafa8228c3ed.pdf,3115,ea61fafa8228c3ed2a890e5c2f65ed8853f41d2c39e60d8b0957edfeac4dfba3,9,9,"{""top_level_label"": ""23"", ""boundary_note"": ""All internal parts retained as one unit; numbered neighboring problems excluded.""}",https://olimpicos.net/ortvay/index.html#2026,REJECT,high,,"Fermionic coherent states, Grassmann integration and imaginary-time path integrals",Many-body quantum statistical field theory,Most work is an interacting Hubbard-model path integral with anticommuting fields and Matsubara modes; supplied identities do not replace this external conceptual framework.,0,0,single_pass_complete,2026-10-03T22:29:02.148027+00:00,"Read complete top-level statement in cached file 3115, pages 9-9. Most work is an interacting Hubbard-model path integral with anticommuting fields and Matsubara modes; supplied identities do not replace this external conceptual framework.",content_boundary_verified,,,REJECT
raw::5397,5397,0,Ortvay,ortvay,Open,2026,Problems,theory,24,Quantum cannonball wavefunction optimization *,source_authored,originals/ortvay/2026/Ortvay_2026_Q1-24__ea61fafa8228c3ed.pdf,3115,ea61fafa8228c3ed2a890e5c2f65ed8853f41d2c39e60d8b0957edfeac4dfba3,10,10,"{""top_level_label"": ""24"", ""boundary_note"": ""All internal parts retained as one unit; numbered neighboring problems excluded.""}",https://olimpicos.net/ortvay/index.html#2026,REJECT,high,,Quantum wavepacket propagation and probability optimization,Quantum wavepacket evolution,"Optimizing a wavefunction after free evolution requires unsupplied Schrödinger dynamics and quantum probability, beyond de Broglie and hydrogen-state knowledge.",0,0,pass_2_complete,2026-10-03T22:29:02.148044+00:00,"Read complete top-level statement in cached file 3115, pages 10-10. Optimizing a wavefunction after free evolution requires unsupplied Schrödinger dynamics and quantum probability, beyond de Broglie and hydrogen-state knowledge.",content_boundary_verified,2026-10-03T22:29:49.679664+00:00,,REJECT
raw::1825,1825,0,PanPhO,panpho,National,2010,Problems,unknown,8,Quantum Gravity,unknown,originals/panpho/2010/PanPhO_2010_Q1-9__c4bb8d8d3bce33c6.pdf,2110,c4bb8d8d3bce33c617316f9dc9f1f66671d1a00fe240b329aaeec6c372d3ee7a,4,5,,https://olimpicos.net/panpho/index.html#2010,REJECT,high,,"Large-redshift speed needs unsupplied relativistic Doppler law, controlling distance and subsequent time-delay inference; model speed correction alone is insufficient",,"REJECT: Large-redshift speed needs unsupplied relativistic Doppler law, controlling distance and subsequent time-delay inference; model speed correction alone is insufficient.",0,0,pass_2_complete,2026-10-04T11:39:53.713333+00:00,Complete actual statement source 2110 pp4-5; every internal task read in cached text.,source_individual_boundary,2026-10-04T11:39:54.836296+00:00,,REJECT
raw::1810,1810,0,PanPhO,panpho,National,2011,Problems,unknown,2,Electron momentum at three energies *,source_authored,originals/panpho/2011/PanPhO_2011_Q1-9__3544174f9a184c3f.pdf,2109,3544174f9a184c3f69d586d73be2f7a8b454ea259ed35a45b1b5e4b07ea257b2,1,1,,https://olimpicos.net/panpho/index.html#2011,REJECT,high,,Dominant electron momentum tasks require unsupplied relativistic energy-momentum relation,,REJECT: Dominant electron momentum tasks require unsupplied relativistic energy-momentum relation.,0,0,single_pass_complete,2026-10-04T11:39:53.713052+00:00,Complete actual statement source 2109 pp1-1; every internal task read in cached text.,source_individual_boundary,,,REJECT
raw::1815,1815,0,PanPhO,panpho,National,2011,Problems,unknown,7,Neutrino Oscillation,unknown,originals/panpho/2011/PanPhO_2011_Q1-9__3544174f9a184c3f.pdf,2109,3544174f9a184c3f69d586d73be2f7a8b454ea259ed35a45b1b5e4b07ea257b2,4,4,,https://olimpicos.net/panpho/index.html#2011,REJECT,high,,Neutrino oscillation period is supplied but all substantive mass/speed/energy inference requires unsupplied relativistic dispersion,,REJECT: Neutrino oscillation period is supplied but all substantive mass/speed/energy inference requires unsupplied relativistic dispersion.,0,0,single_pass_complete,2026-10-04T11:39:53.713150+00:00,Complete actual statement source 2109 pp4-4; every internal task read in cached text.,source_individual_boundary,,,REJECT
raw::1800,1800,0,PanPhO,panpho,National,2012,Problems,unknown,1,Neutrino mass from speed bound *,source_authored,originals/panpho/2012/PanPhO_2012_Q1-9__0e04c7086f44fe49.pdf,2105,0e04c7086f44fe49d0b60ce012e5e45fafb725daa0cd49af44aee6460b60d187,1,1,,https://olimpicos.net/panpho/index.html#2012,REJECT,high,,Unsupplied relativistic total-energy versus speed relation is the entire neutrino mass inference,,REJECT: Unsupplied relativistic total-energy versus speed relation is the entire neutrino mass inference.,0,0,single_pass_complete,2026-10-04T11:39:53.712376+00:00,Complete actual statement source 2105 pp1-1; every internal task read in cached text.,source_individual_boundary,,,REJECT
raw::1807,1807,0,PanPhO,panpho,National,2012,Problems,unknown,8,Y-Meson,unknown,originals/panpho/2012/PanPhO_2012_Q1-9__0e04c7086f44fe49.pdf,2105,0e04c7086f44fe49d0b60ce012e5e45fafb725daa0cd49af44aee6460b60d187,3,4,,https://olimpicos.net/panpho/index.html#2012,REJECT,high,,"Central meson production and decay require unsupplied relativistic momentum, energy and lifetime dilation",,"REJECT: Central meson production and decay require unsupplied relativistic momentum, energy and lifetime dilation.",0,0,single_pass_complete,2026-10-04T11:39:53.712970+00:00,Complete actual statement source 2105 pp3-4; every internal task read in cached text.,source_individual_boundary,,,REJECT
raw::5370,5370,0,Physics Brawl,physicsbrawl,Open,2012,Problems,unknown,41,X.1: in the subway,unknown,originals/physicsbrawl/2012/PhysicsBrawl_2012_Q1-44__ea653ce671815acc.pdf,3114,ea653ce671815accc82a31ee9964a693137ee7a9d79bb5e868fd6833692b69c7,32,32,,https://olimpicos.net/physicsbrawl/index.html#2012,REJECT,high,,Unsupplied relativistic velocity addition,,REJECT: Unsupplied relativistic velocity addition is central and not supplied.,0,0,single_pass_complete,2026-10-04T06:55:55.527665+00:00,"Fast statement pass: source 3114, printed X.1, pp 32-32. Complete statement read.",source_individual_boundary,,,REJECT
raw::5372,5372,0,Physics Brawl,physicsbrawl,Open,2012,Problems,unknown,43,X.3: blip,unknown,originals/physicsbrawl/2012/PhysicsBrawl_2012_Q1-44__ea653ce671815acc.pdf,3114,ea653ce671815accc82a31ee9964a693137ee7a9d79bb5e868fd6833692b69c7,33,33,,https://olimpicos.net/physicsbrawl/index.html#2012,REJECT,high,,Unsupplied relativistic mass-speed relation,,REJECT: Unsupplied relativistic mass-speed relation is central and not supplied.,0,0,single_pass_complete,2026-10-04T06:55:55.527697+00:00,"Fast statement pass: source 3114, printed X.3, pp 33-33. Complete statement read.",source_individual_boundary,,,REJECT
raw::5289,5289,0,Physics Brawl,physicsbrawl,Open,2013,Problems,unknown,9,upgrade,unknown,originals/physicsbrawl/2013/PhysicsBrawl_2013_Q1-49__fb942431f047308b.pdf,3113,fb942431f047308b932bccfcd2c19a1faa9a7da5d0491394e2734de341898fe0,6,6,,https://olimpicos.net/physicsbrawl/index.html#2013,REJECT,high,,Unsupplied relativistic energy-speed relation,,REJECT: Unsupplied relativistic energy-speed relation is central and not supplied.,0,0,single_pass_complete,2026-10-04T06:55:20.374368+00:00,"Fast statement pass: source 3113, printed FoL.9, pp 6-6. Complete statement read.",source_individual_boundary,,,REJECT
raw::5312,5312,0,Physics Brawl,physicsbrawl,Open,2013,Problems,unknown,32,Flash,unknown,originals/physicsbrawl/2013/PhysicsBrawl_2013_Q1-49__fb942431f047308b.pdf,3113,fb942431f047308b932bccfcd2c19a1faa9a7da5d0491394e2734de341898fe0,23,23,,https://olimpicos.net/physicsbrawl/index.html#2013,REJECT,high,,Unsupplied relativistic momentum and kinetic energy,,REJECT: Unsupplied relativistic momentum and kinetic energy is central and not supplied.,0,0,single_pass_complete,2026-10-04T06:55:20.374837+00:00,"Fast statement pass: source 3113, printed FoL.32, pp 23-23. Complete statement read.",source_individual_boundary,,,REJECT
raw::5260,5260,0,Physics Brawl,physicsbrawl,Open,2014,Problems,unknown,34,feather-light,unknown,originals/physicsbrawl/2014/PhysicsBrawl_2014_Q1-54__67f88af2e56aa03e.pdf,3112,67f88af2e56aa03e266b6ffcb2df599044a6c822f9e88bf1a5b1c5ef38d57c78,24,24,,https://olimpicos.net/physicsbrawl/index.html#2014,REJECT,high,,Unsupplied relativistic transverse Doppler relation,,REJECT: Unsupplied relativistic transverse Doppler relation is central and not supplied.,0,0,single_pass_complete,2026-10-04T06:54:40.798396+00:00,"Fast statement pass: source 3112, printed FoL.34, pp 24-24. Complete statement read.",source_individual_boundary,,,REJECT
raw::5261,5261,0,Physics Brawl,physicsbrawl,Open,2014,Problems,unknown,35,an accelerated one,unknown,originals/physicsbrawl/2014/PhysicsBrawl_2014_Q1-54__67f88af2e56aa03e.pdf,3112,67f88af2e56aa03e266b6ffcb2df599044a6c822f9e88bf1a5b1c5ef38d57c78,25,25,,https://olimpicos.net/physicsbrawl/index.html#2014,REJECT,high,,Unsupplied relativistic energy-speed relation,,REJECT: Unsupplied relativistic energy-speed relation is central and not supplied.,0,0,single_pass_complete,2026-10-04T06:54:40.798412+00:00,"Fast statement pass: source 3112, printed FoL.35, pp 25-25. Complete statement read.",source_individual_boundary,,,REJECT
raw::5277,5277,0,Physics Brawl,physicsbrawl,Open,2014,Problems,unknown,51,X.1: uncertain bacteria,unknown,originals/physicsbrawl/2014/PhysicsBrawl_2014_Q1-54__67f88af2e56aa03e.pdf,3112,67f88af2e56aa03e266b6ffcb2df599044a6c822f9e88bf1a5b1c5ef38d57c78,36,36,,https://olimpicos.net/physicsbrawl/index.html#2014,REJECT,high,,Unsupplied Heisenberg uncertainty principle,,REJECT: Unsupplied Heisenberg uncertainty principle is central and not supplied.,0,0,single_pass_complete,2026-10-04T06:54:40.798691+00:00,"Fast statement pass: source 3112, printed X.1, pp 36-36. Complete statement read.",source_individual_boundary,,,REJECT
raw::5278,5278,0,Physics Brawl,physicsbrawl,Open,2014,Problems,unknown,52,X.2: a lecture on relativity,unknown,originals/physicsbrawl/2014/PhysicsBrawl_2014_Q1-54__67f88af2e56aa03e.pdf,3112,67f88af2e56aa03e266b6ffcb2df599044a6c822f9e88bf1a5b1c5ef38d57c78,37,37,,https://olimpicos.net/physicsbrawl/index.html#2014,REJECT,high,,Unsupplied relativistic velocity addition,,REJECT: Unsupplied relativistic velocity addition is central and not supplied.,0,0,single_pass_complete,2026-10-04T06:54:40.798707+00:00,"Fast statement pass: source 3112, printed X.2, pp 37-37. Complete statement read.",source_individual_boundary,,,REJECT
raw::5209,5209,0,Physics Brawl,physicsbrawl,Open,2015,Problems,unknown,45,wavy electron,unknown,originals/physicsbrawl/2015/PhysicsBrawl_2015_Q1-62__678a126ec7d21d19.pdf,3111,678a126ec7d21d19867cc735f9ce5c97c7a52007e4b596511777cbebec07eac1,33,33,,https://olimpicos.net/physicsbrawl/index.html#2015,REJECT,high,,Unsupplied relativistic energy-momentum relation,,REJECT: Unsupplied relativistic energy-momentum relation is central and not supplied.,0,0,single_pass_complete,2026-10-04T06:54:00.542116+00:00,"Fast statement pass: source 3111, printed FoL.45, pp 33-33. Complete statement read. Official solution p33 confirms relativistic momentum prerequisite.",source_individual_boundary,,,REJECT
raw::5226,5226,0,Physics Brawl,physicsbrawl,Open,2015,Problems,unknown,62,X.4: antichemical,unknown,originals/physicsbrawl/2015/PhysicsBrawl_2015_Q1-62__678a126ec7d21d19.pdf,3111,678a126ec7d21d19867cc735f9ce5c97c7a52007e4b596511777cbebec07eac1,43,43,,https://olimpicos.net/physicsbrawl/index.html#2015,REJECT,high,,Unsupplied atomic orbital filling order and quantum numbers,,REJECT: Unsupplied atomic orbital filling order and quantum numbers is central and not supplied.,0,0,single_pass_complete,2026-10-04T06:54:00.542394+00:00,"Fast statement pass: source 3111, printed X.4, pp 43-43. Complete statement read.",source_individual_boundary,,,REJECT
raw::5141,5141,0,Physics Brawl,physicsbrawl,Open,2016,Problems,unknown,44,twin paradox,unknown,originals/physicsbrawl/2016/PhysicsBrawl_2016_Q1-67__43ffdcce08814eec.pdf,3110,43ffdcce08814eec8b77e06e028f93147b0bb10ff038c03806fbeef960d865a8,28,28,,https://olimpicos.net/physicsbrawl/index.html#2016,REJECT,high,,Unsupplied Lorentz velocity addition and clock dilation,,REJECT: Unsupplied Lorentz velocity addition and clock dilation is central and not supplied.,0,0,single_pass_complete,2026-10-04T06:50:29.160609+00:00,"Fast statement pass: source 3110, printed FoL.44, pp28-28. Complete typography-delimited statement read.",source_individual_boundary,,,REJECT
raw::5161,5161,0,Physics Brawl,physicsbrawl,Open,2016,Problems,unknown,64,X.1: Odysea and Prometheus,unknown,originals/physicsbrawl/2016/PhysicsBrawl_2016_Q1-67__43ffdcce08814eec.pdf,3110,43ffdcce08814eec8b77e06e028f93147b0bb10ff038c03806fbeef960d865a8,47,47,,https://olimpicos.net/physicsbrawl/index.html#2016,REJECT,high,,Unsupplied Lorentz relative length contraction,,REJECT: Unsupplied Lorentz relative length contraction is central and not supplied.,0,0,single_pass_complete,2026-10-04T06:50:29.160947+00:00,"Fast statement pass: source 3110, printed X.1, pp47-47. Complete typography-delimited statement read.",source_individual_boundary,,,REJECT
raw::5066,5066,0,Physics Brawl,physicsbrawl,Open,2017,Problems,unknown,32,we’ll be there in no time,unknown,originals/physicsbrawl/2017/PhysicsBrawl_2017_Q1-63__ae917506c6844a78.pdf,3109,ae917506c6844a7877240904897d26453d8e62baa48753d361f1038c272ed4ba,22,22,,https://olimpicos.net/physicsbrawl/index.html#2017,REJECT,high,,Unsupplied cosmological Hubble distance law,,REJECT: Unsupplied cosmological Hubble distance law is central and not supplied.,0,0,single_pass_complete,2026-10-04T06:49:24.036431+00:00,"Fast statement pass: source 3109, printed FoL.32, pp22-22. Complete typography-delimited statement read.",source_individual_boundary,,,REJECT
raw::5083,5083,0,Physics Brawl,physicsbrawl,Open,2017,Problems,unknown,49,space cowboy,unknown,originals/physicsbrawl/2017/PhysicsBrawl_2017_Q1-63__ae917506c6844a78.pdf,3109,ae917506c6844a7877240904897d26453d8e62baa48753d361f1038c272ed4ba,36,36,,https://olimpicos.net/physicsbrawl/index.html#2017,REJECT,high,,Unsupplied relativistic recoil and velocity addition,,REJECT: Unsupplied relativistic recoil and velocity addition is central and not supplied.,0,0,single_pass_complete,2026-10-04T06:49:24.036717+00:00,"Fast statement pass: source 3109, printed FoL.49, pp36-36. Complete typography-delimited statement read.",source_individual_boundary,,,REJECT
raw::5001,5001,0,Physics Brawl,physicsbrawl,Open,2018,Problems,unknown,27,Paťo is doing sports,unknown,originals/physicsbrawl/2018/PhysicsBrawl_2018_Q1-60__fb23fd1092e08b74.pdf,3108,fb23fd1092e08b74e183cb080eab8290b737a7f6473f132296085670a1197ff5,18,18,,https://olimpicos.net/physicsbrawl/index.html#2018,REJECT,high,,Unsupplied proper-time dilation,,REJECT: Unsupplied proper-time dilation is central and not supplied.,0,0,single_pass_complete,2026-10-04T06:48:33.955957+00:00,"Fast statement pass: source 3108, printed FoL.27, pp18-18. Complete typography-delimited statement read.",source_individual_boundary,,,REJECT
raw::5003,5003,0,Physics Brawl,physicsbrawl,Open,2018,Problems,unknown,29,Einstein with Cherenkov,unknown,originals/physicsbrawl/2018/PhysicsBrawl_2018_Q1-60__fb23fd1092e08b74.pdf,3108,fb23fd1092e08b74e183cb080eab8290b737a7f6473f132296085670a1197ff5,19,19,,https://olimpicos.net/physicsbrawl/index.html#2018,REJECT,high,,Unsupplied relativistic kinetic energy at light-in-medium threshold,,REJECT: Unsupplied relativistic kinetic energy at light-in-medium threshold is central and not supplied.,0,0,single_pass_complete,2026-10-04T06:48:33.955990+00:00,"Fast statement pass: source 3108, printed FoL.29, pp19-19. Complete typography-delimited statement read.",source_individual_boundary,,,REJECT
raw::5005,5005,0,Physics Brawl,physicsbrawl,Open,2018,Problems,unknown,31,spacey,unknown,originals/physicsbrawl/2018/PhysicsBrawl_2018_Q1-60__fb23fd1092e08b74.pdf,3108,fb23fd1092e08b74e183cb080eab8290b737a7f6473f132296085670a1197ff5,21,21,,https://olimpicos.net/physicsbrawl/index.html#2018,REJECT,high,,Unsupplied relativistic light Doppler shift,,REJECT: Unsupplied relativistic light Doppler shift is central and not supplied.,0,0,single_pass_complete,2026-10-04T06:48:33.956040+00:00,"Fast statement pass: source 3108, printed FoL.31, pp21-21. Complete typography-delimited statement read.",source_individual_boundary,,,REJECT
raw::5020,5020,0,Physics Brawl,physicsbrawl,Open,2018,Problems,unknown,46,stellar sail,unknown,originals/physicsbrawl/2018/PhysicsBrawl_2018_Q1-60__fb23fd1092e08b74.pdf,3108,fb23fd1092e08b74e183cb080eab8290b737a7f6473f132296085670a1197ff5,34,34,,https://olimpicos.net/physicsbrawl/index.html#2018,REJECT,high,,Unsupplied relativistic radiation transformation,,REJECT: Unsupplied relativistic radiation transformation is central and not supplied.,0,0,single_pass_complete,2026-10-04T06:48:33.956309+00:00,"Fast statement pass: source 3108, printed FoL.46, pp34-34. Complete typography-delimited statement read.",source_individual_boundary,,,REJECT
raw::4946,4946,0,Physics Brawl,physicsbrawl,Open,2019,Problems,unknown,34,slim line,unknown,originals/physicsbrawl/2019/PhysicsBrawl_2019_Q1-62__394a50d2e1b2e07d.pdf,3107,394a50d2e1b2e07d51b5821d9fc0dbba6ed36469fd628bf61708175343602cdd,23,23,,https://olimpicos.net/physicsbrawl/index.html#2019,REJECT,high,,Unsupplied relativistic mass and velocity addition,,REJECT: Unsupplied relativistic mass and velocity addition is central and not supplied.,0,0,pass_2_complete,2026-10-04T06:47:29.802019+00:00,"Fast statement pass: source 3107, printed FoL.34, pp23-23. Complete typography-delimited statement read.",source_individual_boundary,2026-10-04T06:56:54.486110+00:00,,REJECT
raw::4871,4871,0,Physics Brawl,physicsbrawl,Open,2020,Problems,unknown,22,illuminated,unknown,originals/physicsbrawl/2020/PhysicsBrawl_2020_Q1-63__334bb9dd7023baae.pdf,3106,334bb9dd7023baaed1cdbb1a0a68d7785a50d061f80aca91705779464fdc85d4,13,13,,https://olimpicos.net/physicsbrawl/index.html#2020,REJECT,high,,Unsupplied Lorentz proper-time transformation,,REJECT: Unsupplied Lorentz proper-time transformation is central and not supplied.,0,0,single_pass_complete,2026-10-04T06:46:18.044158+00:00,"Fast statement pass: source 3106, printed FoL.22, pp13-13. Complete statement read; FoL1-8 read full cache.",source_individual_boundary,,,REJECT
raw::4890,4890,0,Physics Brawl,physicsbrawl,Open,2020,Problems,unknown,41,laser at a dormitory,unknown,originals/physicsbrawl/2020/PhysicsBrawl_2020_Q1-63__334bb9dd7023baae.pdf,3106,334bb9dd7023baaed1cdbb1a0a68d7785a50d061f80aca91705779464fdc85d4,30,30,,https://olimpicos.net/physicsbrawl/index.html#2020,REJECT,high,,Unsupplied gravitational frequency shift,,REJECT: Unsupplied gravitational frequency shift is central and not supplied.,0,0,single_pass_complete,2026-10-04T06:46:18.044485+00:00,"Fast statement pass: source 3106, printed FoL.41, pp30-30. Complete statement read; FoL1-8 read full cache.",source_individual_boundary,,,REJECT
raw::4804,4804,0,Physics Brawl,physicsbrawl,Open,2021,Problems,unknown,21,Lipno and relativity,unknown,originals/physicsbrawl/2021/PhysicsBrawl_2021_Q1-66__c6f39b134c74e897.pdf,3105,c6f39b134c74e89781210fe9c8496a6d9f429278c62bff3862df9184f5fe3cff,16,16,,https://olimpicos.net/physicsbrawl/index.html#2021,REJECT,high,,Unsupplied relativistic kinetic energy,,REJECT: Unsupplied relativistic kinetic energy is central and not supplied.,0,0,single_pass_complete,2026-10-04T06:43:20.678973+00:00,"Fast statement pass: source 3105, printed 21, pp16-16. Complete typography-delimited statement read.",source_individual_boundary,,,REJECT
raw::4826,4826,0,Physics Brawl,physicsbrawl,Open,2021,Problems,unknown,43,Dano is flying to an exoplanet,unknown,originals/physicsbrawl/2021/PhysicsBrawl_2021_Q1-66__c6f39b134c74e897.pdf,3105,c6f39b134c74e89781210fe9c8496a6d9f429278c62bff3862df9184f5fe3cff,40,40,,https://olimpicos.net/physicsbrawl/index.html#2021,REJECT,high,,Unsupplied Lorentz proper-time relation,,REJECT: Unsupplied Lorentz proper-time relation is central and not supplied.,0,0,single_pass_complete,2026-10-04T06:43:20.679368+00:00,"Fast statement pass: source 3105, printed 43, pp40-40. Complete typography-delimited statement read.",source_individual_boundary,,,REJECT
raw::4653,4653,0,Physics Brawl,physicsbrawl,Open,2023,Problems,unknown,8,irresistibly attractive,unknown,originals/physicsbrawl/2023/PhysicsBrawl_2023_Q1-69__42d78574e8991491.pdf,3103,42d78574e8991491f9cb14d3fba3a5dd6f4d772c7e3470fa434a31b08da0a30f,7,7,,https://olimpicos.net/physicsbrawl/index.html#2023,REJECT,high,,Unsupplied Schwarzschild radius,,REJECT: Unsupplied Schwarzschild radius is central and not supplied.,0,0,single_pass_complete,2026-10-04T06:40:46.650985+00:00,"Fast statement pass: source 3103, printed 8, pp7-7. Complete typography-delimited statement read.",source_individual_boundary,,,REJECT
raw::4680,4680,0,Physics Brawl,physicsbrawl,Open,2023,Problems,unknown,35,relativistic star,unknown,originals/physicsbrawl/2023/PhysicsBrawl_2023_Q1-69__42d78574e8991491.pdf,3103,42d78574e8991491f9cb14d3fba3a5dd6f4d772c7e3470fa434a31b08da0a30f,33,33,,https://olimpicos.net/physicsbrawl/index.html#2023,REJECT,high,,Unsupplied gravitational redshift law,,REJECT: Unsupplied gravitational redshift law is central and not supplied.,0,0,single_pass_complete,2026-10-04T06:40:46.651489+00:00,"Fast statement pass: source 3103, printed 35, pp33-33. Complete typography-delimited statement read.",source_individual_boundary,,,REJECT
raw::4688,4688,0,Physics Brawl,physicsbrawl,Open,2023,Problems,unknown,43,electron collision,unknown,originals/physicsbrawl/2023/PhysicsBrawl_2023_Q1-69__42d78574e8991491.pdf,3103,42d78574e8991491f9cb14d3fba3a5dd6f4d772c7e3470fa434a31b08da0a30f,43,43,,https://olimpicos.net/physicsbrawl/index.html#2023,REJECT,high,,Unsupplied relativistic collision invariant,,REJECT: Unsupplied relativistic collision invariant is central and not supplied.,0,0,single_pass_complete,2026-10-04T06:40:46.651621+00:00,"Fast statement pass: source 3103, printed 43, pp43-43. Complete typography-delimited statement read.",source_individual_boundary,,,REJECT
raw::4696,4696,0,Physics Brawl,physicsbrawl,Open,2023,Problems,unknown,51,Van Allenovi is just bright,unknown,originals/physicsbrawl/2023/PhysicsBrawl_2023_Q1-69__42d78574e8991491.pdf,3103,42d78574e8991491f9cb14d3fba3a5dd6f4d772c7e3470fa434a31b08da0a30f,55,55,,https://olimpicos.net/physicsbrawl/index.html#2023,REJECT,high,,Unsupplied adiabatic magnetic-moment invariant,,REJECT: Unsupplied adiabatic magnetic-moment invariant is central and not supplied.,0,0,pass_2_complete,2026-10-04T06:40:46.651778+00:00,"Fast statement pass: source 3103, printed 51, pp55-55. Complete typography-delimited statement read. Official solution pp55-56 confirms central use of conserved magnetic moment, absent in statement.",source_individual_boundary,2026-10-04T06:40:47.679110+00:00,,REJECT
raw::4700,4700,0,Physics Brawl,physicsbrawl,Open,2023,Problems,unknown,55,Red Wednesday,unknown,originals/physicsbrawl/2023/PhysicsBrawl_2023_Q1-69__42d78574e8991491.pdf,3103,42d78574e8991491f9cb14d3fba3a5dd6f4d772c7e3470fa434a31b08da0a30f,62,62,,https://olimpicos.net/physicsbrawl/index.html#2023,REJECT,high,,Unsupplied relativistic force momentum and Doppler relations,,REJECT: Unsupplied relativistic force momentum and Doppler relations is central and not supplied.,0,0,single_pass_complete,2026-10-04T06:40:46.651842+00:00,"Fast statement pass: source 3103, printed 55, pp62-62. Complete typography-delimited statement read.",source_individual_boundary,,,REJECT
raw::4600,4600,0,Physics Brawl,physicsbrawl,Open,2024,Problems,unknown,17,warmer background,unknown,originals/physicsbrawl/2024/PhysicsBrawl_2024_Q1-62__e8bfa492f8431bb4.pdf,3102,e8bfa492f8431bb4e33431fec9a0c0901e959c2cad1c8108f1eeb1a580facef7,15,15,,https://olimpicos.net/physicsbrawl/index.html#2024,REJECT,high,,Unsupplied cosmological radiation-temperature scaling,,REJECT: Unsupplied cosmological radiation-temperature scaling is central and not supplied.,0,0,single_pass_complete,2026-10-04T06:39:33.136582+00:00,"Fast statement pass: source 3102, printed 17, pp15-15. Typography statement pack read in full; Q1-10 also full cached source pages.",source_individual_boundary,,,REJECT
raw::4633,4633,0,Physics Brawl,physicsbrawl,Open,2024,Problems,unknown,50,optimally excited quantum oscillator,unknown,originals/physicsbrawl/2024/PhysicsBrawl_2024_Q1-62__e8bfa492f8431bb4.pdf,3102,e8bfa492f8431bb4e33431fec9a0c0901e959c2cad1c8108f1eeb1a580facef7,52,52,,https://olimpicos.net/physicsbrawl/index.html#2024,REJECT,high,,Unsupplied quantum oscillator eigenlevels,,REJECT: Unsupplied quantum oscillator eigenlevels is central and not supplied.,0,0,single_pass_complete,2026-10-04T06:39:33.137172+00:00,"Fast statement pass: source 3102, printed 50, pp52-52. Typography statement pack read in full; Q1-10 also full cached source pages.",source_individual_boundary,,,REJECT
raw::4536,4536,0,Physics Brawl,physicsbrawl,Open,2025,Problems,numerical,21,particles,unknown,originals/physicsbrawl/2025/PhysicsBrawl_2025_Q1-68__b1c1bd23b7574561.pdf,3101,b1c1bd23b7574561ba9c01b840265e19e46b01f0420f17d7588bc1b2c01fc417,19,19,"{""statement_locations"": [{""page"": 19, ""bbox"": [367.3700256347656, 194.6361083984375, 399.6938781738281, 203.60250854492188]}, {""page"": 19, ""bbox"": [22.72802734375, 205.81948852539062, 399.6853942871094, 218.5948944091797]}, {""page"": 19, ""bbox"": [19.842010498046875, 220.31910705566406, 399.6819152832031, 229.50489807128906]}, {""page"": 19, ""bbox"": [19.842025756835938, 231.2281036376953, 172.7577362060547, 240.4138946533203]}], ""acquisition_problem_number"": ""21"", ""navigation_pack"": ""b1c1bd23b7574561ba9c01b840265e19e46b01f0420f17d7588bc1b2c01fc417.statement_pack.json""}",https://olimpicos.net/physicsbrawl/index.html#2025,REJECT,high,VII_magnetic_field,Magnetic curvature of a relativistic proton,Magnetic curvature of a relativistic proton,The central numerical field determination needs an unsupplied relativistic energy-momentum relation; the given energy is outside the nonrelativistic regime.,0,1,pass_2_complete,2026-10-04T00:20:08.672141+00:00,"Read every actual statement in the 104-page combined paper, including printed B.1-B.4, P.1-P.4 and R.1-R.4. Rendered equation/apparatus/geometry pages inspected where recorded; actual official solution used where indicated. Top-level questions are retained whole.",content_boundary_verified,2026-10-04T00:20:52.008887+00:00,,REJECT
raw::4542,4542,0,Physics Brawl,physicsbrawl,Open,2025,Problems,numerical,27,ion thrust engine,unknown,originals/physicsbrawl/2025/PhysicsBrawl_2025_Q1-68__b1c1bd23b7574561.pdf,3101,b1c1bd23b7574561ba9c01b840265e19e46b01f0420f17d7588bc1b2c01fc417,27,27,"{""statement_locations"": [{""page"": 27, ""bbox"": [367.3700256347656, 39.21010971069336, 399.6938781738281, 48.176509857177734]}, {""page"": 27, ""bbox"": [23.2230224609375, 53.98411178588867, 399.6863708496094, 62.95051193237305]}, {""page"": 27, ""bbox"": [19.842021942138672, 64.89310455322266, 399.6856384277344, 74.07890319824219]}, {""page"": 27, ""bbox"": [19.842010498046875, 72.21250915527344, 399.6852111816406, 84.98790740966797]}, {""page"": 27, ""bbox"": [19.842010498046875, 86.71111297607422, 399.6947021484375, 95.6775131225586]}, {""page"": 27, ""bbox"": [19.842010498046875, 97.62010955810547, 399.6924133300781, 106.805908203125]}, {""page"": 27, ""bbox"": [19.84201431274414, 108.52910614013672, 115.15485382080078, 117.4955062866211]}], ""acquisition_problem_number"": ""27"", ""navigation_pack"": ""b1c1bd23b7574561ba9c01b840265e19e46b01f0420f17d7588bc1b2c01fc417.statement_pack.json""}",https://olimpicos.net/physicsbrawl/index.html#2025,REJECT,high,I_force_motion,Relativistic proton-thruster momentum flux,Relativistic proton-thruster momentum flux,The thrust and entire flight time depend on unsupplied relativistic proton momentum at 1 TeV; Newtonian rocket balance alone cannot determine the requested answer.,0,1,single_pass_complete,2026-10-04T00:20:08.672239+00:00,"Read every actual statement in the 104-page combined paper, including printed B.1-B.4, P.1-P.4 and R.1-R.4. Rendered equation/apparatus/geometry pages inspected where recorded; actual official solution used where indicated. Top-level questions are retained whole.",content_boundary_verified,,,REJECT
raw::4556,4556,0,Physics Brawl,physicsbrawl,Open,2025,Problems,numerical,41,"the cosmos getting far, far away",unknown,originals/physicsbrawl/2025/PhysicsBrawl_2025_Q1-68__b1c1bd23b7574561.pdf,3101,b1c1bd23b7574561ba9c01b840265e19e46b01f0420f17d7588bc1b2c01fc417,48,48,"{""statement_locations"": [{""page"": 48, ""bbox"": [367.3700256347656, 386.4081115722656, 399.6938781738281, 395.37451171875]}, {""page"": 48, ""bbox"": [22.6500244140625, 401.1820983886719, 399.687255859375, 410.14849853515625]}, {""page"": 48, ""bbox"": [19.842025756835938, 412.0910949707031, 399.6856689453125, 421.0574951171875]}, {""page"": 48, ""bbox"": [19.842025756835938, 423.0000915527344, 399.6856689453125, 431.96649169921875]}, {""page"": 48, ""bbox"": [19.842025756835938, 433.9090881347656, 399.6856689453125, 442.87548828125]}, {""page"": 48, ""bbox"": [19.842025756835938, 444.8180847167969, 399.68560791015625, 453.78448486328125]}, {""page"": 48, ""bbox"": [19.842025756835938, 455.7270812988281, 399.6944885253906, 464.9128723144531]}, {""page"": 48, ""bbox"": [19.842018127441406, 465.2719421386719, 395.34844970703125, 476.81787109375]}], ""acquisition_problem_number"": ""41"", ""navigation_pack"": ""b1c1bd23b7574561ba9c01b840265e19e46b01f0420f17d7588bc1b2c01fc417.statement_pack.json""}",https://olimpicos.net/physicsbrawl/index.html#2025,REJECT,high,,"Cosmological redshift, expanding-space distance and light propagation","Cosmological redshift, expanding-space distance and light propagation","The central relation between redshift, cosmic scale factor and present distance is unsupplied. The official solution uses cosmological evolution/light-propagation laws beyond ordinary Doppler and SPhO.",0,1,single_pass_complete,2026-10-04T00:20:08.672485+00:00,"Read every actual statement in the 104-page combined paper, including printed B.1-B.4, P.1-P.4 and R.1-R.4. Rendered equation/apparatus/geometry pages inspected where recorded; actual official solution used where indicated. Top-level questions are retained whole.",content_boundary_verified,,,REJECT
raw::6375,6375,0,Physics Cup,physicscup,Open,2018,Problems,theory,2,Catching missiles in accelerated ship *,source_authored,originals/physicscup/2018/PhysicsCup_2018_Q2__ea250147d81a1e41.pdf,3150,ea250147d81a1e4168b4891fb137347f8e530bbe6deea296115be85782ccdf43,1,1,"{""top_level_label"": ""2"", ""boundary_note"": ""All internal parts retained as one unit; numbered neighboring problems excluded.""}",https://olimpicos.net/physicscup/index.html#2018,REJECT,high,,"Proper acceleration, Lorentz kinematics and proper time",Special relativity,Relativistic missile interception is the entire task; no transformation or accelerated-frame model is supplied.,0,0,pass_2_complete,2026-10-03T22:29:02.148203+00:00,"Read complete top-level statement in cached file 3150, pages 1-1. Relativistic missile interception is the entire task; no transformation or accelerated-frame model is supplied.",content_boundary_verified,2026-10-03T22:29:49.679702+00:00,,REJECT
raw::828,828,0,RMPh,rmph,International,2012,Theory,unknown,3,Fundaments of General Relativity,unknown,originals/rmph/2012/RMPh_2012_Q3__6c8801a4bbe2efba.pdf,1729,6c8801a4bbe2efba5dc1efb50d49a624266d1d89ceb10d6b883478dfd8debdcc,1,3,,https://olimpicos.net/rmph/index.html#2012,REJECT,high,,Rindler construction centrally starts from unsupplied relativistic acceleration and force transformations,,REJECT: Rindler construction centrally starts from unsupplied relativistic acceleration and force transformations.,0,0,pass_2_complete,2026-10-04T11:26:14.077942+00:00,Complete actual source 1729 pp1-3; all internal statement parts read in cached text.,source_individual_boundary,2026-10-04T11:26:15.151405+00:00,,REJECT
raw::822,822,0,RMPh,rmph,International,2013,Theory,unknown,2,Compton Scattering,unknown,originals/rmph/2013/RMPh_2013_Q2__766cded588fb5442.pdf,1715,766cded588fb544270aa3112822f6bed1c23e75d029ee9e8bab1c23f07148678,1,6,,https://olimpicos.net/rmph/index.html#2013,REJECT,high,,Inverse Compton collision chain centrally needs unsupplied relativistic electron energy-momentum relations,,REJECT: Inverse Compton collision chain centrally needs unsupplied relativistic electron energy-momentum relations.,0,0,single_pass_complete,2026-10-04T11:26:14.077813+00:00,Complete actual source 1715 pp1-6; all internal statement parts read in cached text.,source_individual_boundary,,,REJECT
raw::823,823,0,RMPh,rmph,International,2013,Theory,unknown,3,Star Trek Watching,unknown,originals/rmph/2013/RMPh_2013_Q3__603ed300dacd3e9d.pdf,1719,603ed300dacd3e9d0c39b0d8f3d385dcea1518951176aee2ce11568775519c9f,1,4,,https://olimpicos.net/rmph/index.html#2013,REJECT,high,,Relativistic photographs centrally need unsupplied rest-to-moving length contraction; gamma definition alone insufficient,,REJECT: Relativistic photographs centrally need unsupplied rest-to-moving length contraction; gamma definition alone insufficient.,0,0,pass_2_complete,2026-10-04T11:26:14.077830+00:00,Complete actual source 1719 pp1-4; all internal statement parts read in cached text.,source_individual_boundary,2026-10-04T11:26:15.150180+00:00,,REJECT
raw::2152,2152,0,Russia TST,rutst,National,2014,Stage Y / Theory,unknown,5,Problem 5,unknown,originals/rutst/2014/RuTST_2014_Y_Q5__e249a6d61506eb8c.pdf,2552,e249a6d61506eb8cc0b242ce2cead20bdb795f0f4e82447f6117c2524ceefe9c,1,1,,https://olimpicos.net/rutst/index.html#2014,REJECT,high,,Central inverse-Compton collision requires unsupplied full relativistic energy-momentum relations,,REJECT: Central inverse-Compton collision requires unsupplied full relativistic energy-momentum relations.,0,0,single_pass_complete,2026-10-04T11:09:30.794187+00:00,"Complete actual statement source 2552, pp1-1, all internal parts read in cached text.",source_individual_boundary,,,REJECT
raw::1994,1994,0,Russia TST,rutst,National,2024,Stage Y / Theory,unknown,3,Problem 3,unknown,originals/rutst/2024/RuTST_2024_Y_Q3__1f127eb102ba4c58.pdf,2251,1f127eb102ba4c587e0bd6bac2d2485485f5368a578a07389b36a597a6d001a5,1,2,,https://olimpicos.net/rutst/index.html#2024,REJECT,high,,"Unsupplied relativistic momentum, velocity composition, proper-time and acceleration laws control rocket dynamics throughout",,"REJECT: Unsupplied relativistic momentum, velocity composition, proper-time and acceleration laws control rocket dynamics throughout.",0,0,single_pass_complete,2026-10-04T10:44:25.539143+00:00,"Complete actual Russian statement source 2251, pp1-2; all internal parts read in cached text.",source_individual_boundary,,,REJECT
raw::1975,1975,0,Russia TST,rutst,National,2025,Stage Y / Theory,unknown,4,Problem 4,unknown,originals/rutst/2025/RuTST_2025_Y_Q4__9553e8552172659c.pdf,2214,9553e8552172659c859a6bfda718b240494965f589925e700c6c22f4d8e18a3d,1,2,,https://olimpicos.net/rutst/index.html#2025,REJECT,high,,Central accelerated-observer and radar-coordinate work requires unsupplied proper-time dilation and relativistic acceleration transformations,,REJECT: Central accelerated-observer and radar-coordinate work requires unsupplied proper-time dilation and relativistic acceleration transformations.,0,0,single_pass_complete,2026-10-04T10:40:36.911775+00:00,"Complete actual Russian statement source 2214, pp1-2; all internal parts read in cached text.",source_individual_boundary,,,REJECT
derived::e03f75b12d2ca0e4::4071::33,4071,1,SJPO,sjpo,National,2008,Problems,multiple_choice,33,,unknown,originals/sjpo/2008/SJPO_2008_Q1__e03f75b12d2ca0e4.pdf,3009,e03f75b12d2ca0e43d3b2260e7b27812c4b64a5861e24f62021b76d00426d0a7,12,12,"{""heading_text"": ""33. In a certain experiment, the velocity of an electron is determined to an \naccuracy of ∆v ="", ""heading_bbox"": [90.0, 197.8059844970703, 525.3363647460938, 385.9199523925781], ""boundary_note"": ""One numbered MCQ, not its options. Conservative inclusive end page; refine end/shared-stem start during content inspection."", ""page_range_precision"": ""conservative_until_content_review"", ""visual_boundary_verification"": 0}",https://olimpicos.net/sjpo/index.html#2008,REJECT,high,,Unsupplied quantum uncertainty relation,,REJECT: Unsupplied quantum uncertainty relation is central and not supplied.,0,0,single_pass_complete,2026-10-04T06:37:36.228603+00:00,"Fast statement pass: cached source 3009, complete Q33 and shared instructions; all 19 pages read.",top_level_count_verified_location_pending,,,REJECT
derived::e03f75b12d2ca0e4::4071::40,4071,1,SJPO,sjpo,National,2008,Problems,multiple_choice,40,,unknown,originals/sjpo/2008/SJPO_2008_Q1__e03f75b12d2ca0e4.pdf,3009,e03f75b12d2ca0e43d3b2260e7b27812c4b64a5861e24f62021b76d00426d0a7,15,16,"{""heading_text"": ""40. If we lived in a universe in which the value of Planck’s constant is larger, \nwhich of the"", ""heading_bbox"": [89.99999237060547, 351.3479919433594, 525.3362426757812, 491.4599304199219], ""boundary_note"": ""One numbered MCQ, not its options. Conservative inclusive end page; refine end/shared-stem start during content inspection."", ""page_range_precision"": ""conservative_until_content_review"", ""visual_boundary_verification"": 0}",https://olimpicos.net/sjpo/index.html#2008,REJECT,high,,Unsupplied tunneling and quantum uncertainty,,REJECT: Unsupplied tunneling and quantum uncertainty is central and not supplied.,0,0,single_pass_complete,2026-10-04T06:37:36.228741+00:00,"Fast statement pass: cached source 3009, complete Q40 and shared instructions; all 19 pages read.",top_level_count_verified_location_pending,,,REJECT
derived::e03f75b12d2ca0e4::4071::41,4071,1,SJPO,sjpo,National,2008,Problems,multiple_choice,41,,unknown,originals/sjpo/2008/SJPO_2008_Q1__e03f75b12d2ca0e4.pdf,3009,e03f75b12d2ca0e43d3b2260e7b27812c4b64a5861e24f62021b76d00426d0a7,16,16,"{""heading_text"": ""41. An excited electron (quantum number =4) in a 1D potential box de-excites to \nthe ground stat"", ""heading_bbox"": [90.0, 71.0279769897461, 525.3363647460938, 224.99984741210938], ""boundary_note"": ""One numbered MCQ, not its options. Conservative inclusive end page; refine end/shared-stem start during content inspection."", ""page_range_precision"": ""conservative_until_content_review"", ""visual_boundary_verification"": 0}",https://olimpicos.net/sjpo/index.html#2008,REJECT,high,,Unsupplied quantum-well energy spectrum,,REJECT: Unsupplied quantum-well energy spectrum is central and not supplied.,0,0,single_pass_complete,2026-10-04T06:37:36.228759+00:00,"Fast statement pass: cached source 3009, complete Q41 and shared instructions; all 19 pages read. Rendered p16 confirms energy diagram supplies labels only, no well-spectrum relation.",top_level_count_verified_location_pending,,,REJECT
derived::e03f75b12d2ca0e4::4071::46,4071,1,SJPO,sjpo,National,2008,Problems,multiple_choice,46,,unknown,originals/sjpo/2008/SJPO_2008_Q1__e03f75b12d2ca0e4.pdf,3009,e03f75b12d2ca0e43d3b2260e7b27812c4b64a5861e24f62021b76d00426d0a7,18,18,"{""heading_text"": ""46. The percentage increase in the energy of a particle whose speed is changed \nfrom rest to 0.8c (w"", ""heading_bbox"": [90.00001525878906, 318.3479919433594, 519.6364135742188, 361.9199523925781], ""boundary_note"": ""One numbered MCQ, not its options. Conservative inclusive end page; refine end/shared-stem start during content inspection."", ""page_range_precision"": ""conservative_until_content_review"", ""visual_boundary_verification"": 0}",https://olimpicos.net/sjpo/index.html#2008,REJECT,high,,Unsupplied relativistic total energy,,REJECT: Unsupplied relativistic total energy is central and not supplied.,0,0,single_pass_complete,2026-10-04T06:37:36.228925+00:00,"Fast statement pass: cached source 3009, complete Q46 and shared instructions; all 19 pages read.",top_level_count_verified_location_pending,,,REJECT
derived::e03f75b12d2ca0e4::4071::48,4071,1,SJPO,sjpo,National,2008,Problems,multiple_choice,48,,unknown,originals/sjpo/2008/SJPO_2008_Q1__e03f75b12d2ca0e4.pdf,3009,e03f75b12d2ca0e43d3b2260e7b27812c4b64a5861e24f62021b76d00426d0a7,19,19,"{""heading_text"": ""48.  A car of rest length 5 meters passes through a garage of rest length 4 \nmeters. Due to the re"", ""heading_bbox"": [90.0, 71.0279769897461, 525.33642578125, 211.19985961914062], ""boundary_note"": ""One numbered MCQ, not its options. Conservative inclusive end page; refine end/shared-stem start during content inspection."", ""page_range_precision"": ""conservative_until_content_review"", ""visual_boundary_verification"": 0}",https://olimpicos.net/sjpo/index.html#2008,REJECT,high,,Unsupplied Lorentz length contraction,,REJECT: Unsupplied Lorentz length contraction is central and not supplied.,0,0,single_pass_complete,2026-10-04T06:37:36.228978+00:00,"Fast statement pass: cached source 3009, complete Q48 and shared instructions; all 19 pages read.",top_level_count_verified_location_pending,,,REJECT
derived::00e82bfde1b28e03::4069::42,4069,1,SJPO,sjpo,National,2010,Problems,multiple_choice,42,,unknown,originals/sjpo/2010/SJPO_2010_Q1__00e82bfde1b28e03.pdf,3007,00e82bfde1b28e036cd6e46f031720d6d1531d70bf836b40d4c27b51ca931bc9,16,17,"{""heading_text"": ""42. If a charged pion that decays in 10−8 second in its own rest frame is to travel 30\nm in the labo"", ""heading_bbox"": [80.43000793457031, 538.0437622070312, 519.7379150390625, 568.7189331054688], ""boundary_note"": ""One numbered MCQ, not its options. Conservative inclusive end page; refine end/shared-stem start during content inspection."", ""page_range_precision"": ""conservative_until_content_review"", ""visual_boundary_verification"": 0}",https://olimpicos.net/sjpo/index.html#2010,REJECT,high,,Unsupplied relativistic time dilation,,REJECT: Unsupplied relativistic time dilation is central and not supplied.,0,0,single_pass_complete,2026-10-04T06:35:36.181471+00:00,"Fast statement pass: cached source 3007, complete Q42 and shared instructions; all 19 pages read.",top_level_count_verified_location_pending,,,REJECT
derived::00e82bfde1b28e03::4069::49,4069,1,SJPO,sjpo,National,2010,Problems,multiple_choice,49,,unknown,originals/sjpo/2010/SJPO_2010_Q1__00e82bfde1b28e03.pdf,3007,00e82bfde1b28e036cd6e46f031720d6d1531d70bf836b40d4c27b51ca931bc9,19,19,"{""heading_text"": ""49. According to the special theory of relativity, which one of the following quantities\nhas the sam"", ""heading_bbox"": [80.43000030517578, 75.0835952758789, 520.251220703125, 101.4388198852539], ""boundary_note"": ""One numbered MCQ, not its options. Conservative inclusive end page; refine end/shared-stem start during content inspection."", ""page_range_precision"": ""conservative_until_content_review"", ""visual_boundary_verification"": 0}",https://olimpicos.net/sjpo/index.html#2010,REJECT,high,,Unsupplied special-relativity postulate,,REJECT: Unsupplied special-relativity postulate is central and not supplied.,0,0,single_pass_complete,2026-10-04T06:35:36.181600+00:00,"Fast statement pass: cached source 3007, complete Q49 and shared instructions; all 19 pages read.",top_level_count_verified_location_pending,,,REJECT
derived::13f583f4157c7811::4067::33,4067,1,SJPO,sjpo,National,2012,Problems,multiple_choice,33,,unknown,originals/sjpo/2012/SJPO_2012_Q1__13f583f4157c7811.pdf,3001,13f583f4157c7811467acee96230e6d848eaa713f671001a4d924406ee40a17a,13,14,"{""heading_text"": ""33. A space traveler is moving relative to the Earth at 2.4 × 108 m/s (≈0.8c), as\nmeasured in the Ea"", ""heading_bbox"": [80.4000015258789, 550.7137451171875, 519.900634765625, 596.029296875], ""boundary_note"": ""One numbered MCQ, not its options. Conservative inclusive end page; refine end/shared-stem start during content inspection."", ""page_range_precision"": ""conservative_until_content_review"", ""visual_boundary_verification"": 0}",https://olimpicos.net/sjpo/index.html#2012,REJECT,high,,Unsupplied relativistic time dilation,,REJECT: Unsupplied relativistic time dilation is central and not supplied.,0,0,single_pass_complete,2026-10-04T06:34:02.865649+00:00,"Fast statement pass: cached source 3001, complete Q33 including shared stems; all 19 pages read.",top_level_count_verified_location_pending,,,REJECT
derived::76d27df5c0e7be73::4066::49,4066,1,SJPO,sjpo,National,2013,Problems,multiple_choice,49,,unknown,originals/sjpo/2013/SJPO_2013_Q1__76d27df5c0e7be73.pdf,3000,76d27df5c0e7be73814caed55c2c2b4c478d01bfad005b32533c7f3d95c53c9e,19,19,"{""heading_text"": ""49. If a charged pion that decays in 10−8 second in its own rest frame is to travel 30\nm in the labo"", ""heading_bbox"": [80.40119934082031, 384.6336975097656, 519.7078857421875, 415.54925537109375], ""boundary_note"": ""One numbered MCQ, not its options. Conservative inclusive end page; refine end/shared-stem start during content inspection."", ""page_range_precision"": ""conservative_until_content_review"", ""visual_boundary_verification"": 0}",https://olimpicos.net/sjpo/index.html#2013,REJECT,high,,Unsupplied relativistic time dilation,,REJECT: Unsupplied relativistic time dilation is central and not supplied.,0,0,single_pass_complete,2026-10-04T06:33:29.797066+00:00,"Fast statement pass: cached source 3000, complete Q49 including shared stems; all 19 pages read.",top_level_count_verified_location_pending,,,REJECT
derived::76d27df5c0e7be73::4066::50,4066,1,SJPO,sjpo,National,2013,Problems,multiple_choice,50,,unknown,originals/sjpo/2013/SJPO_2013_Q1__76d27df5c0e7be73.pdf,3000,76d27df5c0e7be73814caed55c2c2b4c478d01bfad005b32533c7f3d95c53c9e,19,19,"{""heading_text"": ""50. Is it possible for the momentum of an object of mass m to be mc where c is the\nspeed of light in"", ""heading_bbox"": [80.40003204345703, 534.8629150390625, 519.753662109375, 561.2284545898438], ""boundary_note"": ""One numbered MCQ, not its options. Conservative inclusive end page; refine end/shared-stem start during content inspection."", ""page_range_precision"": ""conservative_until_content_review"", ""visual_boundary_verification"": 0}",https://olimpicos.net/sjpo/index.html#2013,REJECT,high,,Unsupplied relativistic momentum,,REJECT: Unsupplied relativistic momentum is central and not supplied.,0,0,single_pass_complete,2026-10-04T06:33:29.797082+00:00,"Fast statement pass: cached source 3000, complete Q50 including shared stems; all 19 pages read.",top_level_count_verified_location_pending,,,REJECT
derived::7ce52e488baa6cb7::4065::45,4065,1,SJPO,sjpo,National,2014,Problems,multiple_choice,45,,unknown,originals/sjpo/2014/SJPO_2014_Q1__7ce52e488baa6cb7.pdf,2997,7ce52e488baa6cb70fcee24bb2caf64e43b72c97bce4ad01627d6a88865241af,18,19,"{""heading_text"": ""45. A rocket (A) is moving with constant speed 0.8c relative to the earth. A second\nrocket (B) overt"", ""heading_bbox"": [80.44999694824219, 451.53680419921875, 519.9359741210938, 506.8218078613281], ""boundary_note"": ""One numbered MCQ, not its options. Conservative inclusive end page; refine end/shared-stem start during content inspection."", ""page_range_precision"": ""conservative_until_content_review"", ""visual_boundary_verification"": 0}",https://olimpicos.net/sjpo/index.html#2014,REJECT,high,,Unsupplied relativistic velocity addition,,REJECT: Unsupplied relativistic velocity addition is central and not supplied.,0,0,single_pass_complete,2026-10-04T06:32:58.482343+00:00,"Fast statement pass: cached source 2997, complete Q45 and shared instructions; all 20 pages read.",top_level_count_verified_location_pending,,,REJECT
derived::9c8ad5196a91ffd3::4064::50,4064,1,SJPO,sjpo,National,2015,Problems,multiple_choice,50,,unknown,originals/sjpo/2015/SJPO_2015_Q1__9c8ad5196a91ffd3.pdf,2998,9c8ad5196a91ffd30408081c5bb9d5223f5cf2b7a1a7b5d41d50cb9f8dcf680f,23,23,"{""heading_text"": ""50. [source label verified visually]"", ""heading_bbox"": null, ""boundary_note"": ""One numbered MCQ, not its options. Conservative inclusive end page; refine end/shared-stem start during content inspection."", ""page_range_precision"": ""conservative_until_content_review"", ""visual_boundary_verification"": 1}",https://olimpicos.net/sjpo/index.html#2015,REJECT,high,,"General relativity, coordinate covariance, spacetime geometry and Mercury precession",General relativity,All options test unsupplied general-relativistic conceptual knowledge; familiar orbital vocabulary does not supply the central theory.,1,0,single_pass_complete,2026-10-03T23:02:29.414359+00:00,"Actual scanned statement, equations and figures inspected in cached page renders; entire printed top-level question retained.",content_boundary_verified,,,REJECT
derived::da946b6d76b4985a::4063::46,4063,1,SJPO,sjpo,National,2016,Problems,multiple_choice,46,,unknown,originals/sjpo/2016/SJPO_2016_Q1__da946b6d76b4985a.pdf,2994,da946b6d76b4985a852c2f0079a04c50416a16e4a998fa494d07b25f86855115,23,23,"{""heading_text"": ""46. \nA thin rod is travelling at a velocity of 0.800c relative to an observer. To the observer, the"", ""heading_bbox"": [35.99994659423828, 257.028076171875, 557.8799438476562, 273.2400817871094], ""boundary_note"": ""One numbered MCQ, not its options. Conservative inclusive end page; refine end/shared-stem start during content inspection."", ""page_range_precision"": ""conservative_until_content_review"", ""visual_boundary_verification"": 0}",https://olimpicos.net/sjpo/index.html#2016,REJECT,high,XII_atomic_nuclear,Unsupplied Lorentz length contraction,Lorentz length contraction,REJECT: proper length of moving tilted rod centrally requires unsupplied Lorentz contraction.,0,0,single_pass_complete,2026-10-04T06:25:28.692338+00:00,"Fast pass:2994 actual cached Q46,pp23-23; relevant shared stems included.",top_level_count_verified_location_pending,,,REJECT
derived::37f7e7a18d3b91a3::4062::48,4062,1,SJPO,sjpo,National,2017,Problems,multiple_choice,48,,unknown,originals/sjpo/2017/SJPO_2017_Q1__37f7e7a18d3b91a3.pdf,2992,37f7e7a18d3b91a3df2ba6c7e4020af07a913067f2b2e6e2cedb1b4a94806ebf,12,12,"{""heading_text"": ""48. \nA mass m collides elastically with another mass m’. The velocity of mass m is v and that of"", ""heading_bbox"": [36.0, 325.7179870605469, 562.4199829101562, 782.7119750976562], ""boundary_note"": ""One numbered MCQ, not its options. Conservative inclusive end page; refine end/shared-stem start during content inspection."", ""page_range_precision"": ""conservative_until_content_review"", ""visual_boundary_verification"": 0}",https://olimpicos.net/sjpo/index.html#2017,REJECT,high,VII_magnetic_field,Unsupplied relativistic conserved energy/momentum,Relativistic energy/momentum law,REJECT: relativistic conserved energy/momentum is central and not supplied; answer choices are not a provided model.,0,0,single_pass_complete,2026-10-04T06:22:37.583878+00:00,"Fast pass:2992 actual cached Q48,pp12-12; shared stems read.",top_level_count_verified_location_pending,,,REJECT
derived::b01dd2f84cee1e40::4042::7,4042,1,SPhO,spho,National,2005,Problems,theory,7,,unknown,originals/spho/2005/SPhO_2005_Q1__b01dd2f84cee1e40.pdf,2957,b01dd2f84cee1e408c21886e5bf45a2a6a58380f0387f3a810fca525f975290a,3,3,"{""source_top_level_label"": ""7"", ""boundary_note"": ""Repeated same-number (a)/(b) headers are continuations, not new units. Inclusive page ranges are conservative until actual physics content review; lettered/decimal internal parts remain grouped."", ""page_range_precision"": ""conservative_until_content_review""}",https://olimpicos.net/spho/index.html#2005,REJECT,high,,Central collision invariant mass requires unsupplied relativistic energy-momentum despite gamma definition,,REJECT: Central collision invariant mass requires unsupplied relativistic energy-momentum despite gamma definition.,0,0,single_pass_complete,2026-10-04T08:16:33.073609+00:00,"Fast statement pass: source 2957, registered 7, PDF pp 3-3; actual complete statement and internal subparts read from SHA cache; 2017B p2 Lorentz relations confirmed in render.",top_level_count_verified_location_pending,,,REJECT
derived::72ed95c932cbb390::4041::10,4041,1,SPhO,spho,National,2006,Problems,theory,10,,unknown,originals/spho/2006/SPhO_2006_Q1__72ed95c932cbb390.pdf,2955,72ed95c932cbb390df2e20984d9f6e0830108c660e60568e7b9bc9cad11766af,4,6,"{""source_top_level_label"": ""10"", ""boundary_note"": ""Repeated same-number (a)/(b) headers are continuations, not new units. Inclusive page ranges are conservative until actual physics content review; lettered/decimal internal parts remain grouped."", ""page_range_precision"": ""conservative_until_content_review""}",https://olimpicos.net/spho/index.html#2006,REJECT,high,,Compton frequency-shift derivation requires unsupplied relativistic scattering,,REJECT: Compton frequency-shift derivation requires unsupplied relativistic scattering.,0,0,single_pass_complete,2026-10-04T08:16:33.073474+00:00,"Fast statement pass: source 2955, registered 10, PDF pp 4-6; actual complete statement and internal subparts read from SHA cache; 2017B p2 Lorentz relations confirmed in render.",top_level_count_verified_location_pending,,,REJECT
derived::72ed95c932cbb390::4041::9,4041,1,SPhO,spho,National,2006,Problems,theory,9,,unknown,originals/spho/2006/SPhO_2006_Q1__72ed95c932cbb390.pdf,2955,72ed95c932cbb390df2e20984d9f6e0830108c660e60568e7b9bc9cad11766af,4,4,"{""source_top_level_label"": ""9"", ""boundary_note"": ""Repeated same-number (a)/(b) headers are continuations, not new units. Inclusive page ranges are conservative until actual physics content review; lettered/decimal internal parts remain grouped."", ""page_range_precision"": ""conservative_until_content_review""}",https://olimpicos.net/spho/index.html#2006,REJECT,high,,Moving-water phase shift requires unsupplied Fresnel drag or relativistic velocity addition,,REJECT: Moving-water phase shift requires unsupplied Fresnel drag or relativistic velocity addition.,0,0,single_pass_complete,2026-10-04T08:16:33.073455+00:00,"Fast statement pass: source 2955, registered 9, PDF pp 4-4; actual complete statement and internal subparts read from SHA cache; 2017B p2 Lorentz relations confirmed in render.",top_level_count_verified_location_pending,,,REJECT
derived::bd52ca10f1032ce4::4040::10,4040,1,SPhO,spho,National,2007,Problems,theory,10,,unknown,originals/spho/2007/SPhO_2007_Q1__bd52ca10f1032ce4.pdf,2954,bd52ca10f1032ce4a41192b8c7665985b2027735e3a9d87b39f3590fb4c25ec0,3,3,"{""source_top_level_label"": ""10"", ""boundary_note"": ""Repeated same-number (a)/(b) headers are continuations, not new units. File also includes solutions on pages 4-11. Inclusive page ranges are conservative until actual physics content review; lettered/decimal internal parts remain grouped."", ""page_range_precision"": ""conservative_until_content_review""}",https://olimpicos.net/spho/index.html#2007,REJECT,high,,Compton maximum recoil derivation requires unsupplied relativistic scattering law,,REJECT: Compton maximum recoil derivation requires unsupplied relativistic scattering law.,0,0,single_pass_complete,2026-10-04T08:16:33.073288+00:00,"Fast statement pass: source 2954, registered 10, PDF pp 3-3; actual complete statement and internal subparts read from SHA cache; 2017B p2 Lorentz relations confirmed in render.",top_level_count_verified_location_pending,,,REJECT
derived::7fbc3961e6a8b163::4039::10,4039,1,SPhO,spho,National,2009,Problems,theory,10,,unknown,originals/spho/2009/SPhO_2009_Q1__7fbc3961e6a8b163.pdf,2956,7fbc3961e6a8b163cbedaa9fb87744627ff94bc408c964b600f9a53c029c8c01,4,4,"{""source_label_present"": true, ""boundary_note"": ""Printed top-level numbering visually verified across all statement pages; internal parts retained.""}",https://olimpicos.net/spho/index.html#2009,REJECT,high,,Relativistic rod length and orientation in its proper frame,Special relativity,Unsupplied special-relativistic frame transformations are structurally central to the entire question.,1,0,single_pass_complete,2026-10-03T23:05:25.270432+00:00,"Read the complete top-level statement and options/figures in rendered source pages. Full-size page 3 additionally inspected for Singapore 2012 Q6/Q8, and full-size page 5 for Singapore 2014 Q8.",content_boundary_verified,,,REJECT
derived::aef53bc89bff7e1e::4038::10,4038,1,SPhO,spho,National,2011,Problems,theory,10,,unknown,originals/spho/2011/SPhO_2011_Q1__aef53bc89bff7e1e.pdf,2952,aef53bc89bff7e1ee965c61dd67278f786e49c95b9e71440dfe362ac9afddbba,6,6,"{""source_label_present"": true, ""boundary_note"": ""Printed top-level numbering visually verified across all statement pages; internal parts retained.""}",https://olimpicos.net/spho/index.html#2011,REJECT,high,,Neutrino signal in moving frames and relativistic rod length/orientation,Special relativity,Unsupplied special-relativistic frame transformations are structurally central to the entire question.,1,0,pass_2_complete,2026-10-03T23:05:25.270275+00:00,"Read the complete top-level statement and options/figures in rendered source pages. Full-size page 3 additionally inspected for Singapore 2012 Q6/Q8, and full-size page 5 for Singapore 2014 Q8.",content_boundary_verified,2026-10-03T23:20:02.211267+00:00,,REJECT
derived::68a927f32a6a8f22::4037::6,4037,1,SPhO,spho,National,2012,Problems,theory,6,,unknown,originals/spho/2012/SPhO_2012_Q1__68a927f32a6a8f22.pdf,2953,68a927f32a6a8f221044c6a518eaeafbfbe1027d1322f1d970d6db0894774ff6,3,3,"{""source_label_present"": true, ""boundary_note"": ""Printed top-level numbering visually verified across all statement pages; internal parts retained.""}",https://olimpicos.net/spho/index.html#2012,REJECT,high,,Relativistic electromagnetic field and charge/current transformations between observers,Special relativity,Unsupplied special-relativistic frame transformations are structurally central to the entire question.,1,0,pass_2_complete,2026-10-03T23:05:25.270049+00:00,"Read the complete top-level statement and options/figures in rendered source pages. Full-size page 3 additionally inspected for Singapore 2012 Q6/Q8, and full-size page 5 for Singapore 2014 Q8.",content_boundary_verified,2026-10-03T23:14:06.471368+00:00,,REJECT
derived::d584f6f779c81cd8::4034::8,4034,1,SPhO,spho,National,2016,Problems,theory,8,,unknown,originals/spho/2016/SPhO_2016_Q1__d584f6f779c81cd8.pdf,2949,d584f6f779c81cd894cc1f943f6e2fb6d1f9304ac1a3ab4d22ae43b2522af99b,10,11,"{""source_top_level_label"": ""8"", ""boundary_note"": ""Repeated same-number (a)/(b) headers are continuations, not new units. Inclusive page ranges are conservative until actual physics content review; lettered/decimal internal parts remain grouped."", ""page_range_precision"": ""conservative_until_content_review""}",https://olimpicos.net/spho/index.html#2016,REJECT,high,,Central proper-acceleration motion requires unsupplied relativistic velocity addition and proper time,,REJECT: Central proper-acceleration motion requires unsupplied relativistic velocity addition and proper time.,0,0,single_pass_complete,2026-10-04T08:16:33.073071+00:00,"Fast statement pass: source 2949, registered 8, PDF pp 10-11; actual complete statement and internal subparts read from SHA cache; 2017B p2 Lorentz relations confirmed in render.",top_level_count_verified_location_pending,,,REJECT
derived::87edbdf76415fef5::4031::4,4031,1,SPhO,spho,National,2018,Paper 2,theory,4,,unknown,originals/spho/2018/SPhO_2018_Q2__87edbdf76415fef5.pdf,2947,87edbdf76415fef544f303cf25f59655ff1d996704d5827c71de7b3538e7498d,15,17,"{""source_top_level_label"": ""4"", ""boundary_note"": ""Repeated same-number (a)/(b) headers are continuations, not new units. Inclusive page ranges are conservative until actual physics content review; lettered/decimal internal parts remain grouped."", ""page_range_precision"": ""conservative_until_content_review""}",https://olimpicos.net/spho/index.html#2018,REJECT,high,,Unsupplied relativistic length contraction and frame-time transformation,,REJECT: Unsupplied relativistic length contraction and frame-time transformation.,0,0,single_pass_complete,2026-10-04T08:11:06.257484+00:00,"Fast statement pass: source 2947, registered 4, PDF pp 15-17; actual complete statement and all internal subparts read from SHA-cached text, with local information sheet where present.",top_level_count_verified_location_pending,,,REJECT
derived::c404c220d24feaaa::4029::5,4029,1,SPhO,spho,National,2019,Paper 2,theory,5,,unknown,originals/spho/2019/SPhO_2019_Q2__c404c220d24feaaa.pdf,2944,c404c220d24feaaa44a869a32cfdf4abd675900e69f0ea9ab5122026f782c9c3,13,15,"{""source_top_level_label"": ""5"", ""boundary_note"": ""Repeated same-number (a)/(b) headers are continuations, not new units. Inclusive page ranges are conservative until actual physics content review; lettered/decimal internal parts remain grouped."", ""page_range_precision"": ""conservative_until_content_review""}",https://olimpicos.net/spho/index.html#2019,REJECT,high,,"Unsupplied Lorentz event transformation, velocity addition and length contraction",,"REJECT: Unsupplied Lorentz event transformation, velocity addition and length contraction.",0,0,single_pass_complete,2026-10-04T08:11:06.257308+00:00,"Fast statement pass: source 2944, registered 5, PDF pp 13-15; actual complete statement and all internal subparts read from SHA-cached text, with local information sheet where present.",top_level_count_verified_location_pending,,,REJECT
derived::a6dbad8d576f1c3b::4026::6,4026,1,SPhO,spho,National,2021,Problems,theory,6,,unknown,originals/spho/2021/SPhO_2021_Q1__a6dbad8d576f1c3b.pdf,2941,a6dbad8d576f1c3b078fd450eb1670d71a74148390cd33d745424e7913bfc403,12,14,"{""source_top_level_label"": ""6"", ""boundary_note"": ""Repeated same-number (a)/(b) headers are continuations, not new units. Inclusive page ranges are conservative until actual physics content review; lettered/decimal internal parts remain grouped."", ""page_range_precision"": ""conservative_until_content_review""}",https://olimpicos.net/spho/index.html#2021,REJECT,high,,Unsupplied Heisenberg confinement and relativistic kinetic energy,,REJECT: Unsupplied Heisenberg confinement and relativistic kinetic energy.,0,0,single_pass_complete,2026-10-04T08:11:06.256826+00:00,"Fast statement pass: source 2941, registered 6, PDF pp 12-14; actual complete statement and all internal subparts read from SHA-cached text, with local information sheet where present.",top_level_count_verified_location_pending,,,REJECT
derived::a1e6b6ebed389442::4025::5,4025,1,SPhO,spho,National,2022,Paper 2,theory,5,,unknown,originals/spho/2022/SPhO_2022_Q2__a1e6b6ebed389442.pdf,2940,a1e6b6ebed389442c2e3dc890f236758efa4d1aecec6ebdf691a2bd2d4db8fac,7,8,"{""source_top_level_label"": ""5"", ""boundary_note"": ""Repeated same-number (a)/(b) headers are continuations, not new units. Inclusive page ranges are conservative until actual physics content review; lettered/decimal internal parts remain grouped."", ""page_range_precision"": ""conservative_until_content_review""}",https://olimpicos.net/spho/index.html#2022,REJECT,high,,Unsupplied relativistic length contraction and proper-time transformation,,REJECT: Unsupplied relativistic length contraction and proper-time transformation.,0,0,single_pass_complete,2026-10-04T08:09:02.914483+00:00,"Fast statement pass: source 2940, registered 5, PDF pp 7-8; entire actual statement and internal subparts read from SHA-cached text, including local information sheet. SR relations are not supplied; substantial required work depends on them.",top_level_count_verified_location_pending,,,REJECT
derived::b4192d180f926d85::4021::8,4021,1,SPhO,spho,National,2024,Problems,theory,8,,unknown,originals/spho/2024/SPhO_2024_Q1__b4192d180f926d85.pdf,2934,b4192d180f926d85a5714ee3cb477a9f147014179e864fd505418b571716fdec,23,26,"{""source_top_level_label"": ""8"", ""boundary_note"": ""Repeated same-number (a)/(b) headers are continuations, not new units. Inclusive page ranges are conservative until actual physics content review; lettered/decimal internal parts remain grouped."", ""page_range_precision"": ""conservative_until_content_review""}",https://olimpicos.net/spho/index.html#2024,REJECT,high,,Unsupplied proper-time and Lorentz-frame transformation,,REJECT: Unsupplied proper-time and Lorentz-frame transformation.,0,0,single_pass_complete,2026-10-04T08:09:02.914047+00:00,"Fast statement pass: source 2934, registered 8, PDF pp 23-26; entire actual statement and internal subparts read from SHA-cached text, including local information sheet. SR relations are not supplied; substantial required work depends on them.",top_level_count_verified_location_pending,,,REJECT
derived::48cda64373c392fa::4020::8,4020,1,SPhO,spho,National,2025,Problems,theory,8,,unknown,originals/spho/2025/SPhO_2025_Q1__48cda64373c392fa.pdf,2939,48cda64373c392faafab22a5e9a1aaef39736c6c9d1ff7eab1b0bc3815b2b32f,6,6,"{""source_top_level_label"": ""8"", ""boundary_note"": ""Repeated same-number (a)/(b) headers are continuations, not new units. Inclusive page ranges are conservative until actual physics content review; lettered/decimal internal parts remain grouped."", ""page_range_precision"": ""conservative_until_content_review""}",https://olimpicos.net/spho/index.html#2025,REJECT,high,,Substantial unsupplied relativistic energy-momentum in de Broglie derivation and high-energy comparison,,REJECT: Substantial unsupplied relativistic energy-momentum in de Broglie derivation and high-energy comparison.,0,0,single_pass_complete,2026-10-04T08:09:02.913833+00:00,"Fast statement pass: source 2939, registered 8, PDF pp 6-6; entire actual statement and internal subparts read from SHA-cached text, including local information sheet. SR relations are not supplied; substantial required work depends on them.",top_level_count_verified_location_pending,,,REJECT
derived::48cda64373c392fa::4020::9,4020,1,SPhO,spho,National,2025,Problems,theory,9,,unknown,originals/spho/2025/SPhO_2025_Q1__48cda64373c392fa.pdf,2939,48cda64373c392faafab22a5e9a1aaef39736c6c9d1ff7eab1b0bc3815b2b32f,6,7,"{""source_top_level_label"": ""9"", ""boundary_note"": ""Repeated same-number (a)/(b) headers are continuations, not new units. Inclusive page ranges are conservative until actual physics content review; lettered/decimal internal parts remain grouped."", ""page_range_precision"": ""conservative_until_content_review""}",https://olimpicos.net/spho/index.html#2025,REJECT,high,,Unsupplied Lorentz wave-vector transformation and relativistic mirror Doppler,,REJECT: Unsupplied Lorentz wave-vector transformation and relativistic mirror Doppler.,0,0,pass_2_complete,2026-10-04T08:09:02.913852+00:00,"Fast statement pass: source 2939, registered 9, PDF pp 6-7; entire actual statement and internal subparts read from SHA-cached text, including local information sheet. SR relations are not supplied; substantial required work depends on them.",top_level_count_verified_location_pending,2026-10-04T08:37:09.540655+00:00,,REJECT
derived::d9677645a754dcf0::4054::5,4054,1,SPhO TST,spho-tst,National,2017,Problems,theory,5,,unknown,originals/spho-tst/2017/SPhOTST_2017_Q1__d9677645a754dcf0.pdf,2978,d9677645a754dcf047daa82640b843aff2848fcabf9242d336f73047a9af05e4,6,7,"{""source_top_level_label"": ""5"", ""boundary_note"": ""Cover/contents counts reconciled to source numeric or Question headings; contents entries not duplicated. Inclusive page ranges are conservative until actual physics content review; lettered/decimal internal parts remain grouped."", ""page_range_precision"": ""conservative_until_content_review""}",https://olimpicos.net/spho-tst/index.html#2017,REJECT,high,,Central relativistic Doppler derivation needs unsupplied Lorentz and velocity transformations,,REJECT: Central relativistic Doppler derivation needs unsupplied Lorentz and velocity transformations.,0,0,single_pass_complete,2026-10-04T08:20:14.986563+00:00,"Fast statement pass: source 2978, registered 5, PDF pp 6-7; complete actual statement with internal subparts and local constants read from SHA cache.",top_level_count_verified_location_pending,,,REJECT
derived::917025cbedc47020::4053::7,4053,1,SPhO TST,spho-tst,National,2018,Problems,theory,7,,unknown,originals/spho-tst/2018/SPhOTST_2018_Q1__917025cbedc47020.pdf,2975,917025cbedc470201e77a28da187837d6ef883e1b83cabe3bc39eb84a73b2c3c,9,10,"{""source_top_level_label"": ""7"", ""boundary_note"": ""Cover/contents counts reconciled to source numeric or Question headings; contents entries not duplicated. Inclusive page ranges are conservative until actual physics content review; lettered/decimal internal parts remain grouped."", ""page_range_precision"": ""conservative_until_content_review""}",https://olimpicos.net/spho-tst/index.html#2018,REJECT,high,,Moving teacher clock and light-signal timing require unsupplied relativistic time transformation,,REJECT: Moving teacher clock and light-signal timing require unsupplied relativistic time transformation.,0,0,single_pass_complete,2026-10-04T08:20:14.986295+00:00,"Fast statement pass: source 2975, registered 7, PDF pp 9-10; complete actual statement with internal subparts and local constants read from SHA cache.",top_level_count_verified_location_pending,,,REJECT
derived::f6d3fd107d3d1747::4050::8,4050,1,SPhO TST,spho-tst,National,2022,Problems,theory,8,,unknown,originals/spho-tst/2022/SPhOTST_2022_Q1__f6d3fd107d3d1747.pdf,2971,f6d3fd107d3d174757b877acf770eff45b621b5d99b628bda2e3fc4281aa6cf4,9,9,"{""source_top_level_label"": ""8"", ""boundary_note"": ""Cover/contents counts reconciled to source numeric or Question headings; contents entries not duplicated. Inclusive page ranges are conservative until actual physics content review; lettered/decimal internal parts remain grouped."", ""page_range_precision"": ""conservative_until_content_review""}",https://olimpicos.net/spho-tst/index.html#2022,REJECT,high,,Central Compton derivation explicitly requires unsupplied relativistic electron energy-momentum,,REJECT: Central Compton derivation explicitly requires unsupplied relativistic electron energy-momentum.,0,0,single_pass_complete,2026-10-04T08:18:40.588671+00:00,"Fast complete statement pass: source 2971, registered 8, PDF pp 9-9; actual statement and internal subparts read from SHA-cached text.",top_level_count_verified_location_pending,,,REJECT
derived::1f2ee4c7c7632a3a::4048::9,4048,1,SPhO TST,spho-tst,National,2024,Problems,theory,9,,unknown,originals/spho-tst/2024/SPhOTST_2024_Q1__1f2ee4c7c7632a3a.pdf,2965,1f2ee4c7c7632a3a9d8be6bbacf5441edc2e873667fe99b3fe4a70c90bf5edba,10,11,"{""source_top_level_label"": ""9"", ""boundary_note"": ""Cover/contents counts reconciled to source numeric or Question headings; contents entries not duplicated. Inclusive page ranges are conservative until actual physics content review; lettered/decimal internal parts remain grouped."", ""page_range_precision"": ""conservative_until_content_review""}",https://olimpicos.net/spho-tst/index.html#2024,REJECT,high,,Supplied weak-gravity metric still requires unsupplied relativistic energy-momentum and proper-time dynamics centrally,,REJECT: Supplied weak-gravity metric still requires unsupplied relativistic energy-momentum and proper-time dynamics centrally.,0,0,pass_2_complete,2026-10-04T08:18:40.588347+00:00,"Fast complete statement pass: source 2965, registered 9, PDF pp 10-11; actual statement and internal subparts read from SHA-cached text. Consequential supplied-model ambiguity checked against local solution 2968.",top_level_count_verified_location_pending,2026-10-04T08:18:41.659457+00:00,,REJECT
derived::a1139aeb895c26f2::4046::8,4046,1,SPhO TST,spho-tst,National,2026,Problems,theory,8,,unknown,originals/spho-tst/2026/SPhOTST_2026_Q1__a1139aeb895c26f2.pdf,2963,a1139aeb895c26f2562d26ecc5b635a86ffd3b087f803176d83f20e5c45ad28a,9,9,"{""source_top_level_label"": ""8"", ""boundary_note"": ""Cover/contents counts reconciled to source numeric or Question headings; contents entries not duplicated. Inclusive page ranges are conservative until actual physics content review; lettered/decimal internal parts remain grouped."", ""page_range_precision"": ""conservative_until_content_review""}",https://olimpicos.net/spho-tst/index.html#2026,REJECT,high,,Neutrino threshold and accelerated proper-length motion require substantial unsupplied relativistic kinematics,,REJECT: Neutrino threshold and accelerated proper-length motion require substantial unsupplied relativistic kinematics.,0,0,single_pass_complete,2026-10-04T08:18:40.587886+00:00,"Fast complete statement pass: source 2963, registered 8, PDF pp 9-9; actual statement and internal subparts read from SHA-cached text.",top_level_count_verified_location_pending,,,REJECT
derived::cf284869fd80f953::4018::4,4018,1,TwPhO Camp,twpho-camp,National,2017,Exam 2,theory,4,,unknown,originals/twpho-camp/2017/TwPhOCamp_2017_Q2__cf284869fd80f953.pdf,2933,cf284869fd80f953e0a43d82f98b65fbb3a1ac7f1ce2c1bc5cf76bc400dfcdd4,6,6,"{""boundary_note"": ""All rendered statement pages inspected for source grand-question headings. Internal lettered/numbered parts kept; conservative inclusive page ranges retain shared pages."", ""page_range_precision"": ""conservative_until_content_review""}",https://olimpicos.net/twpho-camp/index.html#2017,REJECT,high,,Central recoil and beta-spectrum shape require unsupplied relativistic electron energy-momentum and phase-space conversion,,REJECT: Central recoil and beta-spectrum shape require unsupplied relativistic electron energy-momentum and phase-space conversion.,1,0,single_pass_complete,2026-10-04T13:18:25.670755+00:00,Complete actual scanned statement source 2933 pp6-6; all internal tasks and figures inspected from cached renders.,top_level_count_verified_location_pending,,,REJECT
derived::737710f6b84cc75f::4009::4,4009,1,TwPhO Camp,twpho-camp,National,2020,Exam 2,theory,4,,unknown,originals/twpho-camp/2020/TwPhOCamp_2020_Q2__737710f6b84cc75f.pdf,2922,737710f6b84cc75fdc21d0907b207afc5a8aedfac2f21cf2401ac6bfd2d0a66c,7,8,"{""boundary_note"": ""All rendered statement pages inspected for source grand-question headings. Internal lettered/numbered parts kept; conservative inclusive page ranges retain shared pages."", ""page_range_precision"": ""conservative_until_content_review""}",https://olimpicos.net/twpho-camp/index.html#2020,REJECT,high,,"Central length, clock and simultaneity transformations unsupplied; gamma definition alone insufficient",,"REJECT: Central length, clock and simultaneity transformations unsupplied; gamma definition alone insufficient.",1,0,single_pass_complete,2026-10-04T12:42:04.769509+00:00,Complete actual scanned statement source 2922 pp7-8; all internal tasks and figures read from renders.,top_level_count_verified_location_pending,,,REJECT
derived::e087b16b661a2c8f::4010::2,4010,1,TwPhO Camp,twpho-camp,National,2020,Mock APhO,theory,2,,unknown,originals/twpho-camp/2020/TwPhOCamp_2020_Q3__e087b16b661a2c8f.pdf,2923,e087b16b661a2c8ff0a096cc9b8611f02a5bdfad39fb0d220e21e9e5cd953744,5,6,"{""boundary_note"": ""All rendered statement pages inspected for source grand-question headings. Internal lettered/numbered parts kept; conservative inclusive page ranges retain shared pages."", ""page_range_precision"": ""conservative_until_content_review""}",https://olimpicos.net/twpho-camp/index.html#2020,REJECT,high,,Dominant undulator/FEL motion and resonance require unsupplied relativistic momentum dynamics,,REJECT: Dominant undulator/FEL motion and resonance require unsupplied relativistic momentum dynamics.,1,0,single_pass_complete,2026-10-04T12:42:04.769600+00:00,Complete actual scanned statement source 2923 pp5-6; all internal tasks and figures read from renders.,top_level_count_verified_location_pending,,,REJECT
derived::63727366662daaeb::4006::2,4006,1,TwPhO Camp,twpho-camp,National,2021,Exam 2,theory,2,,unknown,originals/twpho-camp/2021/TwPhOCamp_2021_Q2__63727366662daaeb.pdf,2920,63727366662daaeb9cab0222f3cf9705fb7bd488cfc1712348adeeb5980c82da,4,4,"{""boundary_note"": ""All rendered statement pages inspected for source grand-question headings. Internal lettered/numbered parts kept; conservative inclusive page ranges retain shared pages."", ""page_range_precision"": ""conservative_until_content_review""}",https://olimpicos.net/twpho-camp/index.html#2021,REJECT,high,,Central moving-source Doppler and interferometer contraction require unsupplied special relativity,,REJECT: Central moving-source Doppler and interferometer contraction require unsupplied special relativity.,1,0,single_pass_complete,2026-10-04T12:42:04.769296+00:00,Complete actual scanned statement source 2920 pp4-4; all internal tasks and figures read from renders.,top_level_count_verified_location_pending,,,REJECT
derived::3b93d20d3bc82397::4003::5,4003,1,TwPhO Camp,twpho-camp,National,2022,Exam 1,theory,5,,unknown,originals/twpho-camp/2022/TwPhOCamp_2022_Q1__3b93d20d3bc82397.pdf,2915,3b93d20d3bc82397e81db6c4e52a035aa63c13422b24c109dd885ee6b306edc4,6,6,"{""boundary_note"": ""All rendered statement pages inspected for source grand-question headings. Internal lettered/numbered parts kept; conservative inclusive page ranges retain shared pages."", ""page_range_precision"": ""conservative_until_content_review""}",https://olimpicos.net/twpho-camp/index.html#2022,REJECT,high,,Central collider work requires unsupplied relativistic momentum/energy; acceleration identity alone insufficient,,REJECT: Central collider work requires unsupplied relativistic momentum/energy; acceleration identity alone insufficient.,1,0,single_pass_complete,2026-10-04T12:26:54.811817+00:00,Complete actual scanned statement source 2915 pp6-6; all internal tasks and figures read from renders.,top_level_count_verified_location_pending,,,REJECT
derived::5f3bbd6100353715::4002::W2P2,4002,1,TwPhO Camp,twpho-camp,National,2024,Problems / 筆試(二) / 2024-04-02,theory,2,,unknown,originals/twpho-camp/2024/TwPhOCamp_2024_Q1__5f3bbd6100353715.pdf,2917,5f3bbd6100353715decdc565bfa49067ecfa5dae01448f465e7a0c9346bd611e,10,10,"{""source_session"": ""筆試(二)"", ""source_date"": ""2024-04-02"", ""printed_problem_number"": ""2"", ""page_range_precision"": ""conservative_until_content_review"", ""boundary_note"": ""Separate exam cover verified. Experimental Q1-1/Q1-2 and Q2-1/Q2-2 labels are pages of one experiment, not separate tasks.""}",https://olimpicos.net/twpho-camp/index.html#2024,REJECT,high,,Central photon collisions require unsupplied relativistic energy-momentum dynamics,,REJECT: Central photon collisions require unsupplied relativistic energy-momentum dynamics.,1,0,single_pass_complete,2026-10-04T12:26:54.811500+00:00,Complete actual scanned statement source 2917 pp10-10; all internal tasks and figures read from renders.,top_level_count_verified_location_pending,,,REJECT
raw::1497,1497,0,USAPhO,usapho,National,2012,Semifinal / Problems,unknown,1,Problem A1,unknown,originals/usapho/2012/USAPhO_2012_Q1-6__973ceea7a2be398f.pdf,1982,973ceea7a2be398f38656f56622fafc89560841345054ff950190dd34e62c60d,3,3,,https://olimpicos.net/usapho/index.html#2012,REJECT,high,,Unsupplied relativistic meson decay momentum-energy and lifetime dilation are central,,REJECT: Unsupplied relativistic meson decay momentum-energy and lifetime dilation are central.,0,0,single_pass_complete,2026-10-04T11:16:01.755547+00:00,Complete actual statement source 1982 pp3-3; entire physical paper and shared relations read once.,source_individual_boundary,,,REJECT
raw::1375,1375,0,USAPhO,usapho,National,2016,USAPhO / Problems,unknown,3,Problem A3,unknown,originals/usapho/2016/USAPhO_2016_Q1-6__dce0f7bd8adf20e7.pdf,1965,dce0f7bd8adf20e7f413083de1f920b1f73817fb42420aab957b46f01ecd7b61,5,5,,https://olimpicos.net/usapho/index.html#2016,REJECT,high,,"Central unsupplied Lorentz transformation, length contraction and velocity addition",,"REJECT: Central unsupplied Lorentz transformation, length contraction and velocity addition.",0,0,single_pass_complete,2026-10-04T11:14:45.393129+00:00,Actual full statement source 1965 pp5-5; shared paper relations read.,source_individual_boundary,,,REJECT
raw::1201,1201,0,USAPhO,usapho,National,2020,USAPhO / Problems,unknown,3,A3. Spin Cycle,unknown,originals/usapho/2020/USAPhO_2020_Q1-6__bdee52d5efa3f5ba.pdf,1946,bdee52d5efa3f5baa3d05ec083537e32df4d4120cc84e917960d89a03c1f26a6,5,5,,https://olimpicos.net/usapho/index.html#2020,REJECT,high,,"Central unsupplied proper time, Lorentz synchronization and simultaneity",,"REJECT: Central unsupplied proper time, Lorentz synchronization and simultaneity.",0,0,single_pass_complete,2026-10-04T11:12:34.845445+00:00,Actual statement source 1946 pp5-5; entire paper and shared instructions read once.,source_individual_boundary,,,REJECT
raw::1141,1141,0,USAPhO,usapho,National,2021,USAPhO / Problems,unknown,2,A2. Flashlight,unknown,originals/usapho/2021/USAPhO_2021_Q1-6__83b753eb4e419328.pdf,1936,83b753eb4e419328a93233a2c30198cb9d33fa1e776c6782cfb814fc5435481a,3,3,,https://olimpicos.net/usapho/index.html#2021,REJECT,high,,"Central unsupplied relativistic velocity transformation, time dilation and Doppler",,"REJECT: Central unsupplied relativistic velocity transformation, time dilation and Doppler.",0,0,single_pass_complete,2026-10-04T11:12:34.845171+00:00,Actual statement source 1936 pp3-3; entire paper and shared instructions read once.,source_individual_boundary,,,REJECT
raw::1021,1021,0,USAPhO,usapho,National,2024,USAPhO / Problems / Part B,theory,B1,B1. The Muon Shot,unknown,originals/usapho/2024/USAPhO_2024_Q1-6__2a93ac274a4c74b9.pdf,1920,2a93ac274a4c74b93711d98cc71ba522d9562a1730c6ce6040237d3a9777a4b1,8,8,"{""acquisition_problem_number"": ""4"", ""shared_formula_pages"": [3]}",https://olimpicos.net/usapho/index.html#2024,REJECT,high,,Relativistic collision invariants and time-dilated muon decay,Relativistic collision invariants and time-dilated muon decay,Unsupplied relativistic collision energy and proper-time laws control three substantial parts and their dependencies. The geometric collision-count part alone does not make most of the whole problem usable.,1,1,pass_2_complete,2026-10-04T00:31:54.549654+00:00,"Entire actual source paper 1920 read, including all reference sheets and page renders. Six printed A1-A3/B1-B3 units remain whole, including their internal sections and subparts. Focused official solution inspected where recorded.",content_boundary_verified,2026-10-04T00:31:54.553086+00:00,,REJECT
raw::848,848,0,WoPhO,wopho,International,2012,selection rounds / Problems,unknown,8,Relativistic Images,unknown,originals/wopho/2012/WoPhO_2012_Q8__e777040544315205.pdf,1764,e777040544315205f0fca456db18bded2484726b03541b92200c112a1d5a7e47,1,3,,https://olimpicos.net/wopho/index.html#2012,REJECT,high,,"Moving-mirror reflection, relativistic camera aberration and clock comparison require central unsupplied Lorentz transformations",,"REJECT: Moving-mirror reflection, relativistic camera aberration and clock comparison require central unsupplied Lorentz transformations.",0,0,single_pass_complete,2026-10-04T11:48:23.251835+00:00,Complete actual source 1764 pp1-3; every internal task read in cached statement.,source_individual_boundary,,,REJECT
