file_id,source_file,curated_file,sha256,byte_size,page_count,materialization,verified_sha256,source_storage_root,source_url
10,originals/ipho/2026/IPhO_2026_Q2__d105a67ea95650c0.pdf,files/ipho/2026/IPhO_2026_Q2__d105a67ea95650c0.pdf,d105a67ea95650c035c3c1c2f7649b27fc594843e8037485927af1711225ce55,1959589,4,hardlink,d105a67ea95650c035c3c1c2f7649b27fc594843e8037485927af1711225ce55,acquisition,
1000,originals/apho/2022/APhO_2022_TheoryInstructions__c62f95c528bdb366.pdf,files/apho/2022/APhO_2022_TheoryInstructions__c62f95c528bdb366.pdf,c62f95c528bdb366787972d2d43d88cf2ed06e7d2efe5e045e168625c0a9e244,223527,2,hardlink,c62f95c528bdb366787972d2d43d88cf2ed06e7d2efe5e045e168625c0a9e244,acquisition,
1001,originals/apho/2023/APhO_2023_Q5__e81d29a298f6b0bd.pdf,files/apho/2023/APhO_2023_Q5__e81d29a298f6b0bd.pdf,e81d29a298f6b0bdd0112b96b5ed66dc8116bec0eb9eefe4f916a6ab83a2fb1a,6493245,6,hardlink,e81d29a298f6b0bdd0112b96b5ed66dc8116bec0eb9eefe4f916a6ab83a2fb1a,acquisition,
1002,originals/apho/2022/APhO_2022_ExperimentInstructions__c43b38d2c8338a1c.pdf,files/apho/2022/APhO_2022_ExperimentInstructions__c43b38d2c8338a1c.pdf,c43b38d2c8338a1c92eb45a6302516b850f4ca023241e5b5c7b969465c2b8d9b,227670,3,hardlink,c43b38d2c8338a1c92eb45a6302516b850f4ca023241e5b5c7b969465c2b8d9b,acquisition,
1003,originals/apho/2022/APhO_2022_Q1__2ea57b3ea45d3e06.pdf,files/apho/2022/APhO_2022_Q1__2ea57b3ea45d3e06.pdf,2ea57b3ea45d3e0688ee32a6883d8bde86bec6863a4187c645bf8ae26e3a8fa9,430589,4,hardlink,2ea57b3ea45d3e0688ee32a6883d8bde86bec6863a4187c645bf8ae26e3a8fa9,acquisition,
1004,originals/apho/2022/APhO_2022_S1__1139a5228eb5d835.pdf,files/apho/2022/APhO_2022_S1__1139a5228eb5d835.pdf,1139a5228eb5d8351e9c40d994f1ea33dbb36f707e69d5cd7e6abcf5460fd15b,243777,7,hardlink,1139a5228eb5d8351e9c40d994f1ea33dbb36f707e69d5cd7e6abcf5460fd15b,acquisition,
1005,originals/apho/2022/APhO_2022_ExperimentalPresentation__a1e931a1de603736.pdf,files/apho/2022/APhO_2022_ExperimentalPresentation__a1e931a1de603736.pdf,a1e931a1de603736682ffa1e7e188c38048794067eaec9c589c1a1dd7097ff77,1692739,18,hardlink,a1e931a1de603736682ffa1e7e188c38048794067eaec9c589c1a1dd7097ff77,acquisition,
1006,originals/apho/2022/APhO_2022_A1__f90f942fed917811.pdf,files/apho/2022/APhO_2022_A1__f90f942fed917811.pdf,f90f942fed917811ba8d0ab137a22f8dcd65700925905c1eca99effc9e231451,218870,4,hardlink,f90f942fed917811ba8d0ab137a22f8dcd65700925905c1eca99effc9e231451,acquisition,
1008,originals/apho/2022/APhO_2022_Q1_tex__defb45c851e1d009.zip,files/apho/2022/APhO_2022_Q1_tex__defb45c851e1d009.zip,defb45c851e1d00949f543e77cb839c1de2201fbd05aa75f5155446730632fec,47005,,hardlink,defb45c851e1d00949f543e77cb839c1de2201fbd05aa75f5155446730632fec,acquisition,
1009,originals/apho/2022/2022-1__73c6186cb17e1f2d.tex,files/apho/2022/2022-1__73c6186cb17e1f2d.tex,73c6186cb17e1f2ddc35c648b0f71fb13f5af0006351ecee9b7609e0cd2fda44,5544,,hardlink,73c6186cb17e1f2ddc35c648b0f71fb13f5af0006351ecee9b7609e0cd2fda44,acquisition,
101,originals/ipho/2023/IPhO_2023_Q1__4fef805edaaa3c23.pdf,files/ipho/2023/IPhO_2023_Q1__4fef805edaaa3c23.pdf,4fef805edaaa3c236c1e6a326bb5dd217e2915bee3bddfeb42652355cd7154c0,659955,6,hardlink,4fef805edaaa3c236c1e6a326bb5dd217e2915bee3bddfeb42652355cd7154c0,acquisition,
1010,originals/apho/2022/APhO_2022_Q2__b5bc5ffcd53a3094.pdf,files/apho/2022/APhO_2022_Q2__b5bc5ffcd53a3094.pdf,b5bc5ffcd53a30943215d5a4bb8d48221ed6ae6e0cfb3d397bbda07ec4494481,295894,4,hardlink,b5bc5ffcd53a30943215d5a4bb8d48221ed6ae6e0cfb3d397bbda07ec4494481,acquisition,
1011,originals/apho/2022/APhO_2022_S2__3781256cd2e3b3b3.pdf,files/apho/2022/APhO_2022_S2__3781256cd2e3b3b3.pdf,3781256cd2e3b3b30a595b7160acef2cba706f5dd484554180dbe2e30fb31922,339010,11,hardlink,3781256cd2e3b3b30a595b7160acef2cba706f5dd484554180dbe2e30fb31922,acquisition,
1012,originals/apho/2022/APhO_2022_A2__bcb2227d86d3d573.pdf,files/apho/2022/APhO_2022_A2__bcb2227d86d3d573.pdf,bcb2227d86d3d573729e2d3b2f08dc041d5ec6dbac575dff5e6425e31ede0b55,218360,4,hardlink,bcb2227d86d3d573729e2d3b2f08dc041d5ec6dbac575dff5e6425e31ede0b55,acquisition,
1013,originals/apho/2022/APhO_2022_Q2_tex__8e62ce4928595327.zip,files/apho/2022/APhO_2022_Q2_tex__8e62ce4928595327.zip,8e62ce49285953272a55953895605917aa830f059921a43f615bc31c4d3de11e,40842,,hardlink,8e62ce49285953272a55953895605917aa830f059921a43f615bc31c4d3de11e,acquisition,
1015,originals/apho/2022/2022-2__8be3135fbc9a2b77.tex,files/apho/2022/2022-2__8be3135fbc9a2b77.tex,8be3135fbc9a2b7781f84aa76c06786cb2e74f6f16ee12b3f32180bd40de32d2,5902,,hardlink,8be3135fbc9a2b7781f84aa76c06786cb2e74f6f16ee12b3f32180bd40de32d2,acquisition,
1016,originals/apho/2022/APhO_2022_Q3__8fc87dbae975d577.pdf,files/apho/2022/APhO_2022_Q3__8fc87dbae975d577.pdf,8fc87dbae975d577745dfdfe351b3419172145f2aad70a83a0563db53beee55c,233396,4,hardlink,8fc87dbae975d577745dfdfe351b3419172145f2aad70a83a0563db53beee55c,acquisition,
1017,originals/apho/2022/APhO_2022_S3__59cecef7d93bba5c.pdf,files/apho/2022/APhO_2022_S3__59cecef7d93bba5c.pdf,59cecef7d93bba5ca5b8a52d004278aba70c9e996d7a40408af0ad924f20eeec,244681,7,hardlink,59cecef7d93bba5ca5b8a52d004278aba70c9e996d7a40408af0ad924f20eeec,acquisition,
1018,originals/apho/2022/APhO_2022_A3__f78a225ac84a8379.pdf,files/apho/2022/APhO_2022_A3__f78a225ac84a8379.pdf,f78a225ac84a8379190a39f495ce83b83169e4a0b532319e6caba11bba040323,221158,5,hardlink,f78a225ac84a8379190a39f495ce83b83169e4a0b532319e6caba11bba040323,acquisition,
1020,originals/apho/2022/APhO_2022_Q3_tex__5a93d5a2d6c81fa9.zip,files/apho/2022/APhO_2022_Q3_tex__5a93d5a2d6c81fa9.zip,5a93d5a2d6c81fa9c3ae69454cad22bc14e03fd0cdf75c37f207981fdddf630f,13929,,hardlink,5a93d5a2d6c81fa9c3ae69454cad22bc14e03fd0cdf75c37f207981fdddf630f,acquisition,
1021,originals/apho/2022/2022-3__f580eaf838bee2e3.tex,files/apho/2022/2022-3__f580eaf838bee2e3.tex,f580eaf838bee2e3db84ba30edc99b8e0693c035fded8397b4d61d8fbe247be7,6827,,hardlink,f580eaf838bee2e3db84ba30edc99b8e0693c035fded8397b4d61d8fbe247be7,acquisition,
1022,originals/apho/2022/APhO_2022_Q4__533607df51a66925.pdf,files/apho/2022/APhO_2022_Q4__533607df51a66925.pdf,533607df51a66925511a44512bb1f1b2efcc714d2d8099cab17ab9b9b8f89a95,890467,5,hardlink,533607df51a66925511a44512bb1f1b2efcc714d2d8099cab17ab9b9b8f89a95,acquisition,
1023,originals/apho/2022/APhO_2022_M4__4e84dffa24c9674f.pdf,files/apho/2022/APhO_2022_M4__4e84dffa24c9674f.pdf,4e84dffa24c9674f0839d025ccd970e48f92940facb5002ec7599ea6847a7253,230800,4,hardlink,4e84dffa24c9674f0839d025ccd970e48f92940facb5002ec7599ea6847a7253,acquisition,
1024,originals/apho/2022/APhO_2022_S4__e011c2ac17fdfc55.pdf,files/apho/2022/APhO_2022_S4__e011c2ac17fdfc55.pdf,e011c2ac17fdfc55317faafb808b9819bf75daaaf45d1b419dc9544ab2311dfc,568493,12,hardlink,e011c2ac17fdfc55317faafb808b9819bf75daaaf45d1b419dc9544ab2311dfc,acquisition,
1025,originals/apho/2022/APhO_2022_A4__90dc3220ef37ba0a.pdf,files/apho/2022/APhO_2022_A4__90dc3220ef37ba0a.pdf,90dc3220ef37ba0aa10205458960bfebd1296f147670de384f1ce11886d18fd7,249353,13,hardlink,90dc3220ef37ba0aa10205458960bfebd1296f147670de384f1ce11886d18fd7,acquisition,
1026,originals/apho/2022/APhO_2022_Q5__62698a99e12b9eae.pdf,files/apho/2022/APhO_2022_Q5__62698a99e12b9eae.pdf,62698a99e12b9eae8174d15a94e7e36d0e133054e757458485f3d1c89ab76109,690109,4,hardlink,62698a99e12b9eae8174d15a94e7e36d0e133054e757458485f3d1c89ab76109,acquisition,
1027,originals/apho/2022/APhO_2022_S5__a483e75e7007f29b.pdf,files/apho/2022/APhO_2022_S5__a483e75e7007f29b.pdf,a483e75e7007f29b9dd4a161a1ae2055af680c68f53e73fe28b9d583ac03e970,1471435,12,hardlink,a483e75e7007f29b9dd4a161a1ae2055af680c68f53e73fe28b9d583ac03e970,acquisition,
1028,originals/apho/2022/APhO_2022_A5__5c560af439da0601.pdf,files/apho/2022/APhO_2022_A5__5c560af439da0601.pdf,5c560af439da0601ca8372e0a07f156ada2e2462c117346bea3c87baba673c4d,246886,9,hardlink,5c560af439da0601ca8372e0a07f156ada2e2462c117346bea3c87baba673c4d,acquisition,
1029,originals/apho/2022/APhO_2022_M5__71a1486ef3e18c2e.pdf,files/apho/2022/APhO_2022_M5__71a1486ef3e18c2e.pdf,71a1486ef3e18c2eb3e874e2460b6a78a2fd79c79fa2a82a2e4424e7120c03d7,221730,2,hardlink,71a1486ef3e18c2eb3e874e2460b6a78a2fd79c79fa2a82a2e4424e7120c03d7,acquisition,
103,originals/ipho/2023/IPhO_2023_S1__a813483dd978f206.pdf,files/ipho/2023/IPhO_2023_S1__a813483dd978f206.pdf,a813483dd978f206c2c237e2516abc8b6ae922bb794491c51d1b1abb33a3e03c,485577,7,hardlink,a813483dd978f206c2c237e2516abc8b6ae922bb794491c51d1b1abb33a3e03c,acquisition,
1030,originals/apho/2021/APhO_2021_ExperimentInstructions__83754e6b737df35d.pdf,files/apho/2021/APhO_2021_ExperimentInstructions__83754e6b737df35d.pdf,83754e6b737df35d93cb906f4b1038c7113dbc4433f2afc86a0c02bce5e8f678,175596,2,hardlink,83754e6b737df35d93cb906f4b1038c7113dbc4433f2afc86a0c02bce5e8f678,acquisition,
1031,originals/apho/2021/APhO_2021_Q1__2a1fb6322b5c85c4.pdf,files/apho/2021/APhO_2021_Q1__2a1fb6322b5c85c4.pdf,2a1fb6322b5c85c41fde5e2ba952d8c18f8f3ebe43bc6875421a2d04a9aeb746,151737,4,hardlink,2a1fb6322b5c85c41fde5e2ba952d8c18f8f3ebe43bc6875421a2d04a9aeb746,acquisition,
1032,originals/apho/2021/APhO_2021_S1__7490ed2a57d12df1.pdf,files/apho/2021/APhO_2021_S1__7490ed2a57d12df1.pdf,7490ed2a57d12df13b2c5ab9f50de6713ed6296e29e7ab11ca2b3bbbc1f5a8f8,1167317,9,hardlink,7490ed2a57d12df13b2c5ab9f50de6713ed6296e29e7ab11ca2b3bbbc1f5a8f8,acquisition,
1033,originals/apho/2021/APhO_2021_M1__b9625fd9bf4d9e1e.pdf,files/apho/2021/APhO_2021_M1__b9625fd9bf4d9e1e.pdf,b9625fd9bf4d9e1e346de1c2f0da8d2953af3e13fdda389794395f931ffc0268,738976,3,hardlink,b9625fd9bf4d9e1e346de1c2f0da8d2953af3e13fdda389794395f931ffc0268,acquisition,
1034,originals/apho/2021/APhO_2021_ExperimentData__1777fde284182216.zip,files/apho/2021/APhO_2021_ExperimentData__1777fde284182216.zip,1777fde28418221663ea5803daf932a1b40a0da75298184894d7f889cda424ea,21993665,,hardlink,1777fde28418221663ea5803daf932a1b40a0da75298184894d7f889cda424ea,acquisition,
1035,originals/apho/2021/APhO_2021_Q2__c2fe02a61d641a44.pdf,files/apho/2021/APhO_2021_Q2__c2fe02a61d641a44.pdf,c2fe02a61d641a44e6a8c3f6048a87061736e7d65ccbf217ccb2797d87f863dd,197549,5,hardlink,c2fe02a61d641a44e6a8c3f6048a87061736e7d65ccbf217ccb2797d87f863dd,acquisition,
1036,originals/apho/2021/APhO_2021_S2__cafdc1d5a6f6400e.pdf,files/apho/2021/APhO_2021_S2__cafdc1d5a6f6400e.pdf,cafdc1d5a6f6400ee9b01154cec4f44f1d24d6d6b0d6a18c83866b837a52dadb,222869,10,hardlink,cafdc1d5a6f6400ee9b01154cec4f44f1d24d6d6b0d6a18c83866b837a52dadb,acquisition,
1037,originals/apho/2021/APhO_2021_A1__e457f415858eb34c.pdf,files/apho/2021/APhO_2021_A1__e457f415858eb34c.pdf,e457f415858eb34cb5d750de28c42b7729e6ad2611bfc66279c12e0b26bc88c0,9234976,6,hardlink,e457f415858eb34cb5d750de28c42b7729e6ad2611bfc66279c12e0b26bc88c0,acquisition,
1038,originals/apho/2021/APhO_2021_A2__33cae174c6d71087.pdf,files/apho/2021/APhO_2021_A2__33cae174c6d71087.pdf,33cae174c6d710872c5abdf8436fe9ab826c67854aa2076bfe42a73aa53fb623,95489,6,hardlink,33cae174c6d710872c5abdf8436fe9ab826c67854aa2076bfe42a73aa53fb623,acquisition,
1039,originals/apho/2021/APhO_2021_M2__55cff93118328abb.pdf,files/apho/2021/APhO_2021_M2__55cff93118328abb.pdf,55cff93118328abb19b39111ce56ac6b9939ffc4f10ba34858b813fda4f017cd,318633,6,hardlink,55cff93118328abb19b39111ce56ac6b9939ffc4f10ba34858b813fda4f017cd,acquisition,
104,originals/ipho/2023/IPhO_2023_M1__99680cf92225c248.pdf,files/ipho/2023/IPhO_2023_M1__99680cf92225c248.pdf,99680cf92225c248a8a2d78ab771c52cdd01b3e0e684a91747e287520da5ff79,846444,8,hardlink,99680cf92225c248a8a2d78ab771c52cdd01b3e0e684a91747e287520da5ff79,acquisition,
1040,originals/apho/2021/APhO_2021_Q3__aae77264d3588089.pdf,files/apho/2021/APhO_2021_Q3__aae77264d3588089.pdf,aae77264d35880893c40cc5dd551c54e44965c9dfe19ee04b2a34e67e4d1dd17,272651,5,hardlink,aae77264d35880893c40cc5dd551c54e44965c9dfe19ee04b2a34e67e4d1dd17,acquisition,
1041,originals/apho/2021/APhO_2021_S3__5f0308f8ea44f8e9.pdf,files/apho/2021/APhO_2021_S3__5f0308f8ea44f8e9.pdf,5f0308f8ea44f8e95c9dd436501b2a4eef64d6f8241cb5f7ce36a6a3e1ea6b66,711845,7,hardlink,5f0308f8ea44f8e95c9dd436501b2a4eef64d6f8241cb5f7ce36a6a3e1ea6b66,acquisition,
1042,originals/apho/2021/APhO_2021_A3__d88b6a83965bb79a.pdf,files/apho/2021/APhO_2021_A3__d88b6a83965bb79a.pdf,d88b6a83965bb79a087ad27f9f2a00bb68105cd16e28eec67d44f6bff6f583c1,91636,4,hardlink,d88b6a83965bb79a087ad27f9f2a00bb68105cd16e28eec67d44f6bff6f583c1,acquisition,
1043,originals/apho/2021/APhO_2021_M3__0d976f95abf9a24b.pdf,files/apho/2021/APhO_2021_M3__0d976f95abf9a24b.pdf,0d976f95abf9a24b96c83dac77e0c6c30e7442e9ec789486cb55981ec1b36980,542482,3,hardlink,0d976f95abf9a24b96c83dac77e0c6c30e7442e9ec789486cb55981ec1b36980,acquisition,
1044,originals/apho/2021/APhO_2021_Q4__1c6af3dfcc9af570.pdf,files/apho/2021/APhO_2021_Q4__1c6af3dfcc9af570.pdf,1c6af3dfcc9af5704359746ceb03f9eb45e0fde1194c6457a25a98e959626d59,861806,12,hardlink,1c6af3dfcc9af5704359746ceb03f9eb45e0fde1194c6457a25a98e959626d59,acquisition,
1045,originals/apho/2021/APhO_2021_S4__47e82e42d54644d2.pdf,files/apho/2021/APhO_2021_S4__47e82e42d54644d2.pdf,47e82e42d54644d24462a228b26ff158ebbc70eb50408a7c10a620d646415310,1078544,8,hardlink,47e82e42d54644d24462a228b26ff158ebbc70eb50408a7c10a620d646415310,acquisition,
1046,originals/apho/2021/APhO_2021_M4__2be2939e4d64d694.pdf,files/apho/2021/APhO_2021_M4__2be2939e4d64d694.pdf,2be2939e4d64d69485c79265cb20f74c5e491f4508a565f3b1ffcce9ada04132,188736,4,hardlink,2be2939e4d64d69485c79265cb20f74c5e491f4508a565f3b1ffcce9ada04132,acquisition,
1047,originals/apho/2021/APhO_2021_Q5__1ed9709e0201c151.pdf,files/apho/2021/APhO_2021_Q5__1ed9709e0201c151.pdf,1ed9709e0201c15159ff167e50177c9e938cbe2854467f152d368b0e4fb4710e,417078,7,hardlink,1ed9709e0201c15159ff167e50177c9e938cbe2854467f152d368b0e4fb4710e,acquisition,
1048,originals/apho/2021/APhO_2021_A4__80bb99bd493ee6a1.pdf,files/apho/2021/APhO_2021_A4__80bb99bd493ee6a1.pdf,80bb99bd493ee6a10aaab5f655f0174209e3b31667820af0d70a79d50a7cf3e0,1508405,14,hardlink,80bb99bd493ee6a10aaab5f655f0174209e3b31667820af0d70a79d50a7cf3e0,acquisition,
1049,originals/apho/2021/APhO_2021_S5__6195ec90e42dd1aa.pdf,files/apho/2021/APhO_2021_S5__6195ec90e42dd1aa.pdf,6195ec90e42dd1aa3be6075cb22fbf966a203abc0973e3af9e399e580553c881,1416763,17,hardlink,6195ec90e42dd1aa3be6075cb22fbf966a203abc0973e3af9e399e580553c881,acquisition,
105,originals/ipho/2023/IPhO_2023_S2__a202c939bb78a0e3.pdf,files/ipho/2023/IPhO_2023_S2__a202c939bb78a0e3.pdf,a202c939bb78a0e384830b2e2d901a660661051ecba28214ab64f7dfd1b9942d,79300,5,hardlink,a202c939bb78a0e384830b2e2d901a660661051ecba28214ab64f7dfd1b9942d,acquisition,
1050,originals/apho/2021/APhO_2021_A5__0425fd37f8de9a45.pdf,files/apho/2021/APhO_2021_A5__0425fd37f8de9a45.pdf,0425fd37f8de9a456ae7c61527291775ece3e42f9feced57d47f6198496eb555,366780,8,hardlink,0425fd37f8de9a456ae7c61527291775ece3e42f9feced57d47f6198496eb555,acquisition,
1051,originals/apho/2021/APhO_2021_M5__b284db968ea0d4b7.pdf,files/apho/2021/APhO_2021_M5__b284db968ea0d4b7.pdf,b284db968ea0d4b77d1ba69920ab5646a27b32e4a15fc492ff56621e969f47b8,928100,2,hardlink,b284db968ea0d4b77d1ba69920ab5646a27b32e4a15fc492ff56621e969f47b8,acquisition,
1052,originals/apho/2019/APhO_2019_ExperimentInstructions__b84839570f15405e.pdf,files/apho/2019/APhO_2019_ExperimentInstructions__b84839570f15405e.pdf,b84839570f15405e8d028f059a97277265bf46c2e580466f0bb141c318b6a4dd,39082,2,hardlink,b84839570f15405e8d028f059a97277265bf46c2e580466f0bb141c318b6a4dd,acquisition,
1053,originals/apho/2019/APhO_2019_TheoryInstructions__739530145f5cb57c.pdf,files/apho/2019/APhO_2019_TheoryInstructions__739530145f5cb57c.pdf,739530145f5cb57c1a33827e85c800d6d3f8d455e16cba73be00f93cf4e4e7d8,39130,2,hardlink,739530145f5cb57c1a33827e85c800d6d3f8d455e16cba73be00f93cf4e4e7d8,acquisition,
1054,originals/apho/2019/APhO_2019_Q1__aa38cd9596f44656.pdf,files/apho/2019/APhO_2019_Q1__aa38cd9596f44656.pdf,aa38cd9596f44656d9ed4b7973778ae5ec284d29b7c7ca21df9fe77917de2601,441973,6,hardlink,aa38cd9596f44656d9ed4b7973778ae5ec284d29b7c7ca21df9fe77917de2601,acquisition,
1055,originals/apho/2019/APhO_2019_S1__dcb877086e63cad9.pdf,files/apho/2019/APhO_2019_S1__dcb877086e63cad9.pdf,dcb877086e63cad93dde2b3abca90f3bff8811e5f23c14b2465af950623df0a5,96051,4,hardlink,dcb877086e63cad93dde2b3abca90f3bff8811e5f23c14b2465af950623df0a5,acquisition,
1056,originals/apho/2019/APhO_2019_A1__bbb285cf2c27b80f.pdf,files/apho/2019/APhO_2019_A1__bbb285cf2c27b80f.pdf,bbb285cf2c27b80f422924ce981d8ce1cdf2a28c68a9f0f1033e5ebdf20c7dfb,31452,2,hardlink,bbb285cf2c27b80f422924ce981d8ce1cdf2a28c68a9f0f1033e5ebdf20c7dfb,acquisition,
1057,originals/apho/2019/APhO_2019_M1__0503296011ccf3b6.pdf,files/apho/2019/APhO_2019_M1__0503296011ccf3b6.pdf,0503296011ccf3b6c2fc580198bf5cf08c8ce40202f4b0d2aa4a72a9ec0c5f81,145779,2,hardlink,0503296011ccf3b6c2fc580198bf5cf08c8ce40202f4b0d2aa4a72a9ec0c5f81,acquisition,
106,originals/ipho/2023/IPhO_2023_A1__92caf4a671d4880a.pdf,files/ipho/2023/IPhO_2023_A1__92caf4a671d4880a.pdf,92caf4a671d4880afe906a4f7704f973a62556b03048ae3275805ac0b057c7ca,300102,4,hardlink,92caf4a671d4880afe906a4f7704f973a62556b03048ae3275805ac0b057c7ca,acquisition,
1062,originals/apho/2019/APhO_2019_Q3__b4d75088981628ee.pdf,files/apho/2019/APhO_2019_Q3__b4d75088981628ee.pdf,b4d75088981628eec08fa7ca1156d9782365c265b7b740d76344f8633caff44b,66912,4,hardlink,b4d75088981628eec08fa7ca1156d9782365c265b7b740d76344f8633caff44b,acquisition,
1063,originals/apho/2019/APhO_2019_S3__92f6642ec76407a4.pdf,files/apho/2019/APhO_2019_S3__92f6642ec76407a4.pdf,92f6642ec76407a48895524426d98fde1e874ea8dfa3c138f58c9b30079301a5,166389,5,hardlink,92f6642ec76407a48895524426d98fde1e874ea8dfa3c138f58c9b30079301a5,acquisition,
1064,originals/apho/2019/APhO_2019_A3__19e7d1e2b2b5b650.pdf,files/apho/2019/APhO_2019_A3__19e7d1e2b2b5b650.pdf,19e7d1e2b2b5b6507a7d32c8b32bd50b6aaf73ed9db8d5db46bee3dc646ca3ca,62584,5,hardlink,19e7d1e2b2b5b6507a7d32c8b32bd50b6aaf73ed9db8d5db46bee3dc646ca3ca,acquisition,
1065,originals/apho/2019/APhO_2019_M3__ba08efba9931cab4.pdf,files/apho/2019/APhO_2019_M3__ba08efba9931cab4.pdf,ba08efba9931cab451c09cce1c17ca4982a63c12740eae7137e81d38f1a92c3b,79530,2,hardlink,ba08efba9931cab451c09cce1c17ca4982a63c12740eae7137e81d38f1a92c3b,acquisition,
1066,originals/apho/2019/APhO_2019_Q4__ce8635a6dd13fd56.pdf,files/apho/2019/APhO_2019_Q4__ce8635a6dd13fd56.pdf,ce8635a6dd13fd56c32ac484826f12556d73133649e26418f05b80230fe0262a,1094240,8,hardlink,ce8635a6dd13fd56c32ac484826f12556d73133649e26418f05b80230fe0262a,acquisition,
1067,originals/apho/2019/APhO_2019_S4__564ae055cbe63ba3.pdf,files/apho/2019/APhO_2019_S4__564ae055cbe63ba3.pdf,564ae055cbe63ba39002f842d36e072b689310cfc39c58fa59158a03142b5a55,891075,7,hardlink,564ae055cbe63ba39002f842d36e072b689310cfc39c58fa59158a03142b5a55,acquisition,
1068,originals/apho/2019/APhO_2019_A4__0d83508c2e8d0393.pdf,files/apho/2019/APhO_2019_A4__0d83508c2e8d0393.pdf,0d83508c2e8d03931bfaf238a823b6dbe2096046eea2cd4af717f5215e025a12,55471,11,hardlink,0d83508c2e8d03931bfaf238a823b6dbe2096046eea2cd4af717f5215e025a12,acquisition,
1069,originals/apho/2019/APhO_2019_M4__b46686239862268f.pdf,files/apho/2019/APhO_2019_M4__b46686239862268f.pdf,b46686239862268fa9bf833a0fd9381064f6b85ac20999f3e92c4578e3bf0177,130736,2,hardlink,b46686239862268fa9bf833a0fd9381064f6b85ac20999f3e92c4578e3bf0177,acquisition,
107,originals/ipho/2023/IPhO_2023_Q2__1952ff21f907107b.pdf,files/ipho/2023/IPhO_2023_Q2__1952ff21f907107b.pdf,1952ff21f907107b23c3757af34ecdcb362f38b56085aae32bc183d287beb4cd,811220,5,hardlink,1952ff21f907107b23c3757af34ecdcb362f38b56085aae32bc183d287beb4cd,acquisition,
1070,originals/apho/2019/APhO_2019_Q5__70cee4e2453c3a28.pdf,files/apho/2019/APhO_2019_Q5__70cee4e2453c3a28.pdf,70cee4e2453c3a28268ff8fd434c5a3b37082c6152db1dd136c3645924b011b8,1708891,8,hardlink,70cee4e2453c3a28268ff8fd434c5a3b37082c6152db1dd136c3645924b011b8,acquisition,
1071,originals/apho/2019/APhO_2019_A5__43cb56bd76fb8624.pdf,files/apho/2019/APhO_2019_A5__43cb56bd76fb8624.pdf,43cb56bd76fb8624c67fb5aad83c59637dfb0e7d99cf77270728304f5cffa49b,46877,18,hardlink,43cb56bd76fb8624c67fb5aad83c59637dfb0e7d99cf77270728304f5cffa49b,acquisition,
1072,originals/apho/2019/APhO_2019_S5__18e4de1e13b7cfed.pdf,files/apho/2019/APhO_2019_S5__18e4de1e13b7cfed.pdf,18e4de1e13b7cfedc4f4ad21ec2cee0e59b0b97cd5f2b5569d7c751081234fc5,3477823,11,hardlink,18e4de1e13b7cfedc4f4ad21ec2cee0e59b0b97cd5f2b5569d7c751081234fc5,acquisition,
1073,originals/apho/2018/APhO_2018_Q1__5337e5696833799c.pdf,files/apho/2018/APhO_2018_Q1__5337e5696833799c.pdf,5337e5696833799cf565cb5ef6ca90cb195ae45075a56b7e6128d4d63a17050f,1462797,6,hardlink,5337e5696833799cf565cb5ef6ca90cb195ae45075a56b7e6128d4d63a17050f,acquisition,
1074,originals/apho/2019/APhO_2019_M5__0dc6ef31a285f907.pdf,files/apho/2019/APhO_2019_M5__0dc6ef31a285f907.pdf,0dc6ef31a285f907a4f788d6a0c98a631551f557c463906fb75d99453ec5e322,148011,2,hardlink,0dc6ef31a285f907a4f788d6a0c98a631551f557c463906fb75d99453ec5e322,acquisition,
1075,originals/apho/2018/APhO_2018_S1__b3aa97212a8c8b3b.pdf,files/apho/2018/APhO_2018_S1__b3aa97212a8c8b3b.pdf,b3aa97212a8c8b3b38fe8381f0ef4cba1d91b0726ddb3471b95f1ae83abdd100,157498,4,hardlink,b3aa97212a8c8b3b38fe8381f0ef4cba1d91b0726ddb3471b95f1ae83abdd100,acquisition,
1076,originals/apho/2018/APhO_2018_S2__abac49a42939d8a4.pdf,files/apho/2018/APhO_2018_S2__abac49a42939d8a4.pdf,abac49a42939d8a4639c07e9892560fb8336b1f5c0cf7e503e30b1a059d804ad,240936,5,hardlink,abac49a42939d8a4639c07e9892560fb8336b1f5c0cf7e503e30b1a059d804ad,acquisition,
1077,originals/apho/2018/APhO_2018_Q3__64100f0197371334.pdf,files/apho/2018/APhO_2018_Q3__64100f0197371334.pdf,64100f01973713343700f62a8b5e51a76c7985f2a5bf8265322fa31fd3ad7292,213425,7,hardlink,64100f01973713343700f62a8b5e51a76c7985f2a5bf8265322fa31fd3ad7292,acquisition,
1078,originals/apho/2018/APhO_2018_S3__ddb6ac87b744095a.pdf,files/apho/2018/APhO_2018_S3__ddb6ac87b744095a.pdf,ddb6ac87b744095a0664a59179bd35fe2b9e62d91541cd6a6a42843f083404aa,162689,6,hardlink,ddb6ac87b744095a0664a59179bd35fe2b9e62d91541cd6a6a42843f083404aa,acquisition,
1079,originals/apho/2018/APhO_2018_Q2__06c54bf0fe8e9e4d.pdf,files/apho/2018/APhO_2018_Q2__06c54bf0fe8e9e4d.pdf,06c54bf0fe8e9e4d1e5ccc104ff608a41bff74cde4bea53c8f87f2eb1396400b,12679132,5,hardlink,06c54bf0fe8e9e4d1e5ccc104ff608a41bff74cde4bea53c8f87f2eb1396400b,acquisition,
108,originals/ipho/2023/IPhO_2023_A2__77b75ffbae3cd0da.pdf,files/ipho/2023/IPhO_2023_A2__77b75ffbae3cd0da.pdf,77b75ffbae3cd0da83d27d0fba7c3939b400ade47a82c384679794a8887bd042,130634,2,hardlink,77b75ffbae3cd0da83d27d0fba7c3939b400ade47a82c384679794a8887bd042,acquisition,
1080,originals/apho/2018/APhO_2018_S4__a83bdd045ca93469.pdf,files/apho/2018/APhO_2018_S4__a83bdd045ca93469.pdf,a83bdd045ca93469dd21a8fc13907a2d470d944ab55baebd08b6289df292d3c9,986713,13,hardlink,a83bdd045ca93469dd21a8fc13907a2d470d944ab55baebd08b6289df292d3c9,acquisition,
1081,originals/apho/2018/APhO_2018_Q4__07b973fcd31c221d.pdf,files/apho/2018/APhO_2018_Q4__07b973fcd31c221d.pdf,07b973fcd31c221d7eb082ca1bfd722ef8bf45cc8599fe155dc54e10fa7c0d8d,4452817,13,hardlink,07b973fcd31c221d7eb082ca1bfd722ef8bf45cc8599fe155dc54e10fa7c0d8d,acquisition,
1082,originals/apho/2017/APhO_2017_Q1__250263c0501cf00c.pdf,files/apho/2017/APhO_2017_Q1__250263c0501cf00c.pdf,250263c0501cf00c413bb068fdea601a2b7b0adc9ff94d0fbcb170cea378e24b,2398494,8,hardlink,250263c0501cf00c413bb068fdea601a2b7b0adc9ff94d0fbcb170cea378e24b,acquisition,
1083,originals/apho/2018/APhO_2018_A4__d3c09f08d27ff313.pdf,files/apho/2018/APhO_2018_A4__d3c09f08d27ff313.pdf,d3c09f08d27ff31312ba270ddb70ca14d3c49029097efc0c11681cb355253b51,4552564,24,hardlink,d3c09f08d27ff31312ba270ddb70ca14d3c49029097efc0c11681cb355253b51,acquisition,
1084,originals/apho/2017/APhO_2017_S1__5543d7cf45403b31.pdf,files/apho/2017/APhO_2017_S1__5543d7cf45403b31.pdf,5543d7cf45403b3139af927526f892fdf0f180845b4929d50c24c8ccf3fb616d,199488,11,hardlink,5543d7cf45403b3139af927526f892fdf0f180845b4929d50c24c8ccf3fb616d,acquisition,
1085,originals/apho/2017/APhO_2017_A1__871bcee12b5052ab.pdf,files/apho/2017/APhO_2017_A1__871bcee12b5052ab.pdf,871bcee12b5052ab07eb7e4eb4b2e9a760228d89c455d2b2968765ae0617c76d,1083172,5,hardlink,871bcee12b5052ab07eb7e4eb4b2e9a760228d89c455d2b2968765ae0617c76d,acquisition,
1086,originals/apho/2017/APhO_2017_M1__5b19d21c977eff00.pdf,files/apho/2017/APhO_2017_M1__5b19d21c977eff00.pdf,5b19d21c977eff004f122912b2b18b52b68ba8ab01212059b57a552a2c2abd39,520060,2,hardlink,5b19d21c977eff004f122912b2b18b52b68ba8ab01212059b57a552a2c2abd39,acquisition,
1088,originals/apho/2017/APhO_2017_Q1_tex__c0cd1ce83017f648.zip,files/apho/2017/APhO_2017_Q1_tex__c0cd1ce83017f648.zip,c0cd1ce83017f6480dcec5d223d500c6ccbfa48de081f6f8e1000a9ae4348d26,358150,,hardlink,c0cd1ce83017f6480dcec5d223d500c6ccbfa48de081f6f8e1000a9ae4348d26,acquisition,
1089,originals/apho/2017/APhO_2017_S1_tex__b092f26300dcfa18.pdf,files/apho/2017/APhO_2017_S1_tex__b092f26300dcfa18.pdf,b092f26300dcfa18ff4a226e6b9d8a6b082219f5f5d7526b93f89be7e720a510,176709,7,hardlink,b092f26300dcfa18ff4a226e6b9d8a6b082219f5f5d7526b93f89be7e720a510,acquisition,
109,originals/ipho/2023/IPhO_2023_M2__46278a6502f448a1.pdf,files/ipho/2023/IPhO_2023_M2__46278a6502f448a1.pdf,46278a6502f448a1e6105c31f8181e3d86cdee8abc4d5f555fa2dc817447fce2,436041,6,hardlink,46278a6502f448a1e6105c31f8181e3d86cdee8abc4d5f555fa2dc817447fce2,acquisition,
1090,originals/apho/2017/APhO_2017_Q2__e39d71efe30ec9ea.pdf,files/apho/2017/APhO_2017_Q2__e39d71efe30ec9ea.pdf,e39d71efe30ec9eae62b74f90c31675b6075baa92e42cac9182d0284c868202a,91660,6,hardlink,e39d71efe30ec9eae62b74f90c31675b6075baa92e42cac9182d0284c868202a,acquisition,
1091,originals/apho/2017/2017-1__5292678503c6ef53.tex,files/apho/2017/2017-1__5292678503c6ef53.tex,5292678503c6ef5304f008f276ae409152529f4a607c4cce90fbea5896f1b6fd,11407,,hardlink,5292678503c6ef5304f008f276ae409152529f4a607c4cce90fbea5896f1b6fd,acquisition,
1092,originals/apho/2017/APhO_2017_S2__8d22819a21f53c40.pdf,files/apho/2017/APhO_2017_S2__8d22819a21f53c40.pdf,8d22819a21f53c4073194b9436fc45796ee8b1fa09be0adc02802f35fbb8eeb8,98313,6,hardlink,8d22819a21f53c4073194b9436fc45796ee8b1fa09be0adc02802f35fbb8eeb8,acquisition,
1093,originals/apho/2017/APhO_2017_A2__ec7c65c24e7f9b9e.pdf,files/apho/2017/APhO_2017_A2__ec7c65c24e7f9b9e.pdf,ec7c65c24e7f9b9ee199250c23482c7b0742daeef70b4a7d6b7811244cce8b8b,29857,3,hardlink,ec7c65c24e7f9b9ee199250c23482c7b0742daeef70b4a7d6b7811244cce8b8b,acquisition,
1095,originals/apho/2017/APhO_2017_M2__2dc92cebc7c10d34.pdf,files/apho/2017/APhO_2017_M2__2dc92cebc7c10d34.pdf,2dc92cebc7c10d34859b690f0543f7d23e7f6a5937a2fcb3f936ab18f76e4398,54412,2,hardlink,2dc92cebc7c10d34859b690f0543f7d23e7f6a5937a2fcb3f936ab18f76e4398,acquisition,
1096,originals/apho/2017/APhO_2017_Q2_tex__3ba951c50032bcf5.zip,files/apho/2017/APhO_2017_Q2_tex__3ba951c50032bcf5.zip,3ba951c50032bcf5a68493d9bbd47e238177dc3ffed1d579fe7428af3ddbbb89,73666,,hardlink,3ba951c50032bcf5a68493d9bbd47e238177dc3ffed1d579fe7428af3ddbbb89,acquisition,
1097,originals/apho/2017/APhO_2017_S2_tex__ac7e1758b7f6def8.pdf,files/apho/2017/APhO_2017_S2_tex__ac7e1758b7f6def8.pdf,ac7e1758b7f6def89775f3b6378a428baa1ee261d97ff65b815e033140529b2f,95297,5,hardlink,ac7e1758b7f6def89775f3b6378a428baa1ee261d97ff65b815e033140529b2f,acquisition,
1098,originals/apho/2017/2017-2__670df2b69a72adfa.tex,files/apho/2017/2017-2__670df2b69a72adfa.tex,670df2b69a72adfa782bf63eeee5568199669d2c7b343e856c9ff85b5f2f9356,13521,,hardlink,670df2b69a72adfa782bf63eeee5568199669d2c7b343e856c9ff85b5f2f9356,acquisition,
1099,originals/apho/2017/APhO_2017_Q3__39c6a0c5b6c28dc5.pdf,files/apho/2017/APhO_2017_Q3__39c6a0c5b6c28dc5.pdf,39c6a0c5b6c28dc54e4c4ae4ca67c02f7369631705b69b2dcb2ae45c6c4bce73,69978,6,hardlink,39c6a0c5b6c28dc54e4c4ae4ca67c02f7369631705b69b2dcb2ae45c6c4bce73,acquisition,
11,originals/ipho/2026/IPhO_2026_M2__eb52200ad7cc052d.pdf,files/ipho/2026/IPhO_2026_M2__eb52200ad7cc052d.pdf,eb52200ad7cc052d39555fd6983e75d51b7e55a95a59f8139da5db4f8350edfb,66480,2,hardlink,eb52200ad7cc052d39555fd6983e75d51b7e55a95a59f8139da5db4f8350edfb,acquisition,
110,originals/ipho/2023/IPhO_2023_S3__d86cee21f6fe4322.pdf,files/ipho/2023/IPhO_2023_S3__d86cee21f6fe4322.pdf,d86cee21f6fe4322ef9a796061ac6021a63115e56e0285593ce33141b527d7fc,533510,5,hardlink,d86cee21f6fe4322ef9a796061ac6021a63115e56e0285593ce33141b527d7fc,acquisition,
1100,originals/apho/2017/APhO_2017_A3__3c41e529a9f1cb5e.pdf,files/apho/2017/APhO_2017_A3__3c41e529a9f1cb5e.pdf,3c41e529a9f1cb5eddb52f4cbd210fa9c9da687e34efebf9d6ce7a5444a61a01,25812,2,hardlink,3c41e529a9f1cb5eddb52f4cbd210fa9c9da687e34efebf9d6ce7a5444a61a01,acquisition,
1101,originals/apho/2017/APhO_2017_S3__a68dd4493eccde78.pdf,files/apho/2017/APhO_2017_S3__a68dd4493eccde78.pdf,a68dd4493eccde788e9d805bab0b21561e255b6c6d206d4d5d4e3773734d588a,1859387,12,hardlink,a68dd4493eccde788e9d805bab0b21561e255b6c6d206d4d5d4e3773734d588a,acquisition,
1102,originals/apho/2017/APhO_2017_M3__74cec70cb0f53edc.pdf,files/apho/2017/APhO_2017_M3__74cec70cb0f53edc.pdf,74cec70cb0f53edca50355533f9a19347af57519be94066ff62b6ed352e487fa,704907,4,hardlink,74cec70cb0f53edca50355533f9a19347af57519be94066ff62b6ed352e487fa,acquisition,
1104,originals/apho/2017/APhO_2017_Q3_tex__ab9900e14db6cfab.zip,files/apho/2017/APhO_2017_Q3_tex__ab9900e14db6cfab.zip,ab9900e14db6cfabde9a28f32d5e605516eda6c2127ec1ec4d0a5be2c7272e8b,123720,,hardlink,ab9900e14db6cfabde9a28f32d5e605516eda6c2127ec1ec4d0a5be2c7272e8b,acquisition,
1105,originals/apho/2017/2017-3__4da839a3ebd8fdd5.tex,files/apho/2017/2017-3__4da839a3ebd8fdd5.tex,4da839a3ebd8fdd5c351eb4f6002c32a98deb3729e58daa8840c75129f610acf,9985,,hardlink,4da839a3ebd8fdd5c351eb4f6002c32a98deb3729e58daa8840c75129f610acf,acquisition,
1106,originals/apho/2017/APhO_2017_Q4__82fa3c79ef2498ae.pdf,files/apho/2017/APhO_2017_Q4__82fa3c79ef2498ae.pdf,82fa3c79ef2498ae80c0ce53c05641b1b84154f8e4eb743bac73d636e01023d3,1598974,19,hardlink,82fa3c79ef2498ae80c0ce53c05641b1b84154f8e4eb743bac73d636e01023d3,acquisition,
1107,originals/apho/2017/APhO_2017_A4__9a9e005248f7cf81.pdf,files/apho/2017/APhO_2017_A4__9a9e005248f7cf81.pdf,9a9e005248f7cf818dabdb3705321a65774cda6c6d5a04d3a56c0cd7cebce3e7,83114,17,hardlink,9a9e005248f7cf818dabdb3705321a65774cda6c6d5a04d3a56c0cd7cebce3e7,acquisition,
1108,originals/apho/2017/APhO_2017_M4__a6238bc356381778.pdf,files/apho/2017/APhO_2017_M4__a6238bc356381778.pdf,a6238bc356381778ef5c6ec4ee48547bce6ba98b0785937d8a5aa160b832205a,430488,4,hardlink,a6238bc356381778ef5c6ec4ee48547bce6ba98b0785937d8a5aa160b832205a,acquisition,
111,originals/ipho/2023/IPhO_2023_Q3__fe25d0f5ef076db8.pdf,files/ipho/2023/IPhO_2023_Q3__fe25d0f5ef076db8.pdf,fe25d0f5ef076db853d8b64a1a9d58ca343665087ab8afe1dec294e53d8a9016,3740620,4,hardlink,fe25d0f5ef076db853d8b64a1a9d58ca343665087ab8afe1dec294e53d8a9016,acquisition,
1110,originals/apho/2017/APhO_2017_Q4_tex__9dd32eba6255ef34.zip,files/apho/2017/APhO_2017_Q4_tex__9dd32eba6255ef34.zip,9dd32eba6255ef347d41d6c4bb48e9c426a9df21ad1cb517e4de2c9116223fb4,631630,,hardlink,9dd32eba6255ef347d41d6c4bb48e9c426a9df21ad1cb517e4de2c9116223fb4,acquisition,
1111,originals/apho/2016/APhO_2016_TheoryInstructions__dc69f29330bdde07.pdf,files/apho/2016/APhO_2016_TheoryInstructions__dc69f29330bdde07.pdf,dc69f29330bdde07d9d10e95d68c5abf5dbbebb3909e861dd232dd5b3c52fde6,365660,2,hardlink,dc69f29330bdde07d9d10e95d68c5abf5dbbebb3909e861dd232dd5b3c52fde6,acquisition,
1112,originals/apho/2017/2017-4__b99a99be443b39cf.tex,files/apho/2017/2017-4__b99a99be443b39cf.tex,b99a99be443b39cfe51ca207fbd949fcd31997dd9fa6a14c13db92f0399b092d,26449,,hardlink,b99a99be443b39cfe51ca207fbd949fcd31997dd9fa6a14c13db92f0399b092d,acquisition,
1113,originals/apho/2016/APhO_2016_Q1__a09471cbeaa43759.pdf,files/apho/2016/APhO_2016_Q1__a09471cbeaa43759.pdf,a09471cbeaa43759b19fa7f508b687156ab4dbdcbb753b4aba827ef348d67a76,727652,3,hardlink,a09471cbeaa43759b19fa7f508b687156ab4dbdcbb753b4aba827ef348d67a76,acquisition,
1114,originals/apho/2016/APhO_2016_S1__c318b8f120d4f6fa.pdf,files/apho/2016/APhO_2016_S1__c318b8f120d4f6fa.pdf,c318b8f120d4f6fa54dde09d89a9881695e13111e0dc02f4ff7de28c1b92d8dd,632179,15,hardlink,c318b8f120d4f6fa54dde09d89a9881695e13111e0dc02f4ff7de28c1b92d8dd,acquisition,
1115,originals/apho/2017/APhO_2017_S4__caa8ec6abf04d160.pdf,files/apho/2017/APhO_2017_S4__caa8ec6abf04d160.pdf,caa8ec6abf04d160409d8536d2172ddf7fbcd44544805344a3d4e1f089d83571,4404361,10,hardlink,caa8ec6abf04d160409d8536d2172ddf7fbcd44544805344a3d4e1f089d83571,acquisition,
1116,originals/apho/2016/APhO_2016_A1__89a55290dcba98b0.pdf,files/apho/2016/APhO_2016_A1__89a55290dcba98b0.pdf,89a55290dcba98b0048c2ec59b0d8e6947defaa7884b3ae950a2e8e4fe675d4f,221379,6,hardlink,89a55290dcba98b0048c2ec59b0d8e6947defaa7884b3ae950a2e8e4fe675d4f,acquisition,
1117,originals/apho/2016/APhO_2016_P1__dfc24e01c26e4b77.pdf,files/apho/2016/APhO_2016_P1__dfc24e01c26e4b77.pdf,dfc24e01c26e4b7790ed60d9b8bc79592bb959f31838d1697f17e46214d27b86,1195502,10,hardlink,dfc24e01c26e4b7790ed60d9b8bc79592bb959f31838d1697f17e46214d27b86,acquisition,
1119,originals/apho/2016/APhO_2016_S1_tex__8c0d95830d3bde34.pdf,files/apho/2016/APhO_2016_S1_tex__8c0d95830d3bde34.pdf,8c0d95830d3bde34d26ae7cdcdce08cdfe04f1eef11ed689b1c85b3dd57a1a18,217125,9,hardlink,8c0d95830d3bde34d26ae7cdcdce08cdfe04f1eef11ed689b1c85b3dd57a1a18,acquisition,
112,originals/ipho/2023/IPhO_2023_M3__b2b0d72790c30e4c.pdf,files/ipho/2023/IPhO_2023_M3__b2b0d72790c30e4c.pdf,b2b0d72790c30e4c4baaa6e6371ae421550a8d8f55ceadcaff3733ce44b6275a,628400,6,hardlink,b2b0d72790c30e4c4baaa6e6371ae421550a8d8f55ceadcaff3733ce44b6275a,acquisition,
1120,originals/apho/2016/APhO_2016_Q1_tex__63f18ee366920e0a.zip,files/apho/2016/APhO_2016_Q1_tex__63f18ee366920e0a.zip,63f18ee366920e0a134fb7097950740e8f126a0f357fe3469f72d62eb21d080e,672325,,hardlink,63f18ee366920e0a134fb7097950740e8f126a0f357fe3469f72d62eb21d080e,acquisition,
1121,originals/apho/2016/2016-1__1569b5bb81146d17.tex,files/apho/2016/2016-1__1569b5bb81146d17.tex,1569b5bb81146d17f434dba4efb9e1a32cf50da09c6d93db2a488c2303b7e0a1,4930,,hardlink,1569b5bb81146d17f434dba4efb9e1a32cf50da09c6d93db2a488c2303b7e0a1,acquisition,
1122,originals/apho/2016/APhO_2016_Q2__0e831a538adb97b3.pdf,files/apho/2016/APhO_2016_Q2__0e831a538adb97b3.pdf,0e831a538adb97b3ec924e7bef5997da3d11babb14d4eedaae813af55432ca68,366228,4,hardlink,0e831a538adb97b3ec924e7bef5997da3d11babb14d4eedaae813af55432ca68,acquisition,
1123,originals/apho/2016/APhO_2016_S2__49de94b6b7322552.pdf,files/apho/2016/APhO_2016_S2__49de94b6b7322552.pdf,49de94b6b732255243a3eeb99a6780f3040ff61eab836ff7e95c3251d6e26f23,483564,4,hardlink,49de94b6b732255243a3eeb99a6780f3040ff61eab836ff7e95c3251d6e26f23,acquisition,
1124,originals/apho/2016/APhO_2016_P2__9509bec0a3d82496.pdf,files/apho/2016/APhO_2016_P2__9509bec0a3d82496.pdf,9509bec0a3d824962fba07771e135b58d8195d3d554fc6ab501928951ce735b6,1199218,19,hardlink,9509bec0a3d824962fba07771e135b58d8195d3d554fc6ab501928951ce735b6,acquisition,
1125,originals/apho/2016/APhO_2016_A2__a85ba4320ecdd1d8.pdf,files/apho/2016/APhO_2016_A2__a85ba4320ecdd1d8.pdf,a85ba4320ecdd1d8d07a6879aa5bf3befec27ae4adb2c8d8666625aba47cd745,221720,6,hardlink,a85ba4320ecdd1d8d07a6879aa5bf3befec27ae4adb2c8d8666625aba47cd745,acquisition,
1126,originals/apho/2016/APhO_2016_Q2_tex__a7d4482be8dcbbc9.zip,files/apho/2016/APhO_2016_Q2_tex__a7d4482be8dcbbc9.zip,a7d4482be8dcbbc9e6ade75b575a08e978f2a2f4b071edbb9e4e38ff4300ac16,82472,,hardlink,a7d4482be8dcbbc9e6ade75b575a08e978f2a2f4b071edbb9e4e38ff4300ac16,acquisition,
1128,originals/apho/2016/APhO_2016_S2_tex__520a9ecfadb9b0b8.pdf,files/apho/2016/APhO_2016_S2_tex__520a9ecfadb9b0b8.pdf,520a9ecfadb9b0b8bcc955697eac32529b8031116f5d35b9f50750711915d2cf,63995,4,hardlink,520a9ecfadb9b0b8bcc955697eac32529b8031116f5d35b9f50750711915d2cf,acquisition,
1129,originals/apho/2016/2016-2__b00aa483a2f88446.tex,files/apho/2016/2016-2__b00aa483a2f88446.tex,b00aa483a2f884464b3c2b0eda956479a15035ddf82484671a20402b7035830c,6935,,hardlink,b00aa483a2f884464b3c2b0eda956479a15035ddf82484671a20402b7035830c,acquisition,
113,originals/ipho/2023/IPhO_2023_Q4__01c27da4a0fa4bbd.pdf,files/ipho/2023/IPhO_2023_Q4__01c27da4a0fa4bbd.pdf,01c27da4a0fa4bbdced37c9a7f6eca4eac4254ff3d02502079907871ef540e6e,3059938,9,hardlink,01c27da4a0fa4bbdced37c9a7f6eca4eac4254ff3d02502079907871ef540e6e,acquisition,
1130,originals/apho/2016/APhO_2016_Q3__2c1d1c4d62c9e78a.pdf,files/apho/2016/APhO_2016_Q3__2c1d1c4d62c9e78a.pdf,2c1d1c4d62c9e78a235a96cebd86ce699b030e6d52b906ba0f3410dd7dde554b,670459,5,hardlink,2c1d1c4d62c9e78a235a96cebd86ce699b030e6d52b906ba0f3410dd7dde554b,acquisition,
1131,originals/apho/2016/APhO_2016_S3__989cba1161ad8ebb.pdf,files/apho/2016/APhO_2016_S3__989cba1161ad8ebb.pdf,989cba1161ad8ebb0283a4fc6836c4d6af37669bd5b801e574c49bd8342e85df,555976,7,hardlink,989cba1161ad8ebb0283a4fc6836c4d6af37669bd5b801e574c49bd8342e85df,acquisition,
1132,originals/apho/2016/APhO_2016_A3__d36b4882e23d3fe3.pdf,files/apho/2016/APhO_2016_A3__d36b4882e23d3fe3.pdf,d36b4882e23d3fe3235d5ca3d81419abdf6b13b959b52ff3cc417639ddd9d2f4,234208,7,hardlink,d36b4882e23d3fe3235d5ca3d81419abdf6b13b959b52ff3cc417639ddd9d2f4,acquisition,
1133,originals/apho/2016/APhO_2016_P3__437ef740cb10d437.pdf,files/apho/2016/APhO_2016_P3__437ef740cb10d437.pdf,437ef740cb10d43780bc6a1f26c3ed2659c8d441fa959d34072203b7e1861889,416682,19,hardlink,437ef740cb10d43780bc6a1f26c3ed2659c8d441fa959d34072203b7e1861889,acquisition,
1135,originals/apho/2016/APhO_2016_Q3_tex__596fb05dc7eb2103.zip,files/apho/2016/APhO_2016_Q3_tex__596fb05dc7eb2103.zip,596fb05dc7eb2103620b2c6faec770001d4cab031fc73c5aa09531ca947fa1b8,98301,,hardlink,596fb05dc7eb2103620b2c6faec770001d4cab031fc73c5aa09531ca947fa1b8,acquisition,
1136,originals/apho/2016/APhO_2016_S3_tex__5f57713099be5012.pdf,files/apho/2016/APhO_2016_S3_tex__5f57713099be5012.pdf,5f57713099be5012ec630a0dfdd6ef324294cc08a64c951a6032432e2cdaf737,65774,5,hardlink,5f57713099be5012ec630a0dfdd6ef324294cc08a64c951a6032432e2cdaf737,acquisition,
1137,originals/apho/2016/2016-3__1a56fb446c1d038a.tex,files/apho/2016/2016-3__1a56fb446c1d038a.tex,1a56fb446c1d038aeb2ca6d4b4e07406998268e13d9ec9fca337310ed892c9a7,10567,,hardlink,1a56fb446c1d038aeb2ca6d4b4e07406998268e13d9ec9fca337310ed892c9a7,acquisition,
1138,originals/apho/2016/APhO_2016_Q4__993e29122ff52ef8.pdf,files/apho/2016/APhO_2016_Q4__993e29122ff52ef8.pdf,993e29122ff52ef88b104f5a17bdc936028de49dab151ce12fe85f8c19017a45,692718,11,hardlink,993e29122ff52ef88b104f5a17bdc936028de49dab151ce12fe85f8c19017a45,acquisition,
1139,originals/apho/2016/APhO_2016_A4__3f2ca255245af9ee.pdf,files/apho/2016/APhO_2016_A4__3f2ca255245af9ee.pdf,3f2ca255245af9ee09448e783e8c7dcfeb1ca17c278cbdb91b98d32edca29daf,562537,18,hardlink,3f2ca255245af9ee09448e783e8c7dcfeb1ca17c278cbdb91b98d32edca29daf,acquisition,
114,originals/ipho/2023/IPhO_2023_S4__13553b3a68d1cc4f.pdf,files/ipho/2023/IPhO_2023_S4__13553b3a68d1cc4f.pdf,13553b3a68d1cc4f1f59e77db55641bef9658a810150663a5952969b419ed0ff,1665368,12,hardlink,13553b3a68d1cc4f1f59e77db55641bef9658a810150663a5952969b419ed0ff,acquisition,
1140,originals/apho/2016/APhO_2016_P4__b6905dba82fb3cbe.pdf,files/apho/2016/APhO_2016_P4__b6905dba82fb3cbe.pdf,b6905dba82fb3cbe4b34738f14098eca2c8d5c071be962eac79c3d2a35ba3747,2410484,25,hardlink,b6905dba82fb3cbe4b34738f14098eca2c8d5c071be962eac79c3d2a35ba3747,acquisition,
1141,originals/apho/2016/APhO_2016_Q4_AlignmentChart__15a791f722494de2.pdf,files/apho/2016/APhO_2016_Q4_AlignmentChart__15a791f722494de2.pdf,15a791f722494de229f1e85a29e5f36c2560e4316cf1eb3fb5d3bea2986f36c0,303603,1,hardlink,15a791f722494de229f1e85a29e5f36c2560e4316cf1eb3fb5d3bea2986f36c0,acquisition,
1142,originals/apho/2016/APhO_2016_S4__861211a0b8d57d4a.pdf,files/apho/2016/APhO_2016_S4__861211a0b8d57d4a.pdf,861211a0b8d57d4afafa0b8d95ebdefc4d617a8c3a67dd5242b1f68d203f556b,1200350,14,hardlink,861211a0b8d57d4afafa0b8d95ebdefc4d617a8c3a67dd5242b1f68d203f556b,acquisition,
1143,originals/apho/2016/APhO_2016_S4_tex__cc778b97d347cede.pdf,files/apho/2016/APhO_2016_S4_tex__cc778b97d347cede.pdf,cc778b97d347cede14327cc096b4b840de294733598d82a28c8bf3ea8e01246c,448948,12,hardlink,cc778b97d347cede14327cc096b4b840de294733598d82a28c8bf3ea8e01246c,acquisition,
1145,originals/apho/2016/APhO_2016_Q4_tex__c558b304f8d594ec.zip,files/apho/2016/APhO_2016_Q4_tex__c558b304f8d594ec.zip,c558b304f8d594ec329b88ce2773d502e08dcf910d7cd8dd883ac1ce855e25f9,690490,,hardlink,c558b304f8d594ec329b88ce2773d502e08dcf910d7cd8dd883ac1ce855e25f9,acquisition,
1146,originals/apho/2016/APhO_2016_Q5__e8e0bb0c4a8c425d.pdf,files/apho/2016/APhO_2016_Q5__e8e0bb0c4a8c425d.pdf,e8e0bb0c4a8c425dd0444bb3a7b8e8dfada5c85c9698ee34f94f8caeb75802df,879796,10,hardlink,e8e0bb0c4a8c425dd0444bb3a7b8e8dfada5c85c9698ee34f94f8caeb75802df,acquisition,
1147,originals/apho/2016/2016-4__c94ae60ec74f4ce0.tex,files/apho/2016/2016-4__c94ae60ec74f4ce0.tex,c94ae60ec74f4ce09611d282b2e740f9fd8747ebd2581c728c926c0355e970ad,22146,,hardlink,c94ae60ec74f4ce09611d282b2e740f9fd8747ebd2581c728c926c0355e970ad,acquisition,
1148,originals/apho/2016/APhO_2016_A5__0081303b1b1b1681.pdf,files/apho/2016/APhO_2016_A5__0081303b1b1b1681.pdf,0081303b1b1b16813cd9b1b59e1377a67e66328ee7dacdf41abe4c4c5b77dc89,451744,17,hardlink,0081303b1b1b16813cd9b1b59e1377a67e66328ee7dacdf41abe4c4c5b77dc89,acquisition,
1149,originals/apho/2016/APhO_2016_P5__22645b3ec8e6f793.pdf,files/apho/2016/APhO_2016_P5__22645b3ec8e6f793.pdf,22645b3ec8e6f79354f8266743b2622be1c67ff992ecc4e16e79de1a8001fb35,1821462,22,hardlink,22645b3ec8e6f79354f8266743b2622be1c67ff992ecc4e16e79de1a8001fb35,acquisition,
115,originals/ipho/2023/IPhO_2023_M4__698ac1d9634bc057.pdf,files/ipho/2023/IPhO_2023_M4__698ac1d9634bc057.pdf,698ac1d9634bc057b8b7aa31c0aeab67bb70d146f766adbd3a132381efd44e23,1011405,12,hardlink,698ac1d9634bc057b8b7aa31c0aeab67bb70d146f766adbd3a132381efd44e23,acquisition,
1150,originals/apho/2016/APhO_2016_S5__faaecfd0f7d7dd87.pdf,files/apho/2016/APhO_2016_S5__faaecfd0f7d7dd87.pdf,faaecfd0f7d7dd8743a65d6f35c29b1b9e5045277fdcaa89cc29d3b857336179,1573282,11,hardlink,faaecfd0f7d7dd8743a65d6f35c29b1b9e5045277fdcaa89cc29d3b857336179,acquisition,
1152,originals/apho/2016/APhO_2016_S5_tex__476afacbaa7468eb.pdf,files/apho/2016/APhO_2016_S5_tex__476afacbaa7468eb.pdf,476afacbaa7468eb6da4e0714a4804fb6132775f15110a4542a6ddad18fa9b4b,485532,11,hardlink,476afacbaa7468eb6da4e0714a4804fb6132775f15110a4542a6ddad18fa9b4b,acquisition,
1153,originals/apho/2016/2016-5__525c64c6049881dd.tex,files/apho/2016/2016-5__525c64c6049881dd.tex,525c64c6049881dd60081aff9c845e090cbf13d7bd961115a6aa40527f9d62a3,15266,,hardlink,525c64c6049881dd60081aff9c845e090cbf13d7bd961115a6aa40527f9d62a3,acquisition,
1154,originals/apho/2015/APhO_2015_Q1__71e314181b1b58b3.pdf,files/apho/2015/APhO_2015_Q1__71e314181b1b58b3.pdf,71e314181b1b58b3a4f62e823e917f4810c46a466265b348325ebe4963d9fe91,210662,4,hardlink,71e314181b1b58b3a4f62e823e917f4810c46a466265b348325ebe4963d9fe91,acquisition,
1155,originals/apho/2016/APhO_2016_Q5_tex__ea400ebaa7e8ab34.zip,files/apho/2016/APhO_2016_Q5_tex__ea400ebaa7e8ab34.zip,ea400ebaa7e8ab344f0e7f65385f3f98b841aebffec94e3a058092d226ac7efe,877251,,hardlink,ea400ebaa7e8ab344f0e7f65385f3f98b841aebffec94e3a058092d226ac7efe,acquisition,
1156,originals/apho/2015/APhO_2015_S1__7cdb8ea6a2c6a0c3.pdf,files/apho/2015/APhO_2015_S1__7cdb8ea6a2c6a0c3.pdf,7cdb8ea6a2c6a0c3a2182d2249210956d706f965dd7336904f9a9ea76f658bd4,181183,9,hardlink,7cdb8ea6a2c6a0c3a2182d2249210956d706f965dd7336904f9a9ea76f658bd4,acquisition,
1157,originals/apho/2015/APhO_2015_A1__1e138ff8251d267f.pdf,files/apho/2015/APhO_2015_A1__1e138ff8251d267f.pdf,1e138ff8251d267fbbe7d90d35cd9ced9c447130ae4c9fdc0443300eea91244e,91954,6,hardlink,1e138ff8251d267fbbe7d90d35cd9ced9c447130ae4c9fdc0443300eea91244e,acquisition,
1158,originals/apho/2015/APhO_2015_Q2__93fea0aa00d3d25d.pdf,files/apho/2015/APhO_2015_Q2__93fea0aa00d3d25d.pdf,93fea0aa00d3d25dc88221a9e80bff5a93986132db869cf7467bebd7dbba5c9c,622696,8,hardlink,93fea0aa00d3d25dc88221a9e80bff5a93986132db869cf7467bebd7dbba5c9c,acquisition,
1159,originals/apho/2015/APhO_2015_S2__3555ec0187782336.pdf,files/apho/2015/APhO_2015_S2__3555ec0187782336.pdf,3555ec0187782336bb332dc86f932905f83ca97c5efd2d5d66bcc93717500a09,201940,7,hardlink,3555ec0187782336bb332dc86f932905f83ca97c5efd2d5d66bcc93717500a09,acquisition,
116,originals/ipho/2023/IPhO_2023_A4__cdaf7c2f48228810.pdf,files/ipho/2023/IPhO_2023_A4__cdaf7c2f48228810.pdf,cdaf7c2f4822881042fdbc5afa4f3f61f3e8f32888e1e4e3259c6eae5c695b44,490765,12,hardlink,cdaf7c2f4822881042fdbc5afa4f3f61f3e8f32888e1e4e3259c6eae5c695b44,acquisition,
1160,originals/apho/2015/APhO_2015_Q3__81a3d2e03f8585ec.pdf,files/apho/2015/APhO_2015_Q3__81a3d2e03f8585ec.pdf,81a3d2e03f8585eca26cb872c2e4181b652f792b6c7677ad97526bd3e66879a4,157292,4,hardlink,81a3d2e03f8585eca26cb872c2e4181b652f792b6c7677ad97526bd3e66879a4,acquisition,
1161,originals/apho/2015/APhO_2015_A2__2537d3828f404509.pdf,files/apho/2015/APhO_2015_A2__2537d3828f404509.pdf,2537d3828f4045096376c9856dd4c217c688ad09b39f8f30eef7dc7f0e39632e,108256,8,hardlink,2537d3828f4045096376c9856dd4c217c688ad09b39f8f30eef7dc7f0e39632e,acquisition,
1162,originals/apho/2015/APhO_2015_S3__ea72af7482eb68dc.pdf,files/apho/2015/APhO_2015_S3__ea72af7482eb68dc.pdf,ea72af7482eb68dc2ca81707691d5358c16dbe4b8866202511c134102dc38cce,197922,10,hardlink,ea72af7482eb68dc2ca81707691d5358c16dbe4b8866202511c134102dc38cce,acquisition,
1163,originals/apho/2015/APhO_2015_A3__057eb53f768382ab.pdf,files/apho/2015/APhO_2015_A3__057eb53f768382ab.pdf,057eb53f768382abb48de9d3cd968f07d44ee89fd202423cf3cf8763f0d252b3,119426,8,hardlink,057eb53f768382abb48de9d3cd968f07d44ee89fd202423cf3cf8763f0d252b3,acquisition,
1164,originals/apho/2015/APhO_2015_Q4__a4e3ebadf2f8eb57.pdf,files/apho/2015/APhO_2015_Q4__a4e3ebadf2f8eb57.pdf,a4e3ebadf2f8eb572913b425bf0839876ae9df94d3739830cef75f4e4873bddb,1079170,22,hardlink,a4e3ebadf2f8eb572913b425bf0839876ae9df94d3739830cef75f4e4873bddb,acquisition,
1165,originals/apho/2015/APhO_2015_S4__5821556a6e1b7935.pdf,files/apho/2015/APhO_2015_S4__5821556a6e1b7935.pdf,5821556a6e1b7935ccf47749ac069d8f9fa7d453c6c85ec997d5fd4d4b5b3d82,1698038,17,hardlink,5821556a6e1b7935ccf47749ac069d8f9fa7d453c6c85ec997d5fd4d4b5b3d82,acquisition,
1166,originals/apho/2015/APhO_2015_A4__9946898aa1de2593.pdf,files/apho/2015/APhO_2015_A4__9946898aa1de2593.pdf,9946898aa1de2593b4bba5ddc0a41f1a96e090cc7b8284227bb054505e3405da,321626,17,hardlink,9946898aa1de2593b4bba5ddc0a41f1a96e090cc7b8284227bb054505e3405da,acquisition,
1167,originals/apho/2014/APhO_2014_Q1__ae0ee6001442873f.pdf,files/apho/2014/APhO_2014_Q1__ae0ee6001442873f.pdf,ae0ee6001442873f5fe4db080dfd947e8e94881623c0ea6f1b08d14361e6a998,379471,4,hardlink,ae0ee6001442873f5fe4db080dfd947e8e94881623c0ea6f1b08d14361e6a998,acquisition,
1168,originals/apho/2014/APhO_2014_S1__e5563ca76365a442.pdf,files/apho/2014/APhO_2014_S1__e5563ca76365a442.pdf,e5563ca76365a442b6fac0611150dc884699df160c9d6748ea726644d1843f99,752373,13,hardlink,e5563ca76365a442b6fac0611150dc884699df160c9d6748ea726644d1843f99,acquisition,
1169,originals/apho/2014/APhO_2014_A1__4e505f48b8f0c332.pdf,files/apho/2014/APhO_2014_A1__4e505f48b8f0c332.pdf,4e505f48b8f0c332447ecba308ef9cff593b2019bfdabc2e6d2b30463a2d1db4,165520,8,hardlink,4e505f48b8f0c332447ecba308ef9cff593b2019bfdabc2e6d2b30463a2d1db4,acquisition,
117,originals/ipho/2023/IPhO_2023_A3__7bdec5b3e7948fe3.pdf,files/ipho/2023/IPhO_2023_A3__7bdec5b3e7948fe3.pdf,7bdec5b3e7948fe3bca4450a14baf29109b569a3c3ebd9382cc09283afcecc54,129313,2,hardlink,7bdec5b3e7948fe3bca4450a14baf29109b569a3c3ebd9382cc09283afcecc54,acquisition,
1170,originals/apho/2014/APhO_2014_Q2__36457730acc639e2.pdf,files/apho/2014/APhO_2014_Q2__36457730acc639e2.pdf,36457730acc639e286c2e447277876fdd3edd71cf8fd01bd7b038f33f57b9b43,513784,2,hardlink,36457730acc639e286c2e447277876fdd3edd71cf8fd01bd7b038f33f57b9b43,acquisition,
1171,originals/apho/2014/APhO_2014_S2__2cc4f79bba40e230.pdf,files/apho/2014/APhO_2014_S2__2cc4f79bba40e230.pdf,2cc4f79bba40e23017ab263939eed3d6a4ab2d9019aee5868142dbd9bfbd9e43,668776,6,hardlink,2cc4f79bba40e23017ab263939eed3d6a4ab2d9019aee5868142dbd9bfbd9e43,acquisition,
1172,originals/apho/2014/APhO_2014_A2__6b5ab9031c84057b.pdf,files/apho/2014/APhO_2014_A2__6b5ab9031c84057b.pdf,6b5ab9031c84057bb2da9533317a96f7e1864842ccb168455e378d95a96007fb,106286,5,hardlink,6b5ab9031c84057bb2da9533317a96f7e1864842ccb168455e378d95a96007fb,acquisition,
1173,originals/apho/2014/APhO_2014_Q3__3507ee19e53fa1e9.pdf,files/apho/2014/APhO_2014_Q3__3507ee19e53fa1e9.pdf,3507ee19e53fa1e9a782722f3d6c51d6ade6d3dda3d132519c757fca7ad4bfe7,386911,3,hardlink,3507ee19e53fa1e9a782722f3d6c51d6ade6d3dda3d132519c757fca7ad4bfe7,acquisition,
1174,originals/apho/2014/APhO_2014_S3__11fdc9aa88f96d31.pdf,files/apho/2014/APhO_2014_S3__11fdc9aa88f96d31.pdf,11fdc9aa88f96d31f6c601046ddd5230f9ae70dd27d41a69679771154b76b8c5,228981,6,hardlink,11fdc9aa88f96d31f6c601046ddd5230f9ae70dd27d41a69679771154b76b8c5,acquisition,
1175,originals/apho/2014/APhO_2014_A3__25eb6485e51fe0ed.pdf,files/apho/2014/APhO_2014_A3__25eb6485e51fe0ed.pdf,25eb6485e51fe0ed53d727cc7e692e42044b3d722e718f4354d5456635ee88ad,242640,7,hardlink,25eb6485e51fe0ed53d727cc7e692e42044b3d722e718f4354d5456635ee88ad,acquisition,
1176,originals/apho/2014/APhO_2014_A4__10e7c21abca2c71d.pdf,files/apho/2014/APhO_2014_A4__10e7c21abca2c71d.pdf,10e7c21abca2c71de7470f46b936ec81a7336c7e611840bbbf20ce96789d66d9,1245976,21,hardlink,10e7c21abca2c71de7470f46b936ec81a7336c7e611840bbbf20ce96789d66d9,acquisition,
1177,originals/apho/2014/APhO_2014_S4__13091f2862a0e706.pdf,files/apho/2014/APhO_2014_S4__13091f2862a0e706.pdf,13091f2862a0e706a22b6dfc33a6e88d15f6a3f799af47d2e22cd44d215019d5,705520,22,hardlink,13091f2862a0e706a22b6dfc33a6e88d15f6a3f799af47d2e22cd44d215019d5,acquisition,
1178,originals/apho/2014/APhO_2014_Q4__7dfd7f89dbb0b828.pdf,files/apho/2014/APhO_2014_Q4__7dfd7f89dbb0b828.pdf,7dfd7f89dbb0b8285ffa395726ddcb611eda440e5717cc400070656b13c75098,2646663,14,hardlink,7dfd7f89dbb0b8285ffa395726ddcb611eda440e5717cc400070656b13c75098,acquisition,
1179,originals/apho/2013/APhO_2013_S1__162c21f08ae1fa1f.pdf,files/apho/2013/APhO_2013_S1__162c21f08ae1fa1f.pdf,162c21f08ae1fa1fcb27b693b8fea70d56d06e02364209034dba470e5ca7c895,1292536,6,hardlink,162c21f08ae1fa1fcb27b693b8fea70d56d06e02364209034dba470e5ca7c895,acquisition,
118,originals/ipho/2023/IPhO_2023_Q5__5d2645f3e0f65422.pdf,files/ipho/2023/IPhO_2023_Q5__5d2645f3e0f65422.pdf,5d2645f3e0f6542259c854a14832733fe5e89a2aeb0be629c8352ad018d961b0,3527086,12,hardlink,5d2645f3e0f6542259c854a14832733fe5e89a2aeb0be629c8352ad018d961b0,acquisition,
1180,originals/apho/2013/APhO_2013_Q1__c367ae27d70e1b04.pdf,files/apho/2013/APhO_2013_Q1__c367ae27d70e1b04.pdf,c367ae27d70e1b04de8be8dcb550696c20fc3a004a5ec5df192bb6a5ca83f766,1466106,1,hardlink,c367ae27d70e1b04de8be8dcb550696c20fc3a004a5ec5df192bb6a5ca83f766,acquisition,
1181,originals/apho/2013/APhO_2013_A1__280c4fd2c434915f.pdf,files/apho/2013/APhO_2013_A1__280c4fd2c434915f.pdf,280c4fd2c434915fb5f7add861b0e0042e435d08b7a09944686d4c785da5cee9,839004,1,hardlink,280c4fd2c434915fb5f7add861b0e0042e435d08b7a09944686d4c785da5cee9,acquisition,
1185,originals/apho/2013/APhO_2013_Q3__9827ab77ad668760.pdf,files/apho/2013/APhO_2013_Q3__9827ab77ad668760.pdf,9827ab77ad668760a97a15cad9cfeef4baf19881f9b4ef125bccbaf3d60a83de,4865896,4,hardlink,9827ab77ad668760a97a15cad9cfeef4baf19881f9b4ef125bccbaf3d60a83de,acquisition,
1186,originals/apho/2013/APhO_2013_S3__50381c3693a220ee.pdf,files/apho/2013/APhO_2013_S3__50381c3693a220ee.pdf,50381c3693a220ee37be80155e86ce6eb52e3533d7c636a4a3f9688b4a0fb42b,1006547,5,hardlink,50381c3693a220ee37be80155e86ce6eb52e3533d7c636a4a3f9688b4a0fb42b,acquisition,
1187,originals/apho/2013/APhO_2013_A3__7fd20d5cc1ada4a6.pdf,files/apho/2013/APhO_2013_A3__7fd20d5cc1ada4a6.pdf,7fd20d5cc1ada4a6de5b2856f4d905653173b8a0eeedd139bbd3af3e5adf5fbc,1080235,3,hardlink,7fd20d5cc1ada4a6de5b2856f4d905653173b8a0eeedd139bbd3af3e5adf5fbc,acquisition,
1188,originals/apho/2012/APhO_2012_Q1__ee699cfd96001665.pdf,files/apho/2012/APhO_2012_Q1__ee699cfd96001665.pdf,ee699cfd960016652e8058a68439bd0fb669738a7dd1f6977250a20394905c75,426739,3,hardlink,ee699cfd960016652e8058a68439bd0fb669738a7dd1f6977250a20394905c75,acquisition,
1189,originals/apho/2013/APhO_2013_S4__26ff0f17a8953051.pdf,files/apho/2013/APhO_2013_S4__26ff0f17a8953051.pdf,26ff0f17a89530515f03bc804516709303e44917d62fbbf339b99e85303c17a2,2610453,11,hardlink,26ff0f17a89530515f03bc804516709303e44917d62fbbf339b99e85303c17a2,acquisition,
119,originals/ipho/2023/IPhO_2023_S5__84fc9985ad7d8f95.pdf,files/ipho/2023/IPhO_2023_S5__84fc9985ad7d8f95.pdf,84fc9985ad7d8f95f466e5d01e835394a689456388264b77de541bf1fdf99cf4,469005,9,hardlink,84fc9985ad7d8f95f466e5d01e835394a689456388264b77de541bf1fdf99cf4,acquisition,
1190,originals/apho/2012/APhO_2012_S1__e26d6d64e8a52ddf.pdf,files/apho/2012/APhO_2012_S1__e26d6d64e8a52ddf.pdf,e26d6d64e8a52ddfdf5319a9ba873d3709de6cc132462eb870a2978aa34d3a5c,133685,3,hardlink,e26d6d64e8a52ddfdf5319a9ba873d3709de6cc132462eb870a2978aa34d3a5c,acquisition,
1191,originals/apho/2013/APhO_2013_Q4__2d93cde21ab176e7.pdf,files/apho/2013/APhO_2013_Q4__2d93cde21ab176e7.pdf,2d93cde21ab176e76e952d08e7800647a55b5a8ddd42971169346786af147396,17023986,14,hardlink,2d93cde21ab176e76e952d08e7800647a55b5a8ddd42971169346786af147396,acquisition,
1192,originals/apho/2012/APhO_2012_Q2__c4cd72c09e3c4031.pdf,files/apho/2012/APhO_2012_Q2__c4cd72c09e3c4031.pdf,c4cd72c09e3c4031efa4f22bcb1a51c72878a29f84638807afb036fcce0f1f33,388220,2,hardlink,c4cd72c09e3c4031efa4f22bcb1a51c72878a29f84638807afb036fcce0f1f33,acquisition,
1193,originals/apho/2012/APhO_2012_S2__cf1991a306529876.pdf,files/apho/2012/APhO_2012_S2__cf1991a306529876.pdf,cf1991a30652987632fe432359e0e72151f3b444340b86ac071a42c3901db9a8,127577,2,hardlink,cf1991a30652987632fe432359e0e72151f3b444340b86ac071a42c3901db9a8,acquisition,
1194,originals/apho/2012/APhO_2012_Q3__c96a44cdc5476b3b.pdf,files/apho/2012/APhO_2012_Q3__c96a44cdc5476b3b.pdf,c96a44cdc5476b3b921d0dd2b0253daff1ced71b28e13aa5e29f3905bdea42f9,619344,4,hardlink,c96a44cdc5476b3b921d0dd2b0253daff1ced71b28e13aa5e29f3905bdea42f9,acquisition,
1195,originals/apho/2012/APhO_2012_S3__b3a5406b544b2a96.pdf,files/apho/2012/APhO_2012_S3__b3a5406b544b2a96.pdf,b3a5406b544b2a96ad06726006c899a24d949c8b1ce2fe9d2611617dd9b92460,142289,3,hardlink,b3a5406b544b2a96ad06726006c899a24d949c8b1ce2fe9d2611617dd9b92460,acquisition,
1196,originals/apho/2012/APhO_2012_Q4__ca2f846ae32935ad.pdf,files/apho/2012/APhO_2012_Q4__ca2f846ae32935ad.pdf,ca2f846ae32935ade91cd5ab8ea7b0522c9a2030c394ee5f74272871ac49dbd8,437149,6,hardlink,ca2f846ae32935ade91cd5ab8ea7b0522c9a2030c394ee5f74272871ac49dbd8,acquisition,
1197,originals/apho/2012/APhO_2012_S4__81acfeffdb197526.pdf,files/apho/2012/APhO_2012_S4__81acfeffdb197526.pdf,81acfeffdb197526f1d7de71eeaee3ddc5756e032c9a689a896c504821036744,483236,7,hardlink,81acfeffdb197526f1d7de71eeaee3ddc5756e032c9a689a896c504821036744,acquisition,
1198,originals/apho/2012/APhO_2012_M4__874c60d6e631d5eb.pdf,files/apho/2012/APhO_2012_M4__874c60d6e631d5eb.pdf,874c60d6e631d5ebd0f7b417d5142a04e7297b5f2fafa9d40023bc70db6e7340,244274,2,hardlink,874c60d6e631d5ebd0f7b417d5142a04e7297b5f2fafa9d40023bc70db6e7340,acquisition,
1199,originals/apho/2012/APhO_2012_Q5__0adf8eb388054ecb.pdf,files/apho/2012/APhO_2012_Q5__0adf8eb388054ecb.pdf,0adf8eb388054ecb9e5230f9b6d291274782449a734880820a27910d6dc0fc4f,444278,8,hardlink,0adf8eb388054ecb9e5230f9b6d291274782449a734880820a27910d6dc0fc4f,acquisition,
12,originals/ipho/2026/IPhO_2026_Q2_tex__b474ce9ffbc1b793.zip,files/ipho/2026/IPhO_2026_Q2_tex__b474ce9ffbc1b793.zip,b474ce9ffbc1b793067966fb761eb48449fb466055a0bb56bfe3b0c080228ced,417364,,hardlink,b474ce9ffbc1b793067966fb761eb48449fb466055a0bb56bfe3b0c080228ced,acquisition,
120,originals/ipho/2023/IPhO_2023_A5__3a81adbcbebc5ca2.pdf,files/ipho/2023/IPhO_2023_A5__3a81adbcbebc5ca2.pdf,3a81adbcbebc5ca292a63819e7bc6687e7919536445c9a6d56786c9bdf04096c,231671,9,hardlink,3a81adbcbebc5ca292a63819e7bc6687e7919536445c9a6d56786c9bdf04096c,acquisition,
1200,originals/apho/2012/APhO_2012_S5__49dd930e281a6d9a.pdf,files/apho/2012/APhO_2012_S5__49dd930e281a6d9a.pdf,49dd930e281a6d9a8dbc4f59df15083263998286636691edef0bf0ce01c32fe7,234981,14,hardlink,49dd930e281a6d9a8dbc4f59df15083263998286636691edef0bf0ce01c32fe7,acquisition,
1201,originals/apho/2012/APhO_2012_M5__28642106c928e6ff.pdf,files/apho/2012/APhO_2012_M5__28642106c928e6ff.pdf,28642106c928e6ff260e7ba8d1b5439d5d19128730e1d40f049d3778254da290,340565,5,hardlink,28642106c928e6ff260e7ba8d1b5439d5d19128730e1d40f049d3778254da290,acquisition,
1202,originals/apho/2012/APhO_2012_A5__2839557b0f3ed63a.pdf,files/apho/2012/APhO_2012_A5__2839557b0f3ed63a.pdf,2839557b0f3ed63ab36f644ae0f3ea4e0bd939eb5d7c2ff10ad0fc3dd51a7973,491996,10,hardlink,2839557b0f3ed63ab36f644ae0f3ea4e0bd939eb5d7c2ff10ad0fc3dd51a7973,acquisition,
1207,originals/apho/2011/APhO_2011_Q2__8462e48e92094017.pdf,files/apho/2011/APhO_2011_Q2__8462e48e92094017.pdf,8462e48e92094017d3ec904a8c6cbc60c680d7a28266016fa1a86a57aab44b15,363626,3,hardlink,8462e48e92094017d3ec904a8c6cbc60c680d7a28266016fa1a86a57aab44b15,acquisition,
1208,originals/apho/2011/APhO_2011_S2__be31437d7e2a5c5c.pdf,files/apho/2011/APhO_2011_S2__be31437d7e2a5c5c.pdf,be31437d7e2a5c5c64285d270cd8b3b84581e004e4c4fe10e48c0ed7640e6881,379771,5,hardlink,be31437d7e2a5c5c64285d270cd8b3b84581e004e4c4fe10e48c0ed7640e6881,acquisition,
1209,originals/apho/2011/APhO_2011_A2__8540a1dceaaf442e.pdf,files/apho/2011/APhO_2011_A2__8540a1dceaaf442e.pdf,8540a1dceaaf442ef5f98e6092bcb7005f17e54dce93f9af13ce67c4fb1582cd,254451,2,hardlink,8540a1dceaaf442ef5f98e6092bcb7005f17e54dce93f9af13ce67c4fb1582cd,acquisition,
1210,originals/apho/2011/APhO_2011_M2__69db40048100353a.pdf,files/apho/2011/APhO_2011_M2__69db40048100353a.pdf,69db40048100353a8d6514d73d5d36a9c6d80313ccf89fc7e972fa221b445132,311470,2,hardlink,69db40048100353a8d6514d73d5d36a9c6d80313ccf89fc7e972fa221b445132,acquisition,
1211,originals/apho/2011/APhO_2011_Q3__00525cd63425c5ad.pdf,files/apho/2011/APhO_2011_Q3__00525cd63425c5ad.pdf,00525cd63425c5ade046cd6b404a487dfa2259aadaabae0c8ec535df32ce6f67,439551,3,hardlink,00525cd63425c5ade046cd6b404a487dfa2259aadaabae0c8ec535df32ce6f67,acquisition,
1212,originals/apho/2011/APhO_2011_S3__5ab6ca3590a3bce5.pdf,files/apho/2011/APhO_2011_S3__5ab6ca3590a3bce5.pdf,5ab6ca3590a3bce50d3c4f27f04f9aae1662f750d591cdc929237a2f539683d1,521840,4,hardlink,5ab6ca3590a3bce50d3c4f27f04f9aae1662f750d591cdc929237a2f539683d1,acquisition,
1213,originals/apho/2011/APhO_2011_A3__33caf6b6ddb376a7.pdf,files/apho/2011/APhO_2011_A3__33caf6b6ddb376a7.pdf,33caf6b6ddb376a7f7d24af5abae3affe88ec952e20d07e488335fd8d072a58a,300946,2,hardlink,33caf6b6ddb376a7f7d24af5abae3affe88ec952e20d07e488335fd8d072a58a,acquisition,
1214,originals/apho/2011/APhO_2011_M3__e8d03583bd248250.pdf,files/apho/2011/APhO_2011_M3__e8d03583bd248250.pdf,e8d03583bd2482505e2352b97d75445a3cd530ad7766342578506ed71af2e288,311166,2,hardlink,e8d03583bd2482505e2352b97d75445a3cd530ad7766342578506ed71af2e288,acquisition,
1215,originals/apho/2011/APhO_2011_Q4__95d5181dfab61900.pdf,files/apho/2011/APhO_2011_Q4__95d5181dfab61900.pdf,95d5181dfab61900b72a3f60121b4ee367ec23be206c13f535c8a62842bc761a,626572,5,hardlink,95d5181dfab61900b72a3f60121b4ee367ec23be206c13f535c8a62842bc761a,acquisition,
1216,originals/apho/2011/APhO_2011_S4__c549229f38bb1213.pdf,files/apho/2011/APhO_2011_S4__c549229f38bb1213.pdf,c549229f38bb1213fa9ce210defb34a4ae0a5db65faf8e9dd608ae7135366b0d,1433453,10,hardlink,c549229f38bb1213fa9ce210defb34a4ae0a5db65faf8e9dd608ae7135366b0d,acquisition,
1217,originals/apho/2011/APhO_2011_A4__9dd809a6311215ba.pdf,files/apho/2011/APhO_2011_A4__9dd809a6311215ba.pdf,9dd809a6311215ba9a7bb7961b74b5af4aee74861f32f9aaf752299f1e3ec1cc,242506,4,hardlink,9dd809a6311215ba9a7bb7961b74b5af4aee74861f32f9aaf752299f1e3ec1cc,acquisition,
1218,originals/apho/2011/APhO_2011_M4__9c98952b294db11f.pdf,files/apho/2011/APhO_2011_M4__9c98952b294db11f.pdf,9c98952b294db11fe1da39360047de25247e1bf24d8faeeb506cc6ca3c292c01,323511,3,hardlink,9c98952b294db11fe1da39360047de25247e1bf24d8faeeb506cc6ca3c292c01,acquisition,
1219,originals/apho/2011/APhO_2011_Q5__854fa3ae6b55f46f.pdf,files/apho/2011/APhO_2011_Q5__854fa3ae6b55f46f.pdf,854fa3ae6b55f46f15255d76be33d53197a7d077ef8a2ab5ca441158ed2462a6,580510,6,hardlink,854fa3ae6b55f46f15255d76be33d53197a7d077ef8a2ab5ca441158ed2462a6,acquisition,
122,originals/ipho/2023/IPhO_2023_M5__f065e181b13e2a00.pdf,files/ipho/2023/IPhO_2023_M5__f065e181b13e2a00.pdf,f065e181b13e2a0095fbc297a8532710500665c24e45f9eaf0b93f9f3fcd405d,472870,9,hardlink,f065e181b13e2a0095fbc297a8532710500665c24e45f9eaf0b93f9f3fcd405d,acquisition,
1220,originals/apho/2011/APhO_2011_S5__b6cef80d203337f0.pdf,files/apho/2011/APhO_2011_S5__b6cef80d203337f0.pdf,b6cef80d203337f05c7f66a835598c66ddb501c397909ae2fc60f0fe995b9db3,1075666,12,hardlink,b6cef80d203337f05c7f66a835598c66ddb501c397909ae2fc60f0fe995b9db3,acquisition,
1221,originals/apho/2011/APhO_2011_M5__524883440107b3aa.pdf,files/apho/2011/APhO_2011_M5__524883440107b3aa.pdf,524883440107b3aa49fccb03b4757e4da7eb669dd5cbb3d3aa63a0d180d82261,310524,2,hardlink,524883440107b3aa49fccb03b4757e4da7eb669dd5cbb3d3aa63a0d180d82261,acquisition,
1222,originals/apho/2011/APhO_2011_A5__c5ee3a8a500822e3.pdf,files/apho/2011/APhO_2011_A5__c5ee3a8a500822e3.pdf,c5ee3a8a500822e33b323d949c77b24310bfda7077fc9cbf87c2fd242be94430,273333,2,hardlink,c5ee3a8a500822e33b323d949c77b24310bfda7077fc9cbf87c2fd242be94430,acquisition,
1223,originals/apho/2010/APhO_2010_Q1__1bdd3087d8c45ee5.pdf,files/apho/2010/APhO_2010_Q1__1bdd3087d8c45ee5.pdf,1bdd3087d8c45ee5826acf8bd7cf5ff9ca0031de7ba6778ff2e8ca5d52e20e9b,104011,5,hardlink,1bdd3087d8c45ee5826acf8bd7cf5ff9ca0031de7ba6778ff2e8ca5d52e20e9b,acquisition,
1224,originals/apho/2010/APhO_2010_S1__a689cf63831eefaf.pdf,files/apho/2010/APhO_2010_S1__a689cf63831eefaf.pdf,a689cf63831eefaf66739c2066b01451771071c4dd51870aca8ba123b9375637,137409,8,hardlink,a689cf63831eefaf66739c2066b01451771071c4dd51870aca8ba123b9375637,acquisition,
1225,originals/apho/2010/APhO_2010_A1__84f5b1d71be7b374.pdf,files/apho/2010/APhO_2010_A1__84f5b1d71be7b374.pdf,84f5b1d71be7b37488d5e287bcbfd398251a9cbb053e68e997a8378b1f5ff6e4,140423,4,hardlink,84f5b1d71be7b37488d5e287bcbfd398251a9cbb053e68e997a8378b1f5ff6e4,acquisition,
1226,originals/apho/2010/APhO_2010_M1__30ecf9e200ad5bf2.pdf,files/apho/2010/APhO_2010_M1__30ecf9e200ad5bf2.pdf,30ecf9e200ad5bf27f3e3ba7d418262c5b7c602b0f1618f02a0bd5bac30e18dc,170787,2,hardlink,30ecf9e200ad5bf27f3e3ba7d418262c5b7c602b0f1618f02a0bd5bac30e18dc,acquisition,
1227,originals/apho/2010/APhO_2010_Q2__74022368ec8d53f9.pdf,files/apho/2010/APhO_2010_Q2__74022368ec8d53f9.pdf,74022368ec8d53f9327cb2f5669f01f4745004b52821af476239cb0a97192a89,114849,4,hardlink,74022368ec8d53f9327cb2f5669f01f4745004b52821af476239cb0a97192a89,acquisition,
1228,originals/apho/2010/APhO_2010_S2__18b03f38394cb72e.pdf,files/apho/2010/APhO_2010_S2__18b03f38394cb72e.pdf,18b03f38394cb72e6acb8b7223987f652fded6df54ae856a996d303a12a06334,125894,6,hardlink,18b03f38394cb72e6acb8b7223987f652fded6df54ae856a996d303a12a06334,acquisition,
1229,originals/apho/2010/APhO_2010_M2__c924167c1eea91d3.pdf,files/apho/2010/APhO_2010_M2__c924167c1eea91d3.pdf,c924167c1eea91d323119bc9b04ea0f3b43e28e7611e7aa8fa2cd887f13cff45,123611,3,hardlink,c924167c1eea91d323119bc9b04ea0f3b43e28e7611e7aa8fa2cd887f13cff45,acquisition,
1230,originals/apho/2010/APhO_2010_Q3__0cfee2a58b709fc6.pdf,files/apho/2010/APhO_2010_Q3__0cfee2a58b709fc6.pdf,0cfee2a58b709fc695183224f6577117d6c4200e345124e16d308d4aaf3409e1,111418,4,hardlink,0cfee2a58b709fc695183224f6577117d6c4200e345124e16d308d4aaf3409e1,acquisition,
1231,originals/apho/2010/APhO_2010_A2__c09f4ebfb920ff05.pdf,files/apho/2010/APhO_2010_A2__c09f4ebfb920ff05.pdf,c09f4ebfb920ff05ffedcc079a3e402d937cb08b21df614900a42923cb0bff4b,93568,4,hardlink,c09f4ebfb920ff05ffedcc079a3e402d937cb08b21df614900a42923cb0bff4b,acquisition,
1232,originals/apho/2010/APhO_2010_A3__5f4381fc3bfcfb0c.pdf,files/apho/2010/APhO_2010_A3__5f4381fc3bfcfb0c.pdf,5f4381fc3bfcfb0c50d6adcde394f53cf546f9e405e45c84bce3f4647798a033,93606,5,hardlink,5f4381fc3bfcfb0c50d6adcde394f53cf546f9e405e45c84bce3f4647798a033,acquisition,
1233,originals/apho/2010/APhO_2010_S3__eada47a4ef622b7c.pdf,files/apho/2010/APhO_2010_S3__eada47a4ef622b7c.pdf,eada47a4ef622b7cd646c584a06312fe9141851dd9e426e521804fe744e54305,141295,6,hardlink,eada47a4ef622b7cd646c584a06312fe9141851dd9e426e521804fe744e54305,acquisition,
1234,originals/apho/2010/APhO_2010_M3__2a503a5a1a721789.pdf,files/apho/2010/APhO_2010_M3__2a503a5a1a721789.pdf,2a503a5a1a721789bf1ffe091395e2dd5945a8479b93c672ca285cb4b6715e0c,121980,3,hardlink,2a503a5a1a721789bf1ffe091395e2dd5945a8479b93c672ca285cb4b6715e0c,acquisition,
1235,originals/apho/2010/APhO_2010_S4__e7190d97f65eeac3.pdf,files/apho/2010/APhO_2010_S4__e7190d97f65eeac3.pdf,e7190d97f65eeac3877410c56b1b1493a6b8735a4fc36ee0c5b516f037d8493a,225175,8,hardlink,e7190d97f65eeac3877410c56b1b1493a6b8735a4fc36ee0c5b516f037d8493a,acquisition,
1236,originals/apho/2010/APhO_2010_A4__cb20dc8d0793f461.pdf,files/apho/2010/APhO_2010_A4__cb20dc8d0793f461.pdf,cb20dc8d0793f4616197c3eb9256b62386c9b62567819c1f2e25608da8cfd856,160103,5,hardlink,cb20dc8d0793f4616197c3eb9256b62386c9b62567819c1f2e25608da8cfd856,acquisition,
1237,originals/apho/2010/APhO_2010_Q4__aef95844872b4b95.pdf,files/apho/2010/APhO_2010_Q4__aef95844872b4b95.pdf,aef95844872b4b95ba3ff57efd3db1f89a2f19b920bb32853aaed3025fb367f5,787467,12,hardlink,aef95844872b4b95ba3ff57efd3db1f89a2f19b920bb32853aaed3025fb367f5,acquisition,
1238,originals/apho/2010/APhO_2010_M4__133d1a7bba7326a8.pdf,files/apho/2010/APhO_2010_M4__133d1a7bba7326a8.pdf,133d1a7bba7326a849c1a19b884fdd6522dc808b7e797833dcfd016c40678bc5,126707,1,hardlink,133d1a7bba7326a849c1a19b884fdd6522dc808b7e797833dcfd016c40678bc5,acquisition,
1239,originals/apho/2010/APhO_2010_Q5__8bf9e0f6498e7bdf.pdf,files/apho/2010/APhO_2010_Q5__8bf9e0f6498e7bdf.pdf,8bf9e0f6498e7bdf115ef4cd8ca518b9aebc979a385b5a8e00660d27e5eafb66,273237,8,hardlink,8bf9e0f6498e7bdf115ef4cd8ca518b9aebc979a385b5a8e00660d27e5eafb66,acquisition,
124,originals/ipho/2022/IPhO_2022_Q1__0f90f13d7fc724fd.pdf,files/ipho/2022/IPhO_2022_Q1__0f90f13d7fc724fd.pdf,0f90f13d7fc724fdda8393698e0e7450f3c1e47970bd91b36dbd96eefeaff99d,1357140,4,hardlink,0f90f13d7fc724fdda8393698e0e7450f3c1e47970bd91b36dbd96eefeaff99d,acquisition,
1240,originals/apho/2010/APhO_2010_S5__50e85bc1ee96caaf.pdf,files/apho/2010/APhO_2010_S5__50e85bc1ee96caaf.pdf,50e85bc1ee96caaf1c1fc1335ee73f2e64c747eb8968cc1c6f8ba7c05cbdf303,296791,12,hardlink,50e85bc1ee96caaf1c1fc1335ee73f2e64c747eb8968cc1c6f8ba7c05cbdf303,acquisition,
1241,originals/apho/2010/APhO_2010_A5__2cd0a09878074938.pdf,files/apho/2010/APhO_2010_A5__2cd0a09878074938.pdf,2cd0a09878074938c0f8fc029af4ca2775e36e9e4ecb0498294ae62ade929008,208290,8,hardlink,2cd0a09878074938c0f8fc029af4ca2775e36e9e4ecb0498294ae62ade929008,acquisition,
1242,originals/apho/2010/APhO_2010_M5__4031527232c5245a.pdf,files/apho/2010/APhO_2010_M5__4031527232c5245a.pdf,4031527232c5245a55c26263a340b00fb37a12068170f167e75b82ea71b8ee0d,113216,1,hardlink,4031527232c5245a55c26263a340b00fb37a12068170f167e75b82ea71b8ee0d,acquisition,
1244,originals/apho/2009/APhO_2009_Q1__775f096f642e87b4.pdf,files/apho/2009/APhO_2009_Q1__775f096f642e87b4.pdf,775f096f642e87b459f2433ba83b870889531977c4113249cfb656d62b9240da,102985,2,hardlink,775f096f642e87b459f2433ba83b870889531977c4113249cfb656d62b9240da,acquisition,
1245,originals/apho/2009/APhO_2009_S1__67ede6d73f393540.pdf,files/apho/2009/APhO_2009_S1__67ede6d73f393540.pdf,67ede6d73f3935409f4dc204ed583e16580af1d537a767403e99ef80dbed419e,64933,7,hardlink,67ede6d73f3935409f4dc204ed583e16580af1d537a767403e99ef80dbed419e,acquisition,
1246,originals/apho/2009/APhO_2009_Q2__d2008a2861702dd9.pdf,files/apho/2009/APhO_2009_Q2__d2008a2861702dd9.pdf,d2008a2861702dd90dcd68a3a30005450cc74c9c8b2e4817f2258b1c3c8f0ccc,104323,2,hardlink,d2008a2861702dd90dcd68a3a30005450cc74c9c8b2e4817f2258b1c3c8f0ccc,acquisition,
1247,originals/apho/2009/APhO_2009_S2__e231e29ae952a8d6.pdf,files/apho/2009/APhO_2009_S2__e231e29ae952a8d6.pdf,e231e29ae952a8d6d9c1d6f162f4d3a85620f010404782a18a53022fb149bce6,217678,3,hardlink,e231e29ae952a8d6d9c1d6f162f4d3a85620f010404782a18a53022fb149bce6,acquisition,
1248,originals/apho/2009/APhO_2009_Q3__bd8c99a8876f7b69.pdf,files/apho/2009/APhO_2009_Q3__bd8c99a8876f7b69.pdf,bd8c99a8876f7b6986576578ae92e5edf80c0c50c18545f8505628e188849d19,115778,2,hardlink,bd8c99a8876f7b6986576578ae92e5edf80c0c50c18545f8505628e188849d19,acquisition,
1249,originals/apho/2009/APhO_2009_S3__7c6b6f4dad87ffd1.pdf,files/apho/2009/APhO_2009_S3__7c6b6f4dad87ffd1.pdf,7c6b6f4dad87ffd13d13de15d9521ae01ad5de194cec3860092eac24ad6d285a,43557,3,hardlink,7c6b6f4dad87ffd13d13de15d9521ae01ad5de194cec3860092eac24ad6d285a,acquisition,
1250,originals/apho/2009/APhO_2009_S4__a30a5d566d1ce453.pdf,files/apho/2009/APhO_2009_S4__a30a5d566d1ce453.pdf,a30a5d566d1ce4538f6235d87d632b2972f4cc86505fe021c6048728699726d0,121418,4,hardlink,a30a5d566d1ce4538f6235d87d632b2972f4cc86505fe021c6048728699726d0,acquisition,
1251,originals/apho/2009/APhO_2009_Q5__4418dcc2c2ee7247.pdf,files/apho/2009/APhO_2009_Q5__4418dcc2c2ee7247.pdf,4418dcc2c2ee724758f2b17d768b0cdd14caa000f84b0fa4134fd92041caced6,199013,5,hardlink,4418dcc2c2ee724758f2b17d768b0cdd14caa000f84b0fa4134fd92041caced6,acquisition,
1252,originals/apho/2009/APhO_2009_Q4__cdefbfb3aecf8513.pdf,files/apho/2009/APhO_2009_Q4__cdefbfb3aecf8513.pdf,cdefbfb3aecf851389f96697d9615d2bdb2a54f6c26a1ec2617d29f8e0b86eb8,208729,4,hardlink,cdefbfb3aecf851389f96697d9615d2bdb2a54f6c26a1ec2617d29f8e0b86eb8,acquisition,
1253,originals/apho/2008/APhO_2008_Q1__990a4d640a9c5654.pdf,files/apho/2008/APhO_2008_Q1__990a4d640a9c5654.pdf,990a4d640a9c5654aed46a641bbfe705106496d00b0de7fad889d97562f0b41f,1476909,4,hardlink,990a4d640a9c5654aed46a641bbfe705106496d00b0de7fad889d97562f0b41f,acquisition,
1254,originals/apho/2009/APhO_2009_S5__4c9fbf670fbb8ac2.pdf,files/apho/2009/APhO_2009_S5__4c9fbf670fbb8ac2.pdf,4c9fbf670fbb8ac2d5df582b5f06b7ff11c744b2441afb53da6d26ea2ad1108c,36418,3,hardlink,4c9fbf670fbb8ac2d5df582b5f06b7ff11c744b2441afb53da6d26ea2ad1108c,acquisition,
1255,originals/apho/2008/APhO_2008_S1__5345588c54ee9446.pdf,files/apho/2008/APhO_2008_S1__5345588c54ee9446.pdf,5345588c54ee9446a9ce8b14b6e63f1146315d6dbbeb02a60638cbbf2a7371e7,1671702,6,hardlink,5345588c54ee9446a9ce8b14b6e63f1146315d6dbbeb02a60638cbbf2a7371e7,acquisition,
1256,originals/apho/2008/APhO_2008_Q2__1265cfa1b1439fab.pdf,files/apho/2008/APhO_2008_Q2__1265cfa1b1439fab.pdf,1265cfa1b1439faba020e5a73fd7aa9277a6990a4e62f9400d11cc01b5a3bbf2,991884,3,hardlink,1265cfa1b1439faba020e5a73fd7aa9277a6990a4e62f9400d11cc01b5a3bbf2,acquisition,
1257,originals/apho/2008/APhO_2008_S2__ee38d9c876ec580e.pdf,files/apho/2008/APhO_2008_S2__ee38d9c876ec580e.pdf,ee38d9c876ec580e363908a926d460a496e63eec36a1da3b2ed78132ebb0a6ca,1056354,4,hardlink,ee38d9c876ec580e363908a926d460a496e63eec36a1da3b2ed78132ebb0a6ca,acquisition,
1258,originals/apho/2008/APhO_2008_Q3__1ea1bcbe80c4c275.pdf,files/apho/2008/APhO_2008_Q3__1ea1bcbe80c4c275.pdf,1ea1bcbe80c4c2756041249282d216afa5f8492e41ac225fae6efdbcc744c1d2,435341,3,hardlink,1ea1bcbe80c4c2756041249282d216afa5f8492e41ac225fae6efdbcc744c1d2,acquisition,
1259,originals/apho/2008/APhO_2008_S3__5fc44bae7a4ce551.pdf,files/apho/2008/APhO_2008_S3__5fc44bae7a4ce551.pdf,5fc44bae7a4ce5517d3202b598ae8e336361a9d6ce8d3dae8adb0329ed0edbdd,526176,4,hardlink,5fc44bae7a4ce5517d3202b598ae8e336361a9d6ce8d3dae8adb0329ed0edbdd,acquisition,
126,originals/ipho/2022/IPhO_2022_A1__30f7df8c2d076af5.pdf,files/ipho/2022/IPhO_2022_A1__30f7df8c2d076af5.pdf,30f7df8c2d076af525334995c7a112b5e6ad7ae9de02bc1cd58423ccc2f48612,190115,3,hardlink,30f7df8c2d076af525334995c7a112b5e6ad7ae9de02bc1cd58423ccc2f48612,acquisition,
1260,originals/apho/2008/APhO_2008_Q4__596b055b99b4377a.pdf,files/apho/2008/APhO_2008_Q4__596b055b99b4377a.pdf,596b055b99b4377ae5c5074e26703ee2b5328c65d6ad304dbd76e61795639018,495506,12,hardlink,596b055b99b4377ae5c5074e26703ee2b5328c65d6ad304dbd76e61795639018,acquisition,
1261,originals/apho/2007/APhO_2007_Q1__af4b2772f6a84923.pdf,files/apho/2007/APhO_2007_Q1__af4b2772f6a84923.pdf,af4b2772f6a84923b8a6b4cf33dd4841c5bfe8e04f56c8342bb6b27d487092ac,1274246,3,hardlink,af4b2772f6a84923b8a6b4cf33dd4841c5bfe8e04f56c8342bb6b27d487092ac,acquisition,
1262,originals/apho/2007/APhO_2007_S1__3f181c3feb2baa37.pdf,files/apho/2007/APhO_2007_S1__3f181c3feb2baa37.pdf,3f181c3feb2baa378b39561235cdb9c78abc3de1f7db9d31ed8d92b47b843cfc,477503,4,hardlink,3f181c3feb2baa378b39561235cdb9c78abc3de1f7db9d31ed8d92b47b843cfc,acquisition,
1263,originals/apho/2007/APhO_2007_Q2__b5524a1cb0b32010.pdf,files/apho/2007/APhO_2007_Q2__b5524a1cb0b32010.pdf,b5524a1cb0b32010213be2c92ac3c1525cd6c1c08b94eff35dd295ade875c7a3,247997,6,hardlink,b5524a1cb0b32010213be2c92ac3c1525cd6c1c08b94eff35dd295ade875c7a3,acquisition,
1264,originals/apho/2007/APhO_2007_S2__df8e2a93ff09130c.pdf,files/apho/2007/APhO_2007_S2__df8e2a93ff09130c.pdf,df8e2a93ff09130cd75b32e6aaaf3f5704b3d3b17d1bf924b480b6f08e727635,555476,6,hardlink,df8e2a93ff09130cd75b32e6aaaf3f5704b3d3b17d1bf924b480b6f08e727635,acquisition,
1267,originals/apho/2007/APhO_2007_S4__4fa58d1388272126.pdf,files/apho/2007/APhO_2007_S4__4fa58d1388272126.pdf,4fa58d1388272126188a213ca4dae7712d5740cb38d015b019ea365efca9ddd5,355018,5,hardlink,4fa58d1388272126188a213ca4dae7712d5740cb38d015b019ea365efca9ddd5,acquisition,
1268,originals/apho/2007/APhO_2007_Q4__9a5a8fc5e42668f1.pdf,files/apho/2007/APhO_2007_Q4__9a5a8fc5e42668f1.pdf,9a5a8fc5e42668f17791bc5f2ad2d218497a9cda9f716c45925b9d9c3a62e5f6,1350257,7,hardlink,9a5a8fc5e42668f17791bc5f2ad2d218497a9cda9f716c45925b9d9c3a62e5f6,acquisition,
1269,originals/apho/2007/APhO_2007_S5__a4c1e0b2c667b999.pdf,files/apho/2007/APhO_2007_S5__a4c1e0b2c667b999.pdf,a4c1e0b2c667b999129a50d71c6d732957843a97f37fc793107005b09065d6a0,482737,4,hardlink,a4c1e0b2c667b999129a50d71c6d732957843a97f37fc793107005b09065d6a0,acquisition,
127,originals/ipho/2022/IPhO_2022_Q2__6566f8eff10a5467.pdf,files/ipho/2022/IPhO_2022_Q2__6566f8eff10a5467.pdf,6566f8eff10a54679574c2834ed1d1e9888fe4533a5b6d7f546d061fe53c0337,634609,5,hardlink,6566f8eff10a54679574c2834ed1d1e9888fe4533a5b6d7f546d061fe53c0337,acquisition,
1270,originals/apho/2006/APhO_2006_Q1__3230ce7003d81915.pdf,files/apho/2006/APhO_2006_Q1__3230ce7003d81915.pdf,3230ce7003d819157d23dc1d5d8195a69b7c11518819ea04f3a93567294534d7,186330,3,hardlink,3230ce7003d819157d23dc1d5d8195a69b7c11518819ea04f3a93567294534d7,acquisition,
1271,originals/apho/2007/APhO_2007_Q5__0884a9574361373b.pdf,files/apho/2007/APhO_2007_Q5__0884a9574361373b.pdf,0884a9574361373b5bcbc7b8aa6161e4fea6536ed3a03a1765cc2a41d15311dd,1414073,6,hardlink,0884a9574361373b5bcbc7b8aa6161e4fea6536ed3a03a1765cc2a41d15311dd,acquisition,
1272,originals/apho/2006/APhO_2006_S1__8f1b2ec7d4b9d72f.pdf,files/apho/2006/APhO_2006_S1__8f1b2ec7d4b9d72f.pdf,8f1b2ec7d4b9d72f9b67e7f265edaf8c5c20c07218bb9fd82844620890d2be34,135514,3,hardlink,8f1b2ec7d4b9d72f9b67e7f265edaf8c5c20c07218bb9fd82844620890d2be34,acquisition,
1273,originals/apho/2006/APhO_2006_Q2__9a229d0e841347a9.pdf,files/apho/2006/APhO_2006_Q2__9a229d0e841347a9.pdf,9a229d0e841347a9ec2d8d3fd134c7b59621440fac408b3585a890facbf6e49a,89631,3,hardlink,9a229d0e841347a9ec2d8d3fd134c7b59621440fac408b3585a890facbf6e49a,acquisition,
1274,originals/apho/2006/APhO_2006_Q3__95b2dba89a3294c0.pdf,files/apho/2006/APhO_2006_Q3__95b2dba89a3294c0.pdf,95b2dba89a3294c0522ea50ebfaa70802172261cf624bb454b643f6df7054d2e,134049,2,hardlink,95b2dba89a3294c0522ea50ebfaa70802172261cf624bb454b643f6df7054d2e,acquisition,
1275,originals/apho/2006/APhO_2006_S2__7f912dd1f1d61117.pdf,files/apho/2006/APhO_2006_S2__7f912dd1f1d61117.pdf,7f912dd1f1d611176ba80b3670f50a20a5c0fbd365a81cd8a6610aa89f76b8cc,499160,5,hardlink,7f912dd1f1d611176ba80b3670f50a20a5c0fbd365a81cd8a6610aa89f76b8cc,acquisition,
1276,originals/apho/2006/APhO_2006_S3__90d006a9ccfdbafc.pdf,files/apho/2006/APhO_2006_S3__90d006a9ccfdbafc.pdf,90d006a9ccfdbafc5527c3bd6bff47b451b93f3f29af4ef59f3d9a2d60a4b218,171886,6,hardlink,90d006a9ccfdbafc5527c3bd6bff47b451b93f3f29af4ef59f3d9a2d60a4b218,acquisition,
1277,originals/apho/2006/APhO_2006_Q4__7aa9a7c4ddcc796b.pdf,files/apho/2006/APhO_2006_Q4__7aa9a7c4ddcc796b.pdf,7aa9a7c4ddcc796b3d38f2f5090f996f92f43bd12d29a57b82202ad77aa3d98c,416815,6,hardlink,7aa9a7c4ddcc796b3d38f2f5090f996f92f43bd12d29a57b82202ad77aa3d98c,acquisition,
1278,originals/apho/2005/APhO_2005_Q1__ac661808d11321ed.pdf,files/apho/2005/APhO_2005_Q1__ac661808d11321ed.pdf,ac661808d11321ed845877f5458437f68dc992bab48b6bdf5ccfa4eeefccf618,731368,3,hardlink,ac661808d11321ed845877f5458437f68dc992bab48b6bdf5ccfa4eeefccf618,acquisition,
1279,originals/apho/2005/APhO_2005_S1__ad81c4e399c51630.pdf,files/apho/2005/APhO_2005_S1__ad81c4e399c51630.pdf,ad81c4e399c51630c51d727f0565d8c092458d14e3b8af0b0f467428b09d3432,801901,12,hardlink,ad81c4e399c51630c51d727f0565d8c092458d14e3b8af0b0f467428b09d3432,acquisition,
128,originals/ipho/2022/IPhO_2022_S1__3a7e7e36cfff1b1d.pdf,files/ipho/2022/IPhO_2022_S1__3a7e7e36cfff1b1d.pdf,3a7e7e36cfff1b1ddb9cafd1a0afb1c1482f5282952a8e81c9f1820d3da55c25,3472182,23,hardlink,3a7e7e36cfff1b1ddb9cafd1a0afb1c1482f5282952a8e81c9f1820d3da55c25,acquisition,
1280,originals/apho/2005/APhO_2005_Q2__dd0e8a45cf4ac2c5.pdf,files/apho/2005/APhO_2005_Q2__dd0e8a45cf4ac2c5.pdf,dd0e8a45cf4ac2c5312d7d6a9e8a261bc194a44929906b56a8fc57e0a9ba0f15,305599,5,hardlink,dd0e8a45cf4ac2c5312d7d6a9e8a261bc194a44929906b56a8fc57e0a9ba0f15,acquisition,
1281,originals/apho/2006/APhO_2006_S4__8a9298a0b5100114.pdf,files/apho/2006/APhO_2006_S4__8a9298a0b5100114.pdf,8a9298a0b5100114db3447acb33fb64b7439094d92a94220bf5cbd37dd094323,247514,11,hardlink,8a9298a0b5100114db3447acb33fb64b7439094d92a94220bf5cbd37dd094323,acquisition,
1282,originals/apho/2005/APhO_2005_S2__be64440d0737b94a.pdf,files/apho/2005/APhO_2005_S2__be64440d0737b94a.pdf,be64440d0737b94a054015e54373fb2597f0780d9ac946c3fb9af0b431dcaf12,626446,8,hardlink,be64440d0737b94a054015e54373fb2597f0780d9ac946c3fb9af0b431dcaf12,acquisition,
1283,originals/apho/2005/APhO_2005_Q3__64e7f1ac28099a97.pdf,files/apho/2005/APhO_2005_Q3__64e7f1ac28099a97.pdf,64e7f1ac28099a9774b7e92abf6670dfbf901f7ff936d0c9f5854e91d458b469,325522,5,hardlink,64e7f1ac28099a9774b7e92abf6670dfbf901f7ff936d0c9f5854e91d458b469,acquisition,
1284,originals/apho/2005/APhO_2005_S3__6355b36b2f620deb.pdf,files/apho/2005/APhO_2005_S3__6355b36b2f620deb.pdf,6355b36b2f620deb838d001edaa229d4093eda7c2d5778fa2cc363a9c3d2cead,628199,10,hardlink,6355b36b2f620deb838d001edaa229d4093eda7c2d5778fa2cc363a9c3d2cead,acquisition,
1285,originals/apho/2005/APhO_2005_Q4-5__2aa89255ef70a635.pdf,files/apho/2005/APhO_2005_Q4-5__2aa89255ef70a635.pdf,2aa89255ef70a635b1e8d0f43122fd148f888613254e08939f043ec54c672983,293110,9,hardlink,2aa89255ef70a635b1e8d0f43122fd148f888613254e08939f043ec54c672983,acquisition,
1286,originals/apho/2004/APhO_2004_Q1__ef55525bfb07bc52.pdf,files/apho/2004/APhO_2004_Q1__ef55525bfb07bc52.pdf,ef55525bfb07bc5220c9ba559aac5d62440e633cc5959116cfa652dd2f656139,43895,1,hardlink,ef55525bfb07bc5220c9ba559aac5d62440e633cc5959116cfa652dd2f656139,acquisition,
1287,originals/apho/2004/APhO_2004_S1__fa261d748ed7f107.pdf,files/apho/2004/APhO_2004_S1__fa261d748ed7f107.pdf,fa261d748ed7f107991259e6406c436fe46cd8464ad6efe65329fe4cbd80a3b8,76371,1,hardlink,fa261d748ed7f107991259e6406c436fe46cd8464ad6efe65329fe4cbd80a3b8,acquisition,
1288,originals/apho/2004/APhO_2004_Q2__df0a0d6fc1e3c25c.pdf,files/apho/2004/APhO_2004_Q2__df0a0d6fc1e3c25c.pdf,df0a0d6fc1e3c25cc814fb4a25b6fb4db8c3619932b5d0e28f68fa3a94fc14a6,115573,2,hardlink,df0a0d6fc1e3c25cc814fb4a25b6fb4db8c3619932b5d0e28f68fa3a94fc14a6,acquisition,
1289,originals/apho/2005/APhO_2005_S4-5__c31f77d190c7bb6b.pdf,files/apho/2005/APhO_2005_S4-5__c31f77d190c7bb6b.pdf,c31f77d190c7bb6b88eeb8cfe085ae5aec69d3dff8ac18c8e1772dd37fd6d53e,487967,17,hardlink,c31f77d190c7bb6b88eeb8cfe085ae5aec69d3dff8ac18c8e1772dd37fd6d53e,acquisition,
129,originals/ipho/2022/IPhO_2022_A2__d109fccfec651ce0.pdf,files/ipho/2022/IPhO_2022_A2__d109fccfec651ce0.pdf,d109fccfec651ce01d8f6fc8ffb8260c85dd12c2599311ffaccf9717e25aba42,618568,4,hardlink,d109fccfec651ce01d8f6fc8ffb8260c85dd12c2599311ffaccf9717e25aba42,acquisition,
1290,originals/apho/2004/APhO_2004_S2__ca2fd111724c0b0c.pdf,files/apho/2004/APhO_2004_S2__ca2fd111724c0b0c.pdf,ca2fd111724c0b0c441f5c0e282a08113494f79807c33446d3107c99eea1d4a2,148557,5,hardlink,ca2fd111724c0b0c441f5c0e282a08113494f79807c33446d3107c99eea1d4a2,acquisition,
1291,originals/apho/2004/APhO_2004_Q3__85b27325510c7e63.pdf,files/apho/2004/APhO_2004_Q3__85b27325510c7e63.pdf,85b27325510c7e63ff3bd171bdc4e3657cb3db7da2b0915463b26f28ca754374,163434,2,hardlink,85b27325510c7e63ff3bd171bdc4e3657cb3db7da2b0915463b26f28ca754374,acquisition,
1292,originals/apho/2004/APhO_2004_S3__55146e37f10285b8.pdf,files/apho/2004/APhO_2004_S3__55146e37f10285b8.pdf,55146e37f10285b841637c8ad4d1b544967df3ec1c5d9bdd9984b5f31cfa34cd,159619,4,hardlink,55146e37f10285b841637c8ad4d1b544967df3ec1c5d9bdd9984b5f31cfa34cd,acquisition,
1293,originals/apho/2004/APhO_2004_S4__99f373ffc1bbf524.pdf,files/apho/2004/APhO_2004_S4__99f373ffc1bbf524.pdf,99f373ffc1bbf5244cf4808d5875729fc0c1269020b5f1024748a992e731e1aa,101087,2,hardlink,99f373ffc1bbf5244cf4808d5875729fc0c1269020b5f1024748a992e731e1aa,acquisition,
1294,originals/apho/2004/APhO_2004_Q4__53a8726fe156936b.pdf,files/apho/2004/APhO_2004_Q4__53a8726fe156936b.pdf,53a8726fe156936b693aa05f79a1b005c04211992f0e689254d89f540cae9012,171727,3,hardlink,53a8726fe156936b693aa05f79a1b005c04211992f0e689254d89f540cae9012,acquisition,
1295,originals/apho/2003/APhO_2003_Q1__866c5932c9de8afa.pdf,files/apho/2003/APhO_2003_Q1__866c5932c9de8afa.pdf,866c5932c9de8afab765d0c7867c804db46503d0292f18c1865516b7e936bc87,89725,2,hardlink,866c5932c9de8afab765d0c7867c804db46503d0292f18c1865516b7e936bc87,acquisition,
1296,originals/apho/2004/APhO_2004_S5__2869c2d37d1c685d.pdf,files/apho/2004/APhO_2004_S5__2869c2d37d1c685d.pdf,2869c2d37d1c685daa14ec4e7d231175e3a75b801eb8f38b7e452958c6605877,93533,1,hardlink,2869c2d37d1c685daa14ec4e7d231175e3a75b801eb8f38b7e452958c6605877,acquisition,
1297,originals/apho/2003/APhO_2003_S1__ea3d2bb7e459c914.pdf,files/apho/2003/APhO_2003_S1__ea3d2bb7e459c914.pdf,ea3d2bb7e459c91409de28bf44856552515215ad1836df6c1fe93db7c1547933,85844,2,hardlink,ea3d2bb7e459c91409de28bf44856552515215ad1836df6c1fe93db7c1547933,acquisition,
1298,originals/apho/2004/APhO_2004_Q5__9fd3020eb5986202.pdf,files/apho/2004/APhO_2004_Q5__9fd3020eb5986202.pdf,9fd3020eb5986202b9e82cd734ed137812a33102ff04467def5243fe9876864c,93474,1,hardlink,9fd3020eb5986202b9e82cd734ed137812a33102ff04467def5243fe9876864c,acquisition,
1299,originals/apho/2003/APhO_2003_Q2__05b7fb3b8a2e4930.pdf,files/apho/2003/APhO_2003_Q2__05b7fb3b8a2e4930.pdf,05b7fb3b8a2e4930f11c1051047aba7b108d322b959db7c51d4f049442716548,97162,2,hardlink,05b7fb3b8a2e4930f11c1051047aba7b108d322b959db7c51d4f049442716548,acquisition,
13,originals/ipho/2026/IPhO_2026_S2_tex__cbd961afce77e22c.pdf,files/ipho/2026/IPhO_2026_S2_tex__cbd961afce77e22c.pdf,cbd961afce77e22cf0908718acb482f6262df3016a7a395813ed840bf9e16600,156179,6,hardlink,cbd961afce77e22cf0908718acb482f6262df3016a7a395813ed840bf9e16600,acquisition,
130,originals/ipho/2022/IPhO_2022_Q3__d3fc5f300c6854c3.pdf,files/ipho/2022/IPhO_2022_Q3__d3fc5f300c6854c3.pdf,d3fc5f300c6854c3a0d91554f7c52b9cb54d2bb3b9d15dfcea0a2d38ea983bf6,190159,2,hardlink,d3fc5f300c6854c3a0d91554f7c52b9cb54d2bb3b9d15dfcea0a2d38ea983bf6,acquisition,
1300,originals/apho/2003/APhO_2003_Q3__a982dea02c38d90f.pdf,files/apho/2003/APhO_2003_Q3__a982dea02c38d90f.pdf,a982dea02c38d90fa23f6757c9e78721fc47fe93cac15ec3bab6959d99947582,74218,1,hardlink,a982dea02c38d90fa23f6757c9e78721fc47fe93cac15ec3bab6959d99947582,acquisition,
1301,originals/apho/2003/APhO_2003_S2__c87dcdd4e980ba08.pdf,files/apho/2003/APhO_2003_S2__c87dcdd4e980ba08.pdf,c87dcdd4e980ba08d2031b2c37472f36a7e73482f2c0b02abaed57d90941d83f,89213,3,hardlink,c87dcdd4e980ba08d2031b2c37472f36a7e73482f2c0b02abaed57d90941d83f,acquisition,
1302,originals/apho/2003/APhO_2003_Q4__f0a9f7c1bcc6cc9d.pdf,files/apho/2003/APhO_2003_Q4__f0a9f7c1bcc6cc9d.pdf,f0a9f7c1bcc6cc9d50f7a45b09e3aa37546e44b526e8d72171d57948a59e4037,111652,2,hardlink,f0a9f7c1bcc6cc9d50f7a45b09e3aa37546e44b526e8d72171d57948a59e4037,acquisition,
1303,originals/apho/2003/APhO_2003_S3__b6479fdfa12b0e80.pdf,files/apho/2003/APhO_2003_S3__b6479fdfa12b0e80.pdf,b6479fdfa12b0e804243b82d446af42e99bea3a871d3f067e3e7f3e06af571f4,77458,1,hardlink,b6479fdfa12b0e804243b82d446af42e99bea3a871d3f067e3e7f3e06af571f4,acquisition,
1304,originals/apho/2003/APhO_2003_S4__5f341c2056c7b803.pdf,files/apho/2003/APhO_2003_S4__5f341c2056c7b803.pdf,5f341c2056c7b8031cc54bd1a12274b013c6b86e27ec60485419cc3d017af66c,107291,4,hardlink,5f341c2056c7b8031cc54bd1a12274b013c6b86e27ec60485419cc3d017af66c,acquisition,
1305,originals/apho/2003/APhO_2003_Q5__8595d41b2068a8c6.pdf,files/apho/2003/APhO_2003_Q5__8595d41b2068a8c6.pdf,8595d41b2068a8c62eacbed0f901b237d2b2b408fbf44cee6d456bbd8585576c,173359,3,hardlink,8595d41b2068a8c62eacbed0f901b237d2b2b408fbf44cee6d456bbd8585576c,acquisition,
1306,originals/apho/2003/APhO_2003_S5__b74d0ccdb23cdef9.pdf,files/apho/2003/APhO_2003_S5__b74d0ccdb23cdef9.pdf,b74d0ccdb23cdef9989cca6d8da291696de9c8231efc54079990c860c99feb21,82749,3,hardlink,b74d0ccdb23cdef9989cca6d8da291696de9c8231efc54079990c860c99feb21,acquisition,
1307,originals/apho/2002/APhO_2002_Q1__981410838328b62c.pdf,files/apho/2002/APhO_2002_Q1__981410838328b62c.pdf,981410838328b62c0b98013c1490fc59c285b2c11aa902353c91a9cdf9a5c78d,181814,2,hardlink,981410838328b62c0b98013c1490fc59c285b2c11aa902353c91a9cdf9a5c78d,acquisition,
1308,originals/apho/2002/APhO_2002_S1__44ad1c74ca28193a.pdf,files/apho/2002/APhO_2002_S1__44ad1c74ca28193a.pdf,44ad1c74ca28193a4d918988836b26e03f4aa5d4f8dfeb1b7c9f0a8c7e8fcc39,245574,5,hardlink,44ad1c74ca28193a4d918988836b26e03f4aa5d4f8dfeb1b7c9f0a8c7e8fcc39,acquisition,
1309,originals/apho/2002/APhO_2002_Q2__ea0775fa52fbc491.pdf,files/apho/2002/APhO_2002_Q2__ea0775fa52fbc491.pdf,ea0775fa52fbc4916499bf88ecddb42126d5d195f418c9af91a08a9193e3baf7,236993,3,hardlink,ea0775fa52fbc4916499bf88ecddb42126d5d195f418c9af91a08a9193e3baf7,acquisition,
131,originals/ipho/2022/IPhO_2022_Q4__7210388f1b8aa4d6.pdf,files/ipho/2022/IPhO_2022_Q4__7210388f1b8aa4d6.pdf,7210388f1b8aa4d6de1d8d634d7dccca4556533b5f8b00736c8c65ba7258cff9,360738,3,hardlink,7210388f1b8aa4d6de1d8d634d7dccca4556533b5f8b00736c8c65ba7258cff9,acquisition,
1310,originals/apho/2002/APhO_2002_S2__b764a693b1d5ab19.pdf,files/apho/2002/APhO_2002_S2__b764a693b1d5ab19.pdf,b764a693b1d5ab19cc2b390d03d99181610ea5beafa506fc054a53ec956934ac,166839,8,hardlink,b764a693b1d5ab19cc2b390d03d99181610ea5beafa506fc054a53ec956934ac,acquisition,
1311,originals/apho/2002/APhO_2002_Q3__102355d9c41afe6c.pdf,files/apho/2002/APhO_2002_Q3__102355d9c41afe6c.pdf,102355d9c41afe6cc72d49b0855f519836fc79a7efd3fa3c050f22a4f29e4c90,154683,2,hardlink,102355d9c41afe6cc72d49b0855f519836fc79a7efd3fa3c050f22a4f29e4c90,acquisition,
1312,originals/apho/2002/APhO_2002_S3__fc1bc50cec88b9e7.pdf,files/apho/2002/APhO_2002_S3__fc1bc50cec88b9e7.pdf,fc1bc50cec88b9e79ea04bc86801f628c5dc5f928c3b51fc31dab2a20e983bc1,347479,5,hardlink,fc1bc50cec88b9e79ea04bc86801f628c5dc5f928c3b51fc31dab2a20e983bc1,acquisition,
1313,originals/apho/2002/APhO_2002_Q4__9237fa34f2cc878c.pdf,files/apho/2002/APhO_2002_Q4__9237fa34f2cc878c.pdf,9237fa34f2cc878c674a3108470370185cf1b2089cc68c097b67af56207acd4c,215808,6,hardlink,9237fa34f2cc878c674a3108470370185cf1b2089cc68c097b67af56207acd4c,acquisition,
1314,originals/apho/2002/APhO_2002_A4__4ed1f74d4baa3d6f.pdf,files/apho/2002/APhO_2002_A4__4ed1f74d4baa3d6f.pdf,4ed1f74d4baa3d6ffadf8a26a72054509c70ea62769dab31d863bf7be65224d0,134380,2,hardlink,4ed1f74d4baa3d6ffadf8a26a72054509c70ea62769dab31d863bf7be65224d0,acquisition,
1315,originals/apho/2001/APhO_2001_Q1__85d1986110c33862.pdf,files/apho/2001/APhO_2001_Q1__85d1986110c33862.pdf,85d1986110c33862b2cddbebf188fa15debdf5282b813be3d2cd2dc4aa09e33e,186602,3,hardlink,85d1986110c33862b2cddbebf188fa15debdf5282b813be3d2cd2dc4aa09e33e,acquisition,
1316,originals/apho/2002/APhO_2002_Q5__ef5ca5755edd82c7.pdf,files/apho/2002/APhO_2002_Q5__ef5ca5755edd82c7.pdf,ef5ca5755edd82c709aab080ff826f78e0ec500a0d49662e1fe7c6644d77b7e2,191617,6,hardlink,ef5ca5755edd82c709aab080ff826f78e0ec500a0d49662e1fe7c6644d77b7e2,acquisition,
1317,originals/apho/2002/APhO_2002_S5__07a782e0200a3054.pdf,files/apho/2002/APhO_2002_S5__07a782e0200a3054.pdf,07a782e0200a30547e4844c85abdb3cdddf486427501c347dd241f6761622325,212869,6,hardlink,07a782e0200a30547e4844c85abdb3cdddf486427501c347dd241f6761622325,acquisition,
1318,originals/apho/2001/APhO_2001_S1__2bb897c453e5dc33.pdf,files/apho/2001/APhO_2001_S1__2bb897c453e5dc33.pdf,2bb897c453e5dc339bb6f8816f15d1cf159c4171c3c40fcee8fde3772de326b2,794369,5,hardlink,2bb897c453e5dc339bb6f8816f15d1cf159c4171c3c40fcee8fde3772de326b2,acquisition,
1319,originals/apho/2001/APhO_2001_A1__aa30da6060226d77.pdf,files/apho/2001/APhO_2001_A1__aa30da6060226d77.pdf,aa30da6060226d77b04037bdb80c4c7989d5e95089bf1fa7269b7dafb7c4042f,61321,1,hardlink,aa30da6060226d77b04037bdb80c4c7989d5e95089bf1fa7269b7dafb7c4042f,acquisition,
132,originals/ipho/2022/IPhO_2022_A3__a1d6d2ab223d9e4d.pdf,files/ipho/2022/IPhO_2022_A3__a1d6d2ab223d9e4d.pdf,a1d6d2ab223d9e4d21fafbdcff5b0369b9f279bcb1efdf69bd2c9e1ea3861c75,173445,1,hardlink,a1d6d2ab223d9e4d21fafbdcff5b0369b9f279bcb1efdf69bd2c9e1ea3861c75,acquisition,
1320,originals/apho/2001/APhO_2001_Q2__42f7c646f496ac2e.pdf,files/apho/2001/APhO_2001_Q2__42f7c646f496ac2e.pdf,42f7c646f496ac2ef5ceb1b04e0c233a0e13007848a51ad3c38923814a30d93e,969021,2,hardlink,42f7c646f496ac2ef5ceb1b04e0c233a0e13007848a51ad3c38923814a30d93e,acquisition,
1321,originals/apho/2001/APhO_2001_S2__adeb37b58a99df66.pdf,files/apho/2001/APhO_2001_S2__adeb37b58a99df66.pdf,adeb37b58a99df66980ea7c6374f12aa08f4ee3cd6b2eb205684c57f4a261a0a,611685,4,hardlink,adeb37b58a99df66980ea7c6374f12aa08f4ee3cd6b2eb205684c57f4a261a0a,acquisition,
1322,originals/apho/2001/APhO_2001_A2__29cc6b49ff58cb7b.pdf,files/apho/2001/APhO_2001_A2__29cc6b49ff58cb7b.pdf,29cc6b49ff58cb7b95bff32f11661bc96ed721f0869ce4c13ca0949e273ffd07,91397,2,hardlink,29cc6b49ff58cb7b95bff32f11661bc96ed721f0869ce4c13ca0949e273ffd07,acquisition,
1323,originals/apho/2001/APhO_2001_Q3__cf1af61197c0004b.pdf,files/apho/2001/APhO_2001_Q3__cf1af61197c0004b.pdf,cf1af61197c0004b77ba3108f7ad80fe70401f70fca433bf16d94ddcbb0e19cb,119404,3,hardlink,cf1af61197c0004b77ba3108f7ad80fe70401f70fca433bf16d94ddcbb0e19cb,acquisition,
1324,originals/apho/2001/APhO_2001_M2__77a4404bcc778fe6.pdf,files/apho/2001/APhO_2001_M2__77a4404bcc778fe6.pdf,77a4404bcc778fe68584aed46291406c08a99e9d70eebb867e324210635db1bc,133012,2,hardlink,77a4404bcc778fe68584aed46291406c08a99e9d70eebb867e324210635db1bc,acquisition,
1325,originals/apho/2001/APhO_2001_M1__162741eea10ba457.pdf,files/apho/2001/APhO_2001_M1__162741eea10ba457.pdf,162741eea10ba457e45cd1041905003fa6c658d991a4b245dab86ff21e60f944,148792,2,hardlink,162741eea10ba457e45cd1041905003fa6c658d991a4b245dab86ff21e60f944,acquisition,
1326,originals/apho/2001/APhO_2001_S3__c960b814be6c88ff.pdf,files/apho/2001/APhO_2001_S3__c960b814be6c88ff.pdf,c960b814be6c88ff814f977780244add7ce6e604dbe2604c7bc41599e1474643,501147,4,hardlink,c960b814be6c88ff814f977780244add7ce6e604dbe2604c7bc41599e1474643,acquisition,
1327,originals/apho/2001/APhO_2001_A3__de4424663f17a907.pdf,files/apho/2001/APhO_2001_A3__de4424663f17a907.pdf,de4424663f17a907709fa1ff0f125959b40f80ffbf7730aaf6205cc083eb8570,58266,1,hardlink,de4424663f17a907709fa1ff0f125959b40f80ffbf7730aaf6205cc083eb8570,acquisition,
1328,originals/apho/2001/APhO_2001_Q4__6fcabdb731d44bb1.pdf,files/apho/2001/APhO_2001_Q4__6fcabdb731d44bb1.pdf,6fcabdb731d44bb140a1ca09baa16e51b36dc76dfe5779d5febb58ee0319576d,1244761,7,hardlink,6fcabdb731d44bb140a1ca09baa16e51b36dc76dfe5779d5febb58ee0319576d,acquisition,
1329,originals/apho/2001/APhO_2001_M3__ce5da794aa484b29.pdf,files/apho/2001/APhO_2001_M3__ce5da794aa484b29.pdf,ce5da794aa484b29215d1f6797919aadc726bfc8a48c725eaeabb47e2e5c58cd,86440,1,hardlink,ce5da794aa484b29215d1f6797919aadc726bfc8a48c725eaeabb47e2e5c58cd,acquisition,
133,originals/ipho/2022/IPhO_2022_S4__f7e02e3b79c0a486.pdf,files/ipho/2022/IPhO_2022_S4__f7e02e3b79c0a486.pdf,f7e02e3b79c0a48612aa804c1eefc052ae08ee81a71eadce5c1d57d31da7fa4a,633630,11,hardlink,f7e02e3b79c0a48612aa804c1eefc052ae08ee81a71eadce5c1d57d31da7fa4a,acquisition,
1330,originals/apho/2001/APhO_2001_M4__96b8d630ad5d3009.pdf,files/apho/2001/APhO_2001_M4__96b8d630ad5d3009.pdf,96b8d630ad5d3009f5f2e2ee1bbe11c7cf8d3bcfb142950baf851ba3d6f63213,53030,1,hardlink,96b8d630ad5d3009f5f2e2ee1bbe11c7cf8d3bcfb142950baf851ba3d6f63213,acquisition,
1331,originals/apho/2001/APhO_2001_S4__4284106ce39c115c.pdf,files/apho/2001/APhO_2001_S4__4284106ce39c115c.pdf,4284106ce39c115cc62136b40248787d910d39379d51a4fe0a877317e42b11e0,1019083,7,hardlink,4284106ce39c115cc62136b40248787d910d39379d51a4fe0a877317e42b11e0,acquisition,
1332,originals/apho/2000/APhO_2000_Q1__daec1b705e19e2d6.pdf,files/apho/2000/APhO_2000_Q1__daec1b705e19e2d6.pdf,daec1b705e19e2d6857f9893656cbd70a49b437613152d2eceaee180c8f85122,234697,2,hardlink,daec1b705e19e2d6857f9893656cbd70a49b437613152d2eceaee180c8f85122,acquisition,
1333,originals/apho/2000/APhO_2000_S1__183137e9ea198964.pdf,files/apho/2000/APhO_2000_S1__183137e9ea198964.pdf,183137e9ea198964ae727c5e24c99a9f1fbcb5e9652fd1085672124e12d2e192,242452,4,hardlink,183137e9ea198964ae727c5e24c99a9f1fbcb5e9652fd1085672124e12d2e192,acquisition,
1334,originals/apho/2000/APhO_2000_Q2__5097838bf02005ad.pdf,files/apho/2000/APhO_2000_Q2__5097838bf02005ad.pdf,5097838bf02005ada98bce9a4774317cdb120fee0d8e7cb0a18d3c726619e449,311804,2,hardlink,5097838bf02005ada98bce9a4774317cdb120fee0d8e7cb0a18d3c726619e449,acquisition,
1335,originals/apho/2000/APhO_2000_Q3__523dc75e48a4a7c7.pdf,files/apho/2000/APhO_2000_Q3__523dc75e48a4a7c7.pdf,523dc75e48a4a7c73d4f50cd1df5d9c22cd8a1cf8dcefea20f8beb20eb4a4aec,259544,1,hardlink,523dc75e48a4a7c73d4f50cd1df5d9c22cd8a1cf8dcefea20f8beb20eb4a4aec,acquisition,
1336,originals/apho/2000/APhO_2000_S2__c3446eece256c22f.pdf,files/apho/2000/APhO_2000_S2__c3446eece256c22f.pdf,c3446eece256c22f4ff7a0207636106fb46494e0f8cfba85b738e36b63452803,241931,4,hardlink,c3446eece256c22f4ff7a0207636106fb46494e0f8cfba85b738e36b63452803,acquisition,
1337,originals/apho/2000/APhO_2000_Q4-5__766964415f91c325.pdf,files/apho/2000/APhO_2000_Q4-5__766964415f91c325.pdf,766964415f91c325966c9fc03a4a54db26a6ab1a7cb8551478904b68f0e913bf,25246,4,hardlink,766964415f91c325966c9fc03a4a54db26a6ab1a7cb8551478904b68f0e913bf,acquisition,
1338,originals/apho/2000/APhO_2000_S3__7e532c72a2e82463.pdf,files/apho/2000/APhO_2000_S3__7e532c72a2e82463.pdf,7e532c72a2e82463682d1c7c7c4533b637954fa60e57454cab5e59dcb8b74b86,205282,2,hardlink,7e532c72a2e82463682d1c7c7c4533b637954fa60e57454cab5e59dcb8b74b86,acquisition,
1339,originals/apho/2000/APhO_2000_S4-5__e5198201e36c039a.pdf,files/apho/2000/APhO_2000_S4-5__e5198201e36c039a.pdf,e5198201e36c039a7e08b171fd88cef7bf8a9c9816b8ea2511bfd185d27b0ffc,158649,14,hardlink,e5198201e36c039a7e08b171fd88cef7bf8a9c9816b8ea2511bfd185d27b0ffc,acquisition,
134,originals/ipho/2022/IPhO_2022_Q5__65eafb197a655131.pdf,files/ipho/2022/IPhO_2022_Q5__65eafb197a655131.pdf,65eafb197a655131c934f68673394250c61b0ac25336dc563b4284301de1cd19,330866,3,hardlink,65eafb197a655131c934f68673394250c61b0ac25336dc563b4284301de1cd19,acquisition,
1340,originals/nbpho/2026/NBPhO_2026_Q1-10__d796b6610aec45c7.pdf,files/nbpho/2026/NBPhO_2026_Q1-10__d796b6610aec45c7.pdf,d796b6610aec45c7b0d1b2823b9d19561d94fce424867673a1da481d1b02145e,353229,2,hardlink,d796b6610aec45c7b0d1b2823b9d19561d94fce424867673a1da481d1b02145e,acquisition,
1341,originals/nbpho/2026/NBPhO_2026_S1-10__6df4a2f9630e9710.pdf,files/nbpho/2026/NBPhO_2026_S1-10__6df4a2f9630e9710.pdf,6df4a2f9630e971034e2d6f4141b1e5bfa0816ee7b61c7b0e658996e1c26f457,695330,14,hardlink,6df4a2f9630e971034e2d6f4141b1e5bfa0816ee7b61c7b0e658996e1c26f457,acquisition,
1343,originals/nbpho/2026/NBPhO_2026_S1__30aaf34e8e9f3eed.pdf,files/nbpho/2026/NBPhO_2026_S1__30aaf34e8e9f3eed.pdf,30aaf34e8e9f3eed03e0148e4f76e9788a4af9d350b5bce98fd8cdbb72ca9527,147488,4,hardlink,30aaf34e8e9f3eed03e0148e4f76e9788a4af9d350b5bce98fd8cdbb72ca9527,acquisition,
1344,originals/nbpho/2026/NBPhO_2026_Q1_tex__a7b8dcf4871d3061.zip,files/nbpho/2026/NBPhO_2026_Q1_tex__a7b8dcf4871d3061.zip,a7b8dcf4871d3061b87fa7511754cea84694d8c40b6b3b133559ba67bf24df22,8380,,hardlink,a7b8dcf4871d3061b87fa7511754cea84694d8c40b6b3b133559ba67bf24df22,acquisition,
1346,originals/nbpho/2026/2026-1__ea5fb69c60667558.tex,files/nbpho/2026/2026-1__ea5fb69c60667558.tex,ea5fb69c60667558d3aec0fc2cdb1eab93d3a0dcc9a7416a23cb506e6a6488c2,1009,,hardlink,ea5fb69c60667558d3aec0fc2cdb1eab93d3a0dcc9a7416a23cb506e6a6488c2,acquisition,
1348,originals/nbpho/2026/NBPhO_2026_S2__3ffd0be55e536ffc.pdf,files/nbpho/2026/NBPhO_2026_S2__3ffd0be55e536ffc.pdf,3ffd0be55e536ffc67198a508af3eb207b2eb5de0cf259dbc34d2c5dc687cff7,74578,4,hardlink,3ffd0be55e536ffc67198a508af3eb207b2eb5de0cf259dbc34d2c5dc687cff7,acquisition,
135,originals/ipho/2022/IPhO_2022_A4__ddcda9159d0b1280.pdf,files/ipho/2022/IPhO_2022_A4__ddcda9159d0b1280.pdf,ddcda9159d0b128080ce45947e84627d938d6f4c65bf7738549065ed75d3397c,229887,15,hardlink,ddcda9159d0b128080ce45947e84627d938d6f4c65bf7738549065ed75d3397c,acquisition,
1350,originals/nbpho/2026/NBPhO_2026_Q3_tex__07e64041b15c8a06.zip,files/nbpho/2026/NBPhO_2026_Q3_tex__07e64041b15c8a06.zip,07e64041b15c8a06c5ac7b545c6d1ff7e469f9881d1d3672ab1d0b212f250b89,1421,,hardlink,07e64041b15c8a06c5ac7b545c6d1ff7e469f9881d1d3672ab1d0b212f250b89,acquisition,
1351,originals/nbpho/2026/NBPhO_2026_S3__315d190271d39361.pdf,files/nbpho/2026/NBPhO_2026_S3__315d190271d39361.pdf,315d190271d3936101148adf9cf23c912f2dcdcca4ed72ad40b01b10809042d5,123089,4,hardlink,315d190271d3936101148adf9cf23c912f2dcdcca4ed72ad40b01b10809042d5,acquisition,
1353,originals/nbpho/2026/2026-3__1b0286e426865175.tex,files/nbpho/2026/2026-3__1b0286e426865175.tex,1b0286e426865175b4903aa42412e116b7755f23175ac87b97efd0a71637e614,1428,,hardlink,1b0286e426865175b4903aa42412e116b7755f23175ac87b97efd0a71637e614,acquisition,
1355,originals/nbpho/2026/NBPhO_2026_S4__80687e03a56a3969.pdf,files/nbpho/2026/NBPhO_2026_S4__80687e03a56a3969.pdf,80687e03a56a39697c95adce208306260c78e1e2f6f2150414e8de6fabaa0f99,218365,7,hardlink,80687e03a56a39697c95adce208306260c78e1e2f6f2150414e8de6fabaa0f99,acquisition,
1357,originals/nbpho/2026/NBPhO_2026_S5__9a1d63e6313942be.pdf,files/nbpho/2026/NBPhO_2026_S5__9a1d63e6313942be.pdf,9a1d63e6313942be9e93711a28d43c8c7de7fbadf7d36ec4b021ba5802867127,142001,6,hardlink,9a1d63e6313942be9e93711a28d43c8c7de7fbadf7d36ec4b021ba5802867127,acquisition,
1358,originals/nbpho/2026/NBPhO_2026_S6__8fdbe6f6b766fff8.pdf,files/nbpho/2026/NBPhO_2026_S6__8fdbe6f6b766fff8.pdf,8fdbe6f6b766fff86ace8e40df5f36c9801fa4f0dee664d2d8c74d54c41451a7,69910,3,hardlink,8fdbe6f6b766fff86ace8e40df5f36c9801fa4f0dee664d2d8c74d54c41451a7,acquisition,
136,originals/ipho/2022/IPhO_2022_A5__516203bd44428b8e.pdf,files/ipho/2022/IPhO_2022_A5__516203bd44428b8e.pdf,516203bd44428b8e2f62f996a33c98838625111d89dfd1d4fe7a57a3beadcf7a,233064,13,hardlink,516203bd44428b8e2f62f996a33c98838625111d89dfd1d4fe7a57a3beadcf7a,acquisition,
1360,originals/nbpho/2026/NBPhO_2026_Q6_tex__305e153efa0ad5ff.zip,files/nbpho/2026/NBPhO_2026_Q6_tex__305e153efa0ad5ff.zip,305e153efa0ad5ff7688dc2bf6ca75f047b4f8e3deb07d7c00facad6b604e499,6601,,hardlink,305e153efa0ad5ff7688dc2bf6ca75f047b4f8e3deb07d7c00facad6b604e499,acquisition,
1362,originals/nbpho/2026/2026-6__abd4e2f31aced3f8.tex,files/nbpho/2026/2026-6__abd4e2f31aced3f8.tex,abd4e2f31aced3f8668d6779a513d69959ee733dc5027454ac1108f647e66d85,876,,hardlink,abd4e2f31aced3f8668d6779a513d69959ee733dc5027454ac1108f647e66d85,acquisition,
1364,originals/nbpho/2026/NBPhO_2026_S7__358fe0fe45bbb59b.pdf,files/nbpho/2026/NBPhO_2026_S7__358fe0fe45bbb59b.pdf,358fe0fe45bbb59b148d6d0888d69d1ccff8ded591e55f51aab23739379cd855,82878,3,hardlink,358fe0fe45bbb59b148d6d0888d69d1ccff8ded591e55f51aab23739379cd855,acquisition,
1365,originals/nbpho/2026/2026-7__457ffb75d3f73bdf.tex,files/nbpho/2026/2026-7__457ffb75d3f73bdf.tex,457ffb75d3f73bdfeb3680a54f9e1b90a0a27f929ca332e5d7e4ce5c66fce071,2370,,hardlink,457ffb75d3f73bdfeb3680a54f9e1b90a0a27f929ca332e5d7e4ce5c66fce071,acquisition,
1368,originals/nbpho/2026/NBPhO_2026_S9__325eca80a1c6f35a.pdf,files/nbpho/2026/NBPhO_2026_S9__325eca80a1c6f35a.pdf,325eca80a1c6f35a942729d85ffaf3db3b582028c77f5ea675b20ab837a62783,88365,6,hardlink,325eca80a1c6f35a942729d85ffaf3db3b582028c77f5ea675b20ab837a62783,acquisition,
1369,originals/nbpho/2026/NBPhO_2026_S8__7808af6f9d42a2b8.pdf,files/nbpho/2026/NBPhO_2026_S8__7808af6f9d42a2b8.pdf,7808af6f9d42a2b81c3e920fa1a2d174a4a11885f5e0673b3d29fda503328860,80465,4,hardlink,7808af6f9d42a2b81c3e920fa1a2d174a4a11885f5e0673b3d29fda503328860,acquisition,
137,originals/ipho/2021/IPhO_2021_Q1__f37517d2efa23f5d.pdf,files/ipho/2021/IPhO_2021_Q1__f37517d2efa23f5d.pdf,f37517d2efa23f5d2b7c1426452bb6af43302aba01ba5c2fb516ca4e763342c1,186420,4,hardlink,f37517d2efa23f5d2b7c1426452bb6af43302aba01ba5c2fb516ca4e763342c1,acquisition,
1371,originals/nbpho/2025/NBPhO_2025_Q1-9__7bfabeda6bfa4d22.pdf,files/nbpho/2025/NBPhO_2025_Q1-9__7bfabeda6bfa4d22.pdf,7bfabeda6bfa4d228ed457fe6343a5dc10470b92d75c940f38c7b3533dd9191e,104014,2,hardlink,7bfabeda6bfa4d228ed457fe6343a5dc10470b92d75c940f38c7b3533dd9191e,acquisition,
1372,originals/nbpho/2026/NBPhO_2026_S10__b276b12ac446018f.pdf,files/nbpho/2026/NBPhO_2026_S10__b276b12ac446018f.pdf,b276b12ac446018feed9448f5738dcd72d73ea540e8e0341af219586965b5204,90122,7,hardlink,b276b12ac446018feed9448f5738dcd72d73ea540e8e0341af219586965b5204,acquisition,
1373,originals/nbpho/2025/NBPhO_2025_S1-9__db40e4c393d588c4.pdf,files/nbpho/2025/NBPhO_2025_S1-9__db40e4c393d588c4.pdf,db40e4c393d588c47c62d10ec2557843d840dd51c28b0ad8dc7b4ef5da45cd6b,362290,10,hardlink,db40e4c393d588c47c62d10ec2557843d840dd51c28b0ad8dc7b4ef5da45cd6b,acquisition,
1374,originals/nbpho/2025/NBPhO_2025_S1__e5deb028c38749d7.pdf,files/nbpho/2025/NBPhO_2025_S1__e5deb028c38749d7.pdf,e5deb028c38749d75a9dcfe3c52d5007464b09f529cdee5cf3fa129a2495dec7,71782,4,hardlink,e5deb028c38749d75a9dcfe3c52d5007464b09f529cdee5cf3fa129a2495dec7,acquisition,
1378,originals/nbpho/2025/NBPhO_2025_S2__c61cde018e47f367.pdf,files/nbpho/2025/NBPhO_2025_S2__c61cde018e47f367.pdf,c61cde018e47f36796c99648c79ce83955eba861e984af3fd536ca2cfeb2af29,105911,4,hardlink,c61cde018e47f36796c99648c79ce83955eba861e984af3fd536ca2cfeb2af29,acquisition,
1379,originals/nbpho/2025/NBPhO_2025_S3__f48cb8fd7458294f.pdf,files/nbpho/2025/NBPhO_2025_S3__f48cb8fd7458294f.pdf,f48cb8fd7458294fd887045868a1cfaf556d9f6d57788de7bb2ab19829e5c788,114556,3,hardlink,f48cb8fd7458294fd887045868a1cfaf556d9f6d57788de7bb2ab19829e5c788,acquisition,
1381,originals/nbpho/2025/NBPhO_2025_S5__22310f66de885057.pdf,files/nbpho/2025/NBPhO_2025_S5__22310f66de885057.pdf,22310f66de885057794c954b40487d4113b7e9efeca9bf60860f655f4d8cd13e,105735,5,hardlink,22310f66de885057794c954b40487d4113b7e9efeca9bf60860f655f4d8cd13e,acquisition,
1383,originals/nbpho/2025/NBPhO_2025_S4__3f773d11aa35e8dc.pdf,files/nbpho/2025/NBPhO_2025_S4__3f773d11aa35e8dc.pdf,3f773d11aa35e8dc70cd9b34fdef50a00fba9139492c6b646ed7f790e87c0dd3,83595,4,hardlink,3f773d11aa35e8dc70cd9b34fdef50a00fba9139492c6b646ed7f790e87c0dd3,acquisition,
1385,originals/nbpho/2025/NBPhO_2025_S6__952421908a1ec21f.pdf,files/nbpho/2025/NBPhO_2025_S6__952421908a1ec21f.pdf,952421908a1ec21fba26922def2421423f160f542711a05dba1c2bc94f118b3d,42317,1,hardlink,952421908a1ec21fba26922def2421423f160f542711a05dba1c2bc94f118b3d,acquisition,
1387,originals/nbpho/2025/NBPhO_2025_S7__6853baba5f430956.pdf,files/nbpho/2025/NBPhO_2025_S7__6853baba5f430956.pdf,6853baba5f430956b77a22ece86658cd53684a86bc8a6dfba1724d3c7a4b11cb,72817,2,hardlink,6853baba5f430956b77a22ece86658cd53684a86bc8a6dfba1724d3c7a4b11cb,acquisition,
1389,originals/nbpho/2025/NBPhO_2025_S8__07a9922bc7901344.pdf,files/nbpho/2025/NBPhO_2025_S8__07a9922bc7901344.pdf,07a9922bc79013449e59975326b07f3de42ea457932e830e8d595a2751687c60,186200,5,hardlink,07a9922bc79013449e59975326b07f3de42ea457932e830e8d595a2751687c60,acquisition,
1391,originals/nbpho/2024/NBPhO_2024_Q1-10__026684ae911ce3cb.pdf,files/nbpho/2024/NBPhO_2024_Q1-10__026684ae911ce3cb.pdf,026684ae911ce3cb5a24a97a685857a19c1b6f065af4559f91b784bcd66059a9,128187,2,hardlink,026684ae911ce3cb5a24a97a685857a19c1b6f065af4559f91b784bcd66059a9,acquisition,
1392,originals/nbpho/2024/NBPhO_2024_S1-10__5bf977dce3720c5f.pdf,files/nbpho/2024/NBPhO_2024_S1-10__5bf977dce3720c5f.pdf,5bf977dce3720c5ff784cf8dce6c369cc0b05a8a661c84d1da78512d9f5c23f2,254036,8,hardlink,5bf977dce3720c5ff784cf8dce6c369cc0b05a8a661c84d1da78512d9f5c23f2,acquisition,
1393,originals/nbpho/2025/NBPhO_2025_S9__b416f3ebb1a82882.pdf,files/nbpho/2025/NBPhO_2025_S9__b416f3ebb1a82882.pdf,b416f3ebb1a8288266d8551746cc9d00ce384396b17f743cbf24631cc7733c86,127038,10,hardlink,b416f3ebb1a8288266d8551746cc9d00ce384396b17f743cbf24631cc7733c86,acquisition,
1395,originals/nbpho/2024/NBPhO_2024_S1__15f6b0ad5befd27f.pdf,files/nbpho/2024/NBPhO_2024_S1__15f6b0ad5befd27f.pdf,15f6b0ad5befd27f344a16148c003f04c6f4eb56965733b3d7fdc7ce139f7b88,114073,5,hardlink,15f6b0ad5befd27f344a16148c003f04c6f4eb56965733b3d7fdc7ce139f7b88,acquisition,
1398,originals/nbpho/2024/NBPhO_2024_S2__ae4c5ac256f3bfa2.pdf,files/nbpho/2024/NBPhO_2024_S2__ae4c5ac256f3bfa2.pdf,ae4c5ac256f3bfa2027d06f4d3b98c17dcd76150624d6d8393ec4817d36cfdf5,73971,3,hardlink,ae4c5ac256f3bfa2027d06f4d3b98c17dcd76150624d6d8393ec4817d36cfdf5,acquisition,
1399,originals/nbpho/2024/NBPhO_2024_S3__f12a61c9a0c5ea7f.pdf,files/nbpho/2024/NBPhO_2024_S3__f12a61c9a0c5ea7f.pdf,f12a61c9a0c5ea7f62f9a902a089665fdbc4ce01a9a3fbbdce25f272c1ca2ce0,72304,4,hardlink,f12a61c9a0c5ea7f62f9a902a089665fdbc4ce01a9a3fbbdce25f272c1ca2ce0,acquisition,
14,originals/ipho/2026/IPhO_2026_Q3__1fc6e246a0f1a369.pdf,files/ipho/2026/IPhO_2026_Q3__1fc6e246a0f1a369.pdf,1fc6e246a0f1a369719f5bd39bfc12f7b665353be84a91485c8643370330b224,464094,4,hardlink,1fc6e246a0f1a369719f5bd39bfc12f7b665353be84a91485c8643370330b224,acquisition,
140,originals/ipho/2021/IPhO_2021_S1__aa13de734a87886a.pdf,files/ipho/2021/IPhO_2021_S1__aa13de734a87886a.pdf,aa13de734a87886a58f99b95e00ae4c1e7c93404b7ec4f742179170886767392,319957,6,hardlink,aa13de734a87886a58f99b95e00ae4c1e7c93404b7ec4f742179170886767392,acquisition,
1402,originals/nbpho/2024/NBPhO_2024_S4__87275419a8d39ea9.pdf,files/nbpho/2024/NBPhO_2024_S4__87275419a8d39ea9.pdf,87275419a8d39ea960779d11b3d2efb7733e988e8edf80a5ce198b2b00164e8a,71699,4,hardlink,87275419a8d39ea960779d11b3d2efb7733e988e8edf80a5ce198b2b00164e8a,acquisition,
1403,originals/nbpho/2024/NBPhO_2024_S5__0418e8cc30d961d4.pdf,files/nbpho/2024/NBPhO_2024_S5__0418e8cc30d961d4.pdf,0418e8cc30d961d4d67d6b74bca6cedc0316ac5aefd00991b28ae6efe947aa4a,89991,3,hardlink,0418e8cc30d961d4d67d6b74bca6cedc0316ac5aefd00991b28ae6efe947aa4a,acquisition,
1404,originals/nbpho/2024/NBPhO_2024_S6__3be9f3a2700145f8.pdf,files/nbpho/2024/NBPhO_2024_S6__3be9f3a2700145f8.pdf,3be9f3a2700145f83f913d37ad63d063dda257841cc9dbeb6a8037a258bbe981,121999,5,hardlink,3be9f3a2700145f83f913d37ad63d063dda257841cc9dbeb6a8037a258bbe981,acquisition,
1407,originals/nbpho/2024/NBPhO_2024_S7__93a8e0ce74321ef5.pdf,files/nbpho/2024/NBPhO_2024_S7__93a8e0ce74321ef5.pdf,93a8e0ce74321ef5d1cf6ddf1ddf3ba078444fb29955f28f934f2b39aa15a2c8,59322,1,hardlink,93a8e0ce74321ef5d1cf6ddf1ddf3ba078444fb29955f28f934f2b39aa15a2c8,acquisition,
1409,originals/nbpho/2024/NBPhO_2024_S8__e4fe92f51be73888.pdf,files/nbpho/2024/NBPhO_2024_S8__e4fe92f51be73888.pdf,e4fe92f51be738885425e81e8992562ca0bba687fe2f696ce3842773f7c9920a,80914,2,hardlink,e4fe92f51be738885425e81e8992562ca0bba687fe2f696ce3842773f7c9920a,acquisition,
141,originals/ipho/2021/IPhO_2021_Q2__7c90dde74ecbae90.pdf,files/ipho/2021/IPhO_2021_Q2__7c90dde74ecbae90.pdf,7c90dde74ecbae904c90324acf177348b68ef8f5b00b865e890bd5a3cf296a2f,159750,4,hardlink,7c90dde74ecbae904c90324acf177348b68ef8f5b00b865e890bd5a3cf296a2f,acquisition,
1412,originals/nbpho/2024/NBPhO_2024_S9__e58eddb701b9a95f.pdf,files/nbpho/2024/NBPhO_2024_S9__e58eddb701b9a95f.pdf,e58eddb701b9a95ff808e5bd130c2dca4808fc86c1c2bc19f1341b8a4a714ccc,60713,2,hardlink,e58eddb701b9a95ff808e5bd130c2dca4808fc86c1c2bc19f1341b8a4a714ccc,acquisition,
1413,originals/nbpho/2023/NBPhO_2023_Q1-9__cd981b012c3531b8.pdf,files/nbpho/2023/NBPhO_2023_Q1-9__cd981b012c3531b8.pdf,cd981b012c3531b8b7da372c6d4812aaaba466d1a254b1ec83e3837f3e62fea6,190397,2,hardlink,cd981b012c3531b8b7da372c6d4812aaaba466d1a254b1ec83e3837f3e62fea6,acquisition,
1414,originals/nbpho/2024/NBPhO_2024_S10__985a29d7d982bc77.pdf,files/nbpho/2024/NBPhO_2024_S10__985a29d7d982bc77.pdf,985a29d7d982bc7753d89a7ea1f62d465fe58ddc715cca93e9f8f7455e58b2a8,60425,4,hardlink,985a29d7d982bc7753d89a7ea1f62d465fe58ddc715cca93e9f8f7455e58b2a8,acquisition,
1415,originals/nbpho/2023/NBPhO_2023_S1-9__16aee1b44c3d3384.pdf,files/nbpho/2023/NBPhO_2023_S1-9__16aee1b44c3d3384.pdf,16aee1b44c3d3384a438b0312799eabb04ff0c2722b382706ad1dc2a30c3cc01,419879,9,hardlink,16aee1b44c3d3384a438b0312799eabb04ff0c2722b382706ad1dc2a30c3cc01,acquisition,
1416,originals/nbpho/2023/NBPhO_2023_S1__e254acc07487f5d5.pdf,files/nbpho/2023/NBPhO_2023_S1__e254acc07487f5d5.pdf,e254acc07487f5d5db5e0eab04108714b5fe74a5295680d58a8c58c0dd522d97,111736,6,hardlink,e254acc07487f5d5db5e0eab04108714b5fe74a5295680d58a8c58c0dd522d97,acquisition,
1417,originals/nbpho/2023/NBPhO_2023_Q1_tex__278bd12f8df06eaa.zip,files/nbpho/2023/NBPhO_2023_Q1_tex__278bd12f8df06eaa.zip,278bd12f8df06eaa24d38667b76536571edc3ed46d2bcfcb4193f3b53a0fd4c9,25100,,hardlink,278bd12f8df06eaa24d38667b76536571edc3ed46d2bcfcb4193f3b53a0fd4c9,acquisition,
142,originals/ipho/2021/IPhO_2021_A1__2592ac539817fabb.pdf,files/ipho/2021/IPhO_2021_A1__2592ac539817fabb.pdf,2592ac539817fabb79a9cd00eceeeb851277a1bf8fd1f692998ea925a9499277,56911,2,hardlink,2592ac539817fabb79a9cd00eceeeb851277a1bf8fd1f692998ea925a9499277,acquisition,
1420,originals/nbpho/2023/NBPhO_2023_S1_tex__d408d566fc8c5d56.pdf,files/nbpho/2023/NBPhO_2023_S1_tex__d408d566fc8c5d56.pdf,d408d566fc8c5d56c6f07805735703bbfa0f397bb568762c635cf1f882a38248,75667,4,hardlink,d408d566fc8c5d56c6f07805735703bbfa0f397bb568762c635cf1f882a38248,acquisition,
1421,originals/nbpho/2023/2023-1__22f1e4aed69945df.tex,files/nbpho/2023/2023-1__22f1e4aed69945df.tex,22f1e4aed69945df8bb4d23b3d88299c2f765224a5f06914f0e04dce709deff0,2221,,hardlink,22f1e4aed69945df8bb4d23b3d88299c2f765224a5f06914f0e04dce709deff0,acquisition,
1422,originals/nbpho/2023/NBPhO_2023_S2__7898fc962947f82f.pdf,files/nbpho/2023/NBPhO_2023_S2__7898fc962947f82f.pdf,7898fc962947f82f87f90c25524a8d13a3f20ac601b6724e6bb20412a58f7ae4,80584,4,hardlink,7898fc962947f82f87f90c25524a8d13a3f20ac601b6724e6bb20412a58f7ae4,acquisition,
1425,originals/nbpho/2023/NBPhO_2023_Q2_tex__1b409a7eba22b4a3.zip,files/nbpho/2023/NBPhO_2023_Q2_tex__1b409a7eba22b4a3.zip,1b409a7eba22b4a33b26573ed53911effc9b853d3f494f9142445cffdca685a8,46515,,hardlink,1b409a7eba22b4a33b26573ed53911effc9b853d3f494f9142445cffdca685a8,acquisition,
1426,originals/nbpho/2023/NBPhO_2023_S2_tex__f7196dae6be37558.pdf,files/nbpho/2023/NBPhO_2023_S2_tex__f7196dae6be37558.pdf,f7196dae6be375583510dd94c4f4964cc7f32ff52ef88e7b5db50752a20431ac,69408,3,hardlink,f7196dae6be375583510dd94c4f4964cc7f32ff52ef88e7b5db50752a20431ac,acquisition,
1427,originals/nbpho/2023/2023-2__f7e434dc6c73bc2e.tex,files/nbpho/2023/2023-2__f7e434dc6c73bc2e.tex,f7e434dc6c73bc2ecb6ac712afce8504c283a443dc4060d7ad8485d9a94400f0,2192,,hardlink,f7e434dc6c73bc2ecb6ac712afce8504c283a443dc4060d7ad8485d9a94400f0,acquisition,
1429,originals/nbpho/2023/NBPhO_2023_S3__95b0e880457a63b1.pdf,files/nbpho/2023/NBPhO_2023_S3__95b0e880457a63b1.pdf,95b0e880457a63b1be89ee5967f5be3d1fb941b20887eed8f2859f9f3d45a0e9,286887,3,hardlink,95b0e880457a63b1be89ee5967f5be3d1fb941b20887eed8f2859f9f3d45a0e9,acquisition,
143,originals/ipho/2021/IPhO_2021_S2__26a1fdb2a4987f40.pdf,files/ipho/2021/IPhO_2021_S2__26a1fdb2a4987f40.pdf,26a1fdb2a4987f4062a46468afb8e3a4516f5c6daa563632138cd0b33c548e0a,441749,9,hardlink,26a1fdb2a4987f4062a46468afb8e3a4516f5c6daa563632138cd0b33c548e0a,acquisition,
1430,originals/nbpho/2023/NBPhO_2023_Q3_tex__51956cb32522354d.zip,files/nbpho/2023/NBPhO_2023_Q3_tex__51956cb32522354d.zip,51956cb32522354d7d3e17ec781f063bb016ccafeda3a87efd8d88c204a16275,72608,,hardlink,51956cb32522354d7d3e17ec781f063bb016ccafeda3a87efd8d88c204a16275,acquisition,
1432,originals/nbpho/2023/2023-3__fe795d3b0a7dea74.tex,files/nbpho/2023/2023-3__fe795d3b0a7dea74.tex,fe795d3b0a7dea74e30cf719006b19dedf3ac3bc86bbdb036403eb2dbe469e2b,1992,,hardlink,fe795d3b0a7dea74e30cf719006b19dedf3ac3bc86bbdb036403eb2dbe469e2b,acquisition,
1434,originals/nbpho/2023/NBPhO_2023_S4__32e951ab559041db.pdf,files/nbpho/2023/NBPhO_2023_S4__32e951ab559041db.pdf,32e951ab559041db81c26c80ee9f03203226b69b7527374c9657770250517c6c,233543,7,hardlink,32e951ab559041db81c26c80ee9f03203226b69b7527374c9657770250517c6c,acquisition,
1435,originals/nbpho/2023/NBPhO_2023_Q4_tex__1d0e97e34ebb3155.zip,files/nbpho/2023/NBPhO_2023_Q4_tex__1d0e97e34ebb3155.zip,1d0e97e34ebb31552a2417829e0a5d6d000ba120feb6cff8a3c6527555932b35,1184,,hardlink,1d0e97e34ebb31552a2417829e0a5d6d000ba120feb6cff8a3c6527555932b35,acquisition,
1437,originals/nbpho/2023/2023-4__ef288bb9d4bb797d.tex,files/nbpho/2023/2023-4__ef288bb9d4bb797d.tex,ef288bb9d4bb797d2ed23519c6dd2bc487f381e35cd0d8ab3c64d55df14ba77f,873,,hardlink,ef288bb9d4bb797d2ed23519c6dd2bc487f381e35cd0d8ab3c64d55df14ba77f,acquisition,
1439,originals/nbpho/2023/NBPhO_2023_Q5_tex__c5f30b0666768868.zip,files/nbpho/2023/NBPhO_2023_Q5_tex__c5f30b0666768868.zip,c5f30b06667688681399fd930a3828c919ba6b8eedd9f4cbc9dacd587afba189,28647,,hardlink,c5f30b06667688681399fd930a3828c919ba6b8eedd9f4cbc9dacd587afba189,acquisition,
144,originals/ipho/2021/IPhO_2021_Q3__c065e99f72751b1f.pdf,files/ipho/2021/IPhO_2021_Q3__c065e99f72751b1f.pdf,c065e99f72751b1f7e544c95516ba292aecc2f3320d42b25b96e7faf7c5750b4,486169,5,hardlink,c065e99f72751b1f7e544c95516ba292aecc2f3320d42b25b96e7faf7c5750b4,acquisition,
1441,originals/nbpho/2023/NBPhO_2023_S5__d591741321a8c439.pdf,files/nbpho/2023/NBPhO_2023_S5__d591741321a8c439.pdf,d591741321a8c439d1394941d6f169a3e82ed21e11813ffdfa6ad4c771109dc5,57203,2,hardlink,d591741321a8c439d1394941d6f169a3e82ed21e11813ffdfa6ad4c771109dc5,acquisition,
1442,originals/nbpho/2023/2023-5__4533f057ad7dfdb4.tex,files/nbpho/2023/2023-5__4533f057ad7dfdb4.tex,4533f057ad7dfdb488a6423a2043709310fff4c97b804969b7141c3b093201c1,1879,,hardlink,4533f057ad7dfdb488a6423a2043709310fff4c97b804969b7141c3b093201c1,acquisition,
1444,originals/nbpho/2023/NBPhO_2023_S6__478e32fbcecf8c60.pdf,files/nbpho/2023/NBPhO_2023_S6__478e32fbcecf8c60.pdf,478e32fbcecf8c6065db4f0d6ed718db471adcb2d8214471389bb3766fd09f97,64594,2,hardlink,478e32fbcecf8c6065db4f0d6ed718db471adcb2d8214471389bb3766fd09f97,acquisition,
1445,originals/nbpho/2023/NBPhO_2023_Q6_tex__0095b3d6fc846d1f.zip,files/nbpho/2023/NBPhO_2023_Q6_tex__0095b3d6fc846d1f.zip,0095b3d6fc846d1f5729c1167ee7f099154ebab8af6989a9c3959fbfcba6cad6,6036,,hardlink,0095b3d6fc846d1f5729c1167ee7f099154ebab8af6989a9c3959fbfcba6cad6,acquisition,
1447,originals/nbpho/2023/2023-6__bd1d04f9bbfa1e17.tex,files/nbpho/2023/2023-6__bd1d04f9bbfa1e17.tex,bd1d04f9bbfa1e17e794c6444cd70b08a3399f6151dc1b89ed568bd89d9bc081,882,,hardlink,bd1d04f9bbfa1e17e794c6444cd70b08a3399f6151dc1b89ed568bd89d9bc081,acquisition,
1448,originals/nbpho/2023/NBPhO_2023_S7__c655750bc6e58745.pdf,files/nbpho/2023/NBPhO_2023_S7__c655750bc6e58745.pdf,c655750bc6e5874513984758c7017fad8a912c087fb40ba147e5dcf8935ad272,76332,3,hardlink,c655750bc6e5874513984758c7017fad8a912c087fb40ba147e5dcf8935ad272,acquisition,
145,originals/ipho/2021/IPhO_2021_A2__275cc81acf0504ea.pdf,files/ipho/2021/IPhO_2021_A2__275cc81acf0504ea.pdf,275cc81acf0504ea6cc4c36159cbdabffcfc3f0254f4032c732d24d32d37e208,64411,3,hardlink,275cc81acf0504ea6cc4c36159cbdabffcfc3f0254f4032c732d24d32d37e208,acquisition,
1450,originals/nbpho/2023/NBPhO_2023_Q7_tex__1c43ca6473c8ba40.zip,files/nbpho/2023/NBPhO_2023_Q7_tex__1c43ca6473c8ba40.zip,1c43ca6473c8ba404bb7e3106920deac59bf8f730e614d11544b820713b66eb9,1415,,hardlink,1c43ca6473c8ba404bb7e3106920deac59bf8f730e614d11544b820713b66eb9,acquisition,
1451,originals/nbpho/2023/2023-7__0a3f8fb84388b15d.tex,files/nbpho/2023/2023-7__0a3f8fb84388b15d.tex,0a3f8fb84388b15d0ca0480979933796ea1be389ac3f983294d6abc6febb3dc4,1489,,hardlink,0a3f8fb84388b15d0ca0480979933796ea1be389ac3f983294d6abc6febb3dc4,acquisition,
1454,originals/nbpho/2023/NBPhO_2023_S8__e2f0df911974f288.pdf,files/nbpho/2023/NBPhO_2023_S8__e2f0df911974f288.pdf,e2f0df911974f2887ff7b06ea290addd00229ffbe0fb006a0542c1c4bc737190,66604,3,hardlink,e2f0df911974f2887ff7b06ea290addd00229ffbe0fb006a0542c1c4bc737190,acquisition,
1455,originals/nbpho/2023/NBPhO_2023_Q8_tex__4117ce561c18ad71.zip,files/nbpho/2023/NBPhO_2023_Q8_tex__4117ce561c18ad71.zip,4117ce561c18ad7149ffca1a0dda511f5a15eb8540844267102c35c56189c22e,1468,,hardlink,4117ce561c18ad7149ffca1a0dda511f5a15eb8540844267102c35c56189c22e,acquisition,
1457,originals/nbpho/2023/2023-8__60852733092fbaa9.tex,files/nbpho/2023/2023-8__60852733092fbaa9.tex,60852733092fbaa9eb38a444879dffabec1a782cb0b64058e083f5b4be1a96c9,1719,,hardlink,60852733092fbaa9eb38a444879dffabec1a782cb0b64058e083f5b4be1a96c9,acquisition,
1458,originals/nbpho/2023/NBPhO_2023_S9__26443c03ef676260.pdf,files/nbpho/2023/NBPhO_2023_S9__26443c03ef676260.pdf,26443c03ef6762609f34f5fdd443dbdbecc8e42a3852abd5ccae2b770ca7ac1f,67360,3,hardlink,26443c03ef6762609f34f5fdd443dbdbecc8e42a3852abd5ccae2b770ca7ac1f,acquisition,
146,originals/ipho/2021/IPhO_2021_Q4__2e3003603f5e689a.pdf,files/ipho/2021/IPhO_2021_Q4__2e3003603f5e689a.pdf,2e3003603f5e689ad1c8dcf1672ecd1f8595f154d1e82c621c000d37dcaf181c,120581,4,hardlink,2e3003603f5e689ad1c8dcf1672ecd1f8595f154d1e82c621c000d37dcaf181c,acquisition,
1460,originals/nbpho/2023/NBPhO_2023_Q9_tex__d27ab4414ecb3fae.zip,files/nbpho/2023/NBPhO_2023_Q9_tex__d27ab4414ecb3fae.zip,d27ab4414ecb3faeda993bed8ec540f45f006e014bcc681c2a9ca0ccd2bacb31,1751,,hardlink,d27ab4414ecb3faeda993bed8ec540f45f006e014bcc681c2a9ca0ccd2bacb31,acquisition,
1461,originals/nbpho/2023/2023-9__1000ab965739f05d.tex,files/nbpho/2023/2023-9__1000ab965739f05d.tex,1000ab965739f05d6317a13bb3b038cf874c55b1ce2f8e7896eed9c202b0e42b,2267,,hardlink,1000ab965739f05d6317a13bb3b038cf874c55b1ce2f8e7896eed9c202b0e42b,acquisition,
1463,originals/nbpho/2022/NBPhO_2022_Q1-9__05bcbab33748374d.pdf,files/nbpho/2022/NBPhO_2022_Q1-9__05bcbab33748374d.pdf,05bcbab33748374d5f9c511c371a12f2be73c01fa9beaba730419a27ff10db16,287501,2,hardlink,05bcbab33748374d5f9c511c371a12f2be73c01fa9beaba730419a27ff10db16,acquisition,
1465,originals/nbpho/2022/NBPhO_2022_S1__44e5dfbe55443d18.pdf,files/nbpho/2022/NBPhO_2022_S1__44e5dfbe55443d18.pdf,44e5dfbe55443d185971ef55840d0cd4d59c38575b779268ac7bf22bcc465fbd,101124,6,hardlink,44e5dfbe55443d185971ef55840d0cd4d59c38575b779268ac7bf22bcc465fbd,acquisition,
1466,originals/nbpho/2022/NBPhO_2022_S1-9__b903e89f52e1ee89.pdf,files/nbpho/2022/NBPhO_2022_S1-9__b903e89f52e1ee89.pdf,b903e89f52e1ee890df6810618ed7064fc23ffda0ad8c4e3331827ac591dc658,333965,9,hardlink,b903e89f52e1ee890df6810618ed7064fc23ffda0ad8c4e3331827ac591dc658,acquisition,
1468,originals/nbpho/2022/NBPhO_2022_Q1_tex__911b9525284679f9.zip,files/nbpho/2022/NBPhO_2022_Q1_tex__911b9525284679f9.zip,911b9525284679f94408105bc797f5865c6a9ede88fd317c3fd16ec431652fc0,46301,,hardlink,911b9525284679f94408105bc797f5865c6a9ede88fd317c3fd16ec431652fc0,acquisition,
1469,originals/nbpho/2022/NBPhO_2022_S1_tex__0b3c4575a72c7012.pdf,files/nbpho/2022/NBPhO_2022_S1_tex__0b3c4575a72c7012.pdf,0b3c4575a72c70123b3c0c149282114c85e7a4dd74e0734249b3ad2266c4dde1,95542,5,hardlink,0b3c4575a72c70123b3c0c149282114c85e7a4dd74e0734249b3ad2266c4dde1,acquisition,
147,originals/ipho/2021/IPhO_2021_A3__d80015a1d443fd63.pdf,files/ipho/2021/IPhO_2021_A3__d80015a1d443fd63.pdf,d80015a1d443fd637fbaa39d0ffaecc248081be98de7ba70d7eb9722c9166780,54849,3,hardlink,d80015a1d443fd637fbaa39d0ffaecc248081be98de7ba70d7eb9722c9166780,acquisition,
1470,originals/nbpho/2022/2022-1__2db36601fb03d890.tex,files/nbpho/2022/2022-1__2db36601fb03d890.tex,2db36601fb03d890febe0164f5b599dd04b93c3e981ce93315b69c6f33fa0bce,2199,,hardlink,2db36601fb03d890febe0164f5b599dd04b93c3e981ce93315b69c6f33fa0bce,acquisition,
1471,originals/nbpho/2022/NBPhO_2022_S2__5e9f75cdf7aed685.pdf,files/nbpho/2022/NBPhO_2022_S2__5e9f75cdf7aed685.pdf,5e9f75cdf7aed68535bdc7a00c422616692340a0f10becd1daf5237bbee3259f,52685,2,hardlink,5e9f75cdf7aed68535bdc7a00c422616692340a0f10becd1daf5237bbee3259f,acquisition,
1473,originals/nbpho/2022/NBPhO_2022_Q2_tex__2118b03af9a6e85b.zip,files/nbpho/2022/NBPhO_2022_Q2_tex__2118b03af9a6e85b.zip,2118b03af9a6e85b2df9c473c5abe33f295f796e976d630f71df3c212531e33c,2992,,hardlink,2118b03af9a6e85b2df9c473c5abe33f295f796e976d630f71df3c212531e33c,acquisition,
1474,originals/nbpho/2022/NBPhO_2022_S2_tex__837f9ad39bbc4889.pdf,files/nbpho/2022/NBPhO_2022_S2_tex__837f9ad39bbc4889.pdf,837f9ad39bbc4889098f36cb3e70b2db8a03a92a272b07af7862532fa9db7aa7,35969,1,hardlink,837f9ad39bbc4889098f36cb3e70b2db8a03a92a272b07af7862532fa9db7aa7,acquisition,
1476,originals/nbpho/2022/2022-2__7509717ad146590d.tex,files/nbpho/2022/2022-2__7509717ad146590d.tex,7509717ad146590dec3523893cc1817ddbb60de9e659cdb4a9fb92c6e5351cef,1166,,hardlink,7509717ad146590dec3523893cc1817ddbb60de9e659cdb4a9fb92c6e5351cef,acquisition,
148,originals/ipho/2021/IPhO_2021_S3__f8804d3a8b37708c.pdf,files/ipho/2021/IPhO_2021_S3__f8804d3a8b37708c.pdf,f8804d3a8b37708c5beda7dfb51145b3b850e30cde7b792ef40fff768cacc84a,268017,5,hardlink,f8804d3a8b37708c5beda7dfb51145b3b850e30cde7b792ef40fff768cacc84a,acquisition,
1484,originals/nbpho/2022/NBPhO_2022_S4__0e4c2bd50d56a3fe.pdf,files/nbpho/2022/NBPhO_2022_S4__0e4c2bd50d56a3fe.pdf,0e4c2bd50d56a3fe53f2a705d4107f0bff8488ba794a51dfd7488e4d8cba67a9,52236,1,hardlink,0e4c2bd50d56a3fe53f2a705d4107f0bff8488ba794a51dfd7488e4d8cba67a9,acquisition,
1485,originals/nbpho/2022/NBPhO_2022_Q4_tex__4b5e1cbbdf173fac.zip,files/nbpho/2022/NBPhO_2022_Q4_tex__4b5e1cbbdf173fac.zip,4b5e1cbbdf173faccdc880988c3e8c46b7fdc047df65c0e6f60582a847aa75e2,18626,,hardlink,4b5e1cbbdf173faccdc880988c3e8c46b7fdc047df65c0e6f60582a847aa75e2,acquisition,
1487,originals/nbpho/2022/NBPhO_2022_S4_tex__b3bdf5367e285623.pdf,files/nbpho/2022/NBPhO_2022_S4_tex__b3bdf5367e285623.pdf,b3bdf5367e2856230ff423883cfc9746c6513c4c7e166502f5149bd456b342aa,42536,1,hardlink,b3bdf5367e2856230ff423883cfc9746c6513c4c7e166502f5149bd456b342aa,acquisition,
1488,originals/nbpho/2022/2022-4__ce8cf675fd0e5e6a.tex,files/nbpho/2022/2022-4__ce8cf675fd0e5e6a.tex,ce8cf675fd0e5e6aabd6073997cbc1a1afc642e2d41eec501680544d1627bd6a,789,,hardlink,ce8cf675fd0e5e6aabd6073997cbc1a1afc642e2d41eec501680544d1627bd6a,acquisition,
1489,originals/nbpho/2022/NBPhO_2022_S5__6be013d232447cb7.pdf,files/nbpho/2022/NBPhO_2022_S5__6be013d232447cb7.pdf,6be013d232447cb758224ec47785b1f361120b8029998f24e432e4a6413285b0,145604,5,hardlink,6be013d232447cb758224ec47785b1f361120b8029998f24e432e4a6413285b0,acquisition,
149,originals/ipho/2021/IPhO_2021_S4__c4f2db93bb80eb52.pdf,files/ipho/2021/IPhO_2021_S4__c4f2db93bb80eb52.pdf,c4f2db93bb80eb52ba002aea8fec2f109b8962a6af78e74949fa7ea0ed0666ae,681818,5,hardlink,c4f2db93bb80eb52ba002aea8fec2f109b8962a6af78e74949fa7ea0ed0666ae,acquisition,
1490,originals/nbpho/2022/NBPhO_2022_Q5_tex__3dcac1c3602f07f7.zip,files/nbpho/2022/NBPhO_2022_Q5_tex__3dcac1c3602f07f7.zip,3dcac1c3602f07f729883986bed293622953f3d75c57dbad8010746edafd2419,14974,,hardlink,3dcac1c3602f07f729883986bed293622953f3d75c57dbad8010746edafd2419,acquisition,
1493,originals/nbpho/2022/NBPhO_2022_S5_tex__b56633d32dddf8ac.pdf,files/nbpho/2022/NBPhO_2022_S5_tex__b56633d32dddf8ac.pdf,b56633d32dddf8ac2aa5a95e63c02b8330a7a41468480cb254c543d5e16ea39d,63214,4,hardlink,b56633d32dddf8ac2aa5a95e63c02b8330a7a41468480cb254c543d5e16ea39d,acquisition,
1494,originals/nbpho/2022/2022-5__d7912f1a11869227.tex,files/nbpho/2022/2022-5__d7912f1a11869227.tex,d7912f1a118692273c56163a3e3bdc1cfb81a503ea4c6cb62e5ead2d4b24d017,3927,,hardlink,d7912f1a118692273c56163a3e3bdc1cfb81a503ea4c6cb62e5ead2d4b24d017,acquisition,
1496,originals/nbpho/2022/NBPhO_2022_S6__6a0df6f6701aaa1e.pdf,files/nbpho/2022/NBPhO_2022_S6__6a0df6f6701aaa1e.pdf,6a0df6f6701aaa1e41850c2fa6a0cb469a64c78c138250bdaf2096ac1ffbf02d,77084,3,hardlink,6a0df6f6701aaa1e41850c2fa6a0cb469a64c78c138250bdaf2096ac1ffbf02d,acquisition,
1497,originals/nbpho/2022/NBPhO_2022_Q6_tex__f2784fe75e1a16c4.zip,files/nbpho/2022/NBPhO_2022_Q6_tex__f2784fe75e1a16c4.zip,f2784fe75e1a16c43c3d72518e59c15dae6b271acf405b9ca63c4a62df434c52,57383,,hardlink,f2784fe75e1a16c43c3d72518e59c15dae6b271acf405b9ca63c4a62df434c52,acquisition,
1499,originals/nbpho/2022/NBPhO_2022_S6_tex__844b2e90a11e9809.pdf,files/nbpho/2022/NBPhO_2022_S6_tex__844b2e90a11e9809.pdf,844b2e90a11e9809d72aae0684e697e8087ca1a32646a281f70d734a932b4489,110715,3,hardlink,844b2e90a11e9809d72aae0684e697e8087ca1a32646a281f70d734a932b4489,acquisition,
15,originals/ipho/2026/2026-2__d26d7c13c51c4ed6.tex,files/ipho/2026/2026-2__d26d7c13c51c4ed6.tex,d26d7c13c51c4ed6c6ada4c0dfccaa40ea7c3e5400b6f25e1d9f86e9640578e6,5836,,hardlink,d26d7c13c51c4ed6c6ada4c0dfccaa40ea7c3e5400b6f25e1d9f86e9640578e6,acquisition,
150,originals/ipho/2021/IPhO_2021_A4__386e5083330bb9fc.pdf,files/ipho/2021/IPhO_2021_A4__386e5083330bb9fc.pdf,386e5083330bb9fc4a7dea50130699511c35240eaa49948bbf7d8b40039e82d9,100223,6,hardlink,386e5083330bb9fc4a7dea50130699511c35240eaa49948bbf7d8b40039e82d9,acquisition,
1500,originals/nbpho/2022/2022-6__1f57e37dc7f2c432.tex,files/nbpho/2022/2022-6__1f57e37dc7f2c432.tex,1f57e37dc7f2c4329a36c3f857d32b757e483043e622e2629f6082c91491203e,1114,,hardlink,1f57e37dc7f2c4329a36c3f857d32b757e483043e622e2629f6082c91491203e,acquisition,
1501,originals/nbpho/2022/NBPhO_2022_S7__1f14d694503b21aa.pdf,files/nbpho/2022/NBPhO_2022_S7__1f14d694503b21aa.pdf,1f14d694503b21aae8a519f0c8b46adc5685e7622f6962bcb0820055b5644a7e,97806,7,hardlink,1f14d694503b21aae8a519f0c8b46adc5685e7622f6962bcb0820055b5644a7e,acquisition,
1503,originals/nbpho/2022/NBPhO_2022_Q7_tex__4aa62f8ea6f65a01.zip,files/nbpho/2022/NBPhO_2022_Q7_tex__4aa62f8ea6f65a01.zip,4aa62f8ea6f65a01725695a5cd5e50ab0447197f0114a6eca79a210fe940dcf4,96241,,hardlink,4aa62f8ea6f65a01725695a5cd5e50ab0447197f0114a6eca79a210fe940dcf4,acquisition,
1504,originals/nbpho/2022/NBPhO_2022_S7_tex__4c054a8450692d78.pdf,files/nbpho/2022/NBPhO_2022_S7_tex__4c054a8450692d78.pdf,4c054a8450692d784ebfb03d0328c8304614bb22f9d7e5b534c9f4168edc2102,127084,5,hardlink,4c054a8450692d784ebfb03d0328c8304614bb22f9d7e5b534c9f4168edc2102,acquisition,
1506,originals/nbpho/2022/2022-7__54528d0ace0ef623.tex,files/nbpho/2022/2022-7__54528d0ace0ef623.tex,54528d0ace0ef62355ec7337f0f2bf8fd53b48d38f37a49074e2cfd4b1c7beec,1987,,hardlink,54528d0ace0ef62355ec7337f0f2bf8fd53b48d38f37a49074e2cfd4b1c7beec,acquisition,
1508,originals/nbpho/2022/NBPhO_2022_S8__e25a35fef8b5cd32.pdf,files/nbpho/2022/NBPhO_2022_S8__e25a35fef8b5cd32.pdf,e25a35fef8b5cd32df78031ca17bfa8f8bb2abca9ddfd1bc5cb11e158d038a24,88903,5,hardlink,e25a35fef8b5cd32df78031ca17bfa8f8bb2abca9ddfd1bc5cb11e158d038a24,acquisition,
1509,originals/nbpho/2022/NBPhO_2022_Q8_tex__8aa09305300302b5.zip,files/nbpho/2022/NBPhO_2022_Q8_tex__8aa09305300302b5.zip,8aa09305300302b5b759e1b3fb31a959f1bfb937366832ff0822d1533c453324,44900,,hardlink,8aa09305300302b5b759e1b3fb31a959f1bfb937366832ff0822d1533c453324,acquisition,
151,originals/ipho/2021/IPhO_2021_Q5__b2d76544bf01c5e6.pdf,files/ipho/2021/IPhO_2021_Q5__b2d76544bf01c5e6.pdf,b2d76544bf01c5e6f6d11625725d6f03939ad9cd1e9755036408643fc032c91d,115092,3,hardlink,b2d76544bf01c5e6f6d11625725d6f03939ad9cd1e9755036408643fc032c91d,acquisition,
1511,originals/nbpho/2022/NBPhO_2022_S8_tex__7429b396129dc860.pdf,files/nbpho/2022/NBPhO_2022_S8_tex__7429b396129dc860.pdf,7429b396129dc860d06ea73afd3c34eb9e73484fbaa0beb6f7defb97779b5235,103910,4,hardlink,7429b396129dc860d06ea73afd3c34eb9e73484fbaa0beb6f7defb97779b5235,acquisition,
1512,originals/nbpho/2022/2022-8__aa3f485cbca46c1b.tex,files/nbpho/2022/2022-8__aa3f485cbca46c1b.tex,aa3f485cbca46c1bfa3f84f87e1086219f8dc74ed7805ac0bacba29e0693c5b1,2615,,hardlink,aa3f485cbca46c1bfa3f84f87e1086219f8dc74ed7805ac0bacba29e0693c5b1,acquisition,
1514,originals/nbpho/2022/NBPhO_2022_Q9_tex__6acc9e9b5cd51ad7.zip,files/nbpho/2022/NBPhO_2022_Q9_tex__6acc9e9b5cd51ad7.zip,6acc9e9b5cd51ad7a2d56938697c39e0934b75d5cd3e903fc083a4e98bb85076,65132,,hardlink,6acc9e9b5cd51ad7a2d56938697c39e0934b75d5cd3e903fc083a4e98bb85076,acquisition,
1515,originals/nbpho/2022/NBPhO_2022_S9__9cb77e7b1ecd075a.pdf,files/nbpho/2022/NBPhO_2022_S9__9cb77e7b1ecd075a.pdf,9cb77e7b1ecd075a0815865534ddef63dc5c9548fe805fbf93e79286e3fbd943,100654,6,hardlink,9cb77e7b1ecd075a0815865534ddef63dc5c9548fe805fbf93e79286e3fbd943,acquisition,
1517,originals/nbpho/2022/NBPhO_2022_S9_tex__8f5a72a69e9e3c78.pdf,files/nbpho/2022/NBPhO_2022_S9_tex__8f5a72a69e9e3c78.pdf,8f5a72a69e9e3c785e8814bccf8516a538ac3517a80aed0789e318183273048c,125874,4,hardlink,8f5a72a69e9e3c785e8814bccf8516a538ac3517a80aed0789e318183273048c,acquisition,
1518,originals/nbpho/2021/NBPhO_2021_Q1__3481b93686c493bd.pdf,files/nbpho/2021/NBPhO_2021_Q1__3481b93686c493bd.pdf,3481b93686c493bdd3f0ff5f24a85a57cc42d7ed26f40fd4b25b37070d80074c,95147,1,hardlink,3481b93686c493bdd3f0ff5f24a85a57cc42d7ed26f40fd4b25b37070d80074c,acquisition,
1519,originals/nbpho/2022/2022-9__2607b3aa520e1328.tex,files/nbpho/2022/2022-9__2607b3aa520e1328.tex,2607b3aa520e1328e7ee47656a465aab6638cceb3c0dabd647b046424ba3f305,2121,,hardlink,2607b3aa520e1328e7ee47656a465aab6638cceb3c0dabd647b046424ba3f305,acquisition,
152,originals/ipho/2021/IPhO_2021_A5__57cf663d43050506.pdf,files/ipho/2021/IPhO_2021_A5__57cf663d43050506.pdf,57cf663d4305050678297d79e855846e1f21be1ef74d62bedcececef3eac9fbc,97983,5,hardlink,57cf663d4305050678297d79e855846e1f21be1ef74d62bedcececef3eac9fbc,acquisition,
1520,originals/nbpho/2021/NBPhO_2021_S1__33077308e31d842b.pdf,files/nbpho/2021/NBPhO_2021_S1__33077308e31d842b.pdf,33077308e31d842ba52ea6fe42e93bac2fe93ce5f7d4accd0e4076bf51e5d20d,7603696,8,hardlink,33077308e31d842ba52ea6fe42e93bac2fe93ce5f7d4accd0e4076bf51e5d20d,acquisition,
1521,originals/nbpho/2020/NBPhO_2020_Q1__39faa10f6904d9d7.pdf,files/nbpho/2020/NBPhO_2020_Q1__39faa10f6904d9d7.pdf,39faa10f6904d9d78c6551a69d7623bd53d5e1c4b3995142c61b099bd8d6851c,502669,5,hardlink,39faa10f6904d9d78c6551a69d7623bd53d5e1c4b3995142c61b099bd8d6851c,acquisition,
1522,originals/nbpho/2020/NBPhO_2020_S1__7fd349492edfbb91.pdf,files/nbpho/2020/NBPhO_2020_S1__7fd349492edfbb91.pdf,7fd349492edfbb91a510f484f83d556d73835eca4f5a45f2ab9426315e0c5e03,759934,6,hardlink,7fd349492edfbb91a510f484f83d556d73835eca4f5a45f2ab9426315e0c5e03,acquisition,
1523,originals/nbpho/2019/NBPhO_2019_Q1__40b081adc6c6e9b0.pdf,files/nbpho/2019/NBPhO_2019_Q1__40b081adc6c6e9b0.pdf,40b081adc6c6e9b039d6928145f6b52b0cb098c5bacb30190bdd66efd8dbeaeb,219327,2,hardlink,40b081adc6c6e9b039d6928145f6b52b0cb098c5bacb30190bdd66efd8dbeaeb,acquisition,
1524,originals/nbpho/2019/NBPhO_2019_S1__0fcfffab34b688a4.pdf,files/nbpho/2019/NBPhO_2019_S1__0fcfffab34b688a4.pdf,0fcfffab34b688a4460a7fa095fa806d0073c40b3ae91713f82a9a5d77693cba,823934,3,hardlink,0fcfffab34b688a4460a7fa095fa806d0073c40b3ae91713f82a9a5d77693cba,acquisition,
1525,originals/nbpho/2018/NBPhO_2018_Q1__6d6925eb5e081223.pdf,files/nbpho/2018/NBPhO_2018_Q1__6d6925eb5e081223.pdf,6d6925eb5e0812230329962f4508c317e4693224e25f602625bdc9b13c78afee,205440,5,hardlink,6d6925eb5e0812230329962f4508c317e4693224e25f602625bdc9b13c78afee,acquisition,
1526,originals/nbpho/2018/NBPhO_2018_S1__e940699336caa0ae.pdf,files/nbpho/2018/NBPhO_2018_S1__e940699336caa0ae.pdf,e940699336caa0ae29f245987d0eeae053ce808b1263be7e4fc859d80fda2316,175684,5,hardlink,e940699336caa0ae29f245987d0eeae053ce808b1263be7e4fc859d80fda2316,acquisition,
1527,originals/nbpho/2017/NBPhO_2017_Q1__74408ff21e092ffa.pdf,files/nbpho/2017/NBPhO_2017_Q1__74408ff21e092ffa.pdf,74408ff21e092ffa01b2a21add1859951edcbeccf0b7580a1230999346bf5a6d,1845130,3,hardlink,74408ff21e092ffa01b2a21add1859951edcbeccf0b7580a1230999346bf5a6d,acquisition,
1528,originals/nbpho/2017/NBPhO_2017_S1__80218c183c1e62fe.pdf,files/nbpho/2017/NBPhO_2017_S1__80218c183c1e62fe.pdf,80218c183c1e62fe0a728c96f02a8fc8bb7ddec61cdb20e90f78df36f6dd6a2b,212368,4,hardlink,80218c183c1e62fe0a728c96f02a8fc8bb7ddec61cdb20e90f78df36f6dd6a2b,acquisition,
1529,originals/nbpho/2016/NBPhO_2016_Q1__c7561aa952300015.pdf,files/nbpho/2016/NBPhO_2016_Q1__c7561aa952300015.pdf,c7561aa952300015c4b2dcd16772cbf0b984df2abf6f65492abaa4a4d1a5fb2a,165288,2,hardlink,c7561aa952300015c4b2dcd16772cbf0b984df2abf6f65492abaa4a4d1a5fb2a,acquisition,
153,originals/ipho/2020/IPhO_2020_Q1__24b8620c41f5ec6f.pdf,files/ipho/2020/IPhO_2020_Q1__24b8620c41f5ec6f.pdf,24b8620c41f5ec6fa0e62bd038a289f874d615ea92cd9e1d8ec2d4d02937bc9d,49475,2,hardlink,24b8620c41f5ec6fa0e62bd038a289f874d615ea92cd9e1d8ec2d4d02937bc9d,acquisition,
1530,originals/nbpho/2016/NBPhO_2016_S1__a5224e9af5db71c8.pdf,files/nbpho/2016/NBPhO_2016_S1__a5224e9af5db71c8.pdf,a5224e9af5db71c897b278fb53413337f4424e454d98bc45c12d7f4344f6461e,195469,4,hardlink,a5224e9af5db71c897b278fb53413337f4424e454d98bc45c12d7f4344f6461e,acquisition,
1531,originals/nbpho/2015/NBPhO_2015_Q1__b1cf2793dbb18700.pdf,files/nbpho/2015/NBPhO_2015_Q1__b1cf2793dbb18700.pdf,b1cf2793dbb18700ceef06bc34d4367c24fc5dcd432a6a8cc424527cfd31a441,212721,4,hardlink,b1cf2793dbb18700ceef06bc34d4367c24fc5dcd432a6a8cc424527cfd31a441,acquisition,
1532,originals/nbpho/2015/NBPhO_2015_S1__dcfc8ff7db56fd36.pdf,files/nbpho/2015/NBPhO_2015_S1__dcfc8ff7db56fd36.pdf,dcfc8ff7db56fd36e20213c62318bfd4e7f08df152018d118a89e268ebdaa966,232732,4,hardlink,dcfc8ff7db56fd36e20213c62318bfd4e7f08df152018d118a89e268ebdaa966,acquisition,
1533,originals/nbpho/2014/NBPhO_2014_S1__956ef36bc8c113e7.pdf,files/nbpho/2014/NBPhO_2014_S1__956ef36bc8c113e7.pdf,956ef36bc8c113e7a935195bb7f29569501a3073dc949eb9bfc7eec647d22ec2,246267,2,hardlink,956ef36bc8c113e7a935195bb7f29569501a3073dc949eb9bfc7eec647d22ec2,acquisition,
1534,originals/nbpho/2014/NBPhO_2014_Q1__348b2a973efa8cc3.pdf,files/nbpho/2014/NBPhO_2014_Q1__348b2a973efa8cc3.pdf,348b2a973efa8cc3f7b6070a8319d144451b77a0c5f571177766e577edc93c14,343915,2,hardlink,348b2a973efa8cc3f7b6070a8319d144451b77a0c5f571177766e577edc93c14,acquisition,
1535,originals/nbpho/2013/NBPhO_2013_Q1__94bcde1e42b02885.pdf,files/nbpho/2013/NBPhO_2013_Q1__94bcde1e42b02885.pdf,94bcde1e42b028850ba120967f6071c0001f1ad3f1892e506e2e37eab8331d3a,260445,2,hardlink,94bcde1e42b028850ba120967f6071c0001f1ad3f1892e506e2e37eab8331d3a,acquisition,
1536,originals/nbpho/2013/NBPhO_2013_S1__142b932c4a8c9401.pdf,files/nbpho/2013/NBPhO_2013_S1__142b932c4a8c9401.pdf,142b932c4a8c940145f013a04d31cbd88ac6e56c8b728d1087e166ce0d0d3f1a,279778,4,hardlink,142b932c4a8c940145f013a04d31cbd88ac6e56c8b728d1087e166ce0d0d3f1a,acquisition,
1537,originals/nbpho/2012/NBPhO_2012_Q1__0dc5ebe69013dc24.pdf,files/nbpho/2012/NBPhO_2012_Q1__0dc5ebe69013dc24.pdf,0dc5ebe69013dc24e4d1c58ff12077bc982fe4adc5f13caeb35dff8d318f98c1,75529,2,hardlink,0dc5ebe69013dc24e4d1c58ff12077bc982fe4adc5f13caeb35dff8d318f98c1,acquisition,
1538,originals/nbpho/2012/NBPhO_2012_S1__0aee724038b1972a.pdf,files/nbpho/2012/NBPhO_2012_S1__0aee724038b1972a.pdf,0aee724038b1972af58e1763eb656eaea03c022e6eb10567f09730feff4619e8,136485,3,hardlink,0aee724038b1972af58e1763eb656eaea03c022e6eb10567f09730feff4619e8,acquisition,
1539,originals/nbpho/2011/NBPhO_2011_Q1__c37c9bdee72d4b19.pdf,files/nbpho/2011/NBPhO_2011_Q1__c37c9bdee72d4b19.pdf,c37c9bdee72d4b1904ea15f8db8e093b0c4a7351bd87deb57a0c9352d53e6e4b,105492,2,hardlink,c37c9bdee72d4b1904ea15f8db8e093b0c4a7351bd87deb57a0c9352d53e6e4b,acquisition,
154,originals/ipho/2021/IPhO_2021_S5__e105ed4e4886c107.pdf,files/ipho/2021/IPhO_2021_S5__e105ed4e4886c107.pdf,e105ed4e4886c107c860e4f990c6ac2fa6871cd5d882e420d6d8fb026d7db676,975361,5,hardlink,e105ed4e4886c107c860e4f990c6ac2fa6871cd5d882e420d6d8fb026d7db676,acquisition,
1540,originals/nbpho/2011/NBPhO_2011_S1__5c7631b623f5c49b.pdf,files/nbpho/2011/NBPhO_2011_S1__5c7631b623f5c49b.pdf,5c7631b623f5c49b0fe9e2a6b778d9c1be575c411c1ce25b8f96788da56e347e,143502,3,hardlink,5c7631b623f5c49b0fe9e2a6b778d9c1be575c411c1ce25b8f96788da56e347e,acquisition,
1541,originals/nbpho/2010/NBPhO_2010_Q1__ed8c369411e91241.pdf,files/nbpho/2010/NBPhO_2010_Q1__ed8c369411e91241.pdf,ed8c369411e912414e44e5997ec4a46e2cf992916e0405e3e19b8f16e638e9ba,107211,2,hardlink,ed8c369411e912414e44e5997ec4a46e2cf992916e0405e3e19b8f16e638e9ba,acquisition,
1542,originals/nbpho/2010/NBPhO_2010_S1__053d3eb84c8cdd88.pdf,files/nbpho/2010/NBPhO_2010_S1__053d3eb84c8cdd88.pdf,053d3eb84c8cdd887918fa092a9e3a229b012464ed6383af4acd2acaea4e3561,153692,4,hardlink,053d3eb84c8cdd887918fa092a9e3a229b012464ed6383af4acd2acaea4e3561,acquisition,
1543,originals/nbpho/2009/NBPhO_2009_Q1__35c02d7f202cb9af.pdf,files/nbpho/2009/NBPhO_2009_Q1__35c02d7f202cb9af.pdf,35c02d7f202cb9afd2a71fa2efb4c1b39c23ac53041042d7359132387356ad19,220850,2,hardlink,35c02d7f202cb9afd2a71fa2efb4c1b39c23ac53041042d7359132387356ad19,acquisition,
1544,originals/nbpho/2009/NBPhO_2009_S1__1ae69c05305464a2.pdf,files/nbpho/2009/NBPhO_2009_S1__1ae69c05305464a2.pdf,1ae69c05305464a2c798eb495958b648e443813c557d74e27f2760aeeb353e51,100742,2,hardlink,1ae69c05305464a2c798eb495958b648e443813c557d74e27f2760aeeb353e51,acquisition,
1545,originals/nbpho/2008/NBPhO_2008_S1__1dcb910f4ead657f.pdf,files/nbpho/2008/NBPhO_2008_S1__1dcb910f4ead657f.pdf,1dcb910f4ead657fc8cad5292a97a72e8aad737558b3af02ffa5e4e5ac5030fd,127379,2,hardlink,1dcb910f4ead657fc8cad5292a97a72e8aad737558b3af02ffa5e4e5ac5030fd,acquisition,
1546,originals/nbpho/2008/NBPhO_2008_Q1__71452c7194ffa86b.pdf,files/nbpho/2008/NBPhO_2008_Q1__71452c7194ffa86b.pdf,71452c7194ffa86bfc45611f20193577d85042ae50ab6c63ae1c15c4ebd72223,124175,2,hardlink,71452c7194ffa86bfc45611f20193577d85042ae50ab6c63ae1c15c4ebd72223,acquisition,
1547,originals/nbpho/2007/NBPhO_2007_S1__02adaf8676164444.pdf,files/nbpho/2007/NBPhO_2007_S1__02adaf8676164444.pdf,02adaf86761644449454889274e86a04825f55a3176245e23b1eeb2d58592a1c,99068,2,hardlink,02adaf86761644449454889274e86a04825f55a3176245e23b1eeb2d58592a1c,acquisition,
1548,originals/nbpho/2007/NBPhO_2007_Q1__32d1fa81e561ed68.pdf,files/nbpho/2007/NBPhO_2007_Q1__32d1fa81e561ed68.pdf,32d1fa81e561ed68c1562b3c30a14d300b53e67a9300df3036c4e2ab67de8100,92584,2,hardlink,32d1fa81e561ed68c1562b3c30a14d300b53e67a9300df3036c4e2ab67de8100,acquisition,
1549,originals/nbpho/2006/NBPhO_2006_Q1__87bd1fc1ad9ee606.pdf,files/nbpho/2006/NBPhO_2006_Q1__87bd1fc1ad9ee606.pdf,87bd1fc1ad9ee606e6df1c2240af2c01f2ca017a4d0ce37fe69b44902468ab84,451993,2,hardlink,87bd1fc1ad9ee606e6df1c2240af2c01f2ca017a4d0ce37fe69b44902468ab84,acquisition,
155,originals/ipho/2020/IPhO_2020_S1__5873b7b5d3cda575.pdf,files/ipho/2020/IPhO_2020_S1__5873b7b5d3cda575.pdf,5873b7b5d3cda575715be3e2efc52b932f99135e858522d1dc0af1903cc968ca,393400,5,hardlink,5873b7b5d3cda575715be3e2efc52b932f99135e858522d1dc0af1903cc968ca,acquisition,
1550,originals/nbpho/2006/NBPhO_2006_S1__0aad927ae1fffee0.pdf,files/nbpho/2006/NBPhO_2006_S1__0aad927ae1fffee0.pdf,0aad927ae1fffee043feb99b04509af020f8a10445842215fcf897697f263cd9,98136,2,hardlink,0aad927ae1fffee043feb99b04509af020f8a10445842215fcf897697f263cd9,acquisition,
1551,originals/nbpho/2005/NBPhO_2005_Q1__9cc9ff9eab54ab80.pdf,files/nbpho/2005/NBPhO_2005_Q1__9cc9ff9eab54ab80.pdf,9cc9ff9eab54ab80c6319b7cc0fa15b2a2f7d9a12f985de3019e00edfdcf422e,167424,2,hardlink,9cc9ff9eab54ab80c6319b7cc0fa15b2a2f7d9a12f985de3019e00edfdcf422e,acquisition,
1552,originals/nbpho/2005/NBPhO_2005_S1__fdfe8e0f67fa37bf.pdf,files/nbpho/2005/NBPhO_2005_S1__fdfe8e0f67fa37bf.pdf,fdfe8e0f67fa37bf8571355514a6d3ec46126576391883e25297cb953b191147,109929,2,hardlink,fdfe8e0f67fa37bf8571355514a6d3ec46126576391883e25297cb953b191147,acquisition,
1553,originals/nbpho/2004/NBPhO_2004_Q1__ab3c77af8a25aefa.pdf,files/nbpho/2004/NBPhO_2004_Q1__ab3c77af8a25aefa.pdf,ab3c77af8a25aefa99f062c65af6aea1e9ca138cf6fcd8ace3450c34bb8d1ae1,205202,2,hardlink,ab3c77af8a25aefa99f062c65af6aea1e9ca138cf6fcd8ace3450c34bb8d1ae1,acquisition,
1554,originals/nbpho/2004/NBPhO_2004_S1__dfb078cefe395654.pdf,files/nbpho/2004/NBPhO_2004_S1__dfb078cefe395654.pdf,dfb078cefe3956545eb5d5a93bfb96ecacee07b321cb16b6a30d0140ead5eec8,118070,2,hardlink,dfb078cefe3956545eb5d5a93bfb96ecacee07b321cb16b6a30d0140ead5eec8,acquisition,
1555,originals/nbpho/2003/NBPhO_2003_Q1__31d287e506856bc5.pdf,files/nbpho/2003/NBPhO_2003_Q1__31d287e506856bc5.pdf,31d287e506856bc57b216c09fd3746df3df45164bfe5f7c047a797df4b0616e8,128762,2,hardlink,31d287e506856bc57b216c09fd3746df3df45164bfe5f7c047a797df4b0616e8,acquisition,
1556,originals/nbpho/2003/NBPhO_2003_S1__5ba04342dcb8c114.pdf,files/nbpho/2003/NBPhO_2003_S1__5ba04342dcb8c114.pdf,5ba04342dcb8c11452eba41228c551c4d6c65ee06980d007a96e812f89084227,99802,2,hardlink,5ba04342dcb8c11452eba41228c551c4d6c65ee06980d007a96e812f89084227,acquisition,
1557,originals/oibf/2023/OIbF_2023_Q1-4__72c0c1af9469624b.pdf,files/oibf/2023/OIbF_2023_Q1-4__72c0c1af9469624b.pdf,72c0c1af9469624b04ee41dbc938449d7637f90becaf6848b610191f4a9878f8,377655,8,hardlink,72c0c1af9469624b04ee41dbc938449d7637f90becaf6848b610191f4a9878f8,acquisition,
1558,originals/oibf/2023/OIbF_2023_Q5__89e0584f8820156e.pdf,files/oibf/2023/OIbF_2023_Q5__89e0584f8820156e.pdf,89e0584f8820156eea51d0cca529db5e6ec5e231554dec92f51440ab8f178d21,375220,10,hardlink,89e0584f8820156eea51d0cca529db5e6ec5e231554dec92f51440ab8f178d21,acquisition,
1559,originals/oibf/2022/OIbF_2022_Q1__36980b36ce223551.pdf,files/oibf/2022/OIbF_2022_Q1__36980b36ce223551.pdf,36980b36ce223551b6da019145f235a5472e22a198a76dd5d94a3bc0ec085bc0,132813,2,hardlink,36980b36ce223551b6da019145f235a5472e22a198a76dd5d94a3bc0ec085bc0,acquisition,
156,originals/ipho/2020/IPhO_2020_Q2__e6138b8b130cee69.pdf,files/ipho/2020/IPhO_2020_Q2__e6138b8b130cee69.pdf,e6138b8b130cee69f9976b73b1f8652d44599f3f024b19c3f13483cbaecbe7d0,31261,2,hardlink,e6138b8b130cee69f9976b73b1f8652d44599f3f024b19c3f13483cbaecbe7d0,acquisition,
1560,originals/oibf/2022/OIbF_2022_S1__13ddead1d499a782.pdf,files/oibf/2022/OIbF_2022_S1__13ddead1d499a782.pdf,13ddead1d499a782cc2964e6a5752dc4875ad170621a153e25760abb967f868b,221015,5,hardlink,13ddead1d499a782cc2964e6a5752dc4875ad170621a153e25760abb967f868b,acquisition,
1561,originals/oibf/2022/OIbF_2022_Q2__d8e883c4a45df96c.pdf,files/oibf/2022/OIbF_2022_Q2__d8e883c4a45df96c.pdf,d8e883c4a45df96c002fa72edb67aec53237b4119b6d3a6ed428f9fd1f3b45eb,57721,2,hardlink,d8e883c4a45df96c002fa72edb67aec53237b4119b6d3a6ed428f9fd1f3b45eb,acquisition,
1562,originals/oibf/2022/OIbF_2022_S2__40ef9023947ac9a8.pdf,files/oibf/2022/OIbF_2022_S2__40ef9023947ac9a8.pdf,40ef9023947ac9a8ee575446e5049baae13943052b402376cea4f643a1f99c2f,101395,3,hardlink,40ef9023947ac9a8ee575446e5049baae13943052b402376cea4f643a1f99c2f,acquisition,
1563,originals/oibf/2022/OIbF_2022_Q3__7fb61cd48718acad.pdf,files/oibf/2022/OIbF_2022_Q3__7fb61cd48718acad.pdf,7fb61cd48718acad03abc3ff48027aa511e8255f094299db21d3232dea28abdd,92119,2,hardlink,7fb61cd48718acad03abc3ff48027aa511e8255f094299db21d3232dea28abdd,acquisition,
1564,originals/oibf/2022/OIbF_2022_S3__f8f89170d9d79add.pdf,files/oibf/2022/OIbF_2022_S3__f8f89170d9d79add.pdf,f8f89170d9d79addd9ac16ad3ceb03818d25cb613a1e66c7e6fd53a62129885f,473869,7,hardlink,f8f89170d9d79addd9ac16ad3ceb03818d25cb613a1e66c7e6fd53a62129885f,acquisition,
1565,originals/oibf/2022/OIbF_2022_Q4__a0aefa1853052020.pdf,files/oibf/2022/OIbF_2022_Q4__a0aefa1853052020.pdf,a0aefa18530520204b4d711a556d18e09ec13b8daf7a0e613703ff18945d26bc,238236,8,hardlink,a0aefa18530520204b4d711a556d18e09ec13b8daf7a0e613703ff18945d26bc,acquisition,
1566,originals/oibf/2022/OIbF_2022_S4__d95e4097af124219.pdf,files/oibf/2022/OIbF_2022_S4__d95e4097af124219.pdf,d95e4097af12421976337ed9c995cfb148c4af050a34d4adfdab34a3e7056a30,473294,25,hardlink,d95e4097af12421976337ed9c995cfb148c4af050a34d4adfdab34a3e7056a30,acquisition,
1567,originals/oibf/2022/OIbF_2022_Q5__4e74ef62695f2816.pdf,files/oibf/2022/OIbF_2022_Q5__4e74ef62695f2816.pdf,4e74ef62695f2816ec426b274652c073f5f67555ebe22eda8a3c27490224a838,315764,5,hardlink,4e74ef62695f2816ec426b274652c073f5f67555ebe22eda8a3c27490224a838,acquisition,
1568,originals/oibf/2022/OIbF_2022_S5__fd87ad543afce4ea.pdf,files/oibf/2022/OIbF_2022_S5__fd87ad543afce4ea.pdf,fd87ad543afce4eaad2f7e74f5f8f219bc414e2b081f189f1f0ed17321a64ad0,566391,3,hardlink,fd87ad543afce4eaad2f7e74f5f8f219bc414e2b081f189f1f0ed17321a64ad0,acquisition,
1569,originals/oibf/2021/OIbF_2021_Q1-3__f910c2abb1c417ce.pdf,files/oibf/2021/OIbF_2021_Q1-3__f910c2abb1c417ce.pdf,f910c2abb1c417ce219b9508daf42c8978d880cd6a756e8216faafd4e9836651,596283,10,hardlink,f910c2abb1c417ce219b9508daf42c8978d880cd6a756e8216faafd4e9836651,acquisition,
157,originals/ipho/2020/IPhO_2020_S2__565a1bcc4d88fe72.pdf,files/ipho/2020/IPhO_2020_S2__565a1bcc4d88fe72.pdf,565a1bcc4d88fe72975232adb2d3b37fc94f150114e23017706a8887ad28a13a,345448,4,hardlink,565a1bcc4d88fe72975232adb2d3b37fc94f150114e23017706a8887ad28a13a,acquisition,
1570,originals/oibf/2020/OIbF_2020_Q1-5__9feabc5deb6d1e3a.pdf,files/oibf/2020/OIbF_2020_Q1-5__9feabc5deb6d1e3a.pdf,9feabc5deb6d1e3abaf847539aa3f4ee4cd98ec38045a757a858ee65c4911862,708826,10,hardlink,9feabc5deb6d1e3abaf847539aa3f4ee4cd98ec38045a757a858ee65c4911862,acquisition,
1571,originals/oibf/2021/OIbF_2021_Q4__05b58ff9ccf3d4d5.pdf,files/oibf/2021/OIbF_2021_Q4__05b58ff9ccf3d4d5.pdf,05b58ff9ccf3d4d504e06138b5e51f122e35914cdbb60149e209fc2148496c56,299714,7,hardlink,05b58ff9ccf3d4d504e06138b5e51f122e35914cdbb60149e209fc2148496c56,acquisition,
1572,originals/oibf/2019/OIbF_2019_Q1__56fa64cb87d5f1ec.pdf,files/oibf/2019/OIbF_2019_Q1__56fa64cb87d5f1ec.pdf,56fa64cb87d5f1ecc7d94d1e84b9a0d4d3a062a18b02f5ec0baa2a9ebc38477a,688845,4,hardlink,56fa64cb87d5f1ecc7d94d1e84b9a0d4d3a062a18b02f5ec0baa2a9ebc38477a,acquisition,
1573,originals/oibf/2020/OIbF_2020_S1-5__0ae35dd6521b4c1f.pdf,files/oibf/2020/OIbF_2020_S1-5__0ae35dd6521b4c1f.pdf,0ae35dd6521b4c1f5ec7a5062dd00ff9ed52305f7eed61e2f893385d7067ce72,604576,9,hardlink,0ae35dd6521b4c1f5ec7a5062dd00ff9ed52305f7eed61e2f893385d7067ce72,acquisition,
1574,originals/oibf/2019/OIbF_2019_S1__170957e5b1a89275.pdf,files/oibf/2019/OIbF_2019_S1__170957e5b1a89275.pdf,170957e5b1a89275b436d909372151df60146a5b4090f7f2880f27da31563073,626886,2,hardlink,170957e5b1a89275b436d909372151df60146a5b4090f7f2880f27da31563073,acquisition,
1575,originals/oibf/2019/OIbF_2019_Q3__8775c052095ec3ba.pdf,files/oibf/2019/OIbF_2019_Q3__8775c052095ec3ba.pdf,8775c052095ec3ba7ba43aa14260dd9020ac5f78c02b01f5835bf8d03d0eb084,721099,4,hardlink,8775c052095ec3ba7ba43aa14260dd9020ac5f78c02b01f5835bf8d03d0eb084,acquisition,
1576,originals/oibf/2019/OIbF_2019_Q2__fdb12e5ee883fe7e.pdf,files/oibf/2019/OIbF_2019_Q2__fdb12e5ee883fe7e.pdf,fdb12e5ee883fe7ebe93cc995ca9704f4b0d9028798cb13fecf336d308234539,640010,4,hardlink,fdb12e5ee883fe7ebe93cc995ca9704f4b0d9028798cb13fecf336d308234539,acquisition,
1577,originals/oibf/2019/OIbF_2019_S3__51be238602b82eda.pdf,files/oibf/2019/OIbF_2019_S3__51be238602b82eda.pdf,51be238602b82eda1420ca86c7fe2918d097c3a6b6081d1d53d8c5e5545e30d2,645138,2,hardlink,51be238602b82eda1420ca86c7fe2918d097c3a6b6081d1d53d8c5e5545e30d2,acquisition,
1578,originals/oibf/2019/OIbF_2019_S2__c0edb5ab26eff288.pdf,files/oibf/2019/OIbF_2019_S2__c0edb5ab26eff288.pdf,c0edb5ab26eff28830d22fe5a90de95b7831ace2acb95eb1d48dd2bc0734d27a,764967,5,hardlink,c0edb5ab26eff28830d22fe5a90de95b7831ace2acb95eb1d48dd2bc0734d27a,acquisition,
1579,originals/oibf/2019/OIbF_2019_Q4__fc685d35eec432d7.pdf,files/oibf/2019/OIbF_2019_Q4__fc685d35eec432d7.pdf,fc685d35eec432d75f6e52df7a4b9b7a5073b8c03d209f25cf0e1da152a5d622,950542,8,hardlink,fc685d35eec432d75f6e52df7a4b9b7a5073b8c03d209f25cf0e1da152a5d622,acquisition,
158,originals/ipho/2020/IPhO_2020_Q3__8f24d3578be62d45.pdf,files/ipho/2020/IPhO_2020_Q3__8f24d3578be62d45.pdf,8f24d3578be62d45501ea9fbfe1d1f7759f249d5f9e85e22aa6f1f85b2a52ee0,84356,4,hardlink,8f24d3578be62d45501ea9fbfe1d1f7759f249d5f9e85e22aa6f1f85b2a52ee0,acquisition,
1580,originals/oibf/2019/OIbF_2019_S4__6018fa7964ac3246.pdf,files/oibf/2019/OIbF_2019_S4__6018fa7964ac3246.pdf,6018fa7964ac3246d6c1847acaf599b11f31e9f7b343c8f35e41da0e003b42f2,768178,6,hardlink,6018fa7964ac3246d6c1847acaf599b11f31e9f7b343c8f35e41da0e003b42f2,acquisition,
1581,originals/oibf/2019/OIbF_2019_Q5__041d10a49c6c1c45.pdf,files/oibf/2019/OIbF_2019_Q5__041d10a49c6c1c45.pdf,041d10a49c6c1c45c7fe042c7804536b9e014dfb09c37b3bf2864c4e20b5cf7f,1015966,8,hardlink,041d10a49c6c1c45c7fe042c7804536b9e014dfb09c37b3bf2864c4e20b5cf7f,acquisition,
1582,originals/oibf/2019/OIbF_2019_S5__b7b37f6d82ec9db0.pdf,files/oibf/2019/OIbF_2019_S5__b7b37f6d82ec9db0.pdf,b7b37f6d82ec9db00a18bbb15d385f704368a3ae4cdea90b5d72e5be2e9ec45d,927439,6,hardlink,b7b37f6d82ec9db00a18bbb15d385f704368a3ae4cdea90b5d72e5be2e9ec45d,acquisition,
1583,originals/oibf/2018/OIbF_2018_S1__061c99498f021ae4.pdf,files/oibf/2018/OIbF_2018_S1__061c99498f021ae4.pdf,061c99498f021ae4390d1c3b9a8e8dcac3a38f267b22006395c6b4dac4240e2d,390963,2,hardlink,061c99498f021ae4390d1c3b9a8e8dcac3a38f267b22006395c6b4dac4240e2d,acquisition,
1584,originals/oibf/2018/OIbF_2018_Q2__989ebd8a8782c7f4.pdf,files/oibf/2018/OIbF_2018_Q2__989ebd8a8782c7f4.pdf,989ebd8a8782c7f4d507622e164b656e7bdae92fffb0e9518d9586584daf86b2,228076,4,hardlink,989ebd8a8782c7f4d507622e164b656e7bdae92fffb0e9518d9586584daf86b2,acquisition,
1585,originals/oibf/2018/OIbF_2018_Q1__8729e0b921a2cd5e.pdf,files/oibf/2018/OIbF_2018_Q1__8729e0b921a2cd5e.pdf,8729e0b921a2cd5ef0e6f1f7edf18a9b418be7f5f1dd9f3d6119726dd953a0d9,225785,1,hardlink,8729e0b921a2cd5ef0e6f1f7edf18a9b418be7f5f1dd9f3d6119726dd953a0d9,acquisition,
1586,originals/oibf/2018/OIbF_2018_S2__d609bfd1f6934c5d.pdf,files/oibf/2018/OIbF_2018_S2__d609bfd1f6934c5d.pdf,d609bfd1f6934c5d45f132eaa513827731e4b28e728c46482188ac27254d44f4,964534,5,hardlink,d609bfd1f6934c5d45f132eaa513827731e4b28e728c46482188ac27254d44f4,acquisition,
1587,originals/oibf/2018/OIbF_2018_Q3__154b0b0138579556.pdf,files/oibf/2018/OIbF_2018_Q3__154b0b0138579556.pdf,154b0b01385795563147cc15bca8912b958616fde64e5db0c91b7b28b9ea819d,156590,1,hardlink,154b0b01385795563147cc15bca8912b958616fde64e5db0c91b7b28b9ea819d,acquisition,
159,originals/ipho/2020/IPhO_2020_S3__9e846193b3d6e779.pdf,files/ipho/2020/IPhO_2020_S3__9e846193b3d6e779.pdf,9e846193b3d6e779fa4683788a89cc9e390d8b0ce5bf2cc88b2be4f75831769b,164481,5,hardlink,9e846193b3d6e779fa4683788a89cc9e390d8b0ce5bf2cc88b2be4f75831769b,acquisition,
1590,originals/oibf/2018/OIbF_2018_Q5__2c6fb92a847bc05a.pdf,files/oibf/2018/OIbF_2018_Q5__2c6fb92a847bc05a.pdf,2c6fb92a847bc05ac32131160f73865c1b966d296a98928aef02fe4ebc89be02,408466,6,hardlink,2c6fb92a847bc05ac32131160f73865c1b966d296a98928aef02fe4ebc89be02,acquisition,
1591,originals/oibf/2018/OIbF_2018_S3__c746c212486495d9.pdf,files/oibf/2018/OIbF_2018_S3__c746c212486495d9.pdf,c746c212486495d94c0a4ab730ea0990f0033cd66835244cf38b18ad0b6992ef,175848,2,hardlink,c746c212486495d94c0a4ab730ea0990f0033cd66835244cf38b18ad0b6992ef,acquisition,
1592,originals/oibf/2017/OIbF_2017_Q1__69e1a80bf941487a.pdf,files/oibf/2017/OIbF_2017_Q1__69e1a80bf941487a.pdf,69e1a80bf941487a9592f6443be09ce09054d490ab02c54ee93aeb06809bd9f5,558657,1,hardlink,69e1a80bf941487a9592f6443be09ce09054d490ab02c54ee93aeb06809bd9f5,acquisition,
1593,originals/oibf/2018/OIbF_2018_S5__4a55556f53b20f98.pdf,files/oibf/2018/OIbF_2018_S5__4a55556f53b20f98.pdf,4a55556f53b20f98e33e53b91e587ec1c4112568552d4b7b63e69afadc768b3d,879972,10,hardlink,4a55556f53b20f98e33e53b91e587ec1c4112568552d4b7b63e69afadc768b3d,acquisition,
1594,originals/oibf/2017/OIbF_2017_Q4__6e1ed0738c1c63f7.pdf,files/oibf/2017/OIbF_2017_Q4__6e1ed0738c1c63f7.pdf,6e1ed0738c1c63f709db0aace483e272c46b6def43cde5baad72f77a05457f2c,566242,1,hardlink,6e1ed0738c1c63f709db0aace483e272c46b6def43cde5baad72f77a05457f2c,acquisition,
1595,originals/oibf/2017/OIbF_2017_Q3__ad96aec31db79b7d.pdf,files/oibf/2017/OIbF_2017_Q3__ad96aec31db79b7d.pdf,ad96aec31db79b7d5e6dbee03dd6c0bb0c9084f0dc08bf1ad047cebb2ee4b4cd,695924,1,hardlink,ad96aec31db79b7d5e6dbee03dd6c0bb0c9084f0dc08bf1ad047cebb2ee4b4cd,acquisition,
1596,originals/oibf/2017/OIbF_2017_Q5__ba3fafe39ae5088a.pdf,files/oibf/2017/OIbF_2017_Q5__ba3fafe39ae5088a.pdf,ba3fafe39ae5088ae2742d73f8545731cab91d70e51ab8108073598c86e5c51e,631263,3,hardlink,ba3fafe39ae5088ae2742d73f8545731cab91d70e51ab8108073598c86e5c51e,acquisition,
1597,originals/oibf/2017/OIbF_2017_Q6__fda4af31c5cc1dab.pdf,files/oibf/2017/OIbF_2017_Q6__fda4af31c5cc1dab.pdf,fda4af31c5cc1dabe1544f3869c017991212290d646580c50cb6ed598e0565c0,629606,2,hardlink,fda4af31c5cc1dabe1544f3869c017991212290d646580c50cb6ed598e0565c0,acquisition,
1598,originals/oibf/2016/OIbF_2016_S1__7bea260885dd00b2.pdf,files/oibf/2016/OIbF_2016_S1__7bea260885dd00b2.pdf,7bea260885dd00b261954065fdf8cfe2df93d0857b735202b3fc46cd511e0259,526307,6,hardlink,7bea260885dd00b261954065fdf8cfe2df93d0857b735202b3fc46cd511e0259,acquisition,
1599,originals/oibf/2016/OIbF_2016_Q1__c41931e146e86005.pdf,files/oibf/2016/OIbF_2016_Q1__c41931e146e86005.pdf,c41931e146e8600529eb0d54e1cced961de7fe1f471a061752ed8b5093b0f61a,998765,5,hardlink,c41931e146e8600529eb0d54e1cced961de7fe1f471a061752ed8b5093b0f61a,acquisition,
16,originals/ipho/2026/IPhO_2026_S3__3ef1952f8a7466be.pdf,files/ipho/2026/IPhO_2026_S3__3ef1952f8a7466be.pdf,3ef1952f8a7466beb809764b2b0dcdd8191f71fd42ad4f71a96c0b53ab5bcb01,273124,2,hardlink,3ef1952f8a7466beb809764b2b0dcdd8191f71fd42ad4f71a96c0b53ab5bcb01,acquisition,
160,originals/ipho/2020/IPhO_2020_S4__8868df4f36d0fb84.pdf,files/ipho/2020/IPhO_2020_S4__8868df4f36d0fb84.pdf,8868df4f36d0fb84e21be56ef52b9b87045b3aa21b3e448ed7f991b80f5018ee,2856915,12,hardlink,8868df4f36d0fb84e21be56ef52b9b87045b3aa21b3e448ed7f991b80f5018ee,acquisition,
1600,originals/oibf/2016/OIbF_2016_S2__3be4c72f4ca2a9c6.pdf,files/oibf/2016/OIbF_2016_S2__3be4c72f4ca2a9c6.pdf,3be4c72f4ca2a9c6166856e35bb433445172cda9c1f7eb44ac0f77ac4fbf6271,472269,4,hardlink,3be4c72f4ca2a9c6166856e35bb433445172cda9c1f7eb44ac0f77ac4fbf6271,acquisition,
1601,originals/oibf/2016/OIbF_2016_Q3__256b40f893832f20.pdf,files/oibf/2016/OIbF_2016_Q3__256b40f893832f20.pdf,256b40f893832f20b3b2863b9b2485619e3ddca56d2f190e2365694232ee736d,568544,2,hardlink,256b40f893832f20b3b2863b9b2485619e3ddca56d2f190e2365694232ee736d,acquisition,
1602,originals/oibf/2016/OIbF_2016_Q2__65c09a3e2871d59f.pdf,files/oibf/2016/OIbF_2016_Q2__65c09a3e2871d59f.pdf,65c09a3e2871d59f6c90436b40aa24331bd8aa5221dfa5ade089b8c4c7358300,1243837,3,hardlink,65c09a3e2871d59f6c90436b40aa24331bd8aa5221dfa5ade089b8c4c7358300,acquisition,
1603,originals/oibf/2016/OIbF_2016_S3__9535e60d876671d0.pdf,files/oibf/2016/OIbF_2016_S3__9535e60d876671d0.pdf,9535e60d876671d0f462e56b4c3d9abaabd41032468bc69e410f8743f962937d,464314,2,hardlink,9535e60d876671d0f462e56b4c3d9abaabd41032468bc69e410f8743f962937d,acquisition,
1604,originals/oibf/2016/OIbF_2016_Q4__bc1b892b15b3ae7d.pdf,files/oibf/2016/OIbF_2016_Q4__bc1b892b15b3ae7d.pdf,bc1b892b15b3ae7df09ddbe46cc405d8ba37f34150e444b1c79d6792a4b4414c,536584,3,hardlink,bc1b892b15b3ae7df09ddbe46cc405d8ba37f34150e444b1c79d6792a4b4414c,acquisition,
1605,originals/oibf/2016/OIbF_2016_Q5__2dfc1b2449ff86e6.pdf,files/oibf/2016/OIbF_2016_Q5__2dfc1b2449ff86e6.pdf,2dfc1b2449ff86e6b7a9c366fb248e717df6958d6adb8d031f7d996ad214fa62,463738,1,hardlink,2dfc1b2449ff86e6b7a9c366fb248e717df6958d6adb8d031f7d996ad214fa62,acquisition,
1606,originals/oibf/2015/OIbF_2015_Q1__9efd1c1c3a32a7b2.pdf,files/oibf/2015/OIbF_2015_Q1__9efd1c1c3a32a7b2.pdf,9efd1c1c3a32a7b244b9af12ec70c7b96c8628952c5ca5093bfa3a3fa551b4f3,208416,1,hardlink,9efd1c1c3a32a7b244b9af12ec70c7b96c8628952c5ca5093bfa3a3fa551b4f3,acquisition,
1607,originals/oibf/2015/OIbF_2015_Q2__78296ce717e3e289.pdf,files/oibf/2015/OIbF_2015_Q2__78296ce717e3e289.pdf,78296ce717e3e289567aabd739ee9e26aad0f25efe6d68952966205a42bd0287,1038080,4,hardlink,78296ce717e3e289567aabd739ee9e26aad0f25efe6d68952966205a42bd0287,acquisition,
1608,originals/oibf/2015/OIbF_2015_Q3__656232868a8e2a21.pdf,files/oibf/2015/OIbF_2015_Q3__656232868a8e2a21.pdf,656232868a8e2a2172c1858e388fdf14fbbdcfa8ecbdcbd8b68ec4caaa66b5ad,92890,1,hardlink,656232868a8e2a2172c1858e388fdf14fbbdcfa8ecbdcbd8b68ec4caaa66b5ad,acquisition,
1609,originals/oibf/2014/OIbF_2014_Q1-3__586adadb32c13a8a.pdf,files/oibf/2014/OIbF_2014_Q1-3__586adadb32c13a8a.pdf,586adadb32c13a8af56f81eb117bb3c253240e8927192552948d474ee6e71a1b,772777,6,hardlink,586adadb32c13a8af56f81eb117bb3c253240e8927192552948d474ee6e71a1b,acquisition,
161,originals/ipho/2020/IPhO_2020_Q4__3aebe20ff8a3af68.pdf,files/ipho/2020/IPhO_2020_Q4__3aebe20ff8a3af68.pdf,3aebe20ff8a3af686e7c7b052d87d82ce1235bd47134e8cdbde80db49fe36da1,8512111,13,hardlink,3aebe20ff8a3af686e7c7b052d87d82ce1235bd47134e8cdbde80db49fe36da1,acquisition,
1610,originals/oibf/2015/OIbF_2015_Q4__96396db7a21d85b0.pdf,files/oibf/2015/OIbF_2015_Q4__96396db7a21d85b0.pdf,96396db7a21d85b0bc1118799d3e782c4710ffa2152b386e7e1435b7687e08ed,2895250,3,hardlink,96396db7a21d85b0bc1118799d3e782c4710ffa2152b386e7e1435b7687e08ed,acquisition,
1611,originals/oibf/2014/OIbF_2014_Q4__97726dfd3812844e.pdf,files/oibf/2014/OIbF_2014_Q4__97726dfd3812844e.pdf,97726dfd3812844ecb359f0433c2eb71b3995edff7b8f8a33f6afed0268967ae,177649,2,hardlink,97726dfd3812844ecb359f0433c2eb71b3995edff7b8f8a33f6afed0268967ae,acquisition,
1612,originals/oibf/2013/OIbF_2013_Q1__39c14f9885eb7b81.pdf,files/oibf/2013/OIbF_2013_Q1__39c14f9885eb7b81.pdf,39c14f9885eb7b81960455aa44f004d882ceede5ced8cd86e0f0e97375dbbb0b,411517,2,hardlink,39c14f9885eb7b81960455aa44f004d882ceede5ced8cd86e0f0e97375dbbb0b,acquisition,
1613,originals/oibf/2013/OIbF_2013_Q2__29512cf6359ef579.pdf,files/oibf/2013/OIbF_2013_Q2__29512cf6359ef579.pdf,29512cf6359ef5795dc7e8132caeb1111cca0a517a4adda4d6443dbbc933d7a7,434907,2,hardlink,29512cf6359ef5795dc7e8132caeb1111cca0a517a4adda4d6443dbbc933d7a7,acquisition,
1614,originals/oibf/2013/OIbF_2013_Q3__7913e69aabbce8d6.pdf,files/oibf/2013/OIbF_2013_Q3__7913e69aabbce8d6.pdf,7913e69aabbce8d632fcd2c6927ce26b47de3e78ffe2aabe6d973e28a4823e0e,757122,2,hardlink,7913e69aabbce8d632fcd2c6927ce26b47de3e78ffe2aabe6d973e28a4823e0e,acquisition,
1615,originals/oibf/2013/OIbF_2013_Q5__609917b7f33fe7be.pdf,files/oibf/2013/OIbF_2013_Q5__609917b7f33fe7be.pdf,609917b7f33fe7bed068aaf53c8fc3c22dd589e0a272fcd8a3ad3b92796e3427,212636,1,hardlink,609917b7f33fe7bed068aaf53c8fc3c22dd589e0a272fcd8a3ad3b92796e3427,acquisition,
1616,originals/oibf/2013/OIbF_2013_Q4__79835969162107b2.pdf,files/oibf/2013/OIbF_2013_Q4__79835969162107b2.pdf,79835969162107b291503463a922848a5c11dce3c3cd814422d615d5bc918038,283194,2,hardlink,79835969162107b291503463a922848a5c11dce3c3cd814422d615d5bc918038,acquisition,
1617,originals/oibf/2012/OIbF_2012_Q1-6__52db4d812aa76ac0.pdf,files/oibf/2012/OIbF_2012_Q1-6__52db4d812aa76ac0.pdf,52db4d812aa76ac04b7d3ef892a2e170f29d1c8e442137fdda8584d17cd6fa65,2578326,29,hardlink,52db4d812aa76ac04b7d3ef892a2e170f29d1c8e442137fdda8584d17cd6fa65,acquisition,
1618,originals/oibf/2011/OIbF_2011_Q1-2__5dc65b9428f7aefa.pdf,files/oibf/2011/OIbF_2011_Q1-2__5dc65b9428f7aefa.pdf,5dc65b9428f7aefa9e0b54c827d1a82e56c06fec1afa97098937b77c726e592a,2120449,5,hardlink,5dc65b9428f7aefa9e0b54c827d1a82e56c06fec1afa97098937b77c726e592a,acquisition,
1619,originals/oibf/2011/OIbF_2011_Q3__b1bae9e14422a0a3.pdf,files/oibf/2011/OIbF_2011_Q3__b1bae9e14422a0a3.pdf,b1bae9e14422a0a35fe5f2cf83557634b6803828a59662a236bb2b075cf65ded,255628,4,hardlink,b1bae9e14422a0a35fe5f2cf83557634b6803828a59662a236bb2b075cf65ded,acquisition,
162,originals/ipho/2020/IPhO_2020_Q4_Appendix__46c22383f9f497cf.pdf,files/ipho/2020/IPhO_2020_Q4_Appendix__46c22383f9f497cf.pdf,46c22383f9f497cf17b7dd98274594e612f2d035081726530ab19031ad0d2a76,92583,3,hardlink,46c22383f9f497cf17b7dd98274594e612f2d035081726530ab19031ad0d2a76,acquisition,
1620,originals/oibf/2010/OIbF_2010_Q1-3__c75ab9f33ff25333.pdf,files/oibf/2010/OIbF_2010_Q1-3__c75ab9f33ff25333.pdf,c75ab9f33ff25333b652c79ac41889cbb6acaaa4636d51f065acff39d1772b30,265328,6,hardlink,c75ab9f33ff25333b652c79ac41889cbb6acaaa4636d51f065acff39d1772b30,acquisition,
1621,originals/oibf/2010/OIbF_2010_Q4__15143eb8a5713010.pdf,files/oibf/2010/OIbF_2010_Q4__15143eb8a5713010.pdf,15143eb8a5713010103c983f9df30354eb10ab33ad14a45249dfe4a29c6f451d,713897,3,hardlink,15143eb8a5713010103c983f9df30354eb10ab33ad14a45249dfe4a29c6f451d,acquisition,
1622,originals/oibf/2009/OIbF_2009_Q1-4__ec2bbfc64b4b7cb9.pdf,files/oibf/2009/OIbF_2009_Q1-4__ec2bbfc64b4b7cb9.pdf,ec2bbfc64b4b7cb95581d2a5c7596bfd479b31fcdf59644886b4fcb045cdf68b,181044,4,hardlink,ec2bbfc64b4b7cb95581d2a5c7596bfd479b31fcdf59644886b4fcb045cdf68b,acquisition,
1623,originals/oibf/2009/OIbF_2009_S1-4__69c0f1e863040267.pdf,files/oibf/2009/OIbF_2009_S1-4__69c0f1e863040267.pdf,69c0f1e86304026718d5171dfaf10eec42577ec71981180d4009271349475c07,784622,4,hardlink,69c0f1e86304026718d5171dfaf10eec42577ec71981180d4009271349475c07,acquisition,
1624,originals/oibf/2009/OIbF_2009_Q5__8253e52019aa8aec.pdf,files/oibf/2009/OIbF_2009_Q5__8253e52019aa8aec.pdf,8253e52019aa8aec1ade30a7201b164f491904e74de064253c3dd2b1baf2c68c,40572,2,hardlink,8253e52019aa8aec1ade30a7201b164f491904e74de064253c3dd2b1baf2c68c,acquisition,
1625,originals/oibf/2008/OIbF_2008_Q1__3f487993026f0947.pdf,files/oibf/2008/OIbF_2008_Q1__3f487993026f0947.pdf,3f487993026f0947d580a5a5c0d110aee439164fdea5897c4a98f036f6cd2b7d,203888,6,hardlink,3f487993026f0947d580a5a5c0d110aee439164fdea5897c4a98f036f6cd2b7d,acquisition,
1626,originals/oibf/2008/OIbF_2008_Q2__5cf2f45ab61864e0.pdf,files/oibf/2008/OIbF_2008_Q2__5cf2f45ab61864e0.pdf,5cf2f45ab61864e0e41e3d36ea660878558316db96ae549673990835d2829abf,202282,7,hardlink,5cf2f45ab61864e0e41e3d36ea660878558316db96ae549673990835d2829abf,acquisition,
1627,originals/oibf/2008/OIbF_2008_S1__e9c062485a6b2964.pdf,files/oibf/2008/OIbF_2008_S1__e9c062485a6b2964.pdf,e9c062485a6b2964f9353b63933ddcdf9199fc4dffbb68c839979a4f8aedbd4c,85394,2,hardlink,e9c062485a6b2964f9353b63933ddcdf9199fc4dffbb68c839979a4f8aedbd4c,acquisition,
1628,originals/oibf/2008/OIbF_2008_Q3__fd994aa37fcd1861.pdf,files/oibf/2008/OIbF_2008_Q3__fd994aa37fcd1861.pdf,fd994aa37fcd1861c66a9e4ac12f4936d52aebdd0853bea28f5cdc45852f30ec,127213,3,hardlink,fd994aa37fcd1861c66a9e4ac12f4936d52aebdd0853bea28f5cdc45852f30ec,acquisition,
1629,originals/oibf/2008/OIbF_2008_S2__03122244ec66ece8.pdf,files/oibf/2008/OIbF_2008_S2__03122244ec66ece8.pdf,03122244ec66ece8a91a7787e31cb0d44bc33695771708f467af5c2ba5f69105,146367,4,hardlink,03122244ec66ece8a91a7787e31cb0d44bc33695771708f467af5c2ba5f69105,acquisition,
163,originals/ipho/2020/IPhO_2020_Q4_Instructions__1df5f0e519bc3781.pdf,files/ipho/2020/IPhO_2020_Q4_Instructions__1df5f0e519bc3781.pdf,1df5f0e519bc3781434e75278598843c1ced4ac26af32e9b45f9897daf7df8f5,18627,1,hardlink,1df5f0e519bc3781434e75278598843c1ced4ac26af32e9b45f9897daf7df8f5,acquisition,
1630,originals/oibf/2008/OIbF_2008_S3__cac03b8ea7c2c084.pdf,files/oibf/2008/OIbF_2008_S3__cac03b8ea7c2c084.pdf,cac03b8ea7c2c08442587b590d455507327b773b7f9a64272dbcdbadfa9e0e4e,152256,2,hardlink,cac03b8ea7c2c08442587b590d455507327b773b7f9a64272dbcdbadfa9e0e4e,acquisition,
1631,originals/oibf/2008/OIbF_2008_Q4__1cd170cad412ca61.pdf,files/oibf/2008/OIbF_2008_Q4__1cd170cad412ca61.pdf,1cd170cad412ca61971d88fd8aab958bd0faa2769511a1a804d2676bed837ffc,654439,11,hardlink,1cd170cad412ca61971d88fd8aab958bd0faa2769511a1a804d2676bed837ffc,acquisition,
1632,originals/oibf/2007/OIbF_2007_Q4__203e6d4ec9bb9009.pdf,files/oibf/2007/OIbF_2007_Q4__203e6d4ec9bb9009.pdf,203e6d4ec9bb90098326b7e7f204dd1cd40f8ca57437615ef8d13cc5c661d375,185110,11,hardlink,203e6d4ec9bb90098326b7e7f204dd1cd40f8ca57437615ef8d13cc5c661d375,acquisition,
1633,originals/oibf/2007/OIbF_2007_Q1-3__0744a1f6bd89aad5.pdf,files/oibf/2007/OIbF_2007_Q1-3__0744a1f6bd89aad5.pdf,0744a1f6bd89aad5a413a0aaf9d21f0ddcc9e677dbea853004a5676cc8149298,212947,9,hardlink,0744a1f6bd89aad5a413a0aaf9d21f0ddcc9e677dbea853004a5676cc8149298,acquisition,
1634,originals/oibf/2006/OIbF_2006_S1-4__fae1d20d93ab270c.pdf,files/oibf/2006/OIbF_2006_S1-4__fae1d20d93ab270c.pdf,fae1d20d93ab270c33c4bd2c5f47f788a1e1d614394d8050fcd7a755dd5df3e8,119178,8,hardlink,fae1d20d93ab270c33c4bd2c5f47f788a1e1d614394d8050fcd7a755dd5df3e8,acquisition,
1635,originals/oibf/2006/OIbF_2006_Q1-4__ed33f77ea3737caa.pdf,files/oibf/2006/OIbF_2006_Q1-4__ed33f77ea3737caa.pdf,ed33f77ea3737caaa089dcf81ac1fc3d9064e95eada5377e0526c8c54beda0e2,112143,8,hardlink,ed33f77ea3737caaa089dcf81ac1fc3d9064e95eada5377e0526c8c54beda0e2,acquisition,
1636,originals/oibf/2006/OIbF_2006_S5-6__70ec62614d921f9d.pdf,files/oibf/2006/OIbF_2006_S5-6__70ec62614d921f9d.pdf,70ec62614d921f9d3a4091a190f72c61c7678718a8bbfe577758c25ff571bd3a,160050,12,hardlink,70ec62614d921f9d3a4091a190f72c61c7678718a8bbfe577758c25ff571bd3a,acquisition,
1637,originals/oibf/2006/OIbF_2006_Q5-6__af9ab86299a16bfc.pdf,files/oibf/2006/OIbF_2006_Q5-6__af9ab86299a16bfc.pdf,af9ab86299a16bfc32e12c33c8c2531c8e866e061545b6f7be251568e3f49fae,107553,7,hardlink,af9ab86299a16bfc32e12c33c8c2531c8e866e061545b6f7be251568e3f49fae,acquisition,
1638,originals/oibf/2005/OIbF_2005_Q1-5__63cc4a6657ce6fd6.pdf,files/oibf/2005/OIbF_2005_Q1-5__63cc4a6657ce6fd6.pdf,63cc4a6657ce6fd65dc5e0df61609fdb67f24366d96004c24eb4b33344db4290,114815,4,hardlink,63cc4a6657ce6fd65dc5e0df61609fdb67f24366d96004c24eb4b33344db4290,acquisition,
1639,originals/oibf/2005/OIbF_2005_Q6-7__d613ecacc8e0de9a.pdf,files/oibf/2005/OIbF_2005_Q6-7__d613ecacc8e0de9a.pdf,d613ecacc8e0de9abca726f8f392e6a9faf775dc6dcd944133d29dedeb762ee4,224712,4,hardlink,d613ecacc8e0de9abca726f8f392e6a9faf775dc6dcd944133d29dedeb762ee4,acquisition,
164,originals/ipho/2019/IPhO_2019_S1__b6edd014adb2f8ba.pdf,files/ipho/2019/IPhO_2019_S1__b6edd014adb2f8ba.pdf,b6edd014adb2f8bab5a47289b137f3b61f84186bd602b7212fa86088e7bbbce2,732127,4,hardlink,b6edd014adb2f8bab5a47289b137f3b61f84186bd602b7212fa86088e7bbbce2,acquisition,
1640,originals/oibf/2004/OIbF_2004_Q1-4__b928f702e0b0a548.pdf,files/oibf/2004/OIbF_2004_Q1-4__b928f702e0b0a548.pdf,b928f702e0b0a5482932ec61ffadceaca78745d4884193fdaaf33b281a0370c0,126951,5,hardlink,b928f702e0b0a5482932ec61ffadceaca78745d4884193fdaaf33b281a0370c0,acquisition,
1641,originals/oibf/2004/OIbF_2004_Q5__41eb75d4e1f8e831.pdf,files/oibf/2004/OIbF_2004_Q5__41eb75d4e1f8e831.pdf,41eb75d4e1f8e831b5b4f1ae13ae54081adb6b2e42263759eba8374a757e4fba,43781,2,hardlink,41eb75d4e1f8e831b5b4f1ae13ae54081adb6b2e42263759eba8374a757e4fba,acquisition,
1642,originals/oibf/2003/OIbF_2003_Q1-3__c97493f40649538e.pdf,files/oibf/2003/OIbF_2003_Q1-3__c97493f40649538e.pdf,c97493f40649538edb7594a8cb8a21c1eecaaf16b32125f4714d22533dd4d825,89560,4,hardlink,c97493f40649538edb7594a8cb8a21c1eecaaf16b32125f4714d22533dd4d825,acquisition,
1643,originals/oibf/2004/OIbF_2004_Q6__02930de6e933960c.pdf,files/oibf/2004/OIbF_2004_Q6__02930de6e933960c.pdf,02930de6e933960c2629cca8c9b668dbd414d548fa4e8ee0b56aa03cc8ffb773,45783,2,hardlink,02930de6e933960c2629cca8c9b668dbd414d548fa4e8ee0b56aa03cc8ffb773,acquisition,
1644,originals/oibf/2003/OIbF_2003_Q4__4c84bbc28404c200.pdf,files/oibf/2003/OIbF_2003_Q4__4c84bbc28404c200.pdf,4c84bbc28404c2008f2662cbec41909655a202a99a9a3189f873026015cbbb68,71117,3,hardlink,4c84bbc28404c2008f2662cbec41909655a202a99a9a3189f873026015cbbb68,acquisition,
1645,originals/oibf/2002/OIbF_2002_Q7__e44df1183d02afb8.pdf,files/oibf/2002/OIbF_2002_Q7__e44df1183d02afb8.pdf,e44df1183d02afb8f6eeb0e6a9a940aef69f6ace3774fcc47f7617289e42fd89,87067,2,hardlink,e44df1183d02afb8f6eeb0e6a9a940aef69f6ace3774fcc47f7617289e42fd89,acquisition,
1646,originals/oibf/2002/OIbF_2002_Q1-6__21f96b19563eb032.pdf,files/oibf/2002/OIbF_2002_Q1-6__21f96b19563eb032.pdf,21f96b19563eb0328d908417576d2ad84ea0686c9ff84baf06af7960fdcad632,90662,4,hardlink,21f96b19563eb0328d908417576d2ad84ea0686c9ff84baf06af7960fdcad632,acquisition,
1647,originals/oibf/2001/OIbF_2001_Q1-7__742cd6380369e115.pdf,files/oibf/2001/OIbF_2001_Q1-7__742cd6380369e115.pdf,742cd6380369e115978c56f70be285b9a323820c82322b82637369e60ecee5ca,82661,4,hardlink,742cd6380369e115978c56f70be285b9a323820c82322b82637369e60ecee5ca,acquisition,
1648,originals/oibf/2000/OIbF_2000_Q1-5__44838bb7ec820f15.pdf,files/oibf/2000/OIbF_2000_Q1-5__44838bb7ec820f15.pdf,44838bb7ec820f154957598bd5adc8f87e8687f4af1e31f47ed3b88e4c6c1f20,132701,6,hardlink,44838bb7ec820f154957598bd5adc8f87e8687f4af1e31f47ed3b88e4c6c1f20,acquisition,
1649,originals/oibf/2001/OIbF_2001_Q8__9f0d755b05c7f814.pdf,files/oibf/2001/OIbF_2001_Q8__9f0d755b05c7f814.pdf,9f0d755b05c7f8142c190582d6e4f658cf1729a3ede055313e3ef06e7736ffd7,108178,3,hardlink,9f0d755b05c7f8142c190582d6e4f658cf1729a3ede055313e3ef06e7736ffd7,acquisition,
165,originals/ipho/2019/IPhO_2019_Q1__96b623b665b38e67.pdf,files/ipho/2019/IPhO_2019_Q1__96b623b665b38e67.pdf,96b623b665b38e671740257d7e28b7b2b2d92db3450be39e5043f00e22ef6927,921181,3,hardlink,96b623b665b38e671740257d7e28b7b2b2d92db3450be39e5043f00e22ef6927,acquisition,
1650,originals/oibf/2000/OIbF_2000_Q6-7__a77d45a5fe84f504.pdf,files/oibf/2000/OIbF_2000_Q6-7__a77d45a5fe84f504.pdf,a77d45a5fe84f5048fa3db1588b69a417886102ef8d6d8738338cf06cce65650,116582,3,hardlink,a77d45a5fe84f5048fa3db1588b69a417886102ef8d6d8738338cf06cce65650,acquisition,
1651,originals/oibf/1999/OIbF_1999_Q5-6__d5cc8e63f9f56f02.pdf,files/oibf/1999/OIbF_1999_Q5-6__d5cc8e63f9f56f02.pdf,d5cc8e63f9f56f028921387a474c307d34eef7fb353eadf400e2285fb7d4303d,76386,2,hardlink,d5cc8e63f9f56f028921387a474c307d34eef7fb353eadf400e2285fb7d4303d,acquisition,
1652,originals/oibf/1999/OIbF_1999_Q1-4__d64587099ca9067e.pdf,files/oibf/1999/OIbF_1999_Q1-4__d64587099ca9067e.pdf,d64587099ca9067e2309d935803622aaba12f0f975de243444df2779633a9f15,30029,2,hardlink,d64587099ca9067e2309d935803622aaba12f0f975de243444df2779633a9f15,acquisition,
1653,originals/oibf/1998/OIbF_1998_Q1-7__ac1dbfc0247f128c.pdf,files/oibf/1998/OIbF_1998_Q1-7__ac1dbfc0247f128c.pdf,ac1dbfc0247f128cdf1f96528e28c2cc6b139110c45768256a58547e4b55413b,95497,4,hardlink,ac1dbfc0247f128cdf1f96528e28c2cc6b139110c45768256a58547e4b55413b,acquisition,
1654,originals/oibf/1998/OIbF_1998_Q8-9__6a02704b15b41962.pdf,files/oibf/1998/OIbF_1998_Q8-9__6a02704b15b41962.pdf,6a02704b15b41962393f020266fbfbabeae0b3c4a30f87ed115119b25614e524,68421,2,hardlink,6a02704b15b41962393f020266fbfbabeae0b3c4a30f87ed115119b25614e524,acquisition,
1655,originals/oibf/1997/OIbF_1997_Q1-7__ed694ab27ee84f09.pdf,files/oibf/1997/OIbF_1997_Q1-7__ed694ab27ee84f09.pdf,ed694ab27ee84f09fe1f9bc74a5d3e5604bba79990f7828674e95298f7a1ec80,78181,3,hardlink,ed694ab27ee84f09fe1f9bc74a5d3e5604bba79990f7828674e95298f7a1ec80,acquisition,
1656,originals/oibf/1991/OIbF_1991_Q1-3__63c0feffca48c79b.pdf,files/oibf/1991/OIbF_1991_Q1-3__63c0feffca48c79b.pdf,63c0feffca48c79b24372fdda7b317fe7917fa6e08cc305809a1bf4cf5418bfc,129358,4,hardlink,63c0feffca48c79b24372fdda7b317fe7917fa6e08cc305809a1bf4cf5418bfc,acquisition,
1657,originals/oibf/1997/OIbF_1997_Q8-9__b5b16784b1c9db5a.pdf,files/oibf/1997/OIbF_1997_Q8-9__b5b16784b1c9db5a.pdf,b5b16784b1c9db5a423ee5f3f0464c53038f69d19da86a29987d8ec2bf6bb7ba,42252,2,hardlink,b5b16784b1c9db5a423ee5f3f0464c53038f69d19da86a29987d8ec2bf6bb7ba,acquisition,
1658,originals/oibf/1991/OIbF_1991_Q4__06262053a9658b84.pdf,files/oibf/1991/OIbF_1991_Q4__06262053a9658b84.pdf,06262053a9658b843ada1a85b60a878d0ce6e0b1e79dbd651eaac2cd526c0f60,59109,1,hardlink,06262053a9658b843ada1a85b60a878d0ce6e0b1e79dbd651eaac2cd526c0f60,acquisition,
1659,originals/rmph/2024/RMPh_2024_Q1__d3f6dc5fd486e5b9.pdf,files/rmph/2024/RMPh_2024_Q1__d3f6dc5fd486e5b9.pdf,d3f6dc5fd486e5b950c5515dbef3c50451f1502301718bb876aec9103b29ced2,341967,3,hardlink,d3f6dc5fd486e5b950c5515dbef3c50451f1502301718bb876aec9103b29ced2,acquisition,
166,originals/ipho/2020/IPhO_2020_A4__fadb2ea30addedcd.pdf,files/ipho/2020/IPhO_2020_A4__fadb2ea30addedcd.pdf,fadb2ea30addedcd86ef55c00bec5be026f48a6eab6fa57939fd2e5f27083d55,1347028,7,hardlink,fadb2ea30addedcd86ef55c00bec5be026f48a6eab6fa57939fd2e5f27083d55,acquisition,
1660,originals/rmph/2024/RMPh_2024_S1__5a2471ed3555245d.pdf,files/rmph/2024/RMPh_2024_S1__5a2471ed3555245d.pdf,5a2471ed3555245dbb45ce36677c2fd7ab0e8a05cc675625e58c9aee7793f87d,750210,7,hardlink,5a2471ed3555245dbb45ce36677c2fd7ab0e8a05cc675625e58c9aee7793f87d,acquisition,
1661,originals/rmph/2024/RMPh_2024_Q2__2f338c4d3d7de872.pdf,files/rmph/2024/RMPh_2024_Q2__2f338c4d3d7de872.pdf,2f338c4d3d7de872c2fb88682babfe03dbefcd734eab897827584280169654b3,196092,2,hardlink,2f338c4d3d7de872c2fb88682babfe03dbefcd734eab897827584280169654b3,acquisition,
1662,originals/rmph/2024/RMPh_2024_Q3__1694feb1fbecbd5a.pdf,files/rmph/2024/RMPh_2024_Q3__1694feb1fbecbd5a.pdf,1694feb1fbecbd5afdcecd96af305d8fa21115f97ecc4710ed978dfbd3e812f1,135096,2,hardlink,1694feb1fbecbd5afdcecd96af305d8fa21115f97ecc4710ed978dfbd3e812f1,acquisition,
1663,originals/rmph/2024/RMPh_2024_S2__13fc56cdd7f73de4.pdf,files/rmph/2024/RMPh_2024_S2__13fc56cdd7f73de4.pdf,13fc56cdd7f73de499c57c3a8a68c98c806163c8b5f5aedca404dc92030ac9cf,267415,2,hardlink,13fc56cdd7f73de499c57c3a8a68c98c806163c8b5f5aedca404dc92030ac9cf,acquisition,
1664,originals/rmph/2024/RMPh_2024_Q4__449fb443237608d6.pdf,files/rmph/2024/RMPh_2024_Q4__449fb443237608d6.pdf,449fb443237608d64318b1ce007d0a233390cd67f4b9e6d1eb058bcb65a26352,111623,4,hardlink,449fb443237608d64318b1ce007d0a233390cd67f4b9e6d1eb058bcb65a26352,acquisition,
1665,originals/rmph/2024/RMPh_2024_S3__5e5a5ce3934e9784.pdf,files/rmph/2024/RMPh_2024_S3__5e5a5ce3934e9784.pdf,5e5a5ce3934e9784ede1d24143fe8a9d69116fa1ab01b6dd72226a59bf952988,264747,1,hardlink,5e5a5ce3934e9784ede1d24143fe8a9d69116fa1ab01b6dd72226a59bf952988,acquisition,
1666,originals/rmph/2024/RMPh_2024_S4__1b3447c28f85ea2c.pdf,files/rmph/2024/RMPh_2024_S4__1b3447c28f85ea2c.pdf,1b3447c28f85ea2cbe3c2f510c8a101d5e921580ce3142003dc23a49f4c7f203,469579,10,hardlink,1b3447c28f85ea2cbe3c2f510c8a101d5e921580ce3142003dc23a49f4c7f203,acquisition,
1667,originals/rmph/2023/RMPh_2023_Q1__a2376d8aa80ddbba.pdf,files/rmph/2023/RMPh_2023_Q1__a2376d8aa80ddbba.pdf,a2376d8aa80ddbba811fbf343c5dd6595caa87263dd69e0081968d1f80a38a1c,547113,1,hardlink,a2376d8aa80ddbba811fbf343c5dd6595caa87263dd69e0081968d1f80a38a1c,acquisition,
1668,originals/rmph/2023/RMPh_2023_Q2__888490d07ce7940d.pdf,files/rmph/2023/RMPh_2023_Q2__888490d07ce7940d.pdf,888490d07ce7940dd747f22ec2f7361143714f324f6343ade2978af06fdfbf81,467591,2,hardlink,888490d07ce7940dd747f22ec2f7361143714f324f6343ade2978af06fdfbf81,acquisition,
1669,originals/rmph/2023/RMPh_2023_S1__5fd4f20d5573bb5b.pdf,files/rmph/2023/RMPh_2023_S1__5fd4f20d5573bb5b.pdf,5fd4f20d5573bb5b92ad6c224ad289417d278983503a7b848fb41dc27af779de,475546,3,hardlink,5fd4f20d5573bb5b92ad6c224ad289417d278983503a7b848fb41dc27af779de,acquisition,
167,originals/ipho/2019/IPhO_2019_M1__d2f8aaa9a7965a91.pdf,files/ipho/2019/IPhO_2019_M1__d2f8aaa9a7965a91.pdf,d2f8aaa9a7965a912adcce4dfd0ab283355c554b73d5da7e7df59d238c9bfdce,1106923,5,hardlink,d2f8aaa9a7965a912adcce4dfd0ab283355c554b73d5da7e7df59d238c9bfdce,acquisition,
1670,originals/rmph/2023/RMPh_2023_S2__9d4c165117dfd070.pdf,files/rmph/2023/RMPh_2023_S2__9d4c165117dfd070.pdf,9d4c165117dfd070ec3d6245505b53328aedfe98a9e93de056199f99eec07e1e,411011,9,hardlink,9d4c165117dfd070ec3d6245505b53328aedfe98a9e93de056199f99eec07e1e,acquisition,
1671,originals/rmph/2023/RMPh_2023_Q3__3f31354fe682e936.pdf,files/rmph/2023/RMPh_2023_Q3__3f31354fe682e936.pdf,3f31354fe682e9361611db3f789b8ee4e532da7144a5d32722a5a5febc7e7c7f,479310,1,hardlink,3f31354fe682e9361611db3f789b8ee4e532da7144a5d32722a5a5febc7e7c7f,acquisition,
1672,originals/rmph/2023/RMPh_2023_S3__224de11223ca540c.pdf,files/rmph/2023/RMPh_2023_S3__224de11223ca540c.pdf,224de11223ca540c3fec88b3b4e70d7c8e15fc4fcc7d7bffdd38237ae75d1f64,410365,3,hardlink,224de11223ca540c3fec88b3b4e70d7c8e15fc4fcc7d7bffdd38237ae75d1f64,acquisition,
1673,originals/rmph/2023/RMPh_2023_Q4__329eb0b68a0a56bd.pdf,files/rmph/2023/RMPh_2023_Q4__329eb0b68a0a56bd.pdf,329eb0b68a0a56bdf7a31640424c7b9532f791eba9c0cda122ed8456111a7a2f,593422,9,hardlink,329eb0b68a0a56bdf7a31640424c7b9532f791eba9c0cda122ed8456111a7a2f,acquisition,
1674,originals/rmph/2021/RMPh_2021_Q1__6cfce24d4fb80b28.pdf,files/rmph/2021/RMPh_2021_Q1__6cfce24d4fb80b28.pdf,6cfce24d4fb80b2806a1c5b3e45d53772479fb52f145d80c2eb42be4dd338abb,188213,2,hardlink,6cfce24d4fb80b2806a1c5b3e45d53772479fb52f145d80c2eb42be4dd338abb,acquisition,
1675,originals/rmph/2021/RMPh_2021_S1__07fb5d27241f8655.pdf,files/rmph/2021/RMPh_2021_S1__07fb5d27241f8655.pdf,07fb5d27241f86552ef7e365616e32f6cc96b74f24c8f86b9865462990929fa9,403342,6,hardlink,07fb5d27241f86552ef7e365616e32f6cc96b74f24c8f86b9865462990929fa9,acquisition,
1676,originals/rmph/2021/RMPh_2021_Q2__e588b65ab7686224.pdf,files/rmph/2021/RMPh_2021_Q2__e588b65ab7686224.pdf,e588b65ab768622460586bc55a7813d8134be52bbb3940214cbe05e1c0780164,563096,4,hardlink,e588b65ab768622460586bc55a7813d8134be52bbb3940214cbe05e1c0780164,acquisition,
1677,originals/rmph/2021/RMPh_2021_S2__67b14747bfb98d47.pdf,files/rmph/2021/RMPh_2021_S2__67b14747bfb98d47.pdf,67b14747bfb98d476bd4759bd6f0ff5f535867684775a5e10ca9d560061a7566,628291,9,hardlink,67b14747bfb98d476bd4759bd6f0ff5f535867684775a5e10ca9d560061a7566,acquisition,
1678,originals/rmph/2021/RMPh_2021_Q3__b490a82e557b3368.pdf,files/rmph/2021/RMPh_2021_Q3__b490a82e557b3368.pdf,b490a82e557b33683b21e383046122c89cac00a8f531e8d836c0dcdb937d44fb,255638,3,hardlink,b490a82e557b33683b21e383046122c89cac00a8f531e8d836c0dcdb937d44fb,acquisition,
1679,originals/oibf/2017/OIbF_2017_Q2__111812d4e6a87d47.pdf,files/oibf/2017/OIbF_2017_Q2__111812d4e6a87d47.pdf,111812d4e6a87d47fbc06d6bb2054586be944a16ca8b05a20f996783f8afbb4c,565832,1,hardlink,111812d4e6a87d47fbc06d6bb2054586be944a16ca8b05a20f996783f8afbb4c,acquisition,
168,originals/ipho/2019/IPhO_2019_P1__f88b0b09bc06f7a0.pdf,files/ipho/2019/IPhO_2019_P1__f88b0b09bc06f7a0.pdf,f88b0b09bc06f7a07a7b7d3487239a3ff7c954fbf3d883491d3610ac4a3fbfd0,213737,8,hardlink,f88b0b09bc06f7a07a7b7d3487239a3ff7c954fbf3d883491d3610ac4a3fbfd0,acquisition,
1680,originals/rmph/2021/RMPh_2021_S3__eed382397eba94cd.pdf,files/rmph/2021/RMPh_2021_S3__eed382397eba94cd.pdf,eed382397eba94cdbe53344a03421a2394639cfb11b657533f9b4ccc1822a3ec,124600,3,hardlink,eed382397eba94cdbe53344a03421a2394639cfb11b657533f9b4ccc1822a3ec,acquisition,
1681,originals/rmph/2021/RMPh_2021_Q4__ee2fb26615cf9848.pdf,files/rmph/2021/RMPh_2021_Q4__ee2fb26615cf9848.pdf,ee2fb26615cf98480424eeaba82932c2ed1b4247414c92a0f7deb424fe9a87d4,597481,9,hardlink,ee2fb26615cf98480424eeaba82932c2ed1b4247414c92a0f7deb424fe9a87d4,acquisition,
1682,originals/rmph/2018/RMPh_2018_Q1__85c22a11c792ed1c.pdf,files/rmph/2018/RMPh_2018_Q1__85c22a11c792ed1c.pdf,85c22a11c792ed1cc94dd2b723909aa86b9510f6dc852fcbc3d30677de87bb8c,562123,8,hardlink,85c22a11c792ed1cc94dd2b723909aa86b9510f6dc852fcbc3d30677de87bb8c,acquisition,
1683,originals/rmph/2018/RMPh_2018_S1__a77468da86b38967.pdf,files/rmph/2018/RMPh_2018_S1__a77468da86b38967.pdf,a77468da86b389671e1b2f527a5b247c098e3b52961f0c028654b2ed23f19c9c,749457,9,hardlink,a77468da86b389671e1b2f527a5b247c098e3b52961f0c028654b2ed23f19c9c,acquisition,
1684,originals/rmph/2018/RMPh_2018_Q2__ee7839f705724378.pdf,files/rmph/2018/RMPh_2018_Q2__ee7839f705724378.pdf,ee7839f705724378a30203daac7ce4788c3436bfd0cfa7a7984f598bb3fb8641,195466,6,hardlink,ee7839f705724378a30203daac7ce4788c3436bfd0cfa7a7984f598bb3fb8641,acquisition,
1685,originals/rmph/2018/RMPh_2018_S2__208e2aa1833f77b2.pdf,files/rmph/2018/RMPh_2018_S2__208e2aa1833f77b2.pdf,208e2aa1833f77b205e5c4dc6ed046d8ca2054ebe46cdff56ef039694b0c2da5,214551,7,hardlink,208e2aa1833f77b205e5c4dc6ed046d8ca2054ebe46cdff56ef039694b0c2da5,acquisition,
1686,originals/rmph/2018/RMPh_2018_Q2_SolutionA__01da14bfe5487ed3.pdf,files/rmph/2018/RMPh_2018_Q2_SolutionA__01da14bfe5487ed3.pdf,01da14bfe5487ed3f2fa198d8cab10a33feeca24725a7e1afc176cca2a85ada4,162299,2,hardlink,01da14bfe5487ed3f2fa198d8cab10a33feeca24725a7e1afc176cca2a85ada4,acquisition,
1687,originals/rmph/2018/RMPh_2018_Q2_SolutionB__757045c1bc78dab3.pdf,files/rmph/2018/RMPh_2018_Q2_SolutionB__757045c1bc78dab3.pdf,757045c1bc78dab33e9fd7fe1b0d8aa64147615cd9316ce4e2520268a242bee9,391284,4,hardlink,757045c1bc78dab33e9fd7fe1b0d8aa64147615cd9316ce4e2520268a242bee9,acquisition,
1688,originals/rmph/2018/RMPh_2018_Q3__7d20e1050f395b89.pdf,files/rmph/2018/RMPh_2018_Q3__7d20e1050f395b89.pdf,7d20e1050f395b8940c0f9ba3d93f8a768dc5d011e2bd5cf7c8a53005588c629,166748,4,hardlink,7d20e1050f395b8940c0f9ba3d93f8a768dc5d011e2bd5cf7c8a53005588c629,acquisition,
1689,originals/rmph/2018/RMPh_2018_S3__08230ed46cec6a08.pdf,files/rmph/2018/RMPh_2018_S3__08230ed46cec6a08.pdf,08230ed46cec6a0860dec6ec1ce2a0c94d1481b68e8ede1e82612c2cb13c2167,221684,4,hardlink,08230ed46cec6a0860dec6ec1ce2a0c94d1481b68e8ede1e82612c2cb13c2167,acquisition,
169,originals/ipho/2019/IPhO_2019_Q2__a33326a968579e95.pdf,files/ipho/2019/IPhO_2019_Q2__a33326a968579e95.pdf,a33326a968579e95499464f29c90da9bffb3c4e6e715d54bab49e9f5319a8ee1,1113719,6,hardlink,a33326a968579e95499464f29c90da9bffb3c4e6e715d54bab49e9f5319a8ee1,acquisition,
1690,originals/rmph/2018/RMPh_2018_Q4__658dd3c081cd7ff6.pdf,files/rmph/2018/RMPh_2018_Q4__658dd3c081cd7ff6.pdf,658dd3c081cd7ff6e3159c3b38616ade45351543977211a1b3e969b48042cf7a,432184,23,hardlink,658dd3c081cd7ff6e3159c3b38616ade45351543977211a1b3e969b48042cf7a,acquisition,
1691,originals/rmph/2017/RMPh_2017_Q1__dffa566502da5340.pdf,files/rmph/2017/RMPh_2017_Q1__dffa566502da5340.pdf,dffa566502da53408caa7c47295a02e12b6abcac9d2e9990de8fc28acae1b32a,267437,2,hardlink,dffa566502da53408caa7c47295a02e12b6abcac9d2e9990de8fc28acae1b32a,acquisition,
1692,originals/rmph/2017/RMPh_2017_S1__2098840869106d64.pdf,files/rmph/2017/RMPh_2017_S1__2098840869106d64.pdf,2098840869106d645e6c8d2c2892e770ee7c03655f7904fe8d0c6f65bbd283d7,478704,8,hardlink,2098840869106d645e6c8d2c2892e770ee7c03655f7904fe8d0c6f65bbd283d7,acquisition,
1693,originals/rmph/2017/RMPh_2017_Q2__1e6de231a4f2e47f.pdf,files/rmph/2017/RMPh_2017_Q2__1e6de231a4f2e47f.pdf,1e6de231a4f2e47fd0cd18b3be7e90d56c63c6e3f6211474840058a4dc2785cd,565162,3,hardlink,1e6de231a4f2e47fd0cd18b3be7e90d56c63c6e3f6211474840058a4dc2785cd,acquisition,
1694,originals/rmph/2017/RMPh_2017_S2__a756514f6912b0a6.pdf,files/rmph/2017/RMPh_2017_S2__a756514f6912b0a6.pdf,a756514f6912b0a6f847896b698012dfb9d03299dfd3562399344154d1d33cd3,123159,2,hardlink,a756514f6912b0a6f847896b698012dfb9d03299dfd3562399344154d1d33cd3,acquisition,
1695,originals/rmph/2017/RMPh_2017_Q4__695f0354bc342cd6.pdf,files/rmph/2017/RMPh_2017_Q4__695f0354bc342cd6.pdf,695f0354bc342cd6f2cd247a6b3ab9b5dc6101edabf6f5c25e4fd46bef1c278e,469997,3,hardlink,695f0354bc342cd6f2cd247a6b3ab9b5dc6101edabf6f5c25e4fd46bef1c278e,acquisition,
1696,originals/rmph/2017/RMPh_2017_S3__fe47dfe952d69743.pdf,files/rmph/2017/RMPh_2017_S3__fe47dfe952d69743.pdf,fe47dfe952d69743e5f6c291f68fbe9d3695754d8f374b9508876ae7c1724d02,376185,4,hardlink,fe47dfe952d69743e5f6c291f68fbe9d3695754d8f374b9508876ae7c1724d02,acquisition,
1697,originals/rmph/2017/RMPh_2017_S4__a93b0f66cf7cf88d.pdf,files/rmph/2017/RMPh_2017_S4__a93b0f66cf7cf88d.pdf,a93b0f66cf7cf88dd52fc2b5467d9e87e96d00b74fd5ca1be151385ad37fa4eb,188294,5,hardlink,a93b0f66cf7cf88dd52fc2b5467d9e87e96d00b74fd5ca1be151385ad37fa4eb,acquisition,
1698,originals/rmph/2017/RMPh_2017_Q5__b06a9f484e48a994.pdf,files/rmph/2017/RMPh_2017_Q5__b06a9f484e48a994.pdf,b06a9f484e48a994c5f6986d3fe1457d25e0fcd24f21ef3aaae71fe5ed9ab2ba,561817,9,hardlink,b06a9f484e48a994c5f6986d3fe1457d25e0fcd24f21ef3aaae71fe5ed9ab2ba,acquisition,
1699,originals/rmph/2017/RMPh_2017_S5__1cbc312e546ef3a8.pdf,files/rmph/2017/RMPh_2017_S5__1cbc312e546ef3a8.pdf,1cbc312e546ef3a8b539e2acd3634f347524a26ba9d0f8e3794bf16950b683f9,345053,9,hardlink,1cbc312e546ef3a8b539e2acd3634f347524a26ba9d0f8e3794bf16950b683f9,acquisition,
17,originals/ipho/2026/IPhO_2026_M3__5cd3f792e281fdd0.pdf,files/ipho/2026/IPhO_2026_M3__5cd3f792e281fdd0.pdf,5cd3f792e281fdd086a0b561741263e3676872eaa836763cf50641461398183d,67090,2,hardlink,5cd3f792e281fdd086a0b561741263e3676872eaa836763cf50641461398183d,acquisition,
170,originals/ipho/2019/IPhO_2019_S2__ad1a091d3213eddd.pdf,files/ipho/2019/IPhO_2019_S2__ad1a091d3213eddd.pdf,ad1a091d3213eddd0946745ed8ef72a1f5fd1b2f2a82532b21ae238645946888,1008311,5,hardlink,ad1a091d3213eddd0946745ed8ef72a1f5fd1b2f2a82532b21ae238645946888,acquisition,
1700,originals/rmph/2016/RMPh_2016_Q1__76d6f7392d27c131.pdf,files/rmph/2016/RMPh_2016_Q1__76d6f7392d27c131.pdf,76d6f7392d27c131eedd79850ae513e1db9d7c4c8cf74c5ccbb221927ce92ad3,417549,7,hardlink,76d6f7392d27c131eedd79850ae513e1db9d7c4c8cf74c5ccbb221927ce92ad3,acquisition,
1701,originals/rmph/2016/RMPh_2016_Q2__cf3be8ddc624be6f.pdf,files/rmph/2016/RMPh_2016_Q2__cf3be8ddc624be6f.pdf,cf3be8ddc624be6fd0814428b85408107140225bd8b0bf801f65a9ec7969493b,237064,2,hardlink,cf3be8ddc624be6fd0814428b85408107140225bd8b0bf801f65a9ec7969493b,acquisition,
1702,originals/rmph/2016/RMPh_2016_Q3__8da3df4064bc2372.pdf,files/rmph/2016/RMPh_2016_Q3__8da3df4064bc2372.pdf,8da3df4064bc237237f958c005e59e87f5cd1b750e98880239e4886717e9fc74,201807,5,hardlink,8da3df4064bc237237f958c005e59e87f5cd1b750e98880239e4886717e9fc74,acquisition,
1703,originals/rmph/2014/RMPh_2014_S1__0eec667e53d5c545.pdf,files/rmph/2014/RMPh_2014_S1__0eec667e53d5c545.pdf,0eec667e53d5c545a04bff891411dd00c687fe8c82bc676722ab6e8c732d79ae,204695,6,hardlink,0eec667e53d5c545a04bff891411dd00c687fe8c82bc676722ab6e8c732d79ae,acquisition,
1704,originals/rmph/2014/RMPh_2014_Q1__86890a26f31220d7.pdf,files/rmph/2014/RMPh_2014_Q1__86890a26f31220d7.pdf,86890a26f31220d75bdcaf289c2152cce69c31e61a75936aa2d15ef507a89568,220576,2,hardlink,86890a26f31220d75bdcaf289c2152cce69c31e61a75936aa2d15ef507a89568,acquisition,
1705,originals/rmph/2014/RMPh_2014_Q2__a027c35179b518cb.pdf,files/rmph/2014/RMPh_2014_Q2__a027c35179b518cb.pdf,a027c35179b518cbb0849f039107d0c3324641c336f869ac99b7305cfcbd0837,268642,5,hardlink,a027c35179b518cbb0849f039107d0c3324641c336f869ac99b7305cfcbd0837,acquisition,
1706,originals/rmph/2014/RMPh_2014_S2__948db4d17e756f84.pdf,files/rmph/2014/RMPh_2014_S2__948db4d17e756f84.pdf,948db4d17e756f845642844ff40f594967609d402523d1b5e8bb3005fc13a781,211778,3,hardlink,948db4d17e756f845642844ff40f594967609d402523d1b5e8bb3005fc13a781,acquisition,
1707,originals/rmph/2014/RMPh_2014_Q3__c54483048febfe4f.pdf,files/rmph/2014/RMPh_2014_Q3__c54483048febfe4f.pdf,c54483048febfe4fddebffe148ad897ea4fcfff59e8a94005b4478fc69cb138f,191071,3,hardlink,c54483048febfe4fddebffe148ad897ea4fcfff59e8a94005b4478fc69cb138f,acquisition,
1708,originals/rmph/2014/RMPh_2014_S3__92eea876883e38b5.pdf,files/rmph/2014/RMPh_2014_S3__92eea876883e38b5.pdf,92eea876883e38b5624cc9211f32db3c7784042f630a06d1adf92aafd395687e,183357,5,hardlink,92eea876883e38b5624cc9211f32db3c7784042f630a06d1adf92aafd395687e,acquisition,
1709,originals/rmph/2014/RMPh_2014_Q4__063ebadc5301b505.pdf,files/rmph/2014/RMPh_2014_Q4__063ebadc5301b505.pdf,063ebadc5301b50555a6e913fb0622b64488619f07ffcd9b9d49432310026fdf,447450,16,hardlink,063ebadc5301b50555a6e913fb0622b64488619f07ffcd9b9d49432310026fdf,acquisition,
171,originals/ipho/2019/IPhO_2019_Q3__30182f27b8154b5f.pdf,files/ipho/2019/IPhO_2019_Q3__30182f27b8154b5f.pdf,30182f27b8154b5fa2e7c12b99e11b98c3a3dc136b77ad74722df26bdf040362,73388,5,hardlink,30182f27b8154b5fa2e7c12b99e11b98c3a3dc136b77ad74722df26bdf040362,acquisition,
1710,originals/rmph/2014/RMPh_2014_Q5__095f0a3339907cee.pdf,files/rmph/2014/RMPh_2014_Q5__095f0a3339907cee.pdf,095f0a3339907cee924c23b0dee3b614bd0dfcdff5f302427739c8d36ee546c6,239354,10,hardlink,095f0a3339907cee924c23b0dee3b614bd0dfcdff5f302427739c8d36ee546c6,acquisition,
1711,originals/rmph/2014/RMPh_2014_S5__b75ee46483311894.pdf,files/rmph/2014/RMPh_2014_S5__b75ee46483311894.pdf,b75ee46483311894db8591ee5fb879c07ffcb5a74e041d2d33138c86f8655eea,347911,6,hardlink,b75ee46483311894db8591ee5fb879c07ffcb5a74e041d2d33138c86f8655eea,acquisition,
1712,originals/rmph/2014/RMPh_2014_S4__1327d8e2de6e8e41.pdf,files/rmph/2014/RMPh_2014_S4__1327d8e2de6e8e41.pdf,1327d8e2de6e8e41695b62a02f98ce20e26e143ca93de974732fec0e1d960109,479012,7,hardlink,1327d8e2de6e8e41695b62a02f98ce20e26e143ca93de974732fec0e1d960109,acquisition,
1713,originals/rmph/2013/RMPh_2013_Q1__cc349fa4befa9256.pdf,files/rmph/2013/RMPh_2013_Q1__cc349fa4befa9256.pdf,cc349fa4befa925654c4676d8d0d192397bee6ed9cac9e1cbec4fed6eef79d95,103124,5,hardlink,cc349fa4befa925654c4676d8d0d192397bee6ed9cac9e1cbec4fed6eef79d95,acquisition,
1714,originals/rmph/2013/RMPh_2013_S1__10ca6e6363b03c7c.pdf,files/rmph/2013/RMPh_2013_S1__10ca6e6363b03c7c.pdf,10ca6e6363b03c7ca7138c9d9751a2833e728e118337e6bfe2a13c02428a9ce7,392662,8,hardlink,10ca6e6363b03c7ca7138c9d9751a2833e728e118337e6bfe2a13c02428a9ce7,acquisition,
1716,originals/rmph/2013/RMPh_2013_M1__514f5c63a23f0c36.pdf,files/rmph/2013/RMPh_2013_M1__514f5c63a23f0c36.pdf,514f5c63a23f0c36acd8425b5d93d4726bfa9b2f51ba567ab85a7659f3afbf8d,254553,4,hardlink,514f5c63a23f0c36acd8425b5d93d4726bfa9b2f51ba567ab85a7659f3afbf8d,acquisition,
172,originals/ipho/2019/IPhO_2019_M2__6487692c6917b5f2.pdf,files/ipho/2019/IPhO_2019_M2__6487692c6917b5f2.pdf,6487692c6917b5f28963fa8a75db13693603845fe22156e81392e21fee4556ce,1006509,3,hardlink,6487692c6917b5f28963fa8a75db13693603845fe22156e81392e21fee4556ce,acquisition,
1721,originals/rmph/2013/RMPh_2013_Q4__35c20da41473dd82.pdf,files/rmph/2013/RMPh_2013_Q4__35c20da41473dd82.pdf,35c20da41473dd821e3c21f9bf67b8e0483470f13cebad6b0a084da7f72be5f6,128833,9,hardlink,35c20da41473dd821e3c21f9bf67b8e0483470f13cebad6b0a084da7f72be5f6,acquisition,
1722,originals/rmph/2013/RMPh_2013_S4__d761d35133e8f706.pdf,files/rmph/2013/RMPh_2013_S4__d761d35133e8f706.pdf,d761d35133e8f7065cec1a22d3a8fe74f4a1e19ec823270e27178060c65ec07b,204311,9,hardlink,d761d35133e8f7065cec1a22d3a8fe74f4a1e19ec823270e27178060c65ec07b,acquisition,
1723,originals/rmph/2013/RMPh_2013_Q5__7f1e02b0ebba8db5.pdf,files/rmph/2013/RMPh_2013_Q5__7f1e02b0ebba8db5.pdf,7f1e02b0ebba8db59c302ff087f5e70a54bba5bd51b0689b8433e06be10cdc48,162485,6,hardlink,7f1e02b0ebba8db59c302ff087f5e70a54bba5bd51b0689b8433e06be10cdc48,acquisition,
1724,originals/rmph/2013/RMPh_2013_S5__03a62b237db22434.pdf,files/rmph/2013/RMPh_2013_S5__03a62b237db22434.pdf,03a62b237db22434eb1beaa976b752b6371f351b310e288d750f8dd154d5d412,217185,6,hardlink,03a62b237db22434eb1beaa976b752b6371f351b310e288d750f8dd154d5d412,acquisition,
1725,originals/rmph/2012/RMPh_2012_Q1__9e22319a08a39039.pdf,files/rmph/2012/RMPh_2012_Q1__9e22319a08a39039.pdf,9e22319a08a39039eb565c705aa273fb48644118d2eb1cea3168a46ea1c6b134,183075,2,hardlink,9e22319a08a39039eb565c705aa273fb48644118d2eb1cea3168a46ea1c6b134,acquisition,
1726,originals/rmph/2012/RMPh_2012_S1__cdf24b79cb3ed12d.pdf,files/rmph/2012/RMPh_2012_S1__cdf24b79cb3ed12d.pdf,cdf24b79cb3ed12dd63be3c27a77cfbce5e89f9f1780da5a05c62c81cb69966a,187830,3,hardlink,cdf24b79cb3ed12dd63be3c27a77cfbce5e89f9f1780da5a05c62c81cb69966a,acquisition,
1727,originals/rmph/2012/RMPh_2012_Q2__6aec687088b33fd6.pdf,files/rmph/2012/RMPh_2012_Q2__6aec687088b33fd6.pdf,6aec687088b33fd6146108684d153ddb17fc2e99ceaa8423b909c7b25c646a55,179266,2,hardlink,6aec687088b33fd6146108684d153ddb17fc2e99ceaa8423b909c7b25c646a55,acquisition,
1728,originals/rmph/2012/RMPh_2012_S2__2475b2db827df185.pdf,files/rmph/2012/RMPh_2012_S2__2475b2db827df185.pdf,2475b2db827df1857983d13ef8ab21999bd355207a1d65b3101d906e80f82925,193602,4,hardlink,2475b2db827df1857983d13ef8ab21999bd355207a1d65b3101d906e80f82925,acquisition,
173,originals/ipho/2019/IPhO_2019_P2__c1a0cbe543d5725c.pdf,files/ipho/2019/IPhO_2019_P2__c1a0cbe543d5725c.pdf,c1a0cbe543d5725cc9a8ddb234d8671a6d6b3815984a80d441df5f746131fbe7,952531,20,hardlink,c1a0cbe543d5725cc9a8ddb234d8671a6d6b3815984a80d441df5f746131fbe7,acquisition,
1731,originals/rmph/2012/RMPh_2012_Q4__d384e5742218fdc3.pdf,files/rmph/2012/RMPh_2012_Q4__d384e5742218fdc3.pdf,d384e5742218fdc3e2c7d4de5424b5ce33bb59a8f80b488ef5a1d90f433417e8,184310,6,hardlink,d384e5742218fdc3e2c7d4de5424b5ce33bb59a8f80b488ef5a1d90f433417e8,acquisition,
1732,originals/rmph/2012/RMPh_2012_S4__72109d895a14ffb8.pdf,files/rmph/2012/RMPh_2012_S4__72109d895a14ffb8.pdf,72109d895a14ffb830a7c54fe61f8fda67a73a1cfcadb3aea4e2b037da230aab,149546,2,hardlink,72109d895a14ffb830a7c54fe61f8fda67a73a1cfcadb3aea4e2b037da230aab,acquisition,
1733,originals/rmph/2012/RMPh_2012_Q5__fbb2afdd82baa4a7.pdf,files/rmph/2012/RMPh_2012_Q5__fbb2afdd82baa4a7.pdf,fbb2afdd82baa4a7937a0fb8c4e8e80efd5be633d78c9a27d5cd9078b15e01c2,849215,9,hardlink,fbb2afdd82baa4a7937a0fb8c4e8e80efd5be633d78c9a27d5cd9078b15e01c2,acquisition,
1734,originals/rmph/2012/RMPh_2012_S5__c58f5194f6382cfc.pdf,files/rmph/2012/RMPh_2012_S5__c58f5194f6382cfc.pdf,c58f5194f6382cfc802a55c4a57779b820ca4aedf698959dbf87033d8b8dfc7d,211389,2,hardlink,c58f5194f6382cfc802a55c4a57779b820ca4aedf698959dbf87033d8b8dfc7d,acquisition,
1735,originals/wopho/2013/WoPhO_2013_Q1__538089f26e1b1beb.pdf,files/wopho/2013/WoPhO_2013_Q1__538089f26e1b1beb.pdf,538089f26e1b1bebd7a973089b1d79a694dc57a9a22bf6328c6be316cf0d5292,76211,2,hardlink,538089f26e1b1bebd7a973089b1d79a694dc57a9a22bf6328c6be316cf0d5292,acquisition,
1736,originals/wopho/2013/WoPhO_2013_Q2__d53c4cec59ceb534.pdf,files/wopho/2013/WoPhO_2013_Q2__d53c4cec59ceb534.pdf,d53c4cec59ceb5341ffe00833c94a58ca258805b170ea54bbfca344db8cc7b8f,106160,3,hardlink,d53c4cec59ceb5341ffe00833c94a58ca258805b170ea54bbfca344db8cc7b8f,acquisition,
1737,originals/wopho/2013/WoPhO_2013_S2__eb39ec9058c61b73.pdf,files/wopho/2013/WoPhO_2013_S2__eb39ec9058c61b73.pdf,eb39ec9058c61b7331ba1cb88238bfc3817be74f425cd696ccefecd472a685dd,265882,4,hardlink,eb39ec9058c61b7331ba1cb88238bfc3817be74f425cd696ccefecd472a685dd,acquisition,
1738,originals/wopho/2013/WoPhO_2013_S1__92348bf5d1bc0d23.pdf,files/wopho/2013/WoPhO_2013_S1__92348bf5d1bc0d23.pdf,92348bf5d1bc0d23489c947824229e153140b3c9034e40367c78c55c17e2d395,215049,2,hardlink,92348bf5d1bc0d23489c947824229e153140b3c9034e40367c78c55c17e2d395,acquisition,
1739,originals/wopho/2013/WoPhO_2013_Q4__a170da63f4b9fdcb.pdf,files/wopho/2013/WoPhO_2013_Q4__a170da63f4b9fdcb.pdf,a170da63f4b9fdcbad5960ead8cda7e08536822cffca94ae41215c716b263bfb,97587,3,hardlink,a170da63f4b9fdcbad5960ead8cda7e08536822cffca94ae41215c716b263bfb,acquisition,
174,originals/ipho/2019/IPhO_2019_M3__8028cfc2d4c6a631.pdf,files/ipho/2019/IPhO_2019_M3__8028cfc2d4c6a631.pdf,8028cfc2d4c6a631142e785344ec14c95afcde41dfb97814b52543178fda437f,894322,3,hardlink,8028cfc2d4c6a631142e785344ec14c95afcde41dfb97814b52543178fda437f,acquisition,
1740,originals/wopho/2013/WoPhO_2013_Q3__1af72147f8995463.pdf,files/wopho/2013/WoPhO_2013_Q3__1af72147f8995463.pdf,1af72147f8995463a3236a1c7dae34057fee740ef8f05105abc9d18cd675cb15,84071,2,hardlink,1af72147f8995463a3236a1c7dae34057fee740ef8f05105abc9d18cd675cb15,acquisition,
1741,originals/wopho/2013/WoPhO_2013_S3__918ef9c343d3acef.pdf,files/wopho/2013/WoPhO_2013_S3__918ef9c343d3acef.pdf,918ef9c343d3acefb330a7c05ed16823ef5c9747be43c7887f02a4d2fd96f879,208133,2,hardlink,918ef9c343d3acefb330a7c05ed16823ef5c9747be43c7887f02a4d2fd96f879,acquisition,
1742,originals/wopho/2013/WoPhO_2013_S5__e0ab4ab43243625e.pdf,files/wopho/2013/WoPhO_2013_S5__e0ab4ab43243625e.pdf,e0ab4ab43243625e893fef9e7fe6c0a0f0b03968b22f8e1e1a80a3df82ba1cc4,335703,4,hardlink,e0ab4ab43243625e893fef9e7fe6c0a0f0b03968b22f8e1e1a80a3df82ba1cc4,acquisition,
1743,originals/wopho/2013/WoPhO_2013_S4__b58b7adb268572ae.pdf,files/wopho/2013/WoPhO_2013_S4__b58b7adb268572ae.pdf,b58b7adb268572aec88f00d32cc17e43bff1592bb2be7ae4e4a30ab5d8800250,229665,2,hardlink,b58b7adb268572aec88f00d32cc17e43bff1592bb2be7ae4e4a30ab5d8800250,acquisition,
1744,originals/wopho/2013/WoPhO_2013_Q5__9e1bc792937f8b0a.pdf,files/wopho/2013/WoPhO_2013_Q5__9e1bc792937f8b0a.pdf,9e1bc792937f8b0ad7a1c9438ae0073c40f48096c0d27e24ab8c9144e1bdf1e8,296633,3,hardlink,9e1bc792937f8b0ad7a1c9438ae0073c40f48096c0d27e24ab8c9144e1bdf1e8,acquisition,
1745,originals/wopho/2013/WoPhO_2013_S6__ba13e551a06aad97.pdf,files/wopho/2013/WoPhO_2013_S6__ba13e551a06aad97.pdf,ba13e551a06aad97432efc2a359eb26c76cf425ab7addfd340a3bfc829c8bad5,669580,4,hardlink,ba13e551a06aad97432efc2a359eb26c76cf425ab7addfd340a3bfc829c8bad5,acquisition,
1746,originals/wopho/2013/WoPhO_2013_Q6__830488903e5a13ad.pdf,files/wopho/2013/WoPhO_2013_Q6__830488903e5a13ad.pdf,830488903e5a13adce3825a400e74ad5f74b7c13347367412080cf4b579847b8,167881,1,hardlink,830488903e5a13adce3825a400e74ad5f74b7c13347367412080cf4b579847b8,acquisition,
1747,originals/wopho/2013/WoPhO_2013_Q7__b6894f3efdd1a9a5.pdf,files/wopho/2013/WoPhO_2013_Q7__b6894f3efdd1a9a5.pdf,b6894f3efdd1a9a509c582cfbfd27ce0054d5f1227d492c354d542be7fe4d9ed,162671,1,hardlink,b6894f3efdd1a9a509c582cfbfd27ce0054d5f1227d492c354d542be7fe4d9ed,acquisition,
1748,originals/wopho/2013/WoPhO_2013_S7__ef6872b5aafe693e.pdf,files/wopho/2013/WoPhO_2013_S7__ef6872b5aafe693e.pdf,ef6872b5aafe693e856ba41301bc190853cbab7e3137d36c3cb7aeb3beb0899f,440706,3,hardlink,ef6872b5aafe693e856ba41301bc190853cbab7e3137d36c3cb7aeb3beb0899f,acquisition,
1749,originals/wopho/2013/WoPhO_2013_S8__1a6d05e06cf4c675.pdf,files/wopho/2013/WoPhO_2013_S8__1a6d05e06cf4c675.pdf,1a6d05e06cf4c675c949ed0553fd548fb1babaf2cd7341c364c62e00b541dc96,1760264,15,hardlink,1a6d05e06cf4c675c949ed0553fd548fb1babaf2cd7341c364c62e00b541dc96,acquisition,
175,originals/ipho/2019/IPhO_2019_S3__21e25ca7ce7449d7.pdf,files/ipho/2019/IPhO_2019_S3__21e25ca7ce7449d7.pdf,21e25ca7ce7449d7936893b7a96394f9b19395d671d0e8388ad3398b1e8e6be4,708118,3,hardlink,21e25ca7ce7449d7936893b7a96394f9b19395d671d0e8388ad3398b1e8e6be4,acquisition,
1750,originals/wopho/2013/WoPhO_2013_Q9__a8f60d11de9e5ca3.pdf,files/wopho/2013/WoPhO_2013_Q9__a8f60d11de9e5ca3.pdf,a8f60d11de9e5ca314f5a42dd161bf343f80ac36fbee60639e420038f060b6bb,121447,1,hardlink,a8f60d11de9e5ca314f5a42dd161bf343f80ac36fbee60639e420038f060b6bb,acquisition,
1751,originals/wopho/2013/WoPhO_2013_S9__551464a335c9f8ca.pdf,files/wopho/2013/WoPhO_2013_S9__551464a335c9f8ca.pdf,551464a335c9f8ca2ac2a4c539c1072ef4a8d0bace512619b0b7398af28a5e1b,926626,13,hardlink,551464a335c9f8ca2ac2a4c539c1072ef4a8d0bace512619b0b7398af28a5e1b,acquisition,
1752,originals/wopho/2013/WoPhO_2013_Q8__951c261225eebaa7.pdf,files/wopho/2013/WoPhO_2013_Q8__951c261225eebaa7.pdf,951c261225eebaa75c614d45191ec1fc333e16a21805b8f12c772b8694d1f441,253924,1,hardlink,951c261225eebaa75c614d45191ec1fc333e16a21805b8f12c772b8694d1f441,acquisition,
1755,originals/wopho/2012/WoPhO_2012_Q1__3ab57899b98a28c7.pdf,files/wopho/2012/WoPhO_2012_Q1__3ab57899b98a28c7.pdf,3ab57899b98a28c7ca8f64651a0a35257b8c14de8585fd7eac0b6afe1e6f73ad,122783,2,hardlink,3ab57899b98a28c7ca8f64651a0a35257b8c14de8585fd7eac0b6afe1e6f73ad,acquisition,
1756,originals/wopho/2012/WoPhO_2012_Q4__faa043414d35fa61.pdf,files/wopho/2012/WoPhO_2012_Q4__faa043414d35fa61.pdf,faa043414d35fa6133f8a16a832910da94bed3ddde164f6e989d95075d35c02b,193262,3,hardlink,faa043414d35fa6133f8a16a832910da94bed3ddde164f6e989d95075d35c02b,acquisition,
1757,originals/wopho/2012/WoPhO_2012_Q2__1b41929caf412644.pdf,files/wopho/2012/WoPhO_2012_Q2__1b41929caf412644.pdf,1b41929caf41264496293438c8ac5c1b93dfc5d74376da07bd426d3cf55da487,160241,3,hardlink,1b41929caf41264496293438c8ac5c1b93dfc5d74376da07bd426d3cf55da487,acquisition,
1758,originals/wopho/2012/WoPhO_2012_Q3__bcf2a7a30e599a92.pdf,files/wopho/2012/WoPhO_2012_Q3__bcf2a7a30e599a92.pdf,bcf2a7a30e599a92266de98d7b43e372a6ece71965e464630cf9249be4ad78ee,227972,5,hardlink,bcf2a7a30e599a92266de98d7b43e372a6ece71965e464630cf9249be4ad78ee,acquisition,
1759,originals/wopho/2012/WoPhO_2012_S5__8dde3b23eb935c0b.pdf,files/wopho/2012/WoPhO_2012_S5__8dde3b23eb935c0b.pdf,8dde3b23eb935c0b4835debacee151bc05cb5e468d276d3ae0ad55b8ebd0600e,237303,3,hardlink,8dde3b23eb935c0b4835debacee151bc05cb5e468d276d3ae0ad55b8ebd0600e,acquisition,
176,originals/ipho/2019/IPhO_2019_Q4__91fdde2739624b55.pdf,files/ipho/2019/IPhO_2019_Q4__91fdde2739624b55.pdf,91fdde2739624b552ec578ec07e038159d64823d86bfcf26ff3f0e31edd935d0,1593270,8,hardlink,91fdde2739624b552ec578ec07e038159d64823d86bfcf26ff3f0e31edd935d0,acquisition,
1760,originals/wopho/2012/WoPhO_2012_Q5__610c1fbdd5ba072f.pdf,files/wopho/2012/WoPhO_2012_Q5__610c1fbdd5ba072f.pdf,610c1fbdd5ba072f2c46bd205b53acf662999c6c1401c81634d0c8d2bb949aa9,379680,4,hardlink,610c1fbdd5ba072f2c46bd205b53acf662999c6c1401c81634d0c8d2bb949aa9,acquisition,
1761,originals/wopho/2012/WoPhO_2012_Q6__de247dfffb2c99f3.pdf,files/wopho/2012/WoPhO_2012_Q6__de247dfffb2c99f3.pdf,de247dfffb2c99f3cc93414b5c8963309ea91a67ac7c5362b8c43a7e92036290,898339,6,hardlink,de247dfffb2c99f3cc93414b5c8963309ea91a67ac7c5362b8c43a7e92036290,acquisition,
1762,originals/wopho/2012/WoPhO_2012_S7__cc1e269e0e411025.pdf,files/wopho/2012/WoPhO_2012_S7__cc1e269e0e411025.pdf,cc1e269e0e4110259d8d6bb872a40e6a276355f155e8e7ad52d71dd96ee194c2,241888,2,hardlink,cc1e269e0e4110259d8d6bb872a40e6a276355f155e8e7ad52d71dd96ee194c2,acquisition,
1763,originals/wopho/2012/WoPhO_2012_Q7__61283870cd751c67.pdf,files/wopho/2012/WoPhO_2012_Q7__61283870cd751c67.pdf,61283870cd751c67d6fb191f4dc6b151ab70d4dca4f2b35dcc87db5c31df36d2,213509,2,hardlink,61283870cd751c67d6fb191f4dc6b151ab70d4dca4f2b35dcc87db5c31df36d2,acquisition,
1765,originals/wopho/2012/WoPhO_2012_Q9__03a709d776aeaa23.pdf,files/wopho/2012/WoPhO_2012_Q9__03a709d776aeaa23.pdf,03a709d776aeaa238a5b31e69f19b6e1baf4a15732095b59fb7a4b14e73a1973,393366,5,hardlink,03a709d776aeaa238a5b31e69f19b6e1baf4a15732095b59fb7a4b14e73a1973,acquisition,
1766,originals/wopho/2012/WoPhO_2012_Q10__4a6e871cd348aff0.pdf,files/wopho/2012/WoPhO_2012_Q10__4a6e871cd348aff0.pdf,4a6e871cd348aff01e0b54d6050b9a1d76f706602c4cac47a7eaae6d56dd288e,152083,3,hardlink,4a6e871cd348aff01e0b54d6050b9a1d76f706602c4cac47a7eaae6d56dd288e,acquisition,
1767,originals/wopho/2012/WoPhO_2012_S10__0eb6e90baae08ac4.pdf,files/wopho/2012/WoPhO_2012_S10__0eb6e90baae08ac4.pdf,0eb6e90baae08ac4f0307fd0ba0c1400784918d7aaab6cfbd0f6259772f423cd,267195,4,hardlink,0eb6e90baae08ac4f0307fd0ba0c1400784918d7aaab6cfbd0f6259772f423cd,acquisition,
1769,originals/wopho/2012/WoPhO_2012_Q11__4791ac3de984c001.pdf,files/wopho/2012/WoPhO_2012_Q11__4791ac3de984c001.pdf,4791ac3de984c001ca417bc2f8526aeb333185e62ea69946f48d612dc10fe81e,145619,4,hardlink,4791ac3de984c001ca417bc2f8526aeb333185e62ea69946f48d612dc10fe81e,acquisition,
177,originals/ipho/2019/IPhO_2019_S4__11a5d9509be2250d.pdf,files/ipho/2019/IPhO_2019_S4__11a5d9509be2250d.pdf,11a5d9509be2250dd2b9e7fea7f2bee0beb231820499eef8c9c94504d56a4aed,2031059,12,hardlink,11a5d9509be2250dd2b9e7fea7f2bee0beb231820499eef8c9c94504d56a4aed,acquisition,
1770,originals/wopho/2012/WoPhO_2012_S11__e73a9286f86af096.pdf,files/wopho/2012/WoPhO_2012_S11__e73a9286f86af096.pdf,e73a9286f86af096bd1d7da6492edcc98524cfbbab7580bad9b9ff22b1ac45a2,229779,17,hardlink,e73a9286f86af096bd1d7da6492edcc98524cfbbab7580bad9b9ff22b1ac45a2,acquisition,
1771,originals/wopho/2012/WoPhO_2012_Q12__21560b6f7aefc750.pdf,files/wopho/2012/WoPhO_2012_Q12__21560b6f7aefc750.pdf,21560b6f7aefc7501ade317f6ba5744558f6ac5d6fa6ce04bcdab047ed3dfd65,255213,6,hardlink,21560b6f7aefc7501ade317f6ba5744558f6ac5d6fa6ce04bcdab047ed3dfd65,acquisition,
1772,originals/wopho/2012/WoPhO_2012_S12__77ab888c6fe7246e.pdf,files/wopho/2012/WoPhO_2012_S12__77ab888c6fe7246e.pdf,77ab888c6fe7246e47f54b7cd68aeb590fd1eccf897a2d87691cb84d4cbb4670,136743,4,hardlink,77ab888c6fe7246e47f54b7cd68aeb590fd1eccf897a2d87691cb84d4cbb4670,acquisition,
1773,originals/wopho/2012/WoPhO_2012_S13__9d567a91d93cd7ff.pdf,files/wopho/2012/WoPhO_2012_S13__9d567a91d93cd7ff.pdf,9d567a91d93cd7ffcf3a9a56cf7c09b49dd6d29263ae21c79d54eb2aa9c435bc,144267,7,hardlink,9d567a91d93cd7ffcf3a9a56cf7c09b49dd6d29263ae21c79d54eb2aa9c435bc,acquisition,
1774,originals/wopho/2012/WoPhO_2012_Q13__3fece89d0fa4a8fc.pdf,files/wopho/2012/WoPhO_2012_Q13__3fece89d0fa4a8fc.pdf,3fece89d0fa4a8fc3e2a0b54c72a4a243dc00f8db74e7464618b88b1d4a143d3,152590,4,hardlink,3fece89d0fa4a8fc3e2a0b54c72a4a243dc00f8db74e7464618b88b1d4a143d3,acquisition,
1775,originals/wopho/2011/WoPhO_2011_Q1__eece3ca33e1cfe24.pdf,files/wopho/2011/WoPhO_2011_Q1__eece3ca33e1cfe24.pdf,eece3ca33e1cfe24a264368f0cd20a38d0f0c6ad9e9dfaf7ef018b7341ad37f6,436943,2,hardlink,eece3ca33e1cfe24a264368f0cd20a38d0f0c6ad9e9dfaf7ef018b7341ad37f6,acquisition,
1776,originals/wopho/2011/WoPhO_2011_Q2__c6336a0e5fa689de.pdf,files/wopho/2011/WoPhO_2011_Q2__c6336a0e5fa689de.pdf,c6336a0e5fa689de195d18b5cd6aca6ab45456f45fb6d7b3de220bae81ac83b3,114358,1,hardlink,c6336a0e5fa689de195d18b5cd6aca6ab45456f45fb6d7b3de220bae81ac83b3,acquisition,
1777,originals/wopho/2011/WoPhO_2011_Q3__7e0c76c2e3a47b30.pdf,files/wopho/2011/WoPhO_2011_Q3__7e0c76c2e3a47b30.pdf,7e0c76c2e3a47b3052efe015715530c7c73751c6490e8a56980c25e0d2b2bfa0,281850,1,hardlink,7e0c76c2e3a47b3052efe015715530c7c73751c6490e8a56980c25e0d2b2bfa0,acquisition,
1778,originals/wopho/2011/WoPhO_2011_Q5__5096f795b14662b7.pdf,files/wopho/2011/WoPhO_2011_Q5__5096f795b14662b7.pdf,5096f795b14662b76c2f095f79f6c80a0fb0acc511485f78f516796b4746f745,103176,1,hardlink,5096f795b14662b76c2f095f79f6c80a0fb0acc511485f78f516796b4746f745,acquisition,
1779,originals/wopho/2011/WoPhO_2011_Q6__5f53a99fc2f84cde.pdf,files/wopho/2011/WoPhO_2011_Q6__5f53a99fc2f84cde.pdf,5f53a99fc2f84cde5a493c3d8911f03874fcffd70f21b0a13299edf2e2e0cb09,686959,4,hardlink,5f53a99fc2f84cde5a493c3d8911f03874fcffd70f21b0a13299edf2e2e0cb09,acquisition,
178,originals/ipho/2019/IPhO_2019_P3__40c13f8c253b7a47.pdf,files/ipho/2019/IPhO_2019_P3__40c13f8c253b7a47.pdf,40c13f8c253b7a473093d7b09e8e9075a9c636b59582bb153a9d7bdfb3649fc2,490556,9,hardlink,40c13f8c253b7a473093d7b09e8e9075a9c636b59582bb153a9d7bdfb3649fc2,acquisition,
1780,originals/wopho/2011/WoPhO_2011_Q4__3aa4cc2ea4d3abd3.pdf,files/wopho/2011/WoPhO_2011_Q4__3aa4cc2ea4d3abd3.pdf,3aa4cc2ea4d3abd3e06c5ada895678e5cd75d18790de74928c89ee2bccfae95c,474380,3,hardlink,3aa4cc2ea4d3abd3e06c5ada895678e5cd75d18790de74928c89ee2bccfae95c,acquisition,
1781,originals/wopho/2011/WoPhO_2011_Q9__452f1e3d7a9fb43e.pdf,files/wopho/2011/WoPhO_2011_Q9__452f1e3d7a9fb43e.pdf,452f1e3d7a9fb43e78d1d93842433d1531e7fe1fab748ad605c9c75d2890be70,162660,1,hardlink,452f1e3d7a9fb43e78d1d93842433d1531e7fe1fab748ad605c9c75d2890be70,acquisition,
1782,originals/wopho/2011/WoPhO_2011_Q7__23ccc1e90ac1d64e.pdf,files/wopho/2011/WoPhO_2011_Q7__23ccc1e90ac1d64e.pdf,23ccc1e90ac1d64e8fbaee2e97e602a18642ad8e82269676e296fee1da4f8428,355186,2,hardlink,23ccc1e90ac1d64e8fbaee2e97e602a18642ad8e82269676e296fee1da4f8428,acquisition,
1783,originals/wopho/2011/WoPhO_2011_Q8__6cb5b08732fe2b2e.pdf,files/wopho/2011/WoPhO_2011_Q8__6cb5b08732fe2b2e.pdf,6cb5b08732fe2b2ee954fe9387278a00904f080bfe9f5c25b28dcc062ac0c538,195353,1,hardlink,6cb5b08732fe2b2ee954fe9387278a00904f080bfe9f5c25b28dcc062ac0c538,acquisition,
1784,originals/wopho/2011/WoPhO_2011_Q11__9cb910c3a24e8f3e.pdf,files/wopho/2011/WoPhO_2011_Q11__9cb910c3a24e8f3e.pdf,9cb910c3a24e8f3eb59f383a79db4db5633546a4632b302251664f8f03d818ab,195615,2,hardlink,9cb910c3a24e8f3eb59f383a79db4db5633546a4632b302251664f8f03d818ab,acquisition,
1785,originals/wopho/2011/WoPhO_2011_Q10__c781401cf2a8b60e.pdf,files/wopho/2011/WoPhO_2011_Q10__c781401cf2a8b60e.pdf,c781401cf2a8b60e8673f6f27ea6e8577e672889e955b0ff1a410c54374ab7f5,153430,1,hardlink,c781401cf2a8b60e8673f6f27ea6e8577e672889e955b0ff1a410c54374ab7f5,acquisition,
1786,originals/wopho/2011/WoPhO_2011_S11__e024e4a371fe3972.pdf,files/wopho/2011/WoPhO_2011_S11__e024e4a371fe3972.pdf,e024e4a371fe39723306589a211029169a8f63fecd8247ba125b241d5551d2a8,171927,3,hardlink,e024e4a371fe39723306589a211029169a8f63fecd8247ba125b241d5551d2a8,acquisition,
1787,originals/wopho/2011/WoPhO_2011_Q12__ab0335971b05ec06.pdf,files/wopho/2011/WoPhO_2011_Q12__ab0335971b05ec06.pdf,ab0335971b05ec06dee896ce2f5a93c0c0ec8a918b40aea37447df8eff07e3c5,107747,3,hardlink,ab0335971b05ec06dee896ce2f5a93c0c0ec8a918b40aea37447df8eff07e3c5,acquisition,
1788,originals/wopho/2011/WoPhO_2011_S12__3646be63f47846c7.pdf,files/wopho/2011/WoPhO_2011_S12__3646be63f47846c7.pdf,3646be63f47846c7fed8366ebee12a3d0342ad42b49ead3d8d88caec91aec787,112694,12,hardlink,3646be63f47846c7fed8366ebee12a3d0342ad42b49ead3d8d88caec91aec787,acquisition,
1789,originals/wopho/2011/WoPhO_2011_Q13__4db563d4c005f17b.pdf,files/wopho/2011/WoPhO_2011_Q13__4db563d4c005f17b.pdf,4db563d4c005f17bc2aa6f39fee832f3259de0a72b998ab4423edd3793de832e,170284,5,hardlink,4db563d4c005f17bc2aa6f39fee832f3259de0a72b998ab4423edd3793de832e,acquisition,
179,originals/ipho/2019/IPhO_2019_M4__8e9f6ae3b6d0944e.pdf,files/ipho/2019/IPhO_2019_M4__8e9f6ae3b6d0944e.pdf,8e9f6ae3b6d0944e4323d1ad8b0d3295b93cd79d23cb8eb741101e683854b6ad,1256543,5,hardlink,8e9f6ae3b6d0944e4323d1ad8b0d3295b93cd79d23cb8eb741101e683854b6ad,acquisition,
1790,originals/wopho/2011/WoPhO_2011_S13__6766d44d3f924f05.pdf,files/wopho/2011/WoPhO_2011_S13__6766d44d3f924f05.pdf,6766d44d3f924f059918eb0d18d19d69875f67306bff00422a78d75301c571ac,336241,18,hardlink,6766d44d3f924f059918eb0d18d19d69875f67306bff00422a78d75301c571ac,acquisition,
1791,originals/gpho/2022/GPhO_2022_S1-3__e385ce82ace6562f.pdf,files/gpho/2022/GPhO_2022_S1-3__e385ce82ace6562f.pdf,e385ce82ace6562f3ccb15ad5a253feb435340204b643a71d60a17b1cfd133a4,748954,8,hardlink,e385ce82ace6562f3ccb15ad5a253feb435340204b643a71d60a17b1cfd133a4,acquisition,
1792,originals/gpho/2022/GPhO_2022_Q1-3__3cc2acf86b2f74f7.pdf,files/gpho/2022/GPhO_2022_Q1-3__3cc2acf86b2f74f7.pdf,3cc2acf86b2f74f75b35c98986138858214e034dbd15ac96358b42c7952b1ab0,790128,5,hardlink,3cc2acf86b2f74f75b35c98986138858214e034dbd15ac96358b42c7952b1ab0,acquisition,
1793,originals/gpho/2022/GPhO_2022_Q4__1301ba7f19a11c85.pdf,files/gpho/2022/GPhO_2022_Q4__1301ba7f19a11c85.pdf,1301ba7f19a11c85c09cc916a8bb1408895ec7432e6d197cdc6241aa2dc3f972,2159958,4,hardlink,1301ba7f19a11c85c09cc916a8bb1408895ec7432e6d197cdc6241aa2dc3f972,acquisition,
1794,originals/gpho/2022/GPhO_2022_S4__6f0df5c0177ec7e9.pdf,files/gpho/2022/GPhO_2022_S4__6f0df5c0177ec7e9.pdf,6f0df5c0177ec7e96cf92f40d527da60c55ea54635028bd101482663eaa6e224,430360,5,hardlink,6f0df5c0177ec7e96cf92f40d527da60c55ea54635028bd101482663eaa6e224,acquisition,
1797,originals/gpho/2019/GPhO_2019_Q1-3__95354efca9199edf.pdf,files/gpho/2019/GPhO_2019_Q1-3__95354efca9199edf.pdf,95354efca9199edf3754963189857a5a752e2d6966b07d18a40abf80b392cc7a,2576612,6,hardlink,95354efca9199edf3754963189857a5a752e2d6966b07d18a40abf80b392cc7a,acquisition,
1798,originals/gpho/2019/GPhO_2019_S1-3__b3df41b10d1f61d6.pdf,files/gpho/2019/GPhO_2019_S1-3__b3df41b10d1f61d6.pdf,b3df41b10d1f61d6475cd7d98de524dede496eca653726ac99f42a2a7422b754,1260594,11,hardlink,b3df41b10d1f61d6475cd7d98de524dede496eca653726ac99f42a2a7422b754,acquisition,
1799,originals/gpho/2019/GPhO_2019_Q4__c903b6fd736c0ce7.pdf,files/gpho/2019/GPhO_2019_Q4__c903b6fd736c0ce7.pdf,c903b6fd736c0ce7088040cdf8546702a3661421fe4b8f88291eccf557c30c98,2851791,6,hardlink,c903b6fd736c0ce7088040cdf8546702a3661421fe4b8f88291eccf557c30c98,acquisition,
180,originals/ipho/2019/IPhO_2019_P4__168bf9766498300e.pdf,files/ipho/2019/IPhO_2019_P4__168bf9766498300e.pdf,168bf9766498300ec15414d60df5eb94d8b2b77aea962fce04b252eba58d76ad,570806,9,hardlink,168bf9766498300ec15414d60df5eb94d8b2b77aea962fce04b252eba58d76ad,acquisition,
1800,originals/gpho/2019/GPhO_2019_S4__bd28400770bb68de.pdf,files/gpho/2019/GPhO_2019_S4__bd28400770bb68de.pdf,bd28400770bb68de209858ee7b7f4a1dbf27577d25c7612c2babd343b3e25231,510614,6,hardlink,bd28400770bb68de209858ee7b7f4a1dbf27577d25c7612c2babd343b3e25231,acquisition,
1803,originals/gpho/2017/GPhO_2017_Q1-3__e84ef8d511fa4ecd.pdf,files/gpho/2017/GPhO_2017_Q1-3__e84ef8d511fa4ecd.pdf,e84ef8d511fa4ecd80814850178f2a28a55ae345609de7c8649556c122900c0e,492829,5,hardlink,e84ef8d511fa4ecd80814850178f2a28a55ae345609de7c8649556c122900c0e,acquisition,
1804,originals/gpho/2017/GPhO_2017_S1-3__aa6b0a409cca7f41.pdf,files/gpho/2017/GPhO_2017_S1-3__aa6b0a409cca7f41.pdf,aa6b0a409cca7f41d1ece2e2ebb367d315d39d78c59f9feff22db90fc6d6680c,409641,5,hardlink,aa6b0a409cca7f41d1ece2e2ebb367d315d39d78c59f9feff22db90fc6d6680c,acquisition,
1805,originals/gpho/2017/GPhO_2017_Q4__b5ed01849a2660db.pdf,files/gpho/2017/GPhO_2017_Q4__b5ed01849a2660db.pdf,b5ed01849a2660db1bb628da94d603a04fb96eb4d4d65f4332852d316b5e7bb7,197595,3,hardlink,b5ed01849a2660db1bb628da94d603a04fb96eb4d4d65f4332852d316b5e7bb7,acquisition,
1806,originals/gpho/2017/GPhO_2017_S4__406f8cdaf3a42fe4.pdf,files/gpho/2017/GPhO_2017_S4__406f8cdaf3a42fe4.pdf,406f8cdaf3a42fe411fc180cc069905f472f97b190b4e9dd84a3812fd1bd1094,289340,10,hardlink,406f8cdaf3a42fe411fc180cc069905f472f97b190b4e9dd84a3812fd1bd1094,acquisition,
1809,originals/gpho/2016/GPhO_2016_S1-3__5d4a1f2cc2191248.pdf,files/gpho/2016/GPhO_2016_S1-3__5d4a1f2cc2191248.pdf,5d4a1f2cc21912480e9589dd72daa1a60158322b2a769a129996f73e10444cde,439259,7,hardlink,5d4a1f2cc21912480e9589dd72daa1a60158322b2a769a129996f73e10444cde,acquisition,
181,originals/ipho/2019/IPhO_2019_Q4_Calibration__2757f4115bd02950.pdf,files/ipho/2019/IPhO_2019_Q4_Calibration__2757f4115bd02950.pdf,2757f4115bd02950c68360e2629f00ee38e9e93d8ba7422b21bba703c27e91fd,95705,2,hardlink,2757f4115bd02950c68360e2629f00ee38e9e93d8ba7422b21bba703c27e91fd,acquisition,
1810,originals/gpho/2016/GPhO_2016_Q1-3__c8b5ad09965301f8.pdf,files/gpho/2016/GPhO_2016_Q1-3__c8b5ad09965301f8.pdf,c8b5ad09965301f881e714a06706f7bd6f7887aa4d0650c680fe77354caa0ce5,798209,5,hardlink,c8b5ad09965301f881e714a06706f7bd6f7887aa4d0650c680fe77354caa0ce5,acquisition,
1811,originals/gpho/2016/GPhO_2016_Q4-5__3e51f11f5dc36957.pdf,files/gpho/2016/GPhO_2016_Q4-5__3e51f11f5dc36957.pdf,3e51f11f5dc36957fb7b938fbba3c48d383d8bee8b329fade5c9636f838e7a56,720262,3,hardlink,3e51f11f5dc36957fb7b938fbba3c48d383d8bee8b329fade5c9636f838e7a56,acquisition,
1812,originals/gpho/2016/GPhO_2016_S4-5__a865ca6c13a8b19f.pdf,files/gpho/2016/GPhO_2016_S4-5__a865ca6c13a8b19f.pdf,a865ca6c13a8b19f8336806a09026e31c05ec244eeeaf861ee6bb9b7a19b54db,386566,8,hardlink,a865ca6c13a8b19f8336806a09026e31c05ec244eeeaf861ee6bb9b7a19b54db,acquisition,
1813,originals/izho/2026/IZhO_2026_Q1__1782a8234a1dbd75.pdf,files/izho/2026/IZhO_2026_Q1__1782a8234a1dbd75.pdf,1782a8234a1dbd752ec2cd3715da41aaed51992b041c53bc3b5b4201e938daa3,596196,8,hardlink,1782a8234a1dbd752ec2cd3715da41aaed51992b041c53bc3b5b4201e938daa3,acquisition,
1814,originals/izho/2026/IZhO_2026_S1__2b27f8e79e0aa840.pdf,files/izho/2026/IZhO_2026_S1__2b27f8e79e0aa840.pdf,2b27f8e79e0aa84027a08983a04bd59593e1d5839fac466e51c6cca2bad17b92,805595,11,hardlink,2b27f8e79e0aa84027a08983a04bd59593e1d5839fac466e51c6cca2bad17b92,acquisition,
1815,originals/izho/2026/IZhO_2026_Q2__8f6d6f3d4306220d.pdf,files/izho/2026/IZhO_2026_Q2__8f6d6f3d4306220d.pdf,8f6d6f3d4306220d44792923cd197bf0937442f239d376ef8643542f1b80fa84,363837,4,hardlink,8f6d6f3d4306220d44792923cd197bf0937442f239d376ef8643542f1b80fa84,acquisition,
1816,originals/izho/2026/IZhO_2026_S2__12c4ac8b767a4e0a.pdf,files/izho/2026/IZhO_2026_S2__12c4ac8b767a4e0a.pdf,12c4ac8b767a4e0a559565229398ccd955616248b3b190d78bf93ed752b857cf,873836,12,hardlink,12c4ac8b767a4e0a559565229398ccd955616248b3b190d78bf93ed752b857cf,acquisition,
1817,originals/izho/2025/IZhO_2025_Q1__389e0250c9d9a7dd.pdf,files/izho/2025/IZhO_2025_Q1__389e0250c9d9a7dd.pdf,389e0250c9d9a7dd637a7b0656b2e7e0508c0ea3fa550ec7de24fd75b6963b8b,521049,7,hardlink,389e0250c9d9a7dd637a7b0656b2e7e0508c0ea3fa550ec7de24fd75b6963b8b,acquisition,
1818,originals/izho/2025/IZhO_2025_S1__9b4bbf5fdf1a4d76.pdf,files/izho/2025/IZhO_2025_S1__9b4bbf5fdf1a4d76.pdf,9b4bbf5fdf1a4d763a379665c199e55164e3878918bae9871e6c42695374df83,733339,12,hardlink,9b4bbf5fdf1a4d763a379665c199e55164e3878918bae9871e6c42695374df83,acquisition,
1819,originals/izho/2025/IZhO_2025_Q2__df8b34e0cbdc899f.pdf,files/izho/2025/IZhO_2025_Q2__df8b34e0cbdc899f.pdf,df8b34e0cbdc899f0bc25a2c9312409b705b493544614d9d7ed4724b281d07ad,456091,5,hardlink,df8b34e0cbdc899f0bc25a2c9312409b705b493544614d9d7ed4724b281d07ad,acquisition,
182,originals/ipho/2019/IPhO_2019_Q5__6c4f60f7ea73d300.pdf,files/ipho/2019/IPhO_2019_Q5__6c4f60f7ea73d300.pdf,6c4f60f7ea73d300608ebeff80927c94143d360d2c3955d792e441d108530f6d,932302,9,hardlink,6c4f60f7ea73d300608ebeff80927c94143d360d2c3955d792e441d108530f6d,acquisition,
1820,originals/izho/2025/IZhO_2025_S2__93dd02088fa76d53.pdf,files/izho/2025/IZhO_2025_S2__93dd02088fa76d53.pdf,93dd02088fa76d530b1d1191f4cfd97432de6db444e81565aac28b4cbad8f1b3,499176,6,hardlink,93dd02088fa76d530b1d1191f4cfd97432de6db444e81565aac28b4cbad8f1b3,acquisition,
1821,originals/izho/2024/IZhO_2024_Q1__adad60cced7c5ca3.pdf,files/izho/2024/IZhO_2024_Q1__adad60cced7c5ca3.pdf,adad60cced7c5ca359544553ed41435fabc55043f2d8e165e7151f6526427865,1060452,18,hardlink,adad60cced7c5ca359544553ed41435fabc55043f2d8e165e7151f6526427865,acquisition,
1822,originals/izho/2024/IZhO_2024_S1__b0caedaf42ed0848.pdf,files/izho/2024/IZhO_2024_S1__b0caedaf42ed0848.pdf,b0caedaf42ed084821305e453962cb38563c926031c43d107fd46474b18e0e1b,1184871,43,hardlink,b0caedaf42ed084821305e453962cb38563c926031c43d107fd46474b18e0e1b,acquisition,
1823,originals/izho/2024/IZhO_2024_Q2__c8340cc9bf39be47.pdf,files/izho/2024/IZhO_2024_Q2__c8340cc9bf39be47.pdf,c8340cc9bf39be47ec36d13a657ad06fc45cf821fccc410cb3539e7faa3ee482,576578,12,hardlink,c8340cc9bf39be47ec36d13a657ad06fc45cf821fccc410cb3539e7faa3ee482,acquisition,
1824,originals/izho/2024/IZhO_2024_S2__8e269d9f51505b14.pdf,files/izho/2024/IZhO_2024_S2__8e269d9f51505b14.pdf,8e269d9f51505b143e8874a3569af6dff9f5b824dd66557fa3599e4012898446,747634,21,hardlink,8e269d9f51505b143e8874a3569af6dff9f5b824dd66557fa3599e4012898446,acquisition,
1825,originals/izho/2023/IZhO_2023_Q1__f70b8ea60d432120.pdf,files/izho/2023/IZhO_2023_Q1__f70b8ea60d432120.pdf,f70b8ea60d432120db4f7ed28a00aa55e1e4e2050e6b53dc0c2d9fc7cde33646,665153,20,hardlink,f70b8ea60d432120db4f7ed28a00aa55e1e4e2050e6b53dc0c2d9fc7cde33646,acquisition,
1826,originals/izho/2023/IZhO_2023_S1__e57506fc15395c80.pdf,files/izho/2023/IZhO_2023_S1__e57506fc15395c80.pdf,e57506fc15395c80f6926794da92e2ca7062c8552648302f853f0e460ffd4565,3043594,19,hardlink,e57506fc15395c80f6926794da92e2ca7062c8552648302f853f0e460ffd4565,acquisition,
1827,originals/izho/2023/IZhO_2023_Q2__098d52e70492512c.pdf,files/izho/2023/IZhO_2023_Q2__098d52e70492512c.pdf,098d52e70492512c32becd0a8f7f591684f56e2e7090a367e08ba7ecb07e89bf,1589914,4,hardlink,098d52e70492512c32becd0a8f7f591684f56e2e7090a367e08ba7ecb07e89bf,acquisition,
1828,originals/izho/2023/IZhO_2023_S2__011dd2287cc2464b.pdf,files/izho/2023/IZhO_2023_S2__011dd2287cc2464b.pdf,011dd2287cc2464b4c40c72447e9e9ec52ad7ea0c50f772e8045ecab84010997,939452,23,hardlink,011dd2287cc2464b4c40c72447e9e9ec52ad7ea0c50f772e8045ecab84010997,acquisition,
1829,originals/izho/2022/IZhO_2022_Q1__979b3ed80a9f4ebc.pdf,files/izho/2022/IZhO_2022_Q1__979b3ed80a9f4ebc.pdf,979b3ed80a9f4ebc185cb19cab10cdb7242d36ae296797da5690ddf8768892f2,1038980,7,hardlink,979b3ed80a9f4ebc185cb19cab10cdb7242d36ae296797da5690ddf8768892f2,acquisition,
183,originals/ipho/2019/IPhO_2019_S5__085ed117798cb43a.pdf,files/ipho/2019/IPhO_2019_S5__085ed117798cb43a.pdf,085ed117798cb43aad6c2b0957bfa7cb852e63b7817f30eb9d99d8126df1fa2c,789059,8,hardlink,085ed117798cb43aad6c2b0957bfa7cb852e63b7817f30eb9d99d8126df1fa2c,acquisition,
1830,originals/izho/2022/IZhO_2022_S1__4b38c9d060853831.pdf,files/izho/2022/IZhO_2022_S1__4b38c9d060853831.pdf,4b38c9d060853831701a6067cda4d4183f14a8597a5308d5471481b994b97fe2,553307,15,hardlink,4b38c9d060853831701a6067cda4d4183f14a8597a5308d5471481b994b97fe2,acquisition,
1831,originals/izho/2022/IZhO_2022_Q2__8c8b66520bee3983.pdf,files/izho/2022/IZhO_2022_Q2__8c8b66520bee3983.pdf,8c8b66520bee3983853c46c07989f7b834be7ddeb495ed9d56acec726a00b9e8,214501,4,hardlink,8c8b66520bee3983853c46c07989f7b834be7ddeb495ed9d56acec726a00b9e8,acquisition,
1832,originals/izho/2021/IZhO_2021_Q1__96b36cbbaf2d7fd1.pdf,files/izho/2021/IZhO_2021_Q1__96b36cbbaf2d7fd1.pdf,96b36cbbaf2d7fd19532afa0651aaf19f9b3c55b7c251c0572bfc9f04cad0598,418563,6,hardlink,96b36cbbaf2d7fd19532afa0651aaf19f9b3c55b7c251c0572bfc9f04cad0598,acquisition,
1833,originals/izho/2022/IZhO_2022_S2__0c3fa01e4b99fabf.pdf,files/izho/2022/IZhO_2022_S2__0c3fa01e4b99fabf.pdf,0c3fa01e4b99fabf6bcff92ad43cec929781144ad8cfa4bb47a19fee6d815e3e,429311,12,hardlink,0c3fa01e4b99fabf6bcff92ad43cec929781144ad8cfa4bb47a19fee6d815e3e,acquisition,
1834,originals/izho/2021/IZhO_2021_S1__cb00b5d2dd6df547.pdf,files/izho/2021/IZhO_2021_S1__cb00b5d2dd6df547.pdf,cb00b5d2dd6df547ae969c4a940339f8e539f949b900d9851eb4b253388b41de,826622,16,hardlink,cb00b5d2dd6df547ae969c4a940339f8e539f949b900d9851eb4b253388b41de,acquisition,
1835,originals/izho/2021/IZhO_2021_Q2__e2479da6ff139cad.pdf,files/izho/2021/IZhO_2021_Q2__e2479da6ff139cad.pdf,e2479da6ff139cadb52519649451e14e6e8185a006bae86c67733d7d431658f8,226902,3,hardlink,e2479da6ff139cadb52519649451e14e6e8185a006bae86c67733d7d431658f8,acquisition,
1836,originals/izho/2021/IZhO_2021_S2__3021ab0529adaf44.pdf,files/izho/2021/IZhO_2021_S2__3021ab0529adaf44.pdf,3021ab0529adaf44744339991c11e42ffea5c7b13e99a8cf7609e4f92d05ce47,871743,8,hardlink,3021ab0529adaf44744339991c11e42ffea5c7b13e99a8cf7609e4f92d05ce47,acquisition,
1837,originals/izho/2020/IZhO_2020_Q1__97754809daa7dc2b.pdf,files/izho/2020/IZhO_2020_Q1__97754809daa7dc2b.pdf,97754809daa7dc2ba95679ac93d8192db0357624777801bb563342dd86bb3e20,233779,5,hardlink,97754809daa7dc2ba95679ac93d8192db0357624777801bb563342dd86bb3e20,acquisition,
1838,originals/izho/2020/IZhO_2020_S1__2b553d707456ac99.pdf,files/izho/2020/IZhO_2020_S1__2b553d707456ac99.pdf,2b553d707456ac992698b78d2ef94bd1a81994833b4815a3a0a60884b88823e9,421396,13,hardlink,2b553d707456ac992698b78d2ef94bd1a81994833b4815a3a0a60884b88823e9,acquisition,
1839,originals/izho/2020/IZhO_2020_Q2__8381cf5d965b41b7.pdf,files/izho/2020/IZhO_2020_Q2__8381cf5d965b41b7.pdf,8381cf5d965b41b78feafa86a65e41d5948f8ff69090460a3573424b4770ccd4,173403,3,hardlink,8381cf5d965b41b78feafa86a65e41d5948f8ff69090460a3573424b4770ccd4,acquisition,
184,originals/ipho/2019/IPhO_2019_M5__1573403549e0640e.pdf,files/ipho/2019/IPhO_2019_M5__1573403549e0640e.pdf,1573403549e0640ee668dc12de51a3e9d065595a9d32b26a3d2dd9a56c3f69e5,321876,4,hardlink,1573403549e0640ee668dc12de51a3e9d065595a9d32b26a3d2dd9a56c3f69e5,acquisition,
1840,originals/izho/2019/IZhO_2019_Q1__29daec0cb9f759be.pdf,files/izho/2019/IZhO_2019_Q1__29daec0cb9f759be.pdf,29daec0cb9f759bed9b755cbae2937e1c4ab068fa804c62d512ea291e42619d1,444416,8,hardlink,29daec0cb9f759bed9b755cbae2937e1c4ab068fa804c62d512ea291e42619d1,acquisition,
1841,originals/izho/2020/IZhO_2020_S2__b55ff356ec008d45.pdf,files/izho/2020/IZhO_2020_S2__b55ff356ec008d45.pdf,b55ff356ec008d45e49218c62734b9b8f71db8a5c0e631f35fb4d758baed46e5,152889,7,hardlink,b55ff356ec008d45e49218c62734b9b8f71db8a5c0e631f35fb4d758baed46e5,acquisition,
1842,originals/izho/2019/IZhO_2019_S1__5e83000f5d2abe16.pdf,files/izho/2019/IZhO_2019_S1__5e83000f5d2abe16.pdf,5e83000f5d2abe161186a6f81e5b9cd306a0758d2969744edbfb68fcad413da8,358300,12,hardlink,5e83000f5d2abe161186a6f81e5b9cd306a0758d2969744edbfb68fcad413da8,acquisition,
1843,originals/izho/2019/IZhO_2019_Q2__d35406462970a371.pdf,files/izho/2019/IZhO_2019_Q2__d35406462970a371.pdf,d35406462970a371750f88996a945088c0e30179a2acb1d8c81b9afa6a6aef2b,472616,4,hardlink,d35406462970a371750f88996a945088c0e30179a2acb1d8c81b9afa6a6aef2b,acquisition,
1844,originals/izho/2019/IZhO_2019_S2__075c71bdd323e087.pdf,files/izho/2019/IZhO_2019_S2__075c71bdd323e087.pdf,075c71bdd323e087549e8a886430d69b12462c816ae4709f24167f87ea98656b,789491,7,hardlink,075c71bdd323e087549e8a886430d69b12462c816ae4709f24167f87ea98656b,acquisition,
1845,originals/izho/2018/IZhO_2018_Q1__0782ab2ced4c911c.pdf,files/izho/2018/IZhO_2018_Q1__0782ab2ced4c911c.pdf,0782ab2ced4c911ce92b550aa2fd86cb7f6c9a6e24d7a60f64b13275df1e38ba,593849,6,hardlink,0782ab2ced4c911ce92b550aa2fd86cb7f6c9a6e24d7a60f64b13275df1e38ba,acquisition,
1846,originals/izho/2018/IZhO_2018_S1__f338dd0093628b65.pdf,files/izho/2018/IZhO_2018_S1__f338dd0093628b65.pdf,f338dd0093628b658df3f02ca40a34b97e6ecd8fa431cf8517f08aa4eb14ff49,944952,15,hardlink,f338dd0093628b658df3f02ca40a34b97e6ecd8fa431cf8517f08aa4eb14ff49,acquisition,
1847,originals/izho/2017/IZhO_2017_S1__fb90239d8da3dea3.pdf,files/izho/2017/IZhO_2017_S1__fb90239d8da3dea3.pdf,fb90239d8da3dea3dcfe104551243f444802632a74a47a139374013aa16080f1,1290827,14,hardlink,fb90239d8da3dea3dcfe104551243f444802632a74a47a139374013aa16080f1,acquisition,
1848,originals/izho/2017/IZhO_2017_Q2__6b46405f6c59dabb.pdf,files/izho/2017/IZhO_2017_Q2__6b46405f6c59dabb.pdf,6b46405f6c59dabbc1c659da4d894861ea7a604b4302beae6e5d0689855e2aca,325575,3,hardlink,6b46405f6c59dabbc1c659da4d894861ea7a604b4302beae6e5d0689855e2aca,acquisition,
1849,originals/izho/2017/IZhO_2017_Q1__f5259f9967c78a97.pdf,files/izho/2017/IZhO_2017_Q1__f5259f9967c78a97.pdf,f5259f9967c78a97b6f4533225ccf74e170dedb8d7585006f0c496998fc4e787,494969,7,hardlink,f5259f9967c78a97b6f4533225ccf74e170dedb8d7585006f0c496998fc4e787,acquisition,
185,originals/ipho/2019/IPhO_2019_A4__663207c69f70da4c.pdf,files/ipho/2019/IPhO_2019_A4__663207c69f70da4c.pdf,663207c69f70da4c4f1c6b1ae24f0a6a56c29f9dab3412b224b43cde56be9142,5725732,20,hardlink,663207c69f70da4c4f1c6b1ae24f0a6a56c29f9dab3412b224b43cde56be9142,acquisition,
1850,originals/izho/2016/IZhO_2016_Q1__88f5f2c904884d0a.pdf,files/izho/2016/IZhO_2016_Q1__88f5f2c904884d0a.pdf,88f5f2c904884d0a4f41f74b6fa54428f95aaa18ae15d33731687d42777db94c,837977,6,hardlink,88f5f2c904884d0a4f41f74b6fa54428f95aaa18ae15d33731687d42777db94c,acquisition,
1851,originals/izho/2017/IZhO_2017_S2__8042730879df769d.pdf,files/izho/2017/IZhO_2017_S2__8042730879df769d.pdf,8042730879df769d68b3010d30eaf9ee32cdc77735e284899cdffd3220fd67b4,685347,7,hardlink,8042730879df769d68b3010d30eaf9ee32cdc77735e284899cdffd3220fd67b4,acquisition,
1852,originals/izho/2016/IZhO_2016_S1__19f23f790b5dd43b.pdf,files/izho/2016/IZhO_2016_S1__19f23f790b5dd43b.pdf,19f23f790b5dd43bf2303f4b597da862c5d17a0267320fee3cca7f5f015a1df8,745675,8,hardlink,19f23f790b5dd43bf2303f4b597da862c5d17a0267320fee3cca7f5f015a1df8,acquisition,
1853,originals/izho/2016/IZhO_2016_Q2__16d9eef63b78cb13.pdf,files/izho/2016/IZhO_2016_Q2__16d9eef63b78cb13.pdf,16d9eef63b78cb13f33c0c13b362b7641d4254de9881b67c5799a225c8588453,234783,2,hardlink,16d9eef63b78cb13f33c0c13b362b7641d4254de9881b67c5799a225c8588453,acquisition,
1854,originals/izho/2016/IZhO_2016_S2__10f5a2b708ea1819.pdf,files/izho/2016/IZhO_2016_S2__10f5a2b708ea1819.pdf,10f5a2b708ea18197207b806e4fd0d5e2ad939c141f897f7c4edf2aadac2520c,490331,4,hardlink,10f5a2b708ea18197207b806e4fd0d5e2ad939c141f897f7c4edf2aadac2520c,acquisition,
1855,originals/izho/2015/IZhO_2015_S1__c1bc32cc38c3f3b6.pdf,files/izho/2015/IZhO_2015_S1__c1bc32cc38c3f3b6.pdf,c1bc32cc38c3f3b65121439f41feee3a8bcb48dcce1a41e14b16ba177eccbcde,752576,11,hardlink,c1bc32cc38c3f3b65121439f41feee3a8bcb48dcce1a41e14b16ba177eccbcde,acquisition,
1856,originals/izho/2015/IZhO_2015_Q1__f44e9ad512d9dee3.pdf,files/izho/2015/IZhO_2015_Q1__f44e9ad512d9dee3.pdf,f44e9ad512d9dee30b76feffa626be6448630f59627ba462fe58030937dfc84c,388058,5,hardlink,f44e9ad512d9dee30b76feffa626be6448630f59627ba462fe58030937dfc84c,acquisition,
1857,originals/izho/2015/IZhO_2015_Q2__ef2440e88167b6fa.pdf,files/izho/2015/IZhO_2015_Q2__ef2440e88167b6fa.pdf,ef2440e88167b6fa1889f6f0c19544a796897c365cb677422c3c5fa84df8a73c,372959,3,hardlink,ef2440e88167b6fa1889f6f0c19544a796897c365cb677422c3c5fa84df8a73c,acquisition,
1858,originals/izho/2015/IZhO_2015_S2__2cf876d299d94f3f.pdf,files/izho/2015/IZhO_2015_S2__2cf876d299d94f3f.pdf,2cf876d299d94f3ff26b417aa07344a1a93f8960e7d5afeded8a9cd4948e7cf1,828431,7,hardlink,2cf876d299d94f3ff26b417aa07344a1a93f8960e7d5afeded8a9cd4948e7cf1,acquisition,
1859,originals/izho/2014/IZhO_2014_Q1__aeb3bf3e3eb7330a.pdf,files/izho/2014/IZhO_2014_Q1__aeb3bf3e3eb7330a.pdf,aeb3bf3e3eb7330ae56e8399b0eef3b3df52d014c93b745188bf6eaeca5a53a5,196916,5,hardlink,aeb3bf3e3eb7330ae56e8399b0eef3b3df52d014c93b745188bf6eaeca5a53a5,acquisition,
186,originals/ipho/2019/IPhO_2019_P5__0f3bf3a40e915324.pdf,files/ipho/2019/IPhO_2019_P5__0f3bf3a40e915324.pdf,0f3bf3a40e915324995c3b9bbd3eecf19afd50203904fce1de6f887d38666bfa,1908611,15,hardlink,0f3bf3a40e915324995c3b9bbd3eecf19afd50203904fce1de6f887d38666bfa,acquisition,
1860,originals/izho/2014/IZhO_2014_S1__1e526966f308280a.pdf,files/izho/2014/IZhO_2014_S1__1e526966f308280a.pdf,1e526966f308280accc9fe747d08259279f35324e7e7f2e0290271adcaf6536c,194294,10,hardlink,1e526966f308280accc9fe747d08259279f35324e7e7f2e0290271adcaf6536c,acquisition,
1861,originals/izho/2014/IZhO_2014_Q2__9a11ff701f805b03.pdf,files/izho/2014/IZhO_2014_Q2__9a11ff701f805b03.pdf,9a11ff701f805b03e5f0086a7247e032d05f9412e452c067c049451222630f9a,66250,3,hardlink,9a11ff701f805b03e5f0086a7247e032d05f9412e452c067c049451222630f9a,acquisition,
1862,originals/izho/2014/IZhO_2014_S2__daf8b7289adef4e0.pdf,files/izho/2014/IZhO_2014_S2__daf8b7289adef4e0.pdf,daf8b7289adef4e002a04d664aaff094cd8c11ef630eaf45442eeeec82349b67,127323,6,hardlink,daf8b7289adef4e002a04d664aaff094cd8c11ef630eaf45442eeeec82349b67,acquisition,
1863,originals/izho/2013/IZhO_2013_Q1__1ac01c052414ffb4.pdf,files/izho/2013/IZhO_2013_Q1__1ac01c052414ffb4.pdf,1ac01c052414ffb4237de9844faa0669cc0ab7b8a903de8d7b1f6d41f1912d8a,328423,4,hardlink,1ac01c052414ffb4237de9844faa0669cc0ab7b8a903de8d7b1f6d41f1912d8a,acquisition,
1864,originals/izho/2013/IZhO_2013_S1__2804ded48ad009bf.pdf,files/izho/2013/IZhO_2013_S1__2804ded48ad009bf.pdf,2804ded48ad009bf58884b871f0f4817c64762b8a0f586e42056908fc4be10f1,523498,10,hardlink,2804ded48ad009bf58884b871f0f4817c64762b8a0f586e42056908fc4be10f1,acquisition,
1865,originals/izho/2012/IZhO_2012_Q1__cf56e25bec03807b.pdf,files/izho/2012/IZhO_2012_Q1__cf56e25bec03807b.pdf,cf56e25bec03807bbde1be9433c2c35d4eb47e45ba90d4a04c7dc0fa509a64e0,34831,6,hardlink,cf56e25bec03807bbde1be9433c2c35d4eb47e45ba90d4a04c7dc0fa509a64e0,acquisition,
1866,originals/izho/2012/IZhO_2012_S1__41a2fa97853ffdf4.pdf,files/izho/2012/IZhO_2012_S1__41a2fa97853ffdf4.pdf,41a2fa97853ffdf4ee0bc3a2e665c79387741beeff41d6cc9df29591335410db,374998,11,hardlink,41a2fa97853ffdf4ee0bc3a2e665c79387741beeff41d6cc9df29591335410db,acquisition,
1867,originals/izho/2012/IZhO_2012_Q2__f773acd3d287e058.pdf,files/izho/2012/IZhO_2012_Q2__f773acd3d287e058.pdf,f773acd3d287e058d44b0869956fbad1ddd4d44ab532c1be06406756b4e865a1,229745,4,hardlink,f773acd3d287e058d44b0869956fbad1ddd4d44ab532c1be06406756b4e865a1,acquisition,
1868,originals/izho/2012/IZhO_2012_S2__faef711dde11fd51.pdf,files/izho/2012/IZhO_2012_S2__faef711dde11fd51.pdf,faef711dde11fd517a4002746936bd685f7b252d13098c8820450d480388df4e,199526,10,hardlink,faef711dde11fd517a4002746936bd685f7b252d13098c8820450d480388df4e,acquisition,
1869,originals/izho/2011/IZhO_2011_Q1__40aeea9651c28025.pdf,files/izho/2011/IZhO_2011_Q1__40aeea9651c28025.pdf,40aeea9651c28025282b0e57f3353f3fee1158dc00b42706806a7e8ae5970111,193224,6,hardlink,40aeea9651c28025282b0e57f3353f3fee1158dc00b42706806a7e8ae5970111,acquisition,
187,originals/ipho/2019/IPhO_2019_A5__feaf8f512c6ec833.pdf,files/ipho/2019/IPhO_2019_A5__feaf8f512c6ec833.pdf,feaf8f512c6ec8336b943bd19b4ac1cb8cbe7e57476d3cb774a7d62243a34a3d,3570517,11,hardlink,feaf8f512c6ec8336b943bd19b4ac1cb8cbe7e57476d3cb774a7d62243a34a3d,acquisition,
1870,originals/izho/2011/IZhO_2011_S1__ecc4a34a50fade6a.pdf,files/izho/2011/IZhO_2011_S1__ecc4a34a50fade6a.pdf,ecc4a34a50fade6a08fd5f629480bebfa20ec418cdc19fa87915f6c0465ee008,178147,10,hardlink,ecc4a34a50fade6a08fd5f629480bebfa20ec418cdc19fa87915f6c0465ee008,acquisition,
1871,originals/izho/2011/IZhO_2011_Q2__8468c4034aebffcb.pdf,files/izho/2011/IZhO_2011_Q2__8468c4034aebffcb.pdf,8468c4034aebffcbbcfb5c77fbe3b94b4e961fe82f476a9361e0a9ee498946cc,125484,4,hardlink,8468c4034aebffcbbcfb5c77fbe3b94b4e961fe82f476a9361e0a9ee498946cc,acquisition,
1872,originals/izho/2011/IZhO_2011_S2__0f6326d803e09718.pdf,files/izho/2011/IZhO_2011_S2__0f6326d803e09718.pdf,0f6326d803e097188570248b5662007affddf0b479b4910085c8c05b743ce9e9,131459,4,hardlink,0f6326d803e097188570248b5662007affddf0b479b4910085c8c05b743ce9e9,acquisition,
1873,originals/izho/2010/IZhO_2010_S1__10d2fd1634d6abbc.pdf,files/izho/2010/IZhO_2010_S1__10d2fd1634d6abbc.pdf,10d2fd1634d6abbcb763e030d3472878f52b3ddc2a4d9ae2a36c5145072fb3bc,216036,7,hardlink,10d2fd1634d6abbcb763e030d3472878f52b3ddc2a4d9ae2a36c5145072fb3bc,acquisition,
1874,originals/izho/2010/IZhO_2010_Q2__4d48c5854d0f2180.pdf,files/izho/2010/IZhO_2010_Q2__4d48c5854d0f2180.pdf,4d48c5854d0f21804647394f00a33604540cfe552643c088aee0d6b9bcd287d9,45515,3,hardlink,4d48c5854d0f21804647394f00a33604540cfe552643c088aee0d6b9bcd287d9,acquisition,
1875,originals/izho/2010/IZhO_2010_Q1__c3d309b54a876a0e.pdf,files/izho/2010/IZhO_2010_Q1__c3d309b54a876a0e.pdf,c3d309b54a876a0e71284afa01c5a180b3bb005e69781bcfaabe8f9dff9c8051,215047,5,hardlink,c3d309b54a876a0e71284afa01c5a180b3bb005e69781bcfaabe8f9dff9c8051,acquisition,
1876,originals/izho/2010/IZhO_2010_S2__5ff61b518484bec3.pdf,files/izho/2010/IZhO_2010_S2__5ff61b518484bec3.pdf,5ff61b518484bec30eb4c2109e11a055d92ed89f3a0fe7e26d14f47752ccc606,186853,4,hardlink,5ff61b518484bec30eb4c2109e11a055d92ed89f3a0fe7e26d14f47752ccc606,acquisition,
1878,originals/ispho/2026/ISPhO_2026_Q1__ed75f9982e499d18.pdf,files/ispho/2026/ISPhO_2026_Q1__ed75f9982e499d18.pdf,ed75f9982e499d18a12e014ba246bc017039f31bd9564002acad9d4e00eb1726,1597294,9,hardlink,ed75f9982e499d18a12e014ba246bc017039f31bd9564002acad9d4e00eb1726,acquisition,
1879,originals/ispho/2026/ISPhO_2026_S1__c10e236aa1c89902.pdf,files/ispho/2026/ISPhO_2026_S1__c10e236aa1c89902.pdf,c10e236aa1c899020b72abf315f9606d417b89966d24722abc669d9a6b837b35,1077965,3,hardlink,c10e236aa1c899020b72abf315f9606d417b89966d24722abc669d9a6b837b35,acquisition,
188,originals/ipho/2018/IPhO_2018_S1__e6b70d5098fd1952.pdf,files/ipho/2018/IPhO_2018_S1__e6b70d5098fd1952.pdf,e6b70d5098fd1952bef4bcd0cee54003a24ea2edd080160d4e9759282e358613,113560,5,hardlink,e6b70d5098fd1952bef4bcd0cee54003a24ea2edd080160d4e9759282e358613,acquisition,
1880,originals/ispho/2026/ISPhO_2026_A1__73d5ab90ee370166.pdf,files/ispho/2026/ISPhO_2026_A1__73d5ab90ee370166.pdf,73d5ab90ee370166ff4be34be26e1e6cf338d1a9e0df28345e235e9a9f8494e8,41868,3,hardlink,73d5ab90ee370166ff4be34be26e1e6cf338d1a9e0df28345e235e9a9f8494e8,acquisition,
1881,originals/ispho/2026/ISPhO_2026_Q2__6d71c81dc423cb33.pdf,files/ispho/2026/ISPhO_2026_Q2__6d71c81dc423cb33.pdf,6d71c81dc423cb3376d7aaadce8eee45148975f3828f5cb438de2a8dc2f409a3,972741,6,hardlink,6d71c81dc423cb3376d7aaadce8eee45148975f3828f5cb438de2a8dc2f409a3,acquisition,
1882,originals/ispho/2026/ISPhO_2026_M1__5ce09fad0aeed5a9.pdf,files/ispho/2026/ISPhO_2026_M1__5ce09fad0aeed5a9.pdf,5ce09fad0aeed5a9d1a3d1d6f73786a1a8d67e550f5597577d5d085fe6af2d09,490868,7,hardlink,5ce09fad0aeed5a9d1a3d1d6f73786a1a8d67e550f5597577d5d085fe6af2d09,acquisition,
1883,originals/ispho/2026/ISPhO_2026_S2__538d8afbed7cd163.pdf,files/ispho/2026/ISPhO_2026_S2__538d8afbed7cd163.pdf,538d8afbed7cd1631f265eed74e8d3495b8e4ca1a22724d6e8acdc4ee8bf379f,828302,3,hardlink,538d8afbed7cd1631f265eed74e8d3495b8e4ca1a22724d6e8acdc4ee8bf379f,acquisition,
1884,originals/ispho/2026/ISPhO_2026_M2__44862b1618f207a9.pdf,files/ispho/2026/ISPhO_2026_M2__44862b1618f207a9.pdf,44862b1618f207a9d31b48021e6b6acf8763ae9765d4732c89cfff9da575a8c9,367955,4,hardlink,44862b1618f207a9d31b48021e6b6acf8763ae9765d4732c89cfff9da575a8c9,acquisition,
1885,originals/ispho/2026/ISPhO_2026_Q3__4fe68c471383c581.pdf,files/ispho/2026/ISPhO_2026_Q3__4fe68c471383c581.pdf,4fe68c471383c581d4cefc3067a28fd844694da9a22d92ff17b2a0a95c98a393,84227,5,hardlink,4fe68c471383c581d4cefc3067a28fd844694da9a22d92ff17b2a0a95c98a393,acquisition,
1886,originals/ispho/2026/ISPhO_2026_A2__0c8498583608f12d.pdf,files/ispho/2026/ISPhO_2026_A2__0c8498583608f12d.pdf,0c8498583608f12d51a7bcb92d1d990d71f366d898a37809bf54c6964c5fb601,40253,2,hardlink,0c8498583608f12d51a7bcb92d1d990d71f366d898a37809bf54c6964c5fb601,acquisition,
1887,originals/ispho/2026/ISPhO_2026_S3__5a3fbca15590359d.pdf,files/ispho/2026/ISPhO_2026_S3__5a3fbca15590359d.pdf,5a3fbca15590359d52c22ed0482c9748dbf5f9ad89f139d09402fb1e7ac60e91,1067024,6,hardlink,5a3fbca15590359d52c22ed0482c9748dbf5f9ad89f139d09402fb1e7ac60e91,acquisition,
1888,originals/ispho/2026/ISPhO_2026_A3__9b4fe90aca06d0bd.pdf,files/ispho/2026/ISPhO_2026_A3__9b4fe90aca06d0bd.pdf,9b4fe90aca06d0bd818dbf73c29e0c7805c1e7411cbf99d2edf579189d1e02e8,40429,3,hardlink,9b4fe90aca06d0bd818dbf73c29e0c7805c1e7411cbf99d2edf579189d1e02e8,acquisition,
1889,originals/ispho/2026/ISPhO_2026_Q4__5318aa69346b5b12.pdf,files/ispho/2026/ISPhO_2026_Q4__5318aa69346b5b12.pdf,5318aa69346b5b12b2ed6ab75f46a638028b95204fb29dc5c45409d4bbaabe32,1036589,8,hardlink,5318aa69346b5b12b2ed6ab75f46a638028b95204fb29dc5c45409d4bbaabe32,acquisition,
189,originals/ipho/2018/IPhO_2018_Q1__5d0ba5473601aec1.pdf,files/ipho/2018/IPhO_2018_Q1__5d0ba5473601aec1.pdf,5d0ba5473601aec11962a660ed55bc759485db68a0b66109c324335fbebf9752,215868,4,hardlink,5d0ba5473601aec11962a660ed55bc759485db68a0b66109c324335fbebf9752,acquisition,
1890,originals/ispho/2026/ISPhO_2026_A4__f28ba6e30b98f771.pdf,files/ispho/2026/ISPhO_2026_A4__f28ba6e30b98f771.pdf,f28ba6e30b98f771cf749e6f2350df3a955b1653b7da9a5a70e3a0c6c2c328b3,185613,11,hardlink,f28ba6e30b98f771cf749e6f2350df3a955b1653b7da9a5a70e3a0c6c2c328b3,acquisition,
1891,originals/ispho/2026/ISPhO_2026_M3__f2fab1d4cc145cbe.pdf,files/ispho/2026/ISPhO_2026_M3__f2fab1d4cc145cbe.pdf,f2fab1d4cc145cbe3de09526fdec053ddc4684a61480d56084d146cda36d41f4,390563,4,hardlink,f2fab1d4cc145cbe3de09526fdec053ddc4684a61480d56084d146cda36d41f4,acquisition,
1892,originals/ispho/2025/ISPhO_2025_Q1__eb68ee1350d66499.pdf,files/ispho/2025/ISPhO_2025_Q1__eb68ee1350d66499.pdf,eb68ee1350d66499d2ed4016f9b77a4889873f88cfd4308cba11fc4b019f3343,1644997,15,hardlink,eb68ee1350d66499d2ed4016f9b77a4889873f88cfd4308cba11fc4b019f3343,acquisition,
1893,originals/ispho/2025/ISPhO_2025_Q2__5b8dd952e449a485.pdf,files/ispho/2025/ISPhO_2025_Q2__5b8dd952e449a485.pdf,5b8dd952e449a485ac1e15611aec35a672f2cedac4c8b0216c0cf015ac1245ec,740288,8,hardlink,5b8dd952e449a485ac1e15611aec35a672f2cedac4c8b0216c0cf015ac1245ec,acquisition,
1894,originals/ispho/2025/ISPhO_2025_Q3__227a855b7c28bf98.pdf,files/ispho/2025/ISPhO_2025_Q3__227a855b7c28bf98.pdf,227a855b7c28bf98dd4ddd0ccb2d8ca5c7409ed3ec60161986831e3df87b3eed,821865,12,hardlink,227a855b7c28bf98dd4ddd0ccb2d8ca5c7409ed3ec60161986831e3df87b3eed,acquisition,
1895,originals/ispho/2025/ISPhO_2025_Q4__3952d1c0e2e47cd7.pdf,files/ispho/2025/ISPhO_2025_Q4__3952d1c0e2e47cd7.pdf,3952d1c0e2e47cd76f14b1ee1b2a0468d71c10cda6f1ae9c2f8b5d10b0c3a900,4675315,21,hardlink,3952d1c0e2e47cd76f14b1ee1b2a0468d71c10cda6f1ae9c2f8b5d10b0c3a900,acquisition,
1896,originals/ispho/2024/ISPhO_2024_S1__53ad691ac1e57c5b.pdf,files/ispho/2024/ISPhO_2024_S1__53ad691ac1e57c5b.pdf,53ad691ac1e57c5b87c84c5a8c37df35ffa01029deac0c692b4876562469abcd,223846,8,hardlink,53ad691ac1e57c5b87c84c5a8c37df35ffa01029deac0c692b4876562469abcd,acquisition,
1897,originals/ispho/2024/ISPhO_2024_Q1__6190c49c30dd9308.pdf,files/ispho/2024/ISPhO_2024_Q1__6190c49c30dd9308.pdf,6190c49c30dd93081f787fb6a682d43398abb1701e69553f1f7470b2c7adca3f,167714,7,hardlink,6190c49c30dd93081f787fb6a682d43398abb1701e69553f1f7470b2c7adca3f,acquisition,
1898,originals/ispho/2024/ISPhO_2024_Q2__1e531da9242a12e0.pdf,files/ispho/2024/ISPhO_2024_Q2__1e531da9242a12e0.pdf,1e531da9242a12e0f45da60c2ac815b3a0472fe6b948eaf92921e1e5b6ab8f97,134416,4,hardlink,1e531da9242a12e0f45da60c2ac815b3a0472fe6b948eaf92921e1e5b6ab8f97,acquisition,
1899,originals/ispho/2024/ISPhO_2024_S2__d19cdc01d4b8418a.pdf,files/ispho/2024/ISPhO_2024_S2__d19cdc01d4b8418a.pdf,d19cdc01d4b8418a269a5f0ca02f1ef32868896f0fce41f385e2575afcc7daef,71144,3,hardlink,d19cdc01d4b8418a269a5f0ca02f1ef32868896f0fce41f385e2575afcc7daef,acquisition,
190,originals/ipho/2018/IPhO_2018_A1__d94f7549cd9e9ea5.pdf,files/ipho/2018/IPhO_2018_A1__d94f7549cd9e9ea5.pdf,d94f7549cd9e9ea523f71d236699d30c0a9cfe95d455d55dd6b79cbbc722b821,95995,2,hardlink,d94f7549cd9e9ea523f71d236699d30c0a9cfe95d455d55dd6b79cbbc722b821,acquisition,
1900,originals/ispho/2024/ISPhO_2024_Q3__30a2340a80bedcd8.pdf,files/ispho/2024/ISPhO_2024_Q3__30a2340a80bedcd8.pdf,30a2340a80bedcd82dac108be49290bd2276ad87b4ce4e2434b7ada47a778dd7,564163,3,hardlink,30a2340a80bedcd82dac108be49290bd2276ad87b4ce4e2434b7ada47a778dd7,acquisition,
1901,originals/ispho/2024/ISPhO_2024_S3__0f6a4cacb3e27e6b.pdf,files/ispho/2024/ISPhO_2024_S3__0f6a4cacb3e27e6b.pdf,0f6a4cacb3e27e6b3cbd316222a4e8eefcff6ddd22940613b372b832af6448af,212652,5,hardlink,0f6a4cacb3e27e6b3cbd316222a4e8eefcff6ddd22940613b372b832af6448af,acquisition,
1902,originals/ispho/2024/ISPhO_2024_Q4__5155f026b730236b.pdf,files/ispho/2024/ISPhO_2024_Q4__5155f026b730236b.pdf,5155f026b730236bfd1f990db73dd271ce425ddbdfd7c0393844afb1d10a0678,399348,13,hardlink,5155f026b730236bfd1f990db73dd271ce425ddbdfd7c0393844afb1d10a0678,acquisition,
1903,originals/ispho/2023/ISPhO_2023_Q1__a84d85f91649d5f5.pdf,files/ispho/2023/ISPhO_2023_Q1__a84d85f91649d5f5.pdf,a84d85f91649d5f541d0cfbeb8aa11b434df88ed37d657b076219d9f27c5233b,1892048,6,hardlink,a84d85f91649d5f541d0cfbeb8aa11b434df88ed37d657b076219d9f27c5233b,acquisition,
1904,originals/ispho/2024/ISPhO_2024_S4__1af0be785786f05e.pdf,files/ispho/2024/ISPhO_2024_S4__1af0be785786f05e.pdf,1af0be785786f05e788b6d59c783a57d598e29c8b12e281ab869a14e817987f2,510659,14,hardlink,1af0be785786f05e788b6d59c783a57d598e29c8b12e281ab869a14e817987f2,acquisition,
1905,originals/ispho/2023/ISPhO_2023_S1__7cd27eba2508c57e.pdf,files/ispho/2023/ISPhO_2023_S1__7cd27eba2508c57e.pdf,7cd27eba2508c57ee003223bcab891083f18178145c91e44962d576857c00a63,545716,6,hardlink,7cd27eba2508c57ee003223bcab891083f18178145c91e44962d576857c00a63,acquisition,
1906,originals/ispho/2023/ISPhO_2023_Q2__dae43b3bb15a9470.pdf,files/ispho/2023/ISPhO_2023_Q2__dae43b3bb15a9470.pdf,dae43b3bb15a94704260a0c4b0a60011e949112eba1a1ae642887dd3bf2f5c2e,528861,3,hardlink,dae43b3bb15a94704260a0c4b0a60011e949112eba1a1ae642887dd3bf2f5c2e,acquisition,
1907,originals/ispho/2023/ISPhO_2023_S2__26e58e3d0a98e25d.pdf,files/ispho/2023/ISPhO_2023_S2__26e58e3d0a98e25d.pdf,26e58e3d0a98e25d84fd51d6675630b0d0456991f2b57b807c48a171efbff349,147341,4,hardlink,26e58e3d0a98e25d84fd51d6675630b0d0456991f2b57b807c48a171efbff349,acquisition,
1908,originals/ispho/2023/ISPhO_2023_Q3__f7fe407507fade9f.pdf,files/ispho/2023/ISPhO_2023_Q3__f7fe407507fade9f.pdf,f7fe407507fade9fbf4f3af28c43220b2b7bbc7f51e5e8ce0e2ce09c319875ba,279599,8,hardlink,f7fe407507fade9fbf4f3af28c43220b2b7bbc7f51e5e8ce0e2ce09c319875ba,acquisition,
1909,originals/usapho/2026/Fma_2026_Q1-25__e688f8db17f043bb.pdf,files/usapho/2026/Fma_2026_Q1-25__e688f8db17f043bb.pdf,e688f8db17f043bb76481c0f21db1a399e564c177db22b0b87fcca7e07162fff,477013,26,hardlink,e688f8db17f043bb76481c0f21db1a399e564c177db22b0b87fcca7e07162fff,acquisition,
1910,originals/ispho/2023/ISPhO_2023_S3__a8a1f35496d4ee6d.pdf,files/ispho/2023/ISPhO_2023_S3__a8a1f35496d4ee6d.pdf,a8a1f35496d4ee6d23f511506bb06f74024db2292e20b0114cd28991647e5f5a,659948,6,hardlink,a8a1f35496d4ee6d23f511506bb06f74024db2292e20b0114cd28991647e5f5a,acquisition,
1911,originals/usapho/2026/Fma_2026_S1-25__fa134ae6057871db.pdf,files/usapho/2026/Fma_2026_S1-25__fa134ae6057871db.pdf,fa134ae6057871dbe57325da97ac7234229639424abf1b14c43817ef0654b12a,528105,29,hardlink,fa134ae6057871dbe57325da97ac7234229639424abf1b14c43817ef0654b12a,acquisition,
1912,originals/usapho/2026/USAPhO_2026_Q1-6__95c2f0d278aa206d.pdf,files/usapho/2026/USAPhO_2026_Q1-6__95c2f0d278aa206d.pdf,95c2f0d278aa206d7386d868dca2a5af4f4135c12bae23a3dce6a55812cad982,486116,10,hardlink,95c2f0d278aa206d7386d868dca2a5af4f4135c12bae23a3dce6a55812cad982,acquisition,
1913,originals/usapho/2026/USAPhO_2026_S1-6__da401e05d009e1db.pdf,files/usapho/2026/USAPhO_2026_S1-6__da401e05d009e1db.pdf,da401e05d009e1dbd14c231484142de03a7cbec9b1a04e7e8b131cc3d3854d64,458682,22,hardlink,da401e05d009e1dbd14c231484142de03a7cbec9b1a04e7e8b131cc3d3854d64,acquisition,
1914,originals/usapho/2025/Fma_2025_Q1-25__2d979b4735b845e3.pdf,files/usapho/2025/Fma_2025_Q1-25__2d979b4735b845e3.pdf,2d979b4735b845e3bc387f1e365238ed8525393f17fe3841f1f9a5c976379693,490735,11,hardlink,2d979b4735b845e3bc387f1e365238ed8525393f17fe3841f1f9a5c976379693,acquisition,
1915,originals/usapho/2025/Fma_2025_S1-25__318442e318c1f3f6.pdf,files/usapho/2025/Fma_2025_S1-25__318442e318c1f3f6.pdf,318442e318c1f3f6f2822030a421a0cfe6988126b2a1c9510efcba6341503295,532539,17,hardlink,318442e318c1f3f6f2822030a421a0cfe6988126b2a1c9510efcba6341503295,acquisition,
1916,originals/usapho/2025/USAPhO_2025_Q1-6__2e8b438ad960749d.pdf,files/usapho/2025/USAPhO_2025_Q1-6__2e8b438ad960749d.pdf,2e8b438ad960749de7a09f905dde0eddf638d5e5d75d32222d4c860152f5059b,484395,10,hardlink,2e8b438ad960749de7a09f905dde0eddf638d5e5d75d32222d4c860152f5059b,acquisition,
1917,originals/usapho/2025/USAPhO_2025_S1-6__2e849628670f1f97.pdf,files/usapho/2025/USAPhO_2025_S1-6__2e849628670f1f97.pdf,2e849628670f1f97a615776e8098534ea817fc52c20d2223f4cabc9a7ada1a85,578768,22,hardlink,2e849628670f1f97a615776e8098534ea817fc52c20d2223f4cabc9a7ada1a85,acquisition,
1918,originals/usapho/2024/Fma_2024_Q1-25__81819eb4235db2c0.pdf,files/usapho/2024/Fma_2024_Q1-25__81819eb4235db2c0.pdf,81819eb4235db2c0374c527753dc733a4c8b0b81b38526924ecf02bc096edc35,564542,10,hardlink,81819eb4235db2c0374c527753dc733a4c8b0b81b38526924ecf02bc096edc35,acquisition,
1919,originals/usapho/2024/Fma_2024_S1-25__ec08944bb47971a2.pdf,files/usapho/2024/Fma_2024_S1-25__ec08944bb47971a2.pdf,ec08944bb47971a20e505e18d9260b64963ffe6654d7cc799ebb44c779ec33cd,594168,14,hardlink,ec08944bb47971a20e505e18d9260b64963ffe6654d7cc799ebb44c779ec33cd,acquisition,
192,originals/ipho/2018/IPhO_2018_M1__9c565ba6960b5bfb.pdf,files/ipho/2018/IPhO_2018_M1__9c565ba6960b5bfb.pdf,9c565ba6960b5bfbf2298c196d816d7e66d76d4c3b07284b0a50c406929ded97,84852,3,hardlink,9c565ba6960b5bfbf2298c196d816d7e66d76d4c3b07284b0a50c406929ded97,acquisition,
1920,originals/usapho/2024/USAPhO_2024_Q1-6__2a93ac274a4c74b9.pdf,files/usapho/2024/USAPhO_2024_Q1-6__2a93ac274a4c74b9.pdf,2a93ac274a4c74b93711d98cc71ba522d9562a1730c6ce6040237d3a9777a4b1,907140,11,hardlink,2a93ac274a4c74b93711d98cc71ba522d9562a1730c6ce6040237d3a9777a4b1,acquisition,
1921,originals/usapho/2023/Fma_2023_Q1-25__aab7e2c3c60710aa.pdf,files/usapho/2023/Fma_2023_Q1-25__aab7e2c3c60710aa.pdf,aab7e2c3c60710aa6e6e9aa88623920402f1b072f76c792aee3a4d3e650867a1,312064,9,hardlink,aab7e2c3c60710aa6e6e9aa88623920402f1b072f76c792aee3a4d3e650867a1,acquisition,
1922,originals/usapho/2024/USAPhO_2024_S1-6__42c488de819c124d.pdf,files/usapho/2024/USAPhO_2024_S1-6__42c488de819c124d.pdf,42c488de819c124d45b486586cb0bf0e44cbe33c6c5e94285f54dc3ff00881e6,924616,22,hardlink,42c488de819c124d45b486586cb0bf0e44cbe33c6c5e94285f54dc3ff00881e6,acquisition,
1923,originals/usapho/2023/USAPhO_2023_Q1-6__e5f6e4f215fb1752.pdf,files/usapho/2023/USAPhO_2023_Q1-6__e5f6e4f215fb1752.pdf,e5f6e4f215fb17529dbb3adbaa051ec83728451adbe3db60738e21e2152441bd,350272,11,hardlink,e5f6e4f215fb17529dbb3adbaa051ec83728451adbe3db60738e21e2152441bd,acquisition,
1924,originals/usapho/2023/Fma_2023_S1-25__beed79c6caac2a48.pdf,files/usapho/2023/Fma_2023_S1-25__beed79c6caac2a48.pdf,beed79c6caac2a48a8c05cfe362f10b386d204ad2bda7836af2ecf724a8b94d5,338635,14,hardlink,beed79c6caac2a48a8c05cfe362f10b386d204ad2bda7836af2ecf724a8b94d5,acquisition,
1925,originals/usapho/2023/USAPhO_2023_S1-6__cc5eaf467c259f91.pdf,files/usapho/2023/USAPhO_2023_S1-6__cc5eaf467c259f91.pdf,cc5eaf467c259f9119d2d65ad759bbcbfd510480f033f07814c3e3c25807f1f3,422590,24,hardlink,cc5eaf467c259f9119d2d65ad759bbcbfd510480f033f07814c3e3c25807f1f3,acquisition,
1926,originals/usapho/2022/Fma_2022_Q1-25__1da9dc454485d710.pdf,files/usapho/2022/Fma_2022_Q1-25__1da9dc454485d710.pdf,1da9dc454485d71068d2aea105efe56de8935861176b31b364a819e0b2b97685,207335,9,hardlink,1da9dc454485d71068d2aea105efe56de8935861176b31b364a819e0b2b97685,acquisition,
1927,originals/usapho/2022/Fma_2022_Q26-50__e5629999dcd15b41.pdf,files/usapho/2022/Fma_2022_Q26-50__e5629999dcd15b41.pdf,e5629999dcd15b4118cd7aad68402a03641e82beb2b94f52a9ec8ea4efc561b4,213813,9,hardlink,e5629999dcd15b4118cd7aad68402a03641e82beb2b94f52a9ec8ea4efc561b4,acquisition,
1928,originals/usapho/2022/Fma_2022_S1-25__ebdfa800e22afc12.pdf,files/usapho/2022/Fma_2022_S1-25__ebdfa800e22afc12.pdf,ebdfa800e22afc122426c47d4034ae1b10c91756adf05aba3d4d61a283f4a18e,244471,13,hardlink,ebdfa800e22afc122426c47d4034ae1b10c91756adf05aba3d4d61a283f4a18e,acquisition,
1929,originals/usapho/2022/Fma_2022_S26-50__b3852a6dc73d8da2.pdf,files/usapho/2022/Fma_2022_S26-50__b3852a6dc73d8da2.pdf,b3852a6dc73d8da2f0c414c0e930178660f77e941dffaa8bec1a23f6602d20f5,236973,13,hardlink,b3852a6dc73d8da2f0c414c0e930178660f77e941dffaa8bec1a23f6602d20f5,acquisition,
1930,originals/usapho/2022/USAPhO_2022_Q1-6__e25f434231d97da6.pdf,files/usapho/2022/USAPhO_2022_Q1-6__e25f434231d97da6.pdf,e25f434231d97da62f54d44331d483febc66bed45f6cdf537cc384a22e96715a,220368,10,hardlink,e25f434231d97da62f54d44331d483febc66bed45f6cdf537cc384a22e96715a,acquisition,
1931,originals/usapho/2022/USAPhO_2022_Q1-3__710cea32f2ecf0cc.pdf,files/usapho/2022/USAPhO_2022_Q1-3__710cea32f2ecf0cc.pdf,710cea32f2ecf0cc6a68b6354a030a89cf029080a290c3e303bc56e8da3ac402,480903,6,hardlink,710cea32f2ecf0cc6a68b6354a030a89cf029080a290c3e303bc56e8da3ac402,acquisition,
1932,originals/usapho/2022/USAPhO_2022_S1-3__8b3a8d6780c7f796.pdf,files/usapho/2022/USAPhO_2022_S1-3__8b3a8d6780c7f796.pdf,8b3a8d6780c7f79621c88ab98e08f2a99e585f3a829e02c1c07a8c2f91f5a42f,555576,17,hardlink,8b3a8d6780c7f79621c88ab98e08f2a99e585f3a829e02c1c07a8c2f91f5a42f,acquisition,
1933,originals/usapho/2022/USAPhO_2022_S1-6__2e726dab177da748.pdf,files/usapho/2022/USAPhO_2022_S1-6__2e726dab177da748.pdf,2e726dab177da748f1588696b48040eaf60aae8138996b892950cedd811524c0,297518,22,hardlink,2e726dab177da748f1588696b48040eaf60aae8138996b892950cedd811524c0,acquisition,
1934,originals/usapho/2022/USAPhO_2022_Q4__730b29070b01dfdf.pdf,files/usapho/2022/USAPhO_2022_Q4__730b29070b01dfdf.pdf,730b29070b01dfdf4ceb17fb1e6163704ed84af1da773d041e77ab3cfd2ce6f7,110837,4,hardlink,730b29070b01dfdf4ceb17fb1e6163704ed84af1da773d041e77ab3cfd2ce6f7,acquisition,
1935,originals/usapho/2022/USAPhO_2022_S4__ec7d63abbac92f02.pdf,files/usapho/2022/USAPhO_2022_S4__ec7d63abbac92f02.pdf,ec7d63abbac92f02c78baa9e6c7e57960ae321ff9884ed002d07bd621227b851,139431,7,hardlink,ec7d63abbac92f02c78baa9e6c7e57960ae321ff9884ed002d07bd621227b851,acquisition,
1936,originals/usapho/2021/USAPhO_2021_Q1-6__83b753eb4e419328.pdf,files/usapho/2021/USAPhO_2021_Q1-6__83b753eb4e419328.pdf,83b753eb4e419328a93233a2c30198cb9d33fa1e776c6782cfb814fc5435481a,189457,8,hardlink,83b753eb4e419328a93233a2c30198cb9d33fa1e776c6782cfb814fc5435481a,acquisition,
1937,originals/usapho/2021/Fma_2021_Q1-25__066bb58b2b32314e.pdf,files/usapho/2021/Fma_2021_Q1-25__066bb58b2b32314e.pdf,066bb58b2b32314ed196459cafac3994648a2cf3eccd4ad986b33310ce6f6162,293106,10,hardlink,066bb58b2b32314ed196459cafac3994648a2cf3eccd4ad986b33310ce6f6162,acquisition,
1938,originals/usapho/2021/Fma_2021_S1-25__2174c19148ea80dd.pdf,files/usapho/2021/Fma_2021_S1-25__2174c19148ea80dd.pdf,2174c19148ea80dd71ad874eb3c46af422b2b48231cd68a3f2f8e924c69261aa,333246,17,hardlink,2174c19148ea80dd71ad874eb3c46af422b2b48231cd68a3f2f8e924c69261aa,acquisition,
1939,originals/usapho/2021/USAPhO_2021_Q1-3__b7e54b370a945bda.pdf,files/usapho/2021/USAPhO_2021_Q1-3__b7e54b370a945bda.pdf,b7e54b370a945bdabe74f426d6ffe28ab7ebb98e8717ce69de744c6ae453db89,283302,10,hardlink,b7e54b370a945bdabe74f426d6ffe28ab7ebb98e8717ce69de744c6ae453db89,acquisition,
1940,originals/usapho/2021/USAPhO_2021_S1-3__1ce62d2d1f8dd6b1.pdf,files/usapho/2021/USAPhO_2021_S1-3__1ce62d2d1f8dd6b1.pdf,1ce62d2d1f8dd6b1cbf1bb3c2cdfa7ffc4e9cd61d72a9aef87ffef518d5a4152,323592,19,hardlink,1ce62d2d1f8dd6b1cbf1bb3c2cdfa7ffc4e9cd61d72a9aef87ffef518d5a4152,acquisition,
1941,originals/usapho/2021/USAPhO_2021_S1-6__7d60abb735df138e.pdf,files/usapho/2021/USAPhO_2021_S1-6__7d60abb735df138e.pdf,7d60abb735df138e0e423eff9ef2bd6dfc65d10bca470f1341b31bd3a9010d1f,265359,22,hardlink,7d60abb735df138e0e423eff9ef2bd6dfc65d10bca470f1341b31bd3a9010d1f,acquisition,
1942,originals/usapho/2020/Fma_2020_S1-25__ec725a1fb1a1193c.pdf,files/usapho/2020/Fma_2020_S1-25__ec725a1fb1a1193c.pdf,ec725a1fb1a1193c424d802824cf85b28950af3eeda87d5ba8c9dea09d4c4d90,239292,16,hardlink,ec725a1fb1a1193c424d802824cf85b28950af3eeda87d5ba8c9dea09d4c4d90,acquisition,
1943,originals/usapho/2020/Fma_2020_Q26-50__1f8a5f37e72fb42d.pdf,files/usapho/2020/Fma_2020_Q26-50__1f8a5f37e72fb42d.pdf,1f8a5f37e72fb42d58af078492820e2748ad21cdd68025a7f9c3267dead589c9,191932,9,hardlink,1f8a5f37e72fb42d58af078492820e2748ad21cdd68025a7f9c3267dead589c9,acquisition,
1944,originals/usapho/2020/Fma_2020_Q1-25__45369c4a721e75b3.pdf,files/usapho/2020/Fma_2020_Q1-25__45369c4a721e75b3.pdf,45369c4a721e75b3a76e8d6237d1906c743d28ef270b207242963edacb7438c6,195675,10,hardlink,45369c4a721e75b3a76e8d6237d1906c743d28ef270b207242963edacb7438c6,acquisition,
1945,originals/usapho/2020/Fma_2020_S26-50__a8f0dd1fffb4103a.pdf,files/usapho/2020/Fma_2020_S26-50__a8f0dd1fffb4103a.pdf,a8f0dd1fffb4103aaff1f1b91771f82bad35736ae4d526346aadceec3c866169,241919,17,hardlink,a8f0dd1fffb4103aaff1f1b91771f82bad35736ae4d526346aadceec3c866169,acquisition,
1946,originals/usapho/2020/USAPhO_2020_Q1-6__bdee52d5efa3f5ba.pdf,files/usapho/2020/USAPhO_2020_Q1-6__bdee52d5efa3f5ba.pdf,bdee52d5efa3f5baa3d05ec083537e32df4d4120cc84e917960d89a03c1f26a6,369645,10,hardlink,bdee52d5efa3f5baa3d05ec083537e32df4d4120cc84e917960d89a03c1f26a6,acquisition,
1947,originals/usapho/2020/USAPhO_2020_S1-6__bdc26731e2d2b0a2.pdf,files/usapho/2020/USAPhO_2020_S1-6__bdc26731e2d2b0a2.pdf,bdc26731e2d2b0a230f1bfffc50a91501a42449ccdd4aac130e77107b39c800f,435496,20,hardlink,bdc26731e2d2b0a230f1bfffc50a91501a42449ccdd4aac130e77107b39c800f,acquisition,
1948,originals/usapho/2019/Fma_2019_Q1-25__7d8ced296e35a988.pdf,files/usapho/2019/Fma_2019_Q1-25__7d8ced296e35a988.pdf,7d8ced296e35a9882bc8761247efdc7ea8b335f2c61b379db0e95c87d5cee60b,187288,11,hardlink,7d8ced296e35a9882bc8761247efdc7ea8b335f2c61b379db0e95c87d5cee60b,acquisition,
1949,originals/usapho/2019/Fma_2019_Q26-50__2d13ef513df6d31a.pdf,files/usapho/2019/Fma_2019_Q26-50__2d13ef513df6d31a.pdf,2d13ef513df6d31a3776b710273dc6f81d35355c81d422e9079572f7aedd859a,191344,12,hardlink,2d13ef513df6d31a3776b710273dc6f81d35355c81d422e9079572f7aedd859a,acquisition,
195,originals/ipho/2018/IPhO_2018_Q3__fdce49fdb954bb31.pdf,files/ipho/2018/IPhO_2018_Q3__fdce49fdb954bb31.pdf,fdce49fdb954bb317d0e6c5e227adef48a758ac90e0d45bbcecdb6991c40165e,225115,4,hardlink,fdce49fdb954bb317d0e6c5e227adef48a758ac90e0d45bbcecdb6991c40165e,acquisition,
1950,originals/usapho/2019/Fma_2019_S1-25__b9fbe21c11ad096d.pdf,files/usapho/2019/Fma_2019_S1-25__b9fbe21c11ad096d.pdf,b9fbe21c11ad096d1854d045a1cc56756ff9061e17af9704bf8ff0f7c6d94369,232408,22,hardlink,b9fbe21c11ad096d1854d045a1cc56756ff9061e17af9704bf8ff0f7c6d94369,acquisition,
1951,originals/usapho/2019/Fma_2019_S26-50__46106b52f915251f.pdf,files/usapho/2019/Fma_2019_S26-50__46106b52f915251f.pdf,46106b52f915251fab6f4481a819ea33c97a6feada63535c4428647dc620f03b,238990,22,hardlink,46106b52f915251fab6f4481a819ea33c97a6feada63535c4428647dc620f03b,acquisition,
1952,originals/usapho/2019/USAPhO_2019_Q1-6__29847c38daa6fac5.pdf,files/usapho/2019/USAPhO_2019_Q1-6__29847c38daa6fac5.pdf,29847c38daa6fac5353a789304ea943df0b71e091ef425cb1cee7065e8d34e98,253682,13,hardlink,29847c38daa6fac5353a789304ea943df0b71e091ef425cb1cee7065e8d34e98,acquisition,
1953,originals/usapho/2019/USAPhO_2019_S1-6__ec1cfcaee7d4ac6d.pdf,files/usapho/2019/USAPhO_2019_S1-6__ec1cfcaee7d4ac6d.pdf,ec1cfcaee7d4ac6d1ca9a6067366272bd2d10cff54e26d0923ced44f8d5742ed,319094,26,hardlink,ec1cfcaee7d4ac6d1ca9a6067366272bd2d10cff54e26d0923ced44f8d5742ed,acquisition,
1954,originals/usapho/2018/Fma_2018_S1-25__00c95c82490d8c84.pdf,files/usapho/2018/Fma_2018_S1-25__00c95c82490d8c84.pdf,00c95c82490d8c84adc60713d28d202b72078e40a0200fe32702878fcde9f8a3,213123,20,hardlink,00c95c82490d8c84adc60713d28d202b72078e40a0200fe32702878fcde9f8a3,acquisition,
1955,originals/usapho/2018/Fma_2018_Q1-25__933b322924183972.pdf,files/usapho/2018/Fma_2018_Q1-25__933b322924183972.pdf,933b3229241839726f79525d4f37d5964ddead1734b878252645ce864dcbb808,190632,14,hardlink,933b3229241839726f79525d4f37d5964ddead1734b878252645ce864dcbb808,acquisition,
1956,originals/usapho/2018/Fma_2018_S26-50__28ce7c6490b79ada.pdf,files/usapho/2018/Fma_2018_S26-50__28ce7c6490b79ada.pdf,28ce7c6490b79adaef19784ee2d0e4fe5791524fc14dcac64a2587ee44e92138,193210,19,hardlink,28ce7c6490b79adaef19784ee2d0e4fe5791524fc14dcac64a2587ee44e92138,acquisition,
1957,originals/usapho/2018/Fma_2018_Q26-50__392f854090a51340.pdf,files/usapho/2018/Fma_2018_Q26-50__392f854090a51340.pdf,392f854090a513404b38c7592d93ad7d36665217b6f755bfb2b751c957b0e580,170628,12,hardlink,392f854090a513404b38c7592d93ad7d36665217b6f755bfb2b751c957b0e580,acquisition,
1958,originals/usapho/2018/USAPhO_2018_Q1-6__7d530a96fc4dc086.pdf,files/usapho/2018/USAPhO_2018_Q1-6__7d530a96fc4dc086.pdf,7d530a96fc4dc086a8b7b2d3665fc8cbdf9f722eaea0d3bd0b6d3a14fa9652c4,245816,13,hardlink,7d530a96fc4dc086a8b7b2d3665fc8cbdf9f722eaea0d3bd0b6d3a14fa9652c4,acquisition,
1959,originals/usapho/2018/USAPhO_2018_S1-6__77e808962d509eee.pdf,files/usapho/2018/USAPhO_2018_S1-6__77e808962d509eee.pdf,77e808962d509eee70912dea716fb2fc1b5e2dc2b71f2274c46f1fef15ee9c9a,290023,22,hardlink,77e808962d509eee70912dea716fb2fc1b5e2dc2b71f2274c46f1fef15ee9c9a,acquisition,
1960,originals/usapho/2017/Fma_2017_Q1-25__600b795b7d431052.pdf,files/usapho/2017/Fma_2017_Q1-25__600b795b7d431052.pdf,600b795b7d4310524b19c30b72ea605f2cea759902df4653a02dfaffe0cb7727,176371,10,hardlink,600b795b7d4310524b19c30b72ea605f2cea759902df4653a02dfaffe0cb7727,acquisition,
1961,originals/usapho/2017/USAPhO_2017_Q1-6__b94936ed2d01c1d7.pdf,files/usapho/2017/USAPhO_2017_Q1-6__b94936ed2d01c1d7.pdf,b94936ed2d01c1d7dadb5a31692507c4c18ae3b2b4aac9c84a9f6e9ad6acfda5,1675556,10,hardlink,b94936ed2d01c1d7dadb5a31692507c4c18ae3b2b4aac9c84a9f6e9ad6acfda5,acquisition,
1962,originals/usapho/2017/USAPhO_2017_S1-6__4322ada52dce1532.pdf,files/usapho/2017/USAPhO_2017_S1-6__4322ada52dce1532.pdf,4322ada52dce153296bc4f57ed964467b9973598dd3a4b8ce1d4ed772cd8b38f,1726059,24,hardlink,4322ada52dce153296bc4f57ed964467b9973598dd3a4b8ce1d4ed772cd8b38f,acquisition,
1963,originals/usapho/2017/Fma_2017_S1-25__71181ed7077d8a11.pdf,files/usapho/2017/Fma_2017_S1-25__71181ed7077d8a11.pdf,71181ed7077d8a11cd67b784c4a710800334195dc5a8f42aac9cb1a5c4753248,177825,10,hardlink,71181ed7077d8a11cd67b784c4a710800334195dc5a8f42aac9cb1a5c4753248,acquisition,
1964,originals/usapho/2016/Fma_2016_Q1-25__b0e816275baec8b1.pdf,files/usapho/2016/Fma_2016_Q1-25__b0e816275baec8b1.pdf,b0e816275baec8b1436c4dc01d31772bac4ca5180473dfb436a7c3f69cfdd2dd,145105,13,hardlink,b0e816275baec8b1436c4dc01d31772bac4ca5180473dfb436a7c3f69cfdd2dd,acquisition,
1965,originals/usapho/2016/USAPhO_2016_Q1-6__dce0f7bd8adf20e7.pdf,files/usapho/2016/USAPhO_2016_Q1-6__dce0f7bd8adf20e7.pdf,dce0f7bd8adf20e7f413083de1f920b1f73817fb42420aab957b46f01ecd7b61,199609,12,hardlink,dce0f7bd8adf20e7f413083de1f920b1f73817fb42420aab957b46f01ecd7b61,acquisition,
1966,originals/usapho/2016/Fma_2016_S1-25__44c18b0437237b65.pdf,files/usapho/2016/Fma_2016_S1-25__44c18b0437237b65.pdf,44c18b0437237b6558a66614b1516bc8a7971b2274db7b885fd38c1c4e842498,178881,26,hardlink,44c18b0437237b6558a66614b1516bc8a7971b2274db7b885fd38c1c4e842498,acquisition,
1967,originals/usapho/2016/USAPhO_2016_S1-6__fb1de1fa57617ffd.pdf,files/usapho/2016/USAPhO_2016_S1-6__fb1de1fa57617ffd.pdf,fb1de1fa57617ffdc5914d1cb9676d814b14f688c80be56e9f262d4428d31d8d,253097,20,hardlink,fb1de1fa57617ffdc5914d1cb9676d814b14f688c80be56e9f262d4428d31d8d,acquisition,
1968,originals/usapho/2015/Fma_2015_Q1-25__f36e110605cc42e8.pdf,files/usapho/2015/Fma_2015_Q1-25__f36e110605cc42e8.pdf,f36e110605cc42e88beda37b3dc4fbd5893094071118beba7c54cbdf5e892836,169710,12,hardlink,f36e110605cc42e88beda37b3dc4fbd5893094071118beba7c54cbdf5e892836,acquisition,
1969,originals/usapho/2015/Fma_2015_S1-25__23f7e1a4a13047c5.pdf,files/usapho/2015/Fma_2015_S1-25__23f7e1a4a13047c5.pdf,23f7e1a4a13047c5428312e7ddc968f5580855bbd1240b8c4c185883dbeec0a6,199133,25,hardlink,23f7e1a4a13047c5428312e7ddc968f5580855bbd1240b8c4c185883dbeec0a6,acquisition,
197,originals/ipho/2018/IPhO_2018_S3__7667b3768d15b8ba.pdf,files/ipho/2018/IPhO_2018_S3__7667b3768d15b8ba.pdf,7667b3768d15b8ba7baf58124634d0882fe22633214273c2f7decddd6294e4e9,109007,6,hardlink,7667b3768d15b8ba7baf58124634d0882fe22633214273c2f7decddd6294e4e9,acquisition,
1970,originals/usapho/2015/USAPhO_2015_Q1-6__3782fb4b0bf6ec1d.pdf,files/usapho/2015/USAPhO_2015_Q1-6__3782fb4b0bf6ec1d.pdf,3782fb4b0bf6ec1d2bd32c0017dcba4ffa8a76c39eea4d2bfecac4d80cee095f,216667,13,hardlink,3782fb4b0bf6ec1d2bd32c0017dcba4ffa8a76c39eea4d2bfecac4d80cee095f,acquisition,
1971,originals/usapho/2015/USAPhO_2015_S1-6__7f2942861785a8fd.pdf,files/usapho/2015/USAPhO_2015_S1-6__7f2942861785a8fd.pdf,7f2942861785a8fddcea2d5c4835ba43f4905e6aebded9e0ff51bb1399b6ae1c,277170,23,hardlink,7f2942861785a8fddcea2d5c4835ba43f4905e6aebded9e0ff51bb1399b6ae1c,acquisition,
1972,originals/usapho/2014/Fma_2014_Q1-25__1d99a1c1d7a628de.pdf,files/usapho/2014/Fma_2014_Q1-25__1d99a1c1d7a628de.pdf,1d99a1c1d7a628de31c4e2064e17cd87cc7acedc72a7a5296211fbda070b300d,199888,13,hardlink,1d99a1c1d7a628de31c4e2064e17cd87cc7acedc72a7a5296211fbda070b300d,acquisition,
1973,originals/usapho/2014/Fma_2014_S1-25__f8da6c23f1b9f428.pdf,files/usapho/2014/Fma_2014_S1-25__f8da6c23f1b9f428.pdf,f8da6c23f1b9f4286582d6675363ff7a7777ab2e4a2f09a69917efd201b1dff3,219993,24,hardlink,f8da6c23f1b9f4286582d6675363ff7a7777ab2e4a2f09a69917efd201b1dff3,acquisition,
1974,originals/usapho/2014/USAPhO_2014_Q1-6__946c8cbf3c801e95.pdf,files/usapho/2014/USAPhO_2014_Q1-6__946c8cbf3c801e95.pdf,946c8cbf3c801e95391d646bae2999b2f470558b96565a64b615a12380e2316c,236655,13,hardlink,946c8cbf3c801e95391d646bae2999b2f470558b96565a64b615a12380e2316c,acquisition,
1975,originals/usapho/2014/USAPhO_2014_S1-6__1a411fd20988e4fa.pdf,files/usapho/2014/USAPhO_2014_S1-6__1a411fd20988e4fa.pdf,1a411fd20988e4fa98700749f338f702c6f586d1af9c96195233bf5b68f77290,441613,28,hardlink,1a411fd20988e4fa98700749f338f702c6f586d1af9c96195233bf5b68f77290,acquisition,
1976,originals/usapho/2013/Fma_2013_Q1-25__ccd8991e7e388a9b.pdf,files/usapho/2013/Fma_2013_Q1-25__ccd8991e7e388a9b.pdf,ccd8991e7e388a9b1cb3f9bb1510e8a4626a86fd3b751db1d7decac317f46eaa,196776,9,hardlink,ccd8991e7e388a9b1cb3f9bb1510e8a4626a86fd3b751db1d7decac317f46eaa,acquisition,
1977,originals/usapho/2013/Fma_2013_S1-25__4f16b5242d744989.pdf,files/usapho/2013/Fma_2013_S1-25__4f16b5242d744989.pdf,4f16b5242d744989a38b3e59604d7fa99448d66e13a9bbd4b94331479e6f6554,243621,20,hardlink,4f16b5242d744989a38b3e59604d7fa99448d66e13a9bbd4b94331479e6f6554,acquisition,
1978,originals/usapho/2013/USAPhO_2013_Q1-6__0af5cbdc6ce22866.pdf,files/usapho/2013/USAPhO_2013_Q1-6__0af5cbdc6ce22866.pdf,0af5cbdc6ce2286625a98823b15335c20e2830f0f19f7e6068b6cbddc8ff6967,320590,8,hardlink,0af5cbdc6ce2286625a98823b15335c20e2830f0f19f7e6068b6cbddc8ff6967,acquisition,
1979,originals/usapho/2012/Fma_2012_Q1-25__8d9ab150b77f6111.pdf,files/usapho/2012/Fma_2012_Q1-25__8d9ab150b77f6111.pdf,8d9ab150b77f61111057d758c13613259026e94376265867a6cc1f6498425407,115854,9,hardlink,8d9ab150b77f61111057d758c13613259026e94376265867a6cc1f6498425407,acquisition,
198,originals/ipho/2018/IPhO_2018_A3__e79a358a6354f495.pdf,files/ipho/2018/IPhO_2018_A3__e79a358a6354f495.pdf,e79a358a6354f4953694e7f466e1cfe35cf9534a31df75b12dd6a98bc3978b40,94598,1,hardlink,e79a358a6354f4953694e7f466e1cfe35cf9534a31df75b12dd6a98bc3978b40,acquisition,
1980,originals/usapho/2013/USAPhO_2013_S1-6__93044a9e94adb999.pdf,files/usapho/2013/USAPhO_2013_S1-6__93044a9e94adb999.pdf,93044a9e94adb999547fed5eb024f087eddfdb4700afbd143aa82758b197cdba,355891,16,hardlink,93044a9e94adb999547fed5eb024f087eddfdb4700afbd143aa82758b197cdba,acquisition,
1981,originals/usapho/2012/Fma_2012_S1-25__1046a87e12c183ed.pdf,files/usapho/2012/Fma_2012_S1-25__1046a87e12c183ed.pdf,1046a87e12c183ed46ba608f6d058033ff11425a1ef263ecc5d3c1fc50bb6762,119337,10,hardlink,1046a87e12c183ed46ba608f6d058033ff11425a1ef263ecc5d3c1fc50bb6762,acquisition,
1982,originals/usapho/2012/USAPhO_2012_Q1-6__973ceea7a2be398f.pdf,files/usapho/2012/USAPhO_2012_Q1-6__973ceea7a2be398f.pdf,973ceea7a2be398f38656f56622fafc89560841345054ff950190dd34e62c60d,188252,7,hardlink,973ceea7a2be398f38656f56622fafc89560841345054ff950190dd34e62c60d,acquisition,
1983,originals/usapho/2012/USAPhO_2012_S1-6__3e44d10224afc88c.pdf,files/usapho/2012/USAPhO_2012_S1-6__3e44d10224afc88c.pdf,3e44d10224afc88ca7d0885d827592f6b4b3e26b6f24741eeedefd9e62eb3ad7,229659,16,hardlink,3e44d10224afc88ca7d0885d827592f6b4b3e26b6f24741eeedefd9e62eb3ad7,acquisition,
1984,originals/usapho/2011/Fma_2011_S1-25__803079734340896e.pdf,files/usapho/2011/Fma_2011_S1-25__803079734340896e.pdf,803079734340896ef781fbf2f9d3f37ab9c887dd0186cb7d5e66c684a721d556,123676,10,hardlink,803079734340896ef781fbf2f9d3f37ab9c887dd0186cb7d5e66c684a721d556,acquisition,
1985,originals/usapho/2011/USAPhO_2011_Q1-6__4f266f58b471591e.pdf,files/usapho/2011/USAPhO_2011_Q1-6__4f266f58b471591e.pdf,4f266f58b471591e15017d1c57f2023c32947f629f60b3aa43bc605c1a6f3a65,188450,7,hardlink,4f266f58b471591e15017d1c57f2023c32947f629f60b3aa43bc605c1a6f3a65,acquisition,
1986,originals/usapho/2011/Fma_2011_Q1-25__7a37795ce3d86deb.pdf,files/usapho/2011/Fma_2011_Q1-25__7a37795ce3d86deb.pdf,7a37795ce3d86deb833629aefa0eb1e683f6efc6f2e81383ff85b86e7765296f,121755,10,hardlink,7a37795ce3d86deb833629aefa0eb1e683f6efc6f2e81383ff85b86e7765296f,acquisition,
1987,originals/usapho/2010/Fma_2010_Q1-25__52998543393dc1b9.pdf,files/usapho/2010/Fma_2010_Q1-25__52998543393dc1b9.pdf,52998543393dc1b98b2bee397fd3ed44f0a4b30febd6a177f078444d3e9b2e1d,140595,10,hardlink,52998543393dc1b98b2bee397fd3ed44f0a4b30febd6a177f078444d3e9b2e1d,acquisition,
1988,originals/usapho/2010/Fma_2010_S1-25__0ae65ac13f158266.pdf,files/usapho/2010/Fma_2010_S1-25__0ae65ac13f158266.pdf,0ae65ac13f158266c4e2e583607152ea78bf7e98ee71954f3eb99685af930c90,146580,10,hardlink,0ae65ac13f158266c4e2e583607152ea78bf7e98ee71954f3eb99685af930c90,acquisition,
1989,originals/usapho/2010/USAPhO_2010_Q1-6__aa5531b1ce2a30e8.pdf,files/usapho/2010/USAPhO_2010_Q1-6__aa5531b1ce2a30e8.pdf,aa5531b1ce2a30e87be1bf0e5cf4b4961adb6a8e7579fc4d108badc1c2061be1,186205,7,hardlink,aa5531b1ce2a30e87be1bf0e5cf4b4961adb6a8e7579fc4d108badc1c2061be1,acquisition,
199,originals/ipho/2018/IPhO_2018_M3__9ffc608c92687277.pdf,files/ipho/2018/IPhO_2018_M3__9ffc608c92687277.pdf,9ffc608c92687277577f99bd3e430ce6bc666c8e694433884ec53c6fd9101610,89484,4,hardlink,9ffc608c92687277577f99bd3e430ce6bc666c8e694433884ec53c6fd9101610,acquisition,
1990,originals/usapho/2010/USAPhO_2010_S1-6__d7dfa202a5339766.pdf,files/usapho/2010/USAPhO_2010_S1-6__d7dfa202a5339766.pdf,d7dfa202a5339766d710bb58af2feace2a241747c44d4de74a3c208074482ca1,232528,13,hardlink,d7dfa202a5339766d710bb58af2feace2a241747c44d4de74a3c208074482ca1,acquisition,
1991,originals/usapho/2011/USAPhO_2011_S1-6__ffee5400c1210c66.pdf,files/usapho/2011/USAPhO_2011_S1-6__ffee5400c1210c66.pdf,ffee5400c1210c661a04819cc7667f4b8e310528f438ce6beecf41fd6809f838,252807,15,hardlink,ffee5400c1210c661a04819cc7667f4b8e310528f438ce6beecf41fd6809f838,acquisition,
1992,originals/usapho/2009/USAPhO_2009_Q1-4__144c31e61b7e5829.pdf,files/usapho/2009/USAPhO_2009_Q1-4__144c31e61b7e5829.pdf,144c31e61b7e5829811ff39ac0edfe7bb11b996e3836cafabd25ba2e2b03dcb1,413940,4,hardlink,144c31e61b7e5829811ff39ac0edfe7bb11b996e3836cafabd25ba2e2b03dcb1,acquisition,
1993,originals/usapho/2009/Fma_2009_Q1-25__030e4e24363784fc.pdf,files/usapho/2009/Fma_2009_Q1-25__030e4e24363784fc.pdf,030e4e24363784fc12a4308556800a7ff5e530ca194617548ab4262976a81d87,78284,9,hardlink,030e4e24363784fc12a4308556800a7ff5e530ca194617548ab4262976a81d87,acquisition,
1994,originals/usapho/2009/Fma_2009_S1-25__bff8a963c356d60a.pdf,files/usapho/2009/Fma_2009_S1-25__bff8a963c356d60a.pdf,bff8a963c356d60ae879e182114f5dc9bf096817b48eecaf8246cb84707728d0,80037,9,hardlink,bff8a963c356d60ae879e182114f5dc9bf096817b48eecaf8246cb84707728d0,acquisition,
1995,originals/usapho/2009/USAPhO_2009_S1-4__c67be118c7c31805.pdf,files/usapho/2009/USAPhO_2009_S1-4__c67be118c7c31805.pdf,c67be118c7c31805e7929564f88bbf4d9e47457925bc20f389b0caa8f042c941,442942,9,hardlink,c67be118c7c31805e7929564f88bbf4d9e47457925bc20f389b0caa8f042c941,acquisition,
1996,originals/usapho/2009/USAPhO_2009_Q1-6__21046cb68f2d7bba.pdf,files/usapho/2009/USAPhO_2009_Q1-6__21046cb68f2d7bba.pdf,21046cb68f2d7bba5751772b947151b8d7a339c33dcacc5a5092ae54c2a689a3,202866,7,hardlink,21046cb68f2d7bba5751772b947151b8d7a339c33dcacc5a5092ae54c2a689a3,acquisition,
1997,originals/usapho/2009/USAPhO_2009_S1-6__e40589712f422961.pdf,files/usapho/2009/USAPhO_2009_S1-6__e40589712f422961.pdf,e40589712f422961c5b3dddc4616728a41c2a0cd6c1311c99a27167ea972ad8b,277946,13,hardlink,e40589712f422961c5b3dddc4616728a41c2a0cd6c1311c99a27167ea972ad8b,acquisition,
1998,originals/usapho/2008/Fma_2008_Q1-25__2d54f313004ad54b.pdf,files/usapho/2008/Fma_2008_Q1-25__2d54f313004ad54b.pdf,2d54f313004ad54b50c8a968b1ca58d96fe39e1911468a5a5b11d5f13416b2ae,80442,11,hardlink,2d54f313004ad54b50c8a968b1ca58d96fe39e1911468a5a5b11d5f13416b2ae,acquisition,
1999,originals/usapho/2008/USAPhO_2008_Q1-4__cdb4a17b85a76a15.pdf,files/usapho/2008/USAPhO_2008_Q1-4__cdb4a17b85a76a15.pdf,cdb4a17b85a76a1514402939c84e39eae450acb58b1cc28454b98d2faf9cb55b,40358,3,hardlink,cdb4a17b85a76a1514402939c84e39eae450acb58b1cc28454b98d2faf9cb55b,acquisition,
2,originals/ipho/2026/IPhO_2026_S1__9e6855ade0068a94.pdf,files/ipho/2026/IPhO_2026_S1__9e6855ade0068a94.pdf,9e6855ade0068a9451f3476d6781fece4a222d3b5a412f894f5bf28778f7ef6f,247936,4,hardlink,9e6855ade0068a9451f3476d6781fece4a222d3b5a412f894f5bf28778f7ef6f,acquisition,
20,originals/ipho/2026/IPhO_2026_Q3_tex__d830aa13235b7fcd.zip,files/ipho/2026/IPhO_2026_Q3_tex__d830aa13235b7fcd.zip,d830aa13235b7fcd69bab4f4dfb4576bd3607757e83b55da4206c353102751fa,103293,,hardlink,d830aa13235b7fcd69bab4f4dfb4576bd3607757e83b55da4206c353102751fa,acquisition,
200,originals/ipho/2018/IPhO_2018_S4__dc4b91bfbc740dd2.pdf,files/ipho/2018/IPhO_2018_S4__dc4b91bfbc740dd2.pdf,dc4b91bfbc740dd2353df7833d62a1f15439afd39f640bf7892d48740107c035,197507,19,hardlink,dc4b91bfbc740dd2353df7833d62a1f15439afd39f640bf7892d48740107c035,acquisition,
2000,originals/usapho/2008/Fma_2008_S1-25__07a3560f9bd1019c.pdf,files/usapho/2008/Fma_2008_S1-25__07a3560f9bd1019c.pdf,07a3560f9bd1019cdfad07a1946bb0c9b9567abb5f7430a6500cb297f204e13d,65302,1,hardlink,07a3560f9bd1019cdfad07a1946bb0c9b9567abb5f7430a6500cb297f204e13d,acquisition,
2001,originals/usapho/2008/USAPhO_2008_Q1-6__0929dee7222e54b0.pdf,files/usapho/2008/USAPhO_2008_Q1-6__0929dee7222e54b0.pdf,0929dee7222e54b006f5d8de181603fe19495150367ae2d798ca48687a704b77,217844,11,hardlink,0929dee7222e54b006f5d8de181603fe19495150367ae2d798ca48687a704b77,acquisition,
2002,originals/usapho/2008/USAPhO_2008_S1-4__30fe311063a25c81.pdf,files/usapho/2008/USAPhO_2008_S1-4__30fe311063a25c81.pdf,30fe311063a25c81f8274de943397a3acc01130363d0c9a6dfc60013f20c5d3e,88553,8,hardlink,30fe311063a25c81f8274de943397a3acc01130363d0c9a6dfc60013f20c5d3e,acquisition,
2003,originals/usapho/2007/Fma_2007_Q1-38__1f17b42c83d1782d.pdf,files/usapho/2007/Fma_2007_Q1-38__1f17b42c83d1782d.pdf,1f17b42c83d1782d460e2da573a70f7aec70b63d4d38ba9dce5cd835fe89094c,225118,16,hardlink,1f17b42c83d1782d460e2da573a70f7aec70b63d4d38ba9dce5cd835fe89094c,acquisition,
2004,originals/usapho/2008/USAPhO_2008_S1-6__c45e8116c2327abc.pdf,files/usapho/2008/USAPhO_2008_S1-6__c45e8116c2327abc.pdf,c45e8116c2327abc1b4e9874828f235a469c6fcfe103c9c0404b3e72b67a908f,255803,17,hardlink,c45e8116c2327abc1b4e9874828f235a469c6fcfe103c9c0404b3e72b67a908f,acquisition,
2005,originals/usapho/2007/USAPhO_2007_Q1-6__05c999522ee6f2b9.pdf,files/usapho/2007/USAPhO_2007_Q1-6__05c999522ee6f2b9.pdf,05c999522ee6f2b969074119bd38e085ea1f791620ebec93be39f02aefc6e118,213303,9,hardlink,05c999522ee6f2b969074119bd38e085ea1f791620ebec93be39f02aefc6e118,acquisition,
2006,originals/usapho/2007/Fma_2007_S1-38__cd3e884f7569fb41.pdf,files/usapho/2007/Fma_2007_S1-38__cd3e884f7569fb41.pdf,cd3e884f7569fb411b955da080a9c24cf935746a2b88548b84f45a2fe07c01c1,53906,10,hardlink,cd3e884f7569fb411b955da080a9c24cf935746a2b88548b84f45a2fe07c01c1,acquisition,
2007,originals/usapho/2007/USAPhO_2007_S1-6__325b250411525785.pdf,files/usapho/2007/USAPhO_2007_S1-6__325b250411525785.pdf,325b250411525785bf6ecc4af77ae0153a667440b7d97cbd9722cd46e1397dc0,101059,8,hardlink,325b250411525785bf6ecc4af77ae0153a667440b7d97cbd9722cd46e1397dc0,acquisition,
2008,originals/usatst/2021/USATST_2021_S1__ca771d8071dd9dc8.pdf,files/usatst/2021/USATST_2021_S1__ca771d8071dd9dc8.pdf,ca771d8071dd9dc8b3d22cb220c9040fbf0f1b7701b46b65dfafb3cdae5231b2,323592,19,hardlink,ca771d8071dd9dc8b3d22cb220c9040fbf0f1b7701b46b65dfafb3cdae5231b2,acquisition,
2009,originals/cpho-f/2025/CPhO_2025_Q1__ba754bcf7b4e3b00.pdf,files/cpho-f/2025/CPhO_2025_Q1__ba754bcf7b4e3b00.pdf,ba754bcf7b4e3b00ba0b5d9a6c3e242f9845a6be8ce905a5c0dfb8ee27d8cd6a,674454,10,hardlink,ba754bcf7b4e3b00ba0b5d9a6c3e242f9845a6be8ce905a5c0dfb8ee27d8cd6a,acquisition,
201,originals/ipho/2018/IPhO_2018_M4__76ca1d7e8b63b7a4.pdf,files/ipho/2018/IPhO_2018_M4__76ca1d7e8b63b7a4.pdf,76ca1d7e8b63b7a4ce7a1b673a999783a965517f42f6b49f4a96bfca64073e87,107315,6,hardlink,76ca1d7e8b63b7a4ce7a1b673a999783a965517f42f6b49f4a96bfca64073e87,acquisition,
2010,originals/cpho-f/2024/CPhO_2024_S1__4c5b4890244efd62.pdf,files/cpho-f/2024/CPhO_2024_S1__4c5b4890244efd62.pdf,4c5b4890244efd629608ade3ffad5a1fbb4ad0bdcfc9a10fb3992568dced105f,458749,30,hardlink,4c5b4890244efd629608ade3ffad5a1fbb4ad0bdcfc9a10fb3992568dced105f,acquisition,
2011,originals/cpho-f/2024/CPhO_2024_Q1__bcc819879ecc8d79.pdf,files/cpho-f/2024/CPhO_2024_Q1__bcc819879ecc8d79.pdf,bcc819879ecc8d79fc6b9b4018865ca2b7b8aae36d4215042143a4d0a1b801e0,652985,10,hardlink,bcc819879ecc8d79fc6b9b4018865ca2b7b8aae36d4215042143a4d0a1b801e0,acquisition,
2012,originals/cpho-f/2023/CPhO_2023_Q1__4714bc2fc8c7255c.pdf,files/cpho-f/2023/CPhO_2023_Q1__4714bc2fc8c7255c.pdf,4714bc2fc8c7255c02be60c9833e0ef89e0a51ac9a11c334df3d45959861e5f9,839226,11,hardlink,4714bc2fc8c7255c02be60c9833e0ef89e0a51ac9a11c334df3d45959861e5f9,acquisition,
2013,originals/cpho-f/2023/CPhO_2023_S1__3f3547d9a0cf324f.pdf,files/cpho-f/2023/CPhO_2023_S1__3f3547d9a0cf324f.pdf,3f3547d9a0cf324ff224bc0f913ebf54f65273630fc00dc734f44f30b1a0cdd2,540794,32,hardlink,3f3547d9a0cf324ff224bc0f913ebf54f65273630fc00dc734f44f30b1a0cdd2,acquisition,
2014,originals/cpho-f/2022/CPhO_2022_Q1__da656d25ae2d3a47.pdf,files/cpho-f/2022/CPhO_2022_Q1__da656d25ae2d3a47.pdf,da656d25ae2d3a47bd99713802e95c515a8fd6838bfbbf75e4e250069d63b3f8,361014,8,hardlink,da656d25ae2d3a47bd99713802e95c515a8fd6838bfbbf75e4e250069d63b3f8,acquisition,
2015,originals/cpho-f/2022/CPhO_2022_S1__7c5a44576a2956a9.pdf,files/cpho-f/2022/CPhO_2022_S1__7c5a44576a2956a9.pdf,7c5a44576a2956a98341380a72916e833c176410f0b23d22fb70c7554e8ea1dc,482018,36,hardlink,7c5a44576a2956a98341380a72916e833c176410f0b23d22fb70c7554e8ea1dc,acquisition,
2016,originals/cpho-f/2021/CPhO_2021_Q1__c24bb19b96742980.pdf,files/cpho-f/2021/CPhO_2021_Q1__c24bb19b96742980.pdf,c24bb19b967429802bcbd298762f9d8d1516acb2f769dd13efeabde859998541,459706,10,hardlink,c24bb19b967429802bcbd298762f9d8d1516acb2f769dd13efeabde859998541,acquisition,
2017,originals/cpho-f/2021/CPhO_2021_S1__745b499caed3ec9e.pdf,files/cpho-f/2021/CPhO_2021_S1__745b499caed3ec9e.pdf,745b499caed3ec9e6083fd1be13329b54e8778e679e91c2579a56aadaa1db596,420091,29,hardlink,745b499caed3ec9e6083fd1be13329b54e8778e679e91c2579a56aadaa1db596,acquisition,
2018,originals/cpho-f/2020/CPhO_2020_Q1__5759ef1bcc4d0cdb.pdf,files/cpho-f/2020/CPhO_2020_Q1__5759ef1bcc4d0cdb.pdf,5759ef1bcc4d0cdb0d71c2f93a6695249fa64b969483cb560c3be8ad37c277f0,465524,9,hardlink,5759ef1bcc4d0cdb0d71c2f93a6695249fa64b969483cb560c3be8ad37c277f0,acquisition,
2019,originals/cpho-f/2020/CPhO_2020_S1__1f8200d1280aeeaf.pdf,files/cpho-f/2020/CPhO_2020_S1__1f8200d1280aeeaf.pdf,1f8200d1280aeeaf21eda094bd30e16233b2bce1cdef915264a01e324782d508,808904,28,hardlink,1f8200d1280aeeaf21eda094bd30e16233b2bce1cdef915264a01e324782d508,acquisition,
202,originals/ipho/2018/IPhO_2018_Q4__9233c4a76bc944d7.pdf,files/ipho/2018/IPhO_2018_Q4__9233c4a76bc944d7.pdf,9233c4a76bc944d7c2c8b24df18f24dae5612e063d58f4b707292e188c093fb8,9536605,13,hardlink,9233c4a76bc944d7c2c8b24df18f24dae5612e063d58f4b707292e188c093fb8,acquisition,
2020,originals/cpho-f/2019/CPhO_2019_Q1__e93b019d5bc48cd8.pdf,files/cpho-f/2019/CPhO_2019_Q1__e93b019d5bc48cd8.pdf,e93b019d5bc48cd890c82696ff766ec02a6311b46854fb9c87724e82a5c34255,678250,10,hardlink,e93b019d5bc48cd890c82696ff766ec02a6311b46854fb9c87724e82a5c34255,acquisition,
2021,originals/cpho-f/2019/CPhO_2019_S1__e69e5c8965005559.pdf,files/cpho-f/2019/CPhO_2019_S1__e69e5c8965005559.pdf,e69e5c8965005559000cf608cc9bacac917ab158e12e1f0081bab51516a2661a,484026,23,hardlink,e69e5c8965005559000cf608cc9bacac917ab158e12e1f0081bab51516a2661a,acquisition,
2022,originals/cpho-f/2018/CPhO_2018_Q1__60125a86bd46c516.pdf,files/cpho-f/2018/CPhO_2018_Q1__60125a86bd46c516.pdf,60125a86bd46c51641172b8518c97f1ffee213128cdfe30f0fd42009ee861336,159694,7,hardlink,60125a86bd46c51641172b8518c97f1ffee213128cdfe30f0fd42009ee861336,acquisition,
2023,originals/cpho-f/2018/CPhO_2018_S1__e1d091acb7ef6d5b.pdf,files/cpho-f/2018/CPhO_2018_S1__e1d091acb7ef6d5b.pdf,e1d091acb7ef6d5b890cf997c97da07586ca6ca7c8885161d9c06227e68919ad,515207,25,hardlink,e1d091acb7ef6d5b890cf997c97da07586ca6ca7c8885161d9c06227e68919ad,acquisition,
2024,originals/cpho-f/2017/CPhO_2017_Q1__1e342d299c08c707.pdf,files/cpho-f/2017/CPhO_2017_Q1__1e342d299c08c707.pdf,1e342d299c08c707cc54571a28d9e2f12087c88044f82c891f45334b95e41abd,165953,7,hardlink,1e342d299c08c707cc54571a28d9e2f12087c88044f82c891f45334b95e41abd,acquisition,
2025,originals/cpho-f/2017/CPhO_2017_S1__bc83b203266ba115.pdf,files/cpho-f/2017/CPhO_2017_S1__bc83b203266ba115.pdf,bc83b203266ba11511af072d3a4cab11975ae225d73512b29ae102dd855701ed,289198,20,hardlink,bc83b203266ba11511af072d3a4cab11975ae225d73512b29ae102dd855701ed,acquisition,
2026,originals/cpho-f/2016/CPhO_2016_Q1__f64f49cb44a48be8.pdf,files/cpho-f/2016/CPhO_2016_Q1__f64f49cb44a48be8.pdf,f64f49cb44a48be83bd1e756aef2a49aee6420ab8c491ea75175a950fb0e9baf,715115,8,hardlink,f64f49cb44a48be83bd1e756aef2a49aee6420ab8c491ea75175a950fb0e9baf,acquisition,
2027,originals/cpho-f/2016/CPhO_2016_S1__2917d3086d3e7ba5.pdf,files/cpho-f/2016/CPhO_2016_S1__2917d3086d3e7ba5.pdf,2917d3086d3e7ba527b5a617d9e67e888ac07acc4789b0405d1df5b31301dddd,296544,19,hardlink,2917d3086d3e7ba527b5a617d9e67e888ac07acc4789b0405d1df5b31301dddd,acquisition,
2028,originals/cpho-f/2015/CPhO_2015_Q1__59b01e7f1bf3e94a.pdf,files/cpho-f/2015/CPhO_2015_Q1__59b01e7f1bf3e94a.pdf,59b01e7f1bf3e94a146234bae462a6be4e48169bfd521677c89eae4023e5db52,427875,7,hardlink,59b01e7f1bf3e94a146234bae462a6be4e48169bfd521677c89eae4023e5db52,acquisition,
2029,originals/cpho-f/2014/CPhO_2014_Q1__7502a69152fd7623.pdf,files/cpho-f/2014/CPhO_2014_Q1__7502a69152fd7623.pdf,7502a69152fd76236b0d0a21a3d5b3811dec50bc0714592cfe21a6b67cacf74b,385713,7,hardlink,7502a69152fd76236b0d0a21a3d5b3811dec50bc0714592cfe21a6b67cacf74b,acquisition,
203,originals/ipho/2018/IPhO_2018_A4__e5dbc7f97c0b82ab.pdf,files/ipho/2018/IPhO_2018_A4__e5dbc7f97c0b82ab.pdf,e5dbc7f97c0b82ab6886a621adaee653ac54c639d72cf3820a1433a9ad33f389,138223,15,hardlink,e5dbc7f97c0b82ab6886a621adaee653ac54c639d72cf3820a1433a9ad33f389,acquisition,
2030,originals/cpho-f/2014/CPhO_2014_S1__e8c27c8b10744000.pdf,files/cpho-f/2014/CPhO_2014_S1__e8c27c8b10744000.pdf,e8c27c8b107440007f77681c14815a3e716b0e59aa8661234644cc65ed3118f7,277914,20,hardlink,e8c27c8b107440007f77681c14815a3e716b0e59aa8661234644cc65ed3118f7,acquisition,
2031,originals/cpho-f/2015/CPhO_2015_S1__392187c00a2104df.pdf,files/cpho-f/2015/CPhO_2015_S1__392187c00a2104df.pdf,392187c00a2104dffb22f073677158d789504f9938077c99198ea0a197792f5a,435520,17,hardlink,392187c00a2104dffb22f073677158d789504f9938077c99198ea0a197792f5a,acquisition,
2032,originals/cpho-f/2013/CPhO_2013_Q1__c84bf68c392fcb6d.pdf,files/cpho-f/2013/CPhO_2013_Q1__c84bf68c392fcb6d.pdf,c84bf68c392fcb6d58ea275f64853223aafd46c974dd5f2c7cb1217f8373c4c1,258690,5,hardlink,c84bf68c392fcb6d58ea275f64853223aafd46c974dd5f2c7cb1217f8373c4c1,acquisition,
2033,originals/cpho-f/2013/CPhO_2013_S1__115e1b09220e93c6.pdf,files/cpho-f/2013/CPhO_2013_S1__115e1b09220e93c6.pdf,115e1b09220e93c65738f086bd1def0b62e71fa3b2ca7ad5392b68c3fdcab83c,234862,15,hardlink,115e1b09220e93c65738f086bd1def0b62e71fa3b2ca7ad5392b68c3fdcab83c,acquisition,
2034,originals/cpho-f/2012/CPhO_2012_Q1__594456a968761128.pdf,files/cpho-f/2012/CPhO_2012_Q1__594456a968761128.pdf,594456a9687611282bbcd914affc2477a20ffa1a92379dadcfb531c8e4f5b5be,1346170,20,hardlink,594456a9687611282bbcd914affc2477a20ffa1a92379dadcfb531c8e4f5b5be,acquisition,
2035,originals/cpho-f/2011/CPhO_2011_Q1__834cf89c87442874.pdf,files/cpho-f/2011/CPhO_2011_Q1__834cf89c87442874.pdf,834cf89c87442874b76a8aba714d814440b413fe1b3cde98ff773ce1ce72ff48,417624,4,hardlink,834cf89c87442874b76a8aba714d814440b413fe1b3cde98ff773ce1ce72ff48,acquisition,
2036,originals/cpho-f/2011/CPhO_2011_S1__fcf800c80d52d575.pdf,files/cpho-f/2011/CPhO_2011_S1__fcf800c80d52d575.pdf,fcf800c80d52d575811dfa5105449001020956b050b44dd5914565970506278f,797105,21,hardlink,fcf800c80d52d575811dfa5105449001020956b050b44dd5914565970506278f,acquisition,
2037,originals/cpho-f/2010/CPhO_2010_Q1__345dfd46708d6ce1.pdf,files/cpho-f/2010/CPhO_2010_Q1__345dfd46708d6ce1.pdf,345dfd46708d6ce195d60dd82c31f1511f61940db92075a0d28c832c3fb2d335,559581,22,hardlink,345dfd46708d6ce195d60dd82c31f1511f61940db92075a0d28c832c3fb2d335,acquisition,
2038,originals/cpho-f/2009/CPhO_2009_Q1__344d96439e695649.pdf,files/cpho-f/2009/CPhO_2009_Q1__344d96439e695649.pdf,344d96439e6956495b50cbf8d94af7023c9e7970cdda7a1222ab47a42468dddf,574121,16,hardlink,344d96439e6956495b50cbf8d94af7023c9e7970cdda7a1222ab47a42468dddf,acquisition,
2039,originals/cpho-f/2008/CPhO_2008_Q1__4e076fb9234683d0.pdf,files/cpho-f/2008/CPhO_2008_Q1__4e076fb9234683d0.pdf,4e076fb9234683d028792190bcec56f12de72890da6c0e44ddf0e9146013459d,585939,21,hardlink,4e076fb9234683d028792190bcec56f12de72890da6c0e44ddf0e9146013459d,acquisition,
204,originals/ipho/2018/IPhO_2018_Q5__b06660ac30afa2c4.pdf,files/ipho/2018/IPhO_2018_Q5__b06660ac30afa2c4.pdf,b06660ac30afa2c40c3cc453f82ab86972279869ae2cf83203c8daf3ff0de2b6,3854755,12,hardlink,b06660ac30afa2c40c3cc453f82ab86972279869ae2cf83203c8daf3ff0de2b6,acquisition,
2040,originals/cpho-f/2006/CPhO_2006_Q1__4ca77258299918a4.pdf,files/cpho-f/2006/CPhO_2006_Q1__4ca77258299918a4.pdf,4ca77258299918a44f26320027466b81cc70c97e7e467ee190282be0f4516042,282451,4,hardlink,4ca77258299918a44f26320027466b81cc70c97e7e467ee190282be0f4516042,acquisition,
2041,originals/cpho-f/2007/CPhO_2007_Q1__2e30b56ab9274363.pdf,files/cpho-f/2007/CPhO_2007_Q1__2e30b56ab9274363.pdf,2e30b56ab9274363686cbf5bc1ef7532dcf579e0703de2c01098b003ab70cdd9,505784,20,hardlink,2e30b56ab9274363686cbf5bc1ef7532dcf579e0703de2c01098b003ab70cdd9,acquisition,
2042,originals/cpho-f/2005/CPhO_2005_Q1__0480b7bd2f896a53.pdf,files/cpho-f/2005/CPhO_2005_Q1__0480b7bd2f896a53.pdf,0480b7bd2f896a53c6f83d18a2b68d08baaeb11f5c7809965ea8c674f3664690,404168,7,hardlink,0480b7bd2f896a53c6f83d18a2b68d08baaeb11f5c7809965ea8c674f3664690,acquisition,
2043,originals/cpho-f/2004/CPhO_2004_Q1__88ce9d79f80b87be.pdf,files/cpho-f/2004/CPhO_2004_Q1__88ce9d79f80b87be.pdf,88ce9d79f80b87bef5b73afef7dfe392905e2ee01c7fed4cdc9b50f5ad0ec359,2552691,18,hardlink,88ce9d79f80b87bef5b73afef7dfe392905e2ee01c7fed4cdc9b50f5ad0ec359,acquisition,
2044,originals/cpho-f/2003/CPhO_2003_Q1__52f8a891d6129bec.pdf,files/cpho-f/2003/CPhO_2003_Q1__52f8a891d6129bec.pdf,52f8a891d6129becf4d21ccb60f46997cedf9aa50123ffd147294cedcb121b63,2307080,10,hardlink,52f8a891d6129becf4d21ccb60f46997cedf9aa50123ffd147294cedcb121b63,acquisition,
2045,originals/panpho/2026/PanPhO_2026_Q1-4__3db1dd590ac8c687.pdf,files/panpho/2026/PanPhO_2026_Q1-4__3db1dd590ac8c687.pdf,3db1dd590ac8c68779cbd8d7355297fb125fa9d252882310c3557a9ea2668c04,601850,4,hardlink,3db1dd590ac8c68779cbd8d7355297fb125fa9d252882310c3557a9ea2668c04,acquisition,
2046,originals/panpho/2026/PanPhO_2026_S1-4__91ff5691c6299963.pdf,files/panpho/2026/PanPhO_2026_S1-4__91ff5691c6299963.pdf,91ff5691c6299963f0ca3d66d8615132f6511484158285f1c312ea738bbb3512,738879,11,hardlink,91ff5691c6299963f0ca3d66d8615132f6511484158285f1c312ea738bbb3512,acquisition,
2048,originals/panpho/2026/PanPhO_2026_S1__9ade087d0eb039b7.pdf,files/panpho/2026/PanPhO_2026_S1__9ade087d0eb039b7.pdf,9ade087d0eb039b774e899705f4e5d519d5abc53f4d64d7f3a515101c7fc5fe6,249404,3,hardlink,9ade087d0eb039b774e899705f4e5d519d5abc53f4d64d7f3a515101c7fc5fe6,acquisition,
205,originals/ipho/2018/IPhO_2018_S5__87e973b4500503f1.pdf,files/ipho/2018/IPhO_2018_S5__87e973b4500503f1.pdf,87e973b4500503f14a22d292a2675927ec4d1cc0000907663b5fa998b4aa515c,1411641,12,hardlink,87e973b4500503f14a22d292a2675927ec4d1cc0000907663b5fa998b4aa515c,acquisition,
2050,originals/panpho/2026/PanPhO_2026_Q1_tex__3c9caf3c79abca24.zip,files/panpho/2026/PanPhO_2026_Q1_tex__3c9caf3c79abca24.zip,3c9caf3c79abca24ff127131b1851be64b910e35763a7b7f29ff99e25cf5624f,36079,,hardlink,3c9caf3c79abca24ff127131b1851be64b910e35763a7b7f29ff99e25cf5624f,acquisition,
2051,originals/panpho/2026/2026-1__366ce5599a51f6a9.tex,files/panpho/2026/2026-1__366ce5599a51f6a9.tex,366ce5599a51f6a9d21a1fc1b266ab170a021b4a5cdadaf9e2374cda4e16963b,3068,,hardlink,366ce5599a51f6a9d21a1fc1b266ab170a021b4a5cdadaf9e2374cda4e16963b,acquisition,
2053,originals/panpho/2026/PanPhO_2026_S2__6ae10605fff18930.pdf,files/panpho/2026/PanPhO_2026_S2__6ae10605fff18930.pdf,6ae10605fff18930c63868d0241ce0c60d544650f5644fd15dfdea6d7bef4af9,147143,3,hardlink,6ae10605fff18930c63868d0241ce0c60d544650f5644fd15dfdea6d7bef4af9,acquisition,
2054,originals/panpho/2026/PanPhO_2026_S3__1a6e8825a51d9d46.pdf,files/panpho/2026/PanPhO_2026_S3__1a6e8825a51d9d46.pdf,1a6e8825a51d9d46e952b77eaef77fcf10303dac929a8de01cc6358cdfa11c9c,189981,3,hardlink,1a6e8825a51d9d46e952b77eaef77fcf10303dac929a8de01cc6358cdfa11c9c,acquisition,
2056,originals/panpho/2026/PanPhO_2026_S4__7d6968abe28c4035.pdf,files/panpho/2026/PanPhO_2026_S4__7d6968abe28c4035.pdf,7d6968abe28c403574d6d429730216b23ec74056964a299c12a32e561c94517a,155281,2,hardlink,7d6968abe28c403574d6d429730216b23ec74056964a299c12a32e561c94517a,acquisition,
2058,originals/panpho/2026/PanPhO_2026_Q5-6__de2d96213e43b58b.pdf,files/panpho/2026/PanPhO_2026_Q5-6__de2d96213e43b58b.pdf,de2d96213e43b58bc0df9cf4edb4209b947bb71b927061acf049860830ad231c,644287,8,hardlink,de2d96213e43b58bc0df9cf4edb4209b947bb71b927061acf049860830ad231c,acquisition,
2059,originals/panpho/2025/PanPhO_2025_Q1-4__6ab196d1442622e0.pdf,files/panpho/2025/PanPhO_2025_Q1-4__6ab196d1442622e0.pdf,6ab196d1442622e0cab1ee237e10f6d8337f6c07e13458a73fdec008445eb9eb,911592,4,hardlink,6ab196d1442622e0cab1ee237e10f6d8337f6c07e13458a73fdec008445eb9eb,acquisition,
206,originals/ipho/2018/IPhO_2018_A5__32ffa1288df6245b.pdf,files/ipho/2018/IPhO_2018_A5__32ffa1288df6245b.pdf,32ffa1288df6245b2d52800647895a0e8c6a18959eec8a025ece110ec2ccde92,126955,11,hardlink,32ffa1288df6245b2d52800647895a0e8c6a18959eec8a025ece110ec2ccde92,acquisition,
2060,originals/panpho/2025/PanPhO_2025_S1-4__9a05cae2374d5ea2.pdf,files/panpho/2025/PanPhO_2025_S1-4__9a05cae2374d5ea2.pdf,9a05cae2374d5ea2b801924ed66e22468f0b860fcf81cbd9ef212e94aa4049e1,1223432,12,hardlink,9a05cae2374d5ea2b801924ed66e22468f0b860fcf81cbd9ef212e94aa4049e1,acquisition,
2061,originals/panpho/2026/PanPhO_2026_S5-6__cbd1b9b505f9c7bc.pdf,files/panpho/2026/PanPhO_2026_S5-6__cbd1b9b505f9c7bc.pdf,cbd1b9b505f9c7bcb6d376a13ae6a8d37968569ed761f8279d35462a0281108f,539343,23,hardlink,cbd1b9b505f9c7bcb6d376a13ae6a8d37968569ed761f8279d35462a0281108f,acquisition,
2062,originals/panpho/2025/PanPhO_2025_Q5-6__a92fcc67e5945525.pdf,files/panpho/2025/PanPhO_2025_Q5-6__a92fcc67e5945525.pdf,a92fcc67e5945525454184ab40e921d89c080ef58cf4d852fe2206bf9046c749,624786,8,hardlink,a92fcc67e5945525454184ab40e921d89c080ef58cf4d852fe2206bf9046c749,acquisition,
2063,originals/panpho/2025/PanPhO_2025_S5-6__32ece487744a8452.pdf,files/panpho/2025/PanPhO_2025_S5-6__32ece487744a8452.pdf,32ece487744a84521ac58e589fbfa22835fe8610f8f94142cae8a6ca4c6f1722,883774,17,hardlink,32ece487744a84521ac58e589fbfa22835fe8610f8f94142cae8a6ca4c6f1722,acquisition,
2064,originals/panpho/2024/PanPhO_2024_Q1-4__c33a0092c6c16947.pdf,files/panpho/2024/PanPhO_2024_Q1-4__c33a0092c6c16947.pdf,c33a0092c6c1694755c6345054666df5c990a82552b3da8c1b99cfec73e7d039,434515,2,hardlink,c33a0092c6c1694755c6345054666df5c990a82552b3da8c1b99cfec73e7d039,acquisition,
2065,originals/panpho/2024/PanPhO_2024_S1-4__0e6c248c01f869b9.pdf,files/panpho/2024/PanPhO_2024_S1-4__0e6c248c01f869b9.pdf,0e6c248c01f869b996975a469223860e5848142636400124d1f57e6c409e773b,680839,8,hardlink,0e6c248c01f869b996975a469223860e5848142636400124d1f57e6c409e773b,acquisition,
2066,originals/panpho/2024/PanPhO_2024_Q5-6__35f744c70ed8334c.pdf,files/panpho/2024/PanPhO_2024_Q5-6__35f744c70ed8334c.pdf,35f744c70ed8334cf69a53fa2a11c79be50ed91452d630f5aa72b87f706c19b0,1377364,8,hardlink,35f744c70ed8334cf69a53fa2a11c79be50ed91452d630f5aa72b87f706c19b0,acquisition,
2067,originals/panpho/2024/PanPhO_2024_S5-6__017aa92ab981d95c.pdf,files/panpho/2024/PanPhO_2024_S5-6__017aa92ab981d95c.pdf,017aa92ab981d95c0ff0622ac4d88cafa0b3854cf69580d640ac0879acae658d,1722873,15,hardlink,017aa92ab981d95c0ff0622ac4d88cafa0b3854cf69580d640ac0879acae658d,acquisition,
2068,originals/panpho/2023/PanPhO_2023_Q1-4__5cf0ee2974b68bab.pdf,files/panpho/2023/PanPhO_2023_Q1-4__5cf0ee2974b68bab.pdf,5cf0ee2974b68bab9c4a6be34cc11a57419c56de782080a7cd48f68a2f26f488,457225,4,hardlink,5cf0ee2974b68bab9c4a6be34cc11a57419c56de782080a7cd48f68a2f26f488,acquisition,
2069,originals/panpho/2023/PanPhO_2023_S1-4__c6608896b158b6c4.pdf,files/panpho/2023/PanPhO_2023_S1-4__c6608896b158b6c4.pdf,c6608896b158b6c48ab0627cb4c7bea633b5ae843d4fb1feb52af50f7a579d39,572622,12,hardlink,c6608896b158b6c48ab0627cb4c7bea633b5ae843d4fb1feb52af50f7a579d39,acquisition,
2070,originals/panpho/2023/PanPhO_2023_Q5-6__e341e2c37a135158.pdf,files/panpho/2023/PanPhO_2023_Q5-6__e341e2c37a135158.pdf,e341e2c37a1351581fbc3f8a7fb946c007700c95e111336573e4aa5d62f749d3,713845,12,hardlink,e341e2c37a1351581fbc3f8a7fb946c007700c95e111336573e4aa5d62f749d3,acquisition,
2071,originals/panpho/2023/PanPhO_2023_S5-6__1803ee000419bbd6.pdf,files/panpho/2023/PanPhO_2023_S5-6__1803ee000419bbd6.pdf,1803ee000419bbd6a52d8c685d9c41931ec3b688fc0f69e4ba1750b65fbc8784,801206,20,hardlink,1803ee000419bbd6a52d8c685d9c41931ec3b688fc0f69e4ba1750b65fbc8784,acquisition,
2072,originals/panpho/2022/PanPhO_2022_Q1-4__1a1c6470420bb3fa.pdf,files/panpho/2022/PanPhO_2022_Q1-4__1a1c6470420bb3fa.pdf,1a1c6470420bb3fab7a42104094ef359573857384e4e8930d4d94b96b3ac49f1,564559,3,hardlink,1a1c6470420bb3fab7a42104094ef359573857384e4e8930d4d94b96b3ac49f1,acquisition,
2073,originals/panpho/2022/PanPhO_2022_S1-4__c4083ecd5e723077.pdf,files/panpho/2022/PanPhO_2022_S1-4__c4083ecd5e723077.pdf,c4083ecd5e7230770a2244837a783796ba5fd6551cd4db3734a85c9dacfa9651,859413,11,hardlink,c4083ecd5e7230770a2244837a783796ba5fd6551cd4db3734a85c9dacfa9651,acquisition,
2074,originals/panpho/2022/PanPhO_2022_Q5-6__e57b520891c7010f.pdf,files/panpho/2022/PanPhO_2022_Q5-6__e57b520891c7010f.pdf,e57b520891c7010f39cf3c81e4d376a3985a69e1825d220b16590233ddd04bef,1599152,11,hardlink,e57b520891c7010f39cf3c81e4d376a3985a69e1825d220b16590233ddd04bef,acquisition,
2075,originals/panpho/2022/PanPhO_2022_S5-6__bf6947c7ae599699.pdf,files/panpho/2022/PanPhO_2022_S5-6__bf6947c7ae599699.pdf,bf6947c7ae599699215994c28357777f9fec6e16e63fc91be51f06d99aba9db0,1386208,24,hardlink,bf6947c7ae599699215994c28357777f9fec6e16e63fc91be51f06d99aba9db0,acquisition,
2076,originals/panpho/2021/PanPhO_2021_Q1-4__6790dbe169362fbb.pdf,files/panpho/2021/PanPhO_2021_Q1-4__6790dbe169362fbb.pdf,6790dbe169362fbba5bb9f9b3a7c7979bf94b7a9577f82318f8a4354e7595f19,417945,4,hardlink,6790dbe169362fbba5bb9f9b3a7c7979bf94b7a9577f82318f8a4354e7595f19,acquisition,
2077,originals/panpho/2021/PanPhO_2021_S1-4__73363b2d11f347f3.pdf,files/panpho/2021/PanPhO_2021_S1-4__73363b2d11f347f3.pdf,73363b2d11f347f3ad00b536aa037d66de857c77ff2f63b6fad72e4ea360e75f,688549,15,hardlink,73363b2d11f347f3ad00b536aa037d66de857c77ff2f63b6fad72e4ea360e75f,acquisition,
2078,originals/panpho/2021/PanPhO_2021_Q5-6__9035f18ee3bf6889.pdf,files/panpho/2021/PanPhO_2021_Q5-6__9035f18ee3bf6889.pdf,9035f18ee3bf688931109e3141388974d93dd072424baa7e0c4bbb7f1a8ccdff,955946,14,hardlink,9035f18ee3bf688931109e3141388974d93dd072424baa7e0c4bbb7f1a8ccdff,acquisition,
2079,originals/panpho/2021/PanPhO_2021_S5-6__341e4a3ac917677d.pdf,files/panpho/2021/PanPhO_2021_S5-6__341e4a3ac917677d.pdf,341e4a3ac917677d340f1edd201e1e2d587eea7c90d2536cc602ac53e3806b69,1103994,23,hardlink,341e4a3ac917677d340f1edd201e1e2d587eea7c90d2536cc602ac53e3806b69,acquisition,
208,originals/ipho/2018/IPhO_2018_M5__eadf79c3b056f46b.pdf,files/ipho/2018/IPhO_2018_M5__eadf79c3b056f46b.pdf,eadf79c3b056f46bc259660f03039489ae06169ea5b0b2aee1e5b98a822f0c85,110997,8,hardlink,eadf79c3b056f46bc259660f03039489ae06169ea5b0b2aee1e5b98a822f0c85,acquisition,
2080,originals/panpho/2020/PanPhO_2020_Q1-4__3323b4bc5c8a6f8b.pdf,files/panpho/2020/PanPhO_2020_Q1-4__3323b4bc5c8a6f8b.pdf,3323b4bc5c8a6f8b9111c494c3b4ac1d7a08139a223a2842cd7f2ce240f80fef,208718,3,hardlink,3323b4bc5c8a6f8b9111c494c3b4ac1d7a08139a223a2842cd7f2ce240f80fef,acquisition,
2081,originals/panpho/2020/PanPhO_2020_S1-4__607721f2d1c523ca.pdf,files/panpho/2020/PanPhO_2020_S1-4__607721f2d1c523ca.pdf,607721f2d1c523ca152af872358c037723d8bcb9a000b7643b886c372da363b3,383846,12,hardlink,607721f2d1c523ca152af872358c037723d8bcb9a000b7643b886c372da363b3,acquisition,
2082,originals/panpho/2020/PanPhO_2020_S5-6__f4e502964252d64f.pdf,files/panpho/2020/PanPhO_2020_S5-6__f4e502964252d64f.pdf,f4e502964252d64f36caef7bbface656ab2684093084343c93f11102f152e9dc,1545475,27,hardlink,f4e502964252d64f36caef7bbface656ab2684093084343c93f11102f152e9dc,acquisition,
2083,originals/panpho/2019/PanPhO_2019_Q1-4__17256a54e1a54e0d.pdf,files/panpho/2019/PanPhO_2019_Q1-4__17256a54e1a54e0d.pdf,17256a54e1a54e0dfb4a6177834cc49230d45a08a11778f604029b29de1f88ae,667824,6,hardlink,17256a54e1a54e0dfb4a6177834cc49230d45a08a11778f604029b29de1f88ae,acquisition,
2084,originals/panpho/2019/PanPhO_2019_S1-4__a16d5b0a988c65ea.pdf,files/panpho/2019/PanPhO_2019_S1-4__a16d5b0a988c65ea.pdf,a16d5b0a988c65eaaca23b9b03391a039d9ade753fcd2ff956699c4996c9cf8c,836147,14,hardlink,a16d5b0a988c65eaaca23b9b03391a039d9ade753fcd2ff956699c4996c9cf8c,acquisition,
2085,originals/panpho/2020/PanPhO_2020_Q5-6__5d2065a0323ad16f.pdf,files/panpho/2020/PanPhO_2020_Q5-6__5d2065a0323ad16f.pdf,5d2065a0323ad16fb061ac97a57ae48ccbbf26c592b2eee454ebbf21cfadb1dc,2346823,18,hardlink,5d2065a0323ad16fb061ac97a57ae48ccbbf26c592b2eee454ebbf21cfadb1dc,acquisition,
2086,originals/panpho/2019/PanPhO_2019_Q5-6__3039bc46b5806ce9.pdf,files/panpho/2019/PanPhO_2019_Q5-6__3039bc46b5806ce9.pdf,3039bc46b5806ce99dab70088907f57693e654b6a0f21b7c42c0b7b7223f3091,499799,13,hardlink,3039bc46b5806ce99dab70088907f57693e654b6a0f21b7c42c0b7b7223f3091,acquisition,
2087,originals/panpho/2019/PanPhO_2019_S5-6__1e8dd3651c48eff1.pdf,files/panpho/2019/PanPhO_2019_S5-6__1e8dd3651c48eff1.pdf,1e8dd3651c48eff15c1f455f1c2d1ca1b598006f4860cc9d3723c73cb5041196,718929,25,hardlink,1e8dd3651c48eff15c1f455f1c2d1ca1b598006f4860cc9d3723c73cb5041196,acquisition,
2088,originals/panpho/2018/PanPhO_2018_Q1-6__6c53a23474edecf3.pdf,files/panpho/2018/PanPhO_2018_Q1-6__6c53a23474edecf3.pdf,6c53a23474edecf351697487a4dc08f667fb50d603a2a95f0770f17586123fbe,1050396,6,hardlink,6c53a23474edecf351697487a4dc08f667fb50d603a2a95f0770f17586123fbe,acquisition,
2089,originals/panpho/2018/PanPhO_2018_S1-6__848fa7a4d363cf87.pdf,files/panpho/2018/PanPhO_2018_S1-6__848fa7a4d363cf87.pdf,848fa7a4d363cf8740e61c19c102de2cab41b911980e1ec0bac7639af896f5a2,1390773,11,hardlink,848fa7a4d363cf8740e61c19c102de2cab41b911980e1ec0bac7639af896f5a2,acquisition,
209,originals/ipho/2017/IPhO_2017_Q1__83bacf0ca9134cfc.pdf,files/ipho/2017/IPhO_2017_Q1__83bacf0ca9134cfc.pdf,83bacf0ca9134cfcd8cb2009cf963fc702618cfd75843138c10b2621473d8892,2200493,5,hardlink,83bacf0ca9134cfcd8cb2009cf963fc702618cfd75843138c10b2621473d8892,acquisition,
2090,originals/panpho/2018/PanPhO_2018_S7-8__b6358285add2e3fb.pdf,files/panpho/2018/PanPhO_2018_S7-8__b6358285add2e3fb.pdf,b6358285add2e3fb9d9b26b6c607024cc34e770913ce453840d8b2b3a5206f94,1011249,16,hardlink,b6358285add2e3fb9d9b26b6c607024cc34e770913ce453840d8b2b3a5206f94,acquisition,
2091,originals/panpho/2017/PanPhO_2017_Q1-7__02db77544e3c1df3.pdf,files/panpho/2017/PanPhO_2017_Q1-7__02db77544e3c1df3.pdf,02db77544e3c1df3f980e6f005451413a8679fc5c97d7f735200bb88fabc0922,577968,5,hardlink,02db77544e3c1df3f980e6f005451413a8679fc5c97d7f735200bb88fabc0922,acquisition,
2092,originals/panpho/2018/PanPhO_2018_Q7-8__6ed76d83e4ef3b10.pdf,files/panpho/2018/PanPhO_2018_Q7-8__6ed76d83e4ef3b10.pdf,6ed76d83e4ef3b109e68eab613774581ef5878f4e2793d82f33e8b81355e706f,558572,12,hardlink,6ed76d83e4ef3b109e68eab613774581ef5878f4e2793d82f33e8b81355e706f,acquisition,
2093,originals/panpho/2017/PanPhO_2017_Q8-9__e80532b9458f1537.pdf,files/panpho/2017/PanPhO_2017_Q8-9__e80532b9458f1537.pdf,e80532b9458f15370d9583f8e7f8d6a57a8fc60f71cb5599356c9616ed627910,1215440,11,hardlink,e80532b9458f15370d9583f8e7f8d6a57a8fc60f71cb5599356c9616ed627910,acquisition,
2094,originals/panpho/2017/PanPhO_2017_S1-7__5bf3ef5f8f5c46bb.pdf,files/panpho/2017/PanPhO_2017_S1-7__5bf3ef5f8f5c46bb.pdf,5bf3ef5f8f5c46bbc321132dec0d1c8514a72e476980ef76f546a3cbef73374a,799136,9,hardlink,5bf3ef5f8f5c46bbc321132dec0d1c8514a72e476980ef76f546a3cbef73374a,acquisition,
2095,originals/panpho/2017/PanPhO_2017_S8-9__0a6044260a874ded.pdf,files/panpho/2017/PanPhO_2017_S8-9__0a6044260a874ded.pdf,0a6044260a874ded8187f7c74a3c14e38fe59b01e023783c5207a31121993580,1329704,17,hardlink,0a6044260a874ded8187f7c74a3c14e38fe59b01e023783c5207a31121993580,acquisition,
2096,originals/panpho/2016/PanPhO_2016_Q1-5__0166eb1eddc1a84e.pdf,files/panpho/2016/PanPhO_2016_Q1-5__0166eb1eddc1a84e.pdf,0166eb1eddc1a84e7b8cab248e3d621a24bab90678565b4fe7b535fe7a6f480e,556765,5,hardlink,0166eb1eddc1a84e7b8cab248e3d621a24bab90678565b4fe7b535fe7a6f480e,acquisition,
2097,originals/panpho/2016/PanPhO_2016_S1-5__77e5c5fde9c5b030.pdf,files/panpho/2016/PanPhO_2016_S1-5__77e5c5fde9c5b030.pdf,77e5c5fde9c5b030de12a98b0d4236763a949340b7ef0fdbd0c5f927acb9fd8f,665909,8,hardlink,77e5c5fde9c5b030de12a98b0d4236763a949340b7ef0fdbd0c5f927acb9fd8f,acquisition,
2098,originals/panpho/2016/PanPhO_2016_Q6-8__a3ea5cc547e3e198.pdf,files/panpho/2016/PanPhO_2016_Q6-8__a3ea5cc547e3e198.pdf,a3ea5cc547e3e198b35b12ec971e45a9a900b907c154526fe26f80e26dddad4a,585113,5,hardlink,a3ea5cc547e3e198b35b12ec971e45a9a900b907c154526fe26f80e26dddad4a,acquisition,
2099,originals/panpho/2015/PanPhO_2015_Q1-7__7a4b580c497d7550.pdf,files/panpho/2015/PanPhO_2015_Q1-7__7a4b580c497d7550.pdf,7a4b580c497d7550b51fac281c193acac63060079c59661e4b1aad0fd7df105a,619484,10,hardlink,7a4b580c497d7550b51fac281c193acac63060079c59661e4b1aad0fd7df105a,acquisition,
21,originals/ipho/2026/IPhO_2026_S3_tex__9ecdf1b9fecf4e09.pdf,files/ipho/2026/IPhO_2026_S3_tex__9ecdf1b9fecf4e09.pdf,9ecdf1b9fecf4e0984b54bb224abb6e85b13dec3141831f36a802e5e19a43f0d,72495,3,hardlink,9ecdf1b9fecf4e0984b54bb224abb6e85b13dec3141831f36a802e5e19a43f0d,acquisition,
210,originals/ipho/2017/IPhO_2017_S1__724984619eb768dc.pdf,files/ipho/2017/IPhO_2017_S1__724984619eb768dc.pdf,724984619eb768dca84075c92c6e343f68949dd4745b6bf32134ef560735634d,15188444,14,hardlink,724984619eb768dca84075c92c6e343f68949dd4745b6bf32134ef560735634d,acquisition,
2100,originals/panpho/2016/PanPhO_2016_S6-8__926638270cbc518c.pdf,files/panpho/2016/PanPhO_2016_S6-8__926638270cbc518c.pdf,926638270cbc518c13518e135a4340456cbed1b9a581930965ec2867e0319a67,682969,8,hardlink,926638270cbc518c13518e135a4340456cbed1b9a581930965ec2867e0319a67,acquisition,
2101,originals/panpho/2015/PanPhO_2015_S1-7__4f7732d242d6a740.pdf,files/panpho/2015/PanPhO_2015_S1-7__4f7732d242d6a740.pdf,4f7732d242d6a740f909e7f9349a8804c9c4c419403dccbc2582bc6d126f02fa,871460,22,hardlink,4f7732d242d6a740f909e7f9349a8804c9c4c419403dccbc2582bc6d126f02fa,acquisition,
2102,originals/panpho/2014/PanPhO_2014_S1-8__2cac3189a62bc9d3.pdf,files/panpho/2014/PanPhO_2014_S1-8__2cac3189a62bc9d3.pdf,2cac3189a62bc9d3d580dab4edd68ab35cf81459204c8ee3e42dd5a2ca8891c4,586925,19,hardlink,2cac3189a62bc9d3d580dab4edd68ab35cf81459204c8ee3e42dd5a2ca8891c4,acquisition,
2103,originals/panpho/2014/PanPhO_2014_Q1-8__bcc9005bd3c7f272.pdf,files/panpho/2014/PanPhO_2014_Q1-8__bcc9005bd3c7f272.pdf,bcc9005bd3c7f2724812d69dda0d7df329edbd10803b6f0de2a880c24c1c6731,410257,10,hardlink,bcc9005bd3c7f2724812d69dda0d7df329edbd10803b6f0de2a880c24c1c6731,acquisition,
2104,originals/panpho/2013/PanPhO_2013_Q1-7__22debd088d785def.pdf,files/panpho/2013/PanPhO_2013_Q1-7__22debd088d785def.pdf,22debd088d785def32c251cef7fb59558d7031f1446a3021e9b579ce8c528484,438758,8,hardlink,22debd088d785def32c251cef7fb59558d7031f1446a3021e9b579ce8c528484,acquisition,
2105,originals/panpho/2012/PanPhO_2012_Q1-9__0e04c7086f44fe49.pdf,files/panpho/2012/PanPhO_2012_Q1-9__0e04c7086f44fe49.pdf,0e04c7086f44fe49d0b60ce012e5e45fafb725daa0cd49af44aee6460b60d187,405894,6,hardlink,0e04c7086f44fe49d0b60ce012e5e45fafb725daa0cd49af44aee6460b60d187,acquisition,
2106,originals/panpho/2013/PanPhO_2013_S1-7__c81fe85981acba8e.pdf,files/panpho/2013/PanPhO_2013_S1-7__c81fe85981acba8e.pdf,c81fe85981acba8e3af853cf3a5770f76ec468750100437c2fadd582df190825,1190881,8,hardlink,c81fe85981acba8e3af853cf3a5770f76ec468750100437c2fadd582df190825,acquisition,
2107,originals/panpho/2012/PanPhO_2012_S1-9__bff078aeb0055469.pdf,files/panpho/2012/PanPhO_2012_S1-9__bff078aeb0055469.pdf,bff078aeb005546939e6f315dcca0d9fd5c0c8b6b05e82b21356fee277761238,365435,8,hardlink,bff078aeb005546939e6f315dcca0d9fd5c0c8b6b05e82b21356fee277761238,acquisition,
2108,originals/panpho/2011/PanPhO_2011_S1-9__c0ba25fda08be24a.pdf,files/panpho/2011/PanPhO_2011_S1-9__c0ba25fda08be24a.pdf,c0ba25fda08be24a8ddeaf00ecd287a1e2e2a7b8917980402f5c686ff4ce6791,117863,7,hardlink,c0ba25fda08be24a8ddeaf00ecd287a1e2e2a7b8917980402f5c686ff4ce6791,acquisition,
2109,originals/panpho/2011/PanPhO_2011_Q1-9__3544174f9a184c3f.pdf,files/panpho/2011/PanPhO_2011_Q1-9__3544174f9a184c3f.pdf,3544174f9a184c3f69d586d73be2f7a8b454ea259ed35a45b1b5e4b07ea257b2,192477,7,hardlink,3544174f9a184c3f69d586d73be2f7a8b454ea259ed35a45b1b5e4b07ea257b2,acquisition,
211,originals/ipho/2017/IPhO_2017_A1__0f275adc064c0b4d.pdf,files/ipho/2017/IPhO_2017_A1__0f275adc064c0b4d.pdf,0f275adc064c0b4d1bd530ac6d9fb7befb027d78e5ad1e5e51e4509d28aa6200,1003279,5,hardlink,0f275adc064c0b4d1bd530ac6d9fb7befb027d78e5ad1e5e51e4509d28aa6200,acquisition,
2110,originals/panpho/2010/PanPhO_2010_Q1-9__c4bb8d8d3bce33c6.pdf,files/panpho/2010/PanPhO_2010_Q1-9__c4bb8d8d3bce33c6.pdf,c4bb8d8d3bce33c617316f9dc9f1f66671d1a00fe240b329aaeec6c372d3ee7a,278574,6,hardlink,c4bb8d8d3bce33c617316f9dc9f1f66671d1a00fe240b329aaeec6c372d3ee7a,acquisition,
2111,originals/panpho/2010/PanPhO_2010_S1-9__e66fb97d92e1347b.pdf,files/panpho/2010/PanPhO_2010_S1-9__e66fb97d92e1347b.pdf,e66fb97d92e1347b9af5511790158a7817c3a5a4f8e8b5eb7c968bd2c51ebc61,188422,8,hardlink,e66fb97d92e1347b9af5511790158a7817c3a5a4f8e8b5eb7c968bd2c51ebc61,acquisition,
2112,originals/panpho/2009/PanPhO_2009_Q1-8__1fab5df7288a382c.pdf,files/panpho/2009/PanPhO_2009_Q1-8__1fab5df7288a382c.pdf,1fab5df7288a382cc0127c5692df353a52b30835369717db6e66e73a39f5ac5f,520085,9,hardlink,1fab5df7288a382cc0127c5692df353a52b30835369717db6e66e73a39f5ac5f,acquisition,
2113,originals/panpho/2009/PanPhO_2009_S1-8__0e1abec76304dc75.pdf,files/panpho/2009/PanPhO_2009_S1-8__0e1abec76304dc75.pdf,0e1abec76304dc7570b8a60cb1ff1631fcaffc0db1f75d276e0487fdca312638,1047344,13,hardlink,0e1abec76304dc7570b8a60cb1ff1631fcaffc0db1f75d276e0487fdca312638,acquisition,
2114,originals/panpho/2008/PanPhO_2008_S1-9__4a238a7b08343fc7.pdf,files/panpho/2008/PanPhO_2008_S1-9__4a238a7b08343fc7.pdf,4a238a7b08343fc7bd1e1a924454622a2adb944661fdf4cfe18786e0eb6fe5f4,456767,11,hardlink,4a238a7b08343fc7bd1e1a924454622a2adb944661fdf4cfe18786e0eb6fe5f4,acquisition,
2115,originals/panpho/2007/PanPhO_2007_S1-10__159b38cdecf079da.pdf,files/panpho/2007/PanPhO_2007_S1-10__159b38cdecf079da.pdf,159b38cdecf079da583737b50ef4b7d407935af0819b1e0ccd592f277ef026b9,915980,10,hardlink,159b38cdecf079da583737b50ef4b7d407935af0819b1e0ccd592f277ef026b9,acquisition,
2116,originals/panpho/2007/PanPhO_2007_Q1-10__9b78802ae4967fe5.pdf,files/panpho/2007/PanPhO_2007_Q1-10__9b78802ae4967fe5.pdf,9b78802ae4967fe5181f851ab8a0fcd7e1a4c1c8d0256de1803fe00680113e41,526594,10,hardlink,9b78802ae4967fe5181f851ab8a0fcd7e1a4c1c8d0256de1803fe00680113e41,acquisition,
2117,originals/panpho/2008/PanPhO_2008_Q1-9__e13a049d28212ef4.pdf,files/panpho/2008/PanPhO_2008_Q1-9__e13a049d28212ef4.pdf,e13a049d28212ef4fa303441eb5e55e469bbefbbe763b45a920bf6b976c820ae,191824,8,hardlink,e13a049d28212ef4fa303441eb5e55e469bbefbbe763b45a920bf6b976c820ae,acquisition,
2118,originals/panpho/2006/PanPhO_2006_Q1-8__4285314104d0d10b.pdf,files/panpho/2006/PanPhO_2006_Q1-8__4285314104d0d10b.pdf,4285314104d0d10b005a6d8f67d9d2b0791a361b6dea71caed12e4265e6a029c,576249,9,hardlink,4285314104d0d10b005a6d8f67d9d2b0791a361b6dea71caed12e4265e6a029c,acquisition,
2119,originals/panpho/2005/PanPhO_2005_Q1-8__4aa1d9aa72bf92c0.pdf,files/panpho/2005/PanPhO_2005_Q1-8__4aa1d9aa72bf92c0.pdf,4aa1d9aa72bf92c0f64bab8a957858c882303ed8e473ba750d75b09843cb19b0,219146,5,hardlink,4aa1d9aa72bf92c0f64bab8a957858c882303ed8e473ba750d75b09843cb19b0,acquisition,
212,originals/ipho/2017/IPhO_2017_Q2__56af240e6ee694b3.pdf,files/ipho/2017/IPhO_2017_Q2__56af240e6ee694b3.pdf,56af240e6ee694b30404ad210c50544a8e2b37ff656a8dd2f26909c06a314e4f,2764562,6,hardlink,56af240e6ee694b30404ad210c50544a8e2b37ff656a8dd2f26909c06a314e4f,acquisition,
2120,originals/panpho/2006/PanPhO_2006_S1-8__892c9e5d64f4bfe1.pdf,files/panpho/2006/PanPhO_2006_S1-8__892c9e5d64f4bfe1.pdf,892c9e5d64f4bfe137c327b833a2db10b58d7d2a880c956fcc8a8c4694719ef8,760044,6,hardlink,892c9e5d64f4bfe137c327b833a2db10b58d7d2a880c956fcc8a8c4694719ef8,acquisition,
2121,originals/panpho/2005/PanPhO_2005_S1-8__7cc2144eb6df4a32.pdf,files/panpho/2005/PanPhO_2005_S1-8__7cc2144eb6df4a32.pdf,7cc2144eb6df4a321915160b7c8a936c9294d50ed5cd24e4ec8d20e8ea156d8c,416051,9,hardlink,7cc2144eb6df4a321915160b7c8a936c9294d50ed5cd24e4ec8d20e8ea156d8c,acquisition,
2122,originals/vosh/2025/VsOSh_2025_Q1-5__aef03f6edcad988d.pdf,files/vosh/2025/VsOSh_2025_Q1-5__aef03f6edcad988d.pdf,aef03f6edcad988df47ba17495f2461dc2fcbfbc3d34a37fa0d7143f7ce07900,240635,5,hardlink,aef03f6edcad988df47ba17495f2461dc2fcbfbc3d34a37fa0d7143f7ce07900,acquisition,
2123,originals/vosh/2025/VsOSh_2025_S1-5__b0560ec742a1da2a.pdf,files/vosh/2025/VsOSh_2025_S1-5__b0560ec742a1da2a.pdf,b0560ec742a1da2afa3d85d18c9ea6eba8135fda82b2f0763713e7d47b85a67a,1167625,28,hardlink,b0560ec742a1da2afa3d85d18c9ea6eba8135fda82b2f0763713e7d47b85a67a,acquisition,
2124,originals/vosh/2024/VsOSh_2024_Q1-5__6f9ec471b88d0e95.pdf,files/vosh/2024/VsOSh_2024_Q1-5__6f9ec471b88d0e95.pdf,6f9ec471b88d0e9578039b1061068b81376daaf0e054cb2df5a44e933f735a8b,65198,4,hardlink,6f9ec471b88d0e9578039b1061068b81376daaf0e054cb2df5a44e933f735a8b,acquisition,
2125,originals/vosh/2024/VsOSh_2024_S1-5__a52a063a4c8c5348.pdf,files/vosh/2024/VsOSh_2024_S1-5__a52a063a4c8c5348.pdf,a52a063a4c8c5348339161db93a213cfe370641f6debe4bea2f1144a05b25952,168680,25,hardlink,a52a063a4c8c5348339161db93a213cfe370641f6debe4bea2f1144a05b25952,acquisition,
2126,originals/vosh/2023/VsOSh_2023_Q1-5__74a2223b3b0c6e72.pdf,files/vosh/2023/VsOSh_2023_Q1-5__74a2223b3b0c6e72.pdf,74a2223b3b0c6e72e49495fc1edae4abcc8b4f835e47cb7a49815b8434d63848,65649,4,hardlink,74a2223b3b0c6e72e49495fc1edae4abcc8b4f835e47cb7a49815b8434d63848,acquisition,
2127,originals/vosh/2023/VsOSh_2023_S1-5__8f6a171462ae03a6.pdf,files/vosh/2023/VsOSh_2023_S1-5__8f6a171462ae03a6.pdf,8f6a171462ae03a6eb6f8b6ac462fab119dacc55a4aced45f95c17d390f1b630,142637,20,hardlink,8f6a171462ae03a6eb6f8b6ac462fab119dacc55a4aced45f95c17d390f1b630,acquisition,
2128,originals/vosh/2022/VsOSh_2022_Q1-5__d31d0dcf60e5f746.pdf,files/vosh/2022/VsOSh_2022_Q1-5__d31d0dcf60e5f746.pdf,d31d0dcf60e5f746455f90e9128a7ff3088b440a817e58b9763060a332bc2863,269934,5,hardlink,d31d0dcf60e5f746455f90e9128a7ff3088b440a817e58b9763060a332bc2863,acquisition,
2129,originals/vosh/2022/VsOSh_2022_S1-5__1ccc3acf74f97c6a.pdf,files/vosh/2022/VsOSh_2022_S1-5__1ccc3acf74f97c6a.pdf,1ccc3acf74f97c6aafd7ce9c5c6479c1e5b26270e9eb34a745e005bb634571f6,1048366,29,hardlink,1ccc3acf74f97c6aafd7ce9c5c6479c1e5b26270e9eb34a745e005bb634571f6,acquisition,
2130,originals/vosh/2021/VsOSh_2021_Q1-5__561a1ec41d21b1a4.pdf,files/vosh/2021/VsOSh_2021_Q1-5__561a1ec41d21b1a4.pdf,561a1ec41d21b1a4f533975f292b12d0a06917e3788063b69e1e4a3b26555239,83837,2,hardlink,561a1ec41d21b1a4f533975f292b12d0a06917e3788063b69e1e4a3b26555239,acquisition,
2131,originals/vosh/2021/VsOSh_2021_S1-5__2aa9b59942a60018.pdf,files/vosh/2021/VsOSh_2021_S1-5__2aa9b59942a60018.pdf,2aa9b59942a60018bca5fcaa4d43a82cfd8d12fe3a87ce8542b593493ee697ec,1713325,15,hardlink,2aa9b59942a60018bca5fcaa4d43a82cfd8d12fe3a87ce8542b593493ee697ec,acquisition,
2132,originals/vosh/2019/VsOSh_2019_Q1-5__91f81c62953cc9e9.pdf,files/vosh/2019/VsOSh_2019_Q1-5__91f81c62953cc9e9.pdf,91f81c62953cc9e9769c1d16918cf34a9692f06154b858801f5bc2cecce91852,483073,4,hardlink,91f81c62953cc9e9769c1d16918cf34a9692f06154b858801f5bc2cecce91852,acquisition,
2133,originals/vosh/2018/VsOSh_2018_Q1-5__3d99970a89219cad.pdf,files/vosh/2018/VsOSh_2018_Q1-5__3d99970a89219cad.pdf,3d99970a89219cadcbda080f860406378eb4ba59756605197df595c1661d284f,372363,3,hardlink,3d99970a89219cadcbda080f860406378eb4ba59756605197df595c1661d284f,acquisition,
2134,originals/vosh/2019/VsOSh_2019_S1-5__d73c90da02b748fc.pdf,files/vosh/2019/VsOSh_2019_S1-5__d73c90da02b748fc.pdf,d73c90da02b748fc1bb9eee1f5c63379b47fb8578744f783b8792e65c0cd5c74,361530,8,hardlink,d73c90da02b748fc1bb9eee1f5c63379b47fb8578744f783b8792e65c0cd5c74,acquisition,
2135,originals/vosh/2017/VsOSh_2017_Q1-5__e54b7e86d00a4028.pdf,files/vosh/2017/VsOSh_2017_Q1-5__e54b7e86d00a4028.pdf,e54b7e86d00a40282a776028883830860c5dae3d468eaf1988c1466b961d5654,2990747,4,hardlink,e54b7e86d00a40282a776028883830860c5dae3d468eaf1988c1466b961d5654,acquisition,
2136,originals/vosh/2018/VsOSh_2018_S1-5__e2eacc8d9fc2c070.pdf,files/vosh/2018/VsOSh_2018_S1-5__e2eacc8d9fc2c070.pdf,e2eacc8d9fc2c070572c9e3ca3ca9fc393ca15ddbdddfa700036ff94a8b2693d,794119,6,hardlink,e2eacc8d9fc2c070572c9e3ca3ca9fc393ca15ddbdddfa700036ff94a8b2693d,acquisition,
2137,originals/vosh/2017/VsOSh_2017_S1-5__13f429b670a6d06b.pdf,files/vosh/2017/VsOSh_2017_S1-5__13f429b670a6d06b.pdf,13f429b670a6d06bc39e0645761deadd62ee1fba919261583613c3a0aee69041,312239,13,hardlink,13f429b670a6d06bc39e0645761deadd62ee1fba919261583613c3a0aee69041,acquisition,
2138,originals/vosh/2016/VsOSh_2016_Q1-5__c0658c401fceb2e1.pdf,files/vosh/2016/VsOSh_2016_Q1-5__c0658c401fceb2e1.pdf,c0658c401fceb2e1e81a5c9618ca1a4103bf60fad8bb89c635619d12c6739622,77292,2,hardlink,c0658c401fceb2e1e81a5c9618ca1a4103bf60fad8bb89c635619d12c6739622,acquisition,
2139,originals/vosh/2016/VsOSh_2016_S1-5__89bb412e6cebe676.pdf,files/vosh/2016/VsOSh_2016_S1-5__89bb412e6cebe676.pdf,89bb412e6cebe67698c619233e0544d6aefeffdf942306dfafd84dd084a20371,98445,6,hardlink,89bb412e6cebe67698c619233e0544d6aefeffdf942306dfafd84dd084a20371,acquisition,
214,originals/ipho/2017/IPhO_2017_S2__e7dfa9566d96ca5d.pdf,files/ipho/2017/IPhO_2017_S2__e7dfa9566d96ca5d.pdf,e7dfa9566d96ca5dea0442227b4bc6364045619492862f3806fa3eec06fc448d,9530783,8,hardlink,e7dfa9566d96ca5dea0442227b4bc6364045619492862f3806fa3eec06fc448d,acquisition,
2140,originals/vosh/2015/VsOSh_2015_Q1-5__cd884e012c96165c.pdf,files/vosh/2015/VsOSh_2015_Q1-5__cd884e012c96165c.pdf,cd884e012c96165c90b5e445810792c561d4025d809289f1c8bf6e0878d7b547,92931,2,hardlink,cd884e012c96165c90b5e445810792c561d4025d809289f1c8bf6e0878d7b547,acquisition,
2141,originals/vosh/2015/VsOSh_2015_S1-5__7eb80f2c2506f2c8.pdf,files/vosh/2015/VsOSh_2015_S1-5__7eb80f2c2506f2c8.pdf,7eb80f2c2506f2c803ee01e9b6e5719af688b5224cb0fc11e47d718cc25420f7,124104,6,hardlink,7eb80f2c2506f2c803ee01e9b6e5719af688b5224cb0fc11e47d718cc25420f7,acquisition,
2142,originals/vosh/2014/VsOSh_2014_Q1-5__e56a1747de5c9c73.pdf,files/vosh/2014/VsOSh_2014_Q1-5__e56a1747de5c9c73.pdf,e56a1747de5c9c7360c827a607a57623ee8a0615baf8b12aaba2af189b9ae6e5,101003,2,hardlink,e56a1747de5c9c7360c827a607a57623ee8a0615baf8b12aaba2af189b9ae6e5,acquisition,
2143,originals/vosh/2014/VsOSh_2014_S1-5__4a71146a80276260.pdf,files/vosh/2014/VsOSh_2014_S1-5__4a71146a80276260.pdf,4a71146a802762603f809e014f6c066552a624c579a6a2b7962ca233f0a4d521,130371,7,hardlink,4a71146a802762603f809e014f6c066552a624c579a6a2b7962ca233f0a4d521,acquisition,
2144,originals/vosh/2013/VsOSh_2013_Q1-5__6538976efa927824.pdf,files/vosh/2013/VsOSh_2013_Q1-5__6538976efa927824.pdf,6538976efa927824200e0cbb33ff4e72bcf7dc8e0eeafe9ab4c97dfb0a94f69b,167432,2,hardlink,6538976efa927824200e0cbb33ff4e72bcf7dc8e0eeafe9ab4c97dfb0a94f69b,acquisition,
2145,originals/vosh/2012/VsOSh_2012_Q1-5__5800b1e16a6eef92.pdf,files/vosh/2012/VsOSh_2012_Q1-5__5800b1e16a6eef92.pdf,5800b1e16a6eef92efda1aac64564c02159a6bdab4e26e3d9f0b555a9a2b8834,90864,2,hardlink,5800b1e16a6eef92efda1aac64564c02159a6bdab4e26e3d9f0b555a9a2b8834,acquisition,
2146,originals/vosh/2013/VsOSh_2013_S1-5__0c3fb3c662b89d46.pdf,files/vosh/2013/VsOSh_2013_S1-5__0c3fb3c662b89d46.pdf,0c3fb3c662b89d46295bca6e7054c29332396236cc2b2bcc72443dd48ec6fdba,168223,4,hardlink,0c3fb3c662b89d46295bca6e7054c29332396236cc2b2bcc72443dd48ec6fdba,acquisition,
2147,originals/vosh/2011/VsOSh_2011_Q1-5__c22a40b45751d057.pdf,files/vosh/2011/VsOSh_2011_Q1-5__c22a40b45751d057.pdf,c22a40b45751d057ab40124d81ada6ca6d887096a0014463a51c53f1ed685e7a,122591,2,hardlink,c22a40b45751d057ab40124d81ada6ca6d887096a0014463a51c53f1ed685e7a,acquisition,
2148,originals/vosh/2012/VsOSh_2012_S1-5__6c5c6557d565b97d.pdf,files/vosh/2012/VsOSh_2012_S1-5__6c5c6557d565b97d.pdf,6c5c6557d565b97d86ace5ff317f7901171cf225de78f21ce84823560fc940f3,115825,4,hardlink,6c5c6557d565b97d86ace5ff317f7901171cf225de78f21ce84823560fc940f3,acquisition,
2149,originals/vosh/2011/VsOSh_2011_S1-5__e7c05113d8b7186b.pdf,files/vosh/2011/VsOSh_2011_S1-5__e7c05113d8b7186b.pdf,e7c05113d8b7186b489cf40bae5970964474f25058a71c23b10a6fee04253988,142355,4,hardlink,e7c05113d8b7186b489cf40bae5970964474f25058a71c23b10a6fee04253988,acquisition,
215,originals/ipho/2017/IPhO_2017_Q3__23dab6c537a90073.pdf,files/ipho/2017/IPhO_2017_Q3__23dab6c537a90073.pdf,23dab6c537a9007370eba4f67c31c715c71f2aaa856716b7a3fdee357b543e61,2218518,5,hardlink,23dab6c537a9007370eba4f67c31c715c71f2aaa856716b7a3fdee357b543e61,acquisition,
2150,originals/vosh/2010/VsOSh_2010_Q1-5__d9cf135cac3a5a5d.pdf,files/vosh/2010/VsOSh_2010_Q1-5__d9cf135cac3a5a5d.pdf,d9cf135cac3a5a5db6bebd3197b11b2de0b038995797088883fc92e915d4cf5a,164217,2,hardlink,d9cf135cac3a5a5db6bebd3197b11b2de0b038995797088883fc92e915d4cf5a,acquisition,
2151,originals/rutst/2026/RuTST_2026_X_Q1__8596b28c6ba19f8e.pdf,files/rutst/2026/RuTST_2026_X_Q1__8596b28c6ba19f8e.pdf,8596b28c6ba19f8ee090fe97b58a8652385ee3388f785afb73fc8955d1d63caf,141035,4,hardlink,8596b28c6ba19f8ee090fe97b58a8652385ee3388f785afb73fc8955d1d63caf,acquisition,
2152,originals/vosh/2010/VsOSh_2010_S1-5__bc04066cc6aca9dc.pdf,files/vosh/2010/VsOSh_2010_S1-5__bc04066cc6aca9dc.pdf,bc04066cc6aca9dcfc8a4731d62b47e33aa3cd474ffd5fe28ff06db13c5367c9,304085,3,hardlink,bc04066cc6aca9dcfc8a4731d62b47e33aa3cd474ffd5fe28ff06db13c5367c9,acquisition,
2153,originals/rutst/2026/RuTST_2026_X_S1__6de610279c1b76cf.pdf,files/rutst/2026/RuTST_2026_X_S1__6de610279c1b76cf.pdf,6de610279c1b76cfbc56b8c690c7810ab2fc62b761a2202dade1657cb1e4a531,167278,7,hardlink,6de610279c1b76cfbc56b8c690c7810ab2fc62b761a2202dade1657cb1e4a531,acquisition,
2154,originals/rutst/2026/RuTST_2026_X_Q2__1073c35d68873615.pdf,files/rutst/2026/RuTST_2026_X_Q2__1073c35d68873615.pdf,1073c35d688736152b2254bd1bb2f3b8817e58e96517f312c6b6c86d63600f8f,140399,4,hardlink,1073c35d688736152b2254bd1bb2f3b8817e58e96517f312c6b6c86d63600f8f,acquisition,
2155,originals/rutst/2026/RuTST_2026_X_S2__f4f2e93fe9fd4c52.pdf,files/rutst/2026/RuTST_2026_X_S2__f4f2e93fe9fd4c52.pdf,f4f2e93fe9fd4c520206ff44e56e1c0b96e7f423cc2df0fe51f011f9f1b4c625,199290,8,hardlink,f4f2e93fe9fd4c520206ff44e56e1c0b96e7f423cc2df0fe51f011f9f1b4c625,acquisition,
2156,originals/rutst/2026/RuTST_2026_X_Q3__18df8ec17add66ef.pdf,files/rutst/2026/RuTST_2026_X_Q3__18df8ec17add66ef.pdf,18df8ec17add66ef1fc471677deb127f81c4943eba734cadd0c590a51858333d,111189,3,hardlink,18df8ec17add66ef1fc471677deb127f81c4943eba734cadd0c590a51858333d,acquisition,
2157,originals/rutst/2026/RuTST_2026_X_S3__6d0451ade752335c.pdf,files/rutst/2026/RuTST_2026_X_S3__6d0451ade752335c.pdf,6d0451ade752335cd475758190a0a90825121c4587bd0e2e570d0d04833a60cc,1807658,9,hardlink,6d0451ade752335cd475758190a0a90825121c4587bd0e2e570d0d04833a60cc,acquisition,
2158,originals/rutst/2026/RuTST_2026_X_Q4__ddaae95f87bdeae1.pdf,files/rutst/2026/RuTST_2026_X_Q4__ddaae95f87bdeae1.pdf,ddaae95f87bdeae1a898de38e82ca87f1543934483af0bcd4097c68a0c438e27,215568,6,hardlink,ddaae95f87bdeae1a898de38e82ca87f1543934483af0bcd4097c68a0c438e27,acquisition,
2159,originals/rutst/2026/RuTST_2026_X_S4__8ec5920162bbc199.pdf,files/rutst/2026/RuTST_2026_X_S4__8ec5920162bbc199.pdf,8ec5920162bbc1996873baa3c6477de97c8995c557bcfd96de746697dfba9503,197378,8,hardlink,8ec5920162bbc1996873baa3c6477de97c8995c557bcfd96de746697dfba9503,acquisition,
216,originals/ipho/2017/IPhO_2017_A3__2e612a0c985a4ef6.pdf,files/ipho/2017/IPhO_2017_A3__2e612a0c985a4ef6.pdf,2e612a0c985a4ef6bdb9c4e6ebac1e1f3beabf170d5b60774a867c52d5f6a554,1027839,4,hardlink,2e612a0c985a4ef6bdb9c4e6ebac1e1f3beabf170d5b60774a867c52d5f6a554,acquisition,
2160,originals/rutst/2026/RuTST_2026_X_Q5__20b3becd8c07941f.pdf,files/rutst/2026/RuTST_2026_X_Q5__20b3becd8c07941f.pdf,20b3becd8c07941fa64fee2d0ee1975eaffd858b7741c40361f4377a7c252758,561806,6,hardlink,20b3becd8c07941fa64fee2d0ee1975eaffd858b7741c40361f4377a7c252758,acquisition,
2161,originals/rutst/2026/RuTST_2026_X_S5__990b1e0e416b3784.pdf,files/rutst/2026/RuTST_2026_X_S5__990b1e0e416b3784.pdf,990b1e0e416b3784ad3e370cce90a1b5af9528a66f1ab5b8002330e7570334b3,178696,6,hardlink,990b1e0e416b3784ad3e370cce90a1b5af9528a66f1ab5b8002330e7570334b3,acquisition,
2162,originals/rutst/2026/RuTST_2026_X_S6__434d6c5ce553da03.pdf,files/rutst/2026/RuTST_2026_X_S6__434d6c5ce553da03.pdf,434d6c5ce553da037eea507f09a816fd9ec3f8597c3a0ab8d97d2815f2987d43,545225,9,hardlink,434d6c5ce553da037eea507f09a816fd9ec3f8597c3a0ab8d97d2815f2987d43,acquisition,
2163,originals/rutst/2026/RuTST_2026_X_Q6__90f719c5ba5324a2.pdf,files/rutst/2026/RuTST_2026_X_Q6__90f719c5ba5324a2.pdf,90f719c5ba5324a253eb8bd443e0fe17d5766b534c21327fea9fb07059debbc9,8239043,9,hardlink,90f719c5ba5324a253eb8bd443e0fe17d5766b534c21327fea9fb07059debbc9,acquisition,
2164,originals/rutst/2026/RuTST_2026_X_Q7__6de970c0efde5a3f.pdf,files/rutst/2026/RuTST_2026_X_Q7__6de970c0efde5a3f.pdf,6de970c0efde5a3fc45f383b97f006b35f8197d2f4cd93d20bc41be1287df3bf,4367249,5,hardlink,6de970c0efde5a3fc45f383b97f006b35f8197d2f4cd93d20bc41be1287df3bf,acquisition,
2165,originals/rutst/2026/RuTST_2026_X_S7__ce6a2fc64800b599.pdf,files/rutst/2026/RuTST_2026_X_S7__ce6a2fc64800b599.pdf,ce6a2fc64800b599c5b7117ad62c7b91caf19f08a66091b86d3a167f3301f6d4,1440506,7,hardlink,ce6a2fc64800b599c5b7117ad62c7b91caf19f08a66091b86d3a167f3301f6d4,acquisition,
2166,originals/rutst/2026/RuTST_2026_Y_S1__89054733d4622b11.pdf,files/rutst/2026/RuTST_2026_Y_S1__89054733d4622b11.pdf,89054733d4622b11c1ccce3600ca9fcdfa05743eea47d9ba114991900fdd7ca3,176212,5,hardlink,89054733d4622b11c1ccce3600ca9fcdfa05743eea47d9ba114991900fdd7ca3,acquisition,
2167,originals/rutst/2026/RuTST_2026_Y_Q1__4e760295b239d2ad.pdf,files/rutst/2026/RuTST_2026_Y_Q1__4e760295b239d2ad.pdf,4e760295b239d2adf4ba8352cef352ad11698730e91d7730e998ecd03d24fa40,133856,4,hardlink,4e760295b239d2adf4ba8352cef352ad11698730e91d7730e998ecd03d24fa40,acquisition,
2168,originals/rutst/2026/RuTST_2026_Y_Q2__de54921276fd162b.pdf,files/rutst/2026/RuTST_2026_Y_Q2__de54921276fd162b.pdf,de54921276fd162b6c0f2c72ae644eb8a0aa6633123d7bd52a9fa4e135af61f7,182818,5,hardlink,de54921276fd162b6c0f2c72ae644eb8a0aa6633123d7bd52a9fa4e135af61f7,acquisition,
2169,originals/rutst/2026/RuTST_2026_Y_S2__360eb29807eb60a0.pdf,files/rutst/2026/RuTST_2026_Y_S2__360eb29807eb60a0.pdf,360eb29807eb60a03b423e969e8c1c3aec894fde7f096ca422f4fd3f21db0ce2,238688,8,hardlink,360eb29807eb60a03b423e969e8c1c3aec894fde7f096ca422f4fd3f21db0ce2,acquisition,
217,originals/ipho/2017/IPhO_2017_A2__6fdd836ad203940a.pdf,files/ipho/2017/IPhO_2017_A2__6fdd836ad203940a.pdf,6fdd836ad203940a5a10c5048def3cdb7ce995f8713ad6eaa3b460cc56d500b7,1000537,4,hardlink,6fdd836ad203940a5a10c5048def3cdb7ce995f8713ad6eaa3b460cc56d500b7,acquisition,
2172,originals/rutst/2026/RuTST_2026_Y_Q4__2870e1bffce29f48.pdf,files/rutst/2026/RuTST_2026_Y_Q4__2870e1bffce29f48.pdf,2870e1bffce29f487e8d53f455edecce73e684ceee81b0b5eab95543f5909d17,359559,5,hardlink,2870e1bffce29f487e8d53f455edecce73e684ceee81b0b5eab95543f5909d17,acquisition,
2173,originals/rutst/2026/RuTST_2026_Y_S4__b167459e8de7edcc.pdf,files/rutst/2026/RuTST_2026_Y_S4__b167459e8de7edcc.pdf,b167459e8de7edcc60ac13359ca68f588afcea72314e31c5916069026c9b2cdb,180391,6,hardlink,b167459e8de7edcc60ac13359ca68f588afcea72314e31c5916069026c9b2cdb,acquisition,
2174,originals/rutst/2026/RuTST_2026_Y_Q5__5184697200ef3676.pdf,files/rutst/2026/RuTST_2026_Y_Q5__5184697200ef3676.pdf,5184697200ef3676aa0cff0c8262124e8ae31357a990b31bfb2e4737822d7ef3,155807,4,hardlink,5184697200ef3676aa0cff0c8262124e8ae31357a990b31bfb2e4737822d7ef3,acquisition,
2175,originals/rutst/2026/RuTST_2026_Y_S5__8cce702c38bd4275.pdf,files/rutst/2026/RuTST_2026_Y_S5__8cce702c38bd4275.pdf,8cce702c38bd4275e561ff9ace3750af6c067c7a1177a7354c3095d4c9b2f835,186641,6,hardlink,8cce702c38bd4275e561ff9ace3750af6c067c7a1177a7354c3095d4c9b2f835,acquisition,
2176,originals/rutst/2026/RuTST_2026_Y_Q6__d904cdc4fccacc54.pdf,files/rutst/2026/RuTST_2026_Y_Q6__d904cdc4fccacc54.pdf,d904cdc4fccacc54fe240153ddaf444fbb13be69c21fac8d761e0f2c49e3e254,194989,5,hardlink,d904cdc4fccacc54fe240153ddaf444fbb13be69c21fac8d761e0f2c49e3e254,acquisition,
2177,originals/rutst/2026/RuTST_2026_Y_Q7__f7e6612c906755ae.pdf,files/rutst/2026/RuTST_2026_Y_Q7__f7e6612c906755ae.pdf,f7e6612c906755aee64d25b53cf8ba40cd1f58a53d292a715b0c421fa6827615,3346877,5,hardlink,f7e6612c906755aee64d25b53cf8ba40cd1f58a53d292a715b0c421fa6827615,acquisition,
2178,originals/rutst/2026/RuTST_2026_Y_S6__4f047a96fe29ebd6.pdf,files/rutst/2026/RuTST_2026_Y_S6__4f047a96fe29ebd6.pdf,4f047a96fe29ebd607e246f7ebf831337559226456f601bf0a6c0aaf9b83056c,272860,5,hardlink,4f047a96fe29ebd607e246f7ebf831337559226456f601bf0a6c0aaf9b83056c,acquisition,
2179,originals/rutst/2026/RuTST_2026_Y_Q8__c73a182a1a5cac72.pdf,files/rutst/2026/RuTST_2026_Y_Q8__c73a182a1a5cac72.pdf,c73a182a1a5cac72f2c37c727e9ebfae993336b6ef173edd8b0ee18bcc294569,1072298,4,hardlink,c73a182a1a5cac72f2c37c727e9ebfae993336b6ef173edd8b0ee18bcc294569,acquisition,
218,originals/ipho/2017/IPhO_2017_S3__a1d8218781278d86.pdf,files/ipho/2017/IPhO_2017_S3__a1d8218781278d86.pdf,a1d8218781278d86d74490b63b8ec49b22eba61475b1a7d746b7c3ad1afd90d5,13678651,10,hardlink,a1d8218781278d86d74490b63b8ec49b22eba61475b1a7d746b7c3ad1afd90d5,acquisition,
2180,originals/rutst/2026/RuTST_2026_Y_S7__a0b3d90a48b9fcef.pdf,files/rutst/2026/RuTST_2026_Y_S7__a0b3d90a48b9fcef.pdf,a0b3d90a48b9fcef8e88f967bf4f75be37996e387f760fd845b44b457de41dcd,523436,6,hardlink,a0b3d90a48b9fcef8e88f967bf4f75be37996e387f760fd845b44b457de41dcd,acquisition,
2181,originals/rutst/2026/RuTST_2026_Y_S8__5d2f5335ed2b0d70.pdf,files/rutst/2026/RuTST_2026_Y_S8__5d2f5335ed2b0d70.pdf,5d2f5335ed2b0d70f17e6521f361518a36aefb33c10f6087d2ead0c44b622d63,477518,5,hardlink,5d2f5335ed2b0d70f17e6521f361518a36aefb33c10f6087d2ead0c44b622d63,acquisition,
2182,originals/rutst/2026/RuTST_2026_W_Q1__8845f09a00ebdeed.pdf,files/rutst/2026/RuTST_2026_W_Q1__8845f09a00ebdeed.pdf,8845f09a00ebdeed83227db17bc4f37b27a00522cc52a0bcd2da558d9f9608dd,124182,2,hardlink,8845f09a00ebdeed83227db17bc4f37b27a00522cc52a0bcd2da558d9f9608dd,acquisition,
2183,originals/rutst/2026/RuTST_2026_W_Q2__4a8d9cd60501ad1f.pdf,files/rutst/2026/RuTST_2026_W_Q2__4a8d9cd60501ad1f.pdf,4a8d9cd60501ad1ff71d83e55f1f8a5da65976a1f8818abf7f669761e516e4dc,134882,2,hardlink,4a8d9cd60501ad1ff71d83e55f1f8a5da65976a1f8818abf7f669761e516e4dc,acquisition,
2184,originals/rutst/2026/RuTST_2026_W_S1__5cbdfbe4d811f036.pdf,files/rutst/2026/RuTST_2026_W_S1__5cbdfbe4d811f036.pdf,5cbdfbe4d811f0360ff1617b362091c51543ae31f53a9377758008c473781d60,120743,5,hardlink,5cbdfbe4d811f0360ff1617b362091c51543ae31f53a9377758008c473781d60,acquisition,
2185,originals/rutst/2026/RuTST_2026_W_S2__389eedc4db91ce6d.pdf,files/rutst/2026/RuTST_2026_W_S2__389eedc4db91ce6d.pdf,389eedc4db91ce6decd2bec14e4475cb05b2553134507327d8f69bba0549b489,199632,6,hardlink,389eedc4db91ce6decd2bec14e4475cb05b2553134507327d8f69bba0549b489,acquisition,
2186,originals/rutst/2026/RuTST_2026_W_Q3__74ecc6199b573b9a.pdf,files/rutst/2026/RuTST_2026_W_Q3__74ecc6199b573b9a.pdf,74ecc6199b573b9ab9ac4ecddf7cc1bee70e8fffb752180840f3f62a4c6be929,153943,3,hardlink,74ecc6199b573b9ab9ac4ecddf7cc1bee70e8fffb752180840f3f62a4c6be929,acquisition,
2187,originals/rutst/2026/RuTST_2026_W_S3__283d5eec50d3ee4c.pdf,files/rutst/2026/RuTST_2026_W_S3__283d5eec50d3ee4c.pdf,283d5eec50d3ee4ca10d6b22a2bf6ed31a5b6f682470791508ee819fe26cfd04,352493,7,hardlink,283d5eec50d3ee4ca10d6b22a2bf6ed31a5b6f682470791508ee819fe26cfd04,acquisition,
2188,originals/rutst/2026/RuTST_2026_W_A3__72f0e77accc3171c.pdf,files/rutst/2026/RuTST_2026_W_A3__72f0e77accc3171c.pdf,72f0e77accc3171c8d2a13c9d603d1a93b51f0989c440091e92833c28076ef13,119487,6,hardlink,72f0e77accc3171c8d2a13c9d603d1a93b51f0989c440091e92833c28076ef13,acquisition,
2189,originals/rutst/2026/RuTST_2026_W_Q4__d6824db4209e4c8d.pdf,files/rutst/2026/RuTST_2026_W_Q4__d6824db4209e4c8d.pdf,d6824db4209e4c8d1fe5411e56e062274219fce6a5c8d4b49a5c6f37ca885e64,198808,4,hardlink,d6824db4209e4c8d1fe5411e56e062274219fce6a5c8d4b49a5c6f37ca885e64,acquisition,
219,originals/ipho/2017/IPhO_2017_S4__0ebea7c0667d2cec.pdf,files/ipho/2017/IPhO_2017_S4__0ebea7c0667d2cec.pdf,0ebea7c0667d2cec94cb0abe4b2412cf47839c556ef0406d6790fab0959df684,1636295,19,hardlink,0ebea7c0667d2cec94cb0abe4b2412cf47839c556ef0406d6790fab0959df684,acquisition,
2190,originals/rutst/2026/RuTST_2026_W_S4__3912626b4409e453.pdf,files/rutst/2026/RuTST_2026_W_S4__3912626b4409e453.pdf,3912626b4409e453130769aebfa1bbbeb6d6ded793d49a55a13c02cce38b8ba4,414298,10,hardlink,3912626b4409e453130769aebfa1bbbeb6d6ded793d49a55a13c02cce38b8ba4,acquisition,
2191,originals/rutst/2026/RuTST_2026_W_A4__afeebef4b647c1be.pdf,files/rutst/2026/RuTST_2026_W_A4__afeebef4b647c1be.pdf,afeebef4b647c1be8cf4edffe46618586f5afd2cc64414659913c271ca54b984,133451,9,hardlink,afeebef4b647c1be8cf4edffe46618586f5afd2cc64414659913c271ca54b984,acquisition,
2192,originals/rutst/2025/RuTST_2025_X_Q1__80c5c432e0f06e87.pdf,files/rutst/2025/RuTST_2025_X_Q1__80c5c432e0f06e87.pdf,80c5c432e0f06e87d020ec18bc69969aefee87351b98805a67231123417b7761,164591,4,hardlink,80c5c432e0f06e87d020ec18bc69969aefee87351b98805a67231123417b7761,acquisition,
2193,originals/rutst/2025/RuTST_2025_X_S1__f549ad4781557bf5.pdf,files/rutst/2025/RuTST_2025_X_S1__f549ad4781557bf5.pdf,f549ad4781557bf57a526ffbf4ed83283204ba9382bfa1cdaecb5954c28525c5,217390,9,hardlink,f549ad4781557bf57a526ffbf4ed83283204ba9382bfa1cdaecb5954c28525c5,acquisition,
2194,originals/rutst/2025/RuTST_2025_X_Q2__043970a542de707d.pdf,files/rutst/2025/RuTST_2025_X_Q2__043970a542de707d.pdf,043970a542de707d0939fc9e16c3031aa5cd4dda01e9e48250332b3466fb6f37,184775,5,hardlink,043970a542de707d0939fc9e16c3031aa5cd4dda01e9e48250332b3466fb6f37,acquisition,
2195,originals/rutst/2025/RuTST_2025_X_S2__3424c4e914524031.pdf,files/rutst/2025/RuTST_2025_X_S2__3424c4e914524031.pdf,3424c4e914524031e6765c7066d6422add323f51fd924d99f635ca0a1b82fc73,307669,9,hardlink,3424c4e914524031e6765c7066d6422add323f51fd924d99f635ca0a1b82fc73,acquisition,
2196,originals/rutst/2025/RuTST_2025_X_Q3__4689bb4b4d22cfbf.pdf,files/rutst/2025/RuTST_2025_X_Q3__4689bb4b4d22cfbf.pdf,4689bb4b4d22cfbf5f3de4a1d03555d17673ec2508ba6dda21f225a92f7df315,145787,2,hardlink,4689bb4b4d22cfbf5f3de4a1d03555d17673ec2508ba6dda21f225a92f7df315,acquisition,
2197,originals/rutst/2025/RuTST_2025_X_S3__6c8767c5b745d5e0.pdf,files/rutst/2025/RuTST_2025_X_S3__6c8767c5b745d5e0.pdf,6c8767c5b745d5e01b103642b07692de6d8e8f93489744963300fee3c82d3837,186116,6,hardlink,6c8767c5b745d5e01b103642b07692de6d8e8f93489744963300fee3c82d3837,acquisition,
2198,originals/rutst/2025/RuTST_2025_X_Q4__3fd9ca4f716f6749.pdf,files/rutst/2025/RuTST_2025_X_Q4__3fd9ca4f716f6749.pdf,3fd9ca4f716f67496ed64d90f3e8f1a5658706d824e71c1564c0480f4a31b650,1185183,6,hardlink,3fd9ca4f716f67496ed64d90f3e8f1a5658706d824e71c1564c0480f4a31b650,acquisition,
2199,originals/rutst/2025/RuTST_2025_X_S4__91c84dd2afeb880a.pdf,files/rutst/2025/RuTST_2025_X_S4__91c84dd2afeb880a.pdf,91c84dd2afeb880a2ec08a9c9cb3956eb3702b23edfea88b0de6ab7aeed7c93f,229368,7,hardlink,91c84dd2afeb880a2ec08a9c9cb3956eb3702b23edfea88b0de6ab7aeed7c93f,acquisition,
22,originals/ipho/2026/2026-3__766f96f12ffe9beb.tex,files/ipho/2026/2026-3__766f96f12ffe9beb.tex,766f96f12ffe9beb28505b98192933a828470a37db971057abaab1f9ea49d290,7453,,hardlink,766f96f12ffe9beb28505b98192933a828470a37db971057abaab1f9ea49d290,acquisition,
220,originals/ipho/2017/IPhO_2017_Q4__7f56233ce9ebabbd.pdf,files/ipho/2017/IPhO_2017_Q4__7f56233ce9ebabbd.pdf,7f56233ce9ebabbd3178d45683ddf3e859de9bb992727557a5f2a26b14ab48ce,2630700,8,hardlink,7f56233ce9ebabbd3178d45683ddf3e859de9bb992727557a5f2a26b14ab48ce,acquisition,
2200,originals/rutst/2025/RuTST_2025_X_Q5__774171c4c3a0cb37.pdf,files/rutst/2025/RuTST_2025_X_Q5__774171c4c3a0cb37.pdf,774171c4c3a0cb37749bdb7d6640b03c48965b86510dcfdb6934e6932f228193,1896332,5,hardlink,774171c4c3a0cb37749bdb7d6640b03c48965b86510dcfdb6934e6932f228193,acquisition,
2201,originals/rutst/2025/RuTST_2025_X_S5__4feeaf6e3fe44feb.pdf,files/rutst/2025/RuTST_2025_X_S5__4feeaf6e3fe44feb.pdf,4feeaf6e3fe44feb3806d45102873a2e0bccbd020fbbabbdb5926acdea26a8f6,175800,5,hardlink,4feeaf6e3fe44feb3806d45102873a2e0bccbd020fbbabbdb5926acdea26a8f6,acquisition,
2202,originals/rutst/2025/RuTST_2025_X_Q6__097f14268937b596.pdf,files/rutst/2025/RuTST_2025_X_Q6__097f14268937b596.pdf,097f14268937b5961a738ebfad03aed783409a6c0fe8b05273f06735e47335a7,175862,6,hardlink,097f14268937b5961a738ebfad03aed783409a6c0fe8b05273f06735e47335a7,acquisition,
2203,originals/rutst/2025/RuTST_2025_X_S6__ce5c583ba90addff.pdf,files/rutst/2025/RuTST_2025_X_S6__ce5c583ba90addff.pdf,ce5c583ba90addff5df85689b37e2e03d15c2158e27b636a28d66448a7da41e1,729266,12,hardlink,ce5c583ba90addff5df85689b37e2e03d15c2158e27b636a28d66448a7da41e1,acquisition,
2204,originals/rutst/2025/RuTST_2025_X_S7__dabb6a12896130a6.pdf,files/rutst/2025/RuTST_2025_X_S7__dabb6a12896130a6.pdf,dabb6a12896130a6a9dfe7f7aa0549242d02b38d549494e0e4f80e9696db8015,873669,7,hardlink,dabb6a12896130a6a9dfe7f7aa0549242d02b38d549494e0e4f80e9696db8015,acquisition,
2205,originals/rutst/2025/RuTST_2025_X_Q7__0657d1f1414d4eae.pdf,files/rutst/2025/RuTST_2025_X_Q7__0657d1f1414d4eae.pdf,0657d1f1414d4eae0b2225f3bb141ed414a9b04c9ea9eeaf295bc14a452eb57b,7514459,5,hardlink,0657d1f1414d4eae0b2225f3bb141ed414a9b04c9ea9eeaf295bc14a452eb57b,acquisition,
2206,originals/rutst/2025/RuTST_2025_X_Q8__2f0c632b3948709a.pdf,files/rutst/2025/RuTST_2025_X_Q8__2f0c632b3948709a.pdf,2f0c632b3948709abecf2dd333af6f0d6e74e680204f5dffade68fcb9933e097,1238509,5,hardlink,2f0c632b3948709abecf2dd333af6f0d6e74e680204f5dffade68fcb9933e097,acquisition,
2207,originals/rutst/2025/RuTST_2025_X_S8__3987b5aa3c303e54.pdf,files/rutst/2025/RuTST_2025_X_S8__3987b5aa3c303e54.pdf,3987b5aa3c303e54a56a7e2a42e25d32baa4bcd063d1faf894843cb8f2e4616a,370031,6,hardlink,3987b5aa3c303e54a56a7e2a42e25d32baa4bcd063d1faf894843cb8f2e4616a,acquisition,
2208,originals/rutst/2025/RuTST_2025_Y_Q1__de7ae8ebb2cce1ab.pdf,files/rutst/2025/RuTST_2025_Y_Q1__de7ae8ebb2cce1ab.pdf,de7ae8ebb2cce1ab14b1a9ada4d19c6d32c81ebb4019b9cf76f3251739b267e0,179439,2,hardlink,de7ae8ebb2cce1ab14b1a9ada4d19c6d32c81ebb4019b9cf76f3251739b267e0,acquisition,
2209,originals/rutst/2025/RuTST_2025_Y_S1__76b297cf1a0c4a01.pdf,files/rutst/2025/RuTST_2025_Y_S1__76b297cf1a0c4a01.pdf,76b297cf1a0c4a016a956250e8e78516af77740bcdff353c853220d88022e5c1,167859,6,hardlink,76b297cf1a0c4a016a956250e8e78516af77740bcdff353c853220d88022e5c1,acquisition,
221,originals/ipho/2017/IPhO_2017_S5__46d0d2fc1b737b0b.pdf,files/ipho/2017/IPhO_2017_S5__46d0d2fc1b737b0b.pdf,46d0d2fc1b737b0b7baf87656ac2a1c983e3471b185fcb8dc12e1370852cb92a,1222018,7,hardlink,46d0d2fc1b737b0b7baf87656ac2a1c983e3471b185fcb8dc12e1370852cb92a,acquisition,
2210,originals/rutst/2025/RuTST_2025_Y_Q2__3ee8b9ae554d1276.pdf,files/rutst/2025/RuTST_2025_Y_Q2__3ee8b9ae554d1276.pdf,3ee8b9ae554d12762c5b4825608b5f45c3d936f7873649292d4982e602d695e3,211603,3,hardlink,3ee8b9ae554d12762c5b4825608b5f45c3d936f7873649292d4982e602d695e3,acquisition,
2211,originals/rutst/2025/RuTST_2025_Y_S2__d20d837c51e8cb34.pdf,files/rutst/2025/RuTST_2025_Y_S2__d20d837c51e8cb34.pdf,d20d837c51e8cb340ff456bed40b410cf36ea3b261729a1cc515f2560bf43071,238281,9,hardlink,d20d837c51e8cb340ff456bed40b410cf36ea3b261729a1cc515f2560bf43071,acquisition,
2212,originals/rutst/2025/RuTST_2025_Y_Q3__be5e2df445165b57.pdf,files/rutst/2025/RuTST_2025_Y_Q3__be5e2df445165b57.pdf,be5e2df445165b57cf65ee60cee05bf9b780fbce8b19d7132df03e42dd3b4223,149443,3,hardlink,be5e2df445165b57cf65ee60cee05bf9b780fbce8b19d7132df03e42dd3b4223,acquisition,
2213,originals/rutst/2025/RuTST_2025_Y_S3__e17470ab768e54c1.pdf,files/rutst/2025/RuTST_2025_Y_S3__e17470ab768e54c1.pdf,e17470ab768e54c108f0ddf6290a11ce7768f687f19489befff3bc4e7a7983d8,288740,9,hardlink,e17470ab768e54c108f0ddf6290a11ce7768f687f19489befff3bc4e7a7983d8,acquisition,
2216,originals/rutst/2025/RuTST_2025_Y_Q5__9b9b3644d67ba28d.pdf,files/rutst/2025/RuTST_2025_Y_Q5__9b9b3644d67ba28d.pdf,9b9b3644d67ba28d4f6a2eaca53b368b7217b0d7bd01ff431380ab5a5e6e8a33,233404,6,hardlink,9b9b3644d67ba28d4f6a2eaca53b368b7217b0d7bd01ff431380ab5a5e6e8a33,acquisition,
2217,originals/rutst/2025/RuTST_2025_Y_S5__724460790476bb68.pdf,files/rutst/2025/RuTST_2025_Y_S5__724460790476bb68.pdf,724460790476bb68360ce25f860389e6776a13fd2e41a65666f35159aaa3f2bd,175721,5,hardlink,724460790476bb68360ce25f860389e6776a13fd2e41a65666f35159aaa3f2bd,acquisition,
2218,originals/rutst/2025/RuTST_2025_Y_Q6__473e67784729079b.pdf,files/rutst/2025/RuTST_2025_Y_Q6__473e67784729079b.pdf,473e67784729079b97e738b92abc686b35e70e96162a36626eff0fbbf92ca0b6,241750,5,hardlink,473e67784729079b97e738b92abc686b35e70e96162a36626eff0fbbf92ca0b6,acquisition,
2219,originals/rutst/2025/RuTST_2025_Y_S6__e9c84e550fac38da.pdf,files/rutst/2025/RuTST_2025_Y_S6__e9c84e550fac38da.pdf,e9c84e550fac38da71b4c7e20c947c455f13ec10acb4d2f660ef9ff221b40590,305530,8,hardlink,e9c84e550fac38da71b4c7e20c947c455f13ec10acb4d2f660ef9ff221b40590,acquisition,
222,originals/ipho/2017/IPhO_2017_A4__52de13deda930125.pdf,files/ipho/2017/IPhO_2017_A4__52de13deda930125.pdf,52de13deda930125c00014f2190f76eb5f3117daff2102b07fda23b706e7dee6,2195525,15,hardlink,52de13deda930125c00014f2190f76eb5f3117daff2102b07fda23b706e7dee6,acquisition,
2220,originals/rutst/2025/RuTST_2025_Y_Q7__0c06667abe18ca6e.pdf,files/rutst/2025/RuTST_2025_Y_Q7__0c06667abe18ca6e.pdf,0c06667abe18ca6ebda92aa08216491d4ed727071f771d0e34996799f640642e,4788573,4,hardlink,0c06667abe18ca6ebda92aa08216491d4ed727071f771d0e34996799f640642e,acquisition,
2221,originals/rutst/2025/RuTST_2025_Y_S7__d7d4788dd51d3993.pdf,files/rutst/2025/RuTST_2025_Y_S7__d7d4788dd51d3993.pdf,d7d4788dd51d3993dead590afb3134010683e7f0538661fdc71fca284b836b3b,564991,4,hardlink,d7d4788dd51d3993dead590afb3134010683e7f0538661fdc71fca284b836b3b,acquisition,
2222,originals/rutst/2025/RuTST_2025_Y_S8__ec6a65f709b50ef7.pdf,files/rutst/2025/RuTST_2025_Y_S8__ec6a65f709b50ef7.pdf,ec6a65f709b50ef78c5c3ddcedfef8e191aaed22120a8cf9ba8d2f913da9675f,673808,6,hardlink,ec6a65f709b50ef78c5c3ddcedfef8e191aaed22120a8cf9ba8d2f913da9675f,acquisition,
2223,originals/rutst/2025/RuTST_2025_W_Q1__1666fc88f279de58.pdf,files/rutst/2025/RuTST_2025_W_Q1__1666fc88f279de58.pdf,1666fc88f279de58303a877d4e739a6fd3abc20b7cf98232a5405caadafc27a5,195756,2,hardlink,1666fc88f279de58303a877d4e739a6fd3abc20b7cf98232a5405caadafc27a5,acquisition,
2224,originals/rutst/2025/RuTST_2025_Y_Q8__f886ea2ce845151e.pdf,files/rutst/2025/RuTST_2025_Y_Q8__f886ea2ce845151e.pdf,f886ea2ce845151ec59a881c10ae429e33ed10428524f62dab853873a125456f,656179,5,hardlink,f886ea2ce845151ec59a881c10ae429e33ed10428524f62dab853873a125456f,acquisition,
2225,originals/rutst/2025/RuTST_2025_W_S1__8c0a2ba212352a87.pdf,files/rutst/2025/RuTST_2025_W_S1__8c0a2ba212352a87.pdf,8c0a2ba212352a8768a2fbddb7c1efe5dd4db96891c1d34097b2ef40634530e8,111196,4,hardlink,8c0a2ba212352a8768a2fbddb7c1efe5dd4db96891c1d34097b2ef40634530e8,acquisition,
2226,originals/rutst/2025/RuTST_2025_W_Q2__21353a33e482d9a9.pdf,files/rutst/2025/RuTST_2025_W_Q2__21353a33e482d9a9.pdf,21353a33e482d9a9fc67fbe8daa5ccfc16c413b22657b75c440eaaa7a19f57f4,126823,2,hardlink,21353a33e482d9a9fc67fbe8daa5ccfc16c413b22657b75c440eaaa7a19f57f4,acquisition,
2227,originals/rutst/2025/RuTST_2025_W_S2__8cfded03419008c1.pdf,files/rutst/2025/RuTST_2025_W_S2__8cfded03419008c1.pdf,8cfded03419008c1192db1ae9dc1250e8700a63f0676ae96e0f6699457fbe495,97488,3,hardlink,8cfded03419008c1192db1ae9dc1250e8700a63f0676ae96e0f6699457fbe495,acquisition,
2228,originals/rutst/2025/RuTST_2025_W_Q3__49ea7e1778297074.pdf,files/rutst/2025/RuTST_2025_W_Q3__49ea7e1778297074.pdf,49ea7e177829707475e5ee89e19d7d343a8e8b489699c5412483df6bd1552cc8,224264,2,hardlink,49ea7e177829707475e5ee89e19d7d343a8e8b489699c5412483df6bd1552cc8,acquisition,
2229,originals/rutst/2025/RuTST_2025_W_S3__364d68a61b5ca82c.pdf,files/rutst/2025/RuTST_2025_W_S3__364d68a61b5ca82c.pdf,364d68a61b5ca82c049fb8aff37695041509ef691b9759ed50ca2433d25edf83,150730,4,hardlink,364d68a61b5ca82c049fb8aff37695041509ef691b9759ed50ca2433d25edf83,acquisition,
2230,originals/rutst/2024/RuTST_2024_X_Q1__f2cd054dde5ddd30.pdf,files/rutst/2024/RuTST_2024_X_Q1__f2cd054dde5ddd30.pdf,f2cd054dde5ddd3001fc489989a4a3565e27f393aa987eb9511a0a2fb3248409,149309,3,hardlink,f2cd054dde5ddd3001fc489989a4a3565e27f393aa987eb9511a0a2fb3248409,acquisition,
2231,originals/rutst/2024/RuTST_2024_X_S1__e203fe788faf536e.pdf,files/rutst/2024/RuTST_2024_X_S1__e203fe788faf536e.pdf,e203fe788faf536e77c980ae880ec827616c5479bffa81e4b3b0cbb4708fdcab,135791,5,hardlink,e203fe788faf536e77c980ae880ec827616c5479bffa81e4b3b0cbb4708fdcab,acquisition,
2232,originals/rutst/2024/RuTST_2024_X_Q2__fe9d53f5871d6327.pdf,files/rutst/2024/RuTST_2024_X_Q2__fe9d53f5871d6327.pdf,fe9d53f5871d6327a79793e98484ac58e509a256973caa619ec77b94c43013e8,275979,5,hardlink,fe9d53f5871d6327a79793e98484ac58e509a256973caa619ec77b94c43013e8,acquisition,
2233,originals/rutst/2024/RuTST_2024_X_S2__f88859f14031ed98.pdf,files/rutst/2024/RuTST_2024_X_S2__f88859f14031ed98.pdf,f88859f14031ed986ea244988b1893400a598b293a9798677f91df0f22953b7a,200406,9,hardlink,f88859f14031ed986ea244988b1893400a598b293a9798677f91df0f22953b7a,acquisition,
2234,originals/rutst/2024/RuTST_2024_X_Q3__5ef43e3caa10cf99.pdf,files/rutst/2024/RuTST_2024_X_Q3__5ef43e3caa10cf99.pdf,5ef43e3caa10cf99df53511bf8b3c23e09b237bd36347b1fdacb1d3a354dc60d,151385,4,hardlink,5ef43e3caa10cf99df53511bf8b3c23e09b237bd36347b1fdacb1d3a354dc60d,acquisition,
2235,originals/rutst/2024/RuTST_2024_X_S3__cdebc4eb104f5189.pdf,files/rutst/2024/RuTST_2024_X_S3__cdebc4eb104f5189.pdf,cdebc4eb104f5189b0ecc5beef8884835df8a4ebe0c7175e9d6ca29f3cea0d31,179418,8,hardlink,cdebc4eb104f5189b0ecc5beef8884835df8a4ebe0c7175e9d6ca29f3cea0d31,acquisition,
2238,originals/rutst/2024/RuTST_2024_X_Q5__9d797f25ebe0a30e.pdf,files/rutst/2024/RuTST_2024_X_Q5__9d797f25ebe0a30e.pdf,9d797f25ebe0a30e8a52b7461449dd186ad4a2b71ce96e703daf35e62477d203,157278,4,hardlink,9d797f25ebe0a30e8a52b7461449dd186ad4a2b71ce96e703daf35e62477d203,acquisition,
2239,originals/rutst/2024/RuTST_2024_X_S5__770a6e0b624148ff.pdf,files/rutst/2024/RuTST_2024_X_S5__770a6e0b624148ff.pdf,770a6e0b624148ff93740bd386d5757d72004607ee552567038eaf684223344e,178409,6,hardlink,770a6e0b624148ff93740bd386d5757d72004607ee552567038eaf684223344e,acquisition,
224,originals/ipho/2017/IPhO_2017_Q5__bc75d85492335347.pdf,files/ipho/2017/IPhO_2017_Q5__bc75d85492335347.pdf,bc75d85492335347a6f97fd37248c1af890df86a51dccd415fc3ac3ca21619f9,4772825,11,hardlink,bc75d85492335347a6f97fd37248c1af890df86a51dccd415fc3ac3ca21619f9,acquisition,
2240,originals/rutst/2024/RuTST_2024_X_Q6__7ef7db531e061e71.pdf,files/rutst/2024/RuTST_2024_X_Q6__7ef7db531e061e71.pdf,7ef7db531e061e712df310455261a64fbd91c2702189a0efe0e0030623e2ae41,162530,5,hardlink,7ef7db531e061e712df310455261a64fbd91c2702189a0efe0e0030623e2ae41,acquisition,
2241,originals/rutst/2024/RuTST_2024_X_S6__3e29330d04d7f105.pdf,files/rutst/2024/RuTST_2024_X_S6__3e29330d04d7f105.pdf,3e29330d04d7f10514ed242407e89bd34f8315788bee4068d214c3e17f539257,177406,8,hardlink,3e29330d04d7f10514ed242407e89bd34f8315788bee4068d214c3e17f539257,acquisition,
2242,originals/rutst/2024/RuTST_2024_X_Q7__da008dcea9707694.pdf,files/rutst/2024/RuTST_2024_X_Q7__da008dcea9707694.pdf,da008dcea97076940b27a766c69280ec0718342186270922d753f6974da87601,4714718,7,hardlink,da008dcea97076940b27a766c69280ec0718342186270922d753f6974da87601,acquisition,
2243,originals/rutst/2024/RuTST_2024_X_Q8__a8c0181796c3f4c8.pdf,files/rutst/2024/RuTST_2024_X_Q8__a8c0181796c3f4c8.pdf,a8c0181796c3f4c801f38aaeb63456594708291342e1daabef78979910462f01,2651898,6,hardlink,a8c0181796c3f4c801f38aaeb63456594708291342e1daabef78979910462f01,acquisition,
2244,originals/rutst/2024/RuTST_2024_X_S8__d21b8e65600f76f1.pdf,files/rutst/2024/RuTST_2024_X_S8__d21b8e65600f76f1.pdf,d21b8e65600f76f1ec418cf69b79a9903891ef41a322e4c4656c92777b7a1c41,4448905,11,hardlink,d21b8e65600f76f1ec418cf69b79a9903891ef41a322e4c4656c92777b7a1c41,acquisition,
2245,originals/rutst/2024/RuTST_2024_X_S7__fb6ac28fcff3e5e9.pdf,files/rutst/2024/RuTST_2024_X_S7__fb6ac28fcff3e5e9.pdf,fb6ac28fcff3e5e92c5c324525f14598d16e39f6ef6f58f768f31d7241a61aca,18323741,11,hardlink,fb6ac28fcff3e5e92c5c324525f14598d16e39f6ef6f58f768f31d7241a61aca,acquisition,
2246,originals/rutst/2024/RuTST_2024_Y_Q1__ce2a6556a350b63c.pdf,files/rutst/2024/RuTST_2024_Y_Q1__ce2a6556a350b63c.pdf,ce2a6556a350b63c5c99c4649e2883d366e5143fed9cf531f88fa8adf1e00c81,200905,3,hardlink,ce2a6556a350b63c5c99c4649e2883d366e5143fed9cf531f88fa8adf1e00c81,acquisition,
2247,originals/rutst/2024/RuTST_2024_Y_S1__baa781f4e73e5231.pdf,files/rutst/2024/RuTST_2024_Y_S1__baa781f4e73e5231.pdf,baa781f4e73e5231a45f0dba7d16d4251d3907980658a28c20a4dbe7fa86150c,201105,8,hardlink,baa781f4e73e5231a45f0dba7d16d4251d3907980658a28c20a4dbe7fa86150c,acquisition,
2248,originals/rutst/2024/RuTST_2024_Y_Q2__0508b5cf8283b5e5.pdf,files/rutst/2024/RuTST_2024_Y_Q2__0508b5cf8283b5e5.pdf,0508b5cf8283b5e5f989056680002f9ebbad529446ca940a48928b09d2102dd9,226371,4,hardlink,0508b5cf8283b5e5f989056680002f9ebbad529446ca940a48928b09d2102dd9,acquisition,
2249,originals/rutst/2024/RuTST_2024_X_Q9__db280a2d1e154005.pdf,files/rutst/2024/RuTST_2024_X_Q9__db280a2d1e154005.pdf,db280a2d1e1540058fef9c247069132cda354ebe60a4179b317c981038a250eb,343370,4,hardlink,db280a2d1e1540058fef9c247069132cda354ebe60a4179b317c981038a250eb,acquisition,
225,originals/ipho/2017/IPhO_2017_A5__fefb7cbce5776232.pdf,files/ipho/2017/IPhO_2017_A5__fefb7cbce5776232.pdf,fefb7cbce5776232ff6ba6267abe013121213cef2c790c033ce55a86f1325516,2289627,8,hardlink,fefb7cbce5776232ff6ba6267abe013121213cef2c790c033ce55a86f1325516,acquisition,
2250,originals/rutst/2024/RuTST_2024_Y_S2__858e89635088aaf2.pdf,files/rutst/2024/RuTST_2024_Y_S2__858e89635088aaf2.pdf,858e89635088aaf2c60e2dbcef45a138b2aacbcf603ba9fd6fd1e09d34ef3f78,248928,10,hardlink,858e89635088aaf2c60e2dbcef45a138b2aacbcf603ba9fd6fd1e09d34ef3f78,acquisition,
2253,originals/rutst/2024/RuTST_2024_Y_S4__619a15272f817805.pdf,files/rutst/2024/RuTST_2024_Y_S4__619a15272f817805.pdf,619a15272f817805eaa077ceef2e2f01198d896da5a23de2e072f768815bc691,229533,9,hardlink,619a15272f817805eaa077ceef2e2f01198d896da5a23de2e072f768815bc691,acquisition,
2254,originals/rutst/2024/RuTST_2024_Y_Q4__5dcb4bac72c656f2.pdf,files/rutst/2024/RuTST_2024_Y_Q4__5dcb4bac72c656f2.pdf,5dcb4bac72c656f20829307f4db67b0a9b675acf9fd1454d42147bc77581bd99,290638,3,hardlink,5dcb4bac72c656f20829307f4db67b0a9b675acf9fd1454d42147bc77581bd99,acquisition,
2255,originals/rutst/2024/RuTST_2024_Y_S5__43dff61dec825391.pdf,files/rutst/2024/RuTST_2024_Y_S5__43dff61dec825391.pdf,43dff61dec8253916fb0e1b48387b48263ed755926bfc97224512540ad2987a9,179588,5,hardlink,43dff61dec8253916fb0e1b48387b48263ed755926bfc97224512540ad2987a9,acquisition,
2256,originals/rutst/2024/RuTST_2024_Y_Q6__b2142e3e6d1a14d7.pdf,files/rutst/2024/RuTST_2024_Y_Q6__b2142e3e6d1a14d7.pdf,b2142e3e6d1a14d7e8355d5befb48ee9c5fac0b34bbee5f1d99e3f2a364c1d06,187852,5,hardlink,b2142e3e6d1a14d7e8355d5befb48ee9c5fac0b34bbee5f1d99e3f2a364c1d06,acquisition,
2257,originals/rutst/2024/RuTST_2024_Y_S6__1becb2194a72fb50.pdf,files/rutst/2024/RuTST_2024_Y_S6__1becb2194a72fb50.pdf,1becb2194a72fb50b7f5f4a6737e4769d1584d86f65d215fe0ecb93ab16de336,255592,9,hardlink,1becb2194a72fb50b7f5f4a6737e4769d1584d86f65d215fe0ecb93ab16de336,acquisition,
2258,originals/rutst/2024/RuTST_2024_Y_S7__1270a4bf41339c80.pdf,files/rutst/2024/RuTST_2024_Y_S7__1270a4bf41339c80.pdf,1270a4bf41339c80dd4da92369f9765d1886f76e432b0ba74199c02166735966,750587,11,hardlink,1270a4bf41339c80dd4da92369f9765d1886f76e432b0ba74199c02166735966,acquisition,
2259,originals/rutst/2024/RuTST_2024_Y_Q7__7295a6af324692aa.pdf,files/rutst/2024/RuTST_2024_Y_Q7__7295a6af324692aa.pdf,7295a6af324692aa80c69ae5d6a8d104dfa3e1a1a7686682176fe0eedcd6ebb6,5008911,5,hardlink,7295a6af324692aa80c69ae5d6a8d104dfa3e1a1a7686682176fe0eedcd6ebb6,acquisition,
2260,originals/rutst/2024/RuTST_2024_Y_Q5__152ddacf301ffea9.pdf,files/rutst/2024/RuTST_2024_Y_Q5__152ddacf301ffea9.pdf,152ddacf301ffea93b3e21a150da646b26335c565b2c79046a330655d267cfa5,1154856,3,hardlink,152ddacf301ffea93b3e21a150da646b26335c565b2c79046a330655d267cfa5,acquisition,
2261,originals/rutst/2024/RuTST_2024_Y_S8__f378d36ec3400194.pdf,files/rutst/2024/RuTST_2024_Y_S8__f378d36ec3400194.pdf,f378d36ec340019401faf72341bfea2125f53a775369b64d889dc1747b11ba90,2543308,15,hardlink,f378d36ec340019401faf72341bfea2125f53a775369b64d889dc1747b11ba90,acquisition,
2262,originals/rutst/2024/RuTST_2024_Y_S9__0c7fa7ab104a6133.pdf,files/rutst/2024/RuTST_2024_Y_S9__0c7fa7ab104a6133.pdf,0c7fa7ab104a61334e837632f007ebf7431050db9f05598fcf711f8212c4f91e,425782,3,hardlink,0c7fa7ab104a61334e837632f007ebf7431050db9f05598fcf711f8212c4f91e,acquisition,
2263,originals/rutst/2024/RuTST_2024_Y_Q8__648ae1719726d685.pdf,files/rutst/2024/RuTST_2024_Y_Q8__648ae1719726d685.pdf,648ae1719726d685a739bcaa4937170358149cd2aca72c4f489799320a4ec587,21584913,7,hardlink,648ae1719726d685a739bcaa4937170358149cd2aca72c4f489799320a4ec587,acquisition,
2264,originals/rutst/2024/RuTST_2024_W_Q1__6eb6382d56ef6855.pdf,files/rutst/2024/RuTST_2024_W_Q1__6eb6382d56ef6855.pdf,6eb6382d56ef6855932b85b8aec820365323de4199b31a364710b2aa7035e877,144186,2,hardlink,6eb6382d56ef6855932b85b8aec820365323de4199b31a364710b2aa7035e877,acquisition,
2265,originals/rutst/2024/RuTST_2024_W_S1__8606135a26db3720.pdf,files/rutst/2024/RuTST_2024_W_S1__8606135a26db3720.pdf,8606135a26db372030910aa4aa00882525355d205de89589772a8d21e40848f6,140407,5,hardlink,8606135a26db372030910aa4aa00882525355d205de89589772a8d21e40848f6,acquisition,
2266,originals/rutst/2024/RuTST_2024_W_Q2__7b67c609e574f6c1.pdf,files/rutst/2024/RuTST_2024_W_Q2__7b67c609e574f6c1.pdf,7b67c609e574f6c1dee18a81385952b35f0074668f3bd9dd91df4fe01aaa6d61,118939,2,hardlink,7b67c609e574f6c1dee18a81385952b35f0074668f3bd9dd91df4fe01aaa6d61,acquisition,
2267,originals/rutst/2024/RuTST_2024_W_S2__9a3e72d17ad2d8d4.pdf,files/rutst/2024/RuTST_2024_W_S2__9a3e72d17ad2d8d4.pdf,9a3e72d17ad2d8d415a8d4d61eec5a0ed1b92e43c64236596ebe7043600a430f,133945,4,hardlink,9a3e72d17ad2d8d415a8d4d61eec5a0ed1b92e43c64236596ebe7043600a430f,acquisition,
2268,originals/rutst/2024/RuTST_2024_W_Q3__3846301aac9fc1d2.pdf,files/rutst/2024/RuTST_2024_W_Q3__3846301aac9fc1d2.pdf,3846301aac9fc1d2083d2941355bfa75e91cf9faae9aa307767a11d111160a00,180909,3,hardlink,3846301aac9fc1d2083d2941355bfa75e91cf9faae9aa307767a11d111160a00,acquisition,
2269,originals/rutst/2024/RuTST_2024_Y_Q9__bae733ec49b80010.pdf,files/rutst/2024/RuTST_2024_Y_Q9__bae733ec49b80010.pdf,bae733ec49b800105f79bef3c5bda1e85fb45559946c2f48f08eece6300cedb3,2044134,5,hardlink,bae733ec49b800105f79bef3c5bda1e85fb45559946c2f48f08eece6300cedb3,acquisition,
227,originals/ipho/2016/IPhO_2016_Q1__bb5f498da4d5f0fe.pdf,files/ipho/2016/IPhO_2016_Q1__bb5f498da4d5f0fe.pdf,bb5f498da4d5f0fe13e8540346780e17a12a1a5aefd1f3ee1f1b8c8bab724300,100321,6,hardlink,bb5f498da4d5f0fe13e8540346780e17a12a1a5aefd1f3ee1f1b8c8bab724300,acquisition,
2270,originals/rutst/2024/RuTST_2024_W_S3__dfcdc58a054e0a3e.pdf,files/rutst/2024/RuTST_2024_W_S3__dfcdc58a054e0a3e.pdf,dfcdc58a054e0a3ecb2c484036ed91aae6c468c61bc4adb3945e0a2e99abaefc,145033,3,hardlink,dfcdc58a054e0a3ecb2c484036ed91aae6c468c61bc4adb3945e0a2e99abaefc,acquisition,
2271,originals/rutst/2024/RuTST_2024_W_A3__94d569fbd1580ee7.pdf,files/rutst/2024/RuTST_2024_W_A3__94d569fbd1580ee7.pdf,94d569fbd1580ee72ede395eaa8a3ef3a78fec386658458bc8935bb4d0e44e8c,84395,3,hardlink,94d569fbd1580ee72ede395eaa8a3ef3a78fec386658458bc8935bb4d0e44e8c,acquisition,
2274,originals/rutst/2023/RuTST_2023_X_Q2__be8562ba424f9fac.pdf,files/rutst/2023/RuTST_2023_X_Q2__be8562ba424f9fac.pdf,be8562ba424f9fac231df75dcd16832a56f9b4b3966abf02bdc2c085788281e1,187953,7,hardlink,be8562ba424f9fac231df75dcd16832a56f9b4b3966abf02bdc2c085788281e1,acquisition,
2275,originals/rutst/2023/RuTST_2023_X_S2__c13a28813e84abea.pdf,files/rutst/2023/RuTST_2023_X_S2__c13a28813e84abea.pdf,c13a28813e84abea060e52b2f6c91fd5d5e645078faeee1b17fb82310fcf4bd8,259298,8,hardlink,c13a28813e84abea060e52b2f6c91fd5d5e645078faeee1b17fb82310fcf4bd8,acquisition,
2276,originals/rutst/2023/RuTST_2023_X_Q3__36ae2fd3bcf5ac93.pdf,files/rutst/2023/RuTST_2023_X_Q3__36ae2fd3bcf5ac93.pdf,36ae2fd3bcf5ac93de63c41e09ba2d0e109e381633330a8d1bc9cb08a1298ba2,168648,4,hardlink,36ae2fd3bcf5ac93de63c41e09ba2d0e109e381633330a8d1bc9cb08a1298ba2,acquisition,
2277,originals/rutst/2023/RuTST_2023_X_S3__2ca6faf96b409ea0.pdf,files/rutst/2023/RuTST_2023_X_S3__2ca6faf96b409ea0.pdf,2ca6faf96b409ea01bbcd714840c3b456f03ff0f88997804b2a0177ff8caf327,189069,8,hardlink,2ca6faf96b409ea01bbcd714840c3b456f03ff0f88997804b2a0177ff8caf327,acquisition,
2278,originals/rutst/2023/RuTST_2023_X_Q4__df95c3c52d64b217.pdf,files/rutst/2023/RuTST_2023_X_Q4__df95c3c52d64b217.pdf,df95c3c52d64b2178ce80d52d737cbbf6075a774d0ff68a3ad6fedeb002bdafb,223592,2,hardlink,df95c3c52d64b2178ce80d52d737cbbf6075a774d0ff68a3ad6fedeb002bdafb,acquisition,
2279,originals/rutst/2023/RuTST_2023_X_S4__d01109d21f0b915e.pdf,files/rutst/2023/RuTST_2023_X_S4__d01109d21f0b915e.pdf,d01109d21f0b915e64130f6512aa85622ca824bd1dac108d7e1ab9212a068cdf,241363,7,hardlink,d01109d21f0b915e64130f6512aa85622ca824bd1dac108d7e1ab9212a068cdf,acquisition,
228,originals/ipho/2016/IPhO_2016_S1__8cc8664f1cfc01c3.pdf,files/ipho/2016/IPhO_2016_S1__8cc8664f1cfc01c3.pdf,8cc8664f1cfc01c33270e65a9571aec3d8adff673189acb02be2cfb36637f75f,803505,12,hardlink,8cc8664f1cfc01c33270e65a9571aec3d8adff673189acb02be2cfb36637f75f,acquisition,
2280,originals/rutst/2023/RuTST_2023_X_S5__cbd90ba14262e63a.pdf,files/rutst/2023/RuTST_2023_X_S5__cbd90ba14262e63a.pdf,cbd90ba14262e63a01a0e7941a70dae641e5c9848a4c78b0ac731093255530e2,216048,7,hardlink,cbd90ba14262e63a01a0e7941a70dae641e5c9848a4c78b0ac731093255530e2,acquisition,
2281,originals/rutst/2023/RuTST_2023_X_Q5__c11f1762877cee69.pdf,files/rutst/2023/RuTST_2023_X_Q5__c11f1762877cee69.pdf,c11f1762877cee69a68357dc57b195531415362106e8b837c9034a308cbc660f,282863,3,hardlink,c11f1762877cee69a68357dc57b195531415362106e8b837c9034a308cbc660f,acquisition,
2282,originals/rutst/2023/RuTST_2023_X_Q6__7c046dad5c6a68d3.pdf,files/rutst/2023/RuTST_2023_X_Q6__7c046dad5c6a68d3.pdf,7c046dad5c6a68d33ef06d9a18f68b061b099b140e2a788dd21d4b57fd48bd53,157013,4,hardlink,7c046dad5c6a68d33ef06d9a18f68b061b099b140e2a788dd21d4b57fd48bd53,acquisition,
2283,originals/rutst/2023/RuTST_2023_X_S6__9879265f28c4b09b.pdf,files/rutst/2023/RuTST_2023_X_S6__9879265f28c4b09b.pdf,9879265f28c4b09beae9c67c85a90d1ad812ef96da790b29828b2c2233b97da4,224831,9,hardlink,9879265f28c4b09beae9c67c85a90d1ad812ef96da790b29828b2c2233b97da4,acquisition,
2284,originals/rutst/2023/RuTST_2023_X_Q7__eb6b489542867cc9.pdf,files/rutst/2023/RuTST_2023_X_Q7__eb6b489542867cc9.pdf,eb6b489542867cc9a22843af1f8e6c8052d258e0803a7bfa367a0254e5311265,3708249,7,hardlink,eb6b489542867cc9a22843af1f8e6c8052d258e0803a7bfa367a0254e5311265,acquisition,
2285,originals/rutst/2023/RuTST_2023_X_S7__4b9c6b60eb0d210d.pdf,files/rutst/2023/RuTST_2023_X_S7__4b9c6b60eb0d210d.pdf,4b9c6b60eb0d210d4d7d5146de9e9fafcf52c3c9d2a1c966e88f23c152f6eda7,420795,9,hardlink,4b9c6b60eb0d210d4d7d5146de9e9fafcf52c3c9d2a1c966e88f23c152f6eda7,acquisition,
2286,originals/rutst/2023/RuTST_2023_X_S8__639a4e8029409e07.pdf,files/rutst/2023/RuTST_2023_X_S8__639a4e8029409e07.pdf,639a4e8029409e07e04344d919024209c1d83eb6727f2304113449b3c7e3d4df,1045328,9,hardlink,639a4e8029409e07e04344d919024209c1d83eb6727f2304113449b3c7e3d4df,acquisition,
2287,originals/rutst/2023/RuTST_2023_X_Q9__97b32e2e866dc388.pdf,files/rutst/2023/RuTST_2023_X_Q9__97b32e2e866dc388.pdf,97b32e2e866dc388ed46f29f7ef10107d083e14ce0bace58bc2bfa82e3d715a3,1519208,3,hardlink,97b32e2e866dc388ed46f29f7ef10107d083e14ce0bace58bc2bfa82e3d715a3,acquisition,
2288,originals/rutst/2023/RuTST_2023_X_S9__6ec3578d737d3315.pdf,files/rutst/2023/RuTST_2023_X_S9__6ec3578d737d3315.pdf,6ec3578d737d33159367547c51a55abb93d108fc298ce7b6743f1fea98bc6aa4,167521,7,hardlink,6ec3578d737d33159367547c51a55abb93d108fc298ce7b6743f1fea98bc6aa4,acquisition,
2289,originals/rutst/2023/RuTST_2023_X_Q8__d4773906a50bbfb9.pdf,files/rutst/2023/RuTST_2023_X_Q8__d4773906a50bbfb9.pdf,d4773906a50bbfb942375d2223c9699d3fcdf63f763208519473e9c705590240,2277329,6,hardlink,d4773906a50bbfb942375d2223c9699d3fcdf63f763208519473e9c705590240,acquisition,
229,originals/ipho/2016/IPhO_2016_A1__fc5f0971a55f70b0.pdf,files/ipho/2016/IPhO_2016_A1__fc5f0971a55f70b0.pdf,fc5f0971a55f70b020d496aa5b648e3a06f57050f49e1134ff60b171f927fda5,61669,3,hardlink,fc5f0971a55f70b020d496aa5b648e3a06f57050f49e1134ff60b171f927fda5,acquisition,
2290,originals/rutst/2023/RuTST_2023_X_A9__74114072eae201ce.pdf,files/rutst/2023/RuTST_2023_X_A9__74114072eae201ce.pdf,74114072eae201ce0496133932c56d94dbf3d0f88528196157a01a37bc1f62a4,92650,4,hardlink,74114072eae201ce0496133932c56d94dbf3d0f88528196157a01a37bc1f62a4,acquisition,
2291,originals/rutst/2023/RuTST_2023_Y_Q1__82a6216cbc7decf0.pdf,files/rutst/2023/RuTST_2023_Y_Q1__82a6216cbc7decf0.pdf,82a6216cbc7decf0215177851fa23347206aff6b40dcb7ac4cedf8f5e56dec67,177206,4,hardlink,82a6216cbc7decf0215177851fa23347206aff6b40dcb7ac4cedf8f5e56dec67,acquisition,
2292,originals/rutst/2023/RuTST_2023_Y_S1__1d6dc5831cf60283.pdf,files/rutst/2023/RuTST_2023_Y_S1__1d6dc5831cf60283.pdf,1d6dc5831cf602833e74c9d00d82d21046d7f62486aa77b1e8343d9666a70020,240444,5,hardlink,1d6dc5831cf602833e74c9d00d82d21046d7f62486aa77b1e8343d9666a70020,acquisition,
2293,originals/rutst/2023/RuTST_2023_Y_Q2__a8942a99a77386a3.pdf,files/rutst/2023/RuTST_2023_Y_Q2__a8942a99a77386a3.pdf,a8942a99a77386a3af9dd810c3248f4a904f6cbf0a7e66eb926dc71bbd984b71,115002,3,hardlink,a8942a99a77386a3af9dd810c3248f4a904f6cbf0a7e66eb926dc71bbd984b71,acquisition,
2294,originals/rutst/2023/RuTST_2023_Y_S2__693821544f50196b.pdf,files/rutst/2023/RuTST_2023_Y_S2__693821544f50196b.pdf,693821544f50196b54f150888cccb87a8bffa7a17648f537c9ce40244547b8c0,201205,7,hardlink,693821544f50196b54f150888cccb87a8bffa7a17648f537c9ce40244547b8c0,acquisition,
2295,originals/rutst/2023/RuTST_2023_Y_Q3__b5522464468ef52e.pdf,files/rutst/2023/RuTST_2023_Y_Q3__b5522464468ef52e.pdf,b5522464468ef52e1feb1980724f90c05b307901261ddfd90a1972aa2de9978d,162146,3,hardlink,b5522464468ef52e1feb1980724f90c05b307901261ddfd90a1972aa2de9978d,acquisition,
2296,originals/rutst/2023/RuTST_2023_Y_S3__f36d4bfe1ab4c629.pdf,files/rutst/2023/RuTST_2023_Y_S3__f36d4bfe1ab4c629.pdf,f36d4bfe1ab4c629b31f8f37da4087fb69232e0960fa7b8ae0bc01d3664d4926,306572,10,hardlink,f36d4bfe1ab4c629b31f8f37da4087fb69232e0960fa7b8ae0bc01d3664d4926,acquisition,
2297,originals/rutst/2023/RuTST_2023_Y_Q4__73fc60a3a3c59cf5.pdf,files/rutst/2023/RuTST_2023_Y_Q4__73fc60a3a3c59cf5.pdf,73fc60a3a3c59cf50c68275a3be27718576cf5cd2255a42b79c718b2a99e808d,136229,3,hardlink,73fc60a3a3c59cf50c68275a3be27718576cf5cd2255a42b79c718b2a99e808d,acquisition,
2298,originals/rutst/2023/RuTST_2023_Y_S4__58d9ee461c9a1d8e.pdf,files/rutst/2023/RuTST_2023_Y_S4__58d9ee461c9a1d8e.pdf,58d9ee461c9a1d8e954dacb5b4db14ba30f50ab69c9b61cdcc8be15874efad54,186936,6,hardlink,58d9ee461c9a1d8e954dacb5b4db14ba30f50ab69c9b61cdcc8be15874efad54,acquisition,
2299,originals/rutst/2023/RuTST_2023_Y_S5__0f2fcf89bef64e21.pdf,files/rutst/2023/RuTST_2023_Y_S5__0f2fcf89bef64e21.pdf,0f2fcf89bef64e216ed1939d9a9d54221402802a43ead1b9703a40276ab11055,190559,7,hardlink,0f2fcf89bef64e216ed1939d9a9d54221402802a43ead1b9703a40276ab11055,acquisition,
23,originals/ipho/2026/IPhO_2026_S4__544def93580d3691.pdf,files/ipho/2026/IPhO_2026_S4__544def93580d3691.pdf,544def93580d3691f488347f44a3eade20f777379ddade4fb50905e11d8663f9,778404,7,hardlink,544def93580d3691f488347f44a3eade20f777379ddade4fb50905e11d8663f9,acquisition,
230,originals/ipho/2016/IPhO_2016_Q2__6bf5c3371973491e.pdf,files/ipho/2016/IPhO_2016_Q2__6bf5c3371973491e.pdf,6bf5c3371973491e192442bc6585262a6574d0f8fd34debeca2e83625041a1b7,123683,4,hardlink,6bf5c3371973491e192442bc6585262a6574d0f8fd34debeca2e83625041a1b7,acquisition,
2300,originals/rutst/2023/RuTST_2023_Y_Q5__a9e3d6371c5a1e8c.pdf,files/rutst/2023/RuTST_2023_Y_Q5__a9e3d6371c5a1e8c.pdf,a9e3d6371c5a1e8c649bfd73ceedc16fcef17d1a90e43fafa444c25261782505,168345,3,hardlink,a9e3d6371c5a1e8c649bfd73ceedc16fcef17d1a90e43fafa444c25261782505,acquisition,
2301,originals/rutst/2023/RuTST_2023_Y_Q6__b6230da04be9ff76.pdf,files/rutst/2023/RuTST_2023_Y_Q6__b6230da04be9ff76.pdf,b6230da04be9ff76d7ab7226434e91f130bd5645d85f101d7bcfe2905a19bfea,202169,4,hardlink,b6230da04be9ff76d7ab7226434e91f130bd5645d85f101d7bcfe2905a19bfea,acquisition,
2302,originals/rutst/2023/RuTST_2023_Y_S6__0a971dea2c36f3af.pdf,files/rutst/2023/RuTST_2023_Y_S6__0a971dea2c36f3af.pdf,0a971dea2c36f3afb2e17af7b434e5a2490cee7ec225cce36ad667c60bf1e6a2,142714,4,hardlink,0a971dea2c36f3afb2e17af7b434e5a2490cee7ec225cce36ad667c60bf1e6a2,acquisition,
2303,originals/rutst/2023/RuTST_2023_Y_S7__5bfda8ad240e6037.pdf,files/rutst/2023/RuTST_2023_Y_S7__5bfda8ad240e6037.pdf,5bfda8ad240e603793be8d8ca7f8b1efd5b17b7d7b7ebc4854f8b742c9098b6b,116354,2,hardlink,5bfda8ad240e603793be8d8ca7f8b1efd5b17b7d7b7ebc4854f8b742c9098b6b,acquisition,
2304,originals/rutst/2023/RuTST_2023_Y_Q8__f05570de135e22ba.pdf,files/rutst/2023/RuTST_2023_Y_Q8__f05570de135e22ba.pdf,f05570de135e22bace18daaed0ccdcbb4754a17c0a3299099073ae16892b8506,1419320,2,hardlink,f05570de135e22bace18daaed0ccdcbb4754a17c0a3299099073ae16892b8506,acquisition,
2305,originals/rutst/2023/RuTST_2023_Y_Q9__a6f699e422068f2f.pdf,files/rutst/2023/RuTST_2023_Y_Q9__a6f699e422068f2f.pdf,a6f699e422068f2fc52e2272b5f8aeb05b6d0c16186bc81f6cb0f4c5d1e29ed9,230878,2,hardlink,a6f699e422068f2fc52e2272b5f8aeb05b6d0c16186bc81f6cb0f4c5d1e29ed9,acquisition,
2306,originals/rutst/2023/RuTST_2023_Y_Q7__fa6cc38c88a8332e.pdf,files/rutst/2023/RuTST_2023_Y_Q7__fa6cc38c88a8332e.pdf,fa6cc38c88a8332ea8d7ff8af4a41951c3eb1057bfb8fac81c32092f56d7629e,6760304,2,hardlink,fa6cc38c88a8332ea8d7ff8af4a41951c3eb1057bfb8fac81c32092f56d7629e,acquisition,
2307,originals/rutst/2023/RuTST_2023_Y_S9__6ccbb9852735e9ef.pdf,files/rutst/2023/RuTST_2023_Y_S9__6ccbb9852735e9ef.pdf,6ccbb9852735e9ef316276195e630fd2c40938033c34b0738e1b747e1fd9aeb8,359208,6,hardlink,6ccbb9852735e9ef316276195e630fd2c40938033c34b0738e1b747e1fd9aeb8,acquisition,
2308,originals/rutst/2023/RuTST_2023_W_Q1__465b37468fef285f.pdf,files/rutst/2023/RuTST_2023_W_Q1__465b37468fef285f.pdf,465b37468fef285fc23367bf3d820fc22277d1edab1942f9e4f9bece1df42b42,73124,2,hardlink,465b37468fef285fc23367bf3d820fc22277d1edab1942f9e4f9bece1df42b42,acquisition,
2309,originals/rutst/2023/RuTST_2023_W_S1__ab780083e88cf7d0.pdf,files/rutst/2023/RuTST_2023_W_S1__ab780083e88cf7d0.pdf,ab780083e88cf7d0fc19e6f93182107ad60f4d48a5dd70224f5c2adb3769a789,167570,7,hardlink,ab780083e88cf7d0fc19e6f93182107ad60f4d48a5dd70224f5c2adb3769a789,acquisition,
231,originals/ipho/2016/IPhO_2016_S2__e55ce8e3ab2507ad.pdf,files/ipho/2016/IPhO_2016_S2__e55ce8e3ab2507ad.pdf,e55ce8e3ab2507ad0f33eee724c241171d9aa9121d932494f08565a036165b22,921795,7,hardlink,e55ce8e3ab2507ad0f33eee724c241171d9aa9121d932494f08565a036165b22,acquisition,
2310,originals/rutst/2023/RuTST_2023_W_Q2__cd304297d1fd5ef6.pdf,files/rutst/2023/RuTST_2023_W_Q2__cd304297d1fd5ef6.pdf,cd304297d1fd5ef614567f3b58574fc54873235ba6d587084a9064b960cc77f2,401361,3,hardlink,cd304297d1fd5ef614567f3b58574fc54873235ba6d587084a9064b960cc77f2,acquisition,
2311,originals/rutst/2023/RuTST_2023_W_S2__4825ac5bf10c31bd.pdf,files/rutst/2023/RuTST_2023_W_S2__4825ac5bf10c31bd.pdf,4825ac5bf10c31bd26c2ba4bc3ab9f01fe0cb95987738451e77ae7788cd61524,133806,5,hardlink,4825ac5bf10c31bd26c2ba4bc3ab9f01fe0cb95987738451e77ae7788cd61524,acquisition,
2312,originals/rutst/2023/RuTST_2023_W_Q3__9a23edfc19281309.pdf,files/rutst/2023/RuTST_2023_W_Q3__9a23edfc19281309.pdf,9a23edfc1928130983d9287dad30ea77abbb8509853b7cc82aa9e47ba712b8e6,219954,3,hardlink,9a23edfc1928130983d9287dad30ea77abbb8509853b7cc82aa9e47ba712b8e6,acquisition,
2313,originals/rutst/2022/RuTST_2022_X_Q1__4001bc64c1cfc73f.pdf,files/rutst/2022/RuTST_2022_X_Q1__4001bc64c1cfc73f.pdf,4001bc64c1cfc73fda01689350c69a043a4c83d4361db6842698a0445841cdca,133203,1,hardlink,4001bc64c1cfc73fda01689350c69a043a4c83d4361db6842698a0445841cdca,acquisition,
2314,originals/rutst/2023/RuTST_2023_W_S3__6fb858214865ad1b.pdf,files/rutst/2023/RuTST_2023_W_S3__6fb858214865ad1b.pdf,6fb858214865ad1b7a270618b1840db473267e24e0ee273e396557b446089c4e,162776,4,hardlink,6fb858214865ad1b7a270618b1840db473267e24e0ee273e396557b446089c4e,acquisition,
2315,originals/rutst/2022/RuTST_2022_X_S1__c3971ba1dd68bde3.pdf,files/rutst/2022/RuTST_2022_X_S1__c3971ba1dd68bde3.pdf,c3971ba1dd68bde35ddb478099c38c21ace1ef4adfa7ddcbeefffd8e49a51474,146780,6,hardlink,c3971ba1dd68bde35ddb478099c38c21ace1ef4adfa7ddcbeefffd8e49a51474,acquisition,
2316,originals/rutst/2022/RuTST_2022_X_Q2__79991ebde543434a.pdf,files/rutst/2022/RuTST_2022_X_Q2__79991ebde543434a.pdf,79991ebde543434a8bd177422593e48e34edc3f814670c6dbf191f6b56a70d82,148513,3,hardlink,79991ebde543434a8bd177422593e48e34edc3f814670c6dbf191f6b56a70d82,acquisition,
2317,originals/rutst/2022/RuTST_2022_X_S2__5d5b54d0f3e06011.pdf,files/rutst/2022/RuTST_2022_X_S2__5d5b54d0f3e06011.pdf,5d5b54d0f3e060114c62ee2954a1b73225d6c95f942ec007ad4931535133e6dc,139346,7,hardlink,5d5b54d0f3e060114c62ee2954a1b73225d6c95f942ec007ad4931535133e6dc,acquisition,
2318,originals/rutst/2022/RuTST_2022_X_Q3__defafb8cf3dd53f9.pdf,files/rutst/2022/RuTST_2022_X_Q3__defafb8cf3dd53f9.pdf,defafb8cf3dd53f97742d87772d185da14a327674c9bf689341a64f93cab5235,362156,5,hardlink,defafb8cf3dd53f97742d87772d185da14a327674c9bf689341a64f93cab5235,acquisition,
2319,originals/rutst/2022/RuTST_2022_X_Q4__10ed1c3bdba806dc.pdf,files/rutst/2022/RuTST_2022_X_Q4__10ed1c3bdba806dc.pdf,10ed1c3bdba806dc1517876ca720024e949d5fb0f47717ac81c1d0139ff4eeef,135292,2,hardlink,10ed1c3bdba806dc1517876ca720024e949d5fb0f47717ac81c1d0139ff4eeef,acquisition,
232,originals/ipho/2016/IPhO_2016_A2__6cebf45b55bdb532.pdf,files/ipho/2016/IPhO_2016_A2__6cebf45b55bdb532.pdf,6cebf45b55bdb532474da02510198aa79b03203689999e62e2506bb1e451a28b,92413,5,hardlink,6cebf45b55bdb532474da02510198aa79b03203689999e62e2506bb1e451a28b,acquisition,
2320,originals/rutst/2022/RuTST_2022_X_S3__c910351d05bd6a14.pdf,files/rutst/2022/RuTST_2022_X_S3__c910351d05bd6a14.pdf,c910351d05bd6a14ba0f5430c4b0b8b62982fa8940408a18a1e5a98f9a1b405c,771364,10,hardlink,c910351d05bd6a14ba0f5430c4b0b8b62982fa8940408a18a1e5a98f9a1b405c,acquisition,
2321,originals/rutst/2022/RuTST_2022_X_S4__2d634c504c49bcc8.pdf,files/rutst/2022/RuTST_2022_X_S4__2d634c504c49bcc8.pdf,2d634c504c49bcc84bdd23efd6f18a24cb851523d31d967dee6749ba6246858e,136889,4,hardlink,2d634c504c49bcc84bdd23efd6f18a24cb851523d31d967dee6749ba6246858e,acquisition,
2322,originals/rutst/2022/RuTST_2022_X_Q5__a4a42c6e575ad2bf.pdf,files/rutst/2022/RuTST_2022_X_Q5__a4a42c6e575ad2bf.pdf,a4a42c6e575ad2bf0594d8e684ba1aa9d5c2bd5bc23f6d1a1879a5fb81735228,192599,4,hardlink,a4a42c6e575ad2bf0594d8e684ba1aa9d5c2bd5bc23f6d1a1879a5fb81735228,acquisition,
2323,originals/rutst/2022/RuTST_2022_X_S5__eb41eb15adb0e00c.pdf,files/rutst/2022/RuTST_2022_X_S5__eb41eb15adb0e00c.pdf,eb41eb15adb0e00c72fc6189d53f5931eefc0ed189de315e4c14fda6b0b6994f,191763,6,hardlink,eb41eb15adb0e00c72fc6189d53f5931eefc0ed189de315e4c14fda6b0b6994f,acquisition,
2324,originals/rutst/2022/RuTST_2022_X_Q6__5b90ee7b0710f7ca.pdf,files/rutst/2022/RuTST_2022_X_Q6__5b90ee7b0710f7ca.pdf,5b90ee7b0710f7ca07d5df95dec4afeadc844981c5b242d520de3f9a04c39600,113184,2,hardlink,5b90ee7b0710f7ca07d5df95dec4afeadc844981c5b242d520de3f9a04c39600,acquisition,
2325,originals/rutst/2022/RuTST_2022_X_S6__9eda6b454f57126d.pdf,files/rutst/2022/RuTST_2022_X_S6__9eda6b454f57126d.pdf,9eda6b454f57126d19845d47d8d92e61af23e3216eea3c45c08aa7e69294db0d,119407,4,hardlink,9eda6b454f57126d19845d47d8d92e61af23e3216eea3c45c08aa7e69294db0d,acquisition,
2326,originals/rutst/2022/RuTST_2022_X_S7__b89b769ffdb61298.pdf,files/rutst/2022/RuTST_2022_X_S7__b89b769ffdb61298.pdf,b89b769ffdb612989553c6b866557da758d959ce673bb3768322d5ac65b9a061,2294057,6,hardlink,b89b769ffdb612989553c6b866557da758d959ce673bb3768322d5ac65b9a061,acquisition,
2327,originals/rutst/2022/RuTST_2022_X_Q8__ed6a4cac38c2d23a.pdf,files/rutst/2022/RuTST_2022_X_Q8__ed6a4cac38c2d23a.pdf,ed6a4cac38c2d23a158f470617db1e225e0d5ea8f50ae93dcebda739847ef004,221153,3,hardlink,ed6a4cac38c2d23a158f470617db1e225e0d5ea8f50ae93dcebda739847ef004,acquisition,
2328,originals/rutst/2022/RuTST_2022_X_S8__49dac14461572a9c.pdf,files/rutst/2022/RuTST_2022_X_S8__49dac14461572a9c.pdf,49dac14461572a9ce1c7df0190d92eb1df2d48a516a4f6f438175adcd201fa67,334351,9,hardlink,49dac14461572a9ce1c7df0190d92eb1df2d48a516a4f6f438175adcd201fa67,acquisition,
2329,originals/rutst/2022/RuTST_2022_X_Q9__aec0753334b2a2d4.pdf,files/rutst/2022/RuTST_2022_X_Q9__aec0753334b2a2d4.pdf,aec0753334b2a2d437406e2659a44102e93b9de1e1a125828955c39fe0eee120,899935,2,hardlink,aec0753334b2a2d437406e2659a44102e93b9de1e1a125828955c39fe0eee120,acquisition,
2330,originals/rutst/2022/RuTST_2022_X_A9__e7c9df6cbfea6505.pdf,files/rutst/2022/RuTST_2022_X_A9__e7c9df6cbfea6505.pdf,e7c9df6cbfea6505233da8a830b98f117cfe865ee1dde4a23dd9bf9e0ad7bc1d,195852,4,hardlink,e7c9df6cbfea6505233da8a830b98f117cfe865ee1dde4a23dd9bf9e0ad7bc1d,acquisition,
2331,originals/rutst/2022/RuTST_2022_X_S9__74718af00c7670ca.pdf,files/rutst/2022/RuTST_2022_X_S9__74718af00c7670ca.pdf,74718af00c7670ca2e146670acbe03a13a7891282d727cee40ee5bac73f7bda1,885013,5,hardlink,74718af00c7670ca2e146670acbe03a13a7891282d727cee40ee5bac73f7bda1,acquisition,
2332,originals/rutst/2022/RuTST_2022_X_Q7__b5cf38396e51b6b5.pdf,files/rutst/2022/RuTST_2022_X_Q7__b5cf38396e51b6b5.pdf,b5cf38396e51b6b588f6b352183b1f9eec759c915f186fa859db5413827bcf09,12486755,7,hardlink,b5cf38396e51b6b588f6b352183b1f9eec759c915f186fa859db5413827bcf09,acquisition,
2333,originals/rutst/2022/RuTST_2022_Y_S1__128952c6fc3816e8.pdf,files/rutst/2022/RuTST_2022_Y_S1__128952c6fc3816e8.pdf,128952c6fc3816e8564322ca66dbfe39a7ed7f01b38a3d5090268e616088d499,141040,5,hardlink,128952c6fc3816e8564322ca66dbfe39a7ed7f01b38a3d5090268e616088d499,acquisition,
2334,originals/rutst/2022/RuTST_2022_Y_Q1__062444eb04cef46d.pdf,files/rutst/2022/RuTST_2022_Y_Q1__062444eb04cef46d.pdf,062444eb04cef46db4f3176408ad0bcc2c2796d521dcca54d5e065bfa1aaf8c5,145897,2,hardlink,062444eb04cef46db4f3176408ad0bcc2c2796d521dcca54d5e065bfa1aaf8c5,acquisition,
2335,originals/rutst/2022/RuTST_2022_Y_Q2__059881166a8df06c.pdf,files/rutst/2022/RuTST_2022_Y_Q2__059881166a8df06c.pdf,059881166a8df06caf7ef002aa20b45f93154cc4bb3cf2b3ac0d9aebcba83ecf,198505,3,hardlink,059881166a8df06caf7ef002aa20b45f93154cc4bb3cf2b3ac0d9aebcba83ecf,acquisition,
2336,originals/rutst/2022/RuTST_2022_Y_S2__7f7bdb15dd6c42a6.pdf,files/rutst/2022/RuTST_2022_Y_S2__7f7bdb15dd6c42a6.pdf,7f7bdb15dd6c42a66de9ec70b71691ac39b8ef73fdd99a00714ecf1111ece53d,116741,4,hardlink,7f7bdb15dd6c42a66de9ec70b71691ac39b8ef73fdd99a00714ecf1111ece53d,acquisition,
2337,originals/rutst/2022/RuTST_2022_Y_Q3__96c1d05808daabca.pdf,files/rutst/2022/RuTST_2022_Y_Q3__96c1d05808daabca.pdf,96c1d05808daabca530f272583dd11abd8dae6bb82b0f935732f71adafc148a1,325907,6,hardlink,96c1d05808daabca530f272583dd11abd8dae6bb82b0f935732f71adafc148a1,acquisition,
2338,originals/rutst/2022/RuTST_2022_Y_Q4__e3707718b2e6c467.pdf,files/rutst/2022/RuTST_2022_Y_Q4__e3707718b2e6c467.pdf,e3707718b2e6c467d1cf7dec54dd104bb0f7ff255144f27aef086a07d32c6750,868271,3,hardlink,e3707718b2e6c467d1cf7dec54dd104bb0f7ff255144f27aef086a07d32c6750,acquisition,
2339,originals/rutst/2022/RuTST_2022_Y_Q5__35034a8e43920f4f.pdf,files/rutst/2022/RuTST_2022_Y_Q5__35034a8e43920f4f.pdf,35034a8e43920f4f9b004603529ed4ae562edb3a7f296b05214f09d2d3c48eb5,242473,4,hardlink,35034a8e43920f4f9b004603529ed4ae562edb3a7f296b05214f09d2d3c48eb5,acquisition,
234,originals/ipho/2016/IPhO_2016_P1__0601040bccfbe637.pdf,files/ipho/2016/IPhO_2016_P1__0601040bccfbe637.pdf,0601040bccfbe63766b4bbe38b3b03f7b1276441ed5e056a12c7591b7524a59d,4845008,17,hardlink,0601040bccfbe63766b4bbe38b3b03f7b1276441ed5e056a12c7591b7524a59d,acquisition,
2340,originals/rutst/2022/RuTST_2022_Y_S4__e8b18056da6e82f0.pdf,files/rutst/2022/RuTST_2022_Y_S4__e8b18056da6e82f0.pdf,e8b18056da6e82f00f857a800287e0c87ebc4221725d59e56f14810451a641c9,205593,5,hardlink,e8b18056da6e82f00f857a800287e0c87ebc4221725d59e56f14810451a641c9,acquisition,
2341,originals/rutst/2022/RuTST_2022_Y_S5__5c1cd28041d893f7.pdf,files/rutst/2022/RuTST_2022_Y_S5__5c1cd28041d893f7.pdf,5c1cd28041d893f74f2fe5555c742b826e27052b76a906b964ca75aa6954ead7,473701,7,hardlink,5c1cd28041d893f74f2fe5555c742b826e27052b76a906b964ca75aa6954ead7,acquisition,
2342,originals/rutst/2022/RuTST_2022_Y_Q6__4618be00b58e33eb.pdf,files/rutst/2022/RuTST_2022_Y_Q6__4618be00b58e33eb.pdf,4618be00b58e33ebd8daf428d5f709a6cbeb6a92c5896598ae837b85b3ca1192,815553,3,hardlink,4618be00b58e33ebd8daf428d5f709a6cbeb6a92c5896598ae837b85b3ca1192,acquisition,
2343,originals/rutst/2022/RuTST_2022_Y_S6__c34edb452529e670.pdf,files/rutst/2022/RuTST_2022_Y_S6__c34edb452529e670.pdf,c34edb452529e6709aa513f26207c5e18fe2690293f5f72a679246328a60a5e2,131846,5,hardlink,c34edb452529e6709aa513f26207c5e18fe2690293f5f72a679246328a60a5e2,acquisition,
2344,originals/rutst/2022/RuTST_2022_Y_Q7__3051de4a855e5304.pdf,files/rutst/2022/RuTST_2022_Y_Q7__3051de4a855e5304.pdf,3051de4a855e53043c890277f479e699caf5b208685b8b3e1deaf602212c2848,964007,6,hardlink,3051de4a855e53043c890277f479e699caf5b208685b8b3e1deaf602212c2848,acquisition,
2345,originals/rutst/2022/RuTST_2022_Y_S7__4c56b4e0febf95d6.pdf,files/rutst/2022/RuTST_2022_Y_S7__4c56b4e0febf95d6.pdf,4c56b4e0febf95d6cad4b3b79b4138a1a302cd6f2dc73a3bd67941d189d7c9d7,1044608,6,hardlink,4c56b4e0febf95d6cad4b3b79b4138a1a302cd6f2dc73a3bd67941d189d7c9d7,acquisition,
2346,originals/rutst/2022/RuTST_2022_Y_A8__a6214190915fd5a0.pdf,files/rutst/2022/RuTST_2022_Y_A8__a6214190915fd5a0.pdf,a6214190915fd5a017a09d65da466b86039e9968cd0f0ee1500afeb501785d4e,100026,6,hardlink,a6214190915fd5a017a09d65da466b86039e9968cd0f0ee1500afeb501785d4e,acquisition,
2347,originals/rutst/2022/RuTST_2022_Y_S8__12575f41c0dcc653.pdf,files/rutst/2022/RuTST_2022_Y_S8__12575f41c0dcc653.pdf,12575f41c0dcc653d8244d5b5c5997e43f8bb2eb797c22f1204e691dc3e5a24b,146185,4,hardlink,12575f41c0dcc653d8244d5b5c5997e43f8bb2eb797c22f1204e691dc3e5a24b,acquisition,
2348,originals/rutst/2022/RuTST_2022_Y_Q9__9a2bf08c1aae5636.pdf,files/rutst/2022/RuTST_2022_Y_Q9__9a2bf08c1aae5636.pdf,9a2bf08c1aae563604e5b18b50e7fe764e9921f614c2a5fe36d5ff61c2edd140,571721,3,hardlink,9a2bf08c1aae563604e5b18b50e7fe764e9921f614c2a5fe36d5ff61c2edd140,acquisition,
2349,originals/rutst/2022/RuTST_2022_Y_Q10__884f78c9bfb029aa.pdf,files/rutst/2022/RuTST_2022_Y_Q10__884f78c9bfb029aa.pdf,884f78c9bfb029aa6385f33d1ab14c41f4016797652554f0fb5161148bb372d9,115984,1,hardlink,884f78c9bfb029aa6385f33d1ab14c41f4016797652554f0fb5161148bb372d9,acquisition,
235,originals/ipho/2016/IPhO_2016_P2__fdcd07c943dce075.pdf,files/ipho/2016/IPhO_2016_P2__fdcd07c943dce075.pdf,fdcd07c943dce075e29a388b012425c4c6dacbf47027c7b586824a0de8f1c18b,864535,15,hardlink,fdcd07c943dce075e29a388b012425c4c6dacbf47027c7b586824a0de8f1c18b,acquisition,
2350,originals/rutst/2022/RuTST_2022_Y_S10__52cfbcaff4bf47c9.pdf,files/rutst/2022/RuTST_2022_Y_S10__52cfbcaff4bf47c9.pdf,52cfbcaff4bf47c92f68f97c909247254201e9480122ddf5ea7ed90328e87c57,70949,2,hardlink,52cfbcaff4bf47c92f68f97c909247254201e9480122ddf5ea7ed90328e87c57,acquisition,
2351,originals/rutst/2022/RuTST_2022_W_Q1__a3142f0a365fcb08.pdf,files/rutst/2022/RuTST_2022_W_Q1__a3142f0a365fcb08.pdf,a3142f0a365fcb08eeccc02ea6dfe011e33f5f9cbe3465be3529cbd8008aa635,343445,2,hardlink,a3142f0a365fcb08eeccc02ea6dfe011e33f5f9cbe3465be3529cbd8008aa635,acquisition,
2352,originals/rutst/2022/RuTST_2022_W_S1__fe903824c3f142cd.pdf,files/rutst/2022/RuTST_2022_W_S1__fe903824c3f142cd.pdf,fe903824c3f142cd6eff58fb681afbeab7445566e8347d305428a116c5793307,95907,4,hardlink,fe903824c3f142cd6eff58fb681afbeab7445566e8347d305428a116c5793307,acquisition,
2353,originals/rutst/2022/RuTST_2022_W_Q2__2a911e728208d438.pdf,files/rutst/2022/RuTST_2022_W_Q2__2a911e728208d438.pdf,2a911e728208d43873dc4fde1e4275ba11f94be4c18a5aa7ef58562e6bc58e72,191855,2,hardlink,2a911e728208d43873dc4fde1e4275ba11f94be4c18a5aa7ef58562e6bc58e72,acquisition,
2354,originals/rutst/2022/RuTST_2022_W_Q3__6989685693979d19.pdf,files/rutst/2022/RuTST_2022_W_Q3__6989685693979d19.pdf,6989685693979d197016368c90a0b51516ca1def830dd04891b4995c0fe966b1,152842,3,hardlink,6989685693979d197016368c90a0b51516ca1def830dd04891b4995c0fe966b1,acquisition,
2355,originals/rutst/2022/RuTST_2022_W_S2__ffbf614e0af4003e.pdf,files/rutst/2022/RuTST_2022_W_S2__ffbf614e0af4003e.pdf,ffbf614e0af4003e0d3c85be4863b419a659632e45542d7ae124979e92bab0f8,84664,3,hardlink,ffbf614e0af4003e0d3c85be4863b419a659632e45542d7ae124979e92bab0f8,acquisition,
2356,originals/rutst/2022/RuTST_2022_W_S3__5dffb34ee3e770f8.pdf,files/rutst/2022/RuTST_2022_W_S3__5dffb34ee3e770f8.pdf,5dffb34ee3e770f8729a835e47e3abbf11adceb56def7d583b6d4af15236bba7,443427,5,hardlink,5dffb34ee3e770f8729a835e47e3abbf11adceb56def7d583b6d4af15236bba7,acquisition,
2357,originals/rutst/2022/RuTST_2022_W_A3__c2ab49d5cc4011cc.pdf,files/rutst/2022/RuTST_2022_W_A3__c2ab49d5cc4011cc.pdf,c2ab49d5cc4011ccb36bc8ec1b4fddfd10a21668ccaf056e0db25c2a4b2bb83d,90769,6,hardlink,c2ab49d5cc4011ccb36bc8ec1b4fddfd10a21668ccaf056e0db25c2a4b2bb83d,acquisition,
2358,originals/rutst/2021/RuTST_2021_X_Q1__de0e4d3c92b03027.pdf,files/rutst/2021/RuTST_2021_X_Q1__de0e4d3c92b03027.pdf,de0e4d3c92b03027f1876dcdf35387051ab8320c1823237a84d1b86bcb96a455,85660,1,hardlink,de0e4d3c92b03027f1876dcdf35387051ab8320c1823237a84d1b86bcb96a455,acquisition,
2359,originals/rutst/2021/RuTST_2021_X_S1__7f820e6048e4aae1.pdf,files/rutst/2021/RuTST_2021_X_S1__7f820e6048e4aae1.pdf,7f820e6048e4aae15eefaa58d0192c09913621629f255e8ea83c58af1bca7168,89607,2,hardlink,7f820e6048e4aae15eefaa58d0192c09913621629f255e8ea83c58af1bca7168,acquisition,
2360,originals/rutst/2021/RuTST_2021_X_Q2__29f9772660bc7587.pdf,files/rutst/2021/RuTST_2021_X_Q2__29f9772660bc7587.pdf,29f9772660bc7587b4b748f17b146f3e9018a2de5cc7abe5ac0cedc9a633644e,95866,1,hardlink,29f9772660bc7587b4b748f17b146f3e9018a2de5cc7abe5ac0cedc9a633644e,acquisition,
2361,originals/rutst/2021/RuTST_2021_X_S2__61492040a876b8dd.pdf,files/rutst/2021/RuTST_2021_X_S2__61492040a876b8dd.pdf,61492040a876b8ddf0dffe4f2a5d4a29bcb33ea093852c395aa5faa6696c7aae,57350,1,hardlink,61492040a876b8ddf0dffe4f2a5d4a29bcb33ea093852c395aa5faa6696c7aae,acquisition,
2362,originals/rutst/2021/RuTST_2021_X_Q3__1b83e025d9988ca4.pdf,files/rutst/2021/RuTST_2021_X_Q3__1b83e025d9988ca4.pdf,1b83e025d9988ca479cfa3b3898352e3c9efd66956b2a173d944989f37dae308,135382,1,hardlink,1b83e025d9988ca479cfa3b3898352e3c9efd66956b2a173d944989f37dae308,acquisition,
2363,originals/rutst/2021/RuTST_2021_X_S3__ab35f67fdb22f1b1.pdf,files/rutst/2021/RuTST_2021_X_S3__ab35f67fdb22f1b1.pdf,ab35f67fdb22f1b11533cd3f9fd99402899267ffea1839a4f2f98829d24f4e5e,143299,6,hardlink,ab35f67fdb22f1b11533cd3f9fd99402899267ffea1839a4f2f98829d24f4e5e,acquisition,
2364,originals/rutst/2021/RuTST_2021_X_Q4__81a8512a19371405.pdf,files/rutst/2021/RuTST_2021_X_Q4__81a8512a19371405.pdf,81a8512a19371405518b9b40289276e355036ea5b6244ecc7ebbe9bb4d94852e,161015,2,hardlink,81a8512a19371405518b9b40289276e355036ea5b6244ecc7ebbe9bb4d94852e,acquisition,
2365,originals/rutst/2021/RuTST_2021_X_S4__2a0675489da16db0.pdf,files/rutst/2021/RuTST_2021_X_S4__2a0675489da16db0.pdf,2a0675489da16db0a4509ee11fefa1c7557411c9eb349d18ff43d7ec9b6e16b3,112245,4,hardlink,2a0675489da16db0a4509ee11fefa1c7557411c9eb349d18ff43d7ec9b6e16b3,acquisition,
2366,originals/rutst/2021/RuTST_2021_X_Q5__8f4e3d653102f412.pdf,files/rutst/2021/RuTST_2021_X_Q5__8f4e3d653102f412.pdf,8f4e3d653102f4122f64af03d8ad2150c7ee765563dbe64db768c8150417cdbf,270176,5,hardlink,8f4e3d653102f4122f64af03d8ad2150c7ee765563dbe64db768c8150417cdbf,acquisition,
2367,originals/rutst/2021/RuTST_2021_X_S5__c8fda6a81f490411.pdf,files/rutst/2021/RuTST_2021_X_S5__c8fda6a81f490411.pdf,c8fda6a81f49041118197d3e8329a35643c0982abfea5d318cc332b072c6804a,145739,5,hardlink,c8fda6a81f49041118197d3e8329a35643c0982abfea5d318cc332b072c6804a,acquisition,
2368,originals/rutst/2021/RuTST_2021_X_Q6__3e1bd14814dee19a.pdf,files/rutst/2021/RuTST_2021_X_Q6__3e1bd14814dee19a.pdf,3e1bd14814dee19aa8e2bb43cc24342b1b244a5b7771b975c17b44ba27cf0266,187248,2,hardlink,3e1bd14814dee19aa8e2bb43cc24342b1b244a5b7771b975c17b44ba27cf0266,acquisition,
2369,originals/rutst/2021/RuTST_2021_X_S6__d62b6fde41136db6.pdf,files/rutst/2021/RuTST_2021_X_S6__d62b6fde41136db6.pdf,d62b6fde41136db6892efe936a01b520c9715fc646ea062898049c7f43a2305a,154636,6,hardlink,d62b6fde41136db6892efe936a01b520c9715fc646ea062898049c7f43a2305a,acquisition,
2370,originals/rutst/2021/RuTST_2021_X_Q7__907785e8f6568168.pdf,files/rutst/2021/RuTST_2021_X_Q7__907785e8f6568168.pdf,907785e8f65681680e009b2ddb046360a2cba2c0b2ead4368c47b50b4210ada2,158257,2,hardlink,907785e8f65681680e009b2ddb046360a2cba2c0b2ead4368c47b50b4210ada2,acquisition,
2371,originals/rutst/2021/RuTST_2021_X_S7__f119907c3b67524a.pdf,files/rutst/2021/RuTST_2021_X_S7__f119907c3b67524a.pdf,f119907c3b67524a85ee67ecb2c8db09b7f6426277d30d2e5fec7de59943c61d,115032,5,hardlink,f119907c3b67524a85ee67ecb2c8db09b7f6426277d30d2e5fec7de59943c61d,acquisition,
2372,originals/rutst/2021/RuTST_2021_X_Q8__726f705f6d3bb9a1.pdf,files/rutst/2021/RuTST_2021_X_Q8__726f705f6d3bb9a1.pdf,726f705f6d3bb9a11236a4fa5910dd85b3bbebf834731f2086e423dcf2196637,1039512,3,hardlink,726f705f6d3bb9a11236a4fa5910dd85b3bbebf834731f2086e423dcf2196637,acquisition,
2373,originals/rutst/2021/RuTST_2021_X_S8__af71b5054d879eae.pdf,files/rutst/2021/RuTST_2021_X_S8__af71b5054d879eae.pdf,af71b5054d879eae4854b2ff6c22056d1190dfe58a39ef8af46180d78b89b310,189519,4,hardlink,af71b5054d879eae4854b2ff6c22056d1190dfe58a39ef8af46180d78b89b310,acquisition,
2374,originals/rutst/2021/RuTST_2021_X_Q9__08b88eec13d92bd1.pdf,files/rutst/2021/RuTST_2021_X_Q9__08b88eec13d92bd1.pdf,08b88eec13d92bd156190f9c1066baeccf90cf3aaba2119933d9c37b0ab733b3,298688,3,hardlink,08b88eec13d92bd156190f9c1066baeccf90cf3aaba2119933d9c37b0ab733b3,acquisition,
2375,originals/rutst/2021/RuTST_2021_X_S9__6667df7f86e48a08.pdf,files/rutst/2021/RuTST_2021_X_S9__6667df7f86e48a08.pdf,6667df7f86e48a08c96a66467fe121b18abb406b1bd2705ece67fd01f93db8a7,153541,5,hardlink,6667df7f86e48a08c96a66467fe121b18abb406b1bd2705ece67fd01f93db8a7,acquisition,
2376,originals/rutst/2021/RuTST_2021_X_Q10__e836d077646660e5.pdf,files/rutst/2021/RuTST_2021_X_Q10__e836d077646660e5.pdf,e836d077646660e5bd603cb49c608352a4de427b1629adfc2f026842e94a38af,185223,2,hardlink,e836d077646660e5bd603cb49c608352a4de427b1629adfc2f026842e94a38af,acquisition,
2377,originals/rutst/2021/RuTST_2021_X_S10__ef7e5934b50106fb.pdf,files/rutst/2021/RuTST_2021_X_S10__ef7e5934b50106fb.pdf,ef7e5934b50106fbf01583ab4cdaa1350adbac9e2fb06851a33426afa8a03333,73920,1,hardlink,ef7e5934b50106fbf01583ab4cdaa1350adbac9e2fb06851a33426afa8a03333,acquisition,
2378,originals/rutst/2021/RuTST_2021_Y_Q1__929b4512b18a2b0c.pdf,files/rutst/2021/RuTST_2021_Y_Q1__929b4512b18a2b0c.pdf,929b4512b18a2b0cf79a62f142232f04722f470a3e6344cbcebe1d57819895e1,161143,2,hardlink,929b4512b18a2b0cf79a62f142232f04722f470a3e6344cbcebe1d57819895e1,acquisition,
2379,originals/rutst/2021/RuTST_2021_Y_S1__622b332a457144b9.pdf,files/rutst/2021/RuTST_2021_Y_S1__622b332a457144b9.pdf,622b332a457144b9fb99e02ba95d15fd3a531fb6a82105a128bee75b61a3edb2,139080,5,hardlink,622b332a457144b9fb99e02ba95d15fd3a531fb6a82105a128bee75b61a3edb2,acquisition,
2380,originals/rutst/2021/RuTST_2021_Y_Q2__6959827f69881c5a.pdf,files/rutst/2021/RuTST_2021_Y_Q2__6959827f69881c5a.pdf,6959827f69881c5a684ab001540e2675ab8dbaa44673168ff50d70e699388b6e,198580,2,hardlink,6959827f69881c5a684ab001540e2675ab8dbaa44673168ff50d70e699388b6e,acquisition,
2381,originals/rutst/2021/RuTST_2021_Y_S2__51f424b70a3a94e0.pdf,files/rutst/2021/RuTST_2021_Y_S2__51f424b70a3a94e0.pdf,51f424b70a3a94e02d9379f5a0305b469644950fc6ae72fc6594ae804e16d320,181544,4,hardlink,51f424b70a3a94e02d9379f5a0305b469644950fc6ae72fc6594ae804e16d320,acquisition,
2382,originals/rutst/2021/RuTST_2021_Y_Q3__a0c6838a86d7a213.pdf,files/rutst/2021/RuTST_2021_Y_Q3__a0c6838a86d7a213.pdf,a0c6838a86d7a213ea4c9462466fc81adaa7a0dbd7e9536850ce9db7608e7eb9,116328,2,hardlink,a0c6838a86d7a213ea4c9462466fc81adaa7a0dbd7e9536850ce9db7608e7eb9,acquisition,
2383,originals/rutst/2021/RuTST_2021_Y_S3__4abc98a6457838e9.pdf,files/rutst/2021/RuTST_2021_Y_S3__4abc98a6457838e9.pdf,4abc98a6457838e98fa9b3645460910480471ddac21b0bce32dfe7dc5e7fe483,99297,3,hardlink,4abc98a6457838e98fa9b3645460910480471ddac21b0bce32dfe7dc5e7fe483,acquisition,
2384,originals/rutst/2021/RuTST_2021_Y_Q4__edfe9b45169f1f8c.pdf,files/rutst/2021/RuTST_2021_Y_Q4__edfe9b45169f1f8c.pdf,edfe9b45169f1f8ccf41e7773ce672c7898d46fbb0bfe897c8c307a49168732b,258986,3,hardlink,edfe9b45169f1f8ccf41e7773ce672c7898d46fbb0bfe897c8c307a49168732b,acquisition,
2385,originals/rutst/2021/RuTST_2021_Y_S4__5329226a1a088b96.pdf,files/rutst/2021/RuTST_2021_Y_S4__5329226a1a088b96.pdf,5329226a1a088b965c0226359263867260ca11dc430c588cb5a74424f26801b5,166971,7,hardlink,5329226a1a088b965c0226359263867260ca11dc430c588cb5a74424f26801b5,acquisition,
2386,originals/rutst/2021/RuTST_2021_Y_Q5__4686408bc179730a.pdf,files/rutst/2021/RuTST_2021_Y_Q5__4686408bc179730a.pdf,4686408bc179730a3ea7a29bc5fea0ce6cda50e784b9f453b308021054ce2060,204875,2,hardlink,4686408bc179730a3ea7a29bc5fea0ce6cda50e784b9f453b308021054ce2060,acquisition,
2387,originals/rutst/2021/RuTST_2021_Y_S5__1e77d8e9bd36a8bb.pdf,files/rutst/2021/RuTST_2021_Y_S5__1e77d8e9bd36a8bb.pdf,1e77d8e9bd36a8bb66c35ff62d9765e741270dc32ff07aad179834fb14e4fa10,215075,5,hardlink,1e77d8e9bd36a8bb66c35ff62d9765e741270dc32ff07aad179834fb14e4fa10,acquisition,
2388,originals/rutst/2021/RuTST_2021_Y_S6__dc68f8c4771f0b77.pdf,files/rutst/2021/RuTST_2021_Y_S6__dc68f8c4771f0b77.pdf,dc68f8c4771f0b77e12dc04a6b43655e8fd4229e418c96f23186e05e7fae1b58,258920,5,hardlink,dc68f8c4771f0b77e12dc04a6b43655e8fd4229e418c96f23186e05e7fae1b58,acquisition,
2389,originals/rutst/2021/RuTST_2021_Y_Q6__12a018cd2bb9c3e4.pdf,files/rutst/2021/RuTST_2021_Y_Q6__12a018cd2bb9c3e4.pdf,12a018cd2bb9c3e400b94d9c18479943571c72547803953633cf898d24609bef,133066,2,hardlink,12a018cd2bb9c3e400b94d9c18479943571c72547803953633cf898d24609bef,acquisition,
239,originals/ipho/2016/IPhO_2016_Q4__2ed88d2e3c7bced9.pdf,files/ipho/2016/IPhO_2016_Q4__2ed88d2e3c7bced9.pdf,2ed88d2e3c7bced9295ba0e505cdc6a4bbdfed1a76f8933f03d8bf3ebbbcce9b,545348,13,hardlink,2ed88d2e3c7bced9295ba0e505cdc6a4bbdfed1a76f8933f03d8bf3ebbbcce9b,acquisition,
2390,originals/rutst/2021/RuTST_2021_Y_Q7__6fd47628921542e4.pdf,files/rutst/2021/RuTST_2021_Y_Q7__6fd47628921542e4.pdf,6fd47628921542e44be18a8c5f77cc92c228aa3a760dba8105de071440c32091,1436892,3,hardlink,6fd47628921542e44be18a8c5f77cc92c228aa3a760dba8105de071440c32091,acquisition,
2391,originals/rutst/2021/RuTST_2021_Y_S7__4740c08f037264c4.pdf,files/rutst/2021/RuTST_2021_Y_S7__4740c08f037264c4.pdf,4740c08f037264c4b7b081091f97f6db3ca9b0eb9827a820c6aad633ea619815,770312,6,hardlink,4740c08f037264c4b7b081091f97f6db3ca9b0eb9827a820c6aad633ea619815,acquisition,
2392,originals/rutst/2021/RuTST_2021_Y_Q8__9ba94998d64e2def.pdf,files/rutst/2021/RuTST_2021_Y_Q8__9ba94998d64e2def.pdf,9ba94998d64e2def18ea1b560eb466650ee92610ed45732c72136f568222c8ed,883250,4,hardlink,9ba94998d64e2def18ea1b560eb466650ee92610ed45732c72136f568222c8ed,acquisition,
2393,originals/rutst/2021/RuTST_2021_Y_S8__14bd73777e5f0ce0.pdf,files/rutst/2021/RuTST_2021_Y_S8__14bd73777e5f0ce0.pdf,14bd73777e5f0ce0050998e17edd59c7247519f1c514531035746a9eb3c68e80,191047,3,hardlink,14bd73777e5f0ce0050998e17edd59c7247519f1c514531035746a9eb3c68e80,acquisition,
2394,originals/rutst/2021/RuTST_2021_Y_Q9__81342d94c2d7c627.pdf,files/rutst/2021/RuTST_2021_Y_Q9__81342d94c2d7c627.pdf,81342d94c2d7c627b7298103708c855e4d1adce126b1c97a2555d19996124c57,234741,4,hardlink,81342d94c2d7c627b7298103708c855e4d1adce126b1c97a2555d19996124c57,acquisition,
2395,originals/rutst/2021/RuTST_2021_Y_S9__140df7241b60b522.pdf,files/rutst/2021/RuTST_2021_Y_S9__140df7241b60b522.pdf,140df7241b60b522d6a49c3e5318078538de1fa3204f955ba3712da88b138635,99852,2,hardlink,140df7241b60b522d6a49c3e5318078538de1fa3204f955ba3712da88b138635,acquisition,
2396,originals/rutst/2021/RuTST_2021_Y_Q10__ed8c2af1ba885888.pdf,files/rutst/2021/RuTST_2021_Y_Q10__ed8c2af1ba885888.pdf,ed8c2af1ba885888349506d6a6aef206163d69afadcf3876cfbe39b4eb77bcf5,104373,1,hardlink,ed8c2af1ba885888349506d6a6aef206163d69afadcf3876cfbe39b4eb77bcf5,acquisition,
2397,originals/rutst/2021/RuTST_2021_Y_S10__5d9d339f7638b132.pdf,files/rutst/2021/RuTST_2021_Y_S10__5d9d339f7638b132.pdf,5d9d339f7638b132bb7af8ecd468fb152fe165f128909967efff95c7ca4692fd,234586,2,hardlink,5d9d339f7638b132bb7af8ecd468fb152fe165f128909967efff95c7ca4692fd,acquisition,
2398,originals/rutst/2021/RuTST_2021_W_Q1__e401a723ef09dcb1.pdf,files/rutst/2021/RuTST_2021_W_Q1__e401a723ef09dcb1.pdf,e401a723ef09dcb1d5352454d35944ccb1f12655acec50eedfa0124daa345528,143296,1,hardlink,e401a723ef09dcb1d5352454d35944ccb1f12655acec50eedfa0124daa345528,acquisition,
2399,originals/rutst/2021/RuTST_2021_W_S1__1ae34942aaba33e0.pdf,files/rutst/2021/RuTST_2021_W_S1__1ae34942aaba33e0.pdf,1ae34942aaba33e0c02d906fdaf47f6117d42f4962706e26f8ddbc2b964d8d64,393334,4,hardlink,1ae34942aaba33e0c02d906fdaf47f6117d42f4962706e26f8ddbc2b964d8d64,acquisition,
24,originals/ipho/2026/IPhO_2026_Q4__3f79b7d7fd62784a.pdf,files/ipho/2026/IPhO_2026_Q4__3f79b7d7fd62784a.pdf,3f79b7d7fd62784a61679721d953e3eadf9d1a2838b5bec34c6a249a14014471,2713074,14,hardlink,3f79b7d7fd62784a61679721d953e3eadf9d1a2838b5bec34c6a249a14014471,acquisition,
240,originals/ipho/2016/IPhO_2016_A4__6c8969ec63804ccb.pdf,files/ipho/2016/IPhO_2016_A4__6c8969ec63804ccb.pdf,6c8969ec63804ccb3fa495b8a21787f38b1fbe3b406aedbb206bce9d8b05d992,98785,12,hardlink,6c8969ec63804ccb3fa495b8a21787f38b1fbe3b406aedbb206bce9d8b05d992,acquisition,
2400,originals/rutst/2021/RuTST_2021_W_Q2__e9090abd20096fc2.pdf,files/rutst/2021/RuTST_2021_W_Q2__e9090abd20096fc2.pdf,e9090abd20096fc255dd1852a415656df3e798e8fdc38129738a6e262e7a025a,113971,1,hardlink,e9090abd20096fc255dd1852a415656df3e798e8fdc38129738a6e262e7a025a,acquisition,
2401,originals/rutst/2021/RuTST_2021_W_S2__815766ef0a22423e.pdf,files/rutst/2021/RuTST_2021_W_S2__815766ef0a22423e.pdf,815766ef0a22423ee8129a3897c7275fbf74d868abe2162abcb4a7dfaf558728,80990,1,hardlink,815766ef0a22423ee8129a3897c7275fbf74d868abe2162abcb4a7dfaf558728,acquisition,
2402,originals/rutst/2021/RuTST_2021_W_S3__9c8e2c82e073e7ab.pdf,files/rutst/2021/RuTST_2021_W_S3__9c8e2c82e073e7ab.pdf,9c8e2c82e073e7ab8fbd230efbc64b34db616986b8dbce69705087bdd9a672e0,56974,2,hardlink,9c8e2c82e073e7ab8fbd230efbc64b34db616986b8dbce69705087bdd9a672e0,acquisition,
2403,originals/rutst/2021/RuTST_2021_W_Q3__ce918f99e0096832.pdf,files/rutst/2021/RuTST_2021_W_Q3__ce918f99e0096832.pdf,ce918f99e0096832422cac3bcbc45c5470aa26b3a0bbb8172e5fcb97a28845cd,92205,1,hardlink,ce918f99e0096832422cac3bcbc45c5470aa26b3a0bbb8172e5fcb97a28845cd,acquisition,
2404,originals/rutst/2021/RuTST_2021_W_Q4__c6f789f0fde7bcf0.pdf,files/rutst/2021/RuTST_2021_W_Q4__c6f789f0fde7bcf0.pdf,c6f789f0fde7bcf0f34c9dd1e3ad2984e3c124e23666b76f547880b78e2e1795,121744,1,hardlink,c6f789f0fde7bcf0f34c9dd1e3ad2984e3c124e23666b76f547880b78e2e1795,acquisition,
2405,originals/rutst/2022/RuTST_2022_Y_S9__2b9126ca668f6105.pdf,files/rutst/2022/RuTST_2022_Y_S9__2b9126ca668f6105.pdf,2b9126ca668f6105f07a09b4559d9927e82ac6755e23ec6e4c3077334d8a3ac1,288018,5,hardlink,2b9126ca668f6105f07a09b4559d9927e82ac6755e23ec6e4c3077334d8a3ac1,acquisition,
2406,originals/rutst/2021/RuTST_2021_W_S4__03673c8c5ac106fb.pdf,files/rutst/2021/RuTST_2021_W_S4__03673c8c5ac106fb.pdf,03673c8c5ac106fb9e79101760d7289cefdc8f8de2bb93a4ec2fff8ce33702ef,347215,1,hardlink,03673c8c5ac106fb9e79101760d7289cefdc8f8de2bb93a4ec2fff8ce33702ef,acquisition,
2407,originals/rutst/2021/RuTST_2021_W_Q5__125bdd31a1e0c82b.pdf,files/rutst/2021/RuTST_2021_W_Q5__125bdd31a1e0c82b.pdf,125bdd31a1e0c82bf1046643b9620ea68222d3cbdf026c597b92de6be8998b93,114242,1,hardlink,125bdd31a1e0c82bf1046643b9620ea68222d3cbdf026c597b92de6be8998b93,acquisition,
2408,originals/rutst/2021/RuTST_2021_W_S5__d440b883ef941c71.pdf,files/rutst/2021/RuTST_2021_W_S5__d440b883ef941c71.pdf,d440b883ef941c7158fae1c03248594fafcb42be1d8066aeef39d1ddd9d82222,67724,1,hardlink,d440b883ef941c7158fae1c03248594fafcb42be1d8066aeef39d1ddd9d82222,acquisition,
2409,originals/rutst/2021/RuTST_2021_W_Q6__b8df84ae4b1f85d9.pdf,files/rutst/2021/RuTST_2021_W_Q6__b8df84ae4b1f85d9.pdf,b8df84ae4b1f85d9116fdc0166c7dfab780334e44a955dd1075df3da81d0e03c,506029,2,hardlink,b8df84ae4b1f85d9116fdc0166c7dfab780334e44a955dd1075df3da81d0e03c,acquisition,
241,originals/ipho/2016/IPhO_2016_S4__50d61374c89e7ed6.pdf,files/ipho/2016/IPhO_2016_S4__50d61374c89e7ed6.pdf,50d61374c89e7ed63dd997a8205ea47d88b4cb7e35de293cf70e4829880c14c7,684958,11,hardlink,50d61374c89e7ed63dd997a8205ea47d88b4cb7e35de293cf70e4829880c14c7,acquisition,
2410,originals/rutst/2021/RuTST_2021_W_S6__435873ca1f42bfc0.pdf,files/rutst/2021/RuTST_2021_W_S6__435873ca1f42bfc0.pdf,435873ca1f42bfc0b9466fb3920534d86762320aaaf0e7b221c75886b3b29297,125622,3,hardlink,435873ca1f42bfc0b9466fb3920534d86762320aaaf0e7b221c75886b3b29297,acquisition,
2411,originals/rutst/2021/RuTST_2021_W_Q7__78e39401b00b2233.pdf,files/rutst/2021/RuTST_2021_W_Q7__78e39401b00b2233.pdf,78e39401b00b2233ed25ff4144befae77642152c03e35978212a317f11cfb70d,494766,2,hardlink,78e39401b00b2233ed25ff4144befae77642152c03e35978212a317f11cfb70d,acquisition,
2412,originals/rutst/2021/RuTST_2021_W_S7__23a70a5ee47c3116.pdf,files/rutst/2021/RuTST_2021_W_S7__23a70a5ee47c3116.pdf,23a70a5ee47c3116f75f1504dd15a97e17c0676e8136811fd479d774526794fd,91902,3,hardlink,23a70a5ee47c3116f75f1504dd15a97e17c0676e8136811fd479d774526794fd,acquisition,
2413,originals/rutst/2021/RuTST_2021_W_S8__966a380a40878265.pdf,files/rutst/2021/RuTST_2021_W_S8__966a380a40878265.pdf,966a380a40878265f2225d0c902300e280321136f85059a5e9d02aca949fbfa1,111903,2,hardlink,966a380a40878265f2225d0c902300e280321136f85059a5e9d02aca949fbfa1,acquisition,
2414,originals/rutst/2021/RuTST_2021_W_Q8__5b982ebd2757ff14.pdf,files/rutst/2021/RuTST_2021_W_Q8__5b982ebd2757ff14.pdf,5b982ebd2757ff1480ef53388533e6c8b75081831251c57c74ad4d512d0a1073,4249098,2,hardlink,5b982ebd2757ff1480ef53388533e6c8b75081831251c57c74ad4d512d0a1073,acquisition,
2415,originals/rutst/2021/RuTST_2021_W_Q9__1421c4466b9dfde3.pdf,files/rutst/2021/RuTST_2021_W_Q9__1421c4466b9dfde3.pdf,1421c4466b9dfde36b58b6905f7ff3111733725d8127a3ccd8da24d7276e47c4,185169,4,hardlink,1421c4466b9dfde36b58b6905f7ff3111733725d8127a3ccd8da24d7276e47c4,acquisition,
2416,originals/rutst/2021/RuTST_2021_W_S9__a601bd4be4b09856.pdf,files/rutst/2021/RuTST_2021_W_S9__a601bd4be4b09856.pdf,a601bd4be4b09856affee10d3e71290873ac409aafcd6c1fcca3766e9775b8f3,220707,3,hardlink,a601bd4be4b09856affee10d3e71290873ac409aafcd6c1fcca3766e9775b8f3,acquisition,
2417,originals/rutst/2021/RuTST_2021_W_Q10__2d5a985b3d5ea50d.pdf,files/rutst/2021/RuTST_2021_W_Q10__2d5a985b3d5ea50d.pdf,2d5a985b3d5ea50dbc57932903d6886f3c6a937d639791d9a4f07ca7bc3fbc64,111816,1,hardlink,2d5a985b3d5ea50dbc57932903d6886f3c6a937d639791d9a4f07ca7bc3fbc64,acquisition,
2418,originals/rutst/2021/RuTST_2021_W_S10__b5412f43756b7ca4.pdf,files/rutst/2021/RuTST_2021_W_S10__b5412f43756b7ca4.pdf,b5412f43756b7ca47a2f94c5c25251c57ccce10d25cc9d64f4e6e112339a303f,63915,2,hardlink,b5412f43756b7ca47a2f94c5c25251c57ccce10d25cc9d64f4e6e112339a303f,acquisition,
2419,originals/rutst/2020/RuTST_2020_X_Q1__53a0a5ae1f01255a.pdf,files/rutst/2020/RuTST_2020_X_Q1__53a0a5ae1f01255a.pdf,53a0a5ae1f01255a54a93065505d5c23d18c3d72797cd206ce65d2ed6245e6b7,141057,3,hardlink,53a0a5ae1f01255a54a93065505d5c23d18c3d72797cd206ce65d2ed6245e6b7,acquisition,
242,originals/ipho/2016/IPhO_2016_M4__19d7effaa3129df9.pdf,files/ipho/2016/IPhO_2016_M4__19d7effaa3129df9.pdf,19d7effaa3129df9d510d73fe7a8881bba4efd966f07a3c8005504d01b911fcf,199660,4,hardlink,19d7effaa3129df9d510d73fe7a8881bba4efd966f07a3c8005504d01b911fcf,acquisition,
2420,originals/rutst/2020/RuTST_2020_X_S1__db4048abeaa985fa.pdf,files/rutst/2020/RuTST_2020_X_S1__db4048abeaa985fa.pdf,db4048abeaa985fae49ab5c26adebe8e1557d208e9dc107982838fc1566e1260,304109,5,hardlink,db4048abeaa985fae49ab5c26adebe8e1557d208e9dc107982838fc1566e1260,acquisition,
2421,originals/rutst/2020/RuTST_2020_X_Q2__ca34bf89320c78b8.pdf,files/rutst/2020/RuTST_2020_X_Q2__ca34bf89320c78b8.pdf,ca34bf89320c78b817f793cf9e2b0929f844486efce3386f0feee0804dcbf771,242758,2,hardlink,ca34bf89320c78b817f793cf9e2b0929f844486efce3386f0feee0804dcbf771,acquisition,
2422,originals/rutst/2020/RuTST_2020_X_Q3__c18408bb91c6ad0d.pdf,files/rutst/2020/RuTST_2020_X_Q3__c18408bb91c6ad0d.pdf,c18408bb91c6ad0dd6079565a495c155305d32d54cb1372e6b853748f272c42b,241828,2,hardlink,c18408bb91c6ad0dd6079565a495c155305d32d54cb1372e6b853748f272c42b,acquisition,
2423,originals/rutst/2020/RuTST_2020_X_S2__b022a6697dd90403.pdf,files/rutst/2020/RuTST_2020_X_S2__b022a6697dd90403.pdf,b022a6697dd9040309e24133fda1044f71ebc4b5704b806063674fad767ec17d,100490,4,hardlink,b022a6697dd9040309e24133fda1044f71ebc4b5704b806063674fad767ec17d,acquisition,
2424,originals/rutst/2020/RuTST_2020_X_S3__09895a053e540546.pdf,files/rutst/2020/RuTST_2020_X_S3__09895a053e540546.pdf,09895a053e54054679457dab11a6adda186cf599edfecd05d943759fb775129a,121576,3,hardlink,09895a053e54054679457dab11a6adda186cf599edfecd05d943759fb775129a,acquisition,
2425,originals/rutst/2020/RuTST_2020_X_S4__e47d75ad96197839.pdf,files/rutst/2020/RuTST_2020_X_S4__e47d75ad96197839.pdf,e47d75ad9619783948a02c297d1f89989131b974fa403c5830f9aa1f22ff83af,32495,1,hardlink,e47d75ad9619783948a02c297d1f89989131b974fa403c5830f9aa1f22ff83af,acquisition,
2426,originals/rutst/2020/RuTST_2020_X_Q4__21c03c49c9bfcc2d.pdf,files/rutst/2020/RuTST_2020_X_Q4__21c03c49c9bfcc2d.pdf,21c03c49c9bfcc2d8f36fc358b42a0cc150dc776c907950d9e2d1591efba1ed3,164130,1,hardlink,21c03c49c9bfcc2d8f36fc358b42a0cc150dc776c907950d9e2d1591efba1ed3,acquisition,
2427,originals/rutst/2020/RuTST_2020_X_Q5__b5d6ab3dac2a6937.pdf,files/rutst/2020/RuTST_2020_X_Q5__b5d6ab3dac2a6937.pdf,b5d6ab3dac2a6937b56733e3d27879a231a6efde01d21acc85382b05b67d3f87,76957,1,hardlink,b5d6ab3dac2a6937b56733e3d27879a231a6efde01d21acc85382b05b67d3f87,acquisition,
2428,originals/rutst/2020/RuTST_2020_X_S5__4066661649524668.pdf,files/rutst/2020/RuTST_2020_X_S5__4066661649524668.pdf,4066661649524668e31f1be6162376f5a18a3b300da0a976b81159ed4d38c6c4,55013,1,hardlink,4066661649524668e31f1be6162376f5a18a3b300da0a976b81159ed4d38c6c4,acquisition,
2429,originals/rutst/2020/RuTST_2020_X_S6__56e1ab24aeab5c05.pdf,files/rutst/2020/RuTST_2020_X_S6__56e1ab24aeab5c05.pdf,56e1ab24aeab5c0569ae55d80803632e89095488728752bbe11be6a3aba98bf7,117774,3,hardlink,56e1ab24aeab5c0569ae55d80803632e89095488728752bbe11be6a3aba98bf7,acquisition,
243,originals/ipho/2016/IPhO_2016_Q4_Calibration__d3207b5a53bf75ec.pdf,files/ipho/2016/IPhO_2016_Q4_Calibration__d3207b5a53bf75ec.pdf,d3207b5a53bf75ec127f2d9593d470430cef5cd0fa5eddd61ad772f078349194,78161,10,hardlink,d3207b5a53bf75ec127f2d9593d470430cef5cd0fa5eddd61ad772f078349194,acquisition,
2430,originals/rutst/2020/RuTST_2020_X_Q6__5473365a45222979.pdf,files/rutst/2020/RuTST_2020_X_Q6__5473365a45222979.pdf,5473365a45222979cbdc3202eff59f1731c09547a906e8d636d659e12bd89e79,659389,3,hardlink,5473365a45222979cbdc3202eff59f1731c09547a906e8d636d659e12bd89e79,acquisition,
2431,originals/rutst/2020/RuTST_2020_X_Q7__8e31fa16e92cb4de.pdf,files/rutst/2020/RuTST_2020_X_Q7__8e31fa16e92cb4de.pdf,8e31fa16e92cb4dee2950aacf31a2f877db9f7b78b2c9e7ed130bdf297f11b95,741379,3,hardlink,8e31fa16e92cb4dee2950aacf31a2f877db9f7b78b2c9e7ed130bdf297f11b95,acquisition,
2432,originals/rutst/2020/RuTST_2020_X_S7__2eb505f947762aa9.pdf,files/rutst/2020/RuTST_2020_X_S7__2eb505f947762aa9.pdf,2eb505f947762aa9931f76fe0e1414977f108ee83bdd23d5a5df9b2b64861a97,52153,1,hardlink,2eb505f947762aa9931f76fe0e1414977f108ee83bdd23d5a5df9b2b64861a97,acquisition,
2433,originals/rutst/2020/RuTST_2020_X_Q8__ea7c764600b52fe8.pdf,files/rutst/2020/RuTST_2020_X_Q8__ea7c764600b52fe8.pdf,ea7c764600b52fe8d61946c5dd4d35bb5f008103e49997acecb1c9c57d995d46,637729,3,hardlink,ea7c764600b52fe8d61946c5dd4d35bb5f008103e49997acecb1c9c57d995d46,acquisition,
2434,originals/rutst/2020/RuTST_2020_X_S8__923a2796df83b4aa.pdf,files/rutst/2020/RuTST_2020_X_S8__923a2796df83b4aa.pdf,923a2796df83b4aafa7124fb2d5837981afe42aa8a865bd38c3406ea8304452f,87421,2,hardlink,923a2796df83b4aafa7124fb2d5837981afe42aa8a865bd38c3406ea8304452f,acquisition,
2435,originals/rutst/2020/RuTST_2020_X_Q9__f0ecf050e6ae5560.pdf,files/rutst/2020/RuTST_2020_X_Q9__f0ecf050e6ae5560.pdf,f0ecf050e6ae55604cc824a4d8fbf0ede2cbdbf38ed46f542291fdc0fd877373,144614,1,hardlink,f0ecf050e6ae55604cc824a4d8fbf0ede2cbdbf38ed46f542291fdc0fd877373,acquisition,
2436,originals/rutst/2020/RuTST_2020_X_S9__735a28baae0ea7da.pdf,files/rutst/2020/RuTST_2020_X_S9__735a28baae0ea7da.pdf,735a28baae0ea7da92388d93aa3ded4ebe3c6f3bdda3b376da114eef305a9d65,60076,1,hardlink,735a28baae0ea7da92388d93aa3ded4ebe3c6f3bdda3b376da114eef305a9d65,acquisition,
2437,originals/rutst/2020/RuTST_2020_X_Q10__b82933c87f89dcb5.pdf,files/rutst/2020/RuTST_2020_X_Q10__b82933c87f89dcb5.pdf,b82933c87f89dcb5673f2be151022136e09bf4083656441e678a045c837c1503,1464195,5,hardlink,b82933c87f89dcb5673f2be151022136e09bf4083656441e678a045c837c1503,acquisition,
2438,originals/rutst/2020/RuTST_2020_X_S10__a134c1995a78d8b8.pdf,files/rutst/2020/RuTST_2020_X_S10__a134c1995a78d8b8.pdf,a134c1995a78d8b83642224ea5d57ceadb222932947baa9e2cc6de23f6e9cfca,41979,1,hardlink,a134c1995a78d8b83642224ea5d57ceadb222932947baa9e2cc6de23f6e9cfca,acquisition,
2439,originals/rutst/2020/RuTST_2020_Y_Q1__cd6c3b9dcf94cd66.pdf,files/rutst/2020/RuTST_2020_Y_Q1__cd6c3b9dcf94cd66.pdf,cd6c3b9dcf94cd66dfb6fc417339c54160a8db9c4ad76ed36fb372e59f570772,81526,1,hardlink,cd6c3b9dcf94cd66dfb6fc417339c54160a8db9c4ad76ed36fb372e59f570772,acquisition,
244,originals/ipho/2016/IPhO_2016_Q5__8bcd286320d4ecb6.pdf,files/ipho/2016/IPhO_2016_Q5__8bcd286320d4ecb6.pdf,8bcd286320d4ecb65b5e35073384df41364e037442106a96cb8eba2162b7eba2,193656,5,hardlink,8bcd286320d4ecb65b5e35073384df41364e037442106a96cb8eba2162b7eba2,acquisition,
2440,originals/rutst/2020/RuTST_2020_Y_S1__a9b4807e5542c205.pdf,files/rutst/2020/RuTST_2020_Y_S1__a9b4807e5542c205.pdf,a9b4807e5542c205c7d075b8c735bcf9327a17f5da470cb279c6ea1d817b24a2,72668,2,hardlink,a9b4807e5542c205c7d075b8c735bcf9327a17f5da470cb279c6ea1d817b24a2,acquisition,
2441,originals/rutst/2020/RuTST_2020_Y_Q2__c9f0ea424018e38f.pdf,files/rutst/2020/RuTST_2020_Y_Q2__c9f0ea424018e38f.pdf,c9f0ea424018e38fdad86d72ff769077e817d7edcdb43a02cc7cd35d5d1a578d,74824,1,hardlink,c9f0ea424018e38fdad86d72ff769077e817d7edcdb43a02cc7cd35d5d1a578d,acquisition,
2442,originals/rutst/2020/RuTST_2020_Y_S2__7519e4767965a30f.pdf,files/rutst/2020/RuTST_2020_Y_S2__7519e4767965a30f.pdf,7519e4767965a30f432604a6d387f8b70ac3067b228fd7f90bf562055825453b,54700,1,hardlink,7519e4767965a30f432604a6d387f8b70ac3067b228fd7f90bf562055825453b,acquisition,
2443,originals/rutst/2020/RuTST_2020_Y_Q3__4476b57d43ca4d08.pdf,files/rutst/2020/RuTST_2020_Y_Q3__4476b57d43ca4d08.pdf,4476b57d43ca4d0879e42560e7cd950b757c12c3777da5e981eb3282941aba98,138535,2,hardlink,4476b57d43ca4d0879e42560e7cd950b757c12c3777da5e981eb3282941aba98,acquisition,
2444,originals/rutst/2020/RuTST_2020_Y_S3__4e73b7796ba714f4.pdf,files/rutst/2020/RuTST_2020_Y_S3__4e73b7796ba714f4.pdf,4e73b7796ba714f46250ded03c8864bf707d6d2668f1158517b5c7ac6966e300,113044,4,hardlink,4e73b7796ba714f46250ded03c8864bf707d6d2668f1158517b5c7ac6966e300,acquisition,
2445,originals/rutst/2020/RuTST_2020_Y_Q4__89ac83f355287b14.pdf,files/rutst/2020/RuTST_2020_Y_Q4__89ac83f355287b14.pdf,89ac83f355287b141361fa8415e91029ae1b88df6dd9c7aad339b6622be821b8,261398,2,hardlink,89ac83f355287b141361fa8415e91029ae1b88df6dd9c7aad339b6622be821b8,acquisition,
2446,originals/rutst/2020/RuTST_2020_Y_S4__45d3f9cfa80e8bfa.pdf,files/rutst/2020/RuTST_2020_Y_S4__45d3f9cfa80e8bfa.pdf,45d3f9cfa80e8bfab66a6da72e8a53c15f936bbf775e55a18b1bd06d52445e52,115163,3,hardlink,45d3f9cfa80e8bfab66a6da72e8a53c15f936bbf775e55a18b1bd06d52445e52,acquisition,
2447,originals/rutst/2020/RuTST_2020_Y_Q5__19c3790fc4f611f1.pdf,files/rutst/2020/RuTST_2020_Y_Q5__19c3790fc4f611f1.pdf,19c3790fc4f611f100fd36fd07c3f6e16a7b641cf91d298d79f78b3e361b6c08,184060,2,hardlink,19c3790fc4f611f100fd36fd07c3f6e16a7b641cf91d298d79f78b3e361b6c08,acquisition,
2448,originals/rutst/2020/RuTST_2020_Y_S5__d75a76f0dd3284e9.pdf,files/rutst/2020/RuTST_2020_Y_S5__d75a76f0dd3284e9.pdf,d75a76f0dd3284e989c99186bd8ba6a0655859a94d8845d349653bfdf4159fd9,114254,2,hardlink,d75a76f0dd3284e989c99186bd8ba6a0655859a94d8845d349653bfdf4159fd9,acquisition,
2449,originals/rutst/2020/RuTST_2020_Y_Q6__28ec20363a01b9de.pdf,files/rutst/2020/RuTST_2020_Y_Q6__28ec20363a01b9de.pdf,28ec20363a01b9dee3276f6c03c18c096f0e14627fca1215fbd6b12941ba441b,372005,3,hardlink,28ec20363a01b9dee3276f6c03c18c096f0e14627fca1215fbd6b12941ba441b,acquisition,
245,originals/ipho/2016/IPhO_2016_P4__3307469a85a2f749.pdf,files/ipho/2016/IPhO_2016_P4__3307469a85a2f749.pdf,3307469a85a2f749e9cd5089e21a08420cef6eda9a0f813fb4d886a1ddcc369b,2936070,19,hardlink,3307469a85a2f749e9cd5089e21a08420cef6eda9a0f813fb4d886a1ddcc369b,acquisition,
2450,originals/rutst/2020/RuTST_2020_Y_S6__4adc3cd4f00a61ae.pdf,files/rutst/2020/RuTST_2020_Y_S6__4adc3cd4f00a61ae.pdf,4adc3cd4f00a61aef53350fcb5073c8b04c8b7d471d140ac4c9b96ea0e4a2bc2,128123,4,hardlink,4adc3cd4f00a61aef53350fcb5073c8b04c8b7d471d140ac4c9b96ea0e4a2bc2,acquisition,
2451,originals/rutst/2020/RuTST_2020_Y_Q7__6c936c74532cbaac.pdf,files/rutst/2020/RuTST_2020_Y_Q7__6c936c74532cbaac.pdf,6c936c74532cbaac778561cfac344a7c6b43d2db43e65963fa19f9fe325060c3,114012,1,hardlink,6c936c74532cbaac778561cfac344a7c6b43d2db43e65963fa19f9fe325060c3,acquisition,
2452,originals/rutst/2020/RuTST_2020_Y_S7__992ae201e11b2d14.pdf,files/rutst/2020/RuTST_2020_Y_S7__992ae201e11b2d14.pdf,992ae201e11b2d140c1dc87773f46e6c0dc56fbe8eee61bbe0e9b32c7bdea774,45112,1,hardlink,992ae201e11b2d140c1dc87773f46e6c0dc56fbe8eee61bbe0e9b32c7bdea774,acquisition,
2453,originals/rutst/2020/RuTST_2020_Y_S8__3afe3a573c4dfe45.pdf,files/rutst/2020/RuTST_2020_Y_S8__3afe3a573c4dfe45.pdf,3afe3a573c4dfe45134ccae1e359c5d9c0677b58d146e5827271bb0f4b196f89,104727,2,hardlink,3afe3a573c4dfe45134ccae1e359c5d9c0677b58d146e5827271bb0f4b196f89,acquisition,
2454,originals/rutst/2020/RuTST_2020_Y_Q9__1420852466e73eb8.pdf,files/rutst/2020/RuTST_2020_Y_Q9__1420852466e73eb8.pdf,1420852466e73eb89650bae2c11695c3ec8efb6686ee7342dc514adcc464198e,210766,2,hardlink,1420852466e73eb89650bae2c11695c3ec8efb6686ee7342dc514adcc464198e,acquisition,
2455,originals/rutst/2020/RuTST_2020_Y_Q8__7b4a0fd29d02c323.pdf,files/rutst/2020/RuTST_2020_Y_Q8__7b4a0fd29d02c323.pdf,7b4a0fd29d02c323928d55b266da714b694ef2f7a7da3bddaa2d565bd63e901d,1046096,4,hardlink,7b4a0fd29d02c323928d55b266da714b694ef2f7a7da3bddaa2d565bd63e901d,acquisition,
2456,originals/rutst/2020/RuTST_2020_Y_Q10__eb15630235eeaccf.pdf,files/rutst/2020/RuTST_2020_Y_Q10__eb15630235eeaccf.pdf,eb15630235eeaccfd76bece1ea4157d0d19ac217801a13daed7d69619954bb30,159055,2,hardlink,eb15630235eeaccfd76bece1ea4157d0d19ac217801a13daed7d69619954bb30,acquisition,
2457,originals/rutst/2020/RuTST_2020_Y_S9__1b8f9c6489ca52fb.pdf,files/rutst/2020/RuTST_2020_Y_S9__1b8f9c6489ca52fb.pdf,1b8f9c6489ca52fbc4657f445c96448044a1da2101611d0ec10fca271fda1143,258706,6,hardlink,1b8f9c6489ca52fbc4657f445c96448044a1da2101611d0ec10fca271fda1143,acquisition,
2458,originals/rutst/2020/RuTST_2020_Y_S10__8fc625a1ea61ef58.pdf,files/rutst/2020/RuTST_2020_Y_S10__8fc625a1ea61ef58.pdf,8fc625a1ea61ef58240c3ddd501619ff5ccf6a4d0d17f55dabe32552462b9013,157404,2,hardlink,8fc625a1ea61ef58240c3ddd501619ff5ccf6a4d0d17f55dabe32552462b9013,acquisition,
2459,originals/rutst/2020/RuTST_2020_Y_A10__b35f10d60a0c9c53.pdf,files/rutst/2020/RuTST_2020_Y_A10__b35f10d60a0c9c53.pdf,b35f10d60a0c9c5314863d19c481a790e3fa81d9b4c437b6660c15b4049ddd5a,128909,6,hardlink,b35f10d60a0c9c5314863d19c481a790e3fa81d9b4c437b6660c15b4049ddd5a,acquisition,
246,originals/ipho/2016/IPhO_2016_A5__c9442f08959ae835.pdf,files/ipho/2016/IPhO_2016_A5__c9442f08959ae835.pdf,c9442f08959ae83507f34f17dfe6f631b00b2bc324c3d284237331f28cc4ad47,79799,10,hardlink,c9442f08959ae83507f34f17dfe6f631b00b2bc324c3d284237331f28cc4ad47,acquisition,
2460,originals/rutst/2019/RuTST_2019_X_Q1__727b41a95201402c.pdf,files/rutst/2019/RuTST_2019_X_Q1__727b41a95201402c.pdf,727b41a95201402c254711c9029a470ecf7c820ab7516ebe522a75b93c932f5e,129398,1,hardlink,727b41a95201402c254711c9029a470ecf7c820ab7516ebe522a75b93c932f5e,acquisition,
2461,originals/rutst/2019/RuTST_2019_X_S1__2d3222aa896673b8.pdf,files/rutst/2019/RuTST_2019_X_S1__2d3222aa896673b8.pdf,2d3222aa896673b88fa47adbbefc069a97a04abb329cda5221ed5da57d5f9d78,221966,2,hardlink,2d3222aa896673b88fa47adbbefc069a97a04abb329cda5221ed5da57d5f9d78,acquisition,
2462,originals/rutst/2019/RuTST_2019_X_Q2__6c1dc6e1100fd717.pdf,files/rutst/2019/RuTST_2019_X_Q2__6c1dc6e1100fd717.pdf,6c1dc6e1100fd71766a3105220814ca35b5d684820315817dd566518a98c6a6a,154289,2,hardlink,6c1dc6e1100fd71766a3105220814ca35b5d684820315817dd566518a98c6a6a,acquisition,
2463,originals/rutst/2019/RuTST_2019_X_S2__9c8e7b46ad87419d.pdf,files/rutst/2019/RuTST_2019_X_S2__9c8e7b46ad87419d.pdf,9c8e7b46ad87419dbb99963ff9bdf9d1abe9c7ac91503dc71ad66021cdffcb9c,109918,2,hardlink,9c8e7b46ad87419dbb99963ff9bdf9d1abe9c7ac91503dc71ad66021cdffcb9c,acquisition,
2464,originals/rutst/2019/RuTST_2019_X_Q3__ef3a5194638fb45c.pdf,files/rutst/2019/RuTST_2019_X_Q3__ef3a5194638fb45c.pdf,ef3a5194638fb45c64e542fc99518a32b937378efd41adbb9cd4d8baeb5e5638,233876,2,hardlink,ef3a5194638fb45c64e542fc99518a32b937378efd41adbb9cd4d8baeb5e5638,acquisition,
2465,originals/rutst/2019/RuTST_2019_X_S3__fad297862556e8cb.pdf,files/rutst/2019/RuTST_2019_X_S3__fad297862556e8cb.pdf,fad297862556e8cb230c4aa37d8cf80ce9215eb582a2f63689eb3e45419cac84,423951,4,hardlink,fad297862556e8cb230c4aa37d8cf80ce9215eb582a2f63689eb3e45419cac84,acquisition,
2466,originals/rutst/2019/RuTST_2019_X_Q4__5d9a401dee2651a4.pdf,files/rutst/2019/RuTST_2019_X_Q4__5d9a401dee2651a4.pdf,5d9a401dee2651a46b7094fffe40c665a5363d0ab30af35436bcb75d53e8d61e,59995,1,hardlink,5d9a401dee2651a46b7094fffe40c665a5363d0ab30af35436bcb75d53e8d61e,acquisition,
2467,originals/rutst/2019/RuTST_2019_X_S4__41a0e50a7032a79f.pdf,files/rutst/2019/RuTST_2019_X_S4__41a0e50a7032a79f.pdf,41a0e50a7032a79f74b697c30f1e00c424fd0ab5d19179167e44b3386ed2e06c,23641,1,hardlink,41a0e50a7032a79f74b697c30f1e00c424fd0ab5d19179167e44b3386ed2e06c,acquisition,
2468,originals/rutst/2019/RuTST_2019_X_Q5__187a5bc93a1cc27f.pdf,files/rutst/2019/RuTST_2019_X_Q5__187a5bc93a1cc27f.pdf,187a5bc93a1cc27f2c2e4f09967d77095781ea38d236b3d0f739b41c736b64d8,566570,1,hardlink,187a5bc93a1cc27f2c2e4f09967d77095781ea38d236b3d0f739b41c736b64d8,acquisition,
2469,originals/rutst/2019/RuTST_2019_X_Q6__ca5d436e0110611e.pdf,files/rutst/2019/RuTST_2019_X_Q6__ca5d436e0110611e.pdf,ca5d436e0110611e98c73c87404bc1a28781fa68c561dd64e190c054003dc2d0,68593,1,hardlink,ca5d436e0110611e98c73c87404bc1a28781fa68c561dd64e190c054003dc2d0,acquisition,
247,originals/ipho/2016/IPhO_2016_M5__edb0afe031ff5d7e.pdf,files/ipho/2016/IPhO_2016_M5__edb0afe031ff5d7e.pdf,edb0afe031ff5d7e0c9bc54f5de0ce8e4305e73f407fd6ed2ef8f28b2379c3f5,158386,4,hardlink,edb0afe031ff5d7e0c9bc54f5de0ce8e4305e73f407fd6ed2ef8f28b2379c3f5,acquisition,
2470,originals/rutst/2019/RuTST_2019_X_S6__fcd8b60410e8d2a5.pdf,files/rutst/2019/RuTST_2019_X_S6__fcd8b60410e8d2a5.pdf,fcd8b60410e8d2a56fdab6f795b637b3fc390218d29d260d46d6d7f5393291a2,24168,1,hardlink,fcd8b60410e8d2a56fdab6f795b637b3fc390218d29d260d46d6d7f5393291a2,acquisition,
2471,originals/rutst/2019/RuTST_2019_X_Q7__0906892fa4b36906.pdf,files/rutst/2019/RuTST_2019_X_Q7__0906892fa4b36906.pdf,0906892fa4b36906ce2190ab5efe03fa6b1655e73795c11a406c22517d668850,65607,1,hardlink,0906892fa4b36906ce2190ab5efe03fa6b1655e73795c11a406c22517d668850,acquisition,
2472,originals/rutst/2019/RuTST_2019_X_S7__ca61d09ef226a886.pdf,files/rutst/2019/RuTST_2019_X_S7__ca61d09ef226a886.pdf,ca61d09ef226a88631070acfbea22e6459717f48a90f72c9a1f80b82830d5689,22170,1,hardlink,ca61d09ef226a88631070acfbea22e6459717f48a90f72c9a1f80b82830d5689,acquisition,
2473,originals/rutst/2019/RuTST_2019_X_Q8__17510f0de38f1049.pdf,files/rutst/2019/RuTST_2019_X_Q8__17510f0de38f1049.pdf,17510f0de38f1049aa16ba60fb9585aef6ac4cef673656b778369bcaf91776d2,97899,1,hardlink,17510f0de38f1049aa16ba60fb9585aef6ac4cef673656b778369bcaf91776d2,acquisition,
2474,originals/rutst/2019/RuTST_2019_X_S8__4d2ab6c8b17c0d23.pdf,files/rutst/2019/RuTST_2019_X_S8__4d2ab6c8b17c0d23.pdf,4d2ab6c8b17c0d23266e43e223395fcb1f15eed88d9ed4a91c5740da55a11ca7,37087,1,hardlink,4d2ab6c8b17c0d23266e43e223395fcb1f15eed88d9ed4a91c5740da55a11ca7,acquisition,
2475,originals/rutst/2019/RuTST_2019_Y_Q1__c40e28b3b12ed535.pdf,files/rutst/2019/RuTST_2019_Y_Q1__c40e28b3b12ed535.pdf,c40e28b3b12ed5351852ac5f7bd04abe6b1410b2d81a040e19e7972109ee6aa8,793638,4,hardlink,c40e28b3b12ed5351852ac5f7bd04abe6b1410b2d81a040e19e7972109ee6aa8,acquisition,
2476,originals/rutst/2019/RuTST_2019_Y_S1__7df82c467ef7aa2e.pdf,files/rutst/2019/RuTST_2019_Y_S1__7df82c467ef7aa2e.pdf,7df82c467ef7aa2e266f7c99f721ea942410511111e4c27a621ddf685a2fc880,211229,5,hardlink,7df82c467ef7aa2e266f7c99f721ea942410511111e4c27a621ddf685a2fc880,acquisition,
2477,originals/rutst/2019/RuTST_2019_Y_Q2__e549ac42d217fdc6.pdf,files/rutst/2019/RuTST_2019_Y_Q2__e549ac42d217fdc6.pdf,e549ac42d217fdc6fba9b3f83f75f33c595281e3088f65d2d8595153a473baf5,210456,2,hardlink,e549ac42d217fdc6fba9b3f83f75f33c595281e3088f65d2d8595153a473baf5,acquisition,
2478,originals/rutst/2019/RuTST_2019_Y_S2__d3a9f1dcfe5909aa.pdf,files/rutst/2019/RuTST_2019_Y_S2__d3a9f1dcfe5909aa.pdf,d3a9f1dcfe5909aa45595561bb7c3ee3c53478cdffa3b780a8da5af191af90b8,158089,4,hardlink,d3a9f1dcfe5909aa45595561bb7c3ee3c53478cdffa3b780a8da5af191af90b8,acquisition,
2479,originals/rutst/2019/RuTST_2019_Y_Q3__5c3c76177fd4e298.pdf,files/rutst/2019/RuTST_2019_Y_Q3__5c3c76177fd4e298.pdf,5c3c76177fd4e29816d040adf4520bca8d8c517585d0993ccea1b5b205e1e323,204713,2,hardlink,5c3c76177fd4e29816d040adf4520bca8d8c517585d0993ccea1b5b205e1e323,acquisition,
248,originals/ipho/2016/IPhO_2016_S5__769192273804bf9e.pdf,files/ipho/2016/IPhO_2016_S5__769192273804bf9e.pdf,769192273804bf9ed4ced585a229b06fd36a42d5fd877d061cf996fa235fcfca,331432,3,hardlink,769192273804bf9ed4ced585a229b06fd36a42d5fd877d061cf996fa235fcfca,acquisition,
2480,originals/rutst/2019/RuTST_2019_Y_S3__492c81100c84bf85.pdf,files/rutst/2019/RuTST_2019_Y_S3__492c81100c84bf85.pdf,492c81100c84bf85133c6c7452a782b9e91b79477c700194e2b4bc1d5869ae4e,152699,4,hardlink,492c81100c84bf85133c6c7452a782b9e91b79477c700194e2b4bc1d5869ae4e,acquisition,
2481,originals/rutst/2019/RuTST_2019_Y_Q4__879c4844a8676059.pdf,files/rutst/2019/RuTST_2019_Y_Q4__879c4844a8676059.pdf,879c4844a867605999bdf6637dc905fd3361b145f7689daabfb82d5109f4afb9,1424590,4,hardlink,879c4844a867605999bdf6637dc905fd3361b145f7689daabfb82d5109f4afb9,acquisition,
2482,originals/rutst/2019/RuTST_2019_Y_S4__bcae9ec101d2608e.pdf,files/rutst/2019/RuTST_2019_Y_S4__bcae9ec101d2608e.pdf,bcae9ec101d2608e4617afaa4fc64e9655bced4b45a4e0058c984a4d65810436,176173,4,hardlink,bcae9ec101d2608e4617afaa4fc64e9655bced4b45a4e0058c984a4d65810436,acquisition,
2483,originals/rutst/2019/RuTST_2019_Y_Q5__ba11c6aac3fa9f43.pdf,files/rutst/2019/RuTST_2019_Y_Q5__ba11c6aac3fa9f43.pdf,ba11c6aac3fa9f43bd9f91e9e32255b9ee53cc3713d69f5c9aaac0248c252b4d,443936,1,hardlink,ba11c6aac3fa9f43bd9f91e9e32255b9ee53cc3713d69f5c9aaac0248c252b4d,acquisition,
2484,originals/rutst/2019/RuTST_2019_Y_S5__f98ad46076a69246.pdf,files/rutst/2019/RuTST_2019_Y_S5__f98ad46076a69246.pdf,f98ad46076a69246bf77621452789ccb6921bf0a3d58db74c7db8e01849cf567,128201,3,hardlink,f98ad46076a69246bf77621452789ccb6921bf0a3d58db74c7db8e01849cf567,acquisition,
2485,originals/rutst/2019/RuTST_2019_Y_Q6__7fb1ef612de27c4f.pdf,files/rutst/2019/RuTST_2019_Y_Q6__7fb1ef612de27c4f.pdf,7fb1ef612de27c4fd940907f00ac2a555a73dd15560d4faa8a5f6bb376842df0,151300,2,hardlink,7fb1ef612de27c4fd940907f00ac2a555a73dd15560d4faa8a5f6bb376842df0,acquisition,
2486,originals/rutst/2019/RuTST_2019_Y_S6__ee4bcb97e4038cb7.pdf,files/rutst/2019/RuTST_2019_Y_S6__ee4bcb97e4038cb7.pdf,ee4bcb97e4038cb7ead8f96bde67f918848812078d1e3d9ada4da4f181c0f297,112054,3,hardlink,ee4bcb97e4038cb7ead8f96bde67f918848812078d1e3d9ada4da4f181c0f297,acquisition,
2487,originals/rutst/2018/RuTST_2018_X_Q1__aeec90e786ac11e3.pdf,files/rutst/2018/RuTST_2018_X_Q1__aeec90e786ac11e3.pdf,aeec90e786ac11e3dcfd0bb9a4114cc049a156b4d0da2242a00c8593c02be371,117742,1,hardlink,aeec90e786ac11e3dcfd0bb9a4114cc049a156b4d0da2242a00c8593c02be371,acquisition,
2488,originals/rutst/2018/RuTST_2018_X_Q2__eda16e8ab698d6b0.pdf,files/rutst/2018/RuTST_2018_X_Q2__eda16e8ab698d6b0.pdf,eda16e8ab698d6b00966acc78c4e24dacd3dc4042a305d9a6e103368f8e07782,103192,1,hardlink,eda16e8ab698d6b00966acc78c4e24dacd3dc4042a305d9a6e103368f8e07782,acquisition,
2489,originals/rutst/2018/RuTST_2018_X_S2__2cb1e8ae2e819db8.pdf,files/rutst/2018/RuTST_2018_X_S2__2cb1e8ae2e819db8.pdf,2cb1e8ae2e819db81b6fe0994cf862e6face4a89bf45ea4e842d87fd0bfb3c7b,72049,2,hardlink,2cb1e8ae2e819db81b6fe0994cf862e6face4a89bf45ea4e842d87fd0bfb3c7b,acquisition,
249,originals/ipho/2016/IPhO_2016_P5__ca2838fa68e202ce.pdf,files/ipho/2016/IPhO_2016_P5__ca2838fa68e202ce.pdf,ca2838fa68e202ce55c6df0892b5ab6537745a814192ee8fec7dbff85bd6e978,974910,13,hardlink,ca2838fa68e202ce55c6df0892b5ab6537745a814192ee8fec7dbff85bd6e978,acquisition,
2490,originals/rutst/2018/RuTST_2018_X_S1__c8676ac982c991e5.pdf,files/rutst/2018/RuTST_2018_X_S1__c8676ac982c991e5.pdf,c8676ac982c991e5343b401c414d585c04c98a81b2bad9b19ac757150a1f0fde,95532,3,hardlink,c8676ac982c991e5343b401c414d585c04c98a81b2bad9b19ac757150a1f0fde,acquisition,
2491,originals/rutst/2018/RuTST_2018_X_Q3__2f9b1d8581fd7b22.pdf,files/rutst/2018/RuTST_2018_X_Q3__2f9b1d8581fd7b22.pdf,2f9b1d8581fd7b22cf1d725e1476403ad28822a0661b24e3da32145d5cb9f979,93201,1,hardlink,2f9b1d8581fd7b22cf1d725e1476403ad28822a0661b24e3da32145d5cb9f979,acquisition,
2492,originals/rutst/2018/RuTST_2018_X_S3__acda16d899925058.pdf,files/rutst/2018/RuTST_2018_X_S3__acda16d899925058.pdf,acda16d8999250583cccc9c3be0b0edf229cd21643047e093b8195dda2a4d95d,115216,4,hardlink,acda16d8999250583cccc9c3be0b0edf229cd21643047e093b8195dda2a4d95d,acquisition,
2493,originals/rutst/2018/RuTST_2018_X_Q4__a7dedb42cf9c01f0.pdf,files/rutst/2018/RuTST_2018_X_Q4__a7dedb42cf9c01f0.pdf,a7dedb42cf9c01f04e1903e1b6de0b3020161b73fa59764972dcb1acc002f513,120128,1,hardlink,a7dedb42cf9c01f04e1903e1b6de0b3020161b73fa59764972dcb1acc002f513,acquisition,
2494,originals/rutst/2018/RuTST_2018_X_S4__8d35170bc1caf76f.pdf,files/rutst/2018/RuTST_2018_X_S4__8d35170bc1caf76f.pdf,8d35170bc1caf76fade8a92f0fdc5ce32b5693e5a8c34da8f1b41ef8a86fcb70,76098,2,hardlink,8d35170bc1caf76fade8a92f0fdc5ce32b5693e5a8c34da8f1b41ef8a86fcb70,acquisition,
2495,originals/rutst/2018/RuTST_2018_X_Q5__01dfa4be5087173b.pdf,files/rutst/2018/RuTST_2018_X_Q5__01dfa4be5087173b.pdf,01dfa4be5087173be95f2b8c7e165325d986698e22ccf0794e6477f65a076dc4,117310,1,hardlink,01dfa4be5087173be95f2b8c7e165325d986698e22ccf0794e6477f65a076dc4,acquisition,
2496,originals/rutst/2018/RuTST_2018_X_Q6__c8f5536e81740b1c.pdf,files/rutst/2018/RuTST_2018_X_Q6__c8f5536e81740b1c.pdf,c8f5536e81740b1c2e5d5e23b9ea88db431e6b740db4602ceb7fd7ff19d49c2f,170280,3,hardlink,c8f5536e81740b1c2e5d5e23b9ea88db431e6b740db4602ceb7fd7ff19d49c2f,acquisition,
2497,originals/rutst/2018/RuTST_2018_X_S5__d3fcde254d2577ac.pdf,files/rutst/2018/RuTST_2018_X_S5__d3fcde254d2577ac.pdf,d3fcde254d2577ac9af6ea95d1f92da9d6ba7fda2c97623bd174f56573dcecf0,44875,1,hardlink,d3fcde254d2577ac9af6ea95d1f92da9d6ba7fda2c97623bd174f56573dcecf0,acquisition,
2498,originals/rutst/2018/RuTST_2018_X_S6__5d3f45c9393a3783.pdf,files/rutst/2018/RuTST_2018_X_S6__5d3f45c9393a3783.pdf,5d3f45c9393a3783ec5c2f0682958403d40173888e5a1f4fd841974730827bae,130145,3,hardlink,5d3f45c9393a3783ec5c2f0682958403d40173888e5a1f4fd841974730827bae,acquisition,
2499,originals/rutst/2018/RuTST_2018_X_Q7__d910a20ee8ba44b3.pdf,files/rutst/2018/RuTST_2018_X_Q7__d910a20ee8ba44b3.pdf,d910a20ee8ba44b36c66550f3154218a951e1eed0179e8b67bbfcf75500abfc1,108179,1,hardlink,d910a20ee8ba44b36c66550f3154218a951e1eed0179e8b67bbfcf75500abfc1,acquisition,
250,originals/ipho/2015/IPhO_2015_Q1__8a2011423c093bff.pdf,files/ipho/2015/IPhO_2015_Q1__8a2011423c093bff.pdf,8a2011423c093bffb23b121b63e7e07f8422f20a49d5a6521623a58d44759f9c,254278,2,hardlink,8a2011423c093bffb23b121b63e7e07f8422f20a49d5a6521623a58d44759f9c,acquisition,
2500,originals/rutst/2018/RuTST_2018_X_S7__c51132e0820f9e70.pdf,files/rutst/2018/RuTST_2018_X_S7__c51132e0820f9e70.pdf,c51132e0820f9e7069a85b0a739d1e8f645e8281243c992bfd483e7e1c40f36a,103060,3,hardlink,c51132e0820f9e7069a85b0a739d1e8f645e8281243c992bfd483e7e1c40f36a,acquisition,
2501,originals/rutst/2018/RuTST_2018_X_Q8__5344c47086b2aaf7.pdf,files/rutst/2018/RuTST_2018_X_Q8__5344c47086b2aaf7.pdf,5344c47086b2aaf7219b2f64ef5b68f9a0358e8769e6be6dc5a8675ec1867884,178920,2,hardlink,5344c47086b2aaf7219b2f64ef5b68f9a0358e8769e6be6dc5a8675ec1867884,acquisition,
2502,originals/rutst/2018/RuTST_2018_X_S8__f33e1c38651a1961.pdf,files/rutst/2018/RuTST_2018_X_S8__f33e1c38651a1961.pdf,f33e1c38651a196130c7329a67bc558d0d7984a74164c2795f8bf214de5a22eb,167792,3,hardlink,f33e1c38651a196130c7329a67bc558d0d7984a74164c2795f8bf214de5a22eb,acquisition,
2503,originals/rutst/2018/RuTST_2018_Y_Q1__8ed6b66d6ec8d418.pdf,files/rutst/2018/RuTST_2018_Y_Q1__8ed6b66d6ec8d418.pdf,8ed6b66d6ec8d4183ede4ffe1362f22f4b5042bf382f83902414f774d0f863ed,343375,3,hardlink,8ed6b66d6ec8d4183ede4ffe1362f22f4b5042bf382f83902414f774d0f863ed,acquisition,
2504,originals/rutst/2018/RuTST_2018_Y_S1__3e3b6a8664d2b535.pdf,files/rutst/2018/RuTST_2018_Y_S1__3e3b6a8664d2b535.pdf,3e3b6a8664d2b535b90c806122e0e07417a5733fa2fa4bdfee2180866951f4f8,335245,7,hardlink,3e3b6a8664d2b535b90c806122e0e07417a5733fa2fa4bdfee2180866951f4f8,acquisition,
2505,originals/rutst/2018/RuTST_2018_Y_Q2__5218f03e0428c709.pdf,files/rutst/2018/RuTST_2018_Y_Q2__5218f03e0428c709.pdf,5218f03e0428c709eacd6836bafd2dc4f3b33d2bd253c0c5b25592599d56058c,955298,2,hardlink,5218f03e0428c709eacd6836bafd2dc4f3b33d2bd253c0c5b25592599d56058c,acquisition,
2506,originals/rutst/2018/RuTST_2018_Y_Q3__7e2646c406c6bbe3.pdf,files/rutst/2018/RuTST_2018_Y_Q3__7e2646c406c6bbe3.pdf,7e2646c406c6bbe3fb37fc1d00a1b1023e885656fccd78b170208413497cc2e0,247182,2,hardlink,7e2646c406c6bbe3fb37fc1d00a1b1023e885656fccd78b170208413497cc2e0,acquisition,
2507,originals/rutst/2018/RuTST_2018_Y_Q4__a0b7801abf2946c0.pdf,files/rutst/2018/RuTST_2018_Y_Q4__a0b7801abf2946c0.pdf,a0b7801abf2946c0fbd3e12f41dce2ab81c3fdec89c73c95632cf3588bf7c686,153522,1,hardlink,a0b7801abf2946c0fbd3e12f41dce2ab81c3fdec89c73c95632cf3588bf7c686,acquisition,
2508,originals/rutst/2018/RuTST_2018_Y_Q5__bcfa06aa47853263.pdf,files/rutst/2018/RuTST_2018_Y_Q5__bcfa06aa47853263.pdf,bcfa06aa478532635ec0306c32217f3210e403495d926d032e39272a44732d08,648914,4,hardlink,bcfa06aa478532635ec0306c32217f3210e403495d926d032e39272a44732d08,acquisition,
2509,originals/rutst/2018/RuTST_2018_Y_Q6__6b5057b0c0f0de23.pdf,files/rutst/2018/RuTST_2018_Y_Q6__6b5057b0c0f0de23.pdf,6b5057b0c0f0de239cb3d20c516619e2101979c2ea9b5fbc9bc9d53478a00f4e,233151,2,hardlink,6b5057b0c0f0de239cb3d20c516619e2101979c2ea9b5fbc9bc9d53478a00f4e,acquisition,
251,originals/ipho/2015/IPhO_2015_S1__1fc4e7a3ecf0c6ee.pdf,files/ipho/2015/IPhO_2015_S1__1fc4e7a3ecf0c6ee.pdf,1fc4e7a3ecf0c6eecd1d5ff3602c73a6f45e3d8b07079a8b199bc67e3f94dff4,221204,7,hardlink,1fc4e7a3ecf0c6eecd1d5ff3602c73a6f45e3d8b07079a8b199bc67e3f94dff4,acquisition,
2510,originals/rutst/2017/RuTST_2017_X_Q1__cebf98dccbdee1bb.pdf,files/rutst/2017/RuTST_2017_X_Q1__cebf98dccbdee1bb.pdf,cebf98dccbdee1bb4b1b01c7ec8524a086b923ae9ae79ad66c79ebe0a57b793c,134373,1,hardlink,cebf98dccbdee1bb4b1b01c7ec8524a086b923ae9ae79ad66c79ebe0a57b793c,acquisition,
2511,originals/rutst/2017/RuTST_2017_X_Q1_Part2__5de383f4ed2b5005.pdf,files/rutst/2017/RuTST_2017_X_Q1_Part2__5de383f4ed2b5005.pdf,5de383f4ed2b50057e0872554ad6c34eee374787e2282494fe7b3c9fd95faabe,90160,1,hardlink,5de383f4ed2b50057e0872554ad6c34eee374787e2282494fe7b3c9fd95faabe,acquisition,
2512,originals/rutst/2017/RuTST_2017_X_Q2__3c2b8a33873600de.pdf,files/rutst/2017/RuTST_2017_X_Q2__3c2b8a33873600de.pdf,3c2b8a33873600def756871808b9946a1cc60dc7ccbff787ac875bf1ee4f05ec,81464,1,hardlink,3c2b8a33873600def756871808b9946a1cc60dc7ccbff787ac875bf1ee4f05ec,acquisition,
2513,originals/rutst/2017/RuTST_2017_X_Q3__9b35d53138e87061.pdf,files/rutst/2017/RuTST_2017_X_Q3__9b35d53138e87061.pdf,9b35d53138e87061fe271072c20da19563e6c46a14e383e6f11dcb3b4d57f27d,96639,1,hardlink,9b35d53138e87061fe271072c20da19563e6c46a14e383e6f11dcb3b4d57f27d,acquisition,
2514,originals/rutst/2017/RuTST_2017_X_Q3_Part2__8b1a5c155e2af873.pdf,files/rutst/2017/RuTST_2017_X_Q3_Part2__8b1a5c155e2af873.pdf,8b1a5c155e2af873a79315b51d06b6e084b2917ca061362da687631417d542fc,84651,1,hardlink,8b1a5c155e2af873a79315b51d06b6e084b2917ca061362da687631417d542fc,acquisition,
2515,originals/rutst/2017/RuTST_2017_X_Q4__5e0fb9576302dc3d.pdf,files/rutst/2017/RuTST_2017_X_Q4__5e0fb9576302dc3d.pdf,5e0fb9576302dc3d6e2ed2a38ca987c6c79ce8cfd63a52a23fe13ddabf930c1b,97804,1,hardlink,5e0fb9576302dc3d6e2ed2a38ca987c6c79ce8cfd63a52a23fe13ddabf930c1b,acquisition,
2516,originals/rutst/2017/RuTST_2017_X_Q5__09d36089c0ec9822.pdf,files/rutst/2017/RuTST_2017_X_Q5__09d36089c0ec9822.pdf,09d36089c0ec9822bea71f9c2b1a246b534d381b0267ebf3c338c23000f16591,110613,1,hardlink,09d36089c0ec9822bea71f9c2b1a246b534d381b0267ebf3c338c23000f16591,acquisition,
2517,originals/rutst/2017/RuTST_2017_X_Q6__5cf8bfb3a82f0969.pdf,files/rutst/2017/RuTST_2017_X_Q6__5cf8bfb3a82f0969.pdf,5cf8bfb3a82f0969e86c5c8b2d585757633237e8977141312af19d854f5100ed,97646,1,hardlink,5cf8bfb3a82f0969e86c5c8b2d585757633237e8977141312af19d854f5100ed,acquisition,
2518,originals/rutst/2017/RuTST_2017_X_Q6_Part2__79ea998fae05966f.pdf,files/rutst/2017/RuTST_2017_X_Q6_Part2__79ea998fae05966f.pdf,79ea998fae05966f9bed82f8a3e8111ea1c03349f61e4497f34d06fc6ae3db8a,104342,1,hardlink,79ea998fae05966f9bed82f8a3e8111ea1c03349f61e4497f34d06fc6ae3db8a,acquisition,
2519,originals/rutst/2017/RuTST_2017_Y_Q1__0277c7b36dd5cf44.pdf,files/rutst/2017/RuTST_2017_Y_Q1__0277c7b36dd5cf44.pdf,0277c7b36dd5cf44a6b0264d8ef406ea3d7c220afb443a92ed39ff6e41c5e681,69138,1,hardlink,0277c7b36dd5cf44a6b0264d8ef406ea3d7c220afb443a92ed39ff6e41c5e681,acquisition,
252,originals/ipho/2015/IPhO_2015_Q2__408546e55fec4a80.pdf,files/ipho/2015/IPhO_2015_Q2__408546e55fec4a80.pdf,408546e55fec4a800aebb7ea20aaddc70bf87e9e5899772518130da6aa98a891,574295,2,hardlink,408546e55fec4a800aebb7ea20aaddc70bf87e9e5899772518130da6aa98a891,acquisition,
2520,originals/rutst/2017/RuTST_2017_Y_Q1_Part2__b8c270b76ae1d2c1.pdf,files/rutst/2017/RuTST_2017_Y_Q1_Part2__b8c270b76ae1d2c1.pdf,b8c270b76ae1d2c18a1babfbd9d4c4eba3993577155b0039a0b820547d5eaeaf,87265,1,hardlink,b8c270b76ae1d2c18a1babfbd9d4c4eba3993577155b0039a0b820547d5eaeaf,acquisition,
2521,originals/rutst/2017/RuTST_2017_Y_Q1_Part3__a29b906080b4476c.pdf,files/rutst/2017/RuTST_2017_Y_Q1_Part3__a29b906080b4476c.pdf,a29b906080b4476cce00568becb5723eca4cfe9bc87482ee669e7f5f573f0ede,154519,1,hardlink,a29b906080b4476cce00568becb5723eca4cfe9bc87482ee669e7f5f573f0ede,acquisition,
2522,originals/rutst/2017/RuTST_2017_Y_Q2__22a967fbc5eaeb8d.pdf,files/rutst/2017/RuTST_2017_Y_Q2__22a967fbc5eaeb8d.pdf,22a967fbc5eaeb8dc48891f426c2f1e150def00a3c19fdbaefc7a88bcb4e9093,98681,1,hardlink,22a967fbc5eaeb8dc48891f426c2f1e150def00a3c19fdbaefc7a88bcb4e9093,acquisition,
2523,originals/rutst/2017/RuTST_2017_Y_S2__45c02983114cdc15.pdf,files/rutst/2017/RuTST_2017_Y_S2__45c02983114cdc15.pdf,45c02983114cdc1522cfd0ea79c78495ad3dd82bdf6d18f7341dcd09495c3dde,86124,3,hardlink,45c02983114cdc1522cfd0ea79c78495ad3dd82bdf6d18f7341dcd09495c3dde,acquisition,
2524,originals/rutst/2017/RuTST_2017_Y_Q3__02b28f3fda78af2d.pdf,files/rutst/2017/RuTST_2017_Y_Q3__02b28f3fda78af2d.pdf,02b28f3fda78af2d907506f11f6a370e776e7f183ea77415145210ea49e4ae2c,138810,1,hardlink,02b28f3fda78af2d907506f11f6a370e776e7f183ea77415145210ea49e4ae2c,acquisition,
2525,originals/rutst/2017/RuTST_2017_Y_Q4__29d574b17669b38b.pdf,files/rutst/2017/RuTST_2017_Y_Q4__29d574b17669b38b.pdf,29d574b17669b38b5d5e0feee7f2dd27bbd46ab8f55143f15ddc71a2faf00711,202910,3,hardlink,29d574b17669b38b5d5e0feee7f2dd27bbd46ab8f55143f15ddc71a2faf00711,acquisition,
2526,originals/rutst/2017/RuTST_2017_Y_S4__3988d26262a7a9ce.pdf,files/rutst/2017/RuTST_2017_Y_S4__3988d26262a7a9ce.pdf,3988d26262a7a9ce6aa16a4470481714736bfe34f8cf1130b34dcf6cd0a537c2,152875,3,hardlink,3988d26262a7a9ce6aa16a4470481714736bfe34f8cf1130b34dcf6cd0a537c2,acquisition,
2527,originals/rutst/2017/RuTST_2017_Y_Q5__81ef98d05bf554d6.pdf,files/rutst/2017/RuTST_2017_Y_Q5__81ef98d05bf554d6.pdf,81ef98d05bf554d6a4a531d175f3e0ac970e65a0cc11e8729e0e2e1ab3bbb3bd,150537,2,hardlink,81ef98d05bf554d6a4a531d175f3e0ac970e65a0cc11e8729e0e2e1ab3bbb3bd,acquisition,
2528,originals/rutst/2017/RuTST_2017_Y_S5__0c042e5bac5243a7.pdf,files/rutst/2017/RuTST_2017_Y_S5__0c042e5bac5243a7.pdf,0c042e5bac5243a7881a09f4f5465a2cb83ffbf097310fe26d9ee170962abcfe,176431,6,hardlink,0c042e5bac5243a7881a09f4f5465a2cb83ffbf097310fe26d9ee170962abcfe,acquisition,
2529,originals/rutst/2017/RuTST_2017_Y_Q6__75f45c733e568aa9.pdf,files/rutst/2017/RuTST_2017_Y_Q6__75f45c733e568aa9.pdf,75f45c733e568aa9c1ba3c6d24788a2e8f7836ca21d9ac2190b2c75aee5b829a,194018,2,hardlink,75f45c733e568aa9c1ba3c6d24788a2e8f7836ca21d9ac2190b2c75aee5b829a,acquisition,
253,originals/ipho/2015/IPhO_2015_S2__009df4f7fef48088.pdf,files/ipho/2015/IPhO_2015_S2__009df4f7fef48088.pdf,009df4f7fef4808869f07c156686856957df76f4a2fc0c3a1b9380557c091cb8,311631,9,hardlink,009df4f7fef4808869f07c156686856957df76f4a2fc0c3a1b9380557c091cb8,acquisition,
2530,originals/rutst/2016/RuTST_2016_X_Q1__0a65792b1e175ee1.pdf,files/rutst/2016/RuTST_2016_X_Q1__0a65792b1e175ee1.pdf,0a65792b1e175ee17bc6bec2a7b14a63a5ebf6ac8eae935981e772779ced008a,532002,5,hardlink,0a65792b1e175ee17bc6bec2a7b14a63a5ebf6ac8eae935981e772779ced008a,acquisition,
2531,originals/rutst/2016/RuTST_2016_X_Q2__7e1acf45c1a516c7.pdf,files/rutst/2016/RuTST_2016_X_Q2__7e1acf45c1a516c7.pdf,7e1acf45c1a516c71e32049d83c8919251b058d834832f34e70219f8ae310ded,191539,2,hardlink,7e1acf45c1a516c71e32049d83c8919251b058d834832f34e70219f8ae310ded,acquisition,
2532,originals/rutst/2016/RuTST_2016_X_Q3__13aa96ea913a4ab8.pdf,files/rutst/2016/RuTST_2016_X_Q3__13aa96ea913a4ab8.pdf,13aa96ea913a4ab85e21112483cbeaf880f8f97946bd6f948719939c05526b94,92626,1,hardlink,13aa96ea913a4ab85e21112483cbeaf880f8f97946bd6f948719939c05526b94,acquisition,
2533,originals/rutst/2016/RuTST_2016_X_S1__fd4128c6e8064057.pdf,files/rutst/2016/RuTST_2016_X_S1__fd4128c6e8064057.pdf,fd4128c6e806405745d56ce57f4cf4c8af879c1303adfc3092374d8093ac866c,3520313,6,hardlink,fd4128c6e806405745d56ce57f4cf4c8af879c1303adfc3092374d8093ac866c,acquisition,
2534,originals/rutst/2016/RuTST_2016_X_Q3_Part2__dca2658943cef8ff.pdf,files/rutst/2016/RuTST_2016_X_Q3_Part2__dca2658943cef8ff.pdf,dca2658943cef8ff91a7e3b5abbfb3746cb1bba1b59aad0f488a5718dc98cfa5,86776,1,hardlink,dca2658943cef8ff91a7e3b5abbfb3746cb1bba1b59aad0f488a5718dc98cfa5,acquisition,
2535,originals/rutst/2016/RuTST_2016_X_Q3_Part3__fb3fbe89ddf66220.pdf,files/rutst/2016/RuTST_2016_X_Q3_Part3__fb3fbe89ddf66220.pdf,fb3fbe89ddf6622091faa7e0753b2fa63149b2e54228e44f6050477c646c432f,93138,1,hardlink,fb3fbe89ddf6622091faa7e0753b2fa63149b2e54228e44f6050477c646c432f,acquisition,
2536,originals/rutst/2016/RuTST_2016_X_Q4__8f2e844c98b52078.pdf,files/rutst/2016/RuTST_2016_X_Q4__8f2e844c98b52078.pdf,8f2e844c98b5207851ce2808791bdb20ac5f543e90db5bee4ac7e8d12bfafeb2,156322,1,hardlink,8f2e844c98b5207851ce2808791bdb20ac5f543e90db5bee4ac7e8d12bfafeb2,acquisition,
2537,originals/rutst/2016/RuTST_2016_X_Q5__350254e9ab2d4fed.pdf,files/rutst/2016/RuTST_2016_X_Q5__350254e9ab2d4fed.pdf,350254e9ab2d4fed8fc6f343bd5b2126802ea5c47f449c07c82f19c11cd15773,216393,1,hardlink,350254e9ab2d4fed8fc6f343bd5b2126802ea5c47f449c07c82f19c11cd15773,acquisition,
2538,originals/rutst/2016/RuTST_2016_Y_Q1__ac29e12859b1ed21.pdf,files/rutst/2016/RuTST_2016_Y_Q1__ac29e12859b1ed21.pdf,ac29e12859b1ed21f6055ee5c1ebcf9e2c126a7d01d98843af0b501496a27d8a,165562,2,hardlink,ac29e12859b1ed21f6055ee5c1ebcf9e2c126a7d01d98843af0b501496a27d8a,acquisition,
2539,originals/rutst/2016/RuTST_2016_Y_Q2__92615252fe873695.pdf,files/rutst/2016/RuTST_2016_Y_Q2__92615252fe873695.pdf,92615252fe8736952f66046a70360f6db8717b8409b73cbd7e2143d60bd42cc3,186190,2,hardlink,92615252fe8736952f66046a70360f6db8717b8409b73cbd7e2143d60bd42cc3,acquisition,
254,originals/ipho/2015/IPhO_2015_Q3__9d713aaa58ff54b6.pdf,files/ipho/2015/IPhO_2015_Q3__9d713aaa58ff54b6.pdf,9d713aaa58ff54b62a0c07496328cb82b5d209fc0e6ba4eab0ca57825a72c892,359949,2,hardlink,9d713aaa58ff54b62a0c07496328cb82b5d209fc0e6ba4eab0ca57825a72c892,acquisition,
2540,originals/rutst/2016/RuTST_2016_Y_S2__a756a4578310ecfb.pdf,files/rutst/2016/RuTST_2016_Y_S2__a756a4578310ecfb.pdf,a756a4578310ecfbe88d3aa071e842dfcfd0c62a8285198f45655dad33de82eb,175929,5,hardlink,a756a4578310ecfbe88d3aa071e842dfcfd0c62a8285198f45655dad33de82eb,acquisition,
2541,originals/rutst/2016/RuTST_2016_Y_Q3__c9e6f74bd7cf376b.pdf,files/rutst/2016/RuTST_2016_Y_Q3__c9e6f74bd7cf376b.pdf,c9e6f74bd7cf376b8dd4c82b46fe8498d61d111383ab1165001ad36132b5a924,87565,1,hardlink,c9e6f74bd7cf376b8dd4c82b46fe8498d61d111383ab1165001ad36132b5a924,acquisition,
2542,originals/rutst/2016/RuTST_2016_Y_Q4__6ea3934c7cdc3029.pdf,files/rutst/2016/RuTST_2016_Y_Q4__6ea3934c7cdc3029.pdf,6ea3934c7cdc3029567f43a7f6f9e7d5d85a6ceeacb3c9def231943c8de4f7d0,197995,2,hardlink,6ea3934c7cdc3029567f43a7f6f9e7d5d85a6ceeacb3c9def231943c8de4f7d0,acquisition,
2543,originals/rutst/2016/RuTST_2016_Y_Q5__16ff68a98e037267.pdf,files/rutst/2016/RuTST_2016_Y_Q5__16ff68a98e037267.pdf,16ff68a98e03726745a38d90d53eb6cdad922dce050326a84d745751c8c215be,85592,1,hardlink,16ff68a98e03726745a38d90d53eb6cdad922dce050326a84d745751c8c215be,acquisition,
2544,originals/rutst/2016/RuTST_2016_Y_Q5_Part2__2d532df0503b7ce5.pdf,files/rutst/2016/RuTST_2016_Y_Q5_Part2__2d532df0503b7ce5.pdf,2d532df0503b7ce53cbf72a0f92184f508d6a2e426a223ca2a879a605c41ef25,101763,1,hardlink,2d532df0503b7ce53cbf72a0f92184f508d6a2e426a223ca2a879a605c41ef25,acquisition,
2545,originals/rutst/2016/RuTST_2016_Y_Q6_Part2__99e779b001ea326e.pdf,files/rutst/2016/RuTST_2016_Y_Q6_Part2__99e779b001ea326e.pdf,99e779b001ea326eaa660616c5020eb3569b7ae368d90e8301d436bd044ac264,334826,1,hardlink,99e779b001ea326eaa660616c5020eb3569b7ae368d90e8301d436bd044ac264,acquisition,
2546,originals/rutst/2014/RuTST_2014_Y_Q1__969061b97598a698.pdf,files/rutst/2014/RuTST_2014_Y_Q1__969061b97598a698.pdf,969061b97598a6987d557612ac3212f94708872de0df1ae658c239c93fb968f4,200714,1,hardlink,969061b97598a6987d557612ac3212f94708872de0df1ae658c239c93fb968f4,acquisition,
2547,originals/rutst/2016/RuTST_2016_Y_Q6__c633b238334f616c.pdf,files/rutst/2016/RuTST_2016_Y_Q6__c633b238334f616c.pdf,c633b238334f616cfd2dba32cbab038c08172ce6f233754fd823b48141692c8d,81583,1,hardlink,c633b238334f616cfd2dba32cbab038c08172ce6f233754fd823b48141692c8d,acquisition,
2548,originals/rutst/2014/RuTST_2014_Y_Q2__6ccd9bacaad47120.pdf,files/rutst/2014/RuTST_2014_Y_Q2__6ccd9bacaad47120.pdf,6ccd9bacaad4712011d2b839352696899ab66b28279b3cf29558b4891ded0fc4,113263,1,hardlink,6ccd9bacaad4712011d2b839352696899ab66b28279b3cf29558b4891ded0fc4,acquisition,
2549,originals/rutst/2014/RuTST_2014_Y_Q3__3a62aa59e2a0a3c5.pdf,files/rutst/2014/RuTST_2014_Y_Q3__3a62aa59e2a0a3c5.pdf,3a62aa59e2a0a3c50e6b251157c096e4087f3a79613d1533a51b5331ec42499c,97926,1,hardlink,3a62aa59e2a0a3c50e6b251157c096e4087f3a79613d1533a51b5331ec42499c,acquisition,
255,originals/ipho/2015/IPhO_2015_S3__9beed7a47d96aad3.pdf,files/ipho/2015/IPhO_2015_S3__9beed7a47d96aad3.pdf,9beed7a47d96aad3014b1c664affeb9cfd8ebc7b00dd93a98be9989280afb821,520426,9,hardlink,9beed7a47d96aad3014b1c664affeb9cfd8ebc7b00dd93a98be9989280afb821,acquisition,
2550,originals/rutst/2014/RuTST_2014_Y_Q4__596d5aa8187749b1.pdf,files/rutst/2014/RuTST_2014_Y_Q4__596d5aa8187749b1.pdf,596d5aa8187749b1ba8983f052de8d78cffe92ace8e7e7d880d80c33c7aef1cb,99907,1,hardlink,596d5aa8187749b1ba8983f052de8d78cffe92ace8e7e7d880d80c33c7aef1cb,acquisition,
2551,originals/rutst/2014/RuTST_2014_Y_Q6__062ff54ce2cdf86c.pdf,files/rutst/2014/RuTST_2014_Y_Q6__062ff54ce2cdf86c.pdf,062ff54ce2cdf86c662e7a694a51bb7aab03371996d84085a315243073dd2584,89147,1,hardlink,062ff54ce2cdf86c662e7a694a51bb7aab03371996d84085a315243073dd2584,acquisition,
2553,originals/rutst/2014/RuTST_2014_Y_Q7__88e92dbfd5ffced5.pdf,files/rutst/2014/RuTST_2014_Y_Q7__88e92dbfd5ffced5.pdf,88e92dbfd5ffced566b2a92088b5df91a69b623cde77d943d9bcca6b33be0aa9,67116,1,hardlink,88e92dbfd5ffced566b2a92088b5df91a69b623cde77d943d9bcca6b33be0aa9,acquisition,
2554,originals/rutst/2014/RuTST_2014_Y_Q7_Part3__4ff0cff5e8421688.pdf,files/rutst/2014/RuTST_2014_Y_Q7_Part3__4ff0cff5e8421688.pdf,4ff0cff5e8421688861b8e068750e93d0f78a455541764d14d1959b26f821356,87118,1,hardlink,4ff0cff5e8421688861b8e068750e93d0f78a455541764d14d1959b26f821356,acquisition,
2555,originals/rutst/2014/RuTST_2014_Y_Q7_Part2__f860e9838b0f023f.pdf,files/rutst/2014/RuTST_2014_Y_Q7_Part2__f860e9838b0f023f.pdf,f860e9838b0f023fa83bfcb087f9110346f8cb87af84181dfaecc2e7922b6c42,69937,1,hardlink,f860e9838b0f023fa83bfcb087f9110346f8cb87af84181dfaecc2e7922b6c42,acquisition,
2556,originals/rutst/2014/RuTST_2014_Y_Q8__8dd39e1376bccca4.pdf,files/rutst/2014/RuTST_2014_Y_Q8__8dd39e1376bccca4.pdf,8dd39e1376bccca45ab1d2cd42cae1947d3fb3e10f9905c7ed388d9d965c14a2,136120,1,hardlink,8dd39e1376bccca45ab1d2cd42cae1947d3fb3e10f9905c7ed388d9d965c14a2,acquisition,
2557,originals/rutst/2014/RuTST_2014_Y_Q9__b01ff408c99f1d4b.pdf,files/rutst/2014/RuTST_2014_Y_Q9__b01ff408c99f1d4b.pdf,b01ff408c99f1d4b5f580be95e5f576f9e3ead4a35e383eb086fb810ee393c19,109968,1,hardlink,b01ff408c99f1d4b5f580be95e5f576f9e3ead4a35e383eb086fb810ee393c19,acquisition,
2558,originals/rutst/2014/RuTST_2014_Y_Q10__bde7e410513c0dff.pdf,files/rutst/2014/RuTST_2014_Y_Q10__bde7e410513c0dff.pdf,bde7e410513c0dffb564eaa48214833ceca3b06242bd0a365f30606491590ed0,81766,1,hardlink,bde7e410513c0dffb564eaa48214833ceca3b06242bd0a365f30606491590ed0,acquisition,
2559,originals/rutst/2014/RuTST_2014_Y_Q10_Part2__188ea75abfbf2c40.pdf,files/rutst/2014/RuTST_2014_Y_Q10_Part2__188ea75abfbf2c40.pdf,188ea75abfbf2c4040542ca7097cb2ffc3d928221423f8a898a4d688dec09d4a,108885,1,hardlink,188ea75abfbf2c4040542ca7097cb2ffc3d928221423f8a898a4d688dec09d4a,acquisition,
256,originals/ipho/2015/IPhO_2015_Q4__de2b9b31dab3e92a.pdf,files/ipho/2015/IPhO_2015_Q4__de2b9b31dab3e92a.pdf,de2b9b31dab3e92abc0563bb27c253987899957812492dbaff5cf4b591258807,772095,6,hardlink,de2b9b31dab3e92abc0563bb27c253987899957812492dbaff5cf4b591258807,acquisition,
2560,originals/rutst/2013/RuTST_2013_Y_Q1__4d53b96af43b687e.pdf,files/rutst/2013/RuTST_2013_Y_Q1__4d53b96af43b687e.pdf,4d53b96af43b687e1a91741760eb008b2d22210a5384c8d152610664e82e80cb,156361,1,hardlink,4d53b96af43b687e1a91741760eb008b2d22210a5384c8d152610664e82e80cb,acquisition,
2561,originals/rutst/2013/RuTST_2013_Y_Q2__60909a882b41f674.pdf,files/rutst/2013/RuTST_2013_Y_Q2__60909a882b41f674.pdf,60909a882b41f674641d116d0956263606843f04077b3aadacb27497e51751c7,94151,1,hardlink,60909a882b41f674641d116d0956263606843f04077b3aadacb27497e51751c7,acquisition,
2562,originals/rutst/2013/RuTST_2013_Y_Q3__1c0887bc7d40e8f2.pdf,files/rutst/2013/RuTST_2013_Y_Q3__1c0887bc7d40e8f2.pdf,1c0887bc7d40e8f203cecdd92fc19070b08b0557283f5869ef76c70d507ac500,111367,1,hardlink,1c0887bc7d40e8f203cecdd92fc19070b08b0557283f5869ef76c70d507ac500,acquisition,
2563,originals/rutst/2013/RuTST_2013_Y_Q4__8c92d0b740c4bad3.pdf,files/rutst/2013/RuTST_2013_Y_Q4__8c92d0b740c4bad3.pdf,8c92d0b740c4bad36554bee80b9af95b5a9ccb5fd9f5c75a319fec53d0babeab,80806,1,hardlink,8c92d0b740c4bad36554bee80b9af95b5a9ccb5fd9f5c75a319fec53d0babeab,acquisition,
2564,originals/rutst/2013/RuTST_2013_Y_Q5__a564c40418267b18.pdf,files/rutst/2013/RuTST_2013_Y_Q5__a564c40418267b18.pdf,a564c40418267b183104d9c16fe011750b775f65fe38ec6ba60a20b2138c651d,105520,1,hardlink,a564c40418267b183104d9c16fe011750b775f65fe38ec6ba60a20b2138c651d,acquisition,
2565,originals/rutst/2013/RuTST_2013_Y_Q6__6943b83cfe76ee2a.pdf,files/rutst/2013/RuTST_2013_Y_Q6__6943b83cfe76ee2a.pdf,6943b83cfe76ee2ad6db3fd879fa65a63e4cfe068b7f2bda1f69651193062b9e,209613,1,hardlink,6943b83cfe76ee2ad6db3fd879fa65a63e4cfe068b7f2bda1f69651193062b9e,acquisition,
2566,originals/rutst/2013/RuTST_2013_Y_S6__6fef14abf0e986cb.pdf,files/rutst/2013/RuTST_2013_Y_S6__6fef14abf0e986cb.pdf,6fef14abf0e986cbbc9895c9033d019aef2dfcaa697594170b7eae711b5f5e31,113391,3,hardlink,6fef14abf0e986cbbc9895c9033d019aef2dfcaa697594170b7eae711b5f5e31,acquisition,
2567,originals/rutst/2013/RuTST_2013_Y_Q7__d45e9212d76bd076.pdf,files/rutst/2013/RuTST_2013_Y_Q7__d45e9212d76bd076.pdf,d45e9212d76bd076bf3995407ec8f1caaf6a2b2a0a3bdb4cd969e9b8ba1594ab,188213,3,hardlink,d45e9212d76bd076bf3995407ec8f1caaf6a2b2a0a3bdb4cd969e9b8ba1594ab,acquisition,
2568,originals/rutst/2013/RuTST_2013_Y_Q8__9f06f25a3e78fe95.pdf,files/rutst/2013/RuTST_2013_Y_Q8__9f06f25a3e78fe95.pdf,9f06f25a3e78fe954bc099015501350de7274ebea6cc5d0326e4c3c690bd23aa,78942,1,hardlink,9f06f25a3e78fe954bc099015501350de7274ebea6cc5d0326e4c3c690bd23aa,acquisition,
2569,originals/rutst/2013/RuTST_2013_Y_Q9__2dc7830173079f1d.pdf,files/rutst/2013/RuTST_2013_Y_Q9__2dc7830173079f1d.pdf,2dc7830173079f1dd741f02a61a0cf40ed56c5da82936313099259cbc694608b,74904,1,hardlink,2dc7830173079f1dd741f02a61a0cf40ed56c5da82936313099259cbc694608b,acquisition,
257,originals/ipho/2015/IPhO_2015_S4__62d230a6e0e1ed00.pdf,files/ipho/2015/IPhO_2015_S4__62d230a6e0e1ed00.pdf,62d230a6e0e1ed00abe7bf3e36947a840b869b02dd0e75c6548c1d4b0e70daf7,498696,6,hardlink,62d230a6e0e1ed00abe7bf3e36947a840b869b02dd0e75c6548c1d4b0e70daf7,acquisition,
2570,originals/rutst/2013/RuTST_2013_Y_Q9_Part2__1ecfe1575fd7fadc.pdf,files/rutst/2013/RuTST_2013_Y_Q9_Part2__1ecfe1575fd7fadc.pdf,1ecfe1575fd7fadc577afd37aa532bbcc817d53ffc804f6985cf1b2e55ba27c6,87753,1,hardlink,1ecfe1575fd7fadc577afd37aa532bbcc817d53ffc804f6985cf1b2e55ba27c6,acquisition,
2571,originals/rutst/2012/RuTST_2012_Y_Q1__e10ac67d75b72881.pdf,files/rutst/2012/RuTST_2012_Y_Q1__e10ac67d75b72881.pdf,e10ac67d75b72881f672f23c4bb9957dba3c9f1e1b2faf3b37db7fb1c6854b41,184585,2,hardlink,e10ac67d75b72881f672f23c4bb9957dba3c9f1e1b2faf3b37db7fb1c6854b41,acquisition,
2572,originals/rutst/2012/RuTST_2012_Y_Q2__ac1fd1582e8b3b2e.pdf,files/rutst/2012/RuTST_2012_Y_Q2__ac1fd1582e8b3b2e.pdf,ac1fd1582e8b3b2e4734c37d4665eabae5ecc54a2a2d6c697e13ec2023d2b734,86041,1,hardlink,ac1fd1582e8b3b2e4734c37d4665eabae5ecc54a2a2d6c697e13ec2023d2b734,acquisition,
2573,originals/rutst/2012/RuTST_2012_Y_Q3__0a70ce2ca79f2a79.pdf,files/rutst/2012/RuTST_2012_Y_Q3__0a70ce2ca79f2a79.pdf,0a70ce2ca79f2a79ba8167aa9553b2ba433c7f22666bc36a84b060a9011e9813,72403,1,hardlink,0a70ce2ca79f2a79ba8167aa9553b2ba433c7f22666bc36a84b060a9011e9813,acquisition,
2574,originals/mosphys/2024/MOSh_2024_Q1-5__e785f74f3f6ef3bb.pdf,files/mosphys/2024/MOSh_2024_Q1-5__e785f74f3f6ef3bb.pdf,e785f74f3f6ef3bbf82b1f421dca6e461ead6ee42bcff96fddcd0724199be01a,784450,2,hardlink,e785f74f3f6ef3bbf82b1f421dca6e461ead6ee42bcff96fddcd0724199be01a,acquisition,
2575,originals/mosphys/2024/MOSh_2024_S1-5__816d015f7ecad2cb.pdf,files/mosphys/2024/MOSh_2024_S1-5__816d015f7ecad2cb.pdf,816d015f7ecad2cba6adc24cedbc12adceadd9c4758fc1b3069ee13e98b6151a,1569760,10,hardlink,816d015f7ecad2cba6adc24cedbc12adceadd9c4758fc1b3069ee13e98b6151a,acquisition,
2576,originals/mosphys/2024/MOSh_2024_Q6-10__937301ac27ddd3d9.pdf,files/mosphys/2024/MOSh_2024_Q6-10__937301ac27ddd3d9.pdf,937301ac27ddd3d924d36b0bd569876de8cee73d536d32d517e3c7ad68f5eeea,216581,2,hardlink,937301ac27ddd3d924d36b0bd569876de8cee73d536d32d517e3c7ad68f5eeea,acquisition,
2577,originals/mosphys/2024/MOSh_2024_S6-10__bd3971bab0bbb679.pdf,files/mosphys/2024/MOSh_2024_S6-10__bd3971bab0bbb679.pdf,bd3971bab0bbb679e74e0426103de4941efa64b5bbd2f54d0ea098dc9dcc714f,398508,7,hardlink,bd3971bab0bbb679e74e0426103de4941efa64b5bbd2f54d0ea098dc9dcc714f,acquisition,
2578,originals/mosphys/2023/MOSh_2023_Q1-5__cef6c8dce39ece6a.pdf,files/mosphys/2023/MOSh_2023_Q1-5__cef6c8dce39ece6a.pdf,cef6c8dce39ece6a19554713045b072c8cb3bc044ba2abbb50355b47359f9443,242976,2,hardlink,cef6c8dce39ece6a19554713045b072c8cb3bc044ba2abbb50355b47359f9443,acquisition,
2579,originals/mosphys/2023/MOSh_2023_S1-5__349c13a840c95cbf.pdf,files/mosphys/2023/MOSh_2023_S1-5__349c13a840c95cbf.pdf,349c13a840c95cbf3374e2c7f96556afa4bf89c852133e3cf0217e5fed96ece9,338487,8,hardlink,349c13a840c95cbf3374e2c7f96556afa4bf89c852133e3cf0217e5fed96ece9,acquisition,
258,originals/ipho/2015/IPhO_2015_Q5__a2aa9e6ae4dbea20.pdf,files/ipho/2015/IPhO_2015_Q5__a2aa9e6ae4dbea20.pdf,a2aa9e6ae4dbea20dcce9d427b04851a259e8732377a3fbe897d093e24aec2ae,794503,6,hardlink,a2aa9e6ae4dbea20dcce9d427b04851a259e8732377a3fbe897d093e24aec2ae,acquisition,
2580,originals/mosphys/2023/MOSh_2023_Q6-10__0681c16d4872a09a.pdf,files/mosphys/2023/MOSh_2023_Q6-10__0681c16d4872a09a.pdf,0681c16d4872a09a9bb7ce5cd59a73ec531d171fb01afd9e701ac663ce878f5c,156380,2,hardlink,0681c16d4872a09a9bb7ce5cd59a73ec531d171fb01afd9e701ac663ce878f5c,acquisition,
2581,originals/mosphys/2023/MOSh_2023_S6-10__721905e806530261.pdf,files/mosphys/2023/MOSh_2023_S6-10__721905e806530261.pdf,721905e8065302616d6314ffc26870386d302f3079cb244dcc18a9e781f3c1d1,209829,4,hardlink,721905e8065302616d6314ffc26870386d302f3079cb244dcc18a9e781f3c1d1,acquisition,
2582,originals/mosphys/2022/MOSh_2022_Q1-5__127333b044056d09.pdf,files/mosphys/2022/MOSh_2022_Q1-5__127333b044056d09.pdf,127333b044056d09228b7e8f7b2e48869a4da61238dd2c94c7a26e3c40036e28,893436,3,hardlink,127333b044056d09228b7e8f7b2e48869a4da61238dd2c94c7a26e3c40036e28,acquisition,
2583,originals/mosphys/2022/MOSh_2022_S1-5__a8d3367a07aaa794.pdf,files/mosphys/2022/MOSh_2022_S1-5__a8d3367a07aaa794.pdf,a8d3367a07aaa7942db80a48ec82a1f863fa37666998bc77a9e6dd70765375f3,727117,4,hardlink,a8d3367a07aaa7942db80a48ec82a1f863fa37666998bc77a9e6dd70765375f3,acquisition,
2584,originals/mosphys/2022/MOSh_2022_Q6-10__447301518c4f74ca.pdf,files/mosphys/2022/MOSh_2022_Q6-10__447301518c4f74ca.pdf,447301518c4f74ca4423d0781a05d0b0cc9b3e97e3aecfaf630e1b65a92857d9,623969,3,hardlink,447301518c4f74ca4423d0781a05d0b0cc9b3e97e3aecfaf630e1b65a92857d9,acquisition,
2585,originals/mosphys/2022/MOSh_2022_S6-10__21d17f658d064fb3.pdf,files/mosphys/2022/MOSh_2022_S6-10__21d17f658d064fb3.pdf,21d17f658d064fb31ba106e04ca28260bc381a3c536646f1d38f230789e55086,528623,4,hardlink,21d17f658d064fb31ba106e04ca28260bc381a3c536646f1d38f230789e55086,acquisition,
2586,originals/mosphys/2021/MOSh_2021_Q1-5__daef865d52dab5cd.pdf,files/mosphys/2021/MOSh_2021_Q1-5__daef865d52dab5cd.pdf,daef865d52dab5cd7d4d4d11972817c9878170d22aec4137f45e30be59eed992,249204,2,hardlink,daef865d52dab5cd7d4d4d11972817c9878170d22aec4137f45e30be59eed992,acquisition,
2587,originals/mosphys/2021/MOSh_2021_S1-5__5b27f877c74bb7cd.pdf,files/mosphys/2021/MOSh_2021_S1-5__5b27f877c74bb7cd.pdf,5b27f877c74bb7cd7c9e33980e69849d620b13c72a7f84bd3302b26fa851b9ee,320576,4,hardlink,5b27f877c74bb7cd7c9e33980e69849d620b13c72a7f84bd3302b26fa851b9ee,acquisition,
2588,originals/mosphys/2021/MOSh_2021_S6-10__d27e96c02ad7dd96.pdf,files/mosphys/2021/MOSh_2021_S6-10__d27e96c02ad7dd96.pdf,d27e96c02ad7dd964cf988f10e8373b362c95498aa67120d8ba524b6d054e92f,465361,4,hardlink,d27e96c02ad7dd964cf988f10e8373b362c95498aa67120d8ba524b6d054e92f,acquisition,
2589,originals/mosphys/2020/MOSh_2020_Q1-5__1f4f53f2592ca1c0.pdf,files/mosphys/2020/MOSh_2020_Q1-5__1f4f53f2592ca1c0.pdf,1f4f53f2592ca1c0377ee2aaf176d40b9499246e269ef162a875c6f05827a133,1274882,3,hardlink,1f4f53f2592ca1c0377ee2aaf176d40b9499246e269ef162a875c6f05827a133,acquisition,
259,originals/ipho/2015/IPhO_2015_S5__218109f7c8c35320.pdf,files/ipho/2015/IPhO_2015_S5__218109f7c8c35320.pdf,218109f7c8c3532064125167c65b7ad70066b485414444bf09d7587256429d70,198205,5,hardlink,218109f7c8c3532064125167c65b7ad70066b485414444bf09d7587256429d70,acquisition,
2590,originals/mosphys/2021/MOSh_2021_Q6-10__707f3c521e3d5372.pdf,files/mosphys/2021/MOSh_2021_Q6-10__707f3c521e3d5372.pdf,707f3c521e3d537224f176b5a70bf38eb145406c505aaa061e764e62c4ce83dd,205026,2,hardlink,707f3c521e3d537224f176b5a70bf38eb145406c505aaa061e764e62c4ce83dd,acquisition,
2591,originals/mosphys/2020/MOSh_2020_S1-5__afd44851161f74c4.pdf,files/mosphys/2020/MOSh_2020_S1-5__afd44851161f74c4.pdf,afd44851161f74c4e4bba3619e69a87d0df42f3080ef53f4bf21759dc1429e43,459716,4,hardlink,afd44851161f74c4e4bba3619e69a87d0df42f3080ef53f4bf21759dc1429e43,acquisition,
2592,originals/mosphys/2020/MOSh_2020_Q6-10__e50fb6db93321cf1.pdf,files/mosphys/2020/MOSh_2020_Q6-10__e50fb6db93321cf1.pdf,e50fb6db93321cf14d2e3a4ef68bef31df903821ef7aec04b86a57e9261ec49c,1054194,3,hardlink,e50fb6db93321cf14d2e3a4ef68bef31df903821ef7aec04b86a57e9261ec49c,acquisition,
2593,originals/mosphys/2020/MOSh_2020_S6-10__b731995c0f000bdc.pdf,files/mosphys/2020/MOSh_2020_S6-10__b731995c0f000bdc.pdf,b731995c0f000bdca26300d9e74d0859408daeda1f64f0df94aa6c2c68418ed0,525864,4,hardlink,b731995c0f000bdca26300d9e74d0859408daeda1f64f0df94aa6c2c68418ed0,acquisition,
2594,originals/mosphys/2019/MOSh_2019_S1-5__274236304e6b7527.pdf,files/mosphys/2019/MOSh_2019_S1-5__274236304e6b7527.pdf,274236304e6b7527ffa5c440f210012ed22307d3a3213b6f68d37984bd7521fd,524266,6,hardlink,274236304e6b7527ffa5c440f210012ed22307d3a3213b6f68d37984bd7521fd,acquisition,
2595,originals/mosphys/2019/MOSh_2019_Q1-5__51a15adea904ffe8.pdf,files/mosphys/2019/MOSh_2019_Q1-5__51a15adea904ffe8.pdf,51a15adea904ffe8e2c295654af29bbfc035e3f58aade6cbe391fec245504910,506801,6,hardlink,51a15adea904ffe8e2c295654af29bbfc035e3f58aade6cbe391fec245504910,acquisition,
2596,originals/mosphys/2019/MOSh_2019_Q6-10__8a2e977f7a379ed9.pdf,files/mosphys/2019/MOSh_2019_Q6-10__8a2e977f7a379ed9.pdf,8a2e977f7a379ed9c184336cbac61d77665c32c0a822058509c942eaa0eb214a,453586,5,hardlink,8a2e977f7a379ed9c184336cbac61d77665c32c0a822058509c942eaa0eb214a,acquisition,
2597,originals/mosphys/2019/MOSh_2019_S6-10__21d81f917db99351.pdf,files/mosphys/2019/MOSh_2019_S6-10__21d81f917db99351.pdf,21d81f917db993515e311160e7f0f9e6d289af3a0bbf5350aa4c5ed3654eae77,503011,8,hardlink,21d81f917db993515e311160e7f0f9e6d289af3a0bbf5350aa4c5ed3654eae77,acquisition,
2598,originals/mosphys/2018/MOSh_2018_S1-5__94b52d4378cbb884.pdf,files/mosphys/2018/MOSh_2018_S1-5__94b52d4378cbb884.pdf,94b52d4378cbb884d1210df46b168467f0dafe36a9a0242095ec169ba0ab8d3c,567031,3,hardlink,94b52d4378cbb884d1210df46b168467f0dafe36a9a0242095ec169ba0ab8d3c,acquisition,
2599,originals/mosphys/2018/MOSh_2018_Q1-5__18fb4ed86487b147.pdf,files/mosphys/2018/MOSh_2018_Q1-5__18fb4ed86487b147.pdf,18fb4ed86487b147b47a31c20bb0d597aadef7a85d843c94d22f825d483f8fc6,636061,2,hardlink,18fb4ed86487b147b47a31c20bb0d597aadef7a85d843c94d22f825d483f8fc6,acquisition,
26,originals/ipho/2026/IPhO_2026_Q4_tex__55b3b0e4ea53973c.zip,files/ipho/2026/IPhO_2026_Q4_tex__55b3b0e4ea53973c.zip,55b3b0e4ea53973c41b2c1c4b9353c442e7eb9bed361411d7d38f86edc2d80d7,629649,,hardlink,55b3b0e4ea53973c41b2c1c4b9353c442e7eb9bed361411d7d38f86edc2d80d7,acquisition,
2600,originals/mosphys/2018/MOSh_2018_Q6-10__a887f270fb277dc2.pdf,files/mosphys/2018/MOSh_2018_Q6-10__a887f270fb277dc2.pdf,a887f270fb277dc23157a20a9470ec453503afb58be8ce4ed96aa64f426d065e,446859,5,hardlink,a887f270fb277dc23157a20a9470ec453503afb58be8ce4ed96aa64f426d065e,acquisition,
2601,originals/mosphys/2018/MOSh_2018_S6-10__ea3df3a0db65878b.pdf,files/mosphys/2018/MOSh_2018_S6-10__ea3df3a0db65878b.pdf,ea3df3a0db65878b4f306b19d4cf0febceb8db8bc189d0196ebb064d7fe88507,644614,5,hardlink,ea3df3a0db65878b4f306b19d4cf0febceb8db8bc189d0196ebb064d7fe88507,acquisition,
2602,originals/mosphys/2017/MOSh_2017_S1-5__c3823d08cb3dfcac.pdf,files/mosphys/2017/MOSh_2017_S1-5__c3823d08cb3dfcac.pdf,c3823d08cb3dfcac38362e54f669add81f76eab4dce9fc03e9ff2cfe63739f26,614497,3,hardlink,c3823d08cb3dfcac38362e54f669add81f76eab4dce9fc03e9ff2cfe63739f26,acquisition,
2603,originals/mosphys/2017/MOSh_2017_Q1-5__c0ead18771d56b9f.pdf,files/mosphys/2017/MOSh_2017_Q1-5__c0ead18771d56b9f.pdf,c0ead18771d56b9fbfa2fe509364c2104d6def782bfcb0325c77002a3429b209,279835,1,hardlink,c0ead18771d56b9fbfa2fe509364c2104d6def782bfcb0325c77002a3429b209,acquisition,
2604,originals/mosphys/2016/MOSh_2016_Q1-5__e17090c074d69d08.pdf,files/mosphys/2016/MOSh_2016_Q1-5__e17090c074d69d08.pdf,e17090c074d69d0892283b349dbd2b3a26a6b9e8c001ea62ae39bf807e1bc50d,271815,1,hardlink,e17090c074d69d0892283b349dbd2b3a26a6b9e8c001ea62ae39bf807e1bc50d,acquisition,
2605,originals/mosphys/2017/MOSh_2017_Q6-10__fd44ba607f6412ea.pdf,files/mosphys/2017/MOSh_2017_Q6-10__fd44ba607f6412ea.pdf,fd44ba607f6412ea631d977d4aea87a560d4c7c03648140316e5ab8acd2da107,1256167,2,hardlink,fd44ba607f6412ea631d977d4aea87a560d4c7c03648140316e5ab8acd2da107,acquisition,
2606,originals/mosphys/2017/MOSh_2017_S6-10__0810c1b649bc6573.pdf,files/mosphys/2017/MOSh_2017_S6-10__0810c1b649bc6573.pdf,0810c1b649bc65734c2f97449a3f20f1e553153099ed2c2030542d8d4b252144,2234891,5,hardlink,0810c1b649bc65734c2f97449a3f20f1e553153099ed2c2030542d8d4b252144,acquisition,
2607,originals/mosphys/2016/MOSh_2016_S1-5__d3814f31e4f438ff.pdf,files/mosphys/2016/MOSh_2016_S1-5__d3814f31e4f438ff.pdf,d3814f31e4f438ff1f2cc7c97ba14a99948b6122c4f860a70fc6408d83635a81,432119,3,hardlink,d3814f31e4f438ff1f2cc7c97ba14a99948b6122c4f860a70fc6408d83635a81,acquisition,
2608,originals/mosphys/2016/MOSh_2016_Q6-10__35c79265690083fa.pdf,files/mosphys/2016/MOSh_2016_Q6-10__35c79265690083fa.pdf,35c79265690083fa3481641ff33d04167c61ac2d23196369b349b5b60d74935f,387168,1,hardlink,35c79265690083fa3481641ff33d04167c61ac2d23196369b349b5b60d74935f,acquisition,
2609,originals/mosphys/2016/MOSh_2016_S6-10__2baf2dfcd29fe9f5.pdf,files/mosphys/2016/MOSh_2016_S6-10__2baf2dfcd29fe9f5.pdf,2baf2dfcd29fe9f5efcfe23c593e19546a74d92e14d1c34b0ec7abec330a6151,585882,4,hardlink,2baf2dfcd29fe9f5efcfe23c593e19546a74d92e14d1c34b0ec7abec330a6151,acquisition,
261,originals/ipho/2015/IPhO_2015_Q5_tex__dcf5903198a0f43f.zip,files/ipho/2015/IPhO_2015_Q5_tex__dcf5903198a0f43f.zip,dcf5903198a0f43fd2e922a14f064440da6c15e580df01f89765addef683c86f,425215,,hardlink,dcf5903198a0f43fd2e922a14f064440da6c15e580df01f89765addef683c86f,acquisition,
2610,originals/mosphys/2015/MOSh_2015_Q1-5__8da336b48ebdf119.pdf,files/mosphys/2015/MOSh_2015_Q1-5__8da336b48ebdf119.pdf,8da336b48ebdf1199556aa02fb340ac7ba1604d7ac535b8b6973786bf294bcef,391475,3,hardlink,8da336b48ebdf1199556aa02fb340ac7ba1604d7ac535b8b6973786bf294bcef,acquisition,
2611,originals/mosphys/2015/MOSh_2015_Q6-10__fd030f64eb17d458.pdf,files/mosphys/2015/MOSh_2015_Q6-10__fd030f64eb17d458.pdf,fd030f64eb17d458ec18517db4bc12eaca7a90f51f85e05da45f7bf3bca0c887,471067,3,hardlink,fd030f64eb17d458ec18517db4bc12eaca7a90f51f85e05da45f7bf3bca0c887,acquisition,
2612,originals/mosphys/2015/MOSh_2015_S1-5__b1f2947c58e55a94.pdf,files/mosphys/2015/MOSh_2015_S1-5__b1f2947c58e55a94.pdf,b1f2947c58e55a94e8b8e29ba0acacf9941ed2915c439d8f7e489125fca5f6d8,188733,8,hardlink,b1f2947c58e55a94e8b8e29ba0acacf9941ed2915c439d8f7e489125fca5f6d8,acquisition,
2613,originals/mosphys/2015/MOSh_2015_S6-10__7c50149c16c2fed9.pdf,files/mosphys/2015/MOSh_2015_S6-10__7c50149c16c2fed9.pdf,7c50149c16c2fed9a6846043c2d50d1a2f11847ae01251c665bb435bab171ef4,235351,4,hardlink,7c50149c16c2fed9a6846043c2d50d1a2f11847ae01251c665bb435bab171ef4,acquisition,
2614,originals/mosphys/2014/MOSh_2014_S1-5__f988c442af4a8272.pdf,files/mosphys/2014/MOSh_2014_S1-5__f988c442af4a8272.pdf,f988c442af4a8272dbd150e3566b4479e900b3c90bb84d62c1c00849950ff271,337029,3,hardlink,f988c442af4a8272dbd150e3566b4479e900b3c90bb84d62c1c00849950ff271,acquisition,
2615,originals/mosphys/2014/MOSh_2014_Q6-10__274f67a11ca59cce.pdf,files/mosphys/2014/MOSh_2014_Q6-10__274f67a11ca59cce.pdf,274f67a11ca59ccecb95a4bac476dbd3016c2125296b8b69372d6580f7a8490f,422649,1,hardlink,274f67a11ca59ccecb95a4bac476dbd3016c2125296b8b69372d6580f7a8490f,acquisition,
2616,originals/mosphys/2014/MOSh_2014_Q1-5__2082e568096e77c1.pdf,files/mosphys/2014/MOSh_2014_Q1-5__2082e568096e77c1.pdf,2082e568096e77c1736829a51a97ae2a7d396ce63f93e59afbbe04b3c7a70a51,295868,1,hardlink,2082e568096e77c1736829a51a97ae2a7d396ce63f93e59afbbe04b3c7a70a51,acquisition,
2617,originals/mosphys/2013/MOSh_2013_Q1-5__0482456ed934969c.pdf,files/mosphys/2013/MOSh_2013_Q1-5__0482456ed934969c.pdf,0482456ed934969c804bc5faa993ef01da7cdb77eac18d3c4834bfd9c85cab66,160698,1,hardlink,0482456ed934969c804bc5faa993ef01da7cdb77eac18d3c4834bfd9c85cab66,acquisition,
2618,originals/mosphys/2014/MOSh_2014_S6-10__a1908399516507fe.pdf,files/mosphys/2014/MOSh_2014_S6-10__a1908399516507fe.pdf,a1908399516507feb0994e2c3838f5bdd6acd9698f22ab218b116fac234d2b9b,130527,4,hardlink,a1908399516507feb0994e2c3838f5bdd6acd9698f22ab218b116fac234d2b9b,acquisition,
2619,originals/mosphys/2013/MOSh_2013_Q6-10__85962527d67c3de9.pdf,files/mosphys/2013/MOSh_2013_Q6-10__85962527d67c3de9.pdf,85962527d67c3de993be8f4d764e6951699bcb08520d8dac33117a0c0e0bf953,207910,2,hardlink,85962527d67c3de993be8f4d764e6951699bcb08520d8dac33117a0c0e0bf953,acquisition,
262,originals/ipho/2015/2015-5__ac4c9716eae08b93.tex,files/ipho/2015/2015-5__ac4c9716eae08b93.tex,ac4c9716eae08b93aed28796535c7c96c7822d109dfef05e2a9cb6fa41b8018c,17795,,hardlink,ac4c9716eae08b93aed28796535c7c96c7822d109dfef05e2a9cb6fa41b8018c,acquisition,
2620,originals/mosphys/2012/MOSh_2012_Q1-5__7e8dbf638b7bcb31.pdf,files/mosphys/2012/MOSh_2012_Q1-5__7e8dbf638b7bcb31.pdf,7e8dbf638b7bcb3133cb61ff7eaf472ab343e1db01fb320ae8f7819dfeecb75a,391067,3,hardlink,7e8dbf638b7bcb3133cb61ff7eaf472ab343e1db01fb320ae8f7819dfeecb75a,acquisition,
2621,originals/mosphys/2012/MOSh_2012_S1-5__7cb4fbdb405bb653.pdf,files/mosphys/2012/MOSh_2012_S1-5__7cb4fbdb405bb653.pdf,7cb4fbdb405bb6537b28d20236a9cc3184842fe0f7d7c2b73107ccb68058233e,409430,3,hardlink,7cb4fbdb405bb6537b28d20236a9cc3184842fe0f7d7c2b73107ccb68058233e,acquisition,
2622,originals/mosphys/2012/MOSh_2012_Q6-10__5e97bd571039f530.pdf,files/mosphys/2012/MOSh_2012_Q6-10__5e97bd571039f530.pdf,5e97bd571039f530a0ef956975a9d11acf48b9392ce15eedd0f04bfc826e12eb,523838,2,hardlink,5e97bd571039f530a0ef956975a9d11acf48b9392ce15eedd0f04bfc826e12eb,acquisition,
2623,originals/mosphys/2012/MOSh_2012_S6-10__d8a39a8099c7dbfc.pdf,files/mosphys/2012/MOSh_2012_S6-10__d8a39a8099c7dbfc.pdf,d8a39a8099c7dbfcbb23a33c66ff1046dee906738ff6f5955ac090790acfb59b,373384,4,hardlink,d8a39a8099c7dbfcbb23a33c66ff1046dee906738ff6f5955ac090790acfb59b,acquisition,
2624,originals/mosphys/2011/MOSh_2011_S1-5__d904a87569234113.pdf,files/mosphys/2011/MOSh_2011_S1-5__d904a87569234113.pdf,d904a875692341134ae17ec502159316e9f27d449bbf5fa11b11eb4c7630e153,335473,2,hardlink,d904a875692341134ae17ec502159316e9f27d449bbf5fa11b11eb4c7630e153,acquisition,
2625,originals/mosphys/2011/MOSh_2011_Q6-10__812dc113aa7226c9.pdf,files/mosphys/2011/MOSh_2011_Q6-10__812dc113aa7226c9.pdf,812dc113aa7226c9558de897c88c2b7a3d2f6f498fd47ae4a0c48f8bb3a9c3d0,406337,1,hardlink,812dc113aa7226c9558de897c88c2b7a3d2f6f498fd47ae4a0c48f8bb3a9c3d0,acquisition,
2626,originals/mosphys/2011/MOSh_2011_Q1-5__1f271e6fd5b87329.pdf,files/mosphys/2011/MOSh_2011_Q1-5__1f271e6fd5b87329.pdf,1f271e6fd5b87329f55b76f8100a8e7a5dac31881aea85ed8503352b9d26c9bd,278140,1,hardlink,1f271e6fd5b87329f55b76f8100a8e7a5dac31881aea85ed8503352b9d26c9bd,acquisition,
2627,originals/mosphys/2010/MOSh_2010_Q1-5__28f2653d3a1565e8.pdf,files/mosphys/2010/MOSh_2010_Q1-5__28f2653d3a1565e8.pdf,28f2653d3a1565e89959f9da9b437b5c5a888609a5e167c967ca651eac572b13,187954,1,hardlink,28f2653d3a1565e89959f9da9b437b5c5a888609a5e167c967ca651eac572b13,acquisition,
2628,originals/mosphys/2011/MOSh_2011_S6-10__6a142e9807fc8a84.pdf,files/mosphys/2011/MOSh_2011_S6-10__6a142e9807fc8a84.pdf,6a142e9807fc8a84ac069c64194bbdcbedaa6e2895b2cf2ec8595873a23ddf0c,464055,3,hardlink,6a142e9807fc8a84ac069c64194bbdcbedaa6e2895b2cf2ec8595873a23ddf0c,acquisition,
2629,originals/mosphys/2010/MOSh_2010_S1-5__6b405eb93c4c40c0.pdf,files/mosphys/2010/MOSh_2010_S1-5__6b405eb93c4c40c0.pdf,6b405eb93c4c40c016c586eaf6b392dcb167a829dbb755acefbda82ddb9c536c,275442,2,hardlink,6b405eb93c4c40c016c586eaf6b392dcb167a829dbb755acefbda82ddb9c536c,acquisition,
263,originals/ipho/2014/IPhO_2014_Q1__ccf942b469f4e811.pdf,files/ipho/2014/IPhO_2014_Q1__ccf942b469f4e811.pdf,ccf942b469f4e81119bfaac50bac1010daad35e678fd14af2abdb0c19fcb44ad,290577,1,hardlink,ccf942b469f4e81119bfaac50bac1010daad35e678fd14af2abdb0c19fcb44ad,acquisition,
2630,originals/mosphys/2010/MOSh_2010_Q6-10__db2e6416b51418de.pdf,files/mosphys/2010/MOSh_2010_Q6-10__db2e6416b51418de.pdf,db2e6416b51418deed0b5aa63d403f02389e88ecbbab7d09fb2027715d8b3ee7,235422,1,hardlink,db2e6416b51418deed0b5aa63d403f02389e88ecbbab7d09fb2027715d8b3ee7,acquisition,
2632,originals/inpho/2025/InPhO_2025_Q1-5__fecfd0f354aa06ad.pdf,files/inpho/2025/InPhO_2025_Q1-5__fecfd0f354aa06ad.pdf,fecfd0f354aa06adedd67a27980c6e20e3dabe50a00abb3088c45df84d836377,107600,9,hardlink,fecfd0f354aa06adedd67a27980c6e20e3dabe50a00abb3088c45df84d836377,acquisition,
2633,originals/mosphys/2010/MOSh_2010_S6-10__d9be7369e7468f31.pdf,files/mosphys/2010/MOSh_2010_S6-10__d9be7369e7468f31.pdf,d9be7369e7468f318976f166137078b5af58a1696047ad5eab7fe17b14aef9ce,297735,2,hardlink,d9be7369e7468f318976f166137078b5af58a1696047ad5eab7fe17b14aef9ce,acquisition,
2634,originals/inpho/2025/InPhO_2025_S1-5__2d9e16616d36dbef.pdf,files/inpho/2025/InPhO_2025_S1-5__2d9e16616d36dbef.pdf,2d9e16616d36dbefc3b916b7781f72020c03b6f8692e0aa69b3ffb28dc1378b9,545060,24,hardlink,2d9e16616d36dbefc3b916b7781f72020c03b6f8692e0aa69b3ffb28dc1378b9,acquisition,
2636,originals/inpho/2024/InPhO_2024_Q1-6__91b3f94ac04052dc.pdf,files/inpho/2024/InPhO_2024_Q1-6__91b3f94ac04052dc.pdf,91b3f94ac04052dc6066d340a0fb75b66709a267449bb436f5f47adac426d264,1769538,9,hardlink,91b3f94ac04052dc6066d340a0fb75b66709a267449bb436f5f47adac426d264,acquisition,
2637,originals/inpho/2024/InPhO_2024_S1-6__0dbab30149e8468a.pdf,files/inpho/2024/InPhO_2024_S1-6__0dbab30149e8468a.pdf,0dbab30149e8468ab87b4e9f1aeeafa9498cfde0d3ba293d1e2c93b3e9a2fe21,3936519,23,hardlink,0dbab30149e8468ab87b4e9f1aeeafa9498cfde0d3ba293d1e2c93b3e9a2fe21,acquisition,
2638,originals/inpho/2023/InPhO_2023_Q1-5__e9e8e229f2aaefd6.pdf,files/inpho/2023/InPhO_2023_Q1-5__e9e8e229f2aaefd6.pdf,e9e8e229f2aaefd6cdf049f10beb79104404f3aaee8604b2d89e720d30de9d2c,2118151,6,hardlink,e9e8e229f2aaefd6cdf049f10beb79104404f3aaee8604b2d89e720d30de9d2c,acquisition,
2639,originals/inpho/2022/InPhO_2022_Q1-5__7a9d0c1867fa7e60.pdf,files/inpho/2022/InPhO_2022_Q1-5__7a9d0c1867fa7e60.pdf,7a9d0c1867fa7e60a94d4c142c88d8fb22fa203d20505e780a821e0d8340b878,375776,4,hardlink,7a9d0c1867fa7e60a94d4c142c88d8fb22fa203d20505e780a821e0d8340b878,acquisition,
264,originals/ipho/2014/IPhO_2014_S1__3eed9c43c8d5d877.pdf,files/ipho/2014/IPhO_2014_S1__3eed9c43c8d5d877.pdf,3eed9c43c8d5d877f286e7b43f69b5c05c279150d33d7f0707ed44cfc7b42a84,367531,4,hardlink,3eed9c43c8d5d877f286e7b43f69b5c05c279150d33d7f0707ed44cfc7b42a84,acquisition,
2640,originals/inpho/2023/InPhO_2023_S1-5__35a49b2f15f7538e.pdf,files/inpho/2023/InPhO_2023_S1-5__35a49b2f15f7538e.pdf,35a49b2f15f7538e98d10cf7fa7b0e6811f3315fa283ca104be309caedcc5395,7837222,19,hardlink,35a49b2f15f7538e98d10cf7fa7b0e6811f3315fa283ca104be309caedcc5395,acquisition,
2641,originals/inpho/2022/InPhO_2022_S1-5__cad0605047214fe4.pdf,files/inpho/2022/InPhO_2022_S1-5__cad0605047214fe4.pdf,cad0605047214fe452d8ee66018a6b331fa5b5524efe09b35273ab41f6a07845,435525,12,hardlink,cad0605047214fe452d8ee66018a6b331fa5b5524efe09b35273ab41f6a07845,acquisition,
2642,originals/inpho/2021/InPhO_2021_Q1-5__f83c8bd38bcdecda.pdf,files/inpho/2021/InPhO_2021_Q1-5__f83c8bd38bcdecda.pdf,f83c8bd38bcdecda909fcd078511f20a2325f06b0914e44f3ad03f50a844fa2d,76739,4,hardlink,f83c8bd38bcdecda909fcd078511f20a2325f06b0914e44f3ad03f50a844fa2d,acquisition,
2643,originals/inpho/2021/InPhO_2021_S1-5__a4d86e9392847039.pdf,files/inpho/2021/InPhO_2021_S1-5__a4d86e9392847039.pdf,a4d86e9392847039ec5330ab32a1f331608ab1e57110b5abc5a7dffb1f7417bf,171182,10,hardlink,a4d86e9392847039ec5330ab32a1f331608ab1e57110b5abc5a7dffb1f7417bf,acquisition,
2644,originals/inpho/2020/InPhO_2020_Q1-5__6a1ae42491687cb7.pdf,files/inpho/2020/InPhO_2020_Q1-5__6a1ae42491687cb7.pdf,6a1ae42491687cb7806ad1fa137bdef2dd1be1ed03aef90df3d3b4a7f0b643fd,270234,24,hardlink,6a1ae42491687cb7806ad1fa137bdef2dd1be1ed03aef90df3d3b4a7f0b643fd,acquisition,
2645,originals/inpho/2019/InPhO_2019_Q1-7__4872cc768c43290f.pdf,files/inpho/2019/InPhO_2019_Q1-7__4872cc768c43290f.pdf,4872cc768c43290f2b8255efcf49645591da50ec10111cfefbff18cd104a62c1,310925,30,hardlink,4872cc768c43290f2b8255efcf49645591da50ec10111cfefbff18cd104a62c1,acquisition,
2646,originals/inpho/2020/InPhO_2020_S1-5__0ac0a6d4e842897e.pdf,files/inpho/2020/InPhO_2020_S1-5__0ac0a6d4e842897e.pdf,0ac0a6d4e842897e8fd3acbc970993ae063988e9c1bc88fd70505e21cd60823e,6332334,18,hardlink,0ac0a6d4e842897e8fd3acbc970993ae063988e9c1bc88fd70505e21cd60823e,acquisition,
2647,originals/inpho/2018/InPhO_2018_Q1-7__a3738c6df02bb1c6.pdf,files/inpho/2018/InPhO_2018_Q1-7__a3738c6df02bb1c6.pdf,a3738c6df02bb1c65fd85b5f71bccce4c0a84c99042f83f1e0e5ffdecd0c1898,338832,28,hardlink,a3738c6df02bb1c65fd85b5f71bccce4c0a84c99042f83f1e0e5ffdecd0c1898,acquisition,
2648,originals/inpho/2018/InPhO_2018_S1-7__a5db5c40e6133367.pdf,files/inpho/2018/InPhO_2018_S1-7__a5db5c40e6133367.pdf,a5db5c40e6133367ddd61ab09453145fa7a440e8792ab498f66265186338903d,1728575,18,hardlink,a5db5c40e6133367ddd61ab09453145fa7a440e8792ab498f66265186338903d,acquisition,
2649,originals/inpho/2017/InPhO_2017_Q1-6__1931a03611b2424d.pdf,files/inpho/2017/InPhO_2017_Q1-6__1931a03611b2424d.pdf,1931a03611b2424d856cd59b31d4c76c3c75948a32487a9b0e8484b25e799489,1244075,8,hardlink,1931a03611b2424d856cd59b31d4c76c3c75948a32487a9b0e8484b25e799489,acquisition,
265,originals/ipho/2014/IPhO_2014_Q2__862c0db3b0c07a22.pdf,files/ipho/2014/IPhO_2014_Q2__862c0db3b0c07a22.pdf,862c0db3b0c07a227da642c70516ff8273491bd7bc04820e9ea79d0983456934,706938,3,hardlink,862c0db3b0c07a227da642c70516ff8273491bd7bc04820e9ea79d0983456934,acquisition,
2650,originals/inpho/2019/InPhO_2019_S1-7__47cfc34aa594cf57.pdf,files/inpho/2019/InPhO_2019_S1-7__47cfc34aa594cf57.pdf,47cfc34aa594cf57d38bd5b9a596129aa91d53e8d1cd077ddc894fed0ade960b,908433,21,hardlink,47cfc34aa594cf57d38bd5b9a596129aa91d53e8d1cd077ddc894fed0ade960b,acquisition,
2651,originals/inpho/2016/InPhO_2016_Q1-6__1599c8d8f4cc7831.pdf,files/inpho/2016/InPhO_2016_Q1-6__1599c8d8f4cc7831.pdf,1599c8d8f4cc7831fc59ff220e6a4b8b2efe9a0d2ed0b5e8da56ee4dfc01761d,242988,15,hardlink,1599c8d8f4cc7831fc59ff220e6a4b8b2efe9a0d2ed0b5e8da56ee4dfc01761d,acquisition,
2652,originals/inpho/2015/InPhO_2015_Q1-6__ea5aebdc302c0620.pdf,files/inpho/2015/InPhO_2015_Q1-6__ea5aebdc302c0620.pdf,ea5aebdc302c0620f7e539e7b9fa4f26e67f4c7dc73b920917a21f4897cc517d,533459,25,hardlink,ea5aebdc302c0620f7e539e7b9fa4f26e67f4c7dc73b920917a21f4897cc517d,acquisition,
2653,originals/inpho/2014/InPhO_2014_Q1-8__9c3ee38f89320169.pdf,files/inpho/2014/InPhO_2014_Q1-8__9c3ee38f89320169.pdf,9c3ee38f89320169a1d50382b35108d203ad27ebe2852a5b35becc0e99aea02a,193561,8,hardlink,9c3ee38f89320169a1d50382b35108d203ad27ebe2852a5b35becc0e99aea02a,acquisition,
2654,originals/inpho/2013/InPhO_2013_Q1-7__c440e8c7d1aa13cb.pdf,files/inpho/2013/InPhO_2013_Q1-7__c440e8c7d1aa13cb.pdf,c440e8c7d1aa13cb22bf322cd760061125494b6911787b35f8c4d0c59e1ece5b,116019,28,hardlink,c440e8c7d1aa13cb22bf322cd760061125494b6911787b35f8c4d0c59e1ece5b,acquisition,
2656,originals/inpho/2013/InPhO_2013_S1-7__8eb8fd54c144e3cd.pdf,files/inpho/2013/InPhO_2013_S1-7__8eb8fd54c144e3cd.pdf,8eb8fd54c144e3cd6ecc2ef07cfdfbe60353310c053036db2f19395b763f9293,48754,3,hardlink,8eb8fd54c144e3cd6ecc2ef07cfdfbe60353310c053036db2f19395b763f9293,acquisition,
2657,originals/inpho/2012/InPhO_2012_Q1-5__88cdf127b94e8fa9.pdf,files/inpho/2012/InPhO_2012_Q1-5__88cdf127b94e8fa9.pdf,88cdf127b94e8fa944c9809b48a93a66d3ac087e298eeed605a53a99ec4c83ad,108913,22,hardlink,88cdf127b94e8fa944c9809b48a93a66d3ac087e298eeed605a53a99ec4c83ad,acquisition,
2658,originals/inpho/2012/InPhO_2012_S1-5__e883491ec694b3ec.pdf,files/inpho/2012/InPhO_2012_S1-5__e883491ec694b3ec.pdf,e883491ec694b3ec9f278a4a59753c6c372919747017dcaaef15ffc06523321d,45354,3,hardlink,e883491ec694b3ec9f278a4a59753c6c372919747017dcaaef15ffc06523321d,acquisition,
266,originals/ipho/2014/IPhO_2014_S2__cca43401fb436270.pdf,files/ipho/2014/IPhO_2014_S2__cca43401fb436270.pdf,cca43401fb436270ee3735de5d19a5992cfe0b08529b5f89d2116a8e03362a1f,549141,3,hardlink,cca43401fb436270ee3735de5d19a5992cfe0b08529b5f89d2116a8e03362a1f,acquisition,
2660,originals/inpho/2011/InPhO_2011_Q1-7__cbb5689252773099.pdf,files/inpho/2011/InPhO_2011_Q1-7__cbb5689252773099.pdf,cbb56892527730996b277c6bdac1c6bccc7060be6ba952422f9cef506084e338,117863,28,hardlink,cbb56892527730996b277c6bdac1c6bccc7060be6ba952422f9cef506084e338,acquisition,
2661,originals/inpho/2010/InPhO_2010_Q1-5__b0bd2bce9debaf24.pdf,files/inpho/2010/InPhO_2010_Q1-5__b0bd2bce9debaf24.pdf,b0bd2bce9debaf2413c0db73150c1f6055a9eb3409939053814d24827bf21076,149926,24,hardlink,b0bd2bce9debaf2413c0db73150c1f6055a9eb3409939053814d24827bf21076,acquisition,
2662,originals/inpho/2010/InPhO_2010_S1-5__e392a818422dc019.pdf,files/inpho/2010/InPhO_2010_S1-5__e392a818422dc019.pdf,e392a818422dc01987cfc7ff22b3f1b581a3ae15a07afb43915260db44ffd5d7,36811,3,hardlink,e392a818422dc01987cfc7ff22b3f1b581a3ae15a07afb43915260db44ffd5d7,acquisition,
2663,originals/inpho/2009/InPhO_2009_Q1__103f66f9eb5f0ab0.pdf,files/inpho/2009/InPhO_2009_Q1__103f66f9eb5f0ab0.pdf,103f66f9eb5f0ab0f303f6239e33adb8fe14e31aa4474e2988c14d3fa0f7337c,163035,22,hardlink,103f66f9eb5f0ab0f303f6239e33adb8fe14e31aa4474e2988c14d3fa0f7337c,acquisition,
2664,originals/inpho/2008/InPhO_2008_Q1-7__ed833646330a0456.pdf,files/inpho/2008/InPhO_2008_Q1-7__ed833646330a0456.pdf,ed833646330a0456fb1182d21efbb7a7df03a12021610ed1cf1657096639d47c,73022,5,hardlink,ed833646330a0456fb1182d21efbb7a7df03a12021610ed1cf1657096639d47c,acquisition,
2665,originals/inpho/2009/InPhO_2009_S1__c872e1283492a2da.pdf,files/inpho/2009/InPhO_2009_S1__c872e1283492a2da.pdf,c872e1283492a2da2a8533291612b7918761f79a463362ba7d08de6c661086b9,38505,4,hardlink,c872e1283492a2da2a8533291612b7918761f79a463362ba7d08de6c661086b9,acquisition,
2666,originals/obf/2025/OBF_2025_Q1-8__6fe3bb61de26ee5c.pdf,files/obf/2025/OBF_2025_Q1-8__6fe3bb61de26ee5c.pdf,6fe3bb61de26ee5c146457ccb6c7f5780fd9623b952867f539e2de96f5b5d81f,576947,5,hardlink,6fe3bb61de26ee5c146457ccb6c7f5780fd9623b952867f539e2de96f5b5d81f,acquisition,
2667,originals/obf/2024/OBF_2024_Q1-8__0339e955f783262e.pdf,files/obf/2024/OBF_2024_Q1-8__0339e955f783262e.pdf,0339e955f783262eb731ce99de4532cd19633fe719bae89b000cd1fe5c4d8e18,956779,4,hardlink,0339e955f783262eb731ce99de4532cd19633fe719bae89b000cd1fe5c4d8e18,acquisition,
2668,originals/obf/2020/OBF_2020_Q1-8__f8c17e806a7fbb40.pdf,files/obf/2020/OBF_2020_Q1-8__f8c17e806a7fbb40.pdf,f8c17e806a7fbb401e061f91a912768d993c416e31aa184e763b4bd160434699,555774,5,hardlink,f8c17e806a7fbb401e061f91a912768d993c416e31aa184e763b4bd160434699,acquisition,
2669,originals/obf/2017/OBF_2017_Q1-8__7220fa20a161da3d.pdf,files/obf/2017/OBF_2017_Q1-8__7220fa20a161da3d.pdf,7220fa20a161da3daf0496376704457f9ea40a09128fa88f455aad32aa842b98,343453,3,hardlink,7220fa20a161da3daf0496376704457f9ea40a09128fa88f455aad32aa842b98,acquisition,
267,originals/ipho/2014/IPhO_2014_P1__81e0f418177dc3f0.pdf,files/ipho/2014/IPhO_2014_P1__81e0f418177dc3f0.pdf,81e0f418177dc3f08004155aa74cdcddf2e0651534c5700caa2519c415f1c862,950998,14,hardlink,81e0f418177dc3f08004155aa74cdcddf2e0651534c5700caa2519c415f1c862,acquisition,
2670,originals/obf/2016/OBF_2016_Q1-8__cfbefbd61455cb92.pdf,files/obf/2016/OBF_2016_Q1-8__cfbefbd61455cb92.pdf,cfbefbd61455cb921d2204794701b9dbcf11a41f319ff623431d6bbc84955edf,291740,3,hardlink,cfbefbd61455cb921d2204794701b9dbcf11a41f319ff623431d6bbc84955edf,acquisition,
2671,originals/obf/2015/OBF_2015_Q1-8__c16496917d86f4d0.pdf,files/obf/2015/OBF_2015_Q1-8__c16496917d86f4d0.pdf,c16496917d86f4d008eb30b5b7e3e7fc57c5ef958d3ea9b7c9aebc7fdb1af83e,578319,4,hardlink,c16496917d86f4d008eb30b5b7e3e7fc57c5ef958d3ea9b7c9aebc7fdb1af83e,acquisition,
2672,originals/obf/2014/OBF_2014_Q1-8__231fee4684739048.pdf,files/obf/2014/OBF_2014_Q1-8__231fee4684739048.pdf,231fee4684739048b55c5521b6d6a253e97ffc6c63173409ad251f9296748581,108314,4,hardlink,231fee4684739048b55c5521b6d6a253e97ffc6c63173409ad251f9296748581,acquisition,
2673,originals/obf/2011/OBF_2011_Q1-8__ef7e7db933d546d9.pdf,files/obf/2011/OBF_2011_Q1-8__ef7e7db933d546d9.pdf,ef7e7db933d546d942e7c43c67862fc79d0f491902a14b1706b4dde4392d4177,207164,8,hardlink,ef7e7db933d546d942e7c43c67862fc79d0f491902a14b1706b4dde4392d4177,acquisition,
2674,originals/obf/2010/OBF_2010_Q1-8__2674039fcf842e68.pdf,files/obf/2010/OBF_2010_Q1-8__2674039fcf842e68.pdf,2674039fcf842e684d28be85f229a0ace0aa56ac0d0d6937e8db5275a8ac4f15,182029,3,hardlink,2674039fcf842e684d28be85f229a0ace0aa56ac0d0d6937e8db5275a8ac4f15,acquisition,
2675,originals/obf/2009/OBF_2009_Q1-8__e33db7c89b36480a.pdf,files/obf/2009/OBF_2009_Q1-8__e33db7c89b36480a.pdf,e33db7c89b36480a25349f705a3a4ee9821fc61caef45f2b276c0edb9c54ab6b,163836,4,hardlink,e33db7c89b36480a25349f705a3a4ee9821fc61caef45f2b276c0edb9c54ab6b,acquisition,
2676,originals/obf/2007/OBF_2007_Q1-8__f8b81cb8e014c73e.pdf,files/obf/2007/OBF_2007_Q1-8__f8b81cb8e014c73e.pdf,f8b81cb8e014c73e5f89763946bd69e50335641fe0cf70a5272bfc9708383310,524413,5,hardlink,f8b81cb8e014c73e5f89763946bd69e50335641fe0cf70a5272bfc9708383310,acquisition,
2677,originals/obf/2006/OBF_2006_Q1-8__d37105dc016772cb.pdf,files/obf/2006/OBF_2006_Q1-8__d37105dc016772cb.pdf,d37105dc016772cbaa1248205cb0fd2f2e392b1557ff221ff2b21df92cf7383a,206464,4,hardlink,d37105dc016772cbaa1248205cb0fd2f2e392b1557ff221ff2b21df92cf7383a,acquisition,
2678,originals/obf/2007/OBF_2007_S1-8__6d30e0e1fcd2be61.pdf,files/obf/2007/OBF_2007_S1-8__6d30e0e1fcd2be61.pdf,6d30e0e1fcd2be6123799a2988479b68109b5bbaf44adab098fa29d0aa9f8175,346864,12,hardlink,6d30e0e1fcd2be6123799a2988479b68109b5bbaf44adab098fa29d0aa9f8175,acquisition,
2679,originals/obf/2006/OBF_2006_S1-8__4fd295da68536ca9.pdf,files/obf/2006/OBF_2006_S1-8__4fd295da68536ca9.pdf,4fd295da68536ca9b1d1028cf9bb25804835f85252e1e9f57ea393c67e133484,132794,6,hardlink,4fd295da68536ca9b1d1028cf9bb25804835f85252e1e9f57ea393c67e133484,acquisition,
268,originals/ipho/2014/IPhO_2014_Q3__0e3dcc253bdf2e88.pdf,files/ipho/2014/IPhO_2014_Q3__0e3dcc253bdf2e88.pdf,0e3dcc253bdf2e889af946083bcba30328cdcc920ac2a3da0fa54c94bcce2138,549150,2,hardlink,0e3dcc253bdf2e889af946083bcba30328cdcc920ac2a3da0fa54c94bcce2138,acquisition,
2680,originals/brtst/2026/SOIF_2026_Q1-5__c53e74c3de916c9b.pdf,files/brtst/2026/SOIF_2026_Q1-5__c53e74c3de916c9b.pdf,c53e74c3de916c9bcbc01982f10c59ad806deb1b72ba601773974d0ac386b904,759580,9,hardlink,c53e74c3de916c9bcbc01982f10c59ad806deb1b72ba601773974d0ac386b904,acquisition,
2681,originals/brtst/2026/SOIF_2026_S1-5__a79b3167fb061970.pdf,files/brtst/2026/SOIF_2026_S1-5__a79b3167fb061970.pdf,a79b3167fb061970e72309fcc339f3994aea15ebf334ebff248a30850c51e5e6,522264,20,hardlink,a79b3167fb061970e72309fcc339f3994aea15ebf334ebff248a30850c51e5e6,acquisition,
2682,originals/brtst/2025/SOIF_2025_Q1-5__765e2d55f17e69aa.pdf,files/brtst/2025/SOIF_2025_Q1-5__765e2d55f17e69aa.pdf,765e2d55f17e69aad3fe828fb973debc1701f8c203f75eea9322b441122e5e8c,682086,7,hardlink,765e2d55f17e69aad3fe828fb973debc1701f8c203f75eea9322b441122e5e8c,acquisition,
2683,originals/brtst/2024/SOIF_2024_Q1-5__a3c7a29f8f73afca.pdf,files/brtst/2024/SOIF_2024_Q1-5__a3c7a29f8f73afca.pdf,a3c7a29f8f73afca85b448436fb11422498440b76821118edc47860617e0f6db,612299,7,hardlink,a3c7a29f8f73afca85b448436fb11422498440b76821118edc47860617e0f6db,acquisition,
2684,originals/brtst/2025/SOIF_2025_S1-5__c2dfda7d5dab69b9.pdf,files/brtst/2025/SOIF_2025_S1-5__c2dfda7d5dab69b9.pdf,c2dfda7d5dab69b9cd901f58b9cdd287c86310521533557472ee98444f97e933,1737032,17,hardlink,c2dfda7d5dab69b9cd901f58b9cdd287c86310521533557472ee98444f97e933,acquisition,
2685,originals/brtst/2024/SOIF_2024_S1-5__b90b87ddeffaba82.pdf,files/brtst/2024/SOIF_2024_S1-5__b90b87ddeffaba82.pdf,b90b87ddeffaba825444cc637aa4551e528615834b271931659a307379cd2cd0,257606,11,hardlink,b90b87ddeffaba825444cc637aa4551e528615834b271931659a307379cd2cd0,acquisition,
2686,originals/brtst/2023/SOIF_2023_Q1-5__12ab9d23de30dac3.pdf,files/brtst/2023/SOIF_2023_Q1-5__12ab9d23de30dac3.pdf,12ab9d23de30dac3c529a3a9634279b7ca310359a466f7ba2a10cc392baeb775,613774,5,hardlink,12ab9d23de30dac3c529a3a9634279b7ca310359a466f7ba2a10cc392baeb775,acquisition,
2687,originals/brtst/2023/SOIF_2023_S1-5__1d09e7ab15766dd6.pdf,files/brtst/2023/SOIF_2023_S1-5__1d09e7ab15766dd6.pdf,1d09e7ab15766dd66e8e7d64c930d7075b0b1b1b54a8466191d6c98c3c1d29b7,235461,8,hardlink,1d09e7ab15766dd66e8e7d64c930d7075b0b1b1b54a8466191d6c98c3c1d29b7,acquisition,
2688,originals/brtst/2021/SOIF_2021_Q1-6__472497ab6b8c1027.pdf,files/brtst/2021/SOIF_2021_Q1-6__472497ab6b8c1027.pdf,472497ab6b8c102771d1d7056ca49fbfbc03f39e4b4d43947ec7aa05d354f182,739497,4,hardlink,472497ab6b8c102771d1d7056ca49fbfbc03f39e4b4d43947ec7aa05d354f182,acquisition,
2689,originals/brtst/2021/SOIF_2021_S1-6__1191b7b7dafd8b1f.pdf,files/brtst/2021/SOIF_2021_S1-6__1191b7b7dafd8b1f.pdf,1191b7b7dafd8b1fe92f35418dcc19370def5e4a74af9a1b467d8c6d53a4d4b2,371003,10,hardlink,1191b7b7dafd8b1fe92f35418dcc19370def5e4a74af9a1b467d8c6d53a4d4b2,acquisition,
269,originals/ipho/2014/IPhO_2014_S3__910439829cf48dfc.pdf,files/ipho/2014/IPhO_2014_S3__910439829cf48dfc.pdf,910439829cf48dfcc008f560e0fac1dda8f44e694ab450b2b392574b3f98cad5,527347,3,hardlink,910439829cf48dfcc008f560e0fac1dda8f44e694ab450b2b392574b3f98cad5,acquisition,
2690,originals/bpho/2025/BPhO_2025_2_Q1__371aca1b87490e70.pdf,files/bpho/2025/BPhO_2025_2_Q1__371aca1b87490e70.pdf,371aca1b87490e707274055e3811fa8c1356e4d12a43751cffd7253d602c4975,850913,9,hardlink,371aca1b87490e707274055e3811fa8c1356e4d12a43751cffd7253d602c4975,acquisition,
2691,originals/bpho/2024/BPhO_2024_1_Q1__e7646de3d50dbdce.pdf,files/bpho/2024/BPhO_2024_1_Q1__e7646de3d50dbdce.pdf,e7646de3d50dbdceea6953dfc9cd1c0223719066331d6f3cc2343f21c557dc7a,422530,7,hardlink,e7646de3d50dbdceea6953dfc9cd1c0223719066331d6f3cc2343f21c557dc7a,acquisition,
2692,originals/bpho/2024/BPhO_2024_1_S1__13f3614bea453c9c.pdf,files/bpho/2024/BPhO_2024_1_S1__13f3614bea453c9c.pdf,13f3614bea453c9ccb78d3eb91c33d5c9bbd181e11b218f993c048791c24530e,436660,12,hardlink,13f3614bea453c9ccb78d3eb91c33d5c9bbd181e11b218f993c048791c24530e,acquisition,
2693,originals/bpho/2024/BPhO_2024_1_Q2__16415b2e871abe1c.pdf,files/bpho/2024/BPhO_2024_1_Q2__16415b2e871abe1c.pdf,16415b2e871abe1cdc00ccb1e45a0b117e6043eea01560ddeecc1b5e5f8e0858,1041805,11,hardlink,16415b2e871abe1cdc00ccb1e45a0b117e6043eea01560ddeecc1b5e5f8e0858,acquisition,
2694,originals/bpho/2024/BPhO_2024_1_S2__697a0224c694a815.pdf,files/bpho/2024/BPhO_2024_1_S2__697a0224c694a815.pdf,697a0224c694a815fd361b8c09cdc5c6fadfb87c132b6a35a138fba20f037b72,592466,12,hardlink,697a0224c694a815fd361b8c09cdc5c6fadfb87c132b6a35a138fba20f037b72,acquisition,
2695,originals/bpho/2024/BPhO_2024_2_Q1__7178f1683d9ff9ec.pdf,files/bpho/2024/BPhO_2024_2_Q1__7178f1683d9ff9ec.pdf,7178f1683d9ff9ec4c5d797e06c46fa23e30a6666d59f65ffb0cf820ea7beeac,4116076,11,hardlink,7178f1683d9ff9ec4c5d797e06c46fa23e30a6666d59f65ffb0cf820ea7beeac,acquisition,
2696,originals/bpho/2023/BPhO_2023_1_S1-2__f0de23ecb636a8b2.pdf,files/bpho/2023/BPhO_2023_1_S1-2__f0de23ecb636a8b2.pdf,f0de23ecb636a8b25f43c1a0a4cf9b1c3a4f0ecd5ef2bbeddf807f4c651b39b3,549265,24,hardlink,f0de23ecb636a8b25f43c1a0a4cf9b1c3a4f0ecd5ef2bbeddf807f4c651b39b3,acquisition,
2697,originals/bpho/2023/BPhO_2023_1_Q1__23c72726b4cb40e9.pdf,files/bpho/2023/BPhO_2023_1_Q1__23c72726b4cb40e9.pdf,23c72726b4cb40e98dd0bd5c8d9e3586049431b1465b64cdfd2e6d5d8f85f9ae,1103308,9,hardlink,23c72726b4cb40e98dd0bd5c8d9e3586049431b1465b64cdfd2e6d5d8f85f9ae,acquisition,
2698,originals/bpho/2023/BPhO_2023_1_Q2__319b14fe8b76f37a.pdf,files/bpho/2023/BPhO_2023_1_Q2__319b14fe8b76f37a.pdf,319b14fe8b76f37a36038b17c1ad8415340da85af4ee0a67c412d5d95afaf8d3,4327117,12,hardlink,319b14fe8b76f37a36038b17c1ad8415340da85af4ee0a67c412d5d95afaf8d3,acquisition,
2699,originals/bpho/2023/BPhO_2023_2_Q1__e45ef9021cf81d7d.pdf,files/bpho/2023/BPhO_2023_2_Q1__e45ef9021cf81d7d.pdf,e45ef9021cf81d7d9a39115f172c2f9370797f1daec8f2df8f1e75162868a1e6,3290798,9,hardlink,e45ef9021cf81d7d9a39115f172c2f9370797f1daec8f2df8f1e75162868a1e6,acquisition,
27,originals/ipho/2026/IPhO_2026_S4_tex__49d3d5e4388f671c.pdf,files/ipho/2026/IPhO_2026_S4_tex__49d3d5e4388f671c.pdf,49d3d5e4388f671cd467ccba594d667947faa12205ace4ae7775042373b1e9a3,245586,5,hardlink,49d3d5e4388f671cd467ccba594d667947faa12205ace4ae7775042373b1e9a3,acquisition,
270,originals/ipho/2014/IPhO_2014_P2__cc35ab9204f019c5.pdf,files/ipho/2014/IPhO_2014_P2__cc35ab9204f019c5.pdf,cc35ab9204f019c50aa4434cf7453260c72eecb575d7abd2d892c46dbbc36354,823427,20,hardlink,cc35ab9204f019c50aa4434cf7453260c72eecb575d7abd2d892c46dbbc36354,acquisition,
2700,originals/bpho/2023/BPhO_2023_2_S1__7f22122633bef835.pdf,files/bpho/2023/BPhO_2023_2_S1__7f22122633bef835.pdf,7f22122633bef835a1bdc985a31c8ecd90cfa25f190ceed819318edd06d4d6f1,294539,8,hardlink,7f22122633bef835a1bdc985a31c8ecd90cfa25f190ceed819318edd06d4d6f1,acquisition,
2701,originals/bpho/2022/BPhO_2022_1_Q1__493329db9453d932.pdf,files/bpho/2022/BPhO_2022_1_Q1__493329db9453d932.pdf,493329db9453d93240b4c9ec3a6a4540d814125a9038420340682fd638445ff8,1084951,8,hardlink,493329db9453d93240b4c9ec3a6a4540d814125a9038420340682fd638445ff8,acquisition,
2702,originals/bpho/2022/BPhO_2022_1_Q2__3904ca542f850302.pdf,files/bpho/2022/BPhO_2022_1_Q2__3904ca542f850302.pdf,3904ca542f850302c7b44e1644c04f67fc9fc2905b31fee9b6a565c82924a8c8,1629618,14,hardlink,3904ca542f850302c7b44e1644c04f67fc9fc2905b31fee9b6a565c82924a8c8,acquisition,
2703,originals/bpho/2022/BPhO_2022_1_S1-2__277feda1e51b1c88.pdf,files/bpho/2022/BPhO_2022_1_S1-2__277feda1e51b1c88.pdf,277feda1e51b1c8863ce818e3650dcd573be52b59bea89f1bf10be6c21e5c12d,1745572,29,hardlink,277feda1e51b1c8863ce818e3650dcd573be52b59bea89f1bf10be6c21e5c12d,acquisition,
2704,originals/bpho/2022/BPhO_2022_2_Q1__705a240dd95c44a4.pdf,files/bpho/2022/BPhO_2022_2_Q1__705a240dd95c44a4.pdf,705a240dd95c44a46aeb6e198dbc416d165d83c88106935337bdafba429a3fe3,4412991,9,hardlink,705a240dd95c44a46aeb6e198dbc416d165d83c88106935337bdafba429a3fe3,acquisition,
2705,originals/bpho/2021/BPhO_2021_1_Q1__21b3b6472025052c.pdf,files/bpho/2021/BPhO_2021_1_Q1__21b3b6472025052c.pdf,21b3b6472025052c4434f950589616d58fdcee1a0e6b2b5926f17963198c2e45,814795,8,hardlink,21b3b6472025052c4434f950589616d58fdcee1a0e6b2b5926f17963198c2e45,acquisition,
2706,originals/bpho/2021/BPhO_2021_1_Q2__e05aecfa841386cd.pdf,files/bpho/2021/BPhO_2021_1_Q2__e05aecfa841386cd.pdf,e05aecfa841386cde6e1c7c734bbadeaeef545b0804223448bc55b3b551f090a,1412939,15,hardlink,e05aecfa841386cde6e1c7c734bbadeaeef545b0804223448bc55b3b551f090a,acquisition,
2707,originals/bpho/2021/BPhO_2021_2_Q1__08285328de1620f4.pdf,files/bpho/2021/BPhO_2021_2_Q1__08285328de1620f4.pdf,08285328de1620f4383434cfd24080717dcb3fe7048ae139a6faa5e1f4c0606d,293225,11,hardlink,08285328de1620f4383434cfd24080717dcb3fe7048ae139a6faa5e1f4c0606d,acquisition,
2708,originals/bpho/2020/BPhO_2020_1_Q1__eed199f256590742.pdf,files/bpho/2020/BPhO_2020_1_Q1__eed199f256590742.pdf,eed199f2565907423472e1b60c7a879b9b4b232e683d85466c39eb8cb1bbd3d0,407754,8,hardlink,eed199f2565907423472e1b60c7a879b9b4b232e683d85466c39eb8cb1bbd3d0,acquisition,
2709,originals/bpho/2020/BPhO_2020_1_Q2__dc6f7e40d9789e06.pdf,files/bpho/2020/BPhO_2020_1_Q2__dc6f7e40d9789e06.pdf,dc6f7e40d9789e061c157bfc6408f0cc84a28eaefad10710286d8fdd74172044,775744,13,hardlink,dc6f7e40d9789e061c157bfc6408f0cc84a28eaefad10710286d8fdd74172044,acquisition,
271,originals/ipho/2014/IPhO_2014_Q4__999c398576413f5c.pdf,files/ipho/2014/IPhO_2014_Q4__999c398576413f5c.pdf,999c398576413f5cc98d677fc2a05d3e34f91472f0a6a70c34ab7fe2a5833682,1207014,9,hardlink,999c398576413f5cc98d677fc2a05d3e34f91472f0a6a70c34ab7fe2a5833682,acquisition,
2710,originals/bpho/2020/BPhO_2020_1_S1-2__a6189c2667d2c764.pdf,files/bpho/2020/BPhO_2020_1_S1-2__a6189c2667d2c764.pdf,a6189c2667d2c764305665d9b151879f75a2fc717eb705905d456a2a8e424b63,1844375,33,hardlink,a6189c2667d2c764305665d9b151879f75a2fc717eb705905d456a2a8e424b63,acquisition,
2711,originals/bpho/2021/BPhO_2021_1_S1-2__871d91f275e95985.pdf,files/bpho/2021/BPhO_2021_1_S1-2__871d91f275e95985.pdf,871d91f275e95985f591741c4c71d247deadc6c95194ea2b66b060526a2dbd14,23545371,31,hardlink,871d91f275e95985f591741c4c71d247deadc6c95194ea2b66b060526a2dbd14,acquisition,
2712,originals/bpho/2020/BPhO_2020_2_Q1__5657c151d6b2f6f6.pdf,files/bpho/2020/BPhO_2020_2_Q1__5657c151d6b2f6f6.pdf,5657c151d6b2f6f6027cc686664558c8dd4f27e05c19d77b8d0eecfef6d1f2a5,1277202,14,hardlink,5657c151d6b2f6f6027cc686664558c8dd4f27e05c19d77b8d0eecfef6d1f2a5,acquisition,
2713,originals/bpho/2019/BPhO_2019_1_Q1__d48e5bd5bfd4e554.pdf,files/bpho/2019/BPhO_2019_1_Q1__d48e5bd5bfd4e554.pdf,d48e5bd5bfd4e554f922ceb0e7b1ca38209bb2835af3b6b440b7e758094198a2,769091,8,hardlink,d48e5bd5bfd4e554f922ceb0e7b1ca38209bb2835af3b6b440b7e758094198a2,acquisition,
2714,originals/bpho/2019/BPhO_2019_1_S1-2__2da51ae035e7d611.pdf,files/bpho/2019/BPhO_2019_1_S1-2__2da51ae035e7d611.pdf,2da51ae035e7d611294338a1575cfa45c2511ce4a1eb742ea55ee32a500bfc13,2035031,37,hardlink,2da51ae035e7d611294338a1575cfa45c2511ce4a1eb742ea55ee32a500bfc13,acquisition,
2715,originals/bpho/2019/BPhO_2019_2_Q1__c23a135b0cfa427b.pdf,files/bpho/2019/BPhO_2019_2_Q1__c23a135b0cfa427b.pdf,c23a135b0cfa427b1aeda31048c8ab0893778aec21e03eba061850e31ea2a61a,985896,10,hardlink,c23a135b0cfa427b1aeda31048c8ab0893778aec21e03eba061850e31ea2a61a,acquisition,
2716,originals/bpho/2019/BPhO_2019_2_S1__d9ae298105d19a58.pdf,files/bpho/2019/BPhO_2019_2_S1__d9ae298105d19a58.pdf,d9ae298105d19a58c4d72f0614cf48f8dbfb49c452d07b423f517478a967d272,1980811,25,hardlink,d9ae298105d19a58c4d72f0614cf48f8dbfb49c452d07b423f517478a967d272,acquisition,
2717,originals/bpho/2019/BPhO_2019_1_Q2__a0d0dd6865a90c53.pdf,files/bpho/2019/BPhO_2019_1_Q2__a0d0dd6865a90c53.pdf,a0d0dd6865a90c532ccb08a3c25dbeacb7216fc9eab7bd55acc8008126b06059,1324147,16,hardlink,a0d0dd6865a90c532ccb08a3c25dbeacb7216fc9eab7bd55acc8008126b06059,acquisition,
2718,originals/bpho/2018/BPhO_2018_1_S1-2__b8418276e01cecef.pdf,files/bpho/2018/BPhO_2018_1_S1-2__b8418276e01cecef.pdf,b8418276e01cecef58b4a2b3e387a69dc379ff822ac295f8a45bafdb26cbb629,660876,46,hardlink,b8418276e01cecef58b4a2b3e387a69dc379ff822ac295f8a45bafdb26cbb629,acquisition,
2719,originals/bpho/2018/BPhO_2018_1_Q2__def6a30f0371e41c.pdf,files/bpho/2018/BPhO_2018_1_Q2__def6a30f0371e41c.pdf,def6a30f0371e41c68e1c79b8b751aed4198f8e7b208852b584f93e4647b5529,1289040,14,hardlink,def6a30f0371e41c68e1c79b8b751aed4198f8e7b208852b584f93e4647b5529,acquisition,
272,originals/ipho/2014/IPhO_2014_S4__e251f22bdd8b2fc1.pdf,files/ipho/2014/IPhO_2014_S4__e251f22bdd8b2fc1.pdf,e251f22bdd8b2fc12f1a44fca509c7c6fe8c71fd92574e9161f487d6f20a46e4,2420755,13,hardlink,e251f22bdd8b2fc12f1a44fca509c7c6fe8c71fd92574e9161f487d6f20a46e4,acquisition,
2720,originals/bpho/2018/BPhO_2018_1_Q1__30d7636bf85d1153.pdf,files/bpho/2018/BPhO_2018_1_Q1__30d7636bf85d1153.pdf,30d7636bf85d1153b99d633a0c9a6731903db5a710c067eaa8aa2b695cd6f6f0,792147,8,hardlink,30d7636bf85d1153b99d633a0c9a6731903db5a710c067eaa8aa2b695cd6f6f0,acquisition,
2721,originals/bpho/2018/BPhO_2018_2_Q1__cee8c8eeea40b668.pdf,files/bpho/2018/BPhO_2018_2_Q1__cee8c8eeea40b668.pdf,cee8c8eeea40b668c673e48845d03b348bbd01a6002bcc578e40140dbc4b38e9,3235516,14,hardlink,cee8c8eeea40b668c673e48845d03b348bbd01a6002bcc578e40140dbc4b38e9,acquisition,
2722,originals/bpho/2018/BPhO_2018_2_S1__6554b9e2444bcbb2.pdf,files/bpho/2018/BPhO_2018_2_S1__6554b9e2444bcbb2.pdf,6554b9e2444bcbb2026a56b13da6edb4c485ab4d1be83fd1e4d5871fbd21bc9d,3406925,20,hardlink,6554b9e2444bcbb2026a56b13da6edb4c485ab4d1be83fd1e4d5871fbd21bc9d,acquisition,
2723,originals/bpho/2017/BPhO_2017_1_S1-2__993e2e79e314de31.pdf,files/bpho/2017/BPhO_2017_1_S1-2__993e2e79e314de31.pdf,993e2e79e314de319aaadee7d75c56f6722f3889c2c8007b90913b65ba7bcf1d,1171699,43,hardlink,993e2e79e314de319aaadee7d75c56f6722f3889c2c8007b90913b65ba7bcf1d,acquisition,
2724,originals/bpho/2017/BPhO_2017_1_Q2__4f11964026af7733.pdf,files/bpho/2017/BPhO_2017_1_Q2__4f11964026af7733.pdf,4f11964026af77337ef52680d31bf2d946fc354b1b5772ea47aa981702d50188,1431809,12,hardlink,4f11964026af77337ef52680d31bf2d946fc354b1b5772ea47aa981702d50188,acquisition,
2725,originals/bpho/2017/BPhO_2017_1_Q1__b31223322729157b.pdf,files/bpho/2017/BPhO_2017_1_Q1__b31223322729157b.pdf,b31223322729157b7796dbb2cb57eb17ac94f5cc6d48ee477170927606c885e3,1218710,8,hardlink,b31223322729157b7796dbb2cb57eb17ac94f5cc6d48ee477170927606c885e3,acquisition,
2726,originals/bpho/2017/BPhO_2017_2_Q1__9c6bf1335c5721b5.pdf,files/bpho/2017/BPhO_2017_2_Q1__9c6bf1335c5721b5.pdf,9c6bf1335c5721b5c574d1cdec205b95fd1667f12ddfa881a61d09294183ad17,888612,11,hardlink,9c6bf1335c5721b5c574d1cdec205b95fd1667f12ddfa881a61d09294183ad17,acquisition,
2727,originals/bpho/2017/BPhO_2017_2_S1__73a39ec4409584f0.pdf,files/bpho/2017/BPhO_2017_2_S1__73a39ec4409584f0.pdf,73a39ec4409584f00feb7f19fb20503faa62a656e8b6aa47bb9b96b84dcdeab0,958255,32,hardlink,73a39ec4409584f00feb7f19fb20503faa62a656e8b6aa47bb9b96b84dcdeab0,acquisition,
2728,originals/bpho/2016/BPhO_2016_1_S1-2__abaf2a8378610820.pdf,files/bpho/2016/BPhO_2016_1_S1-2__abaf2a8378610820.pdf,abaf2a8378610820bf7032062dbaf1fc7415da3016aacf34bce17dc0c92171cd,1158126,27,hardlink,abaf2a8378610820bf7032062dbaf1fc7415da3016aacf34bce17dc0c92171cd,acquisition,
2729,originals/bpho/2016/BPhO_2016_1_Q1__5c759374700bdc95.pdf,files/bpho/2016/BPhO_2016_1_Q1__5c759374700bdc95.pdf,5c759374700bdc95d712989e1e1efbb22b37a25305eb5fce2f402dea91e82769,1089469,7,hardlink,5c759374700bdc95d712989e1e1efbb22b37a25305eb5fce2f402dea91e82769,acquisition,
273,originals/ipho/2014/IPhO_2014_P3__da1383b82a5f2548.pdf,files/ipho/2014/IPhO_2014_P3__da1383b82a5f2548.pdf,da1383b82a5f25486143295eff579d9bed2d9944e4cfb480b07fe88103932bb1,906761,11,hardlink,da1383b82a5f25486143295eff579d9bed2d9944e4cfb480b07fe88103932bb1,acquisition,
2730,originals/bpho/2016/BPhO_2016_1_Q2__3f1be1e118ca8d92.pdf,files/bpho/2016/BPhO_2016_1_Q2__3f1be1e118ca8d92.pdf,3f1be1e118ca8d92c0d5e1ced5232629e2c366e2ab4cc047c7e07942afd6cab0,2026579,12,hardlink,3f1be1e118ca8d92c0d5e1ced5232629e2c366e2ab4cc047c7e07942afd6cab0,acquisition,
2731,originals/bpho/2016/BPhO_2016_2_Q1__5b6169b50db56f1c.pdf,files/bpho/2016/BPhO_2016_2_Q1__5b6169b50db56f1c.pdf,5b6169b50db56f1c7c4c0619cdedc4ef78f91e07d1e0c770053e7873a20e875d,1507282,11,hardlink,5b6169b50db56f1c7c4c0619cdedc4ef78f91e07d1e0c770053e7873a20e875d,acquisition,
2732,originals/bpho/2015/BPhO_2015_1_Q1__fd8757e5f1e9be64.pdf,files/bpho/2015/BPhO_2015_1_Q1__fd8757e5f1e9be64.pdf,fd8757e5f1e9be64b85c9850a9b4d0d446fe8e2de43e953e6000608f8101a4c5,153983,6,hardlink,fd8757e5f1e9be64b85c9850a9b4d0d446fe8e2de43e953e6000608f8101a4c5,acquisition,
2733,originals/bpho/2015/BPhO_2015_1_S1-2__9027e54607545b6f.pdf,files/bpho/2015/BPhO_2015_1_S1-2__9027e54607545b6f.pdf,9027e54607545b6f6692f3981f89833d6e7cedab32c13dec6d6fb3be06b67278,709562,26,hardlink,9027e54607545b6f6692f3981f89833d6e7cedab32c13dec6d6fb3be06b67278,acquisition,
2734,originals/bpho/2016/BPhO_2016_2_S1__c33003e15c5afbe0.pdf,files/bpho/2016/BPhO_2016_2_S1__c33003e15c5afbe0.pdf,c33003e15c5afbe08909d41ec401eae127ea1895b4a3d5db94b2833394c1dddf,331294,12,hardlink,c33003e15c5afbe08909d41ec401eae127ea1895b4a3d5db94b2833394c1dddf,acquisition,
2735,originals/bpho/2015/BPhO_2015_1_Q2__24f1cea584ee5a65.pdf,files/bpho/2015/BPhO_2015_1_Q2__24f1cea584ee5a65.pdf,24f1cea584ee5a651cd5b07c8605b5ecc61decd4e201c7f5ef0f1f527a95c420,370603,7,hardlink,24f1cea584ee5a651cd5b07c8605b5ecc61decd4e201c7f5ef0f1f527a95c420,acquisition,
2736,originals/bpho/2015/BPhO_2015_2_Q1__3aaf8e5130d3ca2e.pdf,files/bpho/2015/BPhO_2015_2_Q1__3aaf8e5130d3ca2e.pdf,3aaf8e5130d3ca2eabcb924a803c6c488b888eb5578b648eb57765535858a26b,714347,6,hardlink,3aaf8e5130d3ca2eabcb924a803c6c488b888eb5578b648eb57765535858a26b,acquisition,
2737,originals/bpho/2014/BPhO_2014_1_S1-2__c106a2166587452c.pdf,files/bpho/2014/BPhO_2014_1_S1-2__c106a2166587452c.pdf,c106a2166587452c196d8c9752d6f77f2391f7f91e7cfb8463afa7c4ca99b117,3743269,36,hardlink,c106a2166587452c196d8c9752d6f77f2391f7f91e7cfb8463afa7c4ca99b117,acquisition,
2738,originals/bpho/2014/BPhO_2014_1_Q2__4c6a53e6465e5039.pdf,files/bpho/2014/BPhO_2014_1_Q2__4c6a53e6465e5039.pdf,4c6a53e6465e503902261b3de466c413a6d2ae1020a75d8441ff84230e376cc3,321450,10,hardlink,4c6a53e6465e503902261b3de466c413a6d2ae1020a75d8441ff84230e376cc3,acquisition,
2739,originals/bpho/2014/BPhO_2014_1_Q1__998b3c91d4cf3ed2.pdf,files/bpho/2014/BPhO_2014_1_Q1__998b3c91d4cf3ed2.pdf,998b3c91d4cf3ed2ea23c8ffc6e383d6eb902cf73df092f9a967bfbedc129f58,467638,6,hardlink,998b3c91d4cf3ed2ea23c8ffc6e383d6eb902cf73df092f9a967bfbedc129f58,acquisition,
2740,originals/bpho/2014/BPhO_2014_2_Q1__d382657a005a827f.pdf,files/bpho/2014/BPhO_2014_2_Q1__d382657a005a827f.pdf,d382657a005a827fcf9083a9f7fa03e0fd17935cdb1c5edd49adec4410b41efe,257592,6,hardlink,d382657a005a827fcf9083a9f7fa03e0fd17935cdb1c5edd49adec4410b41efe,acquisition,
2741,originals/bpho/2014/BPhO_2014_2_S1__57aadd24bee394e6.pdf,files/bpho/2014/BPhO_2014_2_S1__57aadd24bee394e6.pdf,57aadd24bee394e641c18f44ba7ff6a0b5910f3b0093567c6c718eeeb8aac813,746022,5,hardlink,57aadd24bee394e641c18f44ba7ff6a0b5910f3b0093567c6c718eeeb8aac813,acquisition,
2742,originals/bpho/2013/BPhO_2013_1_Q1__b641181be5a0f701.pdf,files/bpho/2013/BPhO_2013_1_Q1__b641181be5a0f701.pdf,b641181be5a0f7017419724960e5ba0b9026cf1fcf14c510d7d8f4b08b7e9961,600022,7,hardlink,b641181be5a0f7017419724960e5ba0b9026cf1fcf14c510d7d8f4b08b7e9961,acquisition,
2743,originals/bpho/2013/BPhO_2013_1_S1-2__1a998a125b03f929.pdf,files/bpho/2013/BPhO_2013_1_S1-2__1a998a125b03f929.pdf,1a998a125b03f9297c269c6580797fdba07a6c2809769856fb80a88d069742a6,1233819,26,hardlink,1a998a125b03f9297c269c6580797fdba07a6c2809769856fb80a88d069742a6,acquisition,
2744,originals/bpho/2013/BPhO_2013_1_Q2__7db0bc24a77763f5.pdf,files/bpho/2013/BPhO_2013_1_Q2__7db0bc24a77763f5.pdf,7db0bc24a77763f570e783aec717c55f341d226b035d0374b98c387e8545c6e4,606005,10,hardlink,7db0bc24a77763f570e783aec717c55f341d226b035d0374b98c387e8545c6e4,acquisition,
2745,originals/bpho/2013/BPhO_2013_2_Q1__c0b46c34d6af8dc2.pdf,files/bpho/2013/BPhO_2013_2_Q1__c0b46c34d6af8dc2.pdf,c0b46c34d6af8dc2ea259b54ce6709aeb72967d267ad9aeb08949e83bfd81fbb,431443,6,hardlink,c0b46c34d6af8dc2ea259b54ce6709aeb72967d267ad9aeb08949e83bfd81fbb,acquisition,
2746,originals/bpho/2013/BPhO_2013_2_S1__98f48e44b7cb85d3.pdf,files/bpho/2013/BPhO_2013_2_S1__98f48e44b7cb85d3.pdf,98f48e44b7cb85d3833ee396e0b2c2263f5bb8c10f3f2d11bffaed52949a1573,187260,9,hardlink,98f48e44b7cb85d3833ee396e0b2c2263f5bb8c10f3f2d11bffaed52949a1573,acquisition,
2747,originals/bpho/2012/BPhO_2012_1_Q1__510f957ad706a795.pdf,files/bpho/2012/BPhO_2012_1_Q1__510f957ad706a795.pdf,510f957ad706a795d7f41dca94ecd4b224cd855c0039ce17fce066f7343faac7,439443,6,hardlink,510f957ad706a795d7f41dca94ecd4b224cd855c0039ce17fce066f7343faac7,acquisition,
2748,originals/bpho/2012/BPhO_2012_1_S1-2__f6517908ccc0f9c0.pdf,files/bpho/2012/BPhO_2012_1_S1-2__f6517908ccc0f9c0.pdf,f6517908ccc0f9c0c3fe9a705800ec6077f90571aebbce73eb683fc649a98850,2012617,25,hardlink,f6517908ccc0f9c0c3fe9a705800ec6077f90571aebbce73eb683fc649a98850,acquisition,
2749,originals/bpho/2012/BPhO_2012_1_Q2__dcb7ef67cf454e7f.pdf,files/bpho/2012/BPhO_2012_1_Q2__dcb7ef67cf454e7f.pdf,dcb7ef67cf454e7f868c22d3ca41bf7249507d15d4eefd1e7cf9bf21cd796567,517626,9,hardlink,dcb7ef67cf454e7f868c22d3ca41bf7249507d15d4eefd1e7cf9bf21cd796567,acquisition,
275,originals/ipho/2013/IPhO_2013_Q1__2c684cd54d06972a.pdf,files/ipho/2013/IPhO_2013_Q1__2c684cd54d06972a.pdf,2c684cd54d06972ad1b220c0d9554a70e56112e984bcb3590be5c084a94a9875,803494,5,hardlink,2c684cd54d06972ad1b220c0d9554a70e56112e984bcb3590be5c084a94a9875,acquisition,
2750,originals/bpho/2012/BPhO_2012_2_Q1__99b2e4f7ca76745d.pdf,files/bpho/2012/BPhO_2012_2_Q1__99b2e4f7ca76745d.pdf,99b2e4f7ca76745dc5385fcf4832105eb5e60dd085ec5b5f8e2ba5c19f0ca4ae,806638,8,hardlink,99b2e4f7ca76745dc5385fcf4832105eb5e60dd085ec5b5f8e2ba5c19f0ca4ae,acquisition,
2751,originals/bpho/2012/BPhO_2012_2_S1__55a2d665a2401ea2.pdf,files/bpho/2012/BPhO_2012_2_S1__55a2d665a2401ea2.pdf,55a2d665a2401ea2d30b3e0cea064859e749b28b2820649531bdbe06d877d44a,894582,4,hardlink,55a2d665a2401ea2d30b3e0cea064859e749b28b2820649531bdbe06d877d44a,acquisition,
2752,originals/bpho/2011/BPhO_2011_1_Q1__e55e7336fe7e4e83.pdf,files/bpho/2011/BPhO_2011_1_Q1__e55e7336fe7e4e83.pdf,e55e7336fe7e4e832b3f22f5d6c3d1f6cc09e139590792c3b86754e45b098196,676816,6,hardlink,e55e7336fe7e4e832b3f22f5d6c3d1f6cc09e139590792c3b86754e45b098196,acquisition,
2753,originals/bpho/2011/BPhO_2011_1_S1-2__358e282242fac630.pdf,files/bpho/2011/BPhO_2011_1_S1-2__358e282242fac630.pdf,358e282242fac6300d2e0927d4dc28ece3d3184a2b56c1ef4c92a967e156c7ed,1343538,26,hardlink,358e282242fac6300d2e0927d4dc28ece3d3184a2b56c1ef4c92a967e156c7ed,acquisition,
2754,originals/bpho/2011/BPhO_2011_1_Q2__1781698da0ed4b97.pdf,files/bpho/2011/BPhO_2011_1_Q2__1781698da0ed4b97.pdf,1781698da0ed4b979bceacd69e740992f2fc651e5c05f4686701e6c36980d00c,750554,10,hardlink,1781698da0ed4b979bceacd69e740992f2fc651e5c05f4686701e6c36980d00c,acquisition,
2755,originals/bpho/2011/BPhO_2011_2_Q1__36f37cd7073b1b7c.pdf,files/bpho/2011/BPhO_2011_2_Q1__36f37cd7073b1b7c.pdf,36f37cd7073b1b7c53a555f7c8492eed19f29e0f5bd4dae031377375f4a9e176,336072,5,hardlink,36f37cd7073b1b7c53a555f7c8492eed19f29e0f5bd4dae031377375f4a9e176,acquisition,
2756,originals/bpho/2010/BPhO_2010_1_Q1__1d00b152ba4c7a77.pdf,files/bpho/2010/BPhO_2010_1_Q1__1d00b152ba4c7a77.pdf,1d00b152ba4c7a771d293edd9fb0ae831e2377549eef77da57c33c01bd7bbaeb,191025,7,hardlink,1d00b152ba4c7a771d293edd9fb0ae831e2377549eef77da57c33c01bd7bbaeb,acquisition,
2757,originals/bpho/2010/BPhO_2010_1_S1-2__c722cbe92d5b8147.pdf,files/bpho/2010/BPhO_2010_1_S1-2__c722cbe92d5b8147.pdf,c722cbe92d5b8147d9d0ef1306aff51566221a778945a9aded6b619c0751bbed,785908,15,hardlink,c722cbe92d5b8147d9d0ef1306aff51566221a778945a9aded6b619c0751bbed,acquisition,
2758,originals/bpho/2010/BPhO_2010_2_Q1__5c0ca18fcc5c8cbf.pdf,files/bpho/2010/BPhO_2010_2_Q1__5c0ca18fcc5c8cbf.pdf,5c0ca18fcc5c8cbf9f07ba15077297648ace93d2a0ffd92067641be893985e0b,390404,6,hardlink,5c0ca18fcc5c8cbf9f07ba15077297648ace93d2a0ffd92067641be893985e0b,acquisition,
2759,originals/bpho/2009/BPhO_2009_1_Q1__772d53d148e8a706.pdf,files/bpho/2009/BPhO_2009_1_Q1__772d53d148e8a706.pdf,772d53d148e8a70633d5a4f359cf6c52192274a6292a53c83b0e08bcdabb1e68,163217,4,hardlink,772d53d148e8a70633d5a4f359cf6c52192274a6292a53c83b0e08bcdabb1e68,acquisition,
276,originals/ipho/2013/IPhO_2013_S1__b98f225380755f27.pdf,files/ipho/2013/IPhO_2013_S1__b98f225380755f27.pdf,b98f225380755f27a81ae8b7250fb000861d3c6833abdfc9fd171c8c2877336a,354928,3,hardlink,b98f225380755f27a81ae8b7250fb000861d3c6833abdfc9fd171c8c2877336a,acquisition,
2760,originals/bpho/2010/BPhO_2010_1_Q2__ac9b0ec07d481917.pdf,files/bpho/2010/BPhO_2010_1_Q2__ac9b0ec07d481917.pdf,ac9b0ec07d48191781feca35364ee4e50442b7d9d4f1b9ada9e3f8d558a8939b,332070,12,hardlink,ac9b0ec07d48191781feca35364ee4e50442b7d9d4f1b9ada9e3f8d558a8939b,acquisition,
2761,originals/bpho/2009/BPhO_2009_1_S1-2__8ca13e0bc9be748a.pdf,files/bpho/2009/BPhO_2009_1_S1-2__8ca13e0bc9be748a.pdf,8ca13e0bc9be748ad9f8180bc6de43f0d856e34b5715499643f0f23cc81b47b0,488909,27,hardlink,8ca13e0bc9be748ad9f8180bc6de43f0d856e34b5715499643f0f23cc81b47b0,acquisition,
2762,originals/bpho/2009/BPhO_2009_1_Q2__78491134e95977d7.pdf,files/bpho/2009/BPhO_2009_1_Q2__78491134e95977d7.pdf,78491134e95977d78f6b80176bb1847a9f44d473cdc670aa7a7c22eda660f001,424799,8,hardlink,78491134e95977d78f6b80176bb1847a9f44d473cdc670aa7a7c22eda660f001,acquisition,
2763,originals/bpho/2008/BPhO_2008_1_Q1__d9733239ce1dd048.pdf,files/bpho/2008/BPhO_2008_1_Q1__d9733239ce1dd048.pdf,d9733239ce1dd04821b4959a306ee3387ceb5bfda626e199fce7b3726148e750,372179,12,hardlink,d9733239ce1dd04821b4959a306ee3387ceb5bfda626e199fce7b3726148e750,acquisition,
2764,originals/bpho/2008/BPhO_2008_1_S1__01fc6f9b5f1d795f.pdf,files/bpho/2008/BPhO_2008_1_S1__01fc6f9b5f1d795f.pdf,01fc6f9b5f1d795f7878cb684d9adcff6f6c900701fe880db482f4de44b49a02,615457,21,hardlink,01fc6f9b5f1d795f7878cb684d9adcff6f6c900701fe880db482f4de44b49a02,acquisition,
2765,originals/bpho/2008/BPhO_2008_2_Q1__9a85f97101da2254.pdf,files/bpho/2008/BPhO_2008_2_Q1__9a85f97101da2254.pdf,9a85f97101da2254ec0fbc5e6ee963f4dcd9e867e2d871bb09232828c3e28533,210235,8,hardlink,9a85f97101da2254ec0fbc5e6ee963f4dcd9e867e2d871bb09232828c3e28533,acquisition,
2766,originals/bpho/2007/BPhO_2007_1_Q1__7b881ebfec008e31.pdf,files/bpho/2007/BPhO_2007_1_Q1__7b881ebfec008e31.pdf,7b881ebfec008e31a835ffbdf9ed51068c3e6a721d968dc0b1c210d5bb4a1340,375431,11,hardlink,7b881ebfec008e31a835ffbdf9ed51068c3e6a721d968dc0b1c210d5bb4a1340,acquisition,
2767,originals/bpho/2007/BPhO_2007_1_S1__78d42681293a7082.pdf,files/bpho/2007/BPhO_2007_1_S1__78d42681293a7082.pdf,78d42681293a7082a779012584c3b664585964fccb991350d6e1d8f5abb2633c,635584,21,hardlink,78d42681293a7082a779012584c3b664585964fccb991350d6e1d8f5abb2633c,acquisition,
2768,originals/bpho/2007/BPhO_2007_2_Q1__3f482eef81a368ee.pdf,files/bpho/2007/BPhO_2007_2_Q1__3f482eef81a368ee.pdf,3f482eef81a368ee23ee582f7e5bd541304bbe0e1fa5b27ede59f67a5bfa3784,187653,8,hardlink,3f482eef81a368ee23ee582f7e5bd541304bbe0e1fa5b27ede59f67a5bfa3784,acquisition,
2769,originals/bpho/2006/BPhO_2006_1_Q1__46b68cb6d10fe17e.pdf,files/bpho/2006/BPhO_2006_1_Q1__46b68cb6d10fe17e.pdf,46b68cb6d10fe17e44517b904ef4ff6c154e0aa717b1e4ec189de93e91f7cccc,322463,10,hardlink,46b68cb6d10fe17e44517b904ef4ff6c154e0aa717b1e4ec189de93e91f7cccc,acquisition,
277,originals/ipho/2013/IPhO_2013_Q2__5f7951cb064f6670.pdf,files/ipho/2013/IPhO_2013_Q2__5f7951cb064f6670.pdf,5f7951cb064f66701ac13e3b584cc74d2af76da8725b134b6f325f6010950be8,622363,5,hardlink,5f7951cb064f66701ac13e3b584cc74d2af76da8725b134b6f325f6010950be8,acquisition,
2770,originals/bpho/2006/BPhO_2006_2_Q1__fd09f7077efa81c3.pdf,files/bpho/2006/BPhO_2006_2_Q1__fd09f7077efa81c3.pdf,fd09f7077efa81c3172246d5bcda9ef20338b52d9f55b69fad47f7ee88d36eeb,205407,6,hardlink,fd09f7077efa81c3172246d5bcda9ef20338b52d9f55b69fad47f7ee88d36eeb,acquisition,
2771,originals/bpho/2005/BPhO_2005_1_S1__4b4589eb5ddc340f.pdf,files/bpho/2005/BPhO_2005_1_S1__4b4589eb5ddc340f.pdf,4b4589eb5ddc340fe62f0cb1bdf3275d4e17875f8efc2c1f16b7b50deb36b11b,1008096,26,hardlink,4b4589eb5ddc340fe62f0cb1bdf3275d4e17875f8efc2c1f16b7b50deb36b11b,acquisition,
2772,originals/bpho/2005/BPhO_2005_1_Q1__48dc659e9e1bc1b2.pdf,files/bpho/2005/BPhO_2005_1_Q1__48dc659e9e1bc1b2.pdf,48dc659e9e1bc1b22769958e4c654804813346e199d14bd93aea76065d75bbdb,328646,12,hardlink,48dc659e9e1bc1b22769958e4c654804813346e199d14bd93aea76065d75bbdb,acquisition,
2773,originals/bpho/2005/BPhO_2005_2_Q1__7dbf0e6843de0dce.pdf,files/bpho/2005/BPhO_2005_2_Q1__7dbf0e6843de0dce.pdf,7dbf0e6843de0dce3fe2c4a82d51d3872381b17298f590bf578e44bf1d13282a,87843,7,hardlink,7dbf0e6843de0dce3fe2c4a82d51d3872381b17298f590bf578e44bf1d13282a,acquisition,
2774,originals/bpho/2004/BPhO_2004_1_Q1__f6fa54a92f5cf48d.pdf,files/bpho/2004/BPhO_2004_1_Q1__f6fa54a92f5cf48d.pdf,f6fa54a92f5cf48d0387ff913aa1529d3a44bb32a51ff6e3e44ff1a5327a0dba,391407,13,hardlink,f6fa54a92f5cf48d0387ff913aa1529d3a44bb32a51ff6e3e44ff1a5327a0dba,acquisition,
2775,originals/bpho/2004/BPhO_2004_1_S1__eed6761dee1ae817.pdf,files/bpho/2004/BPhO_2004_1_S1__eed6761dee1ae817.pdf,eed6761dee1ae8177e97a8d18cba39068ba4beea7666257276c2bdc45ce8af8d,946041,21,hardlink,eed6761dee1ae8177e97a8d18cba39068ba4beea7666257276c2bdc45ce8af8d,acquisition,
2776,originals/bpho/2004/BPhO_2004_2_Q1__459279444b1352ec.pdf,files/bpho/2004/BPhO_2004_2_Q1__459279444b1352ec.pdf,459279444b1352ecdf0471a8c6c47aa9e5a5d3d11bdafc3a7571fadce91dbfba,282041,6,hardlink,459279444b1352ecdf0471a8c6c47aa9e5a5d3d11bdafc3a7571fadce91dbfba,acquisition,
2777,originals/bpho/2006/BPhO_2006_1_S1__74e06bc653d87442.pdf,files/bpho/2006/BPhO_2006_1_S1__74e06bc653d87442.pdf,74e06bc653d87442e66682a77994b5dc79adaf9786b2d5648756f9f19aa2ebbb,886124,24,hardlink,74e06bc653d87442e66682a77994b5dc79adaf9786b2d5648756f9f19aa2ebbb,acquisition,
2778,originals/bpho/2003/BPhO_2003_1_Q1__e56daf4d01a45061.pdf,files/bpho/2003/BPhO_2003_1_Q1__e56daf4d01a45061.pdf,e56daf4d01a450617513bd47584484878c5471c2eb342ba5358e392fafea0807,1612237,12,hardlink,e56daf4d01a450617513bd47584484878c5471c2eb342ba5358e392fafea0807,acquisition,
2779,originals/bpho/2003/BPhO_2003_1_S1__e806e0cdaa699031.pdf,files/bpho/2003/BPhO_2003_1_S1__e806e0cdaa699031.pdf,e806e0cdaa699031e539388a6e8ae4140198096e7ec820035f7ace24e814af10,2091599,20,hardlink,e806e0cdaa699031e539388a6e8ae4140198096e7ec820035f7ace24e814af10,acquisition,
278,originals/ipho/2013/IPhO_2013_Q3__8b84c2f2f1183044.pdf,files/ipho/2013/IPhO_2013_Q3__8b84c2f2f1183044.pdf,8b84c2f2f11830442b585c49db7b0859f83de57d43fd36e74ce14ba96f82ea30,922020,5,hardlink,8b84c2f2f11830442b585c49db7b0859f83de57d43fd36e74ce14ba96f82ea30,acquisition,
2780,originals/bpho/2003/BPhO_2003_2_Q1__da88e22fbc6f4986.pdf,files/bpho/2003/BPhO_2003_2_Q1__da88e22fbc6f4986.pdf,da88e22fbc6f498678f2097f9006fed03f55ca4cfb6c1f085b9ab24cb2b10175,200819,6,hardlink,da88e22fbc6f498678f2097f9006fed03f55ca4cfb6c1f085b9ab24cb2b10175,acquisition,
2781,originals/bpho/2002/BPhO_2002_1_Q1__54ba076da23a990e.pdf,files/bpho/2002/BPhO_2002_1_Q1__54ba076da23a990e.pdf,54ba076da23a990ec0c9a712ac6bc1f9e83d44eebf7c82b6faf3a20347a657f6,1728701,12,hardlink,54ba076da23a990ec0c9a712ac6bc1f9e83d44eebf7c82b6faf3a20347a657f6,acquisition,
2782,originals/bpho/2002/BPhO_2002_1_S1__eb8f20a78f6ba9e8.pdf,files/bpho/2002/BPhO_2002_1_S1__eb8f20a78f6ba9e8.pdf,eb8f20a78f6ba9e8bcc963a3cb20416ee58cb6794478dbe264701d6c6fc8898f,4840161,22,hardlink,eb8f20a78f6ba9e8bcc963a3cb20416ee58cb6794478dbe264701d6c6fc8898f,acquisition,
2783,originals/bpho/2001/BPhO_2001_1_S1__c44b544a9796329e.pdf,files/bpho/2001/BPhO_2001_1_S1__c44b544a9796329e.pdf,c44b544a9796329ed7b81189b7ebae3114d23f5f6dffd74ab7269b60b4ecfdfb,1716119,15,hardlink,c44b544a9796329ed7b81189b7ebae3114d23f5f6dffd74ab7269b60b4ecfdfb,acquisition,
2784,originals/onf/2025/ONF_2025_Q1-3__75df6f6497e421d7.pdf,files/onf/2025/ONF_2025_Q1-3__75df6f6497e421d7.pdf,75df6f6497e421d753f264a14e8190a8576a881f053a77e5a71e162107f70f41,509414,4,hardlink,75df6f6497e421d753f264a14e8190a8576a881f053a77e5a71e162107f70f41,acquisition,
2785,originals/bpho/2001/BPhO_2001_1_Q1__30de83945869f666.pdf,files/bpho/2001/BPhO_2001_1_Q1__30de83945869f666.pdf,30de83945869f666b05739302cedcfa8a66d80f1ab489f0cedb478bcd89011fb,357543,9,hardlink,30de83945869f666b05739302cedcfa8a66d80f1ab489f0cedb478bcd89011fb,acquisition,
2786,originals/onf/2025/ONF_2025_S1-3__5793bd68a84fcd08.pdf,files/onf/2025/ONF_2025_S1-3__5793bd68a84fcd08.pdf,5793bd68a84fcd0849b16c6730056383043335040eec973fd5d2322c2a8ac712,695262,17,hardlink,5793bd68a84fcd0849b16c6730056383043335040eec973fd5d2322c2a8ac712,acquisition,
2787,originals/onf/2024/ONF_2024_S1-3__cbfc9ad44b6677c6.pdf,files/onf/2024/ONF_2024_S1-3__cbfc9ad44b6677c6.pdf,cbfc9ad44b6677c6c01adf60d1750beb55fdcb2bc0861535483224dab41998b3,706368,16,hardlink,cbfc9ad44b6677c6c01adf60d1750beb55fdcb2bc0861535483224dab41998b3,acquisition,
2788,originals/onf/2023/ONF_2023_Q1-3__2d4a5eda0fb37bb8.pdf,files/onf/2023/ONF_2023_Q1-3__2d4a5eda0fb37bb8.pdf,2d4a5eda0fb37bb84b634b5a1d9e01224e62c2118455b4a9b796c4f9d979744d,675210,5,hardlink,2d4a5eda0fb37bb84b634b5a1d9e01224e62c2118455b4a9b796c4f9d979744d,acquisition,
2789,originals/onf/2023/ONF_2023_S1-3__8b17a53bc382ab84.pdf,files/onf/2023/ONF_2023_S1-3__8b17a53bc382ab84.pdf,8b17a53bc382ab844f83bc603fb821e1869394883ffce1655f790bae254609a5,821501,20,hardlink,8b17a53bc382ab844f83bc603fb821e1869394883ffce1655f790bae254609a5,acquisition,
279,originals/ipho/2013/IPhO_2013_S3__d37b0711e8adbc03.pdf,files/ipho/2013/IPhO_2013_S3__d37b0711e8adbc03.pdf,d37b0711e8adbc031cfc1a014a68c82bb07bc48f6cea1e14de30763e8d59c4bc,311047,6,hardlink,d37b0711e8adbc031cfc1a014a68c82bb07bc48f6cea1e14de30763e8d59c4bc,acquisition,
2790,originals/onf/2024/ONF_2024_Q1-3__1fffcfc578fbf21a.pdf,files/onf/2024/ONF_2024_Q1-3__1fffcfc578fbf21a.pdf,1fffcfc578fbf21a844527f309ff549fdfed29278fdea3ebd495d0cd2cd3f1be,327039,3,hardlink,1fffcfc578fbf21a844527f309ff549fdfed29278fdea3ebd495d0cd2cd3f1be,acquisition,
2791,originals/onf/2022/ONF_2022_Q1-3__f189b5d50f708ccd.pdf,files/onf/2022/ONF_2022_Q1-3__f189b5d50f708ccd.pdf,f189b5d50f708ccd0fb3424e0961143d83e86e5ba404bd57e058e7710dbc884e,649652,4,hardlink,f189b5d50f708ccd0fb3424e0961143d83e86e5ba404bd57e058e7710dbc884e,acquisition,
2792,originals/onf/2022/ONF_2022_S1-3__c91d11e37c37cbe7.pdf,files/onf/2022/ONF_2022_S1-3__c91d11e37c37cbe7.pdf,c91d11e37c37cbe72c03951b75e4b920f5716eb885763c2089fab008ce6f2962,1371379,17,hardlink,c91d11e37c37cbe72c03951b75e4b920f5716eb885763c2089fab008ce6f2962,acquisition,
2793,originals/onf/2019/ONF_2019_Q1-3__bd93133e4c11af6f.pdf,files/onf/2019/ONF_2019_Q1-3__bd93133e4c11af6f.pdf,bd93133e4c11af6f783fee4f3f40aef1df380dd7f9838a1e3b4ebda4cfd06537,821993,4,hardlink,bd93133e4c11af6f783fee4f3f40aef1df380dd7f9838a1e3b4ebda4cfd06537,acquisition,
2794,originals/onf/2019/ONF_2019_S1-3__359047c60f3df8c8.pdf,files/onf/2019/ONF_2019_S1-3__359047c60f3df8c8.pdf,359047c60f3df8c82d88fef846e7f8185930dbd37f048c2fc15529bc0abf3738,584421,6,hardlink,359047c60f3df8c82d88fef846e7f8185930dbd37f048c2fc15529bc0abf3738,acquisition,
2795,originals/onf/2018/ONF_2018_Q1-3__13076ccb477aee21.pdf,files/onf/2018/ONF_2018_Q1-3__13076ccb477aee21.pdf,13076ccb477aee217a9ac00e3f6390121565f3aacd9803fd989ec0a4b26f6ef1,1080769,4,hardlink,13076ccb477aee217a9ac00e3f6390121565f3aacd9803fd989ec0a4b26f6ef1,acquisition,
2796,originals/onf/2017/ONF_2017_Q1-3__0812ed8a546b08ef.pdf,files/onf/2017/ONF_2017_Q1-3__0812ed8a546b08ef.pdf,0812ed8a546b08ef208ce8a5fabb02a61fa96d152a449f5043ba36a41e0ed498,935326,4,hardlink,0812ed8a546b08ef208ce8a5fabb02a61fa96d152a449f5043ba36a41e0ed498,acquisition,
2797,originals/onf/2018/ONF_2018_S1-3__0125c4f2468525eb.pdf,files/onf/2018/ONF_2018_S1-3__0125c4f2468525eb.pdf,0125c4f2468525eba9da00e1d27a1662b2b574d7926fd8c7988b78220c0e328a,1032897,5,hardlink,0125c4f2468525eba9da00e1d27a1662b2b574d7926fd8c7988b78220c0e328a,acquisition,
2798,originals/onf/2017/ONF_2017_S1-3__cbc9011d5322609e.pdf,files/onf/2017/ONF_2017_S1-3__cbc9011d5322609e.pdf,cbc9011d5322609e749da844af6eee269a8635359e2fb2a3badf9354e72005eb,985559,10,hardlink,cbc9011d5322609e749da844af6eee269a8635359e2fb2a3badf9354e72005eb,acquisition,
2799,originals/onf/2016/ONF_2016_Q1-3__abef2a60d3830ffa.pdf,files/onf/2016/ONF_2016_Q1-3__abef2a60d3830ffa.pdf,abef2a60d3830ffa19d5233cda00995bc1ac77d145eb6d4096ee0eb7f09ddb70,1160832,3,hardlink,abef2a60d3830ffa19d5233cda00995bc1ac77d145eb6d4096ee0eb7f09ddb70,acquisition,
28,originals/ipho/2026/2026-4__b4fc0e4403c21203.tex,files/ipho/2026/2026-4__b4fc0e4403c21203.tex,b4fc0e4403c21203239dffcb3c2603061719cc6d06d8274f8439bb92143f1d38,19417,,hardlink,b4fc0e4403c21203239dffcb3c2603061719cc6d06d8274f8439bb92143f1d38,acquisition,
280,originals/ipho/2013/IPhO_2013_Q4__727bfa5b90f3535b.pdf,files/ipho/2013/IPhO_2013_Q4__727bfa5b90f3535b.pdf,727bfa5b90f3535be7343096f9303b61f0be92be0fa37090b5daf2a68addb78c,865429,9,hardlink,727bfa5b90f3535be7343096f9303b61f0be92be0fa37090b5daf2a68addb78c,acquisition,
2800,originals/onf/2015/ONF_2015_Q1-3__3305f8c4c1973948.pdf,files/onf/2015/ONF_2015_Q1-3__3305f8c4c1973948.pdf,3305f8c4c1973948e1822669aa736cc2641f1d0a60b76940954d4a6da7a6e820,729589,2,hardlink,3305f8c4c1973948e1822669aa736cc2641f1d0a60b76940954d4a6da7a6e820,acquisition,
2801,originals/onf/2016/ONF_2016_S1-3__a8e4ccc991550049.pdf,files/onf/2016/ONF_2016_S1-3__a8e4ccc991550049.pdf,a8e4ccc9915500497d0d2d01ba8109bf5a3cf5ba57a5e2460d24425f14f8ac1b,1496661,17,hardlink,a8e4ccc9915500497d0d2d01ba8109bf5a3cf5ba57a5e2460d24425f14f8ac1b,acquisition,
2802,originals/onf/2015/ONF_2015_S1-3__ab43f009044f9822.pdf,files/onf/2015/ONF_2015_S1-3__ab43f009044f9822.pdf,ab43f009044f9822ff19612620058f415589085a1e608af1a014f404b734ee46,596150,9,hardlink,ab43f009044f9822ff19612620058f415589085a1e608af1a014f404b734ee46,acquisition,
2803,originals/onf/2014/ONF_2014_Q1-3__f17aea01b1aded95.pdf,files/onf/2014/ONF_2014_Q1-3__f17aea01b1aded95.pdf,f17aea01b1aded950efe8cacf64c52ff72c40608bfd5384615cef78f8dc41213,856475,4,hardlink,f17aea01b1aded950efe8cacf64c52ff72c40608bfd5384615cef78f8dc41213,acquisition,
2804,originals/onf/2014/ONF_2014_S1-3__5e130b507f57b04d.pdf,files/onf/2014/ONF_2014_S1-3__5e130b507f57b04d.pdf,5e130b507f57b04d5b4c21463ace0c0a6c97d15d7017d0ca3ee83a66c19ea799,1408676,14,hardlink,5e130b507f57b04d5b4c21463ace0c0a6c97d15d7017d0ca3ee83a66c19ea799,acquisition,
2805,originals/onf/2013/ONF_2013_Q1-3__4f9acd896b0d545c.pdf,files/onf/2013/ONF_2013_Q1-3__4f9acd896b0d545c.pdf,4f9acd896b0d545c42984e33f8c1fbdeb79ba1d863b2cbe4b90d699901aeac70,395867,4,hardlink,4f9acd896b0d545c42984e33f8c1fbdeb79ba1d863b2cbe4b90d699901aeac70,acquisition,
2806,originals/onf/2012/ONF_2012_Q1-3__080ee174bffcfd8a.pdf,files/onf/2012/ONF_2012_Q1-3__080ee174bffcfd8a.pdf,080ee174bffcfd8a7273630d0eae9d88c34aa5cff7260cbd117f1df93c2bac6a,924689,3,hardlink,080ee174bffcfd8a7273630d0eae9d88c34aa5cff7260cbd117f1df93c2bac6a,acquisition,
2807,originals/onf/2011/ONF_2011_Q1-3__0d575b5f50ff0ff3.pdf,files/onf/2011/ONF_2011_Q1-3__0d575b5f50ff0ff3.pdf,0d575b5f50ff0ff31bc6572b3741dc4ca4a46fbccfc20b692b6d2ef95554db86,702358,3,hardlink,0d575b5f50ff0ff31bc6572b3741dc4ca4a46fbccfc20b692b6d2ef95554db86,acquisition,
2808,originals/onf/2011/ONF_2011_S1-3__b1068697a0a38b11.pdf,files/onf/2011/ONF_2011_S1-3__b1068697a0a38b11.pdf,b1068697a0a38b1162348e368fc4db2785638400c84662178d89419bf92c8ddf,851574,16,hardlink,b1068697a0a38b1162348e368fc4db2785638400c84662178d89419bf92c8ddf,acquisition,
2809,originals/onf/2012/ONF_2012_S1-3__d326609c69c92cd1.pdf,files/onf/2012/ONF_2012_S1-3__d326609c69c92cd1.pdf,d326609c69c92cd1dc4ccb0970bd5f36645c0878fe2ae1bfc46245fc3322ffa9,338844,10,hardlink,d326609c69c92cd1dc4ccb0970bd5f36645c0878fe2ae1bfc46245fc3322ffa9,acquisition,
281,originals/ipho/2013/IPhO_2013_S2__2c8f13c50b96025f.pdf,files/ipho/2013/IPhO_2013_S2__2c8f13c50b96025f.pdf,2c8f13c50b96025ff547e77747e80bcfcd927c78c37928b141ffdaa335c54cb1,510112,3,hardlink,2c8f13c50b96025ff547e77747e80bcfcd927c78c37928b141ffdaa335c54cb1,acquisition,
2810,originals/onf/2010/ONF_2010_Q1-3__3d01bf40684df30c.pdf,files/onf/2010/ONF_2010_Q1-3__3d01bf40684df30c.pdf,3d01bf40684df30c1dcf887ef6de2b23e896d45898958060152fb39c015e7f60,410691,2,hardlink,3d01bf40684df30c1dcf887ef6de2b23e896d45898958060152fb39c015e7f60,acquisition,
2811,originals/onf/2010/ONF_2010_S1-3__9f4210e1a2e5925f.pdf,files/onf/2010/ONF_2010_S1-3__9f4210e1a2e5925f.pdf,9f4210e1a2e5925f602773c61cdce67e65da7163b68310768808fdc510cc311e,540341,9,hardlink,9f4210e1a2e5925f602773c61cdce67e65da7163b68310768808fdc510cc311e,acquisition,
2812,originals/onf/2009/ONF_2009_Q1-3__684f3db36b8b82d5.pdf,files/onf/2009/ONF_2009_Q1-3__684f3db36b8b82d5.pdf,684f3db36b8b82d50b5ab0a6c08b21d4b97a6f326025dd2844746af9f9345eb3,200293,3,hardlink,684f3db36b8b82d50b5ab0a6c08b21d4b97a6f326025dd2844746af9f9345eb3,acquisition,
2813,originals/onf/2009/ONF_2009_S1-3__1419698a0fbe630e.pdf,files/onf/2009/ONF_2009_S1-3__1419698a0fbe630e.pdf,1419698a0fbe630eaaf1d3165d638b65f9e91f4e12f51bb99b63b7e4966762b8,258871,9,hardlink,1419698a0fbe630eaaf1d3165d638b65f9e91f4e12f51bb99b63b7e4966762b8,acquisition,
2814,originals/onf/2008/ONF_2008_S1-3__a96d14aee8c12f5c.pdf,files/onf/2008/ONF_2008_S1-3__a96d14aee8c12f5c.pdf,a96d14aee8c12f5c9158dbd53722795a53ddaf71ffebfaa4c89dac313fd9382c,178124,11,hardlink,a96d14aee8c12f5c9158dbd53722795a53ddaf71ffebfaa4c89dac313fd9382c,acquisition,
2815,originals/onf/2008/ONF_2008_Q1-3__114ad58a3ddc2e92.pdf,files/onf/2008/ONF_2008_Q1-3__114ad58a3ddc2e92.pdf,114ad58a3ddc2e924dc239b066d90c756034e914e9230842b28be7a5507e774a,156591,3,hardlink,114ad58a3ddc2e924dc239b066d90c756034e914e9230842b28be7a5507e774a,acquisition,
2816,originals/onf/2007/ONF_2007_S1-3__cf3aab0406dba54f.pdf,files/onf/2007/ONF_2007_S1-3__cf3aab0406dba54f.pdf,cf3aab0406dba54faea6a5c28164ff81d7ba51b9eae57f0a0829aee2f677801a,183672,6,hardlink,cf3aab0406dba54faea6a5c28164ff81d7ba51b9eae57f0a0829aee2f677801a,acquisition,
2817,originals/onf/2007/ONF_2007_Q1-3__0a221bec70257148.pdf,files/onf/2007/ONF_2007_Q1-3__0a221bec70257148.pdf,0a221bec70257148e1c824e15c68fde4f87974d737773c0ddd4e61e00caf8f5b,239335,2,hardlink,0a221bec70257148e1c824e15c68fde4f87974d737773c0ddd4e61e00caf8f5b,acquisition,
2818,originals/onf/2006/ONF_2006_Q1-3__a8cfa781caf056f6.pdf,files/onf/2006/ONF_2006_Q1-3__a8cfa781caf056f6.pdf,a8cfa781caf056f622469148323d0696c088dbd48899c752044d32b6c252e0fb,218286,3,hardlink,a8cfa781caf056f622469148323d0696c088dbd48899c752044d32b6c252e0fb,acquisition,
2819,originals/onf/2006/ONF_2006_S1-3__f87aa41329fda5c7.pdf,files/onf/2006/ONF_2006_S1-3__f87aa41329fda5c7.pdf,f87aa41329fda5c729296f58dee1a33d72f513434632d37d6f347e6a828b3212,306702,10,hardlink,f87aa41329fda5c729296f58dee1a33d72f513434632d37d6f347e6a828b3212,acquisition,
282,originals/ipho/2013/IPhO_2013_Q5__40489a5d2c495fac.pdf,files/ipho/2013/IPhO_2013_Q5__40489a5d2c495fac.pdf,40489a5d2c495fac519718ffb0d3a12b7689ffb35b34966b9a6b50cc394bf68c,862102,9,hardlink,40489a5d2c495fac519718ffb0d3a12b7689ffb35b34966b9a6b50cc394bf68c,acquisition,
2820,originals/onf/2005/ONF_2005_Q1-3__9cbb9ab29e8fe8a2.pdf,files/onf/2005/ONF_2005_Q1-3__9cbb9ab29e8fe8a2.pdf,9cbb9ab29e8fe8a2a7491901db20d1c6f8122d9844ba0dc4987d3d7c40fc0e84,216082,2,hardlink,9cbb9ab29e8fe8a2a7491901db20d1c6f8122d9844ba0dc4987d3d7c40fc0e84,acquisition,
2821,originals/onf/2005/ONF_2005_S1-3__04d4f0d68930d404.pdf,files/onf/2005/ONF_2005_S1-3__04d4f0d68930d404.pdf,04d4f0d68930d4041b3f9e79ed5ff27dd2b069e0da36fc1122972c312e351dc1,275277,7,hardlink,04d4f0d68930d4041b3f9e79ed5ff27dd2b069e0da36fc1122972c312e351dc1,acquisition,
2822,originals/onf/2004/ONF_2004_Q1-3__ddcf0a7c827b8263.pdf,files/onf/2004/ONF_2004_Q1-3__ddcf0a7c827b8263.pdf,ddcf0a7c827b82638c6c8ea763bd1ab7f1ad9d3ef75638b4d14399c901812cbf,176437,2,hardlink,ddcf0a7c827b82638c6c8ea763bd1ab7f1ad9d3ef75638b4d14399c901812cbf,acquisition,
2823,originals/onf/2004/ONF_2004_S1-3__3d98d8139fe1400c.pdf,files/onf/2004/ONF_2004_S1-3__3d98d8139fe1400c.pdf,3d98d8139fe1400c507ecf87bc1246f71b0dfb0e268310a2e8f2d15608b4258e,241012,11,hardlink,3d98d8139fe1400c507ecf87bc1246f71b0dfb0e268310a2e8f2d15608b4258e,acquisition,
2824,originals/onf/2003/ONF_2003_Q1-3__92fd8b61312ddb06.pdf,files/onf/2003/ONF_2003_Q1-3__92fd8b61312ddb06.pdf,92fd8b61312ddb06d3b4bd1d4eb6baf0b5ffb5372c7cf2e73952ee71e11062f3,111372,2,hardlink,92fd8b61312ddb06d3b4bd1d4eb6baf0b5ffb5372c7cf2e73952ee71e11062f3,acquisition,
2825,originals/upho/2025/UPhO_2025_Q1-5__7d1594cf7bb96b3d.pdf,files/upho/2025/UPhO_2025_Q1-5__7d1594cf7bb96b3d.pdf,7d1594cf7bb96b3dfbe4948d752df2d56e7a7531912db4f45d391e954896bd11,205535,3,hardlink,7d1594cf7bb96b3dfbe4948d752df2d56e7a7531912db4f45d391e954896bd11,acquisition,
2826,originals/onf/2003/ONF_2003_S1-3__df368e87bcb4e1eb.pdf,files/onf/2003/ONF_2003_S1-3__df368e87bcb4e1eb.pdf,df368e87bcb4e1eb242e02c87ff1464655c53f5140aa871d07c3615550a21b37,189971,6,hardlink,df368e87bcb4e1eb242e02c87ff1464655c53f5140aa871d07c3615550a21b37,acquisition,
2827,originals/eotvos/2025/Eotvos_2025_Q1-3__aae7286058bb7797.pdf,files/eotvos/2025/Eotvos_2025_Q1-3__aae7286058bb7797.pdf,aae7286058bb7797763eb12760f9bdad75020acc483f53a6c9ff11db8f13cb03,90959,1,hardlink,aae7286058bb7797763eb12760f9bdad75020acc483f53a6c9ff11db8f13cb03,acquisition,
2828,originals/eotvos/2024/Eotvos_2024_Q1-3__c377daa94f2af47f.pdf,files/eotvos/2024/Eotvos_2024_Q1-3__c377daa94f2af47f.pdf,c377daa94f2af47f0323e5b8f411e01d5bf99d6c0ccd0544f9eeab967dd1eab3,73543,1,hardlink,c377daa94f2af47f0323e5b8f411e01d5bf99d6c0ccd0544f9eeab967dd1eab3,acquisition,
2829,originals/eotvos/2023/Eotvos_2023_Q1-3__fba9e093e6ec00ba.pdf,files/eotvos/2023/Eotvos_2023_Q1-3__fba9e093e6ec00ba.pdf,fba9e093e6ec00ba0e20d81293810834f97316a3c192e23a966cbf2f1e356970,111060,1,hardlink,fba9e093e6ec00ba0e20d81293810834f97316a3c192e23a966cbf2f1e356970,acquisition,
283,originals/ipho/2013/IPhO_2013_S4__e3a96b3036779bb3.pdf,files/ipho/2013/IPhO_2013_S4__e3a96b3036779bb3.pdf,e3a96b3036779bb3f57c1ede8468c80a821c1953ba23df3984b066dc933177ed,876368,5,hardlink,e3a96b3036779bb3f57c1ede8468c80a821c1953ba23df3984b066dc933177ed,acquisition,
2830,originals/eotvos/2022/Eotvos_2022_Q1-3__b120af520af308c7.pdf,files/eotvos/2022/Eotvos_2022_Q1-3__b120af520af308c7.pdf,b120af520af308c7ffcb96a95257998ee4605286c2692c5b48dc0221a11d10c4,83393,1,hardlink,b120af520af308c7ffcb96a95257998ee4605286c2692c5b48dc0221a11d10c4,acquisition,
2831,originals/eotvos/2021/Eotvos_2021_Q1-3__68150ff0e87bd195.pdf,files/eotvos/2021/Eotvos_2021_Q1-3__68150ff0e87bd195.pdf,68150ff0e87bd195eeea5df9e1363d6ffc717bb294be1e10f9dadb77bb6a276e,78624,1,hardlink,68150ff0e87bd195eeea5df9e1363d6ffc717bb294be1e10f9dadb77bb6a276e,acquisition,
2832,originals/eotvos/2020/Eotvos_2020_Q1-3__eb2e0311dd6ba775.pdf,files/eotvos/2020/Eotvos_2020_Q1-3__eb2e0311dd6ba775.pdf,eb2e0311dd6ba7757a391701273f6d2556efd828911c72d8c3e1219fe8b16ca7,103027,1,hardlink,eb2e0311dd6ba7757a391701273f6d2556efd828911c72d8c3e1219fe8b16ca7,acquisition,
2833,originals/eotvos/2019/Eotvos_2019_Q1-3__5e5899ae0f47d15a.pdf,files/eotvos/2019/Eotvos_2019_Q1-3__5e5899ae0f47d15a.pdf,5e5899ae0f47d15abf8424b48f7a0fc1bcaea4bf0f2045dbc10324c01dbd8341,1390853,1,hardlink,5e5899ae0f47d15abf8424b48f7a0fc1bcaea4bf0f2045dbc10324c01dbd8341,acquisition,
2834,originals/eotvos/2018/Eotvos_2018_Q1-3__b5efb9551be5803c.pdf,files/eotvos/2018/Eotvos_2018_Q1-3__b5efb9551be5803c.pdf,b5efb9551be5803ced22fd65f12a446dd4a6f057cdd667de4a7f0c0443b55ee7,90936,1,hardlink,b5efb9551be5803ced22fd65f12a446dd4a6f057cdd667de4a7f0c0443b55ee7,acquisition,
2835,originals/eotvos/2017/Eotvos_2017_Q1-3__054f9f0da49d9755.pdf,files/eotvos/2017/Eotvos_2017_Q1-3__054f9f0da49d9755.pdf,054f9f0da49d9755fa36439e677bdf722ef565c153dba98fdee35ca894d48b0b,93630,1,hardlink,054f9f0da49d9755fa36439e677bdf722ef565c153dba98fdee35ca894d48b0b,acquisition,
2836,originals/eotvos/2016/Eotvos_2016_Q1-3__c47e2e6b4430e50d.pdf,files/eotvos/2016/Eotvos_2016_Q1-3__c47e2e6b4430e50d.pdf,c47e2e6b4430e50d6160843f3b463f88b84b3572fecbc776a425d0eddef52e7f,76991,1,hardlink,c47e2e6b4430e50d6160843f3b463f88b84b3572fecbc776a425d0eddef52e7f,acquisition,
2837,originals/eotvos/2015/Eotvos_2015_Q1-3__aadd28f772ff20cd.pdf,files/eotvos/2015/Eotvos_2015_Q1-3__aadd28f772ff20cd.pdf,aadd28f772ff20cdbf7471d4edca9407d8d93ea0ee83a366c71676963190a592,78461,1,hardlink,aadd28f772ff20cdbf7471d4edca9407d8d93ea0ee83a366c71676963190a592,acquisition,
2838,originals/eotvos/2014/Eotvos_2014_Q1-3__449cbe99fbc88965.pdf,files/eotvos/2014/Eotvos_2014_Q1-3__449cbe99fbc88965.pdf,449cbe99fbc88965c874d798e0097aa3f85bdda6e0294b19922b2d7e3a69ae89,86743,1,hardlink,449cbe99fbc88965c874d798e0097aa3f85bdda6e0294b19922b2d7e3a69ae89,acquisition,
2839,originals/fyziklani/2026/Fyziklani_2026_Q1-58__2b981ce38096a67c.pdf,files/fyziklani/2026/Fyziklani_2026_Q1-58__2b981ce38096a67c.pdf,2b981ce38096a67c5259a4a8f80cbd968949f427fbf6a55123f0073876523e8e,694625,69,hardlink,2b981ce38096a67c5259a4a8f80cbd968949f427fbf6a55123f0073876523e8e,acquisition,
284,originals/ipho/2013/IPhO_2013_S5__17388041e3d19a15.pdf,files/ipho/2013/IPhO_2013_S5__17388041e3d19a15.pdf,17388041e3d19a1572cb5c4915c1fbcfc19cf70c6adad268e4c09c5332debcb0,1171773,12,hardlink,17388041e3d19a1572cb5c4915c1fbcfc19cf70c6adad268e4c09c5332debcb0,acquisition,
2840,originals/fyziklani/2025/Fyziklani_2025_Q1-56__7ada69d198c2677d.pdf,files/fyziklani/2025/Fyziklani_2025_Q1-56__7ada69d198c2677d.pdf,7ada69d198c2677d99fe02ce08dd8452d7d4b22379df75b60d4f9dcc767b3b75,649784,64,hardlink,7ada69d198c2677d99fe02ce08dd8452d7d4b22379df75b60d4f9dcc767b3b75,acquisition,
2841,originals/fyziklani/2024/Fyziklani_2024_Q1-54__cd9f983841aadccf.pdf,files/fyziklani/2024/Fyziklani_2024_Q1-54__cd9f983841aadccf.pdf,cd9f983841aadccf1dd2dcd34c0587e4e43e6a9d1159cc4ac9b40f1e2bda6302,648363,65,hardlink,cd9f983841aadccf1dd2dcd34c0587e4e43e6a9d1159cc4ac9b40f1e2bda6302,acquisition,
2842,originals/fyziklani/2023/Fyziklani_2023_Q1-51__a3ab080b0e2ca3db.pdf,files/fyziklani/2023/Fyziklani_2023_Q1-51__a3ab080b0e2ca3db.pdf,a3ab080b0e2ca3db5a1951e133bfbeaed126fd80cc8e8ee00325dc3985cc56a5,752276,50,hardlink,a3ab080b0e2ca3db5a1951e133bfbeaed126fd80cc8e8ee00325dc3985cc56a5,acquisition,
2843,originals/fyziklani/2022/Fyziklani_2022_Q1-50__b76d3994e016c1b8.pdf,files/fyziklani/2022/Fyziklani_2022_Q1-50__b76d3994e016c1b8.pdf,b76d3994e016c1b8738518d9f93d82590d4f26d1b29af9df9726a65628a8ddb7,376443,44,hardlink,b76d3994e016c1b8738518d9f93d82590d4f26d1b29af9df9726a65628a8ddb7,acquisition,
2844,originals/fyziklani/2021/Fyziklani_2021_Q1-56__a97e9f509f731617.pdf,files/fyziklani/2021/Fyziklani_2021_Q1-56__a97e9f509f731617.pdf,a97e9f509f73161743b2745015e9080e86e083e45659bef88b61d002f76ab060,406023,53,hardlink,a97e9f509f73161743b2745015e9080e86e083e45659bef88b61d002f76ab060,acquisition,
2845,originals/fyziklani/2020/Fyziklani_2020_Q1-51__258d5082a1c652ec.pdf,files/fyziklani/2020/Fyziklani_2020_Q1-51__258d5082a1c652ec.pdf,258d5082a1c652eca603ff36f22f60c0b0355337c73f5b87027f8494c71986db,298573,43,hardlink,258d5082a1c652eca603ff36f22f60c0b0355337c73f5b87027f8494c71986db,acquisition,
2846,originals/fyziklani/2019/Fyziklani_2019_Q1-50__f5ef2cdae7676f31.pdf,files/fyziklani/2019/Fyziklani_2019_Q1-50__f5ef2cdae7676f31.pdf,f5ef2cdae7676f3164fc2be7f4799dbcabf63359eeaba5d4f4c6635887383364,263895,36,hardlink,f5ef2cdae7676f3164fc2be7f4799dbcabf63359eeaba5d4f4c6635887383364,acquisition,
2847,originals/fyziklani/2018/Fyziklani_2018_Q1-51__09866a46824d4189.pdf,files/fyziklani/2018/Fyziklani_2018_Q1-51__09866a46824d4189.pdf,09866a46824d418947309b989da694ff6db54a96794ba5876c8d25360afc5655,392264,38,hardlink,09866a46824d418947309b989da694ff6db54a96794ba5876c8d25360afc5655,acquisition,
2848,originals/fyziklani/2017/Fyziklani_2017_Q1-50__9b7cee51fa5f5a4b.pdf,files/fyziklani/2017/Fyziklani_2017_Q1-50__9b7cee51fa5f5a4b.pdf,9b7cee51fa5f5a4b09b746046545f356334cbe9f464718f4fc34759e70705345,340197,28,hardlink,9b7cee51fa5f5a4b09b746046545f356334cbe9f464718f4fc34759e70705345,acquisition,
2849,originals/fyziklani/2016/Fyziklani_2016_Q1-49__62a9c2ce1bb27e8d.pdf,files/fyziklani/2016/Fyziklani_2016_Q1-49__62a9c2ce1bb27e8d.pdf,62a9c2ce1bb27e8d06328fe32fa72c8ac117d0c7c5dccbcd466dfc1b46bda4e6,271594,36,hardlink,62a9c2ce1bb27e8d06328fe32fa72c8ac117d0c7c5dccbcd466dfc1b46bda4e6,acquisition,
285,originals/ipho/2012/IPhO_2012_Q1__7150fb8bf4eeab36.pdf,files/ipho/2012/IPhO_2012_Q1__7150fb8bf4eeab36.pdf,7150fb8bf4eeab366d03a52b2ed7e8ce40d0f1addf21c4d634a45a75273c2cb4,2312989,2,hardlink,7150fb8bf4eeab366d03a52b2ed7e8ce40d0f1addf21c4d634a45a75273c2cb4,acquisition,
2850,originals/fyziklani/2015/Fyziklani_2015_Q1-53__69757af89ae46d44.pdf,files/fyziklani/2015/Fyziklani_2015_Q1-53__69757af89ae46d44.pdf,69757af89ae46d44d00bfc1b0c224acad47ab5e717adf8031cb4a285e6b6dce0,453944,40,hardlink,69757af89ae46d44d00bfc1b0c224acad47ab5e717adf8031cb4a285e6b6dce0,acquisition,
2851,originals/fyziklani/2014/Fyziklani_2014_Q1-51__5e9550a1f5782c1b.pdf,files/fyziklani/2014/Fyziklani_2014_Q1-51__5e9550a1f5782c1b.pdf,5e9550a1f5782c1bf3d55b66c6ca7435b1fc6381c8ed60b0abbb5690d1b5be13,254321,32,hardlink,5e9550a1f5782c1bf3d55b66c6ca7435b1fc6381c8ed60b0abbb5690d1b5be13,acquisition,
2852,originals/fyziklani/2013/Fyziklani_2013_Q1-47__72d8c6a8920b5d76.pdf,files/fyziklani/2013/Fyziklani_2013_Q1-47__72d8c6a8920b5d76.pdf,72d8c6a8920b5d76eaf308d2fd0f85c18afae156e4c44270b4ccb93363ed2c4d,290943,28,hardlink,72d8c6a8920b5d76eaf308d2fd0f85c18afae156e4c44270b4ccb93363ed2c4d,acquisition,
2853,originals/fyziklani/2012/Fyziklani_2012_Q1-42__1380bd2c26f4986d.pdf,files/fyziklani/2012/Fyziklani_2012_Q1-42__1380bd2c26f4986d.pdf,1380bd2c26f4986d29bf6951ff7868f439054eff5472d2385d71e0dff544e8c1,326708,24,hardlink,1380bd2c26f4986d29bf6951ff7868f439054eff5472d2385d71e0dff544e8c1,acquisition,
2854,originals/fyziklani/2011/Fyziklani_2011_Q1-38__4bc8d7fd340f7af5.pdf,files/fyziklani/2011/Fyziklani_2011_Q1-38__4bc8d7fd340f7af5.pdf,4bc8d7fd340f7af5dec967862d3fcdfff5adde85e2df25b04eb870a1303a82d9,240154,21,hardlink,4bc8d7fd340f7af5dec967862d3fcdfff5adde85e2df25b04eb870a1303a82d9,acquisition,
2855,originals/fyziklani/2010/Fyziklani_2010_Q1-40__14ad603e0e7f5447.pdf,files/fyziklani/2010/Fyziklani_2010_Q1-40__14ad603e0e7f5447.pdf,14ad603e0e7f54470aa42dc58a68ae55cf7b97b332412caa2a6cbab4f5e45dd5,245915,20,hardlink,14ad603e0e7f54470aa42dc58a68ae55cf7b97b332412caa2a6cbab4f5e45dd5,acquisition,
2856,originals/fyziklani/2009/Fyziklani_2009_Q1-40__b46500e8f6c95baa.pdf,files/fyziklani/2009/Fyziklani_2009_Q1-40__b46500e8f6c95baa.pdf,b46500e8f6c95baa0c3f20f320547b22978e535463e5c8e16753cab862e9945f,249473,23,hardlink,b46500e8f6c95baa0c3f20f320547b22978e535463e5c8e16753cab862e9945f,acquisition,
2857,originals/fyziklani/2008/Fyziklani_2008_Q1-40__426a25af55d47b17.pdf,files/fyziklani/2008/Fyziklani_2008_Q1-40__426a25af55d47b17.pdf,426a25af55d47b177b076fabb5147a17b3c642ec344e537f0736911b0980df49,236819,21,hardlink,426a25af55d47b177b076fabb5147a17b3c642ec344e537f0736911b0980df49,acquisition,
2858,originals/fyziklani/2006/Fyziklani_2006_Q1-42__7240478eeeefc696.pdf,files/fyziklani/2006/Fyziklani_2006_Q1-42__7240478eeeefc696.pdf,7240478eeeefc696db85402786b6378faca324efa686c093bde1fe4bce95637e,290397,21,hardlink,7240478eeeefc696db85402786b6378faca324efa686c093bde1fe4bce95637e,acquisition,
2859,originals/efo/2022/EFO_2022_Q1-10__dab2b0c977044fbf.pdf,files/efo/2022/EFO_2022_Q1-10__dab2b0c977044fbf.pdf,dab2b0c977044fbff39cff87fa3eb0313d369590f5ba8d6b79e9917dc86c6274,1054012,5,hardlink,dab2b0c977044fbff39cff87fa3eb0313d369590f5ba8d6b79e9917dc86c6274,acquisition,
286,originals/ipho/2012/IPhO_2012_S1__e3e38958cf50634b.pdf,files/ipho/2012/IPhO_2012_S1__e3e38958cf50634b.pdf,e3e38958cf50634b2155640ce52b217782d5d5bc42b1fe01c3c76c4697f87e2b,471901,6,hardlink,e3e38958cf50634b2155640ce52b217782d5d5bc42b1fe01c3c76c4697f87e2b,acquisition,
2860,originals/efo/2021/EFO_2021_Q1-10__99394fcbe563ab5a.pdf,files/efo/2021/EFO_2021_Q1-10__99394fcbe563ab5a.pdf,99394fcbe563ab5aa3499b3527dfc903db409934808411554f8f67fa6aee996e,1131035,4,hardlink,99394fcbe563ab5aa3499b3527dfc903db409934808411554f8f67fa6aee996e,acquisition,
2861,originals/efo/2020/EFO_2020_Q1-10__a78e72c3c72e1032.pdf,files/efo/2020/EFO_2020_Q1-10__a78e72c3c72e1032.pdf,a78e72c3c72e10320be96cb35a4abfac66bde18cf5361bdcd565d017f7fa2b5d,417197,5,hardlink,a78e72c3c72e10320be96cb35a4abfac66bde18cf5361bdcd565d017f7fa2b5d,acquisition,
2862,originals/efo/2021/EFO_2021_S1-10__d5105106f3eae964.pdf,files/efo/2021/EFO_2021_S1-10__d5105106f3eae964.pdf,d5105106f3eae964d3090efb6b3782a6fe5154ab2919d81fe0ca455b79c5f800,277030,9,hardlink,d5105106f3eae964d3090efb6b3782a6fe5154ab2919d81fe0ca455b79c5f800,acquisition,
2863,originals/efo/2020/EFO_2020_S1-10__3cfa586825374127.pdf,files/efo/2020/EFO_2020_S1-10__3cfa586825374127.pdf,3cfa586825374127ac376e83d5afdde0205cf43a960fa039ea28db812fd069f5,1187487,12,hardlink,3cfa586825374127ac376e83d5afdde0205cf43a960fa039ea28db812fd069f5,acquisition,
2864,originals/efo/2019/EFO_2019_Q1-10__86a2a389a8e993a1.pdf,files/efo/2019/EFO_2019_Q1-10__86a2a389a8e993a1.pdf,86a2a389a8e993a13c1e1337556fa1e2f2df9d6e47a6bc48d9d31bd36324637d,986345,6,hardlink,86a2a389a8e993a13c1e1337556fa1e2f2df9d6e47a6bc48d9d31bd36324637d,acquisition,
2865,originals/efo/2019/EFO_2019_S1-10__67f656b1417c0438.pdf,files/efo/2019/EFO_2019_S1-10__67f656b1417c0438.pdf,67f656b1417c043822cf5612bc6f1ee7b3fdcd84fed9fdcca54e3232b63e36e6,504928,13,hardlink,67f656b1417c043822cf5612bc6f1ee7b3fdcd84fed9fdcca54e3232b63e36e6,acquisition,
2866,originals/efo/2018/EFO_2018_S1-10__a5ec8b4ec52bffe7.pdf,files/efo/2018/EFO_2018_S1-10__a5ec8b4ec52bffe7.pdf,a5ec8b4ec52bffe701d87bd98296b704aa7f2e2234584070cafe4ab571d790ec,279799,11,hardlink,a5ec8b4ec52bffe701d87bd98296b704aa7f2e2234584070cafe4ab571d790ec,acquisition,
2867,originals/efo/2018/EFO_2018_Q1-10__00e0584ec7948db0.pdf,files/efo/2018/EFO_2018_Q1-10__00e0584ec7948db0.pdf,00e0584ec7948db069aea061ec208fbe28c9f5a2d3615dd366c77a1905f37e27,244094,6,hardlink,00e0584ec7948db069aea061ec208fbe28c9f5a2d3615dd366c77a1905f37e27,acquisition,
2868,originals/efo/2017/EFO_2017_Q1-10__d207af19556a7e0d.pdf,files/efo/2017/EFO_2017_Q1-10__d207af19556a7e0d.pdf,d207af19556a7e0d45182b265424202d9dd1e54640c224dd3bd8ade3bf4142a6,201800,4,hardlink,d207af19556a7e0d45182b265424202d9dd1e54640c224dd3bd8ade3bf4142a6,acquisition,
2869,originals/efo/2017/EFO_2017_S1-10__95d322672fd39ed0.pdf,files/efo/2017/EFO_2017_S1-10__95d322672fd39ed0.pdf,95d322672fd39ed08cb2000908e0cc975bc87d855bdec967e9d791a991750129,1035624,13,hardlink,95d322672fd39ed08cb2000908e0cc975bc87d855bdec967e9d791a991750129,acquisition,
287,originals/ipho/2012/IPhO_2012_Q2__2861013a629439e5.pdf,files/ipho/2012/IPhO_2012_Q2__2861013a629439e5.pdf,2861013a629439e55c3db905e764fd115fb31c9b1ce294d1e1aab3c78a19b2a2,119458,1,hardlink,2861013a629439e55c3db905e764fd115fb31c9b1ce294d1e1aab3c78a19b2a2,acquisition,
2870,originals/efo/2016/EFO_2016_Q1-10__2921a705d1fa8aab.pdf,files/efo/2016/EFO_2016_Q1-10__2921a705d1fa8aab.pdf,2921a705d1fa8aab816c1c8b7c93f6f88083dbb9444b9f6c8d72212a684ef994,219328,4,hardlink,2921a705d1fa8aab816c1c8b7c93f6f88083dbb9444b9f6c8d72212a684ef994,acquisition,
2871,originals/efo/2022/EFO_2022_S1-10__f5e2ef552a0b2b07.pdf,files/efo/2022/EFO_2022_S1-10__f5e2ef552a0b2b07.pdf,f5e2ef552a0b2b07988e0c60d3a7735d745da020fa1c781e410d1a34e638a01c,429268,9,hardlink,f5e2ef552a0b2b07988e0c60d3a7735d745da020fa1c781e410d1a34e638a01c,acquisition,
2872,originals/efo/2015/EFO_2015_Q1-10__d541ebc95752aa2e.pdf,files/efo/2015/EFO_2015_Q1-10__d541ebc95752aa2e.pdf,d541ebc95752aa2ebb1ee26e959a742531043f48333bd96c9dae9e992dad71f7,206899,4,hardlink,d541ebc95752aa2ebb1ee26e959a742531043f48333bd96c9dae9e992dad71f7,acquisition,
2873,originals/efo/2016/EFO_2016_S1-10__4213b89470d5a9f0.pdf,files/efo/2016/EFO_2016_S1-10__4213b89470d5a9f0.pdf,4213b89470d5a9f020d8e11d51de2aed66758537cb951b06542fb5c072e53558,287216,9,hardlink,4213b89470d5a9f020d8e11d51de2aed66758537cb951b06542fb5c072e53558,acquisition,
2874,originals/efo/2015/EFO_2015_S1-10__f447a886d044bb3f.pdf,files/efo/2015/EFO_2015_S1-10__f447a886d044bb3f.pdf,f447a886d044bb3ff88e8a75b5771ed619a1cdd12e4a3723a5290a1334810dcf,803109,9,hardlink,f447a886d044bb3ff88e8a75b5771ed619a1cdd12e4a3723a5290a1334810dcf,acquisition,
2875,originals/efo/2014/EFO_2014_S1-10__7bd8dff1a481e282.pdf,files/efo/2014/EFO_2014_S1-10__7bd8dff1a481e282.pdf,7bd8dff1a481e28202f74a63ecd30982445a8ea671ecd71ddc9c2c0dd8ba4c6c,406510,8,hardlink,7bd8dff1a481e28202f74a63ecd30982445a8ea671ecd71ddc9c2c0dd8ba4c6c,acquisition,
2876,originals/efo/2013/EFO_2013_Q1-10__4110e8064128de52.pdf,files/efo/2013/EFO_2013_Q1-10__4110e8064128de52.pdf,4110e8064128de523c472c52807ad30f415f9f0b651830e48812c811fb443407,218873,6,hardlink,4110e8064128de523c472c52807ad30f415f9f0b651830e48812c811fb443407,acquisition,
2877,originals/efo/2013/EFO_2013_S1-10__b26f817babaf24e5.pdf,files/efo/2013/EFO_2013_S1-10__b26f817babaf24e5.pdf,b26f817babaf24e5e674932566629d1b530660c258e224e001ed7a837cb0e13c,95890,10,hardlink,b26f817babaf24e5e674932566629d1b530660c258e224e001ed7a837cb0e13c,acquisition,
2878,originals/efo/2012/EFO_2012_Q1-10__49e87d97224d0b39.pdf,files/efo/2012/EFO_2012_Q1-10__49e87d97224d0b39.pdf,49e87d97224d0b39144ed21d65e9ff51993792edb7712c88844818265bd20571,595625,7,hardlink,49e87d97224d0b39144ed21d65e9ff51993792edb7712c88844818265bd20571,acquisition,
2879,originals/efo/2012/EFO_2012_S1-10__91696f65a5a6a1a1.pdf,files/efo/2012/EFO_2012_S1-10__91696f65a5a6a1a1.pdf,91696f65a5a6a1a1543ec9422707d7296426da9ec041bac00818ee8b6a17cd00,322125,6,hardlink,91696f65a5a6a1a1543ec9422707d7296426da9ec041bac00818ee8b6a17cd00,acquisition,
288,originals/ipho/2012/IPhO_2012_S2__214e34713f3d8e5c.pdf,files/ipho/2012/IPhO_2012_S2__214e34713f3d8e5c.pdf,214e34713f3d8e5c95c0069c888952a37a4451f01cf745dd5bffc5ec19bcaa33,174252,2,hardlink,214e34713f3d8e5c95c0069c888952a37a4451f01cf745dd5bffc5ec19bcaa33,acquisition,
2880,originals/efo/2011/EFO_2011_Q1-10__88acce953b2cc09f.pdf,files/efo/2011/EFO_2011_Q1-10__88acce953b2cc09f.pdf,88acce953b2cc09f92f918cfe0d5097c136fc6fcfd26d7cbe7d143e19e0141f7,97248,4,hardlink,88acce953b2cc09f92f918cfe0d5097c136fc6fcfd26d7cbe7d143e19e0141f7,acquisition,
2881,originals/efo/2011/EFO_2011_S1-10__e29199ba868840be.pdf,files/efo/2011/EFO_2011_S1-10__e29199ba868840be.pdf,e29199ba868840be9accbb4170e7c4bc370f853ac33a30a4ccc70c9b7f1ea4ef,98775,7,hardlink,e29199ba868840be9accbb4170e7c4bc370f853ac33a30a4ccc70c9b7f1ea4ef,acquisition,
2882,originals/efo/2010/EFO_2010_S1-10__ffb49427439104e7.pdf,files/efo/2010/EFO_2010_S1-10__ffb49427439104e7.pdf,ffb49427439104e7684cebaef7ecaf936096a72944a18c0b8c31e9c764042cc8,772136,8,hardlink,ffb49427439104e7684cebaef7ecaf936096a72944a18c0b8c31e9c764042cc8,acquisition,
2883,originals/efo/2010/EFO_2010_Q1-10__fa4f0a829a60001b.pdf,files/efo/2010/EFO_2010_Q1-10__fa4f0a829a60001b.pdf,fa4f0a829a60001b30d9d06d6bd9026d66b693632ec830bfd8544de287ef62e7,1738489,5,hardlink,fa4f0a829a60001b30d9d06d6bd9026d66b693632ec830bfd8544de287ef62e7,acquisition,
2884,originals/efo/2014/EFO_2014_Q1-10__1e9dc1420c09bf5e.pdf,files/efo/2014/EFO_2014_Q1-10__1e9dc1420c09bf5e.pdf,1e9dc1420c09bf5e96e3f95cfade1917538c02a8bebf69b6983ee9500ce76d39,499360,4,hardlink,1e9dc1420c09bf5e96e3f95cfade1917538c02a8bebf69b6983ee9500ce76d39,acquisition,
2885,originals/efo/2009/EFO_2009_Q1-10__d7794b48b84a87ad.pdf,files/efo/2009/EFO_2009_Q1-10__d7794b48b84a87ad.pdf,d7794b48b84a87ad28b26de848ece1cd6a8f6bd9ac556d3f988e16d4fd3ae925,119697,4,hardlink,d7794b48b84a87ad28b26de848ece1cd6a8f6bd9ac556d3f988e16d4fd3ae925,acquisition,
2886,originals/efo/2009/EFO_2009_S1-10__1444167ca15d9de4.pdf,files/efo/2009/EFO_2009_S1-10__1444167ca15d9de4.pdf,1444167ca15d9de4f8370e3e4f88c30eaba6335743181b5f3f6513bb72cfa960,149564,7,hardlink,1444167ca15d9de4f8370e3e4f88c30eaba6335743181b5f3f6513bb72cfa960,acquisition,
2887,originals/efo/2008/EFO_2008_S1-10__46cc69bd3ec7dd33.pdf,files/efo/2008/EFO_2008_S1-10__46cc69bd3ec7dd33.pdf,46cc69bd3ec7dd333c98d4c0d8746bf81df85499c19791a6e3151d6d6c830827,223220,10,hardlink,46cc69bd3ec7dd333c98d4c0d8746bf81df85499c19791a6e3151d6d6c830827,acquisition,
2888,originals/efo/2008/EFO_2008_Q1-10__c55b301d3e025916.pdf,files/efo/2008/EFO_2008_Q1-10__c55b301d3e025916.pdf,c55b301d3e02591601c105b15d8e86f1c809849e11c8a8a9f872486ed762983f,188958,4,hardlink,c55b301d3e02591601c105b15d8e86f1c809849e11c8a8a9f872486ed762983f,acquisition,
2889,originals/efo/2007/EFO_2007_Q1-10__410b7ab1cbfa83dd.pdf,files/efo/2007/EFO_2007_Q1-10__410b7ab1cbfa83dd.pdf,410b7ab1cbfa83ddb6650f8f644c212935c5ce50809735f55afde47984c05069,70830,4,hardlink,410b7ab1cbfa83ddb6650f8f644c212935c5ce50809735f55afde47984c05069,acquisition,
289,originals/ipho/2012/IPhO_2012_Q3__f045d1d81bcab9f3.pdf,files/ipho/2012/IPhO_2012_Q3__f045d1d81bcab9f3.pdf,f045d1d81bcab9f3220e5a54108d7166e158df0a75d52c11c802e12a0b209876,89769,1,hardlink,f045d1d81bcab9f3220e5a54108d7166e158df0a75d52c11c802e12a0b209876,acquisition,
2890,originals/efo/2007/EFO_2007_S1-10__0d5eb6695353a870.pdf,files/efo/2007/EFO_2007_S1-10__0d5eb6695353a870.pdf,0d5eb6695353a870863e5bcf8de22953fa4eced751d1dab1a50b3fcfde70308e,69219,5,hardlink,0d5eb6695353a870863e5bcf8de22953fa4eced751d1dab1a50b3fcfde70308e,acquisition,
2891,originals/efo/2006/EFO_2006_Q1-10__36a238341cfd8ae8.pdf,files/efo/2006/EFO_2006_Q1-10__36a238341cfd8ae8.pdf,36a238341cfd8ae872a7f0807cb28243053d83998eada4736b8cf0e299cb91fe,130672,5,hardlink,36a238341cfd8ae872a7f0807cb28243053d83998eada4736b8cf0e299cb91fe,acquisition,
2892,originals/efo/2006/EFO_2006_S1-10__bb34666a6dcf9762.pdf,files/efo/2006/EFO_2006_S1-10__bb34666a6dcf9762.pdf,bb34666a6dcf9762947bbe128f60f7cac7cd90924c89cc0010664a7a777ce60a,87875,9,hardlink,bb34666a6dcf9762947bbe128f60f7cac7cd90924c89cc0010664a7a777ce60a,acquisition,
2893,originals/efo/2005/EFO_2005_Q1-10__f074c8bf783be3e3.pdf,files/efo/2005/EFO_2005_Q1-10__f074c8bf783be3e3.pdf,f074c8bf783be3e3be05e512bfca1f23090d7f7d87a6ef2054f5fc1c52935277,98710,3,hardlink,f074c8bf783be3e3be05e512bfca1f23090d7f7d87a6ef2054f5fc1c52935277,acquisition,
2894,originals/efo/2004/EFO_2004_S1-10__4acb3ec7fa65291e.pdf,files/efo/2004/EFO_2004_S1-10__4acb3ec7fa65291e.pdf,4acb3ec7fa65291eb8bfc376c78855bccf4cb4fb5548b85aaadd4c795577ba57,80215,6,hardlink,4acb3ec7fa65291eb8bfc376c78855bccf4cb4fb5548b85aaadd4c795577ba57,acquisition,
2895,originals/efo/2005/EFO_2005_S1-10__86a7d652e8a858fb.pdf,files/efo/2005/EFO_2005_S1-10__86a7d652e8a858fb.pdf,86a7d652e8a858fba3225f808ff20ca4ef8a4a0f6f69628e59dca8bdedd7fa28,116417,12,hardlink,86a7d652e8a858fba3225f808ff20ca4ef8a4a0f6f69628e59dca8bdedd7fa28,acquisition,
2896,originals/efo/2004/EFO_2004_Q1-10__df559daef0887885.pdf,files/efo/2004/EFO_2004_Q1-10__df559daef0887885.pdf,df559daef08878856244a80dc9ef2b2b0f8f4a1a910395d5c44aed1e95bb2c29,67122,4,hardlink,df559daef08878856244a80dc9ef2b2b0f8f4a1a910395d5c44aed1e95bb2c29,acquisition,
2897,originals/efo/2003/EFO_2003_Q1-10__54fc6ea9a4fe77e2.pdf,files/efo/2003/EFO_2003_Q1-10__54fc6ea9a4fe77e2.pdf,54fc6ea9a4fe77e2802edb98c7484bc6df4d185e5bcc2f37a9375dd0edcdd9c6,166054,4,hardlink,54fc6ea9a4fe77e2802edb98c7484bc6df4d185e5bcc2f37a9375dd0edcdd9c6,acquisition,
2898,originals/efo/2003/EFO_2003_S1-10__75ed8806dcd26351.pdf,files/efo/2003/EFO_2003_S1-10__75ed8806dcd26351.pdf,75ed8806dcd263511068fa37cbc09d1ef9c519be55ac90f753bd1bb5379e9792,63992,6,hardlink,75ed8806dcd263511068fa37cbc09d1ef9c519be55ac90f753bd1bb5379e9792,acquisition,
2899,originals/efo/2002/EFO_2002_Q1-10__d5153c45beb53ee4.pdf,files/efo/2002/EFO_2002_Q1-10__d5153c45beb53ee4.pdf,d5153c45beb53ee4b41af5204792b54638ef20afaf04a1b32e20ae760b92ac53,103563,4,hardlink,d5153c45beb53ee4b41af5204792b54638ef20afaf04a1b32e20ae760b92ac53,acquisition,
29,originals/ipho/2025/IPhO_2025_ExperimentInstructions__fd13c5146edf939e.pdf,files/ipho/2025/IPhO_2025_ExperimentInstructions__fd13c5146edf939e.pdf,fd13c5146edf939e565b541641b71799f250fcce3065eba45ab6162527ff7da8,29289,1,hardlink,fd13c5146edf939e565b541641b71799f250fcce3065eba45ab6162527ff7da8,acquisition,
290,originals/ipho/2012/IPhO_2012_S3__4494810f93339054.pdf,files/ipho/2012/IPhO_2012_S3__4494810f93339054.pdf,4494810f9333905463cfde0177df2e0f86ae73a89a3da57ccc3f03e39441b0d5,253687,2,hardlink,4494810f9333905463cfde0177df2e0f86ae73a89a3da57ccc3f03e39441b0d5,acquisition,
2900,originals/efo/2002/EFO_2002_S1-10__39b7a4fe764f97d9.pdf,files/efo/2002/EFO_2002_S1-10__39b7a4fe764f97d9.pdf,39b7a4fe764f97d9c26cbab14806fde58cec8160768c8ff908471d0226b33834,91647,6,hardlink,39b7a4fe764f97d9c26cbab14806fde58cec8160768c8ff908471d0226b33834,acquisition,
2901,originals/efo/2001/EFO_2001_Q1-10__5780f5b30456f339.pdf,files/efo/2001/EFO_2001_Q1-10__5780f5b30456f339.pdf,5780f5b30456f3390f56622a00f72209e0186f1a1c1ef0840288f1796e614f25,175546,4,hardlink,5780f5b30456f3390f56622a00f72209e0186f1a1c1ef0840288f1796e614f25,acquisition,
2902,originals/efo/2001/EFO_2001_S1-10__aa54799299e0e5a3.pdf,files/efo/2001/EFO_2001_S1-10__aa54799299e0e5a3.pdf,aa54799299e0e5a3b064fa126352b1b7cd2cc957203b61bad54281636b60abb3,127145,8,hardlink,aa54799299e0e5a3b064fa126352b1b7cd2cc957203b61bad54281636b60abb3,acquisition,
2903,originals/efo/2000/EFO_2000_Q1-10__df46a5024fbb7672.pdf,files/efo/2000/EFO_2000_Q1-10__df46a5024fbb7672.pdf,df46a5024fbb76728ffd924f500ed1d0a82a9a72a8a5c76831d45983f76c41be,58135,2,hardlink,df46a5024fbb76728ffd924f500ed1d0a82a9a72a8a5c76831d45983f76c41be,acquisition,
2904,originals/efo/1999/EFO_1999_Q1-10__320e06789e1f8cb2.pdf,files/efo/1999/EFO_1999_Q1-10__320e06789e1f8cb2.pdf,320e06789e1f8cb2f5df5bd840a94821b39a717a8a8626a644d03d16320f5cea,58296,2,hardlink,320e06789e1f8cb2f5df5bd840a94821b39a717a8a8626a644d03d16320f5cea,acquisition,
2905,originals/efo/1999/EFO_1999_S1-10__791a5e46e7aeddba.pdf,files/efo/1999/EFO_1999_S1-10__791a5e46e7aeddba.pdf,791a5e46e7aeddbac4048e01cf4e8fcff7fe97773d8935cd4742cc14a05ebf9e,76325,2,hardlink,791a5e46e7aeddbac4048e01cf4e8fcff7fe97773d8935cd4742cc14a05ebf9e,acquisition,
2906,originals/efo/2000/EFO_2000_S1-10__fed4eb36b977cfef.pdf,files/efo/2000/EFO_2000_S1-10__fed4eb36b977cfef.pdf,fed4eb36b977cfef96d24b2ed56aa3148a25cdfd276280a363a46e41ab0a534e,119068,12,hardlink,fed4eb36b977cfef96d24b2ed56aa3148a25cdfd276280a363a46e41ab0a534e,acquisition,
2907,originals/efo/1998/EFO_1998_Q1-10__4dde0e8245cd3f31.pdf,files/efo/1998/EFO_1998_Q1-10__4dde0e8245cd3f31.pdf,4dde0e8245cd3f31f136c36146866e330acb55bb59e07ba0ef6e8c0ea657abc4,89625,2,hardlink,4dde0e8245cd3f31f136c36146866e330acb55bb59e07ba0ef6e8c0ea657abc4,acquisition,
2908,originals/efo/1998/EFO_1998_S1-10__02c70eb98785963b.pdf,files/efo/1998/EFO_1998_S1-10__02c70eb98785963b.pdf,02c70eb98785963ba9569e04194f40b458febe941430436a95ee88b0468609a6,184319,2,hardlink,02c70eb98785963ba9569e04194f40b458febe941430436a95ee88b0468609a6,acquisition,
2909,originals/twpho-tst/2024/TwPhO_2024_Q1-6__de9d843ec1101618.pdf,files/twpho-tst/2024/TwPhO_2024_Q1-6__de9d843ec1101618.pdf,de9d843ec11016187c653f45af852aaf3fdea4f2ef839cd2c72d929671726746,644622,15,hardlink,de9d843ec11016187c653f45af852aaf3fdea4f2ef839cd2c72d929671726746,acquisition,
291,originals/ipho/2012/IPhO_2012_Q4__824150e675e8d2ba.pdf,files/ipho/2012/IPhO_2012_Q4__824150e675e8d2ba.pdf,824150e675e8d2ba0defd7531dcc1fdf6ffc4169de63167187e453ce91be87e2,198342,3,hardlink,824150e675e8d2ba0defd7531dcc1fdf6ffc4169de63167187e453ce91be87e2,acquisition,
2910,originals/twpho-tst/2014/TwPhO_2014_Q1__370c3e0148249361.pdf,files/twpho-tst/2014/TwPhO_2014_Q1__370c3e0148249361.pdf,370c3e0148249361b297a0bf03c5eb044df3725b2f31b354c2567e7d1d4db836,652079,9,hardlink,370c3e0148249361b297a0bf03c5eb044df3725b2f31b354c2567e7d1d4db836,acquisition,
2911,originals/twpho-tst/2015/TwPhO_2015_Q1__0dfa6c93624c8232.pdf,files/twpho-tst/2015/TwPhO_2015_Q1__0dfa6c93624c8232.pdf,0dfa6c93624c8232df9b44bf500fca4050f0dd536497f95d3bb410a6648b0e1e,8436302,7,hardlink,0dfa6c93624c8232df9b44bf500fca4050f0dd536497f95d3bb410a6648b0e1e,acquisition,
2912,originals/twpho-tst/2013/TwPhO_2013_Q1__f667537f33a4807d.pdf,files/twpho-tst/2013/TwPhO_2013_Q1__f667537f33a4807d.pdf,f667537f33a4807d5cbbd8f840cada89b0e6d8f331e710d8ec31d9fd68ab0819,2806705,7,hardlink,f667537f33a4807d5cbbd8f840cada89b0e6d8f331e710d8ec31d9fd68ab0819,acquisition,
2913,originals/twpho-tst/2011/TwPhO_2011_Q1__f6952ad48b75ab24.pdf,files/twpho-tst/2011/TwPhO_2011_Q1__f6952ad48b75ab24.pdf,f6952ad48b75ab24458d72624b6a1a92258655068523b4a6535ecd5092c67a34,4629161,5,hardlink,f6952ad48b75ab24458d72624b6a1a92258655068523b4a6535ecd5092c67a34,acquisition,
2914,originals/twpho-tst/2012/TwPhO_2012_Q1__fe692bda58bd5fed.pdf,files/twpho-tst/2012/TwPhO_2012_Q1__fe692bda58bd5fed.pdf,fe692bda58bd5fedf36af4d2ec328dc0b7bf88ace0cea58b71e612cd68d3a51d,6694864,7,hardlink,fe692bda58bd5fedf36af4d2ec328dc0b7bf88ace0cea58b71e612cd68d3a51d,acquisition,
2915,originals/twpho-camp/2022/TwPhOCamp_2022_Q1__3b93d20d3bc82397.pdf,files/twpho-camp/2022/TwPhOCamp_2022_Q1__3b93d20d3bc82397.pdf,3b93d20d3bc82397e81db6c4e52a035aa63c13422b24c109dd885ee6b306edc4,704506,6,hardlink,3b93d20d3bc82397e81db6c4e52a035aa63c13422b24c109dd885ee6b306edc4,acquisition,
2916,originals/twpho-tst/2010/TwPhO_2010_Q1__da9333e8df95ff52.pdf,files/twpho-tst/2010/TwPhO_2010_Q1__da9333e8df95ff52.pdf,da9333e8df95ff520d9a3fe8cd4230efe7123c2c9a6147a23c870d4553060621,5399571,6,hardlink,da9333e8df95ff520d9a3fe8cd4230efe7123c2c9a6147a23c870d4553060621,acquisition,
2917,originals/twpho-camp/2024/TwPhOCamp_2024_Q1__5f3bbd6100353715.pdf,files/twpho-camp/2024/TwPhOCamp_2024_Q1__5f3bbd6100353715.pdf,5f3bbd6100353715decdc565bfa49067ecfa5dae01448f465e7a0c9346bd611e,7650052,31,hardlink,5f3bbd6100353715decdc565bfa49067ecfa5dae01448f465e7a0c9346bd611e,acquisition,
2918,originals/twpho-camp/2022/TwPhOCamp_2022_Q2__b1cd565276ca09c0.pdf,files/twpho-camp/2022/TwPhOCamp_2022_Q2__b1cd565276ca09c0.pdf,b1cd565276ca09c019fbfdffac486bd8da7fb013a3d1784096b234322964c368,792667,8,hardlink,b1cd565276ca09c019fbfdffac486bd8da7fb013a3d1784096b234322964c368,acquisition,
2919,originals/twpho-camp/2021/TwPhOCamp_2021_Q1__a8609be8e33433d2.pdf,files/twpho-camp/2021/TwPhOCamp_2021_Q1__a8609be8e33433d2.pdf,a8609be8e33433d2c729e29e112ce783a1851e48378557b2b2685e401adfd271,756336,6,hardlink,a8609be8e33433d2c729e29e112ce783a1851e48378557b2b2685e401adfd271,acquisition,
292,originals/ipho/2012/IPhO_2012_S4__96b24162fbfcc99e.pdf,files/ipho/2012/IPhO_2012_S4__96b24162fbfcc99e.pdf,96b24162fbfcc99ebab29d535931283f0aea56c0b3b4b79e6e60c4595a91c298,115789,2,hardlink,96b24162fbfcc99ebab29d535931283f0aea56c0b3b4b79e6e60c4595a91c298,acquisition,
2920,originals/twpho-camp/2021/TwPhOCamp_2021_Q2__63727366662daaeb.pdf,files/twpho-camp/2021/TwPhOCamp_2021_Q2__63727366662daaeb.pdf,63727366662daaeb9cab0222f3cf9705fb7bd488cfc1712348adeeb5980c82da,811825,8,hardlink,63727366662daaeb9cab0222f3cf9705fb7bd488cfc1712348adeeb5980c82da,acquisition,
2921,originals/twpho-camp/2021/TwPhOCamp_2021_Q3__375546d12b37a9dd.pdf,files/twpho-camp/2021/TwPhOCamp_2021_Q3__375546d12b37a9dd.pdf,375546d12b37a9dd5eb6ac5ba3c2893acf03f9581951574789b2d7dd909e923f,861746,7,hardlink,375546d12b37a9dd5eb6ac5ba3c2893acf03f9581951574789b2d7dd909e923f,acquisition,
2922,originals/twpho-camp/2020/TwPhOCamp_2020_Q2__737710f6b84cc75f.pdf,files/twpho-camp/2020/TwPhOCamp_2020_Q2__737710f6b84cc75f.pdf,737710f6b84cc75fdc21d0907b207afc5a8aedfac2f21cf2401ac6bfd2d0a66c,1173404,10,hardlink,737710f6b84cc75fdc21d0907b207afc5a8aedfac2f21cf2401ac6bfd2d0a66c,acquisition,
2923,originals/twpho-camp/2020/TwPhOCamp_2020_Q3__e087b16b661a2c8f.pdf,files/twpho-camp/2020/TwPhOCamp_2020_Q3__e087b16b661a2c8f.pdf,e087b16b661a2c8ff0a096cc9b8611f02a5bdfad39fb0d220e21e9e5cd953744,1039681,7,hardlink,e087b16b661a2c8ff0a096cc9b8611f02a5bdfad39fb0d220e21e9e5cd953744,acquisition,
2924,originals/twpho-camp/2020/TwPhOCamp_2020_Q1__c5d6c3a1aec8cdc3.pdf,files/twpho-camp/2020/TwPhOCamp_2020_Q1__c5d6c3a1aec8cdc3.pdf,c5d6c3a1aec8cdc368174e4858159839f91ab55da56d3e1b89535113b54780ba,822194,7,hardlink,c5d6c3a1aec8cdc368174e4858159839f91ab55da56d3e1b89535113b54780ba,acquisition,
2925,originals/twpho-camp/2019/TwPhOCamp_2019_Q1__27f78500072456cf.pdf,files/twpho-camp/2019/TwPhOCamp_2019_Q1__27f78500072456cf.pdf,27f78500072456cf2f682243fd20538c3408ec10847653be9d71e0f48a4119c0,832659,6,hardlink,27f78500072456cf2f682243fd20538c3408ec10847653be9d71e0f48a4119c0,acquisition,
2926,originals/twpho-camp/2019/TwPhOCamp_2019_Q2__fb993bb2f790aed9.pdf,files/twpho-camp/2019/TwPhOCamp_2019_Q2__fb993bb2f790aed9.pdf,fb993bb2f790aed9e69198169fc0f5dd8bb7b1ee3beb1e1b6608e89feacb7df6,989818,8,hardlink,fb993bb2f790aed9e69198169fc0f5dd8bb7b1ee3beb1e1b6608e89feacb7df6,acquisition,
2927,originals/twpho-camp/2018/TwPhOCamp_2018_Q2__197b1b824f83123a.pdf,files/twpho-camp/2018/TwPhOCamp_2018_Q2__197b1b824f83123a.pdf,197b1b824f83123a82e65292d69bfce48f3d3fc5147eeb63338ae79c581fa8d3,912655,7,hardlink,197b1b824f83123a82e65292d69bfce48f3d3fc5147eeb63338ae79c581fa8d3,acquisition,
2928,originals/twpho-camp/2019/TwPhOCamp_2019_Q3__96ca2a9986a6e59f.pdf,files/twpho-camp/2019/TwPhOCamp_2019_Q3__96ca2a9986a6e59f.pdf,96ca2a9986a6e59fb3372ad195e3cca826c7722988cf3350b32ccb17d3587aee,1162187,8,hardlink,96ca2a9986a6e59fb3372ad195e3cca826c7722988cf3350b32ccb17d3587aee,acquisition,
2929,originals/twpho-camp/2018/TwPhOCamp_2018_Q3__bfbb6279e25a6ba6.pdf,files/twpho-camp/2018/TwPhOCamp_2018_Q3__bfbb6279e25a6ba6.pdf,bfbb6279e25a6ba61bfff42c36913839143532a64996b1c253d7ed91b6ba5f98,788858,5,hardlink,bfbb6279e25a6ba61bfff42c36913839143532a64996b1c253d7ed91b6ba5f98,acquisition,
293,originals/ipho/2012/IPhO_2012_Q5__33a4af915f778563.pdf,files/ipho/2012/IPhO_2012_Q5__33a4af915f778563.pdf,33a4af915f778563aa19211d6922211a23a165786e400f7334d8d91489064015,429512,2,hardlink,33a4af915f778563aa19211d6922211a23a165786e400f7334d8d91489064015,acquisition,
2930,originals/twpho-camp/2018/TwPhOCamp_2018_Q1__b94d322b4ad07f49.pdf,files/twpho-camp/2018/TwPhOCamp_2018_Q1__b94d322b4ad07f49.pdf,b94d322b4ad07f49c991cce010d08e865e74367e44fa5b88520c3b9b514fb3dc,863275,6,hardlink,b94d322b4ad07f49c991cce010d08e865e74367e44fa5b88520c3b9b514fb3dc,acquisition,
2931,originals/twpho-camp/2017/TwPhOCamp_2017_Q1__04e8cc90356dbaad.pdf,files/twpho-camp/2017/TwPhOCamp_2017_Q1__04e8cc90356dbaad.pdf,04e8cc90356dbaad1aa9406a8ddf67b76a358695697297b9d07e1a57135898a1,877738,7,hardlink,04e8cc90356dbaad1aa9406a8ddf67b76a358695697297b9d07e1a57135898a1,acquisition,
2932,originals/twpho-camp/2017/TwPhOCamp_2017_Q3__ca747c95de593911.pdf,files/twpho-camp/2017/TwPhOCamp_2017_Q3__ca747c95de593911.pdf,ca747c95de5939119f8afc50e8dc2b9b34df2d7e5bdeffd9840ae5eadbacfed1,535820,4,hardlink,ca747c95de5939119f8afc50e8dc2b9b34df2d7e5bdeffd9840ae5eadbacfed1,acquisition,
2933,originals/twpho-camp/2017/TwPhOCamp_2017_Q2__cf284869fd80f953.pdf,files/twpho-camp/2017/TwPhOCamp_2017_Q2__cf284869fd80f953.pdf,cf284869fd80f953e0a43d82f98b65fbb3a1ac7f1ce2c1bc5cf76bc400dfcdd4,732843,7,hardlink,cf284869fd80f953e0a43d82f98b65fbb3a1ac7f1ce2c1bc5cf76bc400dfcdd4,acquisition,
2934,originals/spho/2024/SPhO_2024_Q1__b4192d180f926d85.pdf,files/spho/2024/SPhO_2024_Q1__b4192d180f926d85.pdf,b4192d180f926d85a5714ee3cb477a9f147014179e864fd505418b571716fdec,424454,28,hardlink,b4192d180f926d85a5714ee3cb477a9f147014179e864fd505418b571716fdec,acquisition,
2935,originals/spho/2023/SPhO_2023_Q1__c2fc1f4246a844f7.pdf,files/spho/2023/SPhO_2023_Q1__c2fc1f4246a844f7.pdf,c2fc1f4246a844f7a16baf351d7c3c705f0e03c0835fdaedb26b50c339997470,307627,14,hardlink,c2fc1f4246a844f7a16baf351d7c3c705f0e03c0835fdaedb26b50c339997470,acquisition,
2936,originals/spho/2025/SPhO_2025_S1__cc3e51392613cd4c.pdf,files/spho/2025/SPhO_2025_S1__cc3e51392613cd4c.pdf,cc3e51392613cd4c4d0eecef1e71f52fbd3f0fc5eb4d32ef9697bccee34ddd72,18078388,19,hardlink,cc3e51392613cd4c4d0eecef1e71f52fbd3f0fc5eb4d32ef9697bccee34ddd72,acquisition,
2937,originals/spho/2023/SPhO_2023_Q2__c71f4336b207fd9e.pdf,files/spho/2023/SPhO_2023_Q2__c71f4336b207fd9e.pdf,c71f4336b207fd9e6e5ab3455ba7aa986c72d14753eac5959a25962cb329dac7,288806,12,hardlink,c71f4336b207fd9e6e5ab3455ba7aa986c72d14753eac5959a25962cb329dac7,acquisition,
2938,originals/spho/2022/SPhO_2022_Q1__8ae7fe7dee041f63.pdf,files/spho/2022/SPhO_2022_Q1__8ae7fe7dee041f63.pdf,8ae7fe7dee041f639d13e07239e3e76a2d6029b3820b3937bd91c25b5bb815f1,414431,7,hardlink,8ae7fe7dee041f639d13e07239e3e76a2d6029b3820b3937bd91c25b5bb815f1,acquisition,
2939,originals/spho/2025/SPhO_2025_Q1__48cda64373c392fa.pdf,files/spho/2025/SPhO_2025_Q1__48cda64373c392fa.pdf,48cda64373c392faafab22a5e9a1aaef39736c6c9d1ff7eab1b0bc3815b2b32f,16438257,7,hardlink,48cda64373c392faafab22a5e9a1aaef39736c6c9d1ff7eab1b0bc3815b2b32f,acquisition,
294,originals/ipho/2011/IPhO_2011_Q1__356ee3ec4a4f3ea2.pdf,files/ipho/2011/IPhO_2011_Q1__356ee3ec4a4f3ea2.pdf,356ee3ec4a4f3ea200393a2b814b7bbdcdfc4bbd831cf99055cb1db093d0aaae,240691,3,hardlink,356ee3ec4a4f3ea200393a2b814b7bbdcdfc4bbd831cf99055cb1db093d0aaae,acquisition,
2940,originals/spho/2022/SPhO_2022_Q2__a1e6b6ebed389442.pdf,files/spho/2022/SPhO_2022_Q2__a1e6b6ebed389442.pdf,a1e6b6ebed389442c2e3dc890f236758efa4d1aecec6ebdf691a2bd2d4db8fac,620027,8,hardlink,a1e6b6ebed389442c2e3dc890f236758efa4d1aecec6ebdf691a2bd2d4db8fac,acquisition,
2941,originals/spho/2021/SPhO_2021_Q1__a6dbad8d576f1c3b.pdf,files/spho/2021/SPhO_2021_Q1__a6dbad8d576f1c3b.pdf,a6dbad8d576f1c3b078fd450eb1670d71a74148390cd33d745424e7913bfc403,344979,27,hardlink,a6dbad8d576f1c3b078fd450eb1670d71a74148390cd33d745424e7913bfc403,acquisition,
2942,originals/spho/2020/SPhO_2020_Q1__0842629edd880935.pdf,files/spho/2020/SPhO_2020_Q1__0842629edd880935.pdf,0842629edd880935d93e74926729bac7599b1f8f29b691508bfe9411ba9e06d4,206788,19,hardlink,0842629edd880935d93e74926729bac7599b1f8f29b691508bfe9411ba9e06d4,acquisition,
2943,originals/spho/2019/SPhO_2019_Q1__f9d34bf904dcc19b.pdf,files/spho/2019/SPhO_2019_Q1__f9d34bf904dcc19b.pdf,f9d34bf904dcc19bae8fe79bf76c68a91f2c9eb812a9ad9ea199f4b9821b4af9,304688,11,hardlink,f9d34bf904dcc19bae8fe79bf76c68a91f2c9eb812a9ad9ea199f4b9821b4af9,acquisition,
2944,originals/spho/2019/SPhO_2019_Q2__c404c220d24feaaa.pdf,files/spho/2019/SPhO_2019_Q2__c404c220d24feaaa.pdf,c404c220d24feaaa44a869a32cfdf4abd675900e69f0ea9ab5122026f782c9c3,412768,15,hardlink,c404c220d24feaaa44a869a32cfdf4abd675900e69f0ea9ab5122026f782c9c3,acquisition,
2945,originals/spho/2018/SPhO_2018_Q1__c031a4aa166ad254.pdf,files/spho/2018/SPhO_2018_Q1__c031a4aa166ad254.pdf,c031a4aa166ad2543a1dfd2aece83148529f3431179efc43efa3056516626095,286217,9,hardlink,c031a4aa166ad2543a1dfd2aece83148529f3431179efc43efa3056516626095,acquisition,
2946,originals/spho/2017/SPhO_2017_Q1__af9f4952ac8cc647.pdf,files/spho/2017/SPhO_2017_Q1__af9f4952ac8cc647.pdf,af9f4952ac8cc64715a4d175cc510d546d824afba4ec9b0699ce462878e18818,315002,12,hardlink,af9f4952ac8cc64715a4d175cc510d546d824afba4ec9b0699ce462878e18818,acquisition,
2947,originals/spho/2018/SPhO_2018_Q2__87edbdf76415fef5.pdf,files/spho/2018/SPhO_2018_Q2__87edbdf76415fef5.pdf,87edbdf76415fef544f303cf25f59655ff1d996704d5827c71de7b3538e7498d,422417,17,hardlink,87edbdf76415fef544f303cf25f59655ff1d996704d5827c71de7b3538e7498d,acquisition,
2948,originals/spho/2014/SPhO_2014_Q1__029b38048289c4c6.pdf,files/spho/2014/SPhO_2014_Q1__029b38048289c4c6.pdf,029b38048289c4c6a08597e35ab510e06f577f7292f7027f74e67d2fc0ba250e,165631,8,hardlink,029b38048289c4c6a08597e35ab510e06f577f7292f7027f74e67d2fc0ba250e,acquisition,
2949,originals/spho/2016/SPhO_2016_Q1__d584f6f779c81cd8.pdf,files/spho/2016/SPhO_2016_Q1__d584f6f779c81cd8.pdf,d584f6f779c81cd894cc1f943f6e2fb6d1f9304ac1a3ab4d22ae43b2522af99b,507113,11,hardlink,d584f6f779c81cd894cc1f943f6e2fb6d1f9304ac1a3ab4d22ae43b2522af99b,acquisition,
295,originals/ipho/2011/IPhO_2011_S1__06f6156471f82b40.pdf,files/ipho/2011/IPhO_2011_S1__06f6156471f82b40.pdf,06f6156471f82b403cf10adf6cbf8479d062cbf922c2762239013d212a152e26,267235,7,hardlink,06f6156471f82b403cf10adf6cbf8479d062cbf922c2762239013d212a152e26,acquisition,
2950,originals/spho/2017/SPhO_2017_Q2__d25b778e9b92642a.pdf,files/spho/2017/SPhO_2017_Q2__d25b778e9b92642a.pdf,d25b778e9b92642a1a23651709302c1e5a531470b42db16fcfa2e49dddd434c0,1173966,16,hardlink,d25b778e9b92642a1a23651709302c1e5a531470b42db16fcfa2e49dddd434c0,acquisition,
2951,originals/spho/2013/SPhO_2013_Q1__5207f639dd129efe.pdf,files/spho/2013/SPhO_2013_Q1__5207f639dd129efe.pdf,5207f639dd129efe7d8154348fa16c244e158389712edd06902898b23cf6ea2d,173816,6,hardlink,5207f639dd129efe7d8154348fa16c244e158389712edd06902898b23cf6ea2d,acquisition,
2952,originals/spho/2011/SPhO_2011_Q1__aef53bc89bff7e1e.pdf,files/spho/2011/SPhO_2011_Q1__aef53bc89bff7e1e.pdf,aef53bc89bff7e1ee965c61dd67278f786e49c95b9e71440dfe362ac9afddbba,1421116,6,hardlink,aef53bc89bff7e1ee965c61dd67278f786e49c95b9e71440dfe362ac9afddbba,acquisition,
2953,originals/spho/2012/SPhO_2012_Q1__68a927f32a6a8f22.pdf,files/spho/2012/SPhO_2012_Q1__68a927f32a6a8f22.pdf,68a927f32a6a8f221044c6a518eaeafbfbe1027d1322f1d970d6db0894774ff6,2290569,5,hardlink,68a927f32a6a8f221044c6a518eaeafbfbe1027d1322f1d970d6db0894774ff6,acquisition,
2954,originals/spho/2007/SPhO_2007_Q1__bd52ca10f1032ce4.pdf,files/spho/2007/SPhO_2007_Q1__bd52ca10f1032ce4.pdf,bd52ca10f1032ce4a41192b8c7665985b2027735e3a9d87b39f3590fb4c25ec0,1021159,11,hardlink,bd52ca10f1032ce4a41192b8c7665985b2027735e3a9d87b39f3590fb4c25ec0,acquisition,
2955,originals/spho/2006/SPhO_2006_Q1__72ed95c932cbb390.pdf,files/spho/2006/SPhO_2006_Q1__72ed95c932cbb390.pdf,72ed95c932cbb390df2e20984d9f6e0830108c660e60568e7b9bc9cad11766af,63233,6,hardlink,72ed95c932cbb390df2e20984d9f6e0830108c660e60568e7b9bc9cad11766af,acquisition,
2956,originals/spho/2009/SPhO_2009_Q1__7fbc3961e6a8b163.pdf,files/spho/2009/SPhO_2009_Q1__7fbc3961e6a8b163.pdf,7fbc3961e6a8b163cbedaa9fb87744627ff94bc408c964b600f9a53c029c8c01,1473722,5,hardlink,7fbc3961e6a8b163cbedaa9fb87744627ff94bc408c964b600f9a53c029c8c01,acquisition,
2957,originals/spho/2005/SPhO_2005_Q1__b01dd2f84cee1e40.pdf,files/spho/2005/SPhO_2005_Q1__b01dd2f84cee1e40.pdf,b01dd2f84cee1e408c21886e5bf45a2a6a58380f0387f3a810fca525f975290a,51601,4,hardlink,b01dd2f84cee1e408c21886e5bf45a2a6a58380f0387f3a810fca525f975290a,acquisition,
2958,originals/spho/2004/SPhO_2004_Q1__f5d0d7eb73d23776.pdf,files/spho/2004/SPhO_2004_Q1__f5d0d7eb73d23776.pdf,f5d0d7eb73d2377606fc3f2e1fa614424e8518de0c4417470bcd2a5fc568dfcf,54305,4,hardlink,f5d0d7eb73d2377606fc3f2e1fa614424e8518de0c4417470bcd2a5fc568dfcf,acquisition,
2959,originals/spho/2003/SPhO_2003_Q1__fbfc5c1caf4bea7f.pdf,files/spho/2003/SPhO_2003_Q1__fbfc5c1caf4bea7f.pdf,fbfc5c1caf4bea7fb4ac05134a7e0e5c690ad53ef9db7f62013f0ffd2fbd37fd,427339,4,hardlink,fbfc5c1caf4bea7fb4ac05134a7e0e5c690ad53ef9db7f62013f0ffd2fbd37fd,acquisition,
296,originals/ipho/2012/IPhO_2012_S5__37d43a2fb958b705.pdf,files/ipho/2012/IPhO_2012_S5__37d43a2fb958b705.pdf,37d43a2fb958b70585e875ec1dde42e31fc68bdeb236e2dd1e383d8dfc87b3c4,240923,2,hardlink,37d43a2fb958b70585e875ec1dde42e31fc68bdeb236e2dd1e383d8dfc87b3c4,acquisition,
2960,originals/spho/2002/SPhO_2002_Q1__1387149ebf3dc6f1.pdf,files/spho/2002/SPhO_2002_Q1__1387149ebf3dc6f1.pdf,1387149ebf3dc6f1176547b9afd7867ae395157df835606880fcdf311b1fc781,304359,4,hardlink,1387149ebf3dc6f1176547b9afd7867ae395157df835606880fcdf311b1fc781,acquisition,
2962,originals/spho-tst/2026/SPhOTST_2026_S1__80c9ea1dbd6978b4.pdf,files/spho-tst/2026/SPhOTST_2026_S1__80c9ea1dbd6978b4.pdf,80c9ea1dbd6978b4513a78ae1d066a6241c64c12d0a6395a9d76197301d6aab2,1328045,38,hardlink,80c9ea1dbd6978b4513a78ae1d066a6241c64c12d0a6395a9d76197301d6aab2,acquisition,
2963,originals/spho-tst/2026/SPhOTST_2026_Q1__a1139aeb895c26f2.pdf,files/spho-tst/2026/SPhOTST_2026_Q1__a1139aeb895c26f2.pdf,a1139aeb895c26f2562d26ecc5b635a86ffd3b087f803176d83f20e5c45ad28a,1215116,14,hardlink,a1139aeb895c26f2562d26ecc5b635a86ffd3b087f803176d83f20e5c45ad28a,acquisition,
2964,originals/spho-tst/2025/SPhOTST_2025_Q1__7d6864fa548f5bbc.pdf,files/spho-tst/2025/SPhOTST_2025_Q1__7d6864fa548f5bbc.pdf,7d6864fa548f5bbc65473084e190916235808d84cd4edc32298b5ad7969cf2a9,1168306,13,hardlink,7d6864fa548f5bbc65473084e190916235808d84cd4edc32298b5ad7969cf2a9,acquisition,
2965,originals/spho-tst/2024/SPhOTST_2024_Q1__1f2ee4c7c7632a3a.pdf,files/spho-tst/2024/SPhOTST_2024_Q1__1f2ee4c7c7632a3a.pdf,1f2ee4c7c7632a3a9d8be6bbacf5441edc2e873667fe99b3fe4a70c90bf5edba,581631,11,hardlink,1f2ee4c7c7632a3a9d8be6bbacf5441edc2e873667fe99b3fe4a70c90bf5edba,acquisition,
2966,originals/spho-tst/2025/SPhOTST_2025_S1__bc208708c3e97b1c.pdf,files/spho-tst/2025/SPhOTST_2025_S1__bc208708c3e97b1c.pdf,bc208708c3e97b1c1147f8aa8f217031a785c92cfebc032b9bbee9bdde81f354,1353961,34,hardlink,bc208708c3e97b1c1147f8aa8f217031a785c92cfebc032b9bbee9bdde81f354,acquisition,
2968,originals/spho-tst/2024/SPhOTST_2024_S1__b3919228b6eb5c12.pdf,files/spho-tst/2024/SPhOTST_2024_S1__b3919228b6eb5c12.pdf,b3919228b6eb5c12d2d02af0687369b10cf611c20de9cacde2d91a3fa838b418,872023,34,hardlink,b3919228b6eb5c12d2d02af0687369b10cf611c20de9cacde2d91a3fa838b418,acquisition,
2969,originals/spho-tst/2023/SPhOTST_2023_Q1__8cac9f33d2bfce5a.pdf,files/spho-tst/2023/SPhOTST_2023_Q1__8cac9f33d2bfce5a.pdf,8cac9f33d2bfce5a1cada058ad4c3ca4a035ec4b6419e2c3fc36dbe12d3f88b3,614676,9,hardlink,8cac9f33d2bfce5a1cada058ad4c3ca4a035ec4b6419e2c3fc36dbe12d3f88b3,acquisition,
297,originals/ipho/2011/IPhO_2011_Q2__8b71dc45da02c002.pdf,files/ipho/2011/IPhO_2011_Q2__8b71dc45da02c002.pdf,8b71dc45da02c0022e091225e851b8bea9e8256e75182f7d2fd3ffe393cbdab4,147020,2,hardlink,8b71dc45da02c0022e091225e851b8bea9e8256e75182f7d2fd3ffe393cbdab4,acquisition,
2970,originals/spho-tst/2023/SPhOTST_2023_S1__cb49506f9347836b.pdf,files/spho-tst/2023/SPhOTST_2023_S1__cb49506f9347836b.pdf,cb49506f9347836baf7e7df6db9762b1477f7aa7254c4c00af69a5094dd32ffd,689305,22,hardlink,cb49506f9347836baf7e7df6db9762b1477f7aa7254c4c00af69a5094dd32ffd,acquisition,
2971,originals/spho-tst/2022/SPhOTST_2022_Q1__f6d3fd107d3d1747.pdf,files/spho-tst/2022/SPhOTST_2022_Q1__f6d3fd107d3d1747.pdf,f6d3fd107d3d174757b877acf770eff45b621b5d99b628bda2e3fc4281aa6cf4,485861,11,hardlink,f6d3fd107d3d174757b877acf770eff45b621b5d99b628bda2e3fc4281aa6cf4,acquisition,
2972,originals/spho-tst/2022/SPhOTST_2022_S1__f27e2d2a7af1ec65.pdf,files/spho-tst/2022/SPhOTST_2022_S1__f27e2d2a7af1ec65.pdf,f27e2d2a7af1ec6544ed5c736e787ac5e71549c2aa4e3289010f80acd9cd356d,530826,15,hardlink,f27e2d2a7af1ec6544ed5c736e787ac5e71549c2aa4e3289010f80acd9cd356d,acquisition,
2973,originals/spho-tst/2019/SPhOTST_2019_S1__04f4bbb0a40b9683.pdf,files/spho-tst/2019/SPhOTST_2019_S1__04f4bbb0a40b9683.pdf,04f4bbb0a40b9683ddd84c6ef5f0c2ed3be8121a70aff1afdb73bca8423b82f6,151701,5,hardlink,04f4bbb0a40b9683ddd84c6ef5f0c2ed3be8121a70aff1afdb73bca8423b82f6,acquisition,
2974,originals/spho-tst/2019/SPhOTST_2019_Q1__655882ebdad5d7dd.pdf,files/spho-tst/2019/SPhOTST_2019_Q1__655882ebdad5d7dd.pdf,655882ebdad5d7dd9df0f40fb25118a4683dbf53b296312cd6266eee7989c676,891451,8,hardlink,655882ebdad5d7dd9df0f40fb25118a4683dbf53b296312cd6266eee7989c676,acquisition,
2975,originals/spho-tst/2018/SPhOTST_2018_Q1__917025cbedc47020.pdf,files/spho-tst/2018/SPhOTST_2018_Q1__917025cbedc47020.pdf,917025cbedc470201e77a28da187837d6ef883e1b83cabe3bc39eb84a73b2c3c,1787810,10,hardlink,917025cbedc470201e77a28da187837d6ef883e1b83cabe3bc39eb84a73b2c3c,acquisition,
2976,originals/spho-tst/2020/SPhOTST_2020_Q1__113d9027a5af7dff.pdf,files/spho-tst/2020/SPhOTST_2020_Q1__113d9027a5af7dff.pdf,113d9027a5af7dffac8b640f872a7b932a96ab966224ed67d87c0bc472161332,13280702,11,hardlink,113d9027a5af7dffac8b640f872a7b932a96ab966224ed67d87c0bc472161332,acquisition,
2977,originals/spho-tst/2018/SPhOTST_2018_S1__4f18eb4147bad18c.pdf,files/spho-tst/2018/SPhOTST_2018_S1__4f18eb4147bad18c.pdf,4f18eb4147bad18c2b44574f2c06fb48c57ff0d921bab9e15a1bc73efc1d71e5,1225523,6,hardlink,4f18eb4147bad18c2b44574f2c06fb48c57ff0d921bab9e15a1bc73efc1d71e5,acquisition,
2978,originals/spho-tst/2017/SPhOTST_2017_Q1__d9677645a754dcf0.pdf,files/spho-tst/2017/SPhOTST_2017_Q1__d9677645a754dcf0.pdf,d9677645a754dcf047daa82640b843aff2848fcabf9242d336f73047a9af05e4,1081077,11,hardlink,d9677645a754dcf047daa82640b843aff2848fcabf9242d336f73047a9af05e4,acquisition,
2979,originals/spho-tst/2017/SPhOTST_2017_S1__e7bff42333833edc.pdf,files/spho-tst/2017/SPhOTST_2017_S1__e7bff42333833edc.pdf,e7bff42333833edce55250add38aae59fdd6a02e030763aa619ee7321f9644c5,139708,6,hardlink,e7bff42333833edce55250add38aae59fdd6a02e030763aa619ee7321f9644c5,acquisition,
298,originals/ipho/2011/IPhO_2011_A1__670f4330154a6525.pdf,files/ipho/2011/IPhO_2011_A1__670f4330154a6525.pdf,670f4330154a6525d21ef667759324a1d7a69603e58fb8cdc9ba035d6004a327,30418,1,hardlink,670f4330154a6525d21ef667759324a1d7a69603e58fb8cdc9ba035d6004a327,acquisition,
2980,originals/sjpo/2026/SJPO_2026_Q1__d086c64af4c00eac.pdf,files/sjpo/2026/SJPO_2026_Q1__d086c64af4c00eac.pdf,d086c64af4c00eaca32cb58381bfed3c3b3f7b3860dd2ebaff070ab67bae3643,253689,35,hardlink,d086c64af4c00eaca32cb58381bfed3c3b3f7b3860dd2ebaff070ab67bae3643,acquisition,
2981,originals/sjpo/2026/SJPO_2026_S1__8441312423d0aa89.pdf,files/sjpo/2026/SJPO_2026_S1__8441312423d0aa89.pdf,8441312423d0aa8937c51eab7a6578eacd365b7ae4ac8b8428a5176a6f885bb4,292704,14,hardlink,8441312423d0aa8937c51eab7a6578eacd365b7ae4ac8b8428a5176a6f885bb4,acquisition,
2982,originals/sjpo/2025/SJPO_2025_Q1__e9e3a200664db03d.pdf,files/sjpo/2025/SJPO_2025_Q1__e9e3a200664db03d.pdf,e9e3a200664db03dde740bc9ff90ffefc380873bc052d9999ef1581064db7599,1160825,28,hardlink,e9e3a200664db03dde740bc9ff90ffefc380873bc052d9999ef1581064db7599,acquisition,
2983,originals/sjpo/2024/SJPO_2024_Q1__676d3940bfaf3e22.pdf,files/sjpo/2024/SJPO_2024_Q1__676d3940bfaf3e22.pdf,676d3940bfaf3e22f6947464be7d34336b4cd43ecaed0950daa6477de125a6be,236968,21,hardlink,676d3940bfaf3e22f6947464be7d34336b4cd43ecaed0950daa6477de125a6be,acquisition,
2984,originals/sjpo/2024/SJPO_2024_S1__2050ae1c8c27405c.pdf,files/sjpo/2024/SJPO_2024_S1__2050ae1c8c27405c.pdf,2050ae1c8c27405cfa65f12f1018d82e028efbc19d567e16a0e8282d69f27ec8,176015,5,hardlink,2050ae1c8c27405cfa65f12f1018d82e028efbc19d567e16a0e8282d69f27ec8,acquisition,
2985,originals/sjpo/2022/SJPO_2022_Q1__4bca5bdc2d5766ae.pdf,files/sjpo/2022/SJPO_2022_Q1__4bca5bdc2d5766ae.pdf,4bca5bdc2d5766ae42d0b13fc0ec5d80610f3354630f68c8348a8615f75e7d74,462287,20,hardlink,4bca5bdc2d5766ae42d0b13fc0ec5d80610f3354630f68c8348a8615f75e7d74,acquisition,
2986,originals/sjpo/2023/SJPO_2023_Q1__aba8e8ab3fec5437.pdf,files/sjpo/2023/SJPO_2023_Q1__aba8e8ab3fec5437.pdf,aba8e8ab3fec5437ab5a2831776aab78b07d4ceef46a56a34f9a26afd487fce8,3234446,32,hardlink,aba8e8ab3fec5437ab5a2831776aab78b07d4ceef46a56a34f9a26afd487fce8,acquisition,
2987,originals/sjpo/2022/SJPO_2022_S1__a0ce0a67f3de189c.pdf,files/sjpo/2022/SJPO_2022_S1__a0ce0a67f3de189c.pdf,a0ce0a67f3de189c798ffd914516a4fc90bdb120d1044317306211b226120b25,166155,5,hardlink,a0ce0a67f3de189c798ffd914516a4fc90bdb120d1044317306211b226120b25,acquisition,
2988,originals/sjpo/2019/SJPO_2019_Q1__8489ee7b92e35453.pdf,files/sjpo/2019/SJPO_2019_Q1__8489ee7b92e35453.pdf,8489ee7b92e35453a2791c4ad98354b92cf344fdaeb027c91c1c2ecfe8ca0d2a,564388,16,hardlink,8489ee7b92e35453a2791c4ad98354b92cf344fdaeb027c91c1c2ecfe8ca0d2a,acquisition,
2989,originals/sjpo/2018/SJPO_2018_S1__e605071fc52bf760.pdf,files/sjpo/2018/SJPO_2018_S1__e605071fc52bf760.pdf,e605071fc52bf760ccae39e7f7f55fb22364896b231ef081f68e0d6af2fa9fe8,585703,18,hardlink,e605071fc52bf760ccae39e7f7f55fb22364896b231ef081f68e0d6af2fa9fe8,acquisition,
299,originals/ipho/2011/IPhO_2011_S2__1ca4bc8deef5a9f5.pdf,files/ipho/2011/IPhO_2011_S2__1ca4bc8deef5a9f5.pdf,1ca4bc8deef5a9f5a5a60ccee08a759eebe78723c8a1fe51686dc2c8bdd8fd00,228534,7,hardlink,1ca4bc8deef5a9f5a5a60ccee08a759eebe78723c8a1fe51686dc2c8bdd8fd00,acquisition,
2991,originals/sjpo/2018/SJPO_2018_Q1__4e91d771b5c7bf4a.pdf,files/sjpo/2018/SJPO_2018_Q1__4e91d771b5c7bf4a.pdf,4e91d771b5c7bf4a688a3424681163644024ae4a67399e0bf0340aae2335e90a,788384,14,hardlink,4e91d771b5c7bf4a688a3424681163644024ae4a67399e0bf0340aae2335e90a,acquisition,
2992,originals/sjpo/2017/SJPO_2017_Q1__37f7e7a18d3b91a3.pdf,files/sjpo/2017/SJPO_2017_Q1__37f7e7a18d3b91a3.pdf,37f7e7a18d3b91a3df2ba6c7e4020af07a913067f2b2e6e2cedb1b4a94806ebf,841163,12,hardlink,37f7e7a18d3b91a3df2ba6c7e4020af07a913067f2b2e6e2cedb1b4a94806ebf,acquisition,
2993,originals/sjpo/2017/SJPO_2017_S1__8595c2cddef08fe5.pdf,files/sjpo/2017/SJPO_2017_S1__8595c2cddef08fe5.pdf,8595c2cddef08fe52cd7d9c19484e35df9d9c33ada19f3bc265b3a028c660338,233149,16,hardlink,8595c2cddef08fe52cd7d9c19484e35df9d9c33ada19f3bc265b3a028c660338,acquisition,
2994,originals/sjpo/2016/SJPO_2016_Q1__da946b6d76b4985a.pdf,files/sjpo/2016/SJPO_2016_Q1__da946b6d76b4985a.pdf,da946b6d76b4985a852c2f0079a04c50416a16e4a998fa494d07b25f86855115,416549,24,hardlink,da946b6d76b4985a852c2f0079a04c50416a16e4a998fa494d07b25f86855115,acquisition,
2995,originals/sjpo/2016/SJPO_2016_S1__c1112095abbb7609.pdf,files/sjpo/2016/SJPO_2016_S1__c1112095abbb7609.pdf,c1112095abbb7609a477020f0dcf2e90e7395b44cef2797d00e8fc4cbe719da9,1189403,50,hardlink,c1112095abbb7609a477020f0dcf2e90e7395b44cef2797d00e8fc4cbe719da9,acquisition,
2996,originals/sjpo/2015/SJPO_2015_S1__b785a94f1245fec9.pdf,files/sjpo/2015/SJPO_2015_S1__b785a94f1245fec9.pdf,b785a94f1245fec900bb5349dee7d4d8d2814e3ebdff45d197370a3975817a2c,39408,1,hardlink,b785a94f1245fec900bb5349dee7d4d8d2814e3ebdff45d197370a3975817a2c,acquisition,
2997,originals/sjpo/2014/SJPO_2014_Q1__7ce52e488baa6cb7.pdf,files/sjpo/2014/SJPO_2014_Q1__7ce52e488baa6cb7.pdf,7ce52e488baa6cb70fcee24bb2caf64e43b72c97bce4ad01627d6a88865241af,661308,20,hardlink,7ce52e488baa6cb70fcee24bb2caf64e43b72c97bce4ad01627d6a88865241af,acquisition,
2998,originals/sjpo/2015/SJPO_2015_Q1__9c8ad5196a91ffd3.pdf,files/sjpo/2015/SJPO_2015_Q1__9c8ad5196a91ffd3.pdf,9c8ad5196a91ffd30408081c5bb9d5223f5cf2b7a1a7b5d41d50cb9f8dcf680f,653575,23,hardlink,9c8ad5196a91ffd30408081c5bb9d5223f5cf2b7a1a7b5d41d50cb9f8dcf680f,acquisition,
2999,originals/sjpo/2014/SJPO_2014_S1__7039cf87f8cd38f9.pdf,files/sjpo/2014/SJPO_2014_S1__7039cf87f8cd38f9.pdf,7039cf87f8cd38f965a76adcb24d18503ccf4e78d5ee3a9930e608f5acc7d7cc,184251,1,hardlink,7039cf87f8cd38f965a76adcb24d18503ccf4e78d5ee3a9930e608f5acc7d7cc,acquisition,
3,originals/ipho/2026/IPhO_2026_M1__5968ad85134ebc4c.pdf,files/ipho/2026/IPhO_2026_M1__5968ad85134ebc4c.pdf,5968ad85134ebc4c78a68f46c68954c80e885642bb8dee050d04c91998219d77,70607,2,hardlink,5968ad85134ebc4c78a68f46c68954c80e885642bb8dee050d04c91998219d77,acquisition,
30,originals/ipho/2025/IPhO_2025_TheoryInstructions__87ffcbdc9b8603bb.pdf,files/ipho/2025/IPhO_2025_TheoryInstructions__87ffcbdc9b8603bb.pdf,87ffcbdc9b8603bbf77df42884662fca8c391bf5d8da06b2ad8d503fd19bbc03,40659,2,hardlink,87ffcbdc9b8603bbf77df42884662fca8c391bf5d8da06b2ad8d503fd19bbc03,acquisition,
300,originals/ipho/2011/IPhO_2011_Q3__dc3d260bad948313.pdf,files/ipho/2011/IPhO_2011_Q3__dc3d260bad948313.pdf,dc3d260bad9483137a79bc0e2d83a41fa03c410032b5f4205dec8b23258d884a,188085,2,hardlink,dc3d260bad9483137a79bc0e2d83a41fa03c410032b5f4205dec8b23258d884a,acquisition,
3000,originals/sjpo/2013/SJPO_2013_Q1__76d27df5c0e7be73.pdf,files/sjpo/2013/SJPO_2013_Q1__76d27df5c0e7be73.pdf,76d27df5c0e7be73814caed55c2c2b4c478d01bfad005b32533c7f3d95c53c9e,388587,19,hardlink,76d27df5c0e7be73814caed55c2c2b4c478d01bfad005b32533c7f3d95c53c9e,acquisition,
3001,originals/sjpo/2012/SJPO_2012_Q1__13f583f4157c7811.pdf,files/sjpo/2012/SJPO_2012_Q1__13f583f4157c7811.pdf,13f583f4157c7811467acee96230e6d848eaa713f671001a4d924406ee40a17a,425119,19,hardlink,13f583f4157c7811467acee96230e6d848eaa713f671001a4d924406ee40a17a,acquisition,
3002,originals/sjpo/2013/SJPO_2013_S1__cc284d8950aa0341.pdf,files/sjpo/2013/SJPO_2013_S1__cc284d8950aa0341.pdf,cc284d8950aa034124a2efe54f479e920acfe4d0ee9de7b5a58d78e8c69a7f58,190711,1,hardlink,cc284d8950aa034124a2efe54f479e920acfe4d0ee9de7b5a58d78e8c69a7f58,acquisition,
3003,originals/sjpo/2011/SJPO_2011_Q1__6e22d6c865c6dca0.pdf,files/sjpo/2011/SJPO_2011_Q1__6e22d6c865c6dca0.pdf,6e22d6c865c6dca0f6c4c62703cd1684f4e1c5f9855228d46b322c1cd952a1f6,654611,22,hardlink,6e22d6c865c6dca0f6c4c62703cd1684f4e1c5f9855228d46b322c1cd952a1f6,acquisition,
3004,originals/sjpo/2011/SJPO_2011_S1__824a9f9f909d8df4.pdf,files/sjpo/2011/SJPO_2011_S1__824a9f9f909d8df4.pdf,824a9f9f909d8df4ea6159ef042da3adf88c32d6c526f841cef62abb99a5d3bc,182623,1,hardlink,824a9f9f909d8df4ea6159ef042da3adf88c32d6c526f841cef62abb99a5d3bc,acquisition,
3005,originals/sjpo/2012/SJPO_2012_S1__6dd06d83d5e0fd29.pdf,files/sjpo/2012/SJPO_2012_S1__6dd06d83d5e0fd29.pdf,6dd06d83d5e0fd29c0cdcb53636e3e077789c144d2bdde2fab87c61ca219616f,183339,1,hardlink,6dd06d83d5e0fd29c0cdcb53636e3e077789c144d2bdde2fab87c61ca219616f,acquisition,
3006,originals/sjpo/2010/SJPO_2010_S1__22ff68c45f9447d1.pdf,files/sjpo/2010/SJPO_2010_S1__22ff68c45f9447d1.pdf,22ff68c45f9447d15f0616fce2f64c354562084d430b8464c83fc32441abba9e,182497,1,hardlink,22ff68c45f9447d15f0616fce2f64c354562084d430b8464c83fc32441abba9e,acquisition,
3007,originals/sjpo/2010/SJPO_2010_Q1__00e82bfde1b28e03.pdf,files/sjpo/2010/SJPO_2010_Q1__00e82bfde1b28e03.pdf,00e82bfde1b28e036cd6e46f031720d6d1531d70bf836b40d4c27b51ca931bc9,290639,19,hardlink,00e82bfde1b28e036cd6e46f031720d6d1531d70bf836b40d4c27b51ca931bc9,acquisition,
3008,originals/sjpo/2009/SJPO_2009_Q1__8dfdaee6de87e2da.pdf,files/sjpo/2009/SJPO_2009_Q1__8dfdaee6de87e2da.pdf,8dfdaee6de87e2da1af34cd9696530f19b65282c90e8fbf384724c7f4080e877,642566,20,hardlink,8dfdaee6de87e2da1af34cd9696530f19b65282c90e8fbf384724c7f4080e877,acquisition,
3009,originals/sjpo/2008/SJPO_2008_Q1__e03f75b12d2ca0e4.pdf,files/sjpo/2008/SJPO_2008_Q1__e03f75b12d2ca0e4.pdf,e03f75b12d2ca0e43d3b2260e7b27812c4b64a5861e24f62021b76d00426d0a7,474233,19,hardlink,e03f75b12d2ca0e43d3b2260e7b27812c4b64a5861e24f62021b76d00426d0a7,acquisition,
301,originals/ipho/2011/IPhO_2011_A2__531b5c9ee00ffcf4.pdf,files/ipho/2011/IPhO_2011_A2__531b5c9ee00ffcf4.pdf,531b5c9ee00ffcf4342a8709fbf3ec0b23b4aa0d38dcfd86190780113c78cf7e,51281,2,hardlink,531b5c9ee00ffcf4342a8709fbf3ec0b23b4aa0d38dcfd86190780113c78cf7e,acquisition,
3010,originals/sjpo/2008/SJPO_2008_S1__cd4ea8ba9eec2314.pdf,files/sjpo/2008/SJPO_2008_S1__cd4ea8ba9eec2314.pdf,cd4ea8ba9eec2314ff1b48f9796360c42f349953fa8ccd7aabbeb9ab7abea11b,45186,1,hardlink,cd4ea8ba9eec2314ff1b48f9796360c42f349953fa8ccd7aabbeb9ab7abea11b,acquisition,
3011,originals/sjpo/2009/SJPO_2009_S1__3eeffbd1d00c5eb1.pdf,files/sjpo/2009/SJPO_2009_S1__3eeffbd1d00c5eb1.pdf,3eeffbd1d00c5eb17895edfb1bc8b6d42fa4140b9343c950fe55785c99a38544,44755,1,hardlink,3eeffbd1d00c5eb17895edfb1bc8b6d42fa4140b9343c950fe55785c99a38544,acquisition,
3012,originals/kphc/2022/KPhC_2022_Q1__07515560d19b00fa.pdf,files/kphc/2022/KPhC_2022_Q1__07515560d19b00fa.pdf,07515560d19b00fa916a9b846df5c29b635e0937008e84a875b9f3a0008acf55,883321,12,hardlink,07515560d19b00fa916a9b846df5c29b635e0937008e84a875b9f3a0008acf55,acquisition,
3013,originals/kphc/2022/KPhC_2022_Q2__35c3bebb926da2a4.pdf,files/kphc/2022/KPhC_2022_Q2__35c3bebb926da2a4.pdf,35c3bebb926da2a46606595d0da35d0e4c1530b42f472f7bb1113687cf330d16,876475,12,hardlink,35c3bebb926da2a46606595d0da35d0e4c1530b42f472f7bb1113687cf330d16,acquisition,
3014,originals/kphc/2021/KPhC_2021_Q1__4a62fcbbdbbbaad8.pdf,files/kphc/2021/KPhC_2021_Q1__4a62fcbbdbbbaad8.pdf,4a62fcbbdbbbaad88161a5277fab72afdd392e8d078340c947f5ee67fc2bd5a5,1303531,16,hardlink,4a62fcbbdbbbaad88161a5277fab72afdd392e8d078340c947f5ee67fc2bd5a5,acquisition,
3015,originals/kphc/2020/KPhC_2020_Q1__d913f1c915cb08af.pdf,files/kphc/2020/KPhC_2020_Q1__d913f1c915cb08af.pdf,d913f1c915cb08afb44830ba1eeafd8430c22a642be6c148b4a0629302524bf6,1602737,16,hardlink,d913f1c915cb08afb44830ba1eeafd8430c22a642be6c148b4a0629302524bf6,acquisition,
3016,originals/kphc/2019/KPhC_2019_Q1__191160d44983f744.pdf,files/kphc/2019/KPhC_2019_Q1__191160d44983f744.pdf,191160d44983f744fc40eaa4ae5b7ae959db5ce7b52ab993f4f4e85fc4aeafd4,2339647,18,hardlink,191160d44983f744fc40eaa4ae5b7ae959db5ce7b52ab993f4f4e85fc4aeafd4,acquisition,
3017,originals/kphc/2018/KPhC_2018_Q1__4537b37544ee6694.pdf,files/kphc/2018/KPhC_2018_Q1__4537b37544ee6694.pdf,4537b37544ee6694e155327823e1ef8f54a2b7cc7da65e666dfb82614e108da0,1093252,20,hardlink,4537b37544ee6694e155327823e1ef8f54a2b7cc7da65e666dfb82614e108da0,acquisition,
3018,originals/kphc/2016/KPhC_2016_Q1__a8daf1ac31446f7c.pdf,files/kphc/2016/KPhC_2016_Q1__a8daf1ac31446f7c.pdf,a8daf1ac31446f7c9ddc6c877588dfeef2b52b722516b7dd8a6b3f6fe011f77b,2114576,20,hardlink,a8daf1ac31446f7c9ddc6c877588dfeef2b52b722516b7dd8a6b3f6fe011f77b,acquisition,
3019,originals/kphc/2015/KPhC_2015_Q1__a00c78362c3176d7.pdf,files/kphc/2015/KPhC_2015_Q1__a00c78362c3176d7.pdf,a00c78362c3176d7c45bc8e83c1e04be673f44149dc8b3cdf9636778fd0adcbf,1256379,12,hardlink,a00c78362c3176d7c45bc8e83c1e04be673f44149dc8b3cdf9636778fd0adcbf,acquisition,
302,originals/ipho/2011/IPhO_2011_S3__3e8422d5f6381edb.pdf,files/ipho/2011/IPhO_2011_S3__3e8422d5f6381edb.pdf,3e8422d5f6381edb8e9c8c56c60ffd1308565a3f8d44228dbdf256694c296c44,134229,3,hardlink,3e8422d5f6381edb8e9c8c56c60ffd1308565a3f8d44228dbdf256694c296c44,acquisition,
3020,originals/kphc/2015/KPhC_2015_Q2__a0ded318e682ede2.pdf,files/kphc/2015/KPhC_2015_Q2__a0ded318e682ede2.pdf,a0ded318e682ede25b2f75bd7a46e52b7b0fdf115f60ae6bdd8a8d79f5f972d3,1008711,10,hardlink,a0ded318e682ede25b2f75bd7a46e52b7b0fdf115f60ae6bdd8a8d79f5f972d3,acquisition,
3021,originals/kphc/2017/KPhC_2017_Q1__dbd3ff733f3c8363.pdf,files/kphc/2017/KPhC_2017_Q1__dbd3ff733f3c8363.pdf,dbd3ff733f3c8363c32486e986135782c908cde1191b7ef7f2f7d8cdf6355372,2648126,20,hardlink,dbd3ff733f3c8363c32486e986135782c908cde1191b7ef7f2f7d8cdf6355372,acquisition,
3022,originals/aupho/2025/AuPhO_2025_Q1__7633455b86a64c02.pdf,files/aupho/2025/AuPhO_2025_Q1__7633455b86a64c02.pdf,7633455b86a64c02b3034635a45d636ed09cb060d8f04feb5d3f2b1a7593b33c,761385,19,hardlink,7633455b86a64c02b3034635a45d636ed09cb060d8f04feb5d3f2b1a7593b33c,acquisition,
3023,originals/aupho/2025/AuPhO_2025_S1__4a8b18803fac2e7f.pdf,files/aupho/2025/AuPhO_2025_S1__4a8b18803fac2e7f.pdf,4a8b18803fac2e7f12ad9db95735e0875650b3ff0b7f48f409d55908a44c6f7e,983648,19,hardlink,4a8b18803fac2e7f12ad9db95735e0875650b3ff0b7f48f409d55908a44c6f7e,acquisition,
3024,originals/aupho/2024/AuPhO_2024_Q1__4d4c93156573a22f.pdf,files/aupho/2024/AuPhO_2024_Q1__4d4c93156573a22f.pdf,4d4c93156573a22fb6876e25f1a38df5c959da246d8af0560d6be762fb52ff75,739394,13,hardlink,4d4c93156573a22fb6876e25f1a38df5c959da246d8af0560d6be762fb52ff75,acquisition,
3025,originals/aupho/2024/AuPhO_2024_S1__ec41138f0f8242da.pdf,files/aupho/2024/AuPhO_2024_S1__ec41138f0f8242da.pdf,ec41138f0f8242dac953764b70668f21c715423631c4661b27eb0ddfa6cb1138,581349,12,hardlink,ec41138f0f8242dac953764b70668f21c715423631c4661b27eb0ddfa6cb1138,acquisition,
3026,originals/aupho/2023/AuPhO_2023_S1__c82531b7fee6f512.pdf,files/aupho/2023/AuPhO_2023_S1__c82531b7fee6f512.pdf,c82531b7fee6f5121b1837fdef744d27b08b86d4531c05414ab74e2a3e4cfc30,935458,14,hardlink,c82531b7fee6f5121b1837fdef744d27b08b86d4531c05414ab74e2a3e4cfc30,acquisition,
3027,originals/aupho/2022/AuPhO_2022_Q1__13863a631b62a206.pdf,files/aupho/2022/AuPhO_2022_Q1__13863a631b62a206.pdf,13863a631b62a206c9de9c4c666fffe87272df83e4bb8f43c2eee7d5c7daf6d1,1587918,21,hardlink,13863a631b62a206c9de9c4c666fffe87272df83e4bb8f43c2eee7d5c7daf6d1,acquisition,
3028,originals/aupho/2023/AuPhO_2023_Q1__c7fd2897b5ffb2e8.pdf,files/aupho/2023/AuPhO_2023_Q1__c7fd2897b5ffb2e8.pdf,c7fd2897b5ffb2e85217f8afcf916f8e0fe8ec80c2c33c8a58efe3096ea6faa1,2276543,23,hardlink,c7fd2897b5ffb2e85217f8afcf916f8e0fe8ec80c2c33c8a58efe3096ea6faa1,acquisition,
3029,originals/aupho/2022/AuPhO_2022_S1__601c971c9edec03e.pdf,files/aupho/2022/AuPhO_2022_S1__601c971c9edec03e.pdf,601c971c9edec03e328d0f1514c425428eea8536e2ff310e13f061f2a4b65e0f,358225,8,hardlink,601c971c9edec03e328d0f1514c425428eea8536e2ff310e13f061f2a4b65e0f,acquisition,
303,originals/ipho/2011/IPhO_2011_A3__1ad06291c63215af.pdf,files/ipho/2011/IPhO_2011_A3__1ad06291c63215af.pdf,1ad06291c63215af6c0c68bac878ab553e8dc84b6ad8639b274d826861febf58,34568,1,hardlink,1ad06291c63215af6c0c68bac878ab553e8dc84b6ad8639b274d826861febf58,acquisition,
3030,originals/aupho/2021/AuPhO_2021_Q1__4a48339b6ecfbdf0.pdf,files/aupho/2021/AuPhO_2021_Q1__4a48339b6ecfbdf0.pdf,4a48339b6ecfbdf04d5b8b1b431017d83cb4852230af16f41e1f80b19be2d865,1633063,21,hardlink,4a48339b6ecfbdf04d5b8b1b431017d83cb4852230af16f41e1f80b19be2d865,acquisition,
3031,originals/aupho/2020/AuPhO_2020_Q1__ba52359793629df0.pdf,files/aupho/2020/AuPhO_2020_Q1__ba52359793629df0.pdf,ba52359793629df06e4f79746c9533227a9959f288dcbad85b9246583958c8c4,1423568,18,hardlink,ba52359793629df06e4f79746c9533227a9959f288dcbad85b9246583958c8c4,acquisition,
3032,originals/aupho/2020/AuPhO_2020_S1__f27df232bbabf802.pdf,files/aupho/2020/AuPhO_2020_S1__f27df232bbabf802.pdf,f27df232bbabf802b4b01b492e291d6c9c63e0f34d2150c624054e33aa48f670,555716,8,hardlink,f27df232bbabf802b4b01b492e291d6c9c63e0f34d2150c624054e33aa48f670,acquisition,
3033,originals/aupho/2021/AuPhO_2021_S1__0266196b208fe287.pdf,files/aupho/2021/AuPhO_2021_S1__0266196b208fe287.pdf,0266196b208fe2878280136ab90eaf1af4864a8f70a88907ee16e9a811603fb3,832110,10,hardlink,0266196b208fe2878280136ab90eaf1af4864a8f70a88907ee16e9a811603fb3,acquisition,
3035,originals/aupho/2019/AuPhO_2019_S1__c1d891f196ec57b5.pdf,files/aupho/2019/AuPhO_2019_S1__c1d891f196ec57b5.pdf,c1d891f196ec57b53ef87df4e6f37ff441db54e1bff198e35080c12c6e206703,964402,23,hardlink,c1d891f196ec57b53ef87df4e6f37ff441db54e1bff198e35080c12c6e206703,acquisition,
3036,originals/aupho/2019/AuPhO_2019_Q1__dab9c87b51930664.pdf,files/aupho/2019/AuPhO_2019_Q1__dab9c87b51930664.pdf,dab9c87b519306646dd90869686cd905985b8f64da24ed92ba9f28e804711e16,4071186,12,hardlink,dab9c87b519306646dd90869686cd905985b8f64da24ed92ba9f28e804711e16,acquisition,
3037,originals/aupho/2017/AuPhO_2017_Q1__56b6533040a18df4.pdf,files/aupho/2017/AuPhO_2017_Q1__56b6533040a18df4.pdf,56b6533040a18df40e13aaf604656d33d65ab9c48700ecb0cde639c51a1ba17a,3713786,12,hardlink,56b6533040a18df40e13aaf604656d33d65ab9c48700ecb0cde639c51a1ba17a,acquisition,
3038,originals/aupho/2017/AuPhO_2017_S1__7d3ebdb320985bcf.pdf,files/aupho/2017/AuPhO_2017_S1__7d3ebdb320985bcf.pdf,7d3ebdb320985bcf2a8df87df2ae67400ad41b5b7d7cc50a5bfb9872d98ddf98,551568,22,hardlink,7d3ebdb320985bcf2a8df87df2ae67400ad41b5b7d7cc50a5bfb9872d98ddf98,acquisition,
3039,originals/aupho/2016/AuPhO_2016_S1__815cbf814bab1c23.pdf,files/aupho/2016/AuPhO_2016_S1__815cbf814bab1c23.pdf,815cbf814bab1c23604d0f10456b9c3c381f0e75c088a27d95b76e3f52b4347a,719531,22,hardlink,815cbf814bab1c23604d0f10456b9c3c381f0e75c088a27d95b76e3f52b4347a,acquisition,
304,originals/ipho/2011/IPhO_2011_Q4__0b5aca433d511597.pdf,files/ipho/2011/IPhO_2011_Q4__0b5aca433d511597.pdf,0b5aca433d5115973c9d5ff9272d4799d7c71b65c44da4fe1ad163d95e81e7f8,273172,4,hardlink,0b5aca433d5115973c9d5ff9272d4799d7c71b65c44da4fe1ad163d95e81e7f8,acquisition,
3041,originals/aupho/2016/AuPhO_2016_Q1__be6f8ea23d7bd227.pdf,files/aupho/2016/AuPhO_2016_Q1__be6f8ea23d7bd227.pdf,be6f8ea23d7bd22733b201cfa83cffe546e92aea65dae5edaf63d6d5f8f8ff06,3963941,12,hardlink,be6f8ea23d7bd22733b201cfa83cffe546e92aea65dae5edaf63d6d5f8f8ff06,acquisition,
3042,originals/aupho/2015/AuPhO_2015_Q1__5e4942537a984076.pdf,files/aupho/2015/AuPhO_2015_Q1__5e4942537a984076.pdf,5e4942537a984076ffdf0a4cd6c88660cd0d577cbdb51553252a944e6214ca17,2245462,12,hardlink,5e4942537a984076ffdf0a4cd6c88660cd0d577cbdb51553252a944e6214ca17,acquisition,
3043,originals/aupho/2015/AuPhO_2015_S1__10b2bd9e64e276ec.pdf,files/aupho/2015/AuPhO_2015_S1__10b2bd9e64e276ec.pdf,10b2bd9e64e276ecb255509359b59ddfc08cd27f5a27f0322f9d3ab1817b3f5c,2359386,18,hardlink,10b2bd9e64e276ecb255509359b59ddfc08cd27f5a27f0322f9d3ab1817b3f5c,acquisition,
3045,originals/aupho/2014/AuPhO_2014_Q1__db69badc02ba8790.pdf,files/aupho/2014/AuPhO_2014_Q1__db69badc02ba8790.pdf,db69badc02ba879058e6e66045998be72a453c78c46e2b622ad2bdbb4db6044c,207183,12,hardlink,db69badc02ba879058e6e66045998be72a453c78c46e2b622ad2bdbb4db6044c,acquisition,
3046,originals/aupho/2014/AuPhO_2014_S1__f67e1e7035d6e07d.pdf,files/aupho/2014/AuPhO_2014_S1__f67e1e7035d6e07d.pdf,f67e1e7035d6e07daa78b414c01d49b4e53dcf1476ac49352bb093995761d90a,360285,20,hardlink,f67e1e7035d6e07daa78b414c01d49b4e53dcf1476ac49352bb093995761d90a,acquisition,
3049,originals/aupho/2013/AuPhO_2013_Q1__93fb35d419ebcf05.pdf,files/aupho/2013/AuPhO_2013_Q1__93fb35d419ebcf05.pdf,93fb35d419ebcf05f03a08232e267ae860a5756edec601fa191ddb0474e6a1ec,166673,16,hardlink,93fb35d419ebcf05f03a08232e267ae860a5756edec601fa191ddb0474e6a1ec,acquisition,
305,originals/ipho/2011/IPhO_2011_A4__cbdc9f56333db6ad.pdf,files/ipho/2011/IPhO_2011_A4__cbdc9f56333db6ad.pdf,cbdc9f56333db6ad9b90159d31b78e11ab7dc322a748d13396afc6d0e42c6b88,54476,2,hardlink,cbdc9f56333db6ad9b90159d31b78e11ab7dc322a748d13396afc6d0e42c6b88,acquisition,
3050,originals/aupho/2013/AuPhO_2013_S1__aa0c7a2946e994e7.pdf,files/aupho/2013/AuPhO_2013_S1__aa0c7a2946e994e7.pdf,aa0c7a2946e994e74fa181a9a69016531ed2c43c6472642e77b1ffe10a921269,469902,23,hardlink,aa0c7a2946e994e74fa181a9a69016531ed2c43c6472642e77b1ffe10a921269,acquisition,
3052,originals/aupho/2012/AuPhO_2012_Q1__ce73763f609cdc7e.pdf,files/aupho/2012/AuPhO_2012_Q1__ce73763f609cdc7e.pdf,ce73763f609cdc7ead642da4f4daf3b486dd28f6c1cbcae9b7610364352dd26f,434819,12,hardlink,ce73763f609cdc7ead642da4f4daf3b486dd28f6c1cbcae9b7610364352dd26f,acquisition,
3053,originals/aupho/2012/AuPhO_2012_S1__c6710bc471c5322e.pdf,files/aupho/2012/AuPhO_2012_S1__c6710bc471c5322e.pdf,c6710bc471c5322e2ace0051b726e144b01528ba1ab5e68b79bff89ac9f8247d,1075788,18,hardlink,c6710bc471c5322e2ace0051b726e144b01528ba1ab5e68b79bff89ac9f8247d,acquisition,
3054,originals/aupho/2011/AuPhO_2011_Q1__bbbcaa7e1a76d2ce.pdf,files/aupho/2011/AuPhO_2011_Q1__bbbcaa7e1a76d2ce.pdf,bbbcaa7e1a76d2ce53602ec6c300b6eefdd91c0641b4db8c42387a604873e5f3,137790,12,hardlink,bbbcaa7e1a76d2ce53602ec6c300b6eefdd91c0641b4db8c42387a604873e5f3,acquisition,
3055,originals/aupho/2011/AuPhO_2011_S1__3b92ce7c9ce36183.pdf,files/aupho/2011/AuPhO_2011_S1__3b92ce7c9ce36183.pdf,3b92ce7c9ce361830cb2eaf6caf1ffb18cf3c7afe141248b653f044600a23224,276991,16,hardlink,3b92ce7c9ce361830cb2eaf6caf1ffb18cf3c7afe141248b653f044600a23224,acquisition,
3056,originals/aupho/2010/AuPhO_2010_Q1__e3914f28215bd010.pdf,files/aupho/2010/AuPhO_2010_Q1__e3914f28215bd010.pdf,e3914f28215bd01087971d60c314a9f352e29ae684d06527f9ce24f6b2985b85,226145,12,hardlink,e3914f28215bd01087971d60c314a9f352e29ae684d06527f9ce24f6b2985b85,acquisition,
3057,originals/aupho/2010/AuPhO_2010_S1__1d923e8f889e0488.pdf,files/aupho/2010/AuPhO_2010_S1__1d923e8f889e0488.pdf,1d923e8f889e0488344311bfc12925b67cdefa3ad21c3c1b3d1b2eec1cdf2026,331095,21,hardlink,1d923e8f889e0488344311bfc12925b67cdefa3ad21c3c1b3d1b2eec1cdf2026,acquisition,
3058,originals/aupho/2009/AuPhO_2009_Q1__ec0929b4a79a9724.pdf,files/aupho/2009/AuPhO_2009_Q1__ec0929b4a79a9724.pdf,ec0929b4a79a97248b1056d18c4fb3baeeec6318e84ab09478aed9245cc388d9,136931,12,hardlink,ec0929b4a79a97248b1056d18c4fb3baeeec6318e84ab09478aed9245cc388d9,acquisition,
3059,originals/aupho/2009/AuPhO_2009_S1__545d8785edbd82f0.pdf,files/aupho/2009/AuPhO_2009_S1__545d8785edbd82f0.pdf,545d8785edbd82f05781e99b7cc18845dc9c1c06b1dbb91cfb69a6552f2a05c5,212244,22,hardlink,545d8785edbd82f05781e99b7cc18845dc9c1c06b1dbb91cfb69a6552f2a05c5,acquisition,
306,originals/ipho/2011/IPhO_2011_S4__4136f75f3990bb70.pdf,files/ipho/2011/IPhO_2011_S4__4136f75f3990bb70.pdf,4136f75f3990bb706cc4dd59bdff0221c872f2fc6590ccfb7353f31603c888cf,382851,7,hardlink,4136f75f3990bb706cc4dd59bdff0221c872f2fc6590ccfb7353f31603c888cf,acquisition,
3060,originals/aupho/2008/AuPhO_2008_Q1-2__15d76dcd54fcd84c.pdf,files/aupho/2008/AuPhO_2008_Q1-2__15d76dcd54fcd84c.pdf,15d76dcd54fcd84ccbfde1a3c505f4d3e8bb6f561590c57fbbe5bd4f9b6658a8,377567,12,hardlink,15d76dcd54fcd84ccbfde1a3c505f4d3e8bb6f561590c57fbbe5bd4f9b6658a8,acquisition,
3061,originals/aupho/2008/AuPhO_2008_S2__8192fc7ff733c0ac.pdf,files/aupho/2008/AuPhO_2008_S2__8192fc7ff733c0ac.pdf,8192fc7ff733c0ac38dd288a19ca5b7b7420f50b61fba683bc5b9dbe71e4db7d,55703,9,hardlink,8192fc7ff733c0ac38dd288a19ca5b7b7420f50b61fba683bc5b9dbe71e4db7d,acquisition,
3062,originals/aupho/2008/AuPhO_2008_S1__a97da4a4f795e2fa.pdf,files/aupho/2008/AuPhO_2008_S1__a97da4a4f795e2fa.pdf,a97da4a4f795e2fa7bb2357b04330378f3fc99feb1c9c48bbac12316e4415604,524826,7,hardlink,a97da4a4f795e2fa7bb2357b04330378f3fc99feb1c9c48bbac12316e4415604,acquisition,
3063,originals/aupho/2007/AuPhO_2007_Q1__5b08e30df935fed7.pdf,files/aupho/2007/AuPhO_2007_Q1__5b08e30df935fed7.pdf,5b08e30df935fed78b115eb1774771b646f2f3b164c59dcd3c61fa202cc85bf3,91484,12,hardlink,5b08e30df935fed78b115eb1774771b646f2f3b164c59dcd3c61fa202cc85bf3,acquisition,
3064,originals/aupho/2007/AuPhO_2007_S1__801eda6376bfc092.pdf,files/aupho/2007/AuPhO_2007_S1__801eda6376bfc092.pdf,801eda6376bfc092bf17d603f874daa356cb4a4b3be8607c5f3c8a56e4a21931,1086929,22,hardlink,801eda6376bfc092bf17d603f874daa356cb4a4b3be8607c5f3c8a56e4a21931,acquisition,
3065,originals/osn-fisika/2024/OSN_2024_Q1-40__16ebe5cdc849e0c6.pdf,files/osn-fisika/2024/OSN_2024_Q1-40__16ebe5cdc849e0c6.pdf,16ebe5cdc849e0c65b6f4db3f47e54b8f4ff70fbf3fcc263e109e88c3f16b203,1397316,18,hardlink,16ebe5cdc849e0c65b6f4db3f47e54b8f4ff70fbf3fcc263e109e88c3f16b203,acquisition,
3066,originals/osn-fisika/2023/OSN_2023_Q1-40__7065b05da13e60c2.pdf,files/osn-fisika/2023/OSN_2023_Q1-40__7065b05da13e60c2.pdf,7065b05da13e60c2c823db6e21e6082de7f3f58eb2518c4446cdb517e6f706dd,460862,13,hardlink,7065b05da13e60c2c823db6e21e6082de7f3f58eb2518c4446cdb517e6f706dd,acquisition,
3067,originals/osn-fisika/2020/OSN_2020_Q1-7__e746ca90483ab197.pdf,files/osn-fisika/2020/OSN_2020_Q1-7__e746ca90483ab197.pdf,e746ca90483ab197f29c93df1e2ce61dceae504105afb6b6912d4ee387b06825,238218,6,hardlink,e746ca90483ab197f29c93df1e2ce61dceae504105afb6b6912d4ee387b06825,acquisition,
3068,originals/osn-fisika/2019/OSN_2019_Q1-8__2ab564d818fa0188.pdf,files/osn-fisika/2019/OSN_2019_Q1-8__2ab564d818fa0188.pdf,2ab564d818fa01882222cecb3ac60d50832b1c495a92616bd4d010b730c2fc03,330221,6,hardlink,2ab564d818fa01882222cecb3ac60d50832b1c495a92616bd4d010b730c2fc03,acquisition,
3069,originals/azpho/2026/AzPhO_2026_Q1-20__d30143b9d89a521c.pdf,files/azpho/2026/AzPhO_2026_Q1-20__d30143b9d89a521c.pdf,d30143b9d89a521c02b71e50b034f821b797724c146be9cc29744318c56fc44e,2151684,7,hardlink,d30143b9d89a521c02b71e50b034f821b797724c146be9cc29744318c56fc44e,acquisition,
307,originals/ipho/2011/IPhO_2011_Q5__9919f1da58e2c376.pdf,files/ipho/2011/IPhO_2011_Q5__9919f1da58e2c376.pdf,9919f1da58e2c3763690a9af17f45f821861641b545e0ff7502f4506a348df6a,161307,2,hardlink,9919f1da58e2c3763690a9af17f45f821861641b545e0ff7502f4506a348df6a,acquisition,
3070,originals/azpho/2020/AzPhO_2020_Q1-5__7805110f2b9bdd6a.pdf,files/azpho/2020/AzPhO_2020_Q1-5__7805110f2b9bdd6a.pdf,7805110f2b9bdd6a4c612e897690ae0dbd741952f0534ccc25872864a71c1690,178866,2,hardlink,7805110f2b9bdd6a4c612e897690ae0dbd741952f0534ccc25872864a71c1690,acquisition,
3071,originals/opho/2025/OPhO_2025_Q1-35__28a32ed4c129b446.pdf,files/opho/2025/OPhO_2025_Q1-35__28a32ed4c129b446.pdf,28a32ed4c129b44619ee4c7c2801a77a724bfaf0a16a2fe0abecd7b0f565378e,692404,12,hardlink,28a32ed4c129b44619ee4c7c2801a77a724bfaf0a16a2fe0abecd7b0f565378e,acquisition,
3072,originals/azpho/2025/AzPhO_2025_Q1-30__664918b3a3822217.pdf,files/azpho/2025/AzPhO_2025_Q1-30__664918b3a3822217.pdf,664918b3a3822217439b248e0ffac740ca17d6da6f6e6056b6ba5ec46c320aeb,2490810,10,hardlink,664918b3a3822217439b248e0ffac740ca17d6da6f6e6056b6ba5ec46c320aeb,acquisition,
3073,originals/opho/2025/OPhO_2025_S1-35__aa366a313f829988.pdf,files/opho/2025/OPhO_2025_S1-35__aa366a313f829988.pdf,aa366a313f82998813e02e02ac0c1538b53e8a4cb36cafd03572fb455f1337d0,1139164,38,hardlink,aa366a313f82998813e02e02ac0c1538b53e8a4cb36cafd03572fb455f1337d0,acquisition,
3074,originals/opho/2025/OPhOInv_2025_Q1-3__7febda94ebe48a7b.pdf,files/opho/2025/OPhOInv_2025_Q1-3__7febda94ebe48a7b.pdf,7febda94ebe48a7be552fd1bd7a6362004b88c3784805942e4e88d6a7cc2e1c4,480031,8,hardlink,7febda94ebe48a7be552fd1bd7a6362004b88c3784805942e4e88d6a7cc2e1c4,acquisition,
3075,originals/opho/2025/OPhOInv_2025_Q4-5__5f6b793d2b7bfcb9.pdf,files/opho/2025/OPhOInv_2025_Q4-5__5f6b793d2b7bfcb9.pdf,5f6b793d2b7bfcb995b1b56ec1ff210974bbc06c445cb220170fcace0ba318d0,423342,5,hardlink,5f6b793d2b7bfcb995b1b56ec1ff210974bbc06c445cb220170fcace0ba318d0,acquisition,
3076,originals/opho/2025/OPhOInv_2025_S1-3__0940b5061791370a.pdf,files/opho/2025/OPhOInv_2025_S1-3__0940b5061791370a.pdf,0940b5061791370ae2dcfd8fda7252d8e61d787a76b526950054fa40590c6594,4819213,24,hardlink,0940b5061791370ae2dcfd8fda7252d8e61d787a76b526950054fa40590c6594,acquisition,
3077,originals/opho/2024/OPhO_2024_Q1-35__1b383ba483a1d5a6.pdf,files/opho/2024/OPhO_2024_Q1-35__1b383ba483a1d5a6.pdf,1b383ba483a1d5a66a8b6631f91a03a78727646d99dda22d7c9c75e416c566be,1461300,11,hardlink,1b383ba483a1d5a66a8b6631f91a03a78727646d99dda22d7c9c75e416c566be,acquisition,
3078,originals/opho/2024/OPhO_2024_S1-35__c9558fc7d7a33b6b.pdf,files/opho/2024/OPhO_2024_S1-35__c9558fc7d7a33b6b.pdf,c9558fc7d7a33b6bf9ff47f76c73f86828f5facdc7b2ca42aa370eeaa53b7939,1703831,31,hardlink,c9558fc7d7a33b6bf9ff47f76c73f86828f5facdc7b2ca42aa370eeaa53b7939,acquisition,
3079,originals/opho/2024/OPhOInv_2024_Q1-4__6cc959afe9e616a3.pdf,files/opho/2024/OPhOInv_2024_Q1-4__6cc959afe9e616a3.pdf,6cc959afe9e616a3e19bde872247d179e9ba1f1b3fd07614d61bb413bb6a1cbc,506785,8,hardlink,6cc959afe9e616a3e19bde872247d179e9ba1f1b3fd07614d61bb413bb6a1cbc,acquisition,
308,originals/ipho/2011/IPhO_2011_S5__2d59affe7e6ea775.pdf,files/ipho/2011/IPhO_2011_S5__2d59affe7e6ea775.pdf,2d59affe7e6ea7756c3dd4f0a0302ca7e87aecb69473206d39c2f0c1f67ec75f,269701,9,hardlink,2d59affe7e6ea7756c3dd4f0a0302ca7e87aecb69473206d39c2f0c1f67ec75f,acquisition,
3080,originals/opho/2024/OPhOInv_2024_S1-4__c122a2c35be587bc.pdf,files/opho/2024/OPhOInv_2024_S1-4__c122a2c35be587bc.pdf,c122a2c35be587bc3916617ca7e038034a35f8409e54d3571b5fcbeb8e559ba6,591297,23,hardlink,c122a2c35be587bc3916617ca7e038034a35f8409e54d3571b5fcbeb8e559ba6,acquisition,
3081,originals/opho/2024/OPhOInv_2024_Q5__93511fbf9363be01.pdf,files/opho/2024/OPhOInv_2024_Q5__93511fbf9363be01.pdf,93511fbf9363be01319ee807e01201b4c7883d747499b8a5245b1062ae12360d,268941,4,hardlink,93511fbf9363be01319ee807e01201b4c7883d747499b8a5245b1062ae12360d,acquisition,
3082,originals/opho/2024/OPhOInv_2024_S5__359c4e974cdae204.pdf,files/opho/2024/OPhOInv_2024_S5__359c4e974cdae204.pdf,359c4e974cdae204913e7d0f6a04b31df6d98ef193a564df4f9dbf163a5f62f3,221382,6,hardlink,359c4e974cdae204913e7d0f6a04b31df6d98ef193a564df4f9dbf163a5f62f3,acquisition,
3083,originals/opho/2023/OPhO_2023_Q1-35__237aacd133c739b9.pdf,files/opho/2023/OPhO_2023_Q1-35__237aacd133c739b9.pdf,237aacd133c739b9b65525b963dd11c129d83b599f2a7584fc88aab5a2027a35,2361205,14,hardlink,237aacd133c739b9b65525b963dd11c129d83b599f2a7584fc88aab5a2027a35,acquisition,
3084,originals/opho/2023/OPhOInv_2023_Q1-3__9795ee8afe752a3c.pdf,files/opho/2023/OPhOInv_2023_Q1-3__9795ee8afe752a3c.pdf,9795ee8afe752a3cb9c7e30ab869b9084bfabbae2b627c2010b1879898fcd862,905294,10,hardlink,9795ee8afe752a3cb9c7e30ab869b9084bfabbae2b627c2010b1879898fcd862,acquisition,
3085,originals/opho/2023/OPhO_2023_S1-35__901d68ab74a2d291.pdf,files/opho/2023/OPhO_2023_S1-35__901d68ab74a2d291.pdf,901d68ab74a2d291d93c59d57b097a9c0c227f0ff1cb498629d0b55494bed90d,4402344,43,hardlink,901d68ab74a2d291d93c59d57b097a9c0c227f0ff1cb498629d0b55494bed90d,acquisition,
3086,originals/opho/2023/OPhOInv_2023_S1-3__6389630e9d21fd45.pdf,files/opho/2023/OPhOInv_2023_S1-3__6389630e9d21fd45.pdf,6389630e9d21fd45affae8c6bf8f464c279cf7d8cc8d5452959ab6b347829402,1503811,14,hardlink,6389630e9d21fd45affae8c6bf8f464c279cf7d8cc8d5452959ab6b347829402,acquisition,
3087,originals/opho/2023/OPhOInv_2023_Q4__eba82da785037fdf.pdf,files/opho/2023/OPhOInv_2023_Q4__eba82da785037fdf.pdf,eba82da785037fdf558a021ecad192d019952d4b93c996cd1a8aff61b33d6332,677393,5,hardlink,eba82da785037fdf558a021ecad192d019952d4b93c996cd1a8aff61b33d6332,acquisition,
3088,originals/opho/2022/OPhOInv_2022_Q1-5__6bdd04a16982d7ff.pdf,files/opho/2022/OPhOInv_2022_Q1-5__6bdd04a16982d7ff.pdf,6bdd04a16982d7fff8403a4e445ff3138824e7a2652eb94d83cc1f3ad416cf3b,501137,13,hardlink,6bdd04a16982d7fff8403a4e445ff3138824e7a2652eb94d83cc1f3ad416cf3b,acquisition,
3089,originals/opho/2022/OPhO_2022_Q1-35__7ab33abf8d46fcd7.pdf,files/opho/2022/OPhO_2022_Q1-35__7ab33abf8d46fcd7.pdf,7ab33abf8d46fcd7f882242e13a54d084e70cb1d3f134e611f85bb0097d00a95,9136069,39,hardlink,7ab33abf8d46fcd7f882242e13a54d084e70cb1d3f134e611f85bb0097d00a95,acquisition,
309,originals/ipho/2011/IPhO_2011_A5__0a6b58762ab5ab21.pdf,files/ipho/2011/IPhO_2011_A5__0a6b58762ab5ab21.pdf,0a6b58762ab5ab21dc95b6b383c77edcbbff644bd27e12091cd4eac878682113,20995,1,hardlink,0a6b58762ab5ab21dc95b6b383c77edcbbff644bd27e12091cd4eac878682113,acquisition,
3090,originals/opho/2022/OPhOInv_2022_S1-5__e6ca9ea784b08a41.pdf,files/opho/2022/OPhOInv_2022_S1-5__e6ca9ea784b08a41.pdf,e6ca9ea784b08a418090d0aeb281a6b395c9fae6718c7b2f4f8d07c20c34ef09,622793,20,hardlink,e6ca9ea784b08a418090d0aeb281a6b395c9fae6718c7b2f4f8d07c20c34ef09,acquisition,
3091,originals/opho/2021/OPhO_2021_Q1-35__27185a600a7cbaf3.pdf,files/opho/2021/OPhO_2021_Q1-35__27185a600a7cbaf3.pdf,27185a600a7cbaf35d0ba35e6d5c004ffcce3cae41259ff40cf5987692fe8ae5,622766,14,hardlink,27185a600a7cbaf35d0ba35e6d5c004ffcce3cae41259ff40cf5987692fe8ae5,acquisition,
3092,originals/opho/2022/OPhOInv_2022_Q6__eede85b6a7737df5.pdf,files/opho/2022/OPhOInv_2022_Q6__eede85b6a7737df5.pdf,eede85b6a7737df5a7ed43062980a88d6edc83dc5d262b24cc505261995dfff5,194930,2,hardlink,eede85b6a7737df5a7ed43062980a88d6edc83dc5d262b24cc505261995dfff5,acquisition,
3093,originals/opho/2021/OPhO_2021_S1-35__fe2e201cff81294d.pdf,files/opho/2021/OPhO_2021_S1-35__fe2e201cff81294d.pdf,fe2e201cff81294d96bf1c813af3c3cb81d689016ec34940c2c40c0713133140,844372,37,hardlink,fe2e201cff81294d96bf1c813af3c3cb81d689016ec34940c2c40c0713133140,acquisition,
3094,originals/opho/2021/OPhOInv_2021_Q1-4__7dcbf459cab9bc3b.pdf,files/opho/2021/OPhOInv_2021_Q1-4__7dcbf459cab9bc3b.pdf,7dcbf459cab9bc3b3481aed10f4791099e19757cabe7d8226881876735b338cf,660879,11,hardlink,7dcbf459cab9bc3b3481aed10f4791099e19757cabe7d8226881876735b338cf,acquisition,
3095,originals/opho/2021/OPhOInv_2021_S1-4__1b319629318f8287.pdf,files/opho/2021/OPhOInv_2021_S1-4__1b319629318f8287.pdf,1b319629318f8287aac0ac8f8b1e6a27cc1e772bbfbfe789aac5997551709668,846309,32,hardlink,1b319629318f8287aac0ac8f8b1e6a27cc1e772bbfbfe789aac5997551709668,acquisition,
3096,originals/opho/2020/OPhO_2020_Q1-55__7cf16b9b44e59663.pdf,files/opho/2020/OPhO_2020_Q1-55__7cf16b9b44e59663.pdf,7cf16b9b44e596638d2bc94c6a4862ee3e2d3a84c1abe49dcf156a8ed92c66bd,662200,24,hardlink,7cf16b9b44e596638d2bc94c6a4862ee3e2d3a84c1abe49dcf156a8ed92c66bd,acquisition,
3097,originals/opho/2021/OPhOInv_2021_Q5__efd1549e0d6ba13b.pdf,files/opho/2021/OPhOInv_2021_Q5__efd1549e0d6ba13b.pdf,efd1549e0d6ba13b2776dbb9d6962923f4317ed6663dfd9d76bdd4b62c3a6990,631670,12,hardlink,efd1549e0d6ba13b2776dbb9d6962923f4317ed6663dfd9d76bdd4b62c3a6990,acquisition,
3098,originals/opho/2020/OPhO_2020_S1-55__0b5cc63848d857c6.pdf,files/opho/2020/OPhO_2020_S1-55__0b5cc63848d857c6.pdf,0b5cc63848d857c6393cbb17c26655a5d9cae346b1efb2f63b417f3ddb9a5b66,830771,50,hardlink,0b5cc63848d857c6393cbb17c26655a5d9cae346b1efb2f63b417f3ddb9a5b66,acquisition,
3099,originals/opho/2020/OPhOInv_2020_Q1-10__0f0c471b2f44bada.pdf,files/opho/2020/OPhOInv_2020_Q1-10__0f0c471b2f44bada.pdf,0f0c471b2f44bada9705a587047be3c9c95bd6ea001b156ca3ca5a81eb2e5d0c,749483,11,hardlink,0f0c471b2f44bada9705a587047be3c9c95bd6ea001b156ca3ca5a81eb2e5d0c,acquisition,
31,originals/ipho/2025/IPhO_2025_Q1__866d34e6f1c5469c.pdf,files/ipho/2025/IPhO_2025_Q1__866d34e6f1c5469c.pdf,866d34e6f1c5469c9a33761f9b8fea94e41620cb28831ed5401b056febdc4485,1649097,6,hardlink,866d34e6f1c5469c9a33761f9b8fea94e41620cb28831ed5401b056febdc4485,acquisition,
3100,originals/opho/2020/OPhOInv_2020_S2-10__7adac7866a1e9c82.pdf,files/opho/2020/OPhOInv_2020_S2-10__7adac7866a1e9c82.pdf,7adac7866a1e9c823075c97cadb14fbece19d790789af5db91baf0566915a55a,590099,32,hardlink,7adac7866a1e9c823075c97cadb14fbece19d790789af5db91baf0566915a55a,acquisition,
3101,originals/physicsbrawl/2025/PhysicsBrawl_2025_Q1-68__b1c1bd23b7574561.pdf,files/physicsbrawl/2025/PhysicsBrawl_2025_Q1-68__b1c1bd23b7574561.pdf,b1c1bd23b7574561ba9c01b840265e19e46b01f0420f17d7588bc1b2c01fc417,1634954,104,hardlink,b1c1bd23b7574561ba9c01b840265e19e46b01f0420f17d7588bc1b2c01fc417,acquisition,
3102,originals/physicsbrawl/2024/PhysicsBrawl_2024_Q1-62__e8bfa492f8431bb4.pdf,files/physicsbrawl/2024/PhysicsBrawl_2024_Q1-62__e8bfa492f8431bb4.pdf,e8bfa492f8431bb4e33431fec9a0c0901e959c2cad1c8108f1eeb1a580facef7,886907,66,hardlink,e8bfa492f8431bb4e33431fec9a0c0901e959c2cad1c8108f1eeb1a580facef7,acquisition,
3103,originals/physicsbrawl/2023/PhysicsBrawl_2023_Q1-69__42d78574e8991491.pdf,files/physicsbrawl/2023/PhysicsBrawl_2023_Q1-69__42d78574e8991491.pdf,42d78574e8991491f9cb14d3fba3a5dd6f4d772c7e3470fa434a31b08da0a30f,560572,79,hardlink,42d78574e8991491f9cb14d3fba3a5dd6f4d772c7e3470fa434a31b08da0a30f,acquisition,
3104,originals/physicsbrawl/2022/PhysicsBrawl_2022_Q1-69__ffffa2dc7f23886c.pdf,files/physicsbrawl/2022/PhysicsBrawl_2022_Q1-69__ffffa2dc7f23886c.pdf,ffffa2dc7f23886c0990b0f021a84d6e0ea386761ce3063df02c5efe1c8a1322,835470,71,hardlink,ffffa2dc7f23886c0990b0f021a84d6e0ea386761ce3063df02c5efe1c8a1322,acquisition,
3105,originals/physicsbrawl/2021/PhysicsBrawl_2021_Q1-66__c6f39b134c74e897.pdf,files/physicsbrawl/2021/PhysicsBrawl_2021_Q1-66__c6f39b134c74e897.pdf,c6f39b134c74e89781210fe9c8496a6d9f429278c62bff3862df9184f5fe3cff,482132,65,hardlink,c6f39b134c74e89781210fe9c8496a6d9f429278c62bff3862df9184f5fe3cff,acquisition,
3106,originals/physicsbrawl/2020/PhysicsBrawl_2020_Q1-63__334bb9dd7023baae.pdf,files/physicsbrawl/2020/PhysicsBrawl_2020_Q1-63__334bb9dd7023baae.pdf,334bb9dd7023baaed1cdbb1a0a68d7785a50d061f80aca91705779464fdc85d4,408345,54,hardlink,334bb9dd7023baaed1cdbb1a0a68d7785a50d061f80aca91705779464fdc85d4,acquisition,
3107,originals/physicsbrawl/2019/PhysicsBrawl_2019_Q1-62__394a50d2e1b2e07d.pdf,files/physicsbrawl/2019/PhysicsBrawl_2019_Q1-62__394a50d2e1b2e07d.pdf,394a50d2e1b2e07d51b5821d9fc0dbba6ed36469fd628bf61708175343602cdd,425393,51,hardlink,394a50d2e1b2e07d51b5821d9fc0dbba6ed36469fd628bf61708175343602cdd,acquisition,
3108,originals/physicsbrawl/2018/PhysicsBrawl_2018_Q1-60__fb23fd1092e08b74.pdf,files/physicsbrawl/2018/PhysicsBrawl_2018_Q1-60__fb23fd1092e08b74.pdf,fb23fd1092e08b74e183cb080eab8290b737a7f6473f132296085670a1197ff5,321414,47,hardlink,fb23fd1092e08b74e183cb080eab8290b737a7f6473f132296085670a1197ff5,acquisition,
3109,originals/physicsbrawl/2017/PhysicsBrawl_2017_Q1-63__ae917506c6844a78.pdf,files/physicsbrawl/2017/PhysicsBrawl_2017_Q1-63__ae917506c6844a78.pdf,ae917506c6844a7877240904897d26453d8e62baa48753d361f1038c272ed4ba,308966,46,hardlink,ae917506c6844a7877240904897d26453d8e62baa48753d361f1038c272ed4ba,acquisition,
311,originals/ipho/2010/IPhO_2010_ExperimentInstructions__ea57abf5174a98a0.pdf,files/ipho/2010/IPhO_2010_ExperimentInstructions__ea57abf5174a98a0.pdf,ea57abf5174a98a09e750d37aac3ac77a7bd1e05a16fae034acaab816313e84e,227462,3,hardlink,ea57abf5174a98a09e750d37aac3ac77a7bd1e05a16fae034acaab816313e84e,acquisition,
3110,originals/physicsbrawl/2016/PhysicsBrawl_2016_Q1-67__43ffdcce08814eec.pdf,files/physicsbrawl/2016/PhysicsBrawl_2016_Q1-67__43ffdcce08814eec.pdf,43ffdcce08814eec8b77e06e028f93147b0bb10ff038c03806fbeef960d865a8,384230,50,hardlink,43ffdcce08814eec8b77e06e028f93147b0bb10ff038c03806fbeef960d865a8,acquisition,
3111,originals/physicsbrawl/2015/PhysicsBrawl_2015_Q1-62__678a126ec7d21d19.pdf,files/physicsbrawl/2015/PhysicsBrawl_2015_Q1-62__678a126ec7d21d19.pdf,678a126ec7d21d19867cc735f9ce5c97c7a52007e4b596511777cbebec07eac1,307307,45,hardlink,678a126ec7d21d19867cc735f9ce5c97c7a52007e4b596511777cbebec07eac1,acquisition,
3112,originals/physicsbrawl/2014/PhysicsBrawl_2014_Q1-54__67f88af2e56aa03e.pdf,files/physicsbrawl/2014/PhysicsBrawl_2014_Q1-54__67f88af2e56aa03e.pdf,67f88af2e56aa03e266b6ffcb2df599044a6c822f9e88bf1a5b1c5ef38d57c78,326259,39,hardlink,67f88af2e56aa03e266b6ffcb2df599044a6c822f9e88bf1a5b1c5ef38d57c78,acquisition,
3113,originals/physicsbrawl/2013/PhysicsBrawl_2013_Q1-49__fb942431f047308b.pdf,files/physicsbrawl/2013/PhysicsBrawl_2013_Q1-49__fb942431f047308b.pdf,fb942431f047308b932bccfcd2c19a1faa9a7da5d0491394e2734de341898fe0,424625,35,hardlink,fb942431f047308b932bccfcd2c19a1faa9a7da5d0491394e2734de341898fe0,acquisition,
3114,originals/physicsbrawl/2012/PhysicsBrawl_2012_Q1-44__ea653ce671815acc.pdf,files/physicsbrawl/2012/PhysicsBrawl_2012_Q1-44__ea653ce671815acc.pdf,ea653ce671815accc82a31ee9964a693137ee7a9d79bb5e868fd6833692b69c7,239052,35,hardlink,ea653ce671815accc82a31ee9964a693137ee7a9d79bb5e868fd6833692b69c7,acquisition,
3115,originals/ortvay/2026/Ortvay_2026_Q1-24__ea61fafa8228c3ed.pdf,files/ortvay/2026/Ortvay_2026_Q1-24__ea61fafa8228c3ed.pdf,ea61fafa8228c3ed2a890e5c2f65ed8853f41d2c39e60d8b0957edfeac4dfba3,3137595,10,hardlink,ea61fafa8228c3ed2a890e5c2f65ed8853f41d2c39e60d8b0957edfeac4dfba3,acquisition,
3116,originals/ortvay/2025/Ortvay_2025_Q1-25__84291fb1a1f4cb47.pdf,files/ortvay/2025/Ortvay_2025_Q1-25__84291fb1a1f4cb47.pdf,84291fb1a1f4cb47fb4421eff335da153122895da349ce09c1b25f00461c7ab8,376365,12,hardlink,84291fb1a1f4cb47fb4421eff335da153122895da349ce09c1b25f00461c7ab8,acquisition,
3117,originals/ortvay/2024/Ortvay_2024_Q1-32__d7b856084d015912.pdf,files/ortvay/2024/Ortvay_2024_Q1-32__d7b856084d015912.pdf,d7b856084d0159122329b2a3f86f123a2517d99b2f2a05607d9df93acf02f2c9,2012072,13,hardlink,d7b856084d0159122329b2a3f86f123a2517d99b2f2a05607d9df93acf02f2c9,acquisition,
3118,originals/ortvay/2022/Ortvay_2022_Q1-28__d32c71b7ccfcacc4.pdf,files/ortvay/2022/Ortvay_2022_Q1-28__d32c71b7ccfcacc4.pdf,d32c71b7ccfcacc407a28c7b5b2371d7c2bb46a599ba9e3ebb6262c5346523c2,370037,12,hardlink,d32c71b7ccfcacc407a28c7b5b2371d7c2bb46a599ba9e3ebb6262c5346523c2,acquisition,
3119,originals/ortvay/2020/Ortvay_2020_Q1-28__7611c58d331528c4.pdf,files/ortvay/2020/Ortvay_2020_Q1-28__7611c58d331528c4.pdf,7611c58d331528c4f0f4ed06b46a5955929756e6674befe95b4dc2aff044dbe6,274229,11,hardlink,7611c58d331528c4f0f4ed06b46a5955929756e6674befe95b4dc2aff044dbe6,acquisition,
312,originals/ipho/2010/IPhO_2010_Q1__67701ceca004cc12.pdf,files/ipho/2010/IPhO_2010_Q1__67701ceca004cc12.pdf,67701ceca004cc12a187b6f0d8dc950a73ec9af64dc1a22b2f7e0bba0af0d195,509011,3,hardlink,67701ceca004cc12a187b6f0d8dc950a73ec9af64dc1a22b2f7e0bba0af0d195,acquisition,
3120,originals/ortvay/2023/Ortvay_2023_Q1-33__c0a5117145c67edc.pdf,files/ortvay/2023/Ortvay_2023_Q1-33__c0a5117145c67edc.pdf,c0a5117145c67edc2dfe8953dcc7865438f65e099fe6e73b2ec19616ab27b5f7,359529,13,hardlink,c0a5117145c67edc2dfe8953dcc7865438f65e099fe6e73b2ec19616ab27b5f7,acquisition,
3121,originals/ortvay/2019/Ortvay_2019_Q1-50__367e16295855a180.pdf,files/ortvay/2019/Ortvay_2019_Q1-50__367e16295855a180.pdf,367e16295855a180ddff209587aca8745cdb9466961439cd02f7e735aa46d601,2114114,17,hardlink,367e16295855a180ddff209587aca8745cdb9466961439cd02f7e735aa46d601,acquisition,
3122,originals/ortvay/2018/Ortvay_2018_Q1-33__d73f0e0e81023bce.pdf,files/ortvay/2018/Ortvay_2018_Q1-33__d73f0e0e81023bce.pdf,d73f0e0e81023bce84365beb9bfe52021219153e7deee7356e17fa6e34a4a9b4,1341847,9,hardlink,d73f0e0e81023bce84365beb9bfe52021219153e7deee7356e17fa6e34a4a9b4,acquisition,
3123,originals/ortvay/2017/Ortvay_2017_Q1-40__771ca5c334324b29.pdf,files/ortvay/2017/Ortvay_2017_Q1-40__771ca5c334324b29.pdf,771ca5c334324b290ae11da953f76b9bde7e0405dfeb9ed4e6840cee3eaccbec,495106,12,hardlink,771ca5c334324b290ae11da953f76b9bde7e0405dfeb9ed4e6840cee3eaccbec,acquisition,
3124,originals/ortvay/2016/Ortvay_2016_Q1-36__f7e91e13ea226972.pdf,files/ortvay/2016/Ortvay_2016_Q1-36__f7e91e13ea226972.pdf,f7e91e13ea226972dd67039f976939df4b614553de683753b940b819c22b63bd,200732,11,hardlink,f7e91e13ea226972dd67039f976939df4b614553de683753b940b819c22b63bd,acquisition,
3125,originals/ortvay/2015/Ortvay_2015_Q1-31__9881d7d3d6faacc1.pdf,files/ortvay/2015/Ortvay_2015_Q1-31__9881d7d3d6faacc1.pdf,9881d7d3d6faacc15e771b364dda5541004e1b73d41be5c51dc48bd830158a6c,147103,9,hardlink,9881d7d3d6faacc15e771b364dda5541004e1b73d41be5c51dc48bd830158a6c,acquisition,
3126,originals/ortvay/2014/Ortvay_2014_Q1-35__5204c77cb968fc02.pdf,files/ortvay/2014/Ortvay_2014_Q1-35__5204c77cb968fc02.pdf,5204c77cb968fc02e9f795cdd5ced23a5334a6d61b0a50e638f58ced643adeb3,189756,7,hardlink,5204c77cb968fc02e9f795cdd5ced23a5334a6d61b0a50e638f58ced643adeb3,acquisition,
3127,originals/ortvay/2013/Ortvay_2013_Q1-31__a06a04612e4367c1.pdf,files/ortvay/2013/Ortvay_2013_Q1-31__a06a04612e4367c1.pdf,a06a04612e4367c148e4c69115c232983b8e6ed221ecb8007091713115091a59,245992,7,hardlink,a06a04612e4367c148e4c69115c232983b8e6ed221ecb8007091713115091a59,acquisition,
3128,originals/ortvay/2012/Ortvay_2012_Q1-29__27978754087b356f.pdf,files/ortvay/2012/Ortvay_2012_Q1-29__27978754087b356f.pdf,27978754087b356f1620ada9c9ad17885fcd8a698bed96b9d24cfb7a37cc7056,225665,6,hardlink,27978754087b356f1620ada9c9ad17885fcd8a698bed96b9d24cfb7a37cc7056,acquisition,
3129,originals/ortvay/2011/Ortvay_2011_Q1-42__921a45f84d216221.pdf,files/ortvay/2011/Ortvay_2011_Q1-42__921a45f84d216221.pdf,921a45f84d216221c6f65a042d1e68b8c9dab59260ecd88b2ea0bbe73df28e74,180959,9,hardlink,921a45f84d216221c6f65a042d1e68b8c9dab59260ecd88b2ea0bbe73df28e74,acquisition,
313,originals/ipho/2010/IPhO_2010_S1__b7b89a6e6394a7b4.pdf,files/ipho/2010/IPhO_2010_S1__b7b89a6e6394a7b4.pdf,b7b89a6e6394a7b4a10d21c091d0eb90b9b58ed5bac5df9044e69c82e9fbe20f,686576,8,hardlink,b7b89a6e6394a7b4a10d21c091d0eb90b9b58ed5bac5df9044e69c82e9fbe20f,acquisition,
3130,originals/ortvay/2010/Ortvay_2010_Q1-35__d3634e70fd0cf70b.pdf,files/ortvay/2010/Ortvay_2010_Q1-35__d3634e70fd0cf70b.pdf,d3634e70fd0cf70b11f615de3fc5233dd433a02514dbb6a56e69fbd5a7458143,440242,7,hardlink,d3634e70fd0cf70b11f615de3fc5233dd433a02514dbb6a56e69fbd5a7458143,acquisition,
3131,originals/ortvay/2009/Ortvay_2009_Q1-31__590303f526aa64de.pdf,files/ortvay/2009/Ortvay_2009_Q1-31__590303f526aa64de.pdf,590303f526aa64ded5492af6c6bcc96c99e241714b2f3574cf9bbc8a16ac4bca,422778,9,hardlink,590303f526aa64ded5492af6c6bcc96c99e241714b2f3574cf9bbc8a16ac4bca,acquisition,
3132,originals/ortvay/2007/Ortvay_2007_Q1-32__466d199962742881.pdf,files/ortvay/2007/Ortvay_2007_Q1-32__466d199962742881.pdf,466d19996274288186203dd9ef93d11ec2f5cf4f5c97799827abb665a3675309,153954,8,hardlink,466d19996274288186203dd9ef93d11ec2f5cf4f5c97799827abb665a3675309,acquisition,
3133,originals/ortvay/2006/Ortvay_2006_Q1-33__c183c465d8489be6.pdf,files/ortvay/2006/Ortvay_2006_Q1-33__c183c465d8489be6.pdf,c183c465d8489be69795aefc335f64063f218cb83ab736276d759342823bcdbe,322151,8,hardlink,c183c465d8489be69795aefc335f64063f218cb83ab736276d759342823bcdbe,acquisition,
3134,originals/ortvay/2008/Ortvay_2008_Q1-36__c81509a5b0fafd1f.pdf,files/ortvay/2008/Ortvay_2008_Q1-36__c81509a5b0fafd1f.pdf,c81509a5b0fafd1f39faa6b3943b5bf6efaf79bb545080a2f03acc5d84b08fff,164355,11,hardlink,c81509a5b0fafd1f39faa6b3943b5bf6efaf79bb545080a2f03acc5d84b08fff,acquisition,
3135,originals/ortvay/2005/Ortvay_2005_Q1-42__1ba4f1a7e23e2230.pdf,files/ortvay/2005/Ortvay_2005_Q1-42__1ba4f1a7e23e2230.pdf,1ba4f1a7e23e2230fca28f71acd34a1a7aed6c0e32def26884f923b46a23fcd2,213057,10,hardlink,1ba4f1a7e23e2230fca28f71acd34a1a7aed6c0e32def26884f923b46a23fcd2,acquisition,
3136,originals/ortvay/2004/Ortvay_2004_Q1-32__9f2478c12e00c0ec.pdf,files/ortvay/2004/Ortvay_2004_Q1-32__9f2478c12e00c0ec.pdf,9f2478c12e00c0ece11827d6495c2f8a17d4d5d8bebd9acd2cb111e5bdbdb8fa,172923,7,hardlink,9f2478c12e00c0ece11827d6495c2f8a17d4d5d8bebd9acd2cb111e5bdbdb8fa,acquisition,
3137,originals/ortvay/2003/Ortvay_2003_Q1-42__ed05c30012d5e7cc.pdf,files/ortvay/2003/Ortvay_2003_Q1-42__ed05c30012d5e7cc.pdf,ed05c30012d5e7cc21ba92bee4fc2cb13060dd9b9ccfffdacd5fdab09a65d23d,130105,9,hardlink,ed05c30012d5e7cc21ba92bee4fc2cb13060dd9b9ccfffdacd5fdab09a65d23d,acquisition,
3138,originals/ortvay/2002/Ortvay_2002_Q1-33__1d16239b592846ce.pdf,files/ortvay/2002/Ortvay_2002_Q1-33__1d16239b592846ce.pdf,1d16239b592846ce6e41f29cbab0f3c6ae299040503f9ccf2fba2cad0ca191e9,135833,7,hardlink,1d16239b592846ce6e41f29cbab0f3c6ae299040503f9ccf2fba2cad0ca191e9,acquisition,
3139,originals/ortvay/2000/Ortvay_2000_Q1-37__8d0cb81ce91c271b.pdf,files/ortvay/2000/Ortvay_2000_Q1-37__8d0cb81ce91c271b.pdf,8d0cb81ce91c271b4a3e13168f33c60da1cc88e2d7d38866b427e062e1ce7321,124536,8,hardlink,8d0cb81ce91c271b4a3e13168f33c60da1cc88e2d7d38866b427e062e1ce7321,acquisition,
314,originals/ipho/2010/IPhO_2010_A1__65ff1b47bbab2290.pdf,files/ipho/2010/IPhO_2010_A1__65ff1b47bbab2290.pdf,65ff1b47bbab2290745a692c75ed57ad282dfedd0b8c65956fa5b1109b1a7264,50533,3,hardlink,65ff1b47bbab2290745a692c75ed57ad282dfedd0b8c65956fa5b1109b1a7264,acquisition,
3140,originals/ortvay/2001/Ortvay_2001_Q1-34__1ccc657810f3fb74.pdf,files/ortvay/2001/Ortvay_2001_Q1-34__1ccc657810f3fb74.pdf,1ccc657810f3fb74df61f68b114f6e58e7ecc2d666a1fe410f7ad89d291471e0,132078,8,hardlink,1ccc657810f3fb74df61f68b114f6e58e7ecc2d666a1fe410f7ad89d291471e0,acquisition,
3141,originals/ortvay/1999/Ortvay_1999_Q1-34__ec34e97e76fa91d3.pdf,files/ortvay/1999/Ortvay_1999_Q1-34__ec34e97e76fa91d3.pdf,ec34e97e76fa91d3116cd3e820a56bc423be808dd997e55976c0a4ace99bdef5,112938,8,hardlink,ec34e97e76fa91d3116cd3e820a56bc423be808dd997e55976c0a4ace99bdef5,acquisition,
3142,originals/ortvay/1998/Ortvay_1998_Q1-35__54c9d9a5b030e2a5.pdf,files/ortvay/1998/Ortvay_1998_Q1-35__54c9d9a5b030e2a5.pdf,54c9d9a5b030e2a5863ef3e889cedf33aeb452f4a976f4d33137795abffe2f6d,123314,8,hardlink,54c9d9a5b030e2a5863ef3e889cedf33aeb452f4a976f4d33137795abffe2f6d,acquisition,
3143,originals/ortvay/1997/Ortvay_1997_Q1-42__3241337593cc129b.pdf,files/ortvay/1997/Ortvay_1997_Q1-42__3241337593cc129b.pdf,3241337593cc129b24d1bfc11f5c30bc96067d387afbb092fb43dcf2a05c2f14,109923,8,hardlink,3241337593cc129b24d1bfc11f5c30bc96067d387afbb092fb43dcf2a05c2f14,acquisition,
3144,originals/physicscup/2019/PhysicsCup_2019_Q1__1701a5aebb76b085.pdf,files/physicscup/2019/PhysicsCup_2019_Q1__1701a5aebb76b085.pdf,1701a5aebb76b085b23be63928ba6f4d5418f860b59f2702ad136b4c3c25309f,19055,1,hardlink,1701a5aebb76b085b23be63928ba6f4d5418f860b59f2702ad136b4c3c25309f,acquisition,
3145,originals/physicscup/2019/PhysicsCup_2019_Q2__746a3b0a67cc3e7d.pdf,files/physicscup/2019/PhysicsCup_2019_Q2__746a3b0a67cc3e7d.pdf,746a3b0a67cc3e7dff5fcecfc477c06b316da55abff05f5c0991cebf6adc8122,19685,1,hardlink,746a3b0a67cc3e7dff5fcecfc477c06b316da55abff05f5c0991cebf6adc8122,acquisition,
3146,originals/physicscup/2019/PhysicsCup_2019_Q3__e982dcb3460c5de8.pdf,files/physicscup/2019/PhysicsCup_2019_Q3__e982dcb3460c5de8.pdf,e982dcb3460c5de8dae3a7446f638241f91590870cb74e1e91ad029f3b383708,13510,1,hardlink,e982dcb3460c5de8dae3a7446f638241f91590870cb74e1e91ad029f3b383708,acquisition,
3147,originals/physicscup/2019/PhysicsCup_2019_Q5__0c1e6969912f5993.pdf,files/physicscup/2019/PhysicsCup_2019_Q5__0c1e6969912f5993.pdf,0c1e6969912f5993eac4153bb23a9dea09a0f45713a7fe870cb030fa2651d1f4,70190,1,hardlink,0c1e6969912f5993eac4153bb23a9dea09a0f45713a7fe870cb030fa2651d1f4,acquisition,
3148,originals/physicscup/2019/PhysicsCup_2019_Q4__570eb5ff19bd98b5.pdf,files/physicscup/2019/PhysicsCup_2019_Q4__570eb5ff19bd98b5.pdf,570eb5ff19bd98b572568b310e3cdb16469cf1fd28011070e51ac001f58cac1f,19092,1,hardlink,570eb5ff19bd98b572568b310e3cdb16469cf1fd28011070e51ac001f58cac1f,acquisition,
3149,originals/physicscup/2018/PhysicsCup_2018_Q1__6d037fdce5a1b6ae.pdf,files/physicscup/2018/PhysicsCup_2018_Q1__6d037fdce5a1b6ae.pdf,6d037fdce5a1b6ae967e5061775736497fb30a563e713b34129e24e09e650634,27957,1,hardlink,6d037fdce5a1b6ae967e5061775736497fb30a563e713b34129e24e09e650634,acquisition,
315,originals/ipho/2010/IPhO_2010_Q2__04358456d1e65414.pdf,files/ipho/2010/IPhO_2010_Q2__04358456d1e65414.pdf,04358456d1e6541487927ff56142df9615213af4453a5c3872994865fb504c0f,616122,4,hardlink,04358456d1e6541487927ff56142df9615213af4453a5c3872994865fb504c0f,acquisition,
3151,originals/physicscup/2018/PhysicsCup_2018_Q3__dcf20d0462ac1a26.pdf,files/physicscup/2018/PhysicsCup_2018_Q3__dcf20d0462ac1a26.pdf,dcf20d0462ac1a26bd8435029c8d31c907e5092d95678d0e2a8464b4d1b26f29,11879,1,hardlink,dcf20d0462ac1a26bd8435029c8d31c907e5092d95678d0e2a8464b4d1b26f29,acquisition,
3153,originals/physicscup/2018/PhysicsCup_2018_Q5__bfeb57e617375698.pdf,files/physicscup/2018/PhysicsCup_2018_Q5__bfeb57e617375698.pdf,bfeb57e617375698f7952e961a1487e4329afa37e6d754dba614f9478356113d,14450,1,hardlink,bfeb57e617375698f7952e961a1487e4329afa37e6d754dba614f9478356113d,acquisition,
3154,originals/physicscup/2017/PhysicsCup_2017_Q1__9d82ccd54a9a0881.pdf,files/physicscup/2017/PhysicsCup_2017_Q1__9d82ccd54a9a0881.pdf,9d82ccd54a9a08810f3ab6e531ec49e58d70b8cdffdea3d1db980c0b15c8aaea,58622,1,hardlink,9d82ccd54a9a08810f3ab6e531ec49e58d70b8cdffdea3d1db980c0b15c8aaea,acquisition,
3155,originals/physicscup/2017/PhysicsCup_2017_Q2__726a2ca6b2360c20.pdf,files/physicscup/2017/PhysicsCup_2017_Q2__726a2ca6b2360c20.pdf,726a2ca6b2360c204d41236938eb384cc902507ee9d9579ee34edc36f92bdf66,47719,1,hardlink,726a2ca6b2360c204d41236938eb384cc902507ee9d9579ee34edc36f92bdf66,acquisition,
3156,originals/physicscup/2017/PhysicsCup_2017_Q3__9a6715edbc951629.pdf,files/physicscup/2017/PhysicsCup_2017_Q3__9a6715edbc951629.pdf,9a6715edbc951629a8775d9acf3f0cd5e93e19da276fd4374a94961c52385888,33799,1,hardlink,9a6715edbc951629a8775d9acf3f0cd5e93e19da276fd4374a94961c52385888,acquisition,
3157,originals/physicscup/2017/PhysicsCup_2017_Q4__edf472e73f9ab30b.pdf,files/physicscup/2017/PhysicsCup_2017_Q4__edf472e73f9ab30b.pdf,edf472e73f9ab30b959cafdfac71be0d204b95c25f8ce4a4f429329461f89d7b,29087,1,hardlink,edf472e73f9ab30b959cafdfac71be0d204b95c25f8ce4a4f429329461f89d7b,acquisition,
3158,originals/baupc/2004/BAUPC_2004_Q1__3718f60c0e82ec7a.pdf,files/baupc/2004/BAUPC_2004_Q1__3718f60c0e82ec7a.pdf,3718f60c0e82ec7ae38346f1c9c232fb6b91a6ab1a9dff7822f43fec73789d92,66414,3,hardlink,3718f60c0e82ec7ae38346f1c9c232fb6b91a6ab1a9dff7822f43fec73789d92,acquisition,
3159,originals/baupc/2004/BAUPC_2004_S1__6dc0f515c9d3437c.pdf,files/baupc/2004/BAUPC_2004_S1__6dc0f515c9d3437c.pdf,6dc0f515c9d3437c17e445a0613f5b2ec245130677229a37a3f97e7f9bc62382,154517,9,hardlink,6dc0f515c9d3437c17e445a0613f5b2ec245130677229a37a3f97e7f9bc62382,acquisition,
316,originals/ipho/2010/IPhO_2010_S2__6c28269b658ecd0d.pdf,files/ipho/2010/IPhO_2010_S2__6c28269b658ecd0d.pdf,6c28269b658ecd0dd4feef3cbdc3905d0f9e980d315442b4e964223a56b3575d,406563,4,hardlink,6c28269b658ecd0dd4feef3cbdc3905d0f9e980d315442b4e964223a56b3575d,acquisition,
3160,originals/baupc/2003/BAUPC_2003_Q1__e4d6f3dca986b3ee.pdf,files/baupc/2003/BAUPC_2003_Q1__e4d6f3dca986b3ee.pdf,e4d6f3dca986b3ee62f9b5bcd366536a4c4b62cebf6a2ef58093c6fd8859d691,39335,2,hardlink,e4d6f3dca986b3ee62f9b5bcd366536a4c4b62cebf6a2ef58093c6fd8859d691,acquisition,
3161,originals/baupc/2002/BAUPC_2002_Q1__f6d033692f222eb4.pdf,files/baupc/2002/BAUPC_2002_Q1__f6d033692f222eb4.pdf,f6d033692f222eb44bba07e7614f4b715c85d200044fb9eca1364715048dc267,65278,4,hardlink,f6d033692f222eb44bba07e7614f4b715c85d200044fb9eca1364715048dc267,acquisition,
3162,originals/baupc/2003/BAUPC_2003_S1__8e4b5788abf1b9fe.pdf,files/baupc/2003/BAUPC_2003_S1__8e4b5788abf1b9fe.pdf,8e4b5788abf1b9fe2de9d9beebf0c4e1217b441ea1cb92e393c5742ad6530039,185271,9,hardlink,8e4b5788abf1b9fe2de9d9beebf0c4e1217b441ea1cb92e393c5742ad6530039,acquisition,
3163,originals/baupc/2002/BAUPC_2002_S1__dcc742a387c9275c.pdf,files/baupc/2002/BAUPC_2002_S1__dcc742a387c9275c.pdf,dcc742a387c9275ccd84dbd4ac6c841001466ee23c3e9309aed696bdee0a5faa,94086,6,hardlink,dcc742a387c9275ccd84dbd4ac6c841001466ee23c3e9309aed696bdee0a5faa,acquisition,
3164,originals/baupc/2001/BAUPC_2001_Q1__15ad6a4f9aa9791b.pdf,files/baupc/2001/BAUPC_2001_Q1__15ad6a4f9aa9791b.pdf,15ad6a4f9aa9791b086ea3df8277131d4ba8e20f6af6a5e055f112d5f3e968e0,308104,4,hardlink,15ad6a4f9aa9791b086ea3df8277131d4ba8e20f6af6a5e055f112d5f3e968e0,acquisition,
3165,originals/baupc/2001/BAUPC_2001_S1__b60c424efaefcef3.pdf,files/baupc/2001/BAUPC_2001_S1__b60c424efaefcef3.pdf,b60c424efaefcef3bdf2ffebd9b3e46a439afdbfe50bd0acbe45f0e7f9305b07,113511,8,hardlink,b60c424efaefcef3bdf2ffebd9b3e46a439afdbfe50bd0acbe45f0e7f9305b07,acquisition,
3166,originals/baupc/2000/BAUPC_2000_Q1__a4f633140fd3956b.pdf,files/baupc/2000/BAUPC_2000_Q1__a4f633140fd3956b.pdf,a4f633140fd3956b748077a86be61a6a28fca58156c0733b09a55f1b10d4bd25,61473,3,hardlink,a4f633140fd3956b748077a86be61a6a28fca58156c0733b09a55f1b10d4bd25,acquisition,
3167,originals/baupc/2000/BAUPC_2000_S1__9f198eda078d673d.pdf,files/baupc/2000/BAUPC_2000_S1__9f198eda078d673d.pdf,9f198eda078d673da0f532eea26298b3e980ad724b843c50faecdbeeb535856e,191588,10,hardlink,9f198eda078d673da0f532eea26298b3e980ad724b843c50faecdbeeb535856e,acquisition,
3168,originals/baupc/1999/BAUPC_1999_Q1__6a29ec8f38e6f406.pdf,files/baupc/1999/BAUPC_1999_Q1__6a29ec8f38e6f406.pdf,6a29ec8f38e6f406729e8a857b2bbc417cc87d5d2e8c0213af312186f30ed43a,64301,3,hardlink,6a29ec8f38e6f406729e8a857b2bbc417cc87d5d2e8c0213af312186f30ed43a,acquisition,
3169,originals/baupc/1998/BAUPC_1998_S1__b9618788edccd60f.pdf,files/baupc/1998/BAUPC_1998_S1__b9618788edccd60f.pdf,b9618788edccd60fda8b11a1ba0ededfe8bf06a3f47bdf3114430a62b6641ee1,1024600,12,hardlink,b9618788edccd60fda8b11a1ba0ededfe8bf06a3f47bdf3114430a62b6641ee1,acquisition,
317,originals/ipho/2010/IPhO_2010_Q3__258459e3dd3d4a3e.pdf,files/ipho/2010/IPhO_2010_Q3__258459e3dd3d4a3e.pdf,258459e3dd3d4a3e05ed071419a08b70061f321e438a9c031fcfb951acd74dad,683590,3,hardlink,258459e3dd3d4a3e05ed071419a08b70061f321e438a9c031fcfb951acd74dad,acquisition,
3170,originals/baupc/1998/BAUPC_1998_Q1__39d653a4c39cc891.pdf,files/baupc/1998/BAUPC_1998_Q1__39d653a4c39cc891.pdf,39d653a4c39cc89171c6cc8a9a4e05fe75d3d3eb64ffef77c350af75d295f195,241036,3,hardlink,39d653a4c39cc89171c6cc8a9a4e05fe75d3d3eb64ffef77c350af75d295f195,acquisition,
3171,originals/baupc/1999/BAUPC_1999_S1__02a7af80fb3eb090.pdf,files/baupc/1999/BAUPC_1999_S1__02a7af80fb3eb090.pdf,02a7af80fb3eb09053854ba3fb1a12cdf8636aed10c0c0b2eac24f38a8d3b958,180866,8,hardlink,02a7af80fb3eb09053854ba3fb1a12cdf8636aed10c0c0b2eac24f38a8d3b958,acquisition,
3172,originals/baupc/1997/BAUPC_1997_Q1__dfc13c25a5078678.pdf,files/baupc/1997/BAUPC_1997_Q1__dfc13c25a5078678.pdf,dfc13c25a507867824bf74a0b33f5530772ec84aa24007f60a91100304a18121,765485,4,hardlink,dfc13c25a507867824bf74a0b33f5530772ec84aa24007f60a91100304a18121,acquisition,
3173,originals/baupc/1997/BAUPC_1997_S1__0a2f04d0c56dc0e6.pdf,files/baupc/1997/BAUPC_1997_S1__0a2f04d0c56dc0e6.pdf,0a2f04d0c56dc0e623d88804cb73ebb08c553e7e794664a80b90da7a22f75d4f,1174636,11,hardlink,0a2f04d0c56dc0e623d88804cb73ebb08c553e7e794664a80b90da7a22f75d4f,acquisition,
3174,originals/baupc/1996/BAUPC_1996_Q1__905711205a548329.pdf,files/baupc/1996/BAUPC_1996_Q1__905711205a548329.pdf,905711205a548329c140b3168e128ca63122da81fcc5062f3e121923c815198b,517200,6,hardlink,905711205a548329c140b3168e128ca63122da81fcc5062f3e121923c815198b,acquisition,
3175,originals/baupc/1996/BAUPC_1996_S1__382406677891b1ed.pdf,files/baupc/1996/BAUPC_1996_S1__382406677891b1ed.pdf,382406677891b1ed18a863707ae8b6d66c5f2f2d9572de6a15cca5ee5b993ef2,964430,9,hardlink,382406677891b1ed18a863707ae8b6d66c5f2f2d9572de6a15cca5ee5b993ef2,acquisition,
3176,originals/baupc/1995/BAUPC_1995_S1__b785cf19b1de670e.pdf,files/baupc/1995/BAUPC_1995_S1__b785cf19b1de670e.pdf,b785cf19b1de670e2eb877cdec42a4119a73b166e0e874c4cd5d2becacb0ff79,751879,7,hardlink,b785cf19b1de670e2eb877cdec42a4119a73b166e0e874c4cd5d2becacb0ff79,acquisition,
3177,originals/baupc/1995/BAUPC_1995_Q1__a2dc3f4f2c466e77.pdf,files/baupc/1995/BAUPC_1995_Q1__a2dc3f4f2c466e77.pdf,a2dc3f4f2c466e77abd0269233e33c2732667419596bf92a24b16805691f3262,289921,3,hardlink,a2dc3f4f2c466e77abd0269233e33c2732667419596bf92a24b16805691f3262,acquisition,
3178,originals/twpho-tst/2025/TwPhO_2025_Q1-6__106a988932956384.pdf,files/twpho-tst/2025/TwPhO_2025_Q1-6__106a988932956384.pdf,106a98893295638430f6520f94e6e755f606b94427e8d106dca02c4d0e72e2cb,806005,14,hardlink,106a98893295638430f6520f94e6e755f606b94427e8d106dca02c4d0e72e2cb,acquisition,
3179,originals/twpho-tst/2026/TwPhO_2026_Q1-6__58f484559441f6d2.pdf,files/twpho-tst/2026/TwPhO_2026_Q1-6__58f484559441f6d2.pdf,58f484559441f6d2713b297d8614799ebc44e373bcb57112bc1d3aece610f528,2153481,16,hardlink,58f484559441f6d2713b297d8614799ebc44e373bcb57112bc1d3aece610f528,acquisition,
318,originals/ipho/2010/IPhO_2010_A2__a7f3948c1df86033.pdf,files/ipho/2010/IPhO_2010_A2__a7f3948c1df86033.pdf,a7f3948c1df86033193d8c352327d0d5086edce499f6d8db312708be09b6906e,49476,3,hardlink,a7f3948c1df86033193d8c352327d0d5086edce499f6d8db312708be09b6906e,acquisition,
3180,originals/twpho-tst/2023/TwPhO_2023_Q1-6__e63769e78505b2bd.pdf,files/twpho-tst/2023/TwPhO_2023_Q1-6__e63769e78505b2bd.pdf,e63769e78505b2bd82cc7c6a5b32422dc8549d26080f1eb43512d648d66cb5d0,523478,15,hardlink,e63769e78505b2bd82cc7c6a5b32422dc8549d26080f1eb43512d648d66cb5d0,acquisition,
3181,originals/twpho-tst/2022/TwPhO_2022_Q1-6__28d7bc88c2b19c86.pdf,files/twpho-tst/2022/TwPhO_2022_Q1-6__28d7bc88c2b19c86.pdf,28d7bc88c2b19c869bb34fb5fdca0f2b8698e371197daacd346b3eecfd30601a,649853,14,hardlink,28d7bc88c2b19c869bb34fb5fdca0f2b8698e371197daacd346b3eecfd30601a,acquisition,
3182,originals/twpho-tst/2021/TwPhO_2021_Q1-6__bdcb8b6271645b1c.pdf,files/twpho-tst/2021/TwPhO_2021_Q1-6__bdcb8b6271645b1c.pdf,bdcb8b6271645b1c21f4c2d5f76879202c2106ab95f5aaf2cb77cc46f77b5bc6,458435,15,hardlink,bdcb8b6271645b1c21f4c2d5f76879202c2106ab95f5aaf2cb77cc46f77b5bc6,acquisition,
3183,originals/twpho-tst/2020/TwPhO_2020_Q1-6__bf4fed707193a2e7.pdf,files/twpho-tst/2020/TwPhO_2020_Q1-6__bf4fed707193a2e7.pdf,bf4fed707193a2e7c917d25588ed5829f31285fec1a50d398ff70c9999135ad7,1217664,16,hardlink,bf4fed707193a2e7c917d25588ed5829f31285fec1a50d398ff70c9999135ad7,acquisition,
3184,originals/twpho-tst/2019/TwPhO_2019_Q1-6__0a966cf0590159a2.pdf,files/twpho-tst/2019/TwPhO_2019_Q1-6__0a966cf0590159a2.pdf,0a966cf0590159a2886cd0d8341cd766135615794448e7d43fb5f2e10a274219,782996,16,hardlink,0a966cf0590159a2886cd0d8341cd766135615794448e7d43fb5f2e10a274219,acquisition,
3185,originals/twpho-tst/2018/TwPhO_2018_Q1-6__93b91cece67cdb98.pdf,files/twpho-tst/2018/TwPhO_2018_Q1-6__93b91cece67cdb98.pdf,93b91cece67cdb9803f5186c0a0f4dc4ada3a0fbd753151854742b425b5cd8a8,1093950,23,hardlink,93b91cece67cdb9803f5186c0a0f4dc4ada3a0fbd753151854742b425b5cd8a8,acquisition,
3186,originals/twpho-tst/2017/TwPhO_2017_Q1-6__e5e10a6f390c9bf5.pdf,files/twpho-tst/2017/TwPhO_2017_Q1-6__e5e10a6f390c9bf5.pdf,e5e10a6f390c9bf5c02f7cfba438874e0ef820486475e4ee351b1b1d1935c50c,858192,13,hardlink,e5e10a6f390c9bf5c02f7cfba438874e0ef820486475e4ee351b1b1d1935c50c,acquisition,
3187,originals/twpho-tst/2016/TwPhO_2016_Q1-6__4e74bf2930078889.pdf,files/twpho-tst/2016/TwPhO_2016_Q1-6__4e74bf2930078889.pdf,4e74bf29300788899cb973d67a8e243a5d12f0a2e5f13667ed8d13d16d0d69b4,634091,17,hardlink,4e74bf29300788899cb973d67a8e243a5d12f0a2e5f13667ed8d13d16d0d69b4,acquisition,
319,originals/ipho/2010/IPhO_2010_S3__b7be9c0286fbc0ae.pdf,files/ipho/2010/IPhO_2010_S3__b7be9c0286fbc0ae.pdf,b7be9c0286fbc0ae0f7aac6b3a6cd92438c6af90cf40d814205502438b56a050,587894,8,hardlink,b7be9c0286fbc0ae0f7aac6b3a6cd92438c6af90cf40d814205502438b56a050,acquisition,
32,originals/ipho/2025/IPhO_2025_S1__4551f43739a66723.pdf,files/ipho/2025/IPhO_2025_S1__4551f43739a66723.pdf,4551f43739a66723fae135aa80f5811cca0c719a9d8e9ca2d72c63ec9d28d988,1958938,15,hardlink,4551f43739a66723fae135aa80f5811cca0c719a9d8e9ca2d72c63ec9d28d988,acquisition,
320,originals/ipho/2010/IPhO_2010_A3__f7f5bd838415375c.pdf,files/ipho/2010/IPhO_2010_A3__f7f5bd838415375c.pdf,f7f5bd838415375c63deb21daa1c59baa044a1301601e3fbe60cd994d24c2eff,65180,3,hardlink,f7f5bd838415375c63deb21daa1c59baa044a1301601e3fbe60cd994d24c2eff,acquisition,
321,originals/ipho/2010/IPhO_2010_Q4__4c95b87d434a8211.pdf,files/ipho/2010/IPhO_2010_Q4__4c95b87d434a8211.pdf,4c95b87d434a8211e02bc0f828d3ca8ab46163f9775e9758faaed27fb9d6fefc,520329,4,hardlink,4c95b87d434a8211e02bc0f828d3ca8ab46163f9775e9758faaed27fb9d6fefc,acquisition,
322,originals/ipho/2010/IPhO_2010_S4__9785599a5cb5d73d.pdf,files/ipho/2010/IPhO_2010_S4__9785599a5cb5d73d.pdf,9785599a5cb5d73d393bfe9581a7b278f2ecfd72546ce3f4c12d9768853258f4,467709,7,hardlink,9785599a5cb5d73d393bfe9581a7b278f2ecfd72546ce3f4c12d9768853258f4,acquisition,
323,originals/ipho/2010/IPhO_2010_Q5__1b5eb029fc4fd921.pdf,files/ipho/2010/IPhO_2010_Q5__1b5eb029fc4fd921.pdf,1b5eb029fc4fd921923cc07aeb24c1c035015371c950da9595cb517d877a5808,582400,4,hardlink,1b5eb029fc4fd921923cc07aeb24c1c035015371c950da9595cb517d877a5808,acquisition,
324,originals/ipho/2010/IPhO_2010_A4__6f28bbeeae2e791e.pdf,files/ipho/2010/IPhO_2010_A4__6f28bbeeae2e791e.pdf,6f28bbeeae2e791e27960d1a35f39a8ba774250a40024f8d506323f0df45d91f,665713,7,hardlink,6f28bbeeae2e791e27960d1a35f39a8ba774250a40024f8d506323f0df45d91f,acquisition,
325,originals/ipho/2010/IPhO_2010_S5__e77761a12956c218.pdf,files/ipho/2010/IPhO_2010_S5__e77761a12956c218.pdf,e77761a12956c21838b8a33ada532daae9107b9415dfcfdc381a15e48a65d2f6,429326,6,hardlink,e77761a12956c21838b8a33ada532daae9107b9415dfcfdc381a15e48a65d2f6,acquisition,
326,originals/ipho/2009/IPhO_2009_Q1__d33c90b935374704.pdf,files/ipho/2009/IPhO_2009_Q1__d33c90b935374704.pdf,d33c90b9353747045d51c1fcf29c28290371fcdc036ae79aa6dc41409bc56560,404089,7,hardlink,d33c90b9353747045d51c1fcf29c28290371fcdc036ae79aa6dc41409bc56560,acquisition,
327,originals/ipho/2010/IPhO_2010_A5__663d63efa33398e8.pdf,files/ipho/2010/IPhO_2010_A5__663d63efa33398e8.pdf,663d63efa33398e8da318b187da1c22793fab7f7aa3d6e94803df70970291f4d,474688,8,hardlink,663d63efa33398e8da318b187da1c22793fab7f7aa3d6e94803df70970291f4d,acquisition,
328,originals/ipho/2009/IPhO_2009_S1__ce30702d56bfd330.pdf,files/ipho/2009/IPhO_2009_S1__ce30702d56bfd330.pdf,ce30702d56bfd330316994aa217f3b66b716b465efadcdebc9ecdf21982982be,71421,4,hardlink,ce30702d56bfd330316994aa217f3b66b716b465efadcdebc9ecdf21982982be,acquisition,
329,originals/ipho/2009/IPhO_2009_Q2__456e8dcc4e97c4a6.pdf,files/ipho/2009/IPhO_2009_Q2__456e8dcc4e97c4a6.pdf,456e8dcc4e97c4a6a3d95ca24b09eab5c9d03aa4e5d0230ab568ba9777104bac,132434,6,hardlink,456e8dcc4e97c4a6a3d95ca24b09eab5c9d03aa4e5d0230ab568ba9777104bac,acquisition,
33,originals/ipho/2025/IPhO_2025_Q1_tex__50d3f0cd04a3e61e.zip,files/ipho/2025/IPhO_2025_Q1_tex__50d3f0cd04a3e61e.zip,50d3f0cd04a3e61e780cab11bacbedbfa2f28184631b9c4d2345b0bd9eb8809e,449930,,hardlink,50d3f0cd04a3e61e780cab11bacbedbfa2f28184631b9c4d2345b0bd9eb8809e,acquisition,
330,originals/ipho/2009/IPhO_2009_A1__e51c406eac511273.pdf,files/ipho/2009/IPhO_2009_A1__e51c406eac511273.pdf,e51c406eac5112737a334becff806c198f5a822fa1705dad49fdc05fd477ccc3,47870,4,hardlink,e51c406eac5112737a334becff806c198f5a822fa1705dad49fdc05fd477ccc3,acquisition,
331,originals/ipho/2009/IPhO_2009_S2__3cd04b42dacfff97.pdf,files/ipho/2009/IPhO_2009_S2__3cd04b42dacfff97.pdf,3cd04b42dacfff97486c6a84182924c4e32b5e6b839a2e3efdbff84934bc68b8,235667,6,hardlink,3cd04b42dacfff97486c6a84182924c4e32b5e6b839a2e3efdbff84934bc68b8,acquisition,
332,originals/ipho/2009/IPhO_2009_Q3__12ee1e58a24f29bc.pdf,files/ipho/2009/IPhO_2009_Q3__12ee1e58a24f29bc.pdf,12ee1e58a24f29bcbfc94c501526a61d0ff0c2ea554e70b46730a1cb888b164e,137808,6,hardlink,12ee1e58a24f29bcbfc94c501526a61d0ff0c2ea554e70b46730a1cb888b164e,acquisition,
333,originals/ipho/2009/IPhO_2009_A2__2eae125ea083226e.pdf,files/ipho/2009/IPhO_2009_A2__2eae125ea083226e.pdf,2eae125ea083226e4871e36559760f0684d336174e871978d5f868c16ddb6fc7,46912,5,hardlink,2eae125ea083226e4871e36559760f0684d336174e871978d5f868c16ddb6fc7,acquisition,
334,originals/ipho/2009/IPhO_2009_S3__70461b2037220d40.pdf,files/ipho/2009/IPhO_2009_S3__70461b2037220d40.pdf,70461b2037220d4014342a8a7da5c5337da1fc03e6a12b9ced9fc68abe93aec3,61459,4,hardlink,70461b2037220d4014342a8a7da5c5337da1fc03e6a12b9ced9fc68abe93aec3,acquisition,
335,originals/ipho/2009/IPhO_2009_S4__a797d7a672af428c.pdf,files/ipho/2009/IPhO_2009_S4__a797d7a672af428c.pdf,a797d7a672af428cdf0a03538728811edf8eb7d832cf037bd1275f48b2b884aa,2279271,10,hardlink,a797d7a672af428cdf0a03538728811edf8eb7d832cf037bd1275f48b2b884aa,acquisition,
336,originals/ipho/2009/IPhO_2009_Q4__dc943309ba7cad0d.pdf,files/ipho/2009/IPhO_2009_Q4__dc943309ba7cad0d.pdf,dc943309ba7cad0d0d7a6d76618416078b174687c883a171eafe3061bd30b000,2288116,10,hardlink,dc943309ba7cad0d0d7a6d76618416078b174687c883a171eafe3061bd30b000,acquisition,
337,originals/ipho/2009/IPhO_2009_A3__5cab5cbd6139eb62.pdf,files/ipho/2009/IPhO_2009_A3__5cab5cbd6139eb62.pdf,5cab5cbd6139eb6235022cd4a2e684b88a83f8a4192462437440133ced8920a9,51014,4,hardlink,5cab5cbd6139eb6235022cd4a2e684b88a83f8a4192462437440133ced8920a9,acquisition,
338,originals/ipho/2009/IPhO_2009_A4__65dc689c7602d725.pdf,files/ipho/2009/IPhO_2009_A4__65dc689c7602d725.pdf,65dc689c7602d725328eba083e1b7d7e01fc4f8c899afeed632c0ffd75ef1c8c,91097,4,hardlink,65dc689c7602d725328eba083e1b7d7e01fc4f8c899afeed632c0ffd75ef1c8c,acquisition,
339,originals/ipho/2009/IPhO_2009_Q5__54fcd299289704ca.pdf,files/ipho/2009/IPhO_2009_Q5__54fcd299289704ca.pdf,54fcd299289704ca99002b1c358b13b543b7dab47207fc402fc8b4821385616f,1616978,8,hardlink,54fcd299289704ca99002b1c358b13b543b7dab47207fc402fc8b4821385616f,acquisition,
340,originals/ipho/2009/IPhO_2009_S5__bacceed58f92aa6e.pdf,files/ipho/2009/IPhO_2009_S5__bacceed58f92aa6e.pdf,bacceed58f92aa6eca1c5029ffa636b504cf441b24162eae28db42b9a677a0c6,2802638,14,hardlink,bacceed58f92aa6eca1c5029ffa636b504cf441b24162eae28db42b9a677a0c6,acquisition,
341,originals/ipho/2008/IPhO_2008_Q1__06d0070a48ec398a.pdf,files/ipho/2008/IPhO_2008_Q1__06d0070a48ec398a.pdf,06d0070a48ec398a02c337a160be4b0d59e106257b7e95ad53d139fb2e95114e,312200,6,hardlink,06d0070a48ec398a02c337a160be4b0d59e106257b7e95ad53d139fb2e95114e,acquisition,
342,originals/ipho/2009/IPhO_2009_A5__6a551b8e19527b94.pdf,files/ipho/2009/IPhO_2009_A5__6a551b8e19527b94.pdf,6a551b8e19527b946379d74de97b3a28cfc77c4943dc2c13ec9e030a8e373fa3,127453,10,hardlink,6a551b8e19527b946379d74de97b3a28cfc77c4943dc2c13ec9e030a8e373fa3,acquisition,
343,originals/ipho/2008/IPhO_2008_S1__3480c3404fa6cdbe.pdf,files/ipho/2008/IPhO_2008_S1__3480c3404fa6cdbe.pdf,3480c3404fa6cdbef4f75aa4a445ba3aa27feabfb34247633c01f57c9e614152,172211,6,hardlink,3480c3404fa6cdbef4f75aa4a445ba3aa27feabfb34247633c01f57c9e614152,acquisition,
345,originals/ipho/2008/IPhO_2008_Q3__fbda1c6860f72e3d.pdf,files/ipho/2008/IPhO_2008_Q3__fbda1c6860f72e3d.pdf,fbda1c6860f72e3d55f5b8405f117c68e57fce347e71e49c6e7517cb935b4fcb,137969,6,hardlink,fbda1c6860f72e3d55f5b8405f117c68e57fce347e71e49c6e7517cb935b4fcb,acquisition,
347,originals/ipho/2008/IPhO_2008_Q4__ca949b35e187f2f1.pdf,files/ipho/2008/IPhO_2008_Q4__ca949b35e187f2f1.pdf,ca949b35e187f2f169ef2a5750c241a716594f928ba26f8e6dbf6b5ff1790e5e,321039,13,hardlink,ca949b35e187f2f169ef2a5750c241a716594f928ba26f8e6dbf6b5ff1790e5e,acquisition,
348,originals/ipho/2008/IPhO_2008_S3__7585411b55451059.pdf,files/ipho/2008/IPhO_2008_S3__7585411b55451059.pdf,7585411b554510598d7986f46f79d018adff4f80b43dce92c8141a40f0298d6a,98852,10,hardlink,7585411b554510598d7986f46f79d018adff4f80b43dce92c8141a40f0298d6a,acquisition,
349,originals/ipho/2007/IPhO_2007_Q1__d7973f68b890cf59.pdf,files/ipho/2007/IPhO_2007_Q1__d7973f68b890cf59.pdf,d7973f68b890cf59773632ec3dff991fb2e2dfa4e6f3fb04240ca8d5c34da9b3,143362,3,hardlink,d7973f68b890cf59773632ec3dff991fb2e2dfa4e6f3fb04240ca8d5c34da9b3,acquisition,
35,originals/ipho/2025/IPhO_2025_A1__891c46edf1af8d7f.pdf,files/ipho/2025/IPhO_2025_A1__891c46edf1af8d7f.pdf,891c46edf1af8d7f7804918d61705ec92a7bf066532f0cc3518edbda2dc51265,43120,4,hardlink,891c46edf1af8d7f7804918d61705ec92a7bf066532f0cc3518edbda2dc51265,acquisition,
351,originals/ipho/2008/IPhO_2008_S4__431fff585e07c15f.pdf,files/ipho/2008/IPhO_2008_S4__431fff585e07c15f.pdf,431fff585e07c15f874e1d1a39944fdff9cd618bddeaf87e548ed30ed143d71c,236057,16,hardlink,431fff585e07c15f874e1d1a39944fdff9cd618bddeaf87e548ed30ed143d71c,acquisition,
352,originals/ipho/2007/IPhO_2007_Q2__a5553bf1e5702140.pdf,files/ipho/2007/IPhO_2007_Q2__a5553bf1e5702140.pdf,a5553bf1e5702140aa3c4e3496acde6fb826e114b976b17e50bb7bcd906dd48b,144345,4,hardlink,a5553bf1e5702140aa3c4e3496acde6fb826e114b976b17e50bb7bcd906dd48b,acquisition,
353,originals/ipho/2007/IPhO_2007_S1__c801bbb526f94725.pdf,files/ipho/2007/IPhO_2007_S1__c801bbb526f94725.pdf,c801bbb526f94725039115e7cee112c4b5fc1d26087c8835901ed4d13e0d9814,53418,5,hardlink,c801bbb526f94725039115e7cee112c4b5fc1d26087c8835901ed4d13e0d9814,acquisition,
354,originals/ipho/2007/IPhO_2007_S2__161f46402b8ed8c5.pdf,files/ipho/2007/IPhO_2007_S2__161f46402b8ed8c5.pdf,161f46402b8ed8c52cf0e5bd422e7eaf318eef5a5f4d024b86cf1bc6ba03f4c0,39919,5,hardlink,161f46402b8ed8c52cf0e5bd422e7eaf318eef5a5f4d024b86cf1bc6ba03f4c0,acquisition,
355,originals/ipho/2007/IPhO_2007_Q3__8cd4886eb9d1eff5.pdf,files/ipho/2007/IPhO_2007_Q3__8cd4886eb9d1eff5.pdf,8cd4886eb9d1eff52053ab2141bbbbd55d6cbb167137df4fed20c53a0fc620de,164176,4,hardlink,8cd4886eb9d1eff52053ab2141bbbbd55d6cbb167137df4fed20c53a0fc620de,acquisition,
356,originals/ipho/2007/IPhO_2007_S3__7fb57e833def64b3.pdf,files/ipho/2007/IPhO_2007_S3__7fb57e833def64b3.pdf,7fb57e833def64b37148e7e771c45e4a893c9027753498887e7720895088b7e7,48085,3,hardlink,7fb57e833def64b37148e7e771c45e4a893c9027753498887e7720895088b7e7,acquisition,
357,originals/ipho/2006/IPhO_2006_Q1__820cb63d3c767837.pdf,files/ipho/2006/IPhO_2006_Q1__820cb63d3c767837.pdf,820cb63d3c76783782d41f14a61cec9ed50d6edc207c431eb3f0fe4427c82603,122615,5,hardlink,820cb63d3c76783782d41f14a61cec9ed50d6edc207c431eb3f0fe4427c82603,acquisition,
358,originals/ipho/2007/IPhO_2007_Q4__dffc59f0470d0048.pdf,files/ipho/2007/IPhO_2007_Q4__dffc59f0470d0048.pdf,dffc59f0470d00481f0cfe3e8a2c18d67fbdfe38397373538f8c4b115b24128e,1360369,12,hardlink,dffc59f0470d00481f0cfe3e8a2c18d67fbdfe38397373538f8c4b115b24128e,acquisition,
359,originals/ipho/2007/IPhO_2007_S4__0f4bed0eba13c359.pdf,files/ipho/2007/IPhO_2007_S4__0f4bed0eba13c359.pdf,0f4bed0eba13c359e94189f0c84555c86e7d6391faae3d17cbd1827cff8a76bc,560728,9,hardlink,0f4bed0eba13c359e94189f0c84555c86e7d6391faae3d17cbd1827cff8a76bc,acquisition,
36,originals/ipho/2025/IPhO_2025_Q2__2a23bf9c8451fbaa.pdf,files/ipho/2025/IPhO_2025_Q2__2a23bf9c8451fbaa.pdf,2a23bf9c8451fbaa7036ca6eaf83aaae49995d3b5aa5f2600874296319ddd333,4137572,6,hardlink,2a23bf9c8451fbaa7036ca6eaf83aaae49995d3b5aa5f2600874296319ddd333,acquisition,
360,originals/ipho/2006/IPhO_2006_S1__45b0502729f67222.pdf,files/ipho/2006/IPhO_2006_S1__45b0502729f67222.pdf,45b0502729f67222744c985326c1377c77b36770088560e23b9d3d8e228d4160,53535,2,hardlink,45b0502729f67222744c985326c1377c77b36770088560e23b9d3d8e228d4160,acquisition,
362,originals/ipho/2006/IPhO_2006_Q3__56f9233ee4aaf86a.pdf,files/ipho/2006/IPhO_2006_Q3__56f9233ee4aaf86a.pdf,56f9233ee4aaf86ae9ef2afd16ac84bc34faba9464e06c4a31418cce64ce4872,198894,8,hardlink,56f9233ee4aaf86ae9ef2afd16ac84bc34faba9464e06c4a31418cce64ce4872,acquisition,
364,originals/ipho/2006/IPhO_2006_Q4__9e3ffdb6fa3518dc.pdf,files/ipho/2006/IPhO_2006_Q4__9e3ffdb6fa3518dc.pdf,9e3ffdb6fa3518dc728f66822e6d8f7b6f10721289395dfd30c029ddcb4c79f9,1246651,15,hardlink,9e3ffdb6fa3518dc728f66822e6d8f7b6f10721289395dfd30c029ddcb4c79f9,acquisition,
365,originals/ipho/2006/IPhO_2006_S3__85a812f4b1f2a2da.pdf,files/ipho/2006/IPhO_2006_S3__85a812f4b1f2a2da.pdf,85a812f4b1f2a2dac115e1d7ae7da38f8a44f40fa55e5249884b806c429ef447,71397,5,hardlink,85a812f4b1f2a2dac115e1d7ae7da38f8a44f40fa55e5249884b806c429ef447,acquisition,
366,originals/ipho/2006/IPhO_2006_S4__1790c38067de8892.pdf,files/ipho/2006/IPhO_2006_S4__1790c38067de8892.pdf,1790c38067de88929354a5db9faacce58cfe85f496cf838121cb90c4b0fb446a,1105688,18,hardlink,1790c38067de88929354a5db9faacce58cfe85f496cf838121cb90c4b0fb446a,acquisition,
367,originals/ipho/2005/IPhO_2005_Q1__7ab175fc3932a60b.pdf,files/ipho/2005/IPhO_2005_Q1__7ab175fc3932a60b.pdf,7ab175fc3932a60b47f0f7999e1ad5cd91c12f9d47ff54c47b958f05bf04a847,120688,3,hardlink,7ab175fc3932a60b47f0f7999e1ad5cd91c12f9d47ff54c47b958f05bf04a847,acquisition,
368,originals/ipho/2005/IPhO_2005_Q2__ccdc01b92366f30d.pdf,files/ipho/2005/IPhO_2005_Q2__ccdc01b92366f30d.pdf,ccdc01b92366f30ddeb017eeba5223765b436ddfdee0101ea774c8ae0e76ef49,123728,3,hardlink,ccdc01b92366f30ddeb017eeba5223765b436ddfdee0101ea774c8ae0e76ef49,acquisition,
369,originals/ipho/2005/IPhO_2005_S1__727521a1884ddd4a.pdf,files/ipho/2005/IPhO_2005_S1__727521a1884ddd4a.pdf,727521a1884ddd4aecea001f600f536f2a9070de2e053a4207fc24755f7dbd33,86487,5,hardlink,727521a1884ddd4aecea001f600f536f2a9070de2e053a4207fc24755f7dbd33,acquisition,
37,originals/ipho/2025/IPhO_2025_S2__4845538076deabf1.pdf,files/ipho/2025/IPhO_2025_S2__4845538076deabf1.pdf,4845538076deabf1207426c57ee2948fe8d9939163b26fb68e77761a45ffedb8,4195186,20,hardlink,4845538076deabf1207426c57ee2948fe8d9939163b26fb68e77761a45ffedb8,acquisition,
370,originals/ipho/2005/IPhO_2005_Q3__767d57e26ee90e4e.pdf,files/ipho/2005/IPhO_2005_Q3__767d57e26ee90e4e.pdf,767d57e26ee90e4e476d09ff8b5f05020750f9ac024df6d7b2181b646fcdbb53,112474,3,hardlink,767d57e26ee90e4e476d09ff8b5f05020750f9ac024df6d7b2181b646fcdbb53,acquisition,
371,originals/ipho/2005/IPhO_2005_S2__08581879a750b3f0.pdf,files/ipho/2005/IPhO_2005_S2__08581879a750b3f0.pdf,08581879a750b3f096d3a605c25bfd04fe63bee32f331d920ab463d06ec2d6e5,78348,4,hardlink,08581879a750b3f096d3a605c25bfd04fe63bee32f331d920ab463d06ec2d6e5,acquisition,
372,originals/ipho/2005/IPhO_2005_Q4__f6a4a4911a96c9e2.pdf,files/ipho/2005/IPhO_2005_Q4__f6a4a4911a96c9e2.pdf,f6a4a4911a96c9e2741e1ff04c41c54f2861b3fd6d5cbe93b2323889597b01be,264853,11,hardlink,f6a4a4911a96c9e2741e1ff04c41c54f2861b3fd6d5cbe93b2323889597b01be,acquisition,
373,originals/ipho/2005/IPhO_2005_S3__9f7dd787954da858.pdf,files/ipho/2005/IPhO_2005_S3__9f7dd787954da858.pdf,9f7dd787954da85897e902f4337dc6012b31385bd2f7f22a82c968663dd35a3c,70943,3,hardlink,9f7dd787954da85897e902f4337dc6012b31385bd2f7f22a82c968663dd35a3c,acquisition,
374,originals/ipho/2004/IPhO_2004_Q1__217798634d7982ac.pdf,files/ipho/2004/IPhO_2004_Q1__217798634d7982ac.pdf,217798634d7982acd0f9726efcdd016f2d76cae24182f712f5cffd8d7e06a30f,137358,2,hardlink,217798634d7982acd0f9726efcdd016f2d76cae24182f712f5cffd8d7e06a30f,acquisition,
375,originals/ipho/2005/IPhO_2005_S4__d8808be2170f8b73.pdf,files/ipho/2005/IPhO_2005_S4__d8808be2170f8b73.pdf,d8808be2170f8b733c6ee9eaf4e82953da37b868c08c6a5a5c6aa2090144f255,275971,9,hardlink,d8808be2170f8b733c6ee9eaf4e82953da37b868c08c6a5a5c6aa2090144f255,acquisition,
376,originals/ipho/2004/IPhO_2004_S1__3be9440de95bb24a.pdf,files/ipho/2004/IPhO_2004_S1__3be9440de95bb24a.pdf,3be9440de95bb24a8f8eda5f83a274085fcbb09ff4eb8ba3e660413c706bd6ef,359143,12,hardlink,3be9440de95bb24a8f8eda5f83a274085fcbb09ff4eb8ba3e660413c706bd6ef,acquisition,
377,originals/ipho/2004/IPhO_2004_Q2__456f22de09f90007.pdf,files/ipho/2004/IPhO_2004_Q2__456f22de09f90007.pdf,456f22de09f90007886d8cc4006c4b85add6c4cce574f268e3f66f1b20392815,121990,3,hardlink,456f22de09f90007886d8cc4006c4b85add6c4cce574f268e3f66f1b20392815,acquisition,
378,originals/ipho/2004/IPhO_2004_S2__8882693aaceb0902.pdf,files/ipho/2004/IPhO_2004_S2__8882693aaceb0902.pdf,8882693aaceb0902427746779ea8c58389da2ce5737473d51dbc55e7f4b7e643,187790,6,hardlink,8882693aaceb0902427746779ea8c58389da2ce5737473d51dbc55e7f4b7e643,acquisition,
379,originals/ipho/2004/IPhO_2004_A1__31acd98acdea307c.pdf,files/ipho/2004/IPhO_2004_A1__31acd98acdea307c.pdf,31acd98acdea307c5742d6810fd8177ddc61693886c4c0a90a9421c76d483caf,119505,1,hardlink,31acd98acdea307c5742d6810fd8177ddc61693886c4c0a90a9421c76d483caf,acquisition,
38,originals/ipho/2025/IPhO_2025_A2__b2c6f08aecc064ba.pdf,files/ipho/2025/IPhO_2025_A2__b2c6f08aecc064ba.pdf,b2c6f08aecc064baf48bcec2debc707396f10a3c106adc64ec937fe754db2dd3,332133,3,hardlink,b2c6f08aecc064baf48bcec2debc707396f10a3c106adc64ec937fe754db2dd3,acquisition,
380,originals/ipho/2004/IPhO_2004_A2__60cab15f228ae293.pdf,files/ipho/2004/IPhO_2004_A2__60cab15f228ae293.pdf,60cab15f228ae293db8823bf7ef25811ef48acb8e914927ee49dbb1b24f675ad,116162,1,hardlink,60cab15f228ae293db8823bf7ef25811ef48acb8e914927ee49dbb1b24f675ad,acquisition,
381,originals/ipho/2004/IPhO_2004_Q3__a9a4e9f678153ab1.pdf,files/ipho/2004/IPhO_2004_Q3__a9a4e9f678153ab1.pdf,a9a4e9f678153ab190f268dc19930dab8067d05f1fbcb1d38cb9b38610f9ba4b,168554,3,hardlink,a9a4e9f678153ab190f268dc19930dab8067d05f1fbcb1d38cb9b38610f9ba4b,acquisition,
382,originals/ipho/2004/IPhO_2004_S3__f603df2f6c822665.pdf,files/ipho/2004/IPhO_2004_S3__f603df2f6c822665.pdf,f603df2f6c8226653eaeb61917c37919e41cc87ad25624b9d61aa65bfff2338e,199126,6,hardlink,f603df2f6c8226653eaeb61917c37919e41cc87ad25624b9d61aa65bfff2338e,acquisition,
383,originals/ipho/2004/IPhO_2004_Q4__7f8957552f2ac0e8.pdf,files/ipho/2004/IPhO_2004_Q4__7f8957552f2ac0e8.pdf,7f8957552f2ac0e8a84d30c7250cb9103e96c484d73707f02d8559dcec854b66,1040425,12,hardlink,7f8957552f2ac0e8a84d30c7250cb9103e96c484d73707f02d8559dcec854b66,acquisition,
384,originals/ipho/2004/IPhO_2004_A3__b79b6405c12bc855.pdf,files/ipho/2004/IPhO_2004_A3__b79b6405c12bc855.pdf,b79b6405c12bc8552fb444e6c0a48ec2a549bd24d89b62491dd4e61f6c841754,125025,2,hardlink,b79b6405c12bc8552fb444e6c0a48ec2a549bd24d89b62491dd4e61f6c841754,acquisition,
385,originals/ipho/2004/IPhO_2004_S4__e1bf1fb39e1fde4e.pdf,files/ipho/2004/IPhO_2004_S4__e1bf1fb39e1fde4e.pdf,e1bf1fb39e1fde4ecfe6565189e843580319aa87b1dceaea3187ea98e9bd2fe7,177203,11,hardlink,e1bf1fb39e1fde4ecfe6565189e843580319aa87b1dceaea3187ea98e9bd2fe7,acquisition,
386,originals/ipho/2003/IPhO_2003_Q1__9554af3bfef749d4.pdf,files/ipho/2003/IPhO_2003_Q1__9554af3bfef749d4.pdf,9554af3bfef749d42eb34503f04671ebc505e0c7c3a117f475e705cbc19b39c5,98193,3,hardlink,9554af3bfef749d42eb34503f04671ebc505e0c7c3a117f475e705cbc19b39c5,acquisition,
387,originals/ipho/2004/IPhO_2004_A4__c4116420953a95c7.pdf,files/ipho/2004/IPhO_2004_A4__c4116420953a95c7.pdf,c4116420953a95c7707910686f78d7ea03933cce0086e69e045f90d141f2e7df,103906,7,hardlink,c4116420953a95c7707910686f78d7ea03933cce0086e69e045f90d141f2e7df,acquisition,
388,originals/ipho/2003/IPhO_2003_S1__97a9794c915bf603.pdf,files/ipho/2003/IPhO_2003_S1__97a9794c915bf603.pdf,97a9794c915bf603d320bfdf4a75edc65489bf675a4e2a146ce50c9a278b460d,214309,9,hardlink,97a9794c915bf603d320bfdf4a75edc65489bf675a4e2a146ce50c9a278b460d,acquisition,
389,originals/ipho/2003/IPhO_2003_Q2__46337ad48f62aba2.pdf,files/ipho/2003/IPhO_2003_Q2__46337ad48f62aba2.pdf,46337ad48f62aba2394de255defc52f10ebdc0e002e2c8ee9af71774ab1c75c1,125883,4,hardlink,46337ad48f62aba2394de255defc52f10ebdc0e002e2c8ee9af71774ab1c75c1,acquisition,
39,originals/ipho/2025/IPhO_2025_Q2_tex__fc8e65f6333c9988.zip,files/ipho/2025/IPhO_2025_Q2_tex__fc8e65f6333c9988.zip,fc8e65f6333c9988a79975f386cc52e4868b20e3cf985a68feb0883fead2ba9b,470857,,hardlink,fc8e65f6333c9988a79975f386cc52e4868b20e3cf985a68feb0883fead2ba9b,acquisition,
390,originals/ipho/2003/IPhO_2003_S2__b76d459b3d8b8d9d.pdf,files/ipho/2003/IPhO_2003_S2__b76d459b3d8b8d9d.pdf,b76d459b3d8b8d9d559d0e0a62e36f285e186fc27abdb263d7944abddc01da62,102410,6,hardlink,b76d459b3d8b8d9d559d0e0a62e36f285e186fc27abdb263d7944abddc01da62,acquisition,
393,originals/ipho/2003/IPhO_2003_S4__053db0f17751b2b0.pdf,files/ipho/2003/IPhO_2003_S4__053db0f17751b2b0.pdf,053db0f17751b2b00951d7dae627a37c6a25626d2195245605a81f85384930e9,336368,16,hardlink,053db0f17751b2b00951d7dae627a37c6a25626d2195245605a81f85384930e9,acquisition,
394,originals/ipho/2003/IPhO_2003_Q4__7bf9860269e8c2fc.pdf,files/ipho/2003/IPhO_2003_Q4__7bf9860269e8c2fc.pdf,7bf9860269e8c2fc3abdd077a0445f350df28849b0e971b197587cf6dcfc1033,451864,13,hardlink,7bf9860269e8c2fc3abdd077a0445f350df28849b0e971b197587cf6dcfc1033,acquisition,
395,originals/ipho/2002/IPhO_2002_Q1__2119f1b7f274d98c.pdf,files/ipho/2002/IPhO_2002_Q1__2119f1b7f274d98c.pdf,2119f1b7f274d98cda03e30932893815c7469e10a3de1f93e3bfee7f30dd165e,17835,2,hardlink,2119f1b7f274d98cda03e30932893815c7469e10a3de1f93e3bfee7f30dd165e,acquisition,
398,originals/ipho/2002/IPhO_2002_S1__6c8413aaa71cb48a.pdf,files/ipho/2002/IPhO_2002_S1__6c8413aaa71cb48a.pdf,6c8413aaa71cb48aceccb49fb6c7ee2263937f9677eb303e4b4007dd5abc6174,52047,4,hardlink,6c8413aaa71cb48aceccb49fb6c7ee2263937f9677eb303e4b4007dd5abc6174,acquisition,
399,originals/ipho/2002/IPhO_2002_Q2__be2fb24f7f026710.pdf,files/ipho/2002/IPhO_2002_Q2__be2fb24f7f026710.pdf,be2fb24f7f026710841bbac19b4a43c53c5d9b1182ce2c22dddceb8de26e3068,20589,3,hardlink,be2fb24f7f026710841bbac19b4a43c53c5d9b1182ce2c22dddceb8de26e3068,acquisition,
4,originals/ipho/2026/IPhO_2026_Q1_tex__3acd68ed62e8636e.zip,files/ipho/2026/IPhO_2026_Q1_tex__3acd68ed62e8636e.zip,3acd68ed62e8636e72ad8761aea7fddb20ad8b4f89e49e70b9366a0be9aba845,79123,,hardlink,3acd68ed62e8636e72ad8761aea7fddb20ad8b4f89e49e70b9366a0be9aba845,acquisition,
400,originals/ipho/2002/IPhO_2002_Q3__25f56b40eb036b7f.pdf,files/ipho/2002/IPhO_2002_Q3__25f56b40eb036b7f.pdf,25f56b40eb036b7f75ae1caa691081286d6ad285b584aebc3439572e1a9abd9b,15662,3,hardlink,25f56b40eb036b7f75ae1caa691081286d6ad285b584aebc3439572e1a9abd9b,acquisition,
401,originals/ipho/2002/IPhO_2002_S3__0097a3822cede395.pdf,files/ipho/2002/IPhO_2002_S3__0097a3822cede395.pdf,0097a3822cede395928b0aba3e90df7a1277dcd689decf875bbcfe32e9e5dccb,34232,9,hardlink,0097a3822cede395928b0aba3e90df7a1277dcd689decf875bbcfe32e9e5dccb,acquisition,
402,originals/ipho/2002/IPhO_2002_S2__d22fdfc5e5a98c47.pdf,files/ipho/2002/IPhO_2002_S2__d22fdfc5e5a98c47.pdf,d22fdfc5e5a98c4797953cb2c6b72ba3160f84aa4ce9f405f0f61d03a5cbf587,58239,4,hardlink,d22fdfc5e5a98c4797953cb2c6b72ba3160f84aa4ce9f405f0f61d03a5cbf587,acquisition,
403,originals/ipho/2002/IPhO_2002_Q4__6b2a1604302801c3.pdf,files/ipho/2002/IPhO_2002_Q4__6b2a1604302801c3.pdf,6b2a1604302801c3ac0a08ab9467f7bb8426115eabcc880f7525061557f2eafc,24587,4,hardlink,6b2a1604302801c3ac0a08ab9467f7bb8426115eabcc880f7525061557f2eafc,acquisition,
404,originals/ipho/2002/IPhO_2002_S4__f3656b3128d231e3.pdf,files/ipho/2002/IPhO_2002_S4__f3656b3128d231e3.pdf,f3656b3128d231e3b5fd49d7f5c74812d86fea2f37f2b68315e3363e70c4c836,257496,7,hardlink,f3656b3128d231e3b5fd49d7f5c74812d86fea2f37f2b68315e3363e70c4c836,acquisition,
405,originals/ipho/2002/IPhO_2002_Q5__67c7a12b4ef26938.pdf,files/ipho/2002/IPhO_2002_Q5__67c7a12b4ef26938.pdf,67c7a12b4ef26938115ad2a5295c0413cee65a0ee7fb41782ff10938f56c62cf,24685,7,hardlink,67c7a12b4ef26938115ad2a5295c0413cee65a0ee7fb41782ff10938f56c62cf,acquisition,
406,originals/ipho/2002/IPhO_2002_S5__3d256c5875caa1a6.pdf,files/ipho/2002/IPhO_2002_S5__3d256c5875caa1a6.pdf,3d256c5875caa1a68233f0fdc3b207c82707ef6a7f64420f82da1ac3f6723c3b,25439,5,hardlink,3d256c5875caa1a68233f0fdc3b207c82707ef6a7f64420f82da1ac3f6723c3b,acquisition,
407,originals/ipho/2001/IPhO_2001_S1__4ee2e110d625cb80.pdf,files/ipho/2001/IPhO_2001_S1__4ee2e110d625cb80.pdf,4ee2e110d625cb802decc1462033e7f4365b7396271306cf6b68aa0e7773bda0,473860,3,hardlink,4ee2e110d625cb802decc1462033e7f4365b7396271306cf6b68aa0e7773bda0,acquisition,
408,originals/ipho/2001/IPhO_2001_Q1__0a77e5ef689b46e0.pdf,files/ipho/2001/IPhO_2001_Q1__0a77e5ef689b46e0.pdf,0a77e5ef689b46e0c65f5def3fa840a148c04bc82db4537b6c34968d7bc35abd,351651,2,hardlink,0a77e5ef689b46e0c65f5def3fa840a148c04bc82db4537b6c34968d7bc35abd,acquisition,
409,originals/ipho/2001/IPhO_2001_Q2__ba4d5fe01013afae.pdf,files/ipho/2001/IPhO_2001_Q2__ba4d5fe01013afae.pdf,ba4d5fe01013afaec1bea231ece243340d16488534c2ca72c401fe8a3dc5be97,182332,1,hardlink,ba4d5fe01013afaec1bea231ece243340d16488534c2ca72c401fe8a3dc5be97,acquisition,
41,originals/ipho/2025/IPhO_2025_S2_tex__d482ecf41e783fe2.pdf,files/ipho/2025/IPhO_2025_S2_tex__d482ecf41e783fe2.pdf,d482ecf41e783fe29e9afbc78da2ea7beebc2bf12189529cb5fe28722e54cdb2,465985,15,hardlink,d482ecf41e783fe29e9afbc78da2ea7beebc2bf12189529cb5fe28722e54cdb2,acquisition,
410,originals/ipho/2001/IPhO_2001_S2__0b2e95ac4d65c831.pdf,files/ipho/2001/IPhO_2001_S2__0b2e95ac4d65c831.pdf,0b2e95ac4d65c8313f7f1c8be7100b7ace424c84d5caad078527292a23045704,168298,2,hardlink,0b2e95ac4d65c8313f7f1c8be7100b7ace424c84d5caad078527292a23045704,acquisition,
411,originals/ipho/2001/IPhO_2001_Q3__ba5ece929337a33f.pdf,files/ipho/2001/IPhO_2001_Q3__ba5ece929337a33f.pdf,ba5ece929337a33f4b3e401627b04d2e109b80223821b7b9478d59f48494bcc7,161236,1,hardlink,ba5ece929337a33f4b3e401627b04d2e109b80223821b7b9478d59f48494bcc7,acquisition,
412,originals/ipho/2001/IPhO_2001_Q4__d4dc93246ea0ad70.pdf,files/ipho/2001/IPhO_2001_Q4__d4dc93246ea0ad70.pdf,d4dc93246ea0ad707db22c3a52d8a6bdbfe1adcf56638b5e9a75dc5f668b57b1,201172,12,hardlink,d4dc93246ea0ad707db22c3a52d8a6bdbfe1adcf56638b5e9a75dc5f668b57b1,acquisition,
413,originals/ipho/2001/IPhO_2001_S3__2c8b360cefd82869.pdf,files/ipho/2001/IPhO_2001_S3__2c8b360cefd82869.pdf,2c8b360cefd8286936004b0a829ab24aca425cf3bf9c41f0254c1a565d7858ec,175660,3,hardlink,2c8b360cefd8286936004b0a829ab24aca425cf3bf9c41f0254c1a565d7858ec,acquisition,
414,originals/ipho/2001/IPhO_2001_S4__fc81e0f84f51c8aa.pdf,files/ipho/2001/IPhO_2001_S4__fc81e0f84f51c8aa.pdf,fc81e0f84f51c8aa7e468b7653d8edfaa2f83c1ae7564f54567a5a710b888000,233507,8,hardlink,fc81e0f84f51c8aa7e468b7653d8edfaa2f83c1ae7564f54567a5a710b888000,acquisition,
415,originals/ipho/2000/IPhO_2000_S1__45dd36313cc1751f.pdf,files/ipho/2000/IPhO_2000_S1__45dd36313cc1751f.pdf,45dd36313cc1751fa79ff1c206dbb746b14e7e81016236436ed9860b26467b56,727172,13,hardlink,45dd36313cc1751fa79ff1c206dbb746b14e7e81016236436ed9860b26467b56,acquisition,
417,originals/ipho/2000/IPhO_2000_Q1__2fc5189cd3644ebc.pdf,files/ipho/2000/IPhO_2000_Q1__2fc5189cd3644ebc.pdf,2fc5189cd3644ebcf30c610664c8b761f1425eb4af5a5e1906b29ec924e643e5,144287,3,hardlink,2fc5189cd3644ebcf30c610664c8b761f1425eb4af5a5e1906b29ec924e643e5,acquisition,
418,originals/ipho/2000/IPhO_2000_Q3__a0752a1b1aae7fa5.pdf,files/ipho/2000/IPhO_2000_Q3__a0752a1b1aae7fa5.pdf,a0752a1b1aae7fa523e9c25dbc45dc8154e6786e83f8c8ac60744742036bd2d5,186531,3,hardlink,a0752a1b1aae7fa523e9c25dbc45dc8154e6786e83f8c8ac60744742036bd2d5,acquisition,
42,originals/ipho/2025/2025-2__a51c1b6f88709a6e.tex,files/ipho/2025/2025-2__a51c1b6f88709a6e.tex,a51c1b6f88709a6e1152230254adefc20c8f569adc8c0993d337fbac501f2c21,14690,,hardlink,a51c1b6f88709a6e1152230254adefc20c8f569adc8c0993d337fbac501f2c21,acquisition,
420,originals/ipho/2000/IPhO_2000_S3__b13f83556c912a90.pdf,files/ipho/2000/IPhO_2000_S3__b13f83556c912a90.pdf,b13f83556c912a90bb8bab6b6136dc70a669a53801af10d56e8c6fb42aab5786,123218,2,hardlink,b13f83556c912a90bb8bab6b6136dc70a669a53801af10d56e8c6fb42aab5786,acquisition,
421,originals/ipho/2000/IPhO_2000_Q4__9196cee05b9d7800.pdf,files/ipho/2000/IPhO_2000_Q4__9196cee05b9d7800.pdf,9196cee05b9d7800a543cd00f1f0cd2cdd10e99e103be9ebd5f161dfd1d148ff,241409,5,hardlink,9196cee05b9d7800a543cd00f1f0cd2cdd10e99e103be9ebd5f161dfd1d148ff,acquisition,
422,originals/ipho/2000/IPhO_2000_Q5__1f332deeec1ea8a9.pdf,files/ipho/2000/IPhO_2000_Q5__1f332deeec1ea8a9.pdf,1f332deeec1ea8a96ee0a6d3a2feca7992371882835090c97f8460cf607b5b77,145408,2,hardlink,1f332deeec1ea8a96ee0a6d3a2feca7992371882835090c97f8460cf607b5b77,acquisition,
423,originals/ipho/1999/IPhO_1999_Q1__94db6eb1ea95284b.pdf,files/ipho/1999/IPhO_1999_Q1__94db6eb1ea95284b.pdf,94db6eb1ea95284bc9147061ee02499c661eb457b938d98b14db119f1c3e40b7,45655,5,hardlink,94db6eb1ea95284bc9147061ee02499c661eb457b938d98b14db119f1c3e40b7,acquisition,
424,originals/ipho/1999/IPhO_1999_S1__d2e5289195d3030a.pdf,files/ipho/1999/IPhO_1999_S1__d2e5289195d3030a.pdf,d2e5289195d3030a2c33784d6012de08c28c00b298b5283553509f4bf28f1fdb,30652,3,hardlink,d2e5289195d3030a2c33784d6012de08c28c00b298b5283553509f4bf28f1fdb,acquisition,
425,originals/ipho/1999/IPhO_1999_Q2__2337fd3e5b0060f0.pdf,files/ipho/1999/IPhO_1999_Q2__2337fd3e5b0060f0.pdf,2337fd3e5b0060f0f0335a4f4d55b9938bd397f5c5c94a2f451c1e8556addf10,67429,3,hardlink,2337fd3e5b0060f0f0335a4f4d55b9938bd397f5c5c94a2f451c1e8556addf10,acquisition,
426,originals/ipho/1999/IPhO_1999_S2__71178fdfabab96ff.pdf,files/ipho/1999/IPhO_1999_S2__71178fdfabab96ff.pdf,71178fdfabab96ffd77fb632dd5d640ed98585640ef318ae9bfc9964d73546ee,46894,4,hardlink,71178fdfabab96ffd77fb632dd5d640ed98585640ef318ae9bfc9964d73546ee,acquisition,
427,originals/ipho/1999/IPhO_1999_S3__1432489ff514cbec.pdf,files/ipho/1999/IPhO_1999_S3__1432489ff514cbec.pdf,1432489ff514cbecdf4b5c36b4b5d3b367cfeae5183eff92b9a2254040c413aa,43750,6,hardlink,1432489ff514cbecdf4b5c36b4b5d3b367cfeae5183eff92b9a2254040c413aa,acquisition,
428,originals/ipho/1999/IPhO_1999_Q3__3d5840b0e8a61e12.pdf,files/ipho/1999/IPhO_1999_Q3__3d5840b0e8a61e12.pdf,3d5840b0e8a61e12ea8bc60daded072a41dfd8d1dc91db6a9c2e651775fe163a,46958,5,hardlink,3d5840b0e8a61e12ea8bc60daded072a41dfd8d1dc91db6a9c2e651775fe163a,acquisition,
429,originals/ipho/1999/IPhO_1999_Q4__5fab37d5b74e2d52.pdf,files/ipho/1999/IPhO_1999_Q4__5fab37d5b74e2d52.pdf,5fab37d5b74e2d52c97672ae0dbe8809eb81dfbe72d33dad8b951661e728e700,458912,7,hardlink,5fab37d5b74e2d52c97672ae0dbe8809eb81dfbe72d33dad8b951661e728e700,acquisition,
43,originals/ipho/2025/IPhO_2025_Q3__d8715ed3a2c6e552.pdf,files/ipho/2025/IPhO_2025_Q3__d8715ed3a2c6e552.pdf,d8715ed3a2c6e552f294aef451382db869c8e7fd800621a7b1b30886c705cdd8,478721,5,hardlink,d8715ed3a2c6e552f294aef451382db869c8e7fd800621a7b1b30886c705cdd8,acquisition,
430,originals/ipho/1999/IPhO_1999_S4__1454fef0891466c0.pdf,files/ipho/1999/IPhO_1999_S4__1454fef0891466c0.pdf,1454fef0891466c0a2b3f04a58c9dc34446216d44c023565d1b97fc8b3dcc8da,203636,7,hardlink,1454fef0891466c0a2b3f04a58c9dc34446216d44c023565d1b97fc8b3dcc8da,acquisition,
431,originals/ipho/1998/IPhO_1998_Q1__6e9b7d53ff8d8f47.pdf,files/ipho/1998/IPhO_1998_Q1__6e9b7d53ff8d8f47.pdf,6e9b7d53ff8d8f47f0fcbe3793f15a9393e4bb4e3d837692e29dd29b9a6c9ca0,997024,2,hardlink,6e9b7d53ff8d8f47f0fcbe3793f15a9393e4bb4e3d837692e29dd29b9a6c9ca0,acquisition,
432,originals/ipho/1998/IPhO_1998_S1__84c57b824a4150f7.pdf,files/ipho/1998/IPhO_1998_S1__84c57b824a4150f7.pdf,84c57b824a4150f7a2f926efc58d9f67cfb33c73b4cbfe57f9cf44b4a74e731f,2772118,7,hardlink,84c57b824a4150f7a2f926efc58d9f67cfb33c73b4cbfe57f9cf44b4a74e731f,acquisition,
433,originals/ipho/1998/IPhO_1998_Q2__8fc568d0713697ae.pdf,files/ipho/1998/IPhO_1998_Q2__8fc568d0713697ae.pdf,8fc568d0713697aededa59c35fe6dce8e87a7d26db1b5706d9f6f8982ffded53,2266548,3,hardlink,8fc568d0713697aededa59c35fe6dce8e87a7d26db1b5706d9f6f8982ffded53,acquisition,
434,originals/ipho/1998/IPhO_1998_Q3__cc81f6dc6ae524f4.pdf,files/ipho/1998/IPhO_1998_Q3__cc81f6dc6ae524f4.pdf,cc81f6dc6ae524f44758941b0658028f058927e6d267b253adb1b3992a7b7bdb,1687632,3,hardlink,cc81f6dc6ae524f44758941b0658028f058927e6d267b253adb1b3992a7b7bdb,acquisition,
435,originals/ipho/1998/IPhO_1998_S2__ca01d4d82bacbffb.pdf,files/ipho/1998/IPhO_1998_S2__ca01d4d82bacbffb.pdf,ca01d4d82bacbffb82b0c27e3a4e3a85904bf9db9d786cff211e6cb1227b0411,2041109,5,hardlink,ca01d4d82bacbffb82b0c27e3a4e3a85904bf9db9d786cff211e6cb1227b0411,acquisition,
436,originals/ipho/1998/IPhO_1998_Q4__26b45ae84bf0eb3b.pdf,files/ipho/1998/IPhO_1998_Q4__26b45ae84bf0eb3b.pdf,26b45ae84bf0eb3bdaed5ac460c2b9b45ec1a8970b4e7b6d4c408d857df5d772,162448,6,hardlink,26b45ae84bf0eb3bdaed5ac460c2b9b45ec1a8970b4e7b6d4c408d857df5d772,acquisition,
437,originals/ipho/1998/IPhO_1998_S3__aa4829e049fa209b.pdf,files/ipho/1998/IPhO_1998_S3__aa4829e049fa209b.pdf,aa4829e049fa209b8f9c01fd0992fefce896cd9de3a96058a9efc312ff74598b,2618813,7,hardlink,aa4829e049fa209b8f9c01fd0992fefce896cd9de3a96058a9efc312ff74598b,acquisition,
438,originals/ipho/1997/IPhO_1997_Q1__076296d4641c5039.pdf,files/ipho/1997/IPhO_1997_Q1__076296d4641c5039.pdf,076296d4641c503954b44c9403ac4a1bf58e7a2e0e85874ac5b2907abc767333,73994,1,hardlink,076296d4641c503954b44c9403ac4a1bf58e7a2e0e85874ac5b2907abc767333,acquisition,
439,originals/ipho/1997/IPhO_1997_S1__b51eff9e3af06988.pdf,files/ipho/1997/IPhO_1997_S1__b51eff9e3af06988.pdf,b51eff9e3af06988db35643ec5e1ef08dd9d2b1444ea30be86eb3eb1954da76c,358194,6,hardlink,b51eff9e3af06988db35643ec5e1ef08dd9d2b1444ea30be86eb3eb1954da76c,acquisition,
44,originals/ipho/2025/IPhO_2025_A3__b87758c6c759d984.pdf,files/ipho/2025/IPhO_2025_A3__b87758c6c759d984.pdf,b87758c6c759d984ae2cc56a95a7f3cfa7823e8262310f13f8601edbf66fa09c,33074,3,hardlink,b87758c6c759d984ae2cc56a95a7f3cfa7823e8262310f13f8601edbf66fa09c,acquisition,
440,originals/ipho/1997/IPhO_1997_S2__65f3a07f6c21f08c.pdf,files/ipho/1997/IPhO_1997_S2__65f3a07f6c21f08c.pdf,65f3a07f6c21f08c8ea9804fb7867c62da371a3beb673b2dbe9c8ee9f493fead,248850,4,hardlink,65f3a07f6c21f08c8ea9804fb7867c62da371a3beb673b2dbe9c8ee9f493fead,acquisition,
441,originals/ipho/1997/IPhO_1997_Q3__def56bfce26ab84a.pdf,files/ipho/1997/IPhO_1997_Q3__def56bfce26ab84a.pdf,def56bfce26ab84aa26f42339a76648657707c4c205a39c5f3dc15851a0c5fb8,187412,3,hardlink,def56bfce26ab84aa26f42339a76648657707c4c205a39c5f3dc15851a0c5fb8,acquisition,
442,originals/ipho/1997/IPhO_1997_Q2__0b67f66e53f6dbf3.pdf,files/ipho/1997/IPhO_1997_Q2__0b67f66e53f6dbf3.pdf,0b67f66e53f6dbf390370ee57de49945487125629a3bfde53ac1fbacafdccc2b,193099,3,hardlink,0b67f66e53f6dbf390370ee57de49945487125629a3bfde53ac1fbacafdccc2b,acquisition,
443,originals/ipho/1997/IPhO_1997_S3__5f45e739f680e4d0.pdf,files/ipho/1997/IPhO_1997_S3__5f45e739f680e4d0.pdf,5f45e739f680e4d053a4ad34befc29286127b7c772eb636ab304e64dcbb9ca78,309087,5,hardlink,5f45e739f680e4d053a4ad34befc29286127b7c772eb636ab304e64dcbb9ca78,acquisition,
444,originals/ipho/1997/IPhO_1997_Q4__c4d7c5180144cda8.pdf,files/ipho/1997/IPhO_1997_Q4__c4d7c5180144cda8.pdf,c4d7c5180144cda8c7f98f1b7e877f6865a62d5b8bc4f9195d4f0c7d62cece13,128427,4,hardlink,c4d7c5180144cda8c7f98f1b7e877f6865a62d5b8bc4f9195d4f0c7d62cece13,acquisition,
445,originals/ipho/1997/IPhO_1997_S4__9306e836998a87b8.pdf,files/ipho/1997/IPhO_1997_S4__9306e836998a87b8.pdf,9306e836998a87b828561f1ebe7f6028319ae047ecc69c836b274e6b28577b91,168978,9,hardlink,9306e836998a87b828561f1ebe7f6028319ae047ecc69c836b274e6b28577b91,acquisition,
446,originals/ipho/1996/IPhO_1996_Q1__f2e460deaa9d0470.pdf,files/ipho/1996/IPhO_1996_Q1__f2e460deaa9d0470.pdf,f2e460deaa9d04700c02662b3a815d6714fb65f082e2b89276911dbdf75c93ad,138393,2,hardlink,f2e460deaa9d04700c02662b3a815d6714fb65f082e2b89276911dbdf75c93ad,acquisition,
447,originals/ipho/1996/IPhO_1996_S1__2e6032eb20885368.pdf,files/ipho/1996/IPhO_1996_S1__2e6032eb20885368.pdf,2e6032eb20885368739801dfd1491874d940d9a4497bf0408d6ba8bd428de03a,300138,4,hardlink,2e6032eb20885368739801dfd1491874d940d9a4497bf0408d6ba8bd428de03a,acquisition,
448,originals/ipho/1996/IPhO_1996_Q2__48076bc2bbe6c035.pdf,files/ipho/1996/IPhO_1996_Q2__48076bc2bbe6c035.pdf,48076bc2bbe6c03595d949b89ee023ae5c2ce20b3f1b6a3b8bccdfba47987527,145003,2,hardlink,48076bc2bbe6c03595d949b89ee023ae5c2ce20b3f1b6a3b8bccdfba47987527,acquisition,
449,originals/ipho/1996/IPhO_1996_S2__27ded1eab98b6527.pdf,files/ipho/1996/IPhO_1996_S2__27ded1eab98b6527.pdf,27ded1eab98b65278104c5e65a3ff34fc4f6c164a000088da66fb064a1d8fd86,316724,4,hardlink,27ded1eab98b65278104c5e65a3ff34fc4f6c164a000088da66fb064a1d8fd86,acquisition,
45,originals/ipho/2025/IPhO_2025_S3__fed9e276bcc33b30.pdf,files/ipho/2025/IPhO_2025_S3__fed9e276bcc33b30.pdf,fed9e276bcc33b300fcf58a510554ccbe503f0a5da1b27ab22b9414aeca7c913,536377,13,hardlink,fed9e276bcc33b300fcf58a510554ccbe503f0a5da1b27ab22b9414aeca7c913,acquisition,
450,originals/ipho/1996/IPhO_1996_Q3__13e0b091cec8061c.pdf,files/ipho/1996/IPhO_1996_Q3__13e0b091cec8061c.pdf,13e0b091cec8061c31773cd358b891064ad9ee593f7d4bf6dfa22fb94561dc21,136579,2,hardlink,13e0b091cec8061c31773cd358b891064ad9ee593f7d4bf6dfa22fb94561dc21,acquisition,
451,originals/ipho/1996/IPhO_1996_S3__e9cd537ed71e1bb7.pdf,files/ipho/1996/IPhO_1996_S3__e9cd537ed71e1bb7.pdf,e9cd537ed71e1bb7e368ca135444b4bfc0cd5188345f448d1b25a4a151141ef1,341586,4,hardlink,e9cd537ed71e1bb7e368ca135444b4bfc0cd5188345f448d1b25a4a151141ef1,acquisition,
452,originals/ipho/1996/IPhO_1996_Q4__3de204b53cea0571.pdf,files/ipho/1996/IPhO_1996_Q4__3de204b53cea0571.pdf,3de204b53cea0571f2ca855e83c69531d6c8ff5db82c7d8db262f27ecff9034e,892935,12,hardlink,3de204b53cea0571f2ca855e83c69531d6c8ff5db82c7d8db262f27ecff9034e,acquisition,
453,originals/ipho/1996/IPhO_1996_S4__c372ccc9bc7167c5.pdf,files/ipho/1996/IPhO_1996_S4__c372ccc9bc7167c5.pdf,c372ccc9bc7167c5ae02b04160c6ec4860dfc89a18fecf50669f0483ca99b189,1456621,18,hardlink,c372ccc9bc7167c5ae02b04160c6ec4860dfc89a18fecf50669f0483ca99b189,acquisition,
454,originals/ipho/1995/IPhO_1995_Q1__df9702091d0e36ff.pdf,files/ipho/1995/IPhO_1995_Q1__df9702091d0e36ff.pdf,df9702091d0e36ff8345658013b4d785f8098b2d90a8ef3cdbf90ffd144f2e12,53066,2,hardlink,df9702091d0e36ff8345658013b4d785f8098b2d90a8ef3cdbf90ffd144f2e12,acquisition,
455,originals/ipho/1995/IPhO_1995_S1__3fd408b2bfca5ccd.pdf,files/ipho/1995/IPhO_1995_S1__3fd408b2bfca5ccd.pdf,3fd408b2bfca5ccd163e8bf9e4a1528853d69a253c80a20d8e82c345e9e00d64,119608,4,hardlink,3fd408b2bfca5ccd163e8bf9e4a1528853d69a253c80a20d8e82c345e9e00d64,acquisition,
456,originals/ipho/1995/IPhO_1995_Q2__5eb9e3dbf4f747ca.pdf,files/ipho/1995/IPhO_1995_Q2__5eb9e3dbf4f747ca.pdf,5eb9e3dbf4f747ca3cde4456e4735e377f56aa3ed2076f97edc9ab297489129f,63978,2,hardlink,5eb9e3dbf4f747ca3cde4456e4735e377f56aa3ed2076f97edc9ab297489129f,acquisition,
458,originals/ipho/1995/IPhO_1995_S2__dfb224c6ab783bf5.pdf,files/ipho/1995/IPhO_1995_S2__dfb224c6ab783bf5.pdf,dfb224c6ab783bf54e9c448d9b3e6ebc9320452f6ba24a4ea1e3d77df43dc6b8,78556,3,hardlink,dfb224c6ab783bf54e9c448d9b3e6ebc9320452f6ba24a4ea1e3d77df43dc6b8,acquisition,
459,originals/ipho/1995/IPhO_1995_S3__7943fe52833772f8.pdf,files/ipho/1995/IPhO_1995_S3__7943fe52833772f8.pdf,7943fe52833772f838443f857941602269c27a9a8c1d31772c6aea7fdffc7ae1,147076,3,hardlink,7943fe52833772f838443f857941602269c27a9a8c1d31772c6aea7fdffc7ae1,acquisition,
460,originals/ipho/1995/IPhO_1995_Q3__505ec635abe1045d.pdf,files/ipho/1995/IPhO_1995_Q3__505ec635abe1045d.pdf,505ec635abe1045d7bafff07c11516014a8eda268c6519a6b0885d6e87940806,76722,2,hardlink,505ec635abe1045d7bafff07c11516014a8eda268c6519a6b0885d6e87940806,acquisition,
461,originals/ipho/1995/IPhO_1995_Q4__3d6ace201fa966eb.pdf,files/ipho/1995/IPhO_1995_Q4__3d6ace201fa966eb.pdf,3d6ace201fa966ebea1240456128df34f797c9eae9cd140ea1320499e39daac8,31926,1,hardlink,3d6ace201fa966ebea1240456128df34f797c9eae9cd140ea1320499e39daac8,acquisition,
462,originals/ipho/1995/IPhO_1995_S4__f20b553c8b4e1978.pdf,files/ipho/1995/IPhO_1995_S4__f20b553c8b4e1978.pdf,f20b553c8b4e1978873f4c64b834f46b5543c321e8f3f282ce03bf3f42aec9d0,43707,3,hardlink,f20b553c8b4e1978873f4c64b834f46b5543c321e8f3f282ce03bf3f42aec9d0,acquisition,
463,originals/ipho/1995/IPhO_1995_Q5__244d83a88f4d3e32.pdf,files/ipho/1995/IPhO_1995_Q5__244d83a88f4d3e32.pdf,244d83a88f4d3e32a6d79f1fba57a6d9762414e2ceb9e1448706d704ddd495d0,33863,2,hardlink,244d83a88f4d3e32a6d79f1fba57a6d9762414e2ceb9e1448706d704ddd495d0,acquisition,
464,originals/ipho/1995/IPhO_1995_S5__878257422ae0985b.pdf,files/ipho/1995/IPhO_1995_S5__878257422ae0985b.pdf,878257422ae0985bcc2d6ae0cff9a73b695c40f19d092a5f244a72ac8126ed33,69821,5,hardlink,878257422ae0985bcc2d6ae0cff9a73b695c40f19d092a5f244a72ac8126ed33,acquisition,
465,originals/ipho/1994/IPhO_1994_S1__2933fcb8d9d157fb.pdf,files/ipho/1994/IPhO_1994_S1__2933fcb8d9d157fb.pdf,2933fcb8d9d157fba0d116d2ec76223c81d72fde698275c92a449b3b5d5b9e12,331383,5,hardlink,2933fcb8d9d157fba0d116d2ec76223c81d72fde698275c92a449b3b5d5b9e12,acquisition,
466,originals/ipho/1994/IPhO_1994_Q1__ed04a937aa8b7a06.pdf,files/ipho/1994/IPhO_1994_Q1__ed04a937aa8b7a06.pdf,ed04a937aa8b7a06cb9eddb3e8b8399045a076d1d48805275bcd9cd466bf257f,127204,2,hardlink,ed04a937aa8b7a06cb9eddb3e8b8399045a076d1d48805275bcd9cd466bf257f,acquisition,
467,originals/ipho/1994/IPhO_1994_S2__9fa2c83d987e4ed3.pdf,files/ipho/1994/IPhO_1994_S2__9fa2c83d987e4ed3.pdf,9fa2c83d987e4ed39736b7b5d199ae23813d98dcfea86cd96c60040f1c8d31dd,409025,5,hardlink,9fa2c83d987e4ed39736b7b5d199ae23813d98dcfea86cd96c60040f1c8d31dd,acquisition,
468,originals/ipho/1994/IPhO_1994_Q3__d441ba909fb02886.pdf,files/ipho/1994/IPhO_1994_Q3__d441ba909fb02886.pdf,d441ba909fb028863ed61aea641045caf281eead0e6c7f4de5933917e8aaffe3,93257,1,hardlink,d441ba909fb028863ed61aea641045caf281eead0e6c7f4de5933917e8aaffe3,acquisition,
469,originals/ipho/1994/IPhO_1994_Q2__3a929d9d255b46b6.pdf,files/ipho/1994/IPhO_1994_Q2__3a929d9d255b46b6.pdf,3a929d9d255b46b645f2141ea012b3d038842bfb123dd83a9225c6acefeb310c,381067,4,hardlink,3a929d9d255b46b645f2141ea012b3d038842bfb123dd83a9225c6acefeb310c,acquisition,
47,originals/ipho/2025/IPhO_2025_Q3_tex__98b7e97254297f13.zip,files/ipho/2025/IPhO_2025_Q3_tex__98b7e97254297f13.zip,98b7e97254297f1312fbe4ede39d65f1a1c6162d0a01b066d80b8f1c006e5dde,299963,,hardlink,98b7e97254297f1312fbe4ede39d65f1a1c6162d0a01b066d80b8f1c006e5dde,acquisition,
470,originals/ipho/1994/IPhO_1994_S3__68d7abdf9d1258fc.pdf,files/ipho/1994/IPhO_1994_S3__68d7abdf9d1258fc.pdf,68d7abdf9d1258fc3e1de1471fbcc7208eac9f531a06d115f7ae7a0895e8adcd,239066,4,hardlink,68d7abdf9d1258fc3e1de1471fbcc7208eac9f531a06d115f7ae7a0895e8adcd,acquisition,
471,originals/ipho/1994/IPhO_1994_Q4__353c78e8c3dff876.pdf,files/ipho/1994/IPhO_1994_Q4__353c78e8c3dff876.pdf,353c78e8c3dff87603b87a3b46c87aa243335dcbd4a5bbcbaface1348a8c6156,649512,4,hardlink,353c78e8c3dff87603b87a3b46c87aa243335dcbd4a5bbcbaface1348a8c6156,acquisition,
472,originals/ipho/1994/IPhO_1994_S4__e6b5a05dd281cb16.pdf,files/ipho/1994/IPhO_1994_S4__e6b5a05dd281cb16.pdf,e6b5a05dd281cb169c1c72bf43f8e0c0d257bce1fc680bb56a1a55e728453ec1,553687,5,hardlink,e6b5a05dd281cb169c1c72bf43f8e0c0d257bce1fc680bb56a1a55e728453ec1,acquisition,
473,originals/ipho/1994/IPhO_1994_Q5__9bd220e7557a6b9a.pdf,files/ipho/1994/IPhO_1994_Q5__9bd220e7557a6b9a.pdf,9bd220e7557a6b9a7d5c1d60ab7e81670d817c79a659f391343ea1c9b45c3f4d,232918,2,hardlink,9bd220e7557a6b9a7d5c1d60ab7e81670d817c79a659f391343ea1c9b45c3f4d,acquisition,
474,originals/ipho/1994/IPhO_1994_S5__e48c37bad9abaa75.pdf,files/ipho/1994/IPhO_1994_S5__e48c37bad9abaa75.pdf,e48c37bad9abaa7509d163a53989b8f6f0d12421a7bfcb87eccfc7e303c74034,499974,5,hardlink,e48c37bad9abaa7509d163a53989b8f6f0d12421a7bfcb87eccfc7e303c74034,acquisition,
475,originals/ipho/1993/IPhO_1993_Q1__b3652787244ebfad.pdf,files/ipho/1993/IPhO_1993_Q1__b3652787244ebfad.pdf,b3652787244ebfad4042517e9c55a858e4a7a0a1cddb4ccb03f4972c5c3ac9d3,308315,3,hardlink,b3652787244ebfad4042517e9c55a858e4a7a0a1cddb4ccb03f4972c5c3ac9d3,acquisition,
476,originals/ipho/1993/IPhO_1993_S1__7bd86eea0049f190.pdf,files/ipho/1993/IPhO_1993_S1__7bd86eea0049f190.pdf,7bd86eea0049f190e8e989edde7287c4a371aeb847003d6f8eed794cd0227a64,341526,3,hardlink,7bd86eea0049f190e8e989edde7287c4a371aeb847003d6f8eed794cd0227a64,acquisition,
477,originals/ipho/1993/IPhO_1993_Q2__2fd438407e6d584e.pdf,files/ipho/1993/IPhO_1993_Q2__2fd438407e6d584e.pdf,2fd438407e6d584ef7d02ea50d3e197c07dcc94702c376209bb92e2bee68286d,172090,2,hardlink,2fd438407e6d584ef7d02ea50d3e197c07dcc94702c376209bb92e2bee68286d,acquisition,
478,originals/ipho/1993/IPhO_1993_S2__9a2e19363ec3b8e1.pdf,files/ipho/1993/IPhO_1993_S2__9a2e19363ec3b8e1.pdf,9a2e19363ec3b8e1d9a852205a5a201cadc7ac1c3246683e41832737af3b234d,527667,6,hardlink,9a2e19363ec3b8e1d9a852205a5a201cadc7ac1c3246683e41832737af3b234d,acquisition,
479,originals/ipho/1993/IPhO_1993_Q3__6a1c8ad6d7464557.pdf,files/ipho/1993/IPhO_1993_Q3__6a1c8ad6d7464557.pdf,6a1c8ad6d74645576a7fcb55ce01c9b4081496cf47b2c3e8b8a0615acb805821,206068,2,hardlink,6a1c8ad6d74645576a7fcb55ce01c9b4081496cf47b2c3e8b8a0615acb805821,acquisition,
48,originals/ipho/2025/2025-1__6de5822cb662820d.tex,files/ipho/2025/2025-1__6de5822cb662820d.tex,6de5822cb662820dab8a18e66b5864cb303b6ea0a64932a84100010c63e4ac78,12553,,hardlink,6de5822cb662820dab8a18e66b5864cb303b6ea0a64932a84100010c63e4ac78,acquisition,
480,originals/ipho/1993/IPhO_1993_S3__83c34eaa6cda69aa.pdf,files/ipho/1993/IPhO_1993_S3__83c34eaa6cda69aa.pdf,83c34eaa6cda69aa854980fc17275e1240915ebdd75f8062d93b13bc6196bef9,309922,4,hardlink,83c34eaa6cda69aa854980fc17275e1240915ebdd75f8062d93b13bc6196bef9,acquisition,
481,originals/ipho/1993/IPhO_1993_Q4__5370ad35e9b46dff.pdf,files/ipho/1993/IPhO_1993_Q4__5370ad35e9b46dff.pdf,5370ad35e9b46dff115d182db7fbd1c3f5098ec562393bbd697125a4885da999,803028,5,hardlink,5370ad35e9b46dff115d182db7fbd1c3f5098ec562393bbd697125a4885da999,acquisition,
482,originals/ipho/1993/IPhO_1993_S4__e613788a10962015.pdf,files/ipho/1993/IPhO_1993_S4__e613788a10962015.pdf,e613788a1096201557115d2020735f3643c2c929a36939d1b916ddd682431660,535882,4,hardlink,e613788a1096201557115d2020735f3643c2c929a36939d1b916ddd682431660,acquisition,
483,originals/ipho/1993/IPhO_1993_Q5__1d64f864037cf056.pdf,files/ipho/1993/IPhO_1993_Q5__1d64f864037cf056.pdf,1d64f864037cf056eeab78e529fe918e9eda9346ada94bc7d85e82733e46c83e,766996,5,hardlink,1d64f864037cf056eeab78e529fe918e9eda9346ada94bc7d85e82733e46c83e,acquisition,
484,originals/ipho/1993/IPhO_1993_S5__7c980d86295f8bb8.pdf,files/ipho/1993/IPhO_1993_S5__7c980d86295f8bb8.pdf,7c980d86295f8bb81590dba74a4c551851d9a1c5b0cf9ed43ffdd647f9811de3,1693826,12,hardlink,7c980d86295f8bb81590dba74a4c551851d9a1c5b0cf9ed43ffdd647f9811de3,acquisition,
485,originals/ipho/1992/IPhO_1992_Q1__4eb939b200e2dbee.pdf,files/ipho/1992/IPhO_1992_Q1__4eb939b200e2dbee.pdf,4eb939b200e2dbee3418f8db9051fc07c05320cf1e082a3dfedb13bd651997f6,540444,3,hardlink,4eb939b200e2dbee3418f8db9051fc07c05320cf1e082a3dfedb13bd651997f6,acquisition,
486,originals/ipho/1992/IPhO_1992_S1__009ce64056a59bae.pdf,files/ipho/1992/IPhO_1992_S1__009ce64056a59bae.pdf,009ce64056a59bae88e072a05f1495a9c6d11e415a028b21c62eb14657149c26,2300543,12,hardlink,009ce64056a59bae88e072a05f1495a9c6d11e415a028b21c62eb14657149c26,acquisition,
487,originals/ipho/1992/IPhO_1992_Q2__dc9adcb67893066d.pdf,files/ipho/1992/IPhO_1992_Q2__dc9adcb67893066d.pdf,dc9adcb67893066d89de86a4deec4a087e95a8ea7b40479436105ec117ced98b,457113,2,hardlink,dc9adcb67893066d89de86a4deec4a087e95a8ea7b40479436105ec117ced98b,acquisition,
488,originals/ipho/1992/IPhO_1992_S2__4f7e1c202d3406db.pdf,files/ipho/1992/IPhO_1992_S2__4f7e1c202d3406db.pdf,4f7e1c202d3406db5592a84e25c1ea08b2c6626906645e1253471cf2502c7fb3,1140206,10,hardlink,4f7e1c202d3406db5592a84e25c1ea08b2c6626906645e1253471cf2502c7fb3,acquisition,
489,originals/ipho/1992/IPhO_1992_Q3__0d40ce754dfcde9b.pdf,files/ipho/1992/IPhO_1992_Q3__0d40ce754dfcde9b.pdf,0d40ce754dfcde9becb88ba267402df85848d8a07f314833cb61d7facbaa6b15,425982,2,hardlink,0d40ce754dfcde9becb88ba267402df85848d8a07f314833cb61d7facbaa6b15,acquisition,
49,originals/ipho/2025/2025-3__5c6c9803df4cf87b.tex,files/ipho/2025/2025-3__5c6c9803df4cf87b.tex,5c6c9803df4cf87b4dddb7132f89ae6a26d4c32052295d19e18d6d411c3b7452,13329,,hardlink,5c6c9803df4cf87b4dddb7132f89ae6a26d4c32052295d19e18d6d411c3b7452,acquisition,
490,originals/ipho/1992/IPhO_1992_S3__9e03d562cc45771e.pdf,files/ipho/1992/IPhO_1992_S3__9e03d562cc45771e.pdf,9e03d562cc45771e64572f47e36a73cf15b27dfb7d5fed82c967e6fdf4d0b2e7,231210,2,hardlink,9e03d562cc45771e64572f47e36a73cf15b27dfb7d5fed82c967e6fdf4d0b2e7,acquisition,
491,originals/ipho/1992/IPhO_1992_Q4__195fa53dfe963c5d.pdf,files/ipho/1992/IPhO_1992_Q4__195fa53dfe963c5d.pdf,195fa53dfe963c5db009c3ae6e7ebb363408816b08260c56b206cad587284ae2,3138944,4,hardlink,195fa53dfe963c5db009c3ae6e7ebb363408816b08260c56b206cad587284ae2,acquisition,
492,originals/ipho/1992/IPhO_1992_Q5__d56d7ed51a1b67e2.pdf,files/ipho/1992/IPhO_1992_Q5__d56d7ed51a1b67e2.pdf,d56d7ed51a1b67e26a04c35733018b717271d21f878b416183b6779cba34b3f4,668777,1,hardlink,d56d7ed51a1b67e26a04c35733018b717271d21f878b416183b6779cba34b3f4,acquisition,
493,originals/ipho/1992/IPhO_1992_S4__9fecafde445581fa.pdf,files/ipho/1992/IPhO_1992_S4__9fecafde445581fa.pdf,9fecafde445581fa32df502fd2ed4b77f9bfeef6dfef4c01d62d1fc4a6a53105,8195512,9,hardlink,9fecafde445581fa32df502fd2ed4b77f9bfeef6dfef4c01d62d1fc4a6a53105,acquisition,
494,originals/ipho/1992/IPhO_1992_S5__2fcc10f21b104641.pdf,files/ipho/1992/IPhO_1992_S5__2fcc10f21b104641.pdf,2fcc10f21b104641dd2432d20af88404f91fe33e3b6c59206f10262e80b9ca36,2615966,4,hardlink,2fcc10f21b104641dd2432d20af88404f91fe33e3b6c59206f10262e80b9ca36,acquisition,
495,originals/ipho/1991/IPhO_1991_Q1__ff888e8048675287.pdf,files/ipho/1991/IPhO_1991_Q1__ff888e8048675287.pdf,ff888e804867528773b860473c9861036d951e32a262fd878270ae6671827276,64653,1,hardlink,ff888e804867528773b860473c9861036d951e32a262fd878270ae6671827276,acquisition,
496,originals/ipho/1991/IPhO_1991_S1__287a78c925c9363f.pdf,files/ipho/1991/IPhO_1991_S1__287a78c925c9363f.pdf,287a78c925c9363fe17da0916fedf61e16be9ef0b2b7bc76ce933256a6c882f6,230902,4,hardlink,287a78c925c9363fe17da0916fedf61e16be9ef0b2b7bc76ce933256a6c882f6,acquisition,
497,originals/ipho/1991/IPhO_1991_Q2__e3f9a07d021528ab.pdf,files/ipho/1991/IPhO_1991_Q2__e3f9a07d021528ab.pdf,e3f9a07d021528abf4b2dc058fa1c3421893186daa71c6b31c11138a814ee254,128813,2,hardlink,e3f9a07d021528abf4b2dc058fa1c3421893186daa71c6b31c11138a814ee254,acquisition,
498,originals/ipho/1991/IPhO_1991_S2__da83111e4a329afd.pdf,files/ipho/1991/IPhO_1991_S2__da83111e4a329afd.pdf,da83111e4a329afd6a23292e9c92fa71475d4cc8e7547a332728a9314ad26d49,258641,5,hardlink,da83111e4a329afd6a23292e9c92fa71475d4cc8e7547a332728a9314ad26d49,acquisition,
499,originals/ipho/1991/IPhO_1991_Q3__27c227c80ec0e450.pdf,files/ipho/1991/IPhO_1991_Q3__27c227c80ec0e450.pdf,27c227c80ec0e4507e9631c2c6e357e15ea362a2b9b028c8d549ec072285e39b,132424,2,hardlink,27c227c80ec0e4507e9631c2c6e357e15ea362a2b9b028c8d549ec072285e39b,acquisition,
5,originals/ipho/2026/IPhO_2026_Q1__0fc29bcca76d88b3.pdf,files/ipho/2026/IPhO_2026_Q1__0fc29bcca76d88b3.pdf,0fc29bcca76d88b36c6cc6630cddb9bd22fceb96da857a527b675b72cb97f833,655287,3,hardlink,0fc29bcca76d88b36c6cc6630cddb9bd22fceb96da857a527b675b72cb97f833,acquisition,
50,originals/ipho/2025/IPhO_2025_S4__b82d635a27ef6bba.pdf,files/ipho/2025/IPhO_2025_S4__b82d635a27ef6bba.pdf,b82d635a27ef6bba42d5fa67146e2114ca9c2bf13bded41c6c0ebd5b082c4cd3,2387946,16,hardlink,b82d635a27ef6bba42d5fa67146e2114ca9c2bf13bded41c6c0ebd5b082c4cd3,acquisition,
500,originals/ipho/1991/IPhO_1991_S3__966f1c7b85fb0980.pdf,files/ipho/1991/IPhO_1991_S3__966f1c7b85fb0980.pdf,966f1c7b85fb0980be8790824350a27a72646a6b76d07950409653bfb1aea2a0,139096,3,hardlink,966f1c7b85fb0980be8790824350a27a72646a6b76d07950409653bfb1aea2a0,acquisition,
501,originals/ipho/1991/IPhO_1991_Q4__a0302508da225afc.pdf,files/ipho/1991/IPhO_1991_Q4__a0302508da225afc.pdf,a0302508da225afc5ad5c9e058a9bf574c556bf4f27541717c6f6706186f0f17,274308,2,hardlink,a0302508da225afc5ad5c9e058a9bf574c556bf4f27541717c6f6706186f0f17,acquisition,
502,originals/ipho/1991/IPhO_1991_S4__98766aca5b380e31.pdf,files/ipho/1991/IPhO_1991_S4__98766aca5b380e31.pdf,98766aca5b380e313fcb1bc82d28b3cd2c536c67677e0402d2549ecfcca8c409,225315,2,hardlink,98766aca5b380e313fcb1bc82d28b3cd2c536c67677e0402d2549ecfcca8c409,acquisition,
503,originals/ipho/1990/IPhO_1990_Q1__4ef503e7a17ae029.pdf,files/ipho/1990/IPhO_1990_Q1__4ef503e7a17ae029.pdf,4ef503e7a17ae02991a9c734574d528639a62575d3762578eaeae00dad8df344,116622,2,hardlink,4ef503e7a17ae02991a9c734574d528639a62575d3762578eaeae00dad8df344,acquisition,
504,originals/ipho/1990/IPhO_1990_S1__572e5149a6ddcb0b.pdf,files/ipho/1990/IPhO_1990_S1__572e5149a6ddcb0b.pdf,572e5149a6ddcb0bf51d5f52c1ebda289a9a6b87451c8b299791a6bb4749d1b9,270710,2,hardlink,572e5149a6ddcb0bf51d5f52c1ebda289a9a6b87451c8b299791a6bb4749d1b9,acquisition,
505,originals/ipho/1990/IPhO_1990_Q2__2ebdb4798e5f34be.pdf,files/ipho/1990/IPhO_1990_Q2__2ebdb4798e5f34be.pdf,2ebdb4798e5f34befd64ad75ba112be17d653a2b17ed4e094b5e2145c4305dd6,149300,2,hardlink,2ebdb4798e5f34befd64ad75ba112be17d653a2b17ed4e094b5e2145c4305dd6,acquisition,
506,originals/ipho/1990/IPhO_1990_S2__0d53e19e9cce165a.pdf,files/ipho/1990/IPhO_1990_S2__0d53e19e9cce165a.pdf,0d53e19e9cce165a3a94f0b17e1ea49ed86cb8db12475f12cec73ce1eb4a5f35,484682,3,hardlink,0d53e19e9cce165a3a94f0b17e1ea49ed86cb8db12475f12cec73ce1eb4a5f35,acquisition,
507,originals/ipho/1990/IPhO_1990_Q3__24555411035eba76.pdf,files/ipho/1990/IPhO_1990_Q3__24555411035eba76.pdf,24555411035eba76dfb32c6364ab0ca23e6530dadecf597715eee2d6b4f82a4f,139232,2,hardlink,24555411035eba76dfb32c6364ab0ca23e6530dadecf597715eee2d6b4f82a4f,acquisition,
508,originals/ipho/1990/IPhO_1990_S3__4a86521c016679cb.pdf,files/ipho/1990/IPhO_1990_S3__4a86521c016679cb.pdf,4a86521c016679cb504fadf482eabc7100c33a36a98761bf9c4a68c8a6d60f38,446613,3,hardlink,4a86521c016679cb504fadf482eabc7100c33a36a98761bf9c4a68c8a6d60f38,acquisition,
509,originals/ipho/1990/IPhO_1990_S4__ac450c9c7a3364c8.pdf,files/ipho/1990/IPhO_1990_S4__ac450c9c7a3364c8.pdf,ac450c9c7a3364c8925648328d6001b73cf46a48ea4acd0aecc531ccd815dd97,689013,3,hardlink,ac450c9c7a3364c8925648328d6001b73cf46a48ea4acd0aecc531ccd815dd97,acquisition,
51,originals/ipho/2025/IPhO_2025_Q4__eae8d246bbd81254.pdf,files/ipho/2025/IPhO_2025_Q4__eae8d246bbd81254.pdf,eae8d246bbd812547299a4d126281138f1225a4eaa6da8298f6bfb4570e4b314,6684887,6,hardlink,eae8d246bbd812547299a4d126281138f1225a4eaa6da8298f6bfb4570e4b314,acquisition,
510,originals/ipho/1990/IPhO_1990_Q4__06ebf91fde08d3d4.pdf,files/ipho/1990/IPhO_1990_Q4__06ebf91fde08d3d4.pdf,06ebf91fde08d3d4a02a10e5972cce7acaf0168e8647743bb63530446d182072,1025642,3,hardlink,06ebf91fde08d3d4a02a10e5972cce7acaf0168e8647743bb63530446d182072,acquisition,
511,originals/ipho/1990/IPhO_1990_Q5__67201aee3772415c.pdf,files/ipho/1990/IPhO_1990_Q5__67201aee3772415c.pdf,67201aee3772415cd9d3bb85f8c6889883c8061e7585354e9cfe026c2f36fafd,658796,3,hardlink,67201aee3772415cd9d3bb85f8c6889883c8061e7585354e9cfe026c2f36fafd,acquisition,
512,originals/ipho/1990/IPhO_1990_S5__1f27af0509bea9c3.pdf,files/ipho/1990/IPhO_1990_S5__1f27af0509bea9c3.pdf,1f27af0509bea9c3a6dcc1476075e91cd07ec853eed26db8375e11250d67c94a,567953,3,hardlink,1f27af0509bea9c3a6dcc1476075e91cd07ec853eed26db8375e11250d67c94a,acquisition,
513,originals/ipho/1989/IPhO_1989_Q1__64085906b0ab34b6.pdf,files/ipho/1989/IPhO_1989_Q1__64085906b0ab34b6.pdf,64085906b0ab34b615152151707cbd838f700c775c3af8d5e80ef13de1662552,421662,2,hardlink,64085906b0ab34b615152151707cbd838f700c775c3af8d5e80ef13de1662552,acquisition,
514,originals/ipho/1989/IPhO_1989_S1__5a68724a1deb6aaf.pdf,files/ipho/1989/IPhO_1989_S1__5a68724a1deb6aaf.pdf,5a68724a1deb6aaf7f803d0e56944d8419151daa2a694d0b1647e70b25bf48b2,357444,4,hardlink,5a68724a1deb6aaf7f803d0e56944d8419151daa2a694d0b1647e70b25bf48b2,acquisition,
515,originals/ipho/1989/IPhO_1989_Q2__6c0f8498314041ef.pdf,files/ipho/1989/IPhO_1989_Q2__6c0f8498314041ef.pdf,6c0f8498314041efbcfa10446439975f55dd624f7c3cb4fea28738c0d1c9ba6d,245919,1,hardlink,6c0f8498314041efbcfa10446439975f55dd624f7c3cb4fea28738c0d1c9ba6d,acquisition,
516,originals/ipho/1989/IPhO_1989_S2__bac87e620a44f493.pdf,files/ipho/1989/IPhO_1989_S2__bac87e620a44f493.pdf,bac87e620a44f4934db3633223fa19fc9ba4f7c17c0e2256b5c2e04fb3076ac1,373597,6,hardlink,bac87e620a44f4934db3633223fa19fc9ba4f7c17c0e2256b5c2e04fb3076ac1,acquisition,
519,originals/ipho/1989/IPhO_1989_Q4__1d37330c67bf1940.pdf,files/ipho/1989/IPhO_1989_Q4__1d37330c67bf1940.pdf,1d37330c67bf1940e4b15633d96989f38a7e94f5a79589d62fd6b8c70bc89b64,350652,2,hardlink,1d37330c67bf1940e4b15633d96989f38a7e94f5a79589d62fd6b8c70bc89b64,acquisition,
52,originals/ipho/2025/IPhO_2025_A4__1ef55f567b04aa45.pdf,files/ipho/2025/IPhO_2025_A4__1ef55f567b04aa45.pdf,1ef55f567b04aa4597b624f8816e8e0717142dcca07170da803b6910c8c01219,67499,13,hardlink,1ef55f567b04aa4597b624f8816e8e0717142dcca07170da803b6910c8c01219,acquisition,
520,originals/ipho/1989/IPhO_1989_S4__f93fbd4bc0a9cd60.pdf,files/ipho/1989/IPhO_1989_S4__f93fbd4bc0a9cd60.pdf,f93fbd4bc0a9cd604922b54c781fba900d3cd4e23a81fff3de3299e0ebd864d1,483872,4,hardlink,f93fbd4bc0a9cd604922b54c781fba900d3cd4e23a81fff3de3299e0ebd864d1,acquisition,
521,originals/ipho/1988/IPhO_1988_Q1__ae201b6a60e64b6c.pdf,files/ipho/1988/IPhO_1988_Q1__ae201b6a60e64b6c.pdf,ae201b6a60e64b6c20f26e9e0615fffabcb6e475a5bad8ee225bb10edc249a4b,321711,2,hardlink,ae201b6a60e64b6c20f26e9e0615fffabcb6e475a5bad8ee225bb10edc249a4b,acquisition,
522,originals/ipho/1988/IPhO_1988_S1__90a2422e6cf677d2.pdf,files/ipho/1988/IPhO_1988_S1__90a2422e6cf677d2.pdf,90a2422e6cf677d263b43d73fae7f4a2cea8634b39f3fa29949f39cbef560ec8,402341,6,hardlink,90a2422e6cf677d263b43d73fae7f4a2cea8634b39f3fa29949f39cbef560ec8,acquisition,
523,originals/ipho/1988/IPhO_1988_S2__3d131a9cb9bc6dc4.pdf,files/ipho/1988/IPhO_1988_S2__3d131a9cb9bc6dc4.pdf,3d131a9cb9bc6dc4246d449c8624dba20af8c6980dfea46c7784d8f42ceb61bd,395373,5,hardlink,3d131a9cb9bc6dc4246d449c8624dba20af8c6980dfea46c7784d8f42ceb61bd,acquisition,
524,originals/ipho/1988/IPhO_1988_Q2__05e5cae415c2d41c.pdf,files/ipho/1988/IPhO_1988_Q2__05e5cae415c2d41c.pdf,05e5cae415c2d41c761efc2d9a567b0d050e3951880f6cd9c1ca6d988e7fa24c,341779,2,hardlink,05e5cae415c2d41c761efc2d9a567b0d050e3951880f6cd9c1ca6d988e7fa24c,acquisition,
525,originals/ipho/1988/IPhO_1988_Q3__865427fc3e5f06fd.pdf,files/ipho/1988/IPhO_1988_Q3__865427fc3e5f06fd.pdf,865427fc3e5f06fd13da05baa6411f24640ddb5554637411907499e3f8504bfb,176429,2,hardlink,865427fc3e5f06fd13da05baa6411f24640ddb5554637411907499e3f8504bfb,acquisition,
526,originals/ipho/1988/IPhO_1988_S3__ca8660df7e328263.pdf,files/ipho/1988/IPhO_1988_S3__ca8660df7e328263.pdf,ca8660df7e3282633ac6867d11c2fc5310602d003df8e1498b85854f5da2bcf4,278944,4,hardlink,ca8660df7e3282633ac6867d11c2fc5310602d003df8e1498b85854f5da2bcf4,acquisition,
527,originals/ipho/1988/IPhO_1988_Q4__298c3e9ab6bed985.pdf,files/ipho/1988/IPhO_1988_Q4__298c3e9ab6bed985.pdf,298c3e9ab6bed9853733351a8d757fbdf966405d7eb9a350146ce95af7f3a4c3,312313,3,hardlink,298c3e9ab6bed9853733351a8d757fbdf966405d7eb9a350146ce95af7f3a4c3,acquisition,
528,originals/ipho/1988/IPhO_1988_S4__9111d7068623b320.pdf,files/ipho/1988/IPhO_1988_S4__9111d7068623b320.pdf,9111d7068623b320e94b9659197495cdcc7ef43e5828dd3cfda45d99c9609e87,261945,1,hardlink,9111d7068623b320e94b9659197495cdcc7ef43e5828dd3cfda45d99c9609e87,acquisition,
529,originals/ipho/1988/IPhO_1988_Q5__1753cd7ae7ffee33.pdf,files/ipho/1988/IPhO_1988_Q5__1753cd7ae7ffee33.pdf,1753cd7ae7ffee3337bb613f84a3414988f93a57cf9bd68ce2364a85126689e9,360600,3,hardlink,1753cd7ae7ffee3337bb613f84a3414988f93a57cf9bd68ce2364a85126689e9,acquisition,
530,originals/ipho/1988/IPhO_1988_S5__5b0651038d8b6b1c.pdf,files/ipho/1988/IPhO_1988_S5__5b0651038d8b6b1c.pdf,5b0651038d8b6b1cc6f9623bae53a8824a0384091b08533e8e1b4522827366cd,322346,2,hardlink,5b0651038d8b6b1cc6f9623bae53a8824a0384091b08533e8e1b4522827366cd,acquisition,
531,originals/ipho/1987/IPhO_1987_Q1__03ae9e18044d9aa0.pdf,files/ipho/1987/IPhO_1987_Q1__03ae9e18044d9aa0.pdf,03ae9e18044d9aa0945f6aa28ca1d241924edc0121b9a04cb7c1334eaa84ad7d,175098,2,hardlink,03ae9e18044d9aa0945f6aa28ca1d241924edc0121b9a04cb7c1334eaa84ad7d,acquisition,
532,originals/ipho/1987/IPhO_1987_S1__4f55c5229fc379bb.pdf,files/ipho/1987/IPhO_1987_S1__4f55c5229fc379bb.pdf,4f55c5229fc379bbb7c0222389861db3dc7751b8c51d34e023a5fc0ff77a5423,174022,2,hardlink,4f55c5229fc379bbb7c0222389861db3dc7751b8c51d34e023a5fc0ff77a5423,acquisition,
533,originals/ipho/1987/IPhO_1987_Q2__ef0a16e651bc745b.pdf,files/ipho/1987/IPhO_1987_Q2__ef0a16e651bc745b.pdf,ef0a16e651bc745b13b4bcff8c5232083496d8fa9cec9b066798e75b1c19d838,172005,2,hardlink,ef0a16e651bc745b13b4bcff8c5232083496d8fa9cec9b066798e75b1c19d838,acquisition,
534,originals/ipho/1987/IPhO_1987_Q3__416011263705a8d9.pdf,files/ipho/1987/IPhO_1987_Q3__416011263705a8d9.pdf,416011263705a8d96e3baff8a5f6caabc0911bac80e052f9c18ef35c6a0f3b3b,100212,1,hardlink,416011263705a8d96e3baff8a5f6caabc0911bac80e052f9c18ef35c6a0f3b3b,acquisition,
535,originals/ipho/1987/IPhO_1987_S2__0778365223c705ec.pdf,files/ipho/1987/IPhO_1987_S2__0778365223c705ec.pdf,0778365223c705ec3c6810fc42e3de53bb85529bcf0533bf6afbee5c1715ee58,250579,4,hardlink,0778365223c705ec3c6810fc42e3de53bb85529bcf0533bf6afbee5c1715ee58,acquisition,
536,originals/ipho/1987/IPhO_1987_S3__8a011dbef755c3a3.pdf,files/ipho/1987/IPhO_1987_S3__8a011dbef755c3a3.pdf,8a011dbef755c3a3fd43f4dcb6ba0dba0d844f09fa3f9765a22cdd26b38d323c,297147,4,hardlink,8a011dbef755c3a3fd43f4dcb6ba0dba0d844f09fa3f9765a22cdd26b38d323c,acquisition,
537,originals/ipho/1987/IPhO_1987_S4__ec2cbd04a1d30ef7.pdf,files/ipho/1987/IPhO_1987_S4__ec2cbd04a1d30ef7.pdf,ec2cbd04a1d30ef7d1b1c217ad17a4982bf2ec3073d3a7e674beaafd0ff15919,684579,6,hardlink,ec2cbd04a1d30ef7d1b1c217ad17a4982bf2ec3073d3a7e674beaafd0ff15919,acquisition,
538,originals/ipho/1987/IPhO_1987_Q4__eda3a5b2f5043498.pdf,files/ipho/1987/IPhO_1987_Q4__eda3a5b2f5043498.pdf,eda3a5b2f50434989f5f9903c818f86fab3748cbc59fe2bd553cddc28bcc3926,355748,2,hardlink,eda3a5b2f50434989f5f9903c818f86fab3748cbc59fe2bd553cddc28bcc3926,acquisition,
539,originals/ipho/1986/IPhO_1986_S1__a21cc7803a903600.pdf,files/ipho/1986/IPhO_1986_S1__a21cc7803a903600.pdf,a21cc7803a903600cf5dafe44dbccd2f227f3a288f70fcacba2caa89d3dd90fb,251011,3,hardlink,a21cc7803a903600cf5dafe44dbccd2f227f3a288f70fcacba2caa89d3dd90fb,acquisition,
54,originals/ipho/2025/IPhO_2025_Q4_tex__17ada844309325c2.zip,files/ipho/2025/IPhO_2025_Q4_tex__17ada844309325c2.zip,17ada844309325c2b30ec9c37842c4bcf6c489c168a389fa01fc84397a94e66b,864199,,hardlink,17ada844309325c2b30ec9c37842c4bcf6c489c168a389fa01fc84397a94e66b,acquisition,
540,originals/ipho/1986/IPhO_1986_Q1__ab50345dac6f8337.pdf,files/ipho/1986/IPhO_1986_Q1__ab50345dac6f8337.pdf,ab50345dac6f8337638a2ccf87c64c7dda4276db4af464c4b5765114289748e7,118436,2,hardlink,ab50345dac6f8337638a2ccf87c64c7dda4276db4af464c4b5765114289748e7,acquisition,
541,originals/ipho/1986/IPhO_1986_Q2__79d6be07f30d6bc1.pdf,files/ipho/1986/IPhO_1986_Q2__79d6be07f30d6bc1.pdf,79d6be07f30d6bc1e4b131da8b0006d89159be9ac9b400b0e4e43fc7e5f69f0e,357213,2,hardlink,79d6be07f30d6bc1e4b131da8b0006d89159be9ac9b400b0e4e43fc7e5f69f0e,acquisition,
542,originals/ipho/1986/IPhO_1986_S2__26ca1eed1711e2c7.pdf,files/ipho/1986/IPhO_1986_S2__26ca1eed1711e2c7.pdf,26ca1eed1711e2c7af24d38734acbeabeb7a5636bac8e97d203d1359573c158d,389604,4,hardlink,26ca1eed1711e2c7af24d38734acbeabeb7a5636bac8e97d203d1359573c158d,acquisition,
543,originals/ipho/1986/IPhO_1986_Q3__2cb9bee4b3fa3496.pdf,files/ipho/1986/IPhO_1986_Q3__2cb9bee4b3fa3496.pdf,2cb9bee4b3fa3496542e6c1dc32904d616f5ffecc7099349bcf384eba8436590,133489,2,hardlink,2cb9bee4b3fa3496542e6c1dc32904d616f5ffecc7099349bcf384eba8436590,acquisition,
544,originals/ipho/1986/IPhO_1986_S3__d5b7dafc6a8a3ce0.pdf,files/ipho/1986/IPhO_1986_S3__d5b7dafc6a8a3ce0.pdf,d5b7dafc6a8a3ce0c530ee9671fe5e45f18666211469fd71deddf21bd7eb5781,394644,3,hardlink,d5b7dafc6a8a3ce0c530ee9671fe5e45f18666211469fd71deddf21bd7eb5781,acquisition,
545,originals/ipho/1986/IPhO_1986_S4__d359984bae9b9633.pdf,files/ipho/1986/IPhO_1986_S4__d359984bae9b9633.pdf,d359984bae9b9633f5def6253d8562696fe5c18799db5969e77e57ac04e9bc88,315434,2,hardlink,d359984bae9b9633f5def6253d8562696fe5c18799db5969e77e57ac04e9bc88,acquisition,
546,originals/ipho/1986/IPhO_1986_Q5__7c5f133d29bb35d9.pdf,files/ipho/1986/IPhO_1986_Q5__7c5f133d29bb35d9.pdf,7c5f133d29bb35d99907d47f91190a84451182ad490102e8efc48507c9f3f989,390405,4,hardlink,7c5f133d29bb35d99907d47f91190a84451182ad490102e8efc48507c9f3f989,acquisition,
547,originals/ipho/1986/IPhO_1986_Q4__8c07a71e22d583f4.pdf,files/ipho/1986/IPhO_1986_Q4__8c07a71e22d583f4.pdf,8c07a71e22d583f4ebb8f8cb13e36a671530d6d7b111cf25025be1a8981dbb5e,279898,3,hardlink,8c07a71e22d583f4ebb8f8cb13e36a671530d6d7b111cf25025be1a8981dbb5e,acquisition,
548,originals/ipho/1986/IPhO_1986_S5__1ca8eebdd582d0a6.pdf,files/ipho/1986/IPhO_1986_S5__1ca8eebdd582d0a6.pdf,1ca8eebdd582d0a6acbc71a3e610328b9c7c1cd2ea034e93330bab86a0037d1f,428934,5,hardlink,1ca8eebdd582d0a6acbc71a3e610328b9c7c1cd2ea034e93330bab86a0037d1f,acquisition,
549,originals/ipho/1985/IPhO_1985_Q1__10b5052005a5fe9a.pdf,files/ipho/1985/IPhO_1985_Q1__10b5052005a5fe9a.pdf,10b5052005a5fe9a597111a72fada03c3a59557eecdd5e673ba1ed5a0f466504,236942,2,hardlink,10b5052005a5fe9a597111a72fada03c3a59557eecdd5e673ba1ed5a0f466504,acquisition,
55,originals/ipho/2025/IPhO_2025_S4_tex__47b16b1cdc6180de.pdf,files/ipho/2025/IPhO_2025_S4_tex__47b16b1cdc6180de.pdf,47b16b1cdc6180de6a6e7ad8365cb6453b07edeb7ffd2b8e18c9f3c6aba1a4b9,698131,13,hardlink,47b16b1cdc6180de6a6e7ad8365cb6453b07edeb7ffd2b8e18c9f3c6aba1a4b9,acquisition,
550,originals/ipho/1985/IPhO_1985_S1__7d5c9e4d2844f839.pdf,files/ipho/1985/IPhO_1985_S1__7d5c9e4d2844f839.pdf,7d5c9e4d2844f839f55e69a2d3c7bf6c00ebc85d75239f93ce03a31335ad41e2,143900,2,hardlink,7d5c9e4d2844f839f55e69a2d3c7bf6c00ebc85d75239f93ce03a31335ad41e2,acquisition,
551,originals/ipho/1985/IPhO_1985_Q1_tex__dc0aee5f0561c914.zip,files/ipho/1985/IPhO_1985_Q1_tex__dc0aee5f0561c914.zip,dc0aee5f0561c914bb9591e5a46abbc80920a9ca1f334d87d3ba19ed841bfcf2,1195,,hardlink,dc0aee5f0561c914bb9591e5a46abbc80920a9ca1f334d87d3ba19ed841bfcf2,acquisition,
552,originals/ipho/1985/1985-1__8c445b5f7903d2d2.tex,files/ipho/1985/1985-1__8c445b5f7903d2d2.tex,8c445b5f7903d2d22bf88127293da9de618b57ff95bc560b93f9edf273f5b9cc,950,,hardlink,8c445b5f7903d2d22bf88127293da9de618b57ff95bc560b93f9edf273f5b9cc,acquisition,
554,originals/ipho/1985/IPhO_1985_Q2__0f28cc82ac3e7e67.pdf,files/ipho/1985/IPhO_1985_Q2__0f28cc82ac3e7e67.pdf,0f28cc82ac3e7e67dd9f0629e4799609b9de30e5b7339df3208b19544c924618,161333,1,hardlink,0f28cc82ac3e7e67dd9f0629e4799609b9de30e5b7339df3208b19544c924618,acquisition,
555,originals/ipho/1985/IPhO_1985_S2__4262c4bb831160c4.pdf,files/ipho/1985/IPhO_1985_S2__4262c4bb831160c4.pdf,4262c4bb831160c460347226075c29914c8d4b9421ace5e19fd228a11840a397,129823,2,hardlink,4262c4bb831160c460347226075c29914c8d4b9421ace5e19fd228a11840a397,acquisition,
556,originals/ipho/1985/IPhO_1985_Q3__629c37d9e8ab9a43.pdf,files/ipho/1985/IPhO_1985_Q3__629c37d9e8ab9a43.pdf,629c37d9e8ab9a43f540b154962632082da6137ce6ebd73aa2aae1bf90bf77a8,182616,1,hardlink,629c37d9e8ab9a43f540b154962632082da6137ce6ebd73aa2aae1bf90bf77a8,acquisition,
557,originals/ipho/1985/IPhO_1985_S3__c6f18afa849ff0d5.pdf,files/ipho/1985/IPhO_1985_S3__c6f18afa849ff0d5.pdf,c6f18afa849ff0d5a2141d848d7f47eba933d7cf16473da079fb13445c7851db,289377,3,hardlink,c6f18afa849ff0d5a2141d848d7f47eba933d7cf16473da079fb13445c7851db,acquisition,
558,originals/ipho/1985/IPhO_1985_Q4__953d9e9d8513de21.pdf,files/ipho/1985/IPhO_1985_Q4__953d9e9d8513de21.pdf,953d9e9d8513de21e9188c8e2a7fb0185f9ceab8e404e821b63193358fe01466,245309,2,hardlink,953d9e9d8513de21e9188c8e2a7fb0185f9ceab8e404e821b63193358fe01466,acquisition,
559,originals/ipho/1985/IPhO_1985_S4__79a6e409d4a6a4fb.pdf,files/ipho/1985/IPhO_1985_S4__79a6e409d4a6a4fb.pdf,79a6e409d4a6a4fb02188aa9ba80f1708162dbd56a9341c6438802765eccb505,598448,6,hardlink,79a6e409d4a6a4fb02188aa9ba80f1708162dbd56a9341c6438802765eccb505,acquisition,
56,originals/ipho/2025/2025-4__5e6b7c9ee9f32197.tex,files/ipho/2025/2025-4__5e6b7c9ee9f32197.tex,5e6b7c9ee9f32197af95c8deec78b034e9fba124c8018241fbc4213de807178f,13412,,hardlink,5e6b7c9ee9f32197af95c8deec78b034e9fba124c8018241fbc4213de807178f,acquisition,
560,originals/ipho/1985/IPhO_1985_Q5__aa0d4c5f15caa62a.pdf,files/ipho/1985/IPhO_1985_Q5__aa0d4c5f15caa62a.pdf,aa0d4c5f15caa62ad231d6bfab20dd1f5bca0722c5da0e1d88a2fe83283ca772,320722,3,hardlink,aa0d4c5f15caa62ad231d6bfab20dd1f5bca0722c5da0e1d88a2fe83283ca772,acquisition,
561,originals/ipho/1985/IPhO_1985_S5__022fe541bcc6401a.pdf,files/ipho/1985/IPhO_1985_S5__022fe541bcc6401a.pdf,022fe541bcc6401a7fb1a8b7d20d1581dd35fd59c72f99040927ecd30a34a9c0,510104,4,hardlink,022fe541bcc6401a7fb1a8b7d20d1581dd35fd59c72f99040927ecd30a34a9c0,acquisition,
562,originals/ipho/1984/IPhO_1984_Q1__bb7d9904d4ad590d.pdf,files/ipho/1984/IPhO_1984_Q1__bb7d9904d4ad590d.pdf,bb7d9904d4ad590df9ab4e9a41ce778ac7baaa319512bd06cc73e4ac571c0009,92865,1,hardlink,bb7d9904d4ad590df9ab4e9a41ce778ac7baaa319512bd06cc73e4ac571c0009,acquisition,
563,originals/ipho/1984/IPhO_1984_S1__c2ac2d6b1b8125a5.pdf,files/ipho/1984/IPhO_1984_S1__c2ac2d6b1b8125a5.pdf,c2ac2d6b1b8125a59a332d11208ee6bf689c592fb3ed58289cfcb570e83a448b,148303,2,hardlink,c2ac2d6b1b8125a59a332d11208ee6bf689c592fb3ed58289cfcb570e83a448b,acquisition,
564,originals/ipho/1984/IPhO_1984_Q2__e4764bfaa48e3532.pdf,files/ipho/1984/IPhO_1984_Q2__e4764bfaa48e3532.pdf,e4764bfaa48e353225ca08b6c17d62bc47b0abce6bf52ef27114d2a147f10043,113458,2,hardlink,e4764bfaa48e353225ca08b6c17d62bc47b0abce6bf52ef27114d2a147f10043,acquisition,
565,originals/ipho/1984/IPhO_1984_S2__a7623957671f4551.pdf,files/ipho/1984/IPhO_1984_S2__a7623957671f4551.pdf,a7623957671f455112bc2188ae593f1f83ace429df9276d84e8961fc74f5ee75,64327,1,hardlink,a7623957671f455112bc2188ae593f1f83ace429df9276d84e8961fc74f5ee75,acquisition,
566,originals/ipho/1984/IPhO_1984_Q3__231dceef3efb484c.pdf,files/ipho/1984/IPhO_1984_Q3__231dceef3efb484c.pdf,231dceef3efb484cb5eb54b93a941bb1e86f7d2ba26b2adabe21a2eca32da61b,83611,1,hardlink,231dceef3efb484cb5eb54b93a941bb1e86f7d2ba26b2adabe21a2eca32da61b,acquisition,
567,originals/ipho/1984/IPhO_1984_S3__74cb6e9acbea5f96.pdf,files/ipho/1984/IPhO_1984_S3__74cb6e9acbea5f96.pdf,74cb6e9acbea5f9675022a91ced77fc9cc146dcfbcab2455380eadb80ae7b197,73551,1,hardlink,74cb6e9acbea5f9675022a91ced77fc9cc146dcfbcab2455380eadb80ae7b197,acquisition,
568,originals/ipho/1984/IPhO_1984_Q4__c761404b0776e73c.pdf,files/ipho/1984/IPhO_1984_Q4__c761404b0776e73c.pdf,c761404b0776e73c3ec613b66edcc7d64f8d996eae9a69fd8cfdfe24168de075,171914,1,hardlink,c761404b0776e73c3ec613b66edcc7d64f8d996eae9a69fd8cfdfe24168de075,acquisition,
569,originals/ipho/1984/IPhO_1984_S4__8b3abce1806ca89f.pdf,files/ipho/1984/IPhO_1984_S4__8b3abce1806ca89f.pdf,8b3abce1806ca89f92b4e30ac74ec3110b39a4ef9ede98478618052a8faa0b88,171924,1,hardlink,8b3abce1806ca89f92b4e30ac74ec3110b39a4ef9ede98478618052a8faa0b88,acquisition,
57,originals/ipho/2025/IPhO_2025_Q5__52e680658d4b701e.pdf,files/ipho/2025/IPhO_2025_Q5__52e680658d4b701e.pdf,52e680658d4b701e4fe0d78a342130cdedbe312fefebac4f17f131617eb98572,4966665,7,hardlink,52e680658d4b701e4fe0d78a342130cdedbe312fefebac4f17f131617eb98572,acquisition,
570,originals/ipho/1984/IPhO_1984_S5__f2636850f576d169.pdf,files/ipho/1984/IPhO_1984_S5__f2636850f576d169.pdf,f2636850f576d169616913c237175b2f3acd0dcf76f72dc6b022d857d35e87bb,41173,1,hardlink,f2636850f576d169616913c237175b2f3acd0dcf76f72dc6b022d857d35e87bb,acquisition,
571,originals/ipho/1984/IPhO_1984_Q5__3246d9d8faa870f1.pdf,files/ipho/1984/IPhO_1984_Q5__3246d9d8faa870f1.pdf,3246d9d8faa870f1b15f7496a9c5be3e112f6034edaaaf767738f08ca752c9f1,41183,1,hardlink,3246d9d8faa870f1b15f7496a9c5be3e112f6034edaaaf767738f08ca752c9f1,acquisition,
572,originals/ipho/1983/IPhO_1983_Q1__d83ac72ae6f0461c.pdf,files/ipho/1983/IPhO_1983_Q1__d83ac72ae6f0461c.pdf,d83ac72ae6f0461c59b00d616a45f9c88854531629e705d3a2ed17fb8f647512,209118,1,hardlink,d83ac72ae6f0461c59b00d616a45f9c88854531629e705d3a2ed17fb8f647512,acquisition,
573,originals/ipho/1983/IPhO_1983_S1__3860afb861c06f9c.pdf,files/ipho/1983/IPhO_1983_S1__3860afb861c06f9c.pdf,3860afb861c06f9ce4a06a04e88924de1fa141d6aa78c811d32ea1d55ccd3c5d,365381,17,hardlink,3860afb861c06f9ce4a06a04e88924de1fa141d6aa78c811d32ea1d55ccd3c5d,acquisition,
574,originals/ipho/1983/IPhO_1983_Q2__19fcffa45a3c6521.pdf,files/ipho/1983/IPhO_1983_Q2__19fcffa45a3c6521.pdf,19fcffa45a3c6521e11fb2e12a7e288faad5bdc6702fcfc64530d5ecb3620924,242749,1,hardlink,19fcffa45a3c6521e11fb2e12a7e288faad5bdc6702fcfc64530d5ecb3620924,acquisition,
575,originals/ipho/1983/IPhO_1983_M1__8bada8d4450fa2dd.pdf,files/ipho/1983/IPhO_1983_M1__8bada8d4450fa2dd.pdf,8bada8d4450fa2ddc1375200b67aad322dff2152cd7d889a5daa2a4c8dcbe6af,241114,2,hardlink,8bada8d4450fa2ddc1375200b67aad322dff2152cd7d889a5daa2a4c8dcbe6af,acquisition,
576,originals/ipho/1983/IPhO_1983_S2__4cfdd6b77bd3dcb7.pdf,files/ipho/1983/IPhO_1983_S2__4cfdd6b77bd3dcb7.pdf,4cfdd6b77bd3dcb754cc873fb3eefa50d99551320849b83e881ccc90ecbd3ff2,200736,12,hardlink,4cfdd6b77bd3dcb754cc873fb3eefa50d99551320849b83e881ccc90ecbd3ff2,acquisition,
577,originals/ipho/1983/IPhO_1983_M2__5c84378417961617.pdf,files/ipho/1983/IPhO_1983_M2__5c84378417961617.pdf,5c843784179616170fa1dae1cb11d9911bfc375ba920e60872efc0dca0a256ea,189748,4,hardlink,5c843784179616170fa1dae1cb11d9911bfc375ba920e60872efc0dca0a256ea,acquisition,
578,originals/ipho/1983/IPhO_1983_Q3__2a781bdf3ea27cbd.pdf,files/ipho/1983/IPhO_1983_Q3__2a781bdf3ea27cbd.pdf,2a781bdf3ea27cbd873d25c5c7ca203fa109c61bfdf3afc284639e968bfb0126,489494,1,hardlink,2a781bdf3ea27cbd873d25c5c7ca203fa109c61bfdf3afc284639e968bfb0126,acquisition,
579,originals/ipho/1983/IPhO_1983_S3__dbc62d4a91162865.pdf,files/ipho/1983/IPhO_1983_S3__dbc62d4a91162865.pdf,dbc62d4a911628650fa960a1f0d70a1e54a917d09f6ce4ee1b502c0a3649ffba,94575,4,hardlink,dbc62d4a911628650fa960a1f0d70a1e54a917d09f6ce4ee1b502c0a3649ffba,acquisition,
58,originals/ipho/2025/IPhO_2025_S5__704b6852472f7285.pdf,files/ipho/2025/IPhO_2025_S5__704b6852472f7285.pdf,704b6852472f728587d8593539bb9d0d83cb3eadbf5df2ccefbd2852632704bd,2269699,13,hardlink,704b6852472f728587d8593539bb9d0d83cb3eadbf5df2ccefbd2852632704bd,acquisition,
580,originals/ipho/1983/IPhO_1983_Q4__4368386cfcbcbb1e.pdf,files/ipho/1983/IPhO_1983_Q4__4368386cfcbcbb1e.pdf,4368386cfcbcbb1e97b9aaee98955cc7b45132ed9e91f71412dbd561d02e03b1,372287,1,hardlink,4368386cfcbcbb1e97b9aaee98955cc7b45132ed9e91f71412dbd561d02e03b1,acquisition,
581,originals/ipho/1983/IPhO_1983_M3__537f2b109d0c2068.pdf,files/ipho/1983/IPhO_1983_M3__537f2b109d0c2068.pdf,537f2b109d0c2068b423accc77b7acdcde52efe845c33002d9982b9654bc230d,141338,2,hardlink,537f2b109d0c2068b423accc77b7acdcde52efe845c33002d9982b9654bc230d,acquisition,
582,originals/ipho/1983/IPhO_1983_S4__32403b57c1c5eeda.pdf,files/ipho/1983/IPhO_1983_S4__32403b57c1c5eeda.pdf,32403b57c1c5eeda1439c47fda8aeeb8dd600b78ea6f73073c4666bad5dae482,145190,6,hardlink,32403b57c1c5eeda1439c47fda8aeeb8dd600b78ea6f73073c4666bad5dae482,acquisition,
583,originals/ipho/1983/IPhO_1983_M4__4f63b50d94d636e6.pdf,files/ipho/1983/IPhO_1983_M4__4f63b50d94d636e6.pdf,4f63b50d94d636e65f263dad3e84e347fb5ddff7cd5a099022c3f9cf0ab83f9f,188706,3,hardlink,4f63b50d94d636e65f263dad3e84e347fb5ddff7cd5a099022c3f9cf0ab83f9f,acquisition,
584,originals/ipho/1983/IPhO_1983_Q5__74e9fca3df877693.pdf,files/ipho/1983/IPhO_1983_Q5__74e9fca3df877693.pdf,74e9fca3df877693e0e7d47dc0885127ae5fc013095391f592104950bf8055a3,167116,1,hardlink,74e9fca3df877693e0e7d47dc0885127ae5fc013095391f592104950bf8055a3,acquisition,
585,originals/ipho/1983/IPhO_1983_S5__b45fc8e2d4e6f9bf.pdf,files/ipho/1983/IPhO_1983_S5__b45fc8e2d4e6f9bf.pdf,b45fc8e2d4e6f9bf2dbe460c2126ca9a53196cde79223f781284b1ecd0d431ff,86979,2,hardlink,b45fc8e2d4e6f9bf2dbe460c2126ca9a53196cde79223f781284b1ecd0d431ff,acquisition,
586,originals/ipho/1982/IPhO_1982_Q1__a304b90571500067.pdf,files/ipho/1982/IPhO_1982_Q1__a304b90571500067.pdf,a304b9057150006711a802a65c191f3ff5b648ac8371de845fcbbfed77c3b7bc,315357,3,hardlink,a304b9057150006711a802a65c191f3ff5b648ac8371de845fcbbfed77c3b7bc,acquisition,
587,originals/ipho/1982/IPhO_1982_S1__f35f1612049a6bda.pdf,files/ipho/1982/IPhO_1982_S1__f35f1612049a6bda.pdf,f35f1612049a6bdac763b151ade7bfeb3f142038b70ee543be33cb934e119968,282269,2,hardlink,f35f1612049a6bdac763b151ade7bfeb3f142038b70ee543be33cb934e119968,acquisition,
588,originals/ipho/1982/IPhO_1982_Q2__18049d2e4e27717e.pdf,files/ipho/1982/IPhO_1982_Q2__18049d2e4e27717e.pdf,18049d2e4e27717efefb0f5601fa6c307d550b508bc3242b04b9c729a7608d93,351850,2,hardlink,18049d2e4e27717efefb0f5601fa6c307d550b508bc3242b04b9c729a7608d93,acquisition,
589,originals/ipho/1982/IPhO_1982_Q3__a1fcf12eb487663d.pdf,files/ipho/1982/IPhO_1982_Q3__a1fcf12eb487663d.pdf,a1fcf12eb487663d9cc714099b43420a56fc464f6094ff99f03c31be540590fb,266557,1,hardlink,a1fcf12eb487663d9cc714099b43420a56fc464f6094ff99f03c31be540590fb,acquisition,
59,originals/ipho/2025/IPhO_2025_A5__d0ffa7db271bc653.pdf,files/ipho/2025/IPhO_2025_A5__d0ffa7db271bc653.pdf,d0ffa7db271bc65378f835f8fda52ac179bb2fed187d4622144a7c2f1c687586,45639,8,hardlink,d0ffa7db271bc65378f835f8fda52ac179bb2fed187d4622144a7c2f1c687586,acquisition,
590,originals/ipho/1982/IPhO_1982_S2__a4ff47210821cccf.pdf,files/ipho/1982/IPhO_1982_S2__a4ff47210821cccf.pdf,a4ff47210821cccfa7f0daffabe1798cc9829c0a63f17d2ce31f6e75a52e5a60,288737,3,hardlink,a4ff47210821cccfa7f0daffabe1798cc9829c0a63f17d2ce31f6e75a52e5a60,acquisition,
591,originals/ipho/1982/IPhO_1982_S3__371cd40f44314dc8.pdf,files/ipho/1982/IPhO_1982_S3__371cd40f44314dc8.pdf,371cd40f44314dc8e5cf296321b59e6f88ca7d2e46e1e94ed863b3349c4af4f5,336410,2,hardlink,371cd40f44314dc8e5cf296321b59e6f88ca7d2e46e1e94ed863b3349c4af4f5,acquisition,
592,originals/ipho/1982/IPhO_1982_Q4__eecfd0c403f7ef79.pdf,files/ipho/1982/IPhO_1982_Q4__eecfd0c403f7ef79.pdf,eecfd0c403f7ef79dca7b41b1b41c497a311443d173e1325e39d7f44119fbec7,294280,1,hardlink,eecfd0c403f7ef79dca7b41b1b41c497a311443d173e1325e39d7f44119fbec7,acquisition,
593,originals/ipho/1982/IPhO_1982_S4__524d83371968b3e3.pdf,files/ipho/1982/IPhO_1982_S4__524d83371968b3e3.pdf,524d83371968b3e317d879acb4c605c076f18b9da417bb4e24e90b496082803e,334469,3,hardlink,524d83371968b3e317d879acb4c605c076f18b9da417bb4e24e90b496082803e,acquisition,
594,originals/ipho/1982/IPhO_1982_Q5__13ec050d7a590ea3.pdf,files/ipho/1982/IPhO_1982_Q5__13ec050d7a590ea3.pdf,13ec050d7a590ea3535ef810c5e0884716a92d8261d2cb56dda8319f0e3fa923,354884,3,hardlink,13ec050d7a590ea3535ef810c5e0884716a92d8261d2cb56dda8319f0e3fa923,acquisition,
595,originals/ipho/1982/IPhO_1982_S5__389891a096d86d71.pdf,files/ipho/1982/IPhO_1982_S5__389891a096d86d71.pdf,389891a096d86d712ed2ef85f180e778c0dc67960c2f0a8862c326d75bf3acb4,513633,6,hardlink,389891a096d86d712ed2ef85f180e778c0dc67960c2f0a8862c326d75bf3acb4,acquisition,
596,originals/ipho/1981/IPhO_1981_Q1__19c87c29fb9d2175.pdf,files/ipho/1981/IPhO_1981_Q1__19c87c29fb9d2175.pdf,19c87c29fb9d2175b1e69aae154cbd2f2997b5d6b7757ed7063c8c8d5fd6a58a,195899,1,hardlink,19c87c29fb9d2175b1e69aae154cbd2f2997b5d6b7757ed7063c8c8d5fd6a58a,acquisition,
597,originals/ipho/1981/IPhO_1981_S1__c282798e9a507770.pdf,files/ipho/1981/IPhO_1981_S1__c282798e9a507770.pdf,c282798e9a507770699f31bb9c92dee12b070db31c602a7ac3e2f430d51ee8a9,202690,2,hardlink,c282798e9a507770699f31bb9c92dee12b070db31c602a7ac3e2f430d51ee8a9,acquisition,
598,originals/ipho/1981/IPhO_1981_Q2__f0b3f83b09eeb239.pdf,files/ipho/1981/IPhO_1981_Q2__f0b3f83b09eeb239.pdf,f0b3f83b09eeb239548db8e556d66f39ecfabc73612c6c609c73a23bbbd46ae3,179720,1,hardlink,f0b3f83b09eeb239548db8e556d66f39ecfabc73612c6c609c73a23bbbd46ae3,acquisition,
599,originals/ipho/1981/IPhO_1981_Q3__899cb61dd59bfb5e.pdf,files/ipho/1981/IPhO_1981_Q3__899cb61dd59bfb5e.pdf,899cb61dd59bfb5e172eac5e169e62b62ef1b08475cd449644ee9813ad69af5d,178763,1,hardlink,899cb61dd59bfb5e172eac5e169e62b62ef1b08475cd449644ee9813ad69af5d,acquisition,
6,originals/ipho/2026/IPhO_2026_S1_tex__183f30cbd39d73f1.pdf,files/ipho/2026/IPhO_2026_S1_tex__183f30cbd39d73f1.pdf,183f30cbd39d73f1e04fad994d7bcc75347029fd92f627ed2c71678bf02e96e5,90137,5,hardlink,183f30cbd39d73f1e04fad994d7bcc75347029fd92f627ed2c71678bf02e96e5,acquisition,
600,originals/ipho/1981/IPhO_1981_S3__ce13bf7717785f0d.pdf,files/ipho/1981/IPhO_1981_S3__ce13bf7717785f0d.pdf,ce13bf7717785f0d35c1239b5069d0d3b7c0a133468f841f814f305d11abfd57,198917,2,hardlink,ce13bf7717785f0d35c1239b5069d0d3b7c0a133468f841f814f305d11abfd57,acquisition,
601,originals/ipho/1981/IPhO_1981_Q4__abbda7eb91a187e5.pdf,files/ipho/1981/IPhO_1981_Q4__abbda7eb91a187e5.pdf,abbda7eb91a187e533f0eb7cb062094fe793276efbedeb6cef616c6ec15b31e2,201336,1,hardlink,abbda7eb91a187e533f0eb7cb062094fe793276efbedeb6cef616c6ec15b31e2,acquisition,
602,originals/ipho/1981/IPhO_1981_S2__19ff34b577a026c1.pdf,files/ipho/1981/IPhO_1981_S2__19ff34b577a026c1.pdf,19ff34b577a026c1cf3e6ab6bd32ddc2b8157fd2cc0813541d8250661834c276,198418,2,hardlink,19ff34b577a026c1cf3e6ab6bd32ddc2b8157fd2cc0813541d8250661834c276,acquisition,
603,originals/ipho/1981/IPhO_1981_S4__1b337bf9db129b43.pdf,files/ipho/1981/IPhO_1981_S4__1b337bf9db129b43.pdf,1b337bf9db129b438ea84e264a77d05d57a2c070899c0ea6f524a6bfd2bd9630,340418,2,hardlink,1b337bf9db129b438ea84e264a77d05d57a2c070899c0ea6f524a6bfd2bd9630,acquisition,
604,originals/ipho/1979/IPhO_1979_Q1__b71d33140728d652.pdf,files/ipho/1979/IPhO_1979_Q1__b71d33140728d652.pdf,b71d33140728d652169c89009e610f4fe95e2fb4faaad4f35f0285e9e0e5d5ce,309044,1,hardlink,b71d33140728d652169c89009e610f4fe95e2fb4faaad4f35f0285e9e0e5d5ce,acquisition,
605,originals/ipho/1979/IPhO_1979_Q2__7a759751bc803b28.pdf,files/ipho/1979/IPhO_1979_Q2__7a759751bc803b28.pdf,7a759751bc803b2802f4cacb4664da7d88ab71cd8d19302943bfdf7c55e19b3e,237727,1,hardlink,7a759751bc803b2802f4cacb4664da7d88ab71cd8d19302943bfdf7c55e19b3e,acquisition,
606,originals/ipho/1979/IPhO_1979_S2__40a3f8936ec4f7e8.pdf,files/ipho/1979/IPhO_1979_S2__40a3f8936ec4f7e8.pdf,40a3f8936ec4f7e8ffe1224754101b8e55ca672bbba10ef2ddb17ed51a9f55cf,269592,2,hardlink,40a3f8936ec4f7e8ffe1224754101b8e55ca672bbba10ef2ddb17ed51a9f55cf,acquisition,
607,originals/ipho/1979/IPhO_1979_Q3__fee8d6be2cd005e5.pdf,files/ipho/1979/IPhO_1979_Q3__fee8d6be2cd005e5.pdf,fee8d6be2cd005e567c6edca76e2a68309e0d2834666981e54d0067c5596360c,313113,1,hardlink,fee8d6be2cd005e567c6edca76e2a68309e0d2834666981e54d0067c5596360c,acquisition,
608,originals/ipho/1979/IPhO_1979_S1__e051cef12f0d0f9d.pdf,files/ipho/1979/IPhO_1979_S1__e051cef12f0d0f9d.pdf,e051cef12f0d0f9d4003f8684ee783e6fad8a80d53d7cf92b7028ee63d43d3e0,353726,2,hardlink,e051cef12f0d0f9d4003f8684ee783e6fad8a80d53d7cf92b7028ee63d43d3e0,acquisition,
609,originals/ipho/1979/IPhO_1979_S3__38bd0b60492c6e16.pdf,files/ipho/1979/IPhO_1979_S3__38bd0b60492c6e16.pdf,38bd0b60492c6e16be174bb62f46d32e416a0525ed8fc8f56b325b8488582f32,205135,2,hardlink,38bd0b60492c6e16be174bb62f46d32e416a0525ed8fc8f56b325b8488582f32,acquisition,
61,originals/ipho/2025/IPhO_2025_S5_tex__b7753cc008835f71.pdf,files/ipho/2025/IPhO_2025_S5_tex__b7753cc008835f71.pdf,b7753cc008835f7193c919109ba8214b884c8e18b4f3c069b8ce5f1c33c66f93,727759,9,hardlink,b7753cc008835f7193c919109ba8214b884c8e18b4f3c069b8ce5f1c33c66f93,acquisition,
610,originals/ipho/1979/IPhO_1979_Q4__93652bc30aa60df5.pdf,files/ipho/1979/IPhO_1979_Q4__93652bc30aa60df5.pdf,93652bc30aa60df58952c5738fc4a17673104f1295a1df752ccd77157b8e0903,176350,1,hardlink,93652bc30aa60df58952c5738fc4a17673104f1295a1df752ccd77157b8e0903,acquisition,
611,originals/ipho/1977/IPhO_1977_Q1__e6850448b7bc6d8e.pdf,files/ipho/1977/IPhO_1977_Q1__e6850448b7bc6d8e.pdf,e6850448b7bc6d8e430068d8c6e9afe49ba7cacb8b1064a468f6cd60a536e6db,259331,2,hardlink,e6850448b7bc6d8e430068d8c6e9afe49ba7cacb8b1064a468f6cd60a536e6db,acquisition,
612,originals/ipho/1977/IPhO_1977_S1__96d077aa642f696f.pdf,files/ipho/1977/IPhO_1977_S1__96d077aa642f696f.pdf,96d077aa642f696fbbf54ce7c919646a3df33652f20ff28e9a400ee3afbd3eda,332930,3,hardlink,96d077aa642f696fbbf54ce7c919646a3df33652f20ff28e9a400ee3afbd3eda,acquisition,
613,originals/ipho/1979/IPhO_1979_S4__672ed8521f29a35a.pdf,files/ipho/1979/IPhO_1979_S4__672ed8521f29a35a.pdf,672ed8521f29a35ab9a676a2a630c579c0642f614940d3903681d16685a0a2d3,494781,3,hardlink,672ed8521f29a35ab9a676a2a630c579c0642f614940d3903681d16685a0a2d3,acquisition,
614,originals/ipho/1977/IPhO_1977_Q2__1cfa476abeab8208.pdf,files/ipho/1977/IPhO_1977_Q2__1cfa476abeab8208.pdf,1cfa476abeab820859c9df70c63786727887a2daac959bb9162c9496d373f95d,111970,1,hardlink,1cfa476abeab820859c9df70c63786727887a2daac959bb9162c9496d373f95d,acquisition,
615,originals/ipho/1977/IPhO_1977_S2__c52fe6ddec99df69.pdf,files/ipho/1977/IPhO_1977_S2__c52fe6ddec99df69.pdf,c52fe6ddec99df693d4c1e49fd64bd5cc3691385460997f43d429c3a7b20e84a,129981,1,hardlink,c52fe6ddec99df693d4c1e49fd64bd5cc3691385460997f43d429c3a7b20e84a,acquisition,
616,originals/ipho/1977/IPhO_1977_Q3__40d7f3d62ae2d59a.pdf,files/ipho/1977/IPhO_1977_Q3__40d7f3d62ae2d59a.pdf,40d7f3d62ae2d59a743de57b7ce17a86d035586b477699459df6a926ff699684,214934,2,hardlink,40d7f3d62ae2d59a743de57b7ce17a86d035586b477699459df6a926ff699684,acquisition,
617,originals/ipho/1977/IPhO_1977_S3__c8dee3939ba88a2e.pdf,files/ipho/1977/IPhO_1977_S3__c8dee3939ba88a2e.pdf,c8dee3939ba88a2eaf14681de8a86faf73746e8df5cb478a8c2f7acae560b388,324663,4,hardlink,c8dee3939ba88a2eaf14681de8a86faf73746e8df5cb478a8c2f7acae560b388,acquisition,
618,originals/ipho/1976/IPhO_1976_Q1__ac3450d62ac6acf2.pdf,files/ipho/1976/IPhO_1976_Q1__ac3450d62ac6acf2.pdf,ac3450d62ac6acf29f366d7202aa7434f258a4c0e57c429f084c9ea1e002c905,275998,1,hardlink,ac3450d62ac6acf29f366d7202aa7434f258a4c0e57c429f084c9ea1e002c905,acquisition,
619,originals/ipho/1976/IPhO_1976_S1__f145bb7c0df31e06.pdf,files/ipho/1976/IPhO_1976_S1__f145bb7c0df31e06.pdf,f145bb7c0df31e06923ce9d91eab04a440068459e862fcf1b7839091f8237da4,276769,2,hardlink,f145bb7c0df31e06923ce9d91eab04a440068459e862fcf1b7839091f8237da4,acquisition,
62,originals/ipho/2025/IPhO_2025_Q5_tex__778b1e4fdcbb1e20.zip,files/ipho/2025/IPhO_2025_Q5_tex__778b1e4fdcbb1e20.zip,778b1e4fdcbb1e2074096aefee2248311e31dda2b23d44387fb9544e06e80882,974586,,hardlink,778b1e4fdcbb1e2074096aefee2248311e31dda2b23d44387fb9544e06e80882,acquisition,
620,originals/ipho/1976/IPhO_1976_Q2__1184d570cb432392.pdf,files/ipho/1976/IPhO_1976_Q2__1184d570cb432392.pdf,1184d570cb43239223374a6aa731fea4910ee9fee9988392877198b90d6dbe3b,265497,1,hardlink,1184d570cb43239223374a6aa731fea4910ee9fee9988392877198b90d6dbe3b,acquisition,
621,originals/ipho/1976/IPhO_1976_S2__a48a41ef1ea430cc.pdf,files/ipho/1976/IPhO_1976_S2__a48a41ef1ea430cc.pdf,a48a41ef1ea430cc194b6fdd1d9e95e0fab2f8de232f390276efa81dd3702a85,261735,1,hardlink,a48a41ef1ea430cc194b6fdd1d9e95e0fab2f8de232f390276efa81dd3702a85,acquisition,
622,originals/ipho/1976/IPhO_1976_S3__8a9a9e2c8e64aeca.pdf,files/ipho/1976/IPhO_1976_S3__8a9a9e2c8e64aeca.pdf,8a9a9e2c8e64aeca0cd1603a31065b0e45799ee1b37a891b9eaec26e14b8bd78,299588,2,hardlink,8a9a9e2c8e64aeca0cd1603a31065b0e45799ee1b37a891b9eaec26e14b8bd78,acquisition,
623,originals/ipho/1976/IPhO_1976_Q3__0ccb6c9f29be9dea.pdf,files/ipho/1976/IPhO_1976_Q3__0ccb6c9f29be9dea.pdf,0ccb6c9f29be9dea9d97b9ab8768640744f88194a5353409ae7e756eeecc6711,160996,1,hardlink,0ccb6c9f29be9dea9d97b9ab8768640744f88194a5353409ae7e756eeecc6711,acquisition,
624,originals/ipho/1976/IPhO_1976_Q4__6df9626c005b0ca1.pdf,files/ipho/1976/IPhO_1976_Q4__6df9626c005b0ca1.pdf,6df9626c005b0ca11b9adc6ec24c0a89256f88f869d053e8677427321065933c,261142,1,hardlink,6df9626c005b0ca11b9adc6ec24c0a89256f88f869d053e8677427321065933c,acquisition,
625,originals/ipho/1976/IPhO_1976_S4__254216297d51d83d.pdf,files/ipho/1976/IPhO_1976_S4__254216297d51d83d.pdf,254216297d51d83dd4fd191dd05347d77a71a9f19eb83e866b1274421e372dd3,254435,1,hardlink,254216297d51d83dd4fd191dd05347d77a71a9f19eb83e866b1274421e372dd3,acquisition,
626,originals/ipho/1975/IPhO_1975_Q1__98f2fc7c12a93ffd.pdf,files/ipho/1975/IPhO_1975_Q1__98f2fc7c12a93ffd.pdf,98f2fc7c12a93ffdb83929035d1a40397b1d67df877d41a25d57b0a27de1e562,113132,2,hardlink,98f2fc7c12a93ffdb83929035d1a40397b1d67df877d41a25d57b0a27de1e562,acquisition,
627,originals/ipho/1975/IPhO_1975_Q2__69af4a68bcdbedf0.pdf,files/ipho/1975/IPhO_1975_Q2__69af4a68bcdbedf0.pdf,69af4a68bcdbedf0c92dfc726cbe52649bcd248119dddded252b86f055613f4f,116818,2,hardlink,69af4a68bcdbedf0c92dfc726cbe52649bcd248119dddded252b86f055613f4f,acquisition,
628,originals/ipho/1975/IPhO_1975_S1__baffb55998d8170e.pdf,files/ipho/1975/IPhO_1975_S1__baffb55998d8170e.pdf,baffb55998d8170e1641eaf3bd44757369e480c076f889984f7763a725ce4bb4,147759,2,hardlink,baffb55998d8170e1641eaf3bd44757369e480c076f889984f7763a725ce4bb4,acquisition,
629,originals/ipho/1975/IPhO_1975_Q3__779b78e6503fd1c7.pdf,files/ipho/1975/IPhO_1975_Q3__779b78e6503fd1c7.pdf,779b78e6503fd1c7571f9e82c2efad99838e5775f27cad9572a88b12639c1725,102384,2,hardlink,779b78e6503fd1c7571f9e82c2efad99838e5775f27cad9572a88b12639c1725,acquisition,
63,originals/ipho/2025/2025-5__5312db340c0c375f.tex,files/ipho/2025/2025-5__5312db340c0c375f.tex,5312db340c0c375ff9658284d1ebe08db940d458c123561c9f5a270f73e36a6f,11948,,hardlink,5312db340c0c375ff9658284d1ebe08db940d458c123561c9f5a270f73e36a6f,acquisition,
630,originals/ipho/1975/IPhO_1975_S2__44d3471bf21dbb40.pdf,files/ipho/1975/IPhO_1975_S2__44d3471bf21dbb40.pdf,44d3471bf21dbb40acbbc2833af50554f08b2368b244f9aee34550ed485d62a4,103359,2,hardlink,44d3471bf21dbb40acbbc2833af50554f08b2368b244f9aee34550ed485d62a4,acquisition,
631,originals/ipho/1975/IPhO_1975_S3__dae78ecb6f4a8b16.pdf,files/ipho/1975/IPhO_1975_S3__dae78ecb6f4a8b16.pdf,dae78ecb6f4a8b16af973afd90714b9d9553b55adbebe677b90e32c7503e3ecf,247950,3,hardlink,dae78ecb6f4a8b16af973afd90714b9d9553b55adbebe677b90e32c7503e3ecf,acquisition,
632,originals/ipho/1975/IPhO_1975_Q4__3d01ff69e3892c85.pdf,files/ipho/1975/IPhO_1975_Q4__3d01ff69e3892c85.pdf,3d01ff69e3892c85d52b6fdda2689ac59977705575ab3f3df60b786153ca148a,116525,1,hardlink,3d01ff69e3892c85d52b6fdda2689ac59977705575ab3f3df60b786153ca148a,acquisition,
633,originals/ipho/1975/IPhO_1975_S4__db5555a8fcfbc994.pdf,files/ipho/1975/IPhO_1975_S4__db5555a8fcfbc994.pdf,db5555a8fcfbc9947ff75d04b4a8a0a5254364d1c899ee3e63547b72320fc1d1,162910,4,hardlink,db5555a8fcfbc9947ff75d04b4a8a0a5254364d1c899ee3e63547b72320fc1d1,acquisition,
634,originals/ipho/1974/IPhO_1974_Q1__c4e694a4d51714ef.pdf,files/ipho/1974/IPhO_1974_Q1__c4e694a4d51714ef.pdf,c4e694a4d51714efd293cab495f39792549941cd93fb714dd76d2e6412a39580,303526,2,hardlink,c4e694a4d51714efd293cab495f39792549941cd93fb714dd76d2e6412a39580,acquisition,
635,originals/ipho/1974/IPhO_1974_S1__482494c6d58303c3.pdf,files/ipho/1974/IPhO_1974_S1__482494c6d58303c3.pdf,482494c6d58303c39919a7fd892627f7d08b5774ce6360acf021750a5d27815e,326118,2,hardlink,482494c6d58303c39919a7fd892627f7d08b5774ce6360acf021750a5d27815e,acquisition,
636,originals/ipho/1974/IPhO_1974_Q2__6ce46b3fd5e4fa0c.pdf,files/ipho/1974/IPhO_1974_Q2__6ce46b3fd5e4fa0c.pdf,6ce46b3fd5e4fa0cd9122ba826c160812e2438ddad615a7a7e4e36388bee1674,323907,1,hardlink,6ce46b3fd5e4fa0cd9122ba826c160812e2438ddad615a7a7e4e36388bee1674,acquisition,
637,originals/ipho/1974/IPhO_1974_S2__bf921d12586ef8b1.pdf,files/ipho/1974/IPhO_1974_S2__bf921d12586ef8b1.pdf,bf921d12586ef8b1b7eb0d9e75345e97708a2d50132e975a9ac80f751e8181bb,355266,5,hardlink,bf921d12586ef8b1b7eb0d9e75345e97708a2d50132e975a9ac80f751e8181bb,acquisition,
638,originals/ipho/1974/IPhO_1974_Q3__0b0584023a3e4d02.pdf,files/ipho/1974/IPhO_1974_Q3__0b0584023a3e4d02.pdf,0b0584023a3e4d02f4b64780f6aac1897671e9e5a541ad798058acb67a1235fc,168958,1,hardlink,0b0584023a3e4d02f4b64780f6aac1897671e9e5a541ad798058acb67a1235fc,acquisition,
639,originals/ipho/1974/IPhO_1974_S3__91fdbcc58592d738.pdf,files/ipho/1974/IPhO_1974_S3__91fdbcc58592d738.pdf,91fdbcc58592d7386bd896898ecba8febabf31fc6a27a683682a5f94ff029ebc,359054,3,hardlink,91fdbcc58592d7386bd896898ecba8febabf31fc6a27a683682a5f94ff029ebc,acquisition,
64,originals/ipho/2025/IPhO_2025_Q6__01f1b530c5f5d125.pdf,files/ipho/2025/IPhO_2025_Q6__01f1b530c5f5d125.pdf,01f1b530c5f5d1253c9043fe26344a61e3af573ea653c2ba8db8e90822b813af,250398,4,hardlink,01f1b530c5f5d1253c9043fe26344a61e3af573ea653c2ba8db8e90822b813af,acquisition,
640,originals/ipho/1974/IPhO_1974_Q4__a92b6a2f558ec380.pdf,files/ipho/1974/IPhO_1974_Q4__a92b6a2f558ec380.pdf,a92b6a2f558ec380d03c5e7579fba669252630a8d03b43cae13d1172bf2a948f,239095,1,hardlink,a92b6a2f558ec380d03c5e7579fba669252630a8d03b43cae13d1172bf2a948f,acquisition,
641,originals/ipho/1974/IPhO_1974_S4__a025c8b93c0ea3cb.pdf,files/ipho/1974/IPhO_1974_S4__a025c8b93c0ea3cb.pdf,a025c8b93c0ea3cb7f0cf63c8ff2a51e9bb345d09c3e8d7281d58e08c3af6e53,448919,3,hardlink,a025c8b93c0ea3cb7f0cf63c8ff2a51e9bb345d09c3e8d7281d58e08c3af6e53,acquisition,
642,originals/ipho/1972/IPhO_1972_S1__c36ffe923d812f4e.pdf,files/ipho/1972/IPhO_1972_S1__c36ffe923d812f4e.pdf,c36ffe923d812f4e14163be4dd7aead64a202100408d19a62667c2831163d63e,1063999,3,hardlink,c36ffe923d812f4e14163be4dd7aead64a202100408d19a62667c2831163d63e,acquisition,
643,originals/ipho/1972/IPhO_1972_Q1__07e5badee25ccf70.pdf,files/ipho/1972/IPhO_1972_Q1__07e5badee25ccf70.pdf,07e5badee25ccf70ae51e04ac65bc59f2a45dd9d91018dc256dfe7e642ef7526,270095,1,hardlink,07e5badee25ccf70ae51e04ac65bc59f2a45dd9d91018dc256dfe7e642ef7526,acquisition,
644,originals/ipho/1972/IPhO_1972_Q2__215c2be1af7a8361.pdf,files/ipho/1972/IPhO_1972_Q2__215c2be1af7a8361.pdf,215c2be1af7a83616430f46f155a65a15608dd449f24dcc0a4b3caecc1fa7725,255253,1,hardlink,215c2be1af7a83616430f46f155a65a15608dd449f24dcc0a4b3caecc1fa7725,acquisition,
645,originals/ipho/1972/IPhO_1972_S2__263e37950b6f6c70.pdf,files/ipho/1972/IPhO_1972_S2__263e37950b6f6c70.pdf,263e37950b6f6c7014c55717a01ab1075902267d3a8a07a10a85c36d0c7b6ffc,360271,2,hardlink,263e37950b6f6c7014c55717a01ab1075902267d3a8a07a10a85c36d0c7b6ffc,acquisition,
646,originals/ipho/1972/IPhO_1972_S3__792831acb317c39d.pdf,files/ipho/1972/IPhO_1972_S3__792831acb317c39d.pdf,792831acb317c39ddbbf67519e9b4003ea6649421efc3928cc5bfea1ec0599f9,264093,1,hardlink,792831acb317c39ddbbf67519e9b4003ea6649421efc3928cc5bfea1ec0599f9,acquisition,
647,originals/ipho/1972/IPhO_1972_Q4__cf70b4bf05fa63bc.pdf,files/ipho/1972/IPhO_1972_Q4__cf70b4bf05fa63bc.pdf,cf70b4bf05fa63bc2f1c2586a4a140faec6b1230171dd0b357ce5a1cc5f40067,380525,1,hardlink,cf70b4bf05fa63bc2f1c2586a4a140faec6b1230171dd0b357ce5a1cc5f40067,acquisition,
648,originals/ipho/1972/IPhO_1972_Q3__15e84fd615ac2127.pdf,files/ipho/1972/IPhO_1972_Q3__15e84fd615ac2127.pdf,15e84fd615ac2127e933caaa459fb89432afa9b247c6db3da1c8c9eb03502bfc,176993,1,hardlink,15e84fd615ac2127e933caaa459fb89432afa9b247c6db3da1c8c9eb03502bfc,acquisition,
649,originals/ipho/1972/IPhO_1972_S4__43dd2503350e46ea.pdf,files/ipho/1972/IPhO_1972_S4__43dd2503350e46ea.pdf,43dd2503350e46eae519352627bc13e74930436a64def27b7040c43233513ec9,995961,3,hardlink,43dd2503350e46eae519352627bc13e74930436a64def27b7040c43233513ec9,acquisition,
65,originals/ipho/2025/IPhO_2025_A6__2b6c7106a98bdf96.pdf,files/ipho/2025/IPhO_2025_A6__2b6c7106a98bdf96.pdf,2b6c7106a98bdf96078f9c5852504838088729ab315529ade091c19a8628f860,31227,2,hardlink,2b6c7106a98bdf96078f9c5852504838088729ab315529ade091c19a8628f860,acquisition,
650,originals/ipho/1972/IPhO_1972_Q5__5fc12b3a1a2f3e8e.pdf,files/ipho/1972/IPhO_1972_Q5__5fc12b3a1a2f3e8e.pdf,5fc12b3a1a2f3e8eaaab00de174805f192e29a4803a67058e7aa3f565bfe8a52,243881,1,hardlink,5fc12b3a1a2f3e8eaaab00de174805f192e29a4803a67058e7aa3f565bfe8a52,acquisition,
651,originals/ipho/1971/IPhO_1971_Q1__e8321ccd7e86a100.pdf,files/ipho/1971/IPhO_1971_Q1__e8321ccd7e86a100.pdf,e8321ccd7e86a1000e6d983fb28da4fbdcfdfa01a7a33cba8e1ed1dab82c7b54,428317,1,hardlink,e8321ccd7e86a1000e6d983fb28da4fbdcfdfa01a7a33cba8e1ed1dab82c7b54,acquisition,
652,originals/ipho/1972/IPhO_1972_S5__b3bd0b0c3d1d5d15.pdf,files/ipho/1972/IPhO_1972_S5__b3bd0b0c3d1d5d15.pdf,b3bd0b0c3d1d5d153efb2753be13e4207763d14a04de5ce9130bc17ad5dea25e,1236625,3,hardlink,b3bd0b0c3d1d5d153efb2753be13e4207763d14a04de5ce9130bc17ad5dea25e,acquisition,
653,originals/ipho/1971/IPhO_1971_S1__434f1b9a49c2cb3a.pdf,files/ipho/1971/IPhO_1971_S1__434f1b9a49c2cb3a.pdf,434f1b9a49c2cb3a031f97997078b4d5bf69a116611f5aeeeff253f1a1ec51cc,446279,2,hardlink,434f1b9a49c2cb3a031f97997078b4d5bf69a116611f5aeeeff253f1a1ec51cc,acquisition,
654,originals/ipho/1971/IPhO_1971_Q2__66e9e664d38f241b.pdf,files/ipho/1971/IPhO_1971_Q2__66e9e664d38f241b.pdf,66e9e664d38f241b424130665f84aec49f7cad697cc832240155ebd801495cc2,267009,1,hardlink,66e9e664d38f241b424130665f84aec49f7cad697cc832240155ebd801495cc2,acquisition,
655,originals/ipho/1971/IPhO_1971_S2__239ae2d9ddcf52ff.pdf,files/ipho/1971/IPhO_1971_S2__239ae2d9ddcf52ff.pdf,239ae2d9ddcf52ff1e6c3509f50e81b89af9aff17d992efac1a1704560f2f3b0,273484,2,hardlink,239ae2d9ddcf52ff1e6c3509f50e81b89af9aff17d992efac1a1704560f2f3b0,acquisition,
656,originals/ipho/1971/IPhO_1971_Q3__89760015186c4317.pdf,files/ipho/1971/IPhO_1971_Q3__89760015186c4317.pdf,89760015186c431732741da98847f61e5e55a692e15ca63e835ebeb764eda021,321404,1,hardlink,89760015186c431732741da98847f61e5e55a692e15ca63e835ebeb764eda021,acquisition,
657,originals/ipho/1971/IPhO_1971_S3__4257b1b6a904c9f0.pdf,files/ipho/1971/IPhO_1971_S3__4257b1b6a904c9f0.pdf,4257b1b6a904c9f0f216c518911ba6adc39c8614881ebdee4b00ec3ca97a50a2,270255,2,hardlink,4257b1b6a904c9f0f216c518911ba6adc39c8614881ebdee4b00ec3ca97a50a2,acquisition,
658,originals/ipho/1971/IPhO_1971_Q4__bb31a2255db2c9e9.pdf,files/ipho/1971/IPhO_1971_Q4__bb31a2255db2c9e9.pdf,bb31a2255db2c9e9834823425cc9a7ec25d50f5d86d1ae3b0b39a2fa699c46f9,316903,1,hardlink,bb31a2255db2c9e9834823425cc9a7ec25d50f5d86d1ae3b0b39a2fa699c46f9,acquisition,
659,originals/ipho/1971/IPhO_1971_S4__fc3e7a198d11d4f0.pdf,files/ipho/1971/IPhO_1971_S4__fc3e7a198d11d4f0.pdf,fc3e7a198d11d4f0673acf1ae7595d02558f21b0e866643485c3a4519596f47b,407790,2,hardlink,fc3e7a198d11d4f0673acf1ae7595d02558f21b0e866643485c3a4519596f47b,acquisition,
660,originals/ipho/1971/IPhO_1971_Q5__e1bb6e02b66aab32.pdf,files/ipho/1971/IPhO_1971_Q5__e1bb6e02b66aab32.pdf,e1bb6e02b66aab327bc88239d644c595b4c9a42bb9d7687bd9b4590b4adb7c18,384047,1,hardlink,e1bb6e02b66aab327bc88239d644c595b4c9a42bb9d7687bd9b4590b4adb7c18,acquisition,
661,originals/ipho/1971/IPhO_1971_S5__dcce5cc3889af3f7.pdf,files/ipho/1971/IPhO_1971_S5__dcce5cc3889af3f7.pdf,dcce5cc3889af3f7aa5303f45ba459ff89c5f65749c4b79ba59f2fc05913daa4,263113,2,hardlink,dcce5cc3889af3f7aa5303f45ba459ff89c5f65749c4b79ba59f2fc05913daa4,acquisition,
662,originals/ipho/1970/IPhO_1970_Q1__c43cb7d49a6c431e.pdf,files/ipho/1970/IPhO_1970_Q1__c43cb7d49a6c431e.pdf,c43cb7d49a6c431e384a10afe093e9c005de2c9c7e612886d01d22bdbeda77f4,276683,1,hardlink,c43cb7d49a6c431e384a10afe093e9c005de2c9c7e612886d01d22bdbeda77f4,acquisition,
663,originals/ipho/1970/IPhO_1970_S1__a67633b8f112cbee.pdf,files/ipho/1970/IPhO_1970_S1__a67633b8f112cbee.pdf,a67633b8f112cbeef9d7be19cd3818058b18befd16a83aeba9866f77b5ba6af4,278019,2,hardlink,a67633b8f112cbeef9d7be19cd3818058b18befd16a83aeba9866f77b5ba6af4,acquisition,
664,originals/ipho/1970/IPhO_1970_S2__9f42569454f3b64a.pdf,files/ipho/1970/IPhO_1970_S2__9f42569454f3b64a.pdf,9f42569454f3b64a8dbd380cd2c7dc6c2a72bed55382b5de96b173fdc63e4758,254467,1,hardlink,9f42569454f3b64a8dbd380cd2c7dc6c2a72bed55382b5de96b173fdc63e4758,acquisition,
665,originals/ipho/1970/IPhO_1970_Q3__40e4461f9b991240.pdf,files/ipho/1970/IPhO_1970_Q3__40e4461f9b991240.pdf,40e4461f9b9912409ad33f61fc0d57a5ac20840df32e9a96e9fba6ebd69b3353,238563,1,hardlink,40e4461f9b9912409ad33f61fc0d57a5ac20840df32e9a96e9fba6ebd69b3353,acquisition,
666,originals/ipho/1970/IPhO_1970_Q2__fcc11f58d7d9bbf6.pdf,files/ipho/1970/IPhO_1970_Q2__fcc11f58d7d9bbf6.pdf,fcc11f58d7d9bbf6565d34b3b18cdec70fc6a0e3b425f53c29b63cf6ab512157,251998,1,hardlink,fcc11f58d7d9bbf6565d34b3b18cdec70fc6a0e3b425f53c29b63cf6ab512157,acquisition,
667,originals/ipho/1970/IPhO_1970_S3__1f8071d594beed90.pdf,files/ipho/1970/IPhO_1970_S3__1f8071d594beed90.pdf,1f8071d594beed904805c6e68c3a2a3fa25b442239211b3bdba09087382c526b,264654,1,hardlink,1f8071d594beed904805c6e68c3a2a3fa25b442239211b3bdba09087382c526b,acquisition,
668,originals/ipho/1970/IPhO_1970_Q4__1f71ac0faa3a49cc.pdf,files/ipho/1970/IPhO_1970_Q4__1f71ac0faa3a49cc.pdf,1f71ac0faa3a49cc3453a9fdfea3320aaf6df89e836fb5d422357e7ade67a72d,256184,1,hardlink,1f71ac0faa3a49cc3453a9fdfea3320aaf6df89e836fb5d422357e7ade67a72d,acquisition,
669,originals/ipho/1970/IPhO_1970_Q5__05c4ab69f34c24b9.pdf,files/ipho/1970/IPhO_1970_Q5__05c4ab69f34c24b9.pdf,05c4ab69f34c24b9f01470b281bc3c811a5250161818a1a920ead8eea25cd164,170812,1,hardlink,05c4ab69f34c24b9f01470b281bc3c811a5250161818a1a920ead8eea25cd164,acquisition,
67,originals/ipho/2025/IPhO_2025_Q6_tex__b300682b147b03c0.zip,files/ipho/2025/IPhO_2025_Q6_tex__b300682b147b03c0.zip,b300682b147b03c0d1f16be13f77174f24faf64dd5e8db8b8d52be6e56cf2f9d,163448,,hardlink,b300682b147b03c0d1f16be13f77174f24faf64dd5e8db8b8d52be6e56cf2f9d,acquisition,
670,originals/ipho/1970/IPhO_1970_S4__6daf9a19a07a1555.pdf,files/ipho/1970/IPhO_1970_S4__6daf9a19a07a1555.pdf,6daf9a19a07a1555cea6c58288bb161333b71f7aa0e91c36190e82e0c5206e03,368176,2,hardlink,6daf9a19a07a1555cea6c58288bb161333b71f7aa0e91c36190e82e0c5206e03,acquisition,
671,originals/ipho/1970/IPhO_1970_S5__d256f26600ba894e.pdf,files/ipho/1970/IPhO_1970_S5__d256f26600ba894e.pdf,d256f26600ba894ebf115f63acbab897ff49580dd1f9e82d58f580766837ed5c,374534,3,hardlink,d256f26600ba894ebf115f63acbab897ff49580dd1f9e82d58f580766837ed5c,acquisition,
672,originals/ipho/1969/IPhO_1969_Q1__db6f329e5f36143a.pdf,files/ipho/1969/IPhO_1969_Q1__db6f329e5f36143a.pdf,db6f329e5f36143adfcc7773d8f3750a52fcb097a23c37102a726b4595274a9a,87616,1,hardlink,db6f329e5f36143adfcc7773d8f3750a52fcb097a23c37102a726b4595274a9a,acquisition,
673,originals/ipho/1969/IPhO_1969_Q2__762f75a8374214b8.pdf,files/ipho/1969/IPhO_1969_Q2__762f75a8374214b8.pdf,762f75a8374214b8a907749b3c813d4d58dd07268f25914d440c33393b5c3846,123523,1,hardlink,762f75a8374214b8a907749b3c813d4d58dd07268f25914d440c33393b5c3846,acquisition,
674,originals/ipho/1969/IPhO_1969_S2__a839e6937ff2e7b6.pdf,files/ipho/1969/IPhO_1969_S2__a839e6937ff2e7b6.pdf,a839e6937ff2e7b6e9d558ba4735034be8b309d55fe1fc43be7c1e30061e6cad,261033,2,hardlink,a839e6937ff2e7b6e9d558ba4735034be8b309d55fe1fc43be7c1e30061e6cad,acquisition,
675,originals/ipho/1969/IPhO_1969_Q3__fce4811f0ada0d8d.pdf,files/ipho/1969/IPhO_1969_Q3__fce4811f0ada0d8d.pdf,fce4811f0ada0d8db8297631c6b2a1a4c9ff06aab95ec1cb7d65a945ff5074bc,102018,1,hardlink,fce4811f0ada0d8db8297631c6b2a1a4c9ff06aab95ec1cb7d65a945ff5074bc,acquisition,
676,originals/ipho/1969/IPhO_1969_S1__bb757a59062af661.pdf,files/ipho/1969/IPhO_1969_S1__bb757a59062af661.pdf,bb757a59062af6619a98ac1e5c614f739916a90bc33f8db3d5fe668871c7a514,308345,3,hardlink,bb757a59062af6619a98ac1e5c614f739916a90bc33f8db3d5fe668871c7a514,acquisition,
677,originals/ipho/1969/IPhO_1969_S3__591e9da3ce199c1f.pdf,files/ipho/1969/IPhO_1969_S3__591e9da3ce199c1f.pdf,591e9da3ce199c1f9bfacf27f89441254cf8f1cf98aca64f5d8abd67519a14c4,181836,2,hardlink,591e9da3ce199c1f9bfacf27f89441254cf8f1cf98aca64f5d8abd67519a14c4,acquisition,
678,originals/ipho/1969/IPhO_1969_Q4__8375a28bd909af89.pdf,files/ipho/1969/IPhO_1969_Q4__8375a28bd909af89.pdf,8375a28bd909af89a46f2b4ab458b5ffb33c2c1eac0012f229ca88a60b2f4642,187857,2,hardlink,8375a28bd909af89a46f2b4ab458b5ffb33c2c1eac0012f229ca88a60b2f4642,acquisition,
679,originals/ipho/1969/IPhO_1969_S4__5badb5b3dfd56dad.pdf,files/ipho/1969/IPhO_1969_S4__5badb5b3dfd56dad.pdf,5badb5b3dfd56dad1cdd042aa1ea8e538b86e6b82456b1c9f6e8481807710ccd,203318,2,hardlink,5badb5b3dfd56dad1cdd042aa1ea8e538b86e6b82456b1c9f6e8481807710ccd,acquisition,
68,originals/ipho/2025/2025-6__447519336a96a4e7.tex,files/ipho/2025/2025-6__447519336a96a4e7.tex,447519336a96a4e7c90f3427aa318b03ad3695436661fedc89ec616ba3d8709e,7960,,hardlink,447519336a96a4e7c90f3427aa318b03ad3695436661fedc89ec616ba3d8709e,acquisition,
680,originals/ipho/1968/IPhO_1968_Q1__c3afca878a3fc3db.pdf,files/ipho/1968/IPhO_1968_Q1__c3afca878a3fc3db.pdf,c3afca878a3fc3db5bb13a9a0a04480983d84097c55ea2f3013349f4322a5ace,374141,2,hardlink,c3afca878a3fc3db5bb13a9a0a04480983d84097c55ea2f3013349f4322a5ace,acquisition,
681,originals/ipho/1968/IPhO_1968_S1__c4a18ac988360e9c.pdf,files/ipho/1968/IPhO_1968_S1__c4a18ac988360e9c.pdf,c4a18ac988360e9c84d3327291461387548a393d67b3860bd25163794ca1b2ee,354406,2,hardlink,c4a18ac988360e9c84d3327291461387548a393d67b3860bd25163794ca1b2ee,acquisition,
682,originals/ipho/1968/IPhO_1968_Q2__3d1edc288312b2bd.pdf,files/ipho/1968/IPhO_1968_Q2__3d1edc288312b2bd.pdf,3d1edc288312b2bd169dcf1df1f1e5a83e0de5f18e3b902af31a351695f0d9d5,250531,1,hardlink,3d1edc288312b2bd169dcf1df1f1e5a83e0de5f18e3b902af31a351695f0d9d5,acquisition,
683,originals/ipho/1968/IPhO_1968_S2__6f58a43761285fd0.pdf,files/ipho/1968/IPhO_1968_S2__6f58a43761285fd0.pdf,6f58a43761285fd0afe764b6a2b87f0fdbde77ff01113bdf30b20a4ca1901346,319299,1,hardlink,6f58a43761285fd0afe764b6a2b87f0fdbde77ff01113bdf30b20a4ca1901346,acquisition,
684,originals/ipho/1968/IPhO_1968_Q3__82558e0a66b1b3f9.pdf,files/ipho/1968/IPhO_1968_Q3__82558e0a66b1b3f9.pdf,82558e0a66b1b3f92e9e7643d7d59548c0283bcb74025e697a2fc62c9569c82f,313148,1,hardlink,82558e0a66b1b3f92e9e7643d7d59548c0283bcb74025e697a2fc62c9569c82f,acquisition,
685,originals/ipho/1968/IPhO_1968_S3__e2d2f4d456f11bd2.pdf,files/ipho/1968/IPhO_1968_S3__e2d2f4d456f11bd2.pdf,e2d2f4d456f11bd249580d31ae125792262d5b126fa4b2cc96f45ec385689a2d,335501,1,hardlink,e2d2f4d456f11bd249580d31ae125792262d5b126fa4b2cc96f45ec385689a2d,acquisition,
686,originals/ipho/1968/IPhO_1968_Q4__47f708a9d1a98ee0.pdf,files/ipho/1968/IPhO_1968_Q4__47f708a9d1a98ee0.pdf,47f708a9d1a98ee01c8cdb665a35dfb13bc9ef40616c5016c0aae9837671d129,241081,1,hardlink,47f708a9d1a98ee01c8cdb665a35dfb13bc9ef40616c5016c0aae9837671d129,acquisition,
687,originals/ipho/1967/IPhO_1967_Q1__b6d4bbdf1fcc5d68.pdf,files/ipho/1967/IPhO_1967_Q1__b6d4bbdf1fcc5d68.pdf,b6d4bbdf1fcc5d6804bbb25ffc4e0725afd207c0d47dc9998bebb1dfd28c58c6,309846,2,hardlink,b6d4bbdf1fcc5d6804bbb25ffc4e0725afd207c0d47dc9998bebb1dfd28c58c6,acquisition,
688,originals/ipho/1968/IPhO_1968_S4__0d9916fdf0822a38.pdf,files/ipho/1968/IPhO_1968_S4__0d9916fdf0822a38.pdf,0d9916fdf0822a38c1b204368d567599897fa8e6a91171ff2a2f91474d1178bc,311980,1,hardlink,0d9916fdf0822a38c1b204368d567599897fa8e6a91171ff2a2f91474d1178bc,acquisition,
689,originals/ipho/1967/1967-1__ca4f92d5c2be0481.tex,files/ipho/1967/1967-1__ca4f92d5c2be0481.tex,ca4f92d5c2be0481ff75347f0822452822e1c8b01cdffc88fb83a8bb9b3295ae,1174,,hardlink,ca4f92d5c2be0481ff75347f0822452822e1c8b01cdffc88fb83a8bb9b3295ae,acquisition,
69,originals/ipho/2024/IPhO_2024_S1__c7006bbcadf2bdfa.pdf,files/ipho/2024/IPhO_2024_S1__c7006bbcadf2bdfa.pdf,c7006bbcadf2bdfa1feaf99c89cac6c7aa8b41f66cc742d0a12dc41a90bf6e52,329386,7,hardlink,c7006bbcadf2bdfa1feaf99c89cac6c7aa8b41f66cc742d0a12dc41a90bf6e52,acquisition,
690,originals/ipho/1967/IPhO_1967_S1__861e60c0b7041dfa.pdf,files/ipho/1967/IPhO_1967_S1__861e60c0b7041dfa.pdf,861e60c0b7041dfa96471fa69f46cd684ae54d2ce6b551e0f46e637898ab01e0,279698,3,hardlink,861e60c0b7041dfa96471fa69f46cd684ae54d2ce6b551e0f46e637898ab01e0,acquisition,
691,originals/ipho/1967/IPhO_1967_Q2__36def1c63d26cf52.pdf,files/ipho/1967/IPhO_1967_Q2__36def1c63d26cf52.pdf,36def1c63d26cf52ec9c60eacb166db4e9899025c0bb28d8aff103934531cf46,286403,1,hardlink,36def1c63d26cf52ec9c60eacb166db4e9899025c0bb28d8aff103934531cf46,acquisition,
692,originals/ipho/1967/IPhO_1967_Q3__9709ea4259798945.pdf,files/ipho/1967/IPhO_1967_Q3__9709ea4259798945.pdf,9709ea42597989453b44d3903274389593351f217892ca81624e698062a9c7a0,169360,1,hardlink,9709ea42597989453b44d3903274389593351f217892ca81624e698062a9c7a0,acquisition,
693,originals/ipho/1967/1967-2__03398e6f3de43e44.tex,files/ipho/1967/1967-2__03398e6f3de43e44.tex,03398e6f3de43e44c6e1e390a0d138f7d3a55af8d60aa4f3ccb430e921de9b13,736,,hardlink,03398e6f3de43e44c6e1e390a0d138f7d3a55af8d60aa4f3ccb430e921de9b13,acquisition,
694,originals/ipho/1967/IPhO_1967_S2__b2945fde3c023e4a.pdf,files/ipho/1967/IPhO_1967_S2__b2945fde3c023e4a.pdf,b2945fde3c023e4a6761ea65b82e4538d5e51bcf57ca081c35b98067c8200d83,246890,1,hardlink,b2945fde3c023e4a6761ea65b82e4538d5e51bcf57ca081c35b98067c8200d83,acquisition,
695,originals/ipho/1967/IPhO_1967_S3__49316b5276255251.pdf,files/ipho/1967/IPhO_1967_S3__49316b5276255251.pdf,49316b5276255251ef07e2e1f2bb1fe9d428e76e491e5f43ed00d5e99b0ddd3d,333658,2,hardlink,49316b5276255251ef07e2e1f2bb1fe9d428e76e491e5f43ed00d5e99b0ddd3d,acquisition,
696,originals/ipho/1967/1967-3__3ea26f854d800128.tex,files/ipho/1967/1967-3__3ea26f854d800128.tex,3ea26f854d800128a8f0a5937777101a93215b6cdc8e7965a0e8ea981264b8d3,658,,hardlink,3ea26f854d800128a8f0a5937777101a93215b6cdc8e7965a0e8ea981264b8d3,acquisition,
697,originals/ipho/1967/IPhO_1967_Q4__e50052106c0c3dee.pdf,files/ipho/1967/IPhO_1967_Q4__e50052106c0c3dee.pdf,e50052106c0c3dee15d3614f0336d881330bee1f075f759e6f84fd4bb1c98c48,270789,1,hardlink,e50052106c0c3dee15d3614f0336d881330bee1f075f759e6f84fd4bb1c98c48,acquisition,
698,originals/ipho/1967/IPhO_1967_S4__ecda88f06048ec17.pdf,files/ipho/1967/IPhO_1967_S4__ecda88f06048ec17.pdf,ecda88f06048ec174da4f9098fbd90b680bf0c3fe050c17251e634c12e92f901,370397,2,hardlink,ecda88f06048ec174da4f9098fbd90b680bf0c3fe050c17251e634c12e92f901,acquisition,
699,originals/ipho/1967/1967-4__308abe10f234bf2c.tex,files/ipho/1967/1967-4__308abe10f234bf2c.tex,308abe10f234bf2c65afeb77c79cd17904cdc3b642e48a2906ac06c47347585f,1122,,hardlink,308abe10f234bf2c65afeb77c79cd17904cdc3b642e48a2906ac06c47347585f,acquisition,
70,originals/ipho/2024/IPhO_2024_Q1__a513d544b6dc80e8.pdf,files/ipho/2024/IPhO_2024_Q1__a513d544b6dc80e8.pdf,a513d544b6dc80e8fd6454d908e14b378b6e4306cb3bc49d26f826558862803a,1061026,5,hardlink,a513d544b6dc80e8fd6454d908e14b378b6e4306cb3bc49d26f826558862803a,acquisition,
700,originals/ipho/1967/IPhO_1967_Q5__b99cbcd41f9a437e.pdf,files/ipho/1967/IPhO_1967_Q5__b99cbcd41f9a437e.pdf,b99cbcd41f9a437e5ebb2d7f1a948e70870ec2cde35d23f3a59cc80efd370022,259297,1,hardlink,b99cbcd41f9a437e5ebb2d7f1a948e70870ec2cde35d23f3a59cc80efd370022,acquisition,
701,originals/ipho/1967/IPhO_1967_S5__9394549f79fe5ec6.pdf,files/ipho/1967/IPhO_1967_S5__9394549f79fe5ec6.pdf,9394549f79fe5ec6d922b9773ae4fb74eb47702e1a1b333646db860312465b50,395507,4,hardlink,9394549f79fe5ec6d922b9773ae4fb74eb47702e1a1b333646db860312465b50,acquisition,
702,originals/ipho/1967/1967-5__5df7d14930f493c4.tex,files/ipho/1967/1967-5__5df7d14930f493c4.tex,5df7d14930f493c49468e6b8831ae6e3073384c6f8de38c9f1b88692a54f73f2,572,,hardlink,5df7d14930f493c49468e6b8831ae6e3073384c6f8de38c9f1b88692a54f73f2,acquisition,
703,originals/eupho/2026/EuPhO_2026_S1-3__a3d5ad42277de2ab.pdf,files/eupho/2026/EuPhO_2026_S1-3__a3d5ad42277de2ab.pdf,a3d5ad42277de2ab294b209a722a67ac48772551db0ad9560551f9aea738165c,225530,10,hardlink,a3d5ad42277de2ab294b209a722a67ac48772551db0ad9560551f9aea738165c,acquisition,
704,originals/eupho/2026/EuPhO_2026_Q1-3__f200074e0fb1f54d.pdf,files/eupho/2026/EuPhO_2026_Q1-3__f200074e0fb1f54d.pdf,f200074e0fb1f54db6b97cc949cf51cc0d44bb8198286f89d59435da79726f35,106017,1,hardlink,f200074e0fb1f54db6b97cc949cf51cc0d44bb8198286f89d59435da79726f35,acquisition,
707,originals/eupho/2026/EuPhO_2026_S1__4ea04ef38506f00e.pdf,files/eupho/2026/EuPhO_2026_S1__4ea04ef38506f00e.pdf,4ea04ef38506f00e217833971785fb5235617bb12604f37634b6a806bfbdf1c7,113357,7,hardlink,4ea04ef38506f00e217833971785fb5235617bb12604f37634b6a806bfbdf1c7,acquisition,
708,originals/eupho/2026/EuPhO_2026_Q1_tex__41ece7a6aa428829.zip,files/eupho/2026/EuPhO_2026_Q1_tex__41ece7a6aa428829.zip,41ece7a6aa4288293255f9343d7e33a5f2bfe5062430a4a85d9c20bae4779883,5602,,hardlink,41ece7a6aa4288293255f9343d7e33a5f2bfe5062430a4a85d9c20bae4779883,acquisition,
71,originals/ipho/2024/IPhO_2024_M1__fefcccea5da2ac43.pdf,files/ipho/2024/IPhO_2024_M1__fefcccea5da2ac43.pdf,fefcccea5da2ac43b9385e37306e3fadb9c335f5b02ef4f171ff6198cd3504bf,191311,2,hardlink,fefcccea5da2ac43b9385e37306e3fadb9c335f5b02ef4f171ff6198cd3504bf,acquisition,
710,originals/eupho/2026/2026-1__b7b9ba0b458c192e.tex,files/eupho/2026/2026-1__b7b9ba0b458c192e.tex,b7b9ba0b458c192e6efbb1bc46ba1565a3cb78368e8ea519ea6b7ec8fce3cb81,951,,hardlink,b7b9ba0b458c192e6efbb1bc46ba1565a3cb78368e8ea519ea6b7ec8fce3cb81,acquisition,
712,originals/eupho/2026/EuPhO_2026_S2__d1dbf59660dc4d08.pdf,files/eupho/2026/EuPhO_2026_S2__d1dbf59660dc4d08.pdf,d1dbf59660dc4d08352b4dcd45125afc9cc77356102f2e759b6227aa6285ef8f,86418,5,hardlink,d1dbf59660dc4d08352b4dcd45125afc9cc77356102f2e759b6227aa6285ef8f,acquisition,
713,originals/eupho/2026/EuPhO_2026_Q2_tex__3a4d2e688660bf94.zip,files/eupho/2026/EuPhO_2026_Q2_tex__3a4d2e688660bf94.zip,3a4d2e688660bf94468851c6245ac598e835e5723efebf689c82361e0b0c6b1c,8826,,hardlink,3a4d2e688660bf94468851c6245ac598e835e5723efebf689c82361e0b0c6b1c,acquisition,
715,originals/eupho/2026/2026-2__520b1c8ead039faa.tex,files/eupho/2026/2026-2__520b1c8ead039faa.tex,520b1c8ead039faa6ced8c3bafc541f164fefda119bd1565648b11760779d378,1493,,hardlink,520b1c8ead039faa6ced8c3bafc541f164fefda119bd1565648b11760779d378,acquisition,
717,originals/eupho/2026/EuPhO_2026_S3__c5ae811aa560401b.pdf,files/eupho/2026/EuPhO_2026_S3__c5ae811aa560401b.pdf,c5ae811aa560401b5fada33885bed62eeffa7a13ffbfe698872c7159c3966544,115800,8,hardlink,c5ae811aa560401b5fada33885bed62eeffa7a13ffbfe698872c7159c3966544,acquisition,
718,originals/eupho/2026/EuPhO_2026_Q3_tex__d84a5810db168a2f.zip,files/eupho/2026/EuPhO_2026_Q3_tex__d84a5810db168a2f.zip,d84a5810db168a2f5ce512897cc92d5b261faa717fc2b70b00db769ad5e6947d,5577,,hardlink,d84a5810db168a2f5ce512897cc92d5b261faa717fc2b70b00db769ad5e6947d,acquisition,
719,originals/eupho/2026/2026-3__3836902446704468.tex,files/eupho/2026/2026-3__3836902446704468.tex,38369024467044686887a7e5805e457b663dab6e9aef6c520b26d846aa26a8b5,1994,,hardlink,38369024467044686887a7e5805e457b663dab6e9aef6c520b26d846aa26a8b5,acquisition,
72,originals/ipho/2024/IPhO_2024_A1__8e98ecc26a800d86.pdf,files/ipho/2024/IPhO_2024_A1__8e98ecc26a800d86.pdf,8e98ecc26a800d86e38456516e13caceca78e99d35987b5e29e83b9873b1a7c8,512645,2,hardlink,8e98ecc26a800d86e38456516e13caceca78e99d35987b5e29e83b9873b1a7c8,acquisition,
721,originals/eupho/2026/EuPhO_2026_Q4__46a2836608c2dddc.pdf,files/eupho/2026/EuPhO_2026_Q4__46a2836608c2dddc.pdf,46a2836608c2dddc6bf3de68c5761e66878629eeeb182370f1bf52505aba5208,5028060,3,hardlink,46a2836608c2dddc6bf3de68c5761e66878629eeeb182370f1bf52505aba5208,acquisition,
722,originals/eupho/2026/EuPhO_2026_S4__1007a75701961112.pdf,files/eupho/2026/EuPhO_2026_S4__1007a75701961112.pdf,1007a7570196111230b96dc82889ddbcf4be3d8b5a8952cef9902f44b5af2fea,2085671,13,hardlink,1007a7570196111230b96dc82889ddbcf4be3d8b5a8952cef9902f44b5af2fea,acquisition,
724,originals/eupho/2026/EuPhO_2026_Q4_tex__e37921904f394d6e.zip,files/eupho/2026/EuPhO_2026_Q4_tex__e37921904f394d6e.zip,e37921904f394d6e7cd8a7b90808c3266aeaa99d2b62b72ab11b1cebb5fcb086,237021,,hardlink,e37921904f394d6e7cd8a7b90808c3266aeaa99d2b62b72ab11b1cebb5fcb086,acquisition,
725,originals/eupho/2026/2026-4__37440701284557ea.tex,files/eupho/2026/2026-4__37440701284557ea.tex,37440701284557eaed0832408ef2aa02f3f2ddf0c1ada583b6b7d787a34d792b,9019,,hardlink,37440701284557eaed0832408ef2aa02f3f2ddf0c1ada583b6b7d787a34d792b,acquisition,
726,originals/eupho/2025/EuPhO_2025_S1-3__b36aa6570598f1f9.pdf,files/eupho/2025/EuPhO_2025_S1-3__b36aa6570598f1f9.pdf,b36aa6570598f1f9b1bfe1445fc740b74784f72f2ce414deea880d2ae04ce346,352258,9,hardlink,b36aa6570598f1f9b1bfe1445fc740b74784f72f2ce414deea880d2ae04ce346,acquisition,
727,originals/eupho/2025/EuPhO_2025_Q1-3__0dfca9e991269571.pdf,files/eupho/2025/EuPhO_2025_Q1-3__0dfca9e991269571.pdf,0dfca9e9912695719359a8f628af396834ca9bb99ff1f5677c317dc5752cb8c5,3457667,1,hardlink,0dfca9e9912695719359a8f628af396834ca9bb99ff1f5677c317dc5752cb8c5,acquisition,
728,originals/eupho/2025/EuPhO_2025_S1__a5c7679e0df9d052.pdf,files/eupho/2025/EuPhO_2025_S1__a5c7679e0df9d052.pdf,a5c7679e0df9d0524e782ac9f6843cec2bdad7bb396416a127440a45b9a3245c,73757,3,hardlink,a5c7679e0df9d0524e782ac9f6843cec2bdad7bb396416a127440a45b9a3245c,acquisition,
73,originals/ipho/2024/IPhO_2024_P1__45d86568d6175d76.pdf,files/ipho/2024/IPhO_2024_P1__45d86568d6175d76.pdf,45d86568d6175d7694114942d9dbab1630482db01cb44b0f0df2c5fb41746bfb,5159851,31,hardlink,45d86568d6175d7694114942d9dbab1630482db01cb44b0f0df2c5fb41746bfb,acquisition,
731,originals/eupho/2025/2025-1__6948bdda2e126fc6.tex,files/eupho/2025/2025-1__6948bdda2e126fc6.tex,6948bdda2e126fc6aae33ebc96de52cd07a40bcce98b483ba8a25b615306c707,1399,,hardlink,6948bdda2e126fc6aae33ebc96de52cd07a40bcce98b483ba8a25b615306c707,acquisition,
733,originals/eupho/2025/EuPhO_2025_Q1_tex__de84b4d086282e6d.zip,files/eupho/2025/EuPhO_2025_Q1_tex__de84b4d086282e6d.zip,de84b4d086282e6d597750e1af324f048c218d3be70e8cc47e995d576b68007f,91806,,hardlink,de84b4d086282e6d597750e1af324f048c218d3be70e8cc47e995d576b68007f,acquisition,
734,originals/eupho/2025/EuPhO_2025_Q2_tex__6c7375851fb900bc.zip,files/eupho/2025/EuPhO_2025_Q2_tex__6c7375851fb900bc.zip,6c7375851fb900bc46e3866b086951fa1263bbb407707e77b57877ac9608c9ef,28174,,hardlink,6c7375851fb900bc46e3866b086951fa1263bbb407707e77b57877ac9608c9ef,acquisition,
736,originals/eupho/2025/2025-2__89156d83d85bae97.tex,files/eupho/2025/2025-2__89156d83d85bae97.tex,89156d83d85bae974b7a41d6afcb8207d68850a54030958b80b9df35ca938152,797,,hardlink,89156d83d85bae974b7a41d6afcb8207d68850a54030958b80b9df35ca938152,acquisition,
738,originals/eupho/2025/EuPhO_2025_S3__411d2331b169f49f.pdf,files/eupho/2025/EuPhO_2025_S3__411d2331b169f49f.pdf,411d2331b169f49f3e597b1f70a764e2a29fa060acba0b81c7ee92169cca0267,255635,5,hardlink,411d2331b169f49f3e597b1f70a764e2a29fa060acba0b81c7ee92169cca0267,acquisition,
739,originals/eupho/2025/EuPhO_2025_Q3_tex__8f36eebf40b923cc.zip,files/eupho/2025/EuPhO_2025_Q3_tex__8f36eebf40b923cc.zip,8f36eebf40b923cccda2dc65b8f7aa8d01402db46dd6d981dcf065f2e286bf24,14895,,hardlink,8f36eebf40b923cccda2dc65b8f7aa8d01402db46dd6d981dcf065f2e286bf24,acquisition,
74,originals/ipho/2024/IPhO_2024_Q1_tex__eee7592e34b404d7.zip,files/ipho/2024/IPhO_2024_Q1_tex__eee7592e34b404d7.zip,eee7592e34b404d7abe7ae20c1b89a6968843466bb5c48af630d61b45fbdc532,214340,,hardlink,eee7592e34b404d7abe7ae20c1b89a6968843466bb5c48af630d61b45fbdc532,acquisition,
741,originals/eupho/2025/2025-3__cf8e6a296c6573a1.tex,files/eupho/2025/2025-3__cf8e6a296c6573a1.tex,cf8e6a296c6573a1ba4d051e869996d179e28b3641d87a877eef893c1ecc7db5,979,,hardlink,cf8e6a296c6573a1ba4d051e869996d179e28b3641d87a877eef893c1ecc7db5,acquisition,
742,originals/eupho/2025/EuPhO_2025_Q4-5__39aab1c42e4b0650.pdf,files/eupho/2025/EuPhO_2025_Q4-5__39aab1c42e4b0650.pdf,39aab1c42e4b06505fc285519d5a7791880cd8f2a983cc78e709a08ec912648b,490734,2,hardlink,39aab1c42e4b06505fc285519d5a7791880cd8f2a983cc78e709a08ec912648b,acquisition,
744,originals/eupho/2025/EuPhO_2025_S4-5__b7f5fd8d239e63ba.pdf,files/eupho/2025/EuPhO_2025_S4-5__b7f5fd8d239e63ba.pdf,b7f5fd8d239e63ba5422a793627fbdddd791888aeb2dff46033ba856629e5661,8787159,14,hardlink,b7f5fd8d239e63ba5422a793627fbdddd791888aeb2dff46033ba856629e5661,acquisition,
745,originals/eupho/2025/EuPhO_2025_S2__1e252738bfcedc70.pdf,files/eupho/2025/EuPhO_2025_S2__1e252738bfcedc70.pdf,1e252738bfcedc70e5963e1b1c5349ac0b12f28ec87f4635422a81ceeb112c23,105866,8,hardlink,1e252738bfcedc70e5963e1b1c5349ac0b12f28ec87f4635422a81ceeb112c23,acquisition,
746,originals/eupho/2025/EuPhO_2025_Q4_tex__1593b9ef7f74dab1.zip,files/eupho/2025/EuPhO_2025_Q4_tex__1593b9ef7f74dab1.zip,1593b9ef7f74dab1bd76378060bce2b3a4979f1fb76a7b31649d2b43b33c6d8c,22647,,hardlink,1593b9ef7f74dab1bd76378060bce2b3a4979f1fb76a7b31649d2b43b33c6d8c,acquisition,
747,originals/eupho/2025/EuPhO_2025_S4__69d817eb9eaae478.pdf,files/eupho/2025/EuPhO_2025_S4__69d817eb9eaae478.pdf,69d817eb9eaae478ab3b8e131451af7d77c0b1ed2f18e9f95ea8ea7cf73d24ab,449812,12,hardlink,69d817eb9eaae478ab3b8e131451af7d77c0b1ed2f18e9f95ea8ea7cf73d24ab,acquisition,
748,originals/eupho/2025/2025-4__2f3b34161abfded8.tex,files/eupho/2025/2025-4__2f3b34161abfded8.tex,2f3b34161abfded8e67917c48efc01de960f302e9d584ab5e47e6eeb4e557f7b,4921,,hardlink,2f3b34161abfded8e67917c48efc01de960f302e9d584ab5e47e6eeb4e557f7b,acquisition,
750,originals/eupho/2025/EuPhO_2025_S5__49f09768d47c2613.pdf,files/eupho/2025/EuPhO_2025_S5__49f09768d47c2613.pdf,49f09768d47c261398e70f2f73c5403d884db75358e5ac412676ecb95c5555e6,7922871,11,hardlink,49f09768d47c261398e70f2f73c5403d884db75358e5ac412676ecb95c5555e6,acquisition,
753,originals/eupho/2025/EuPhO_2025_Q5_tex__cb1e53ca3c108b18.zip,files/eupho/2025/EuPhO_2025_Q5_tex__cb1e53ca3c108b18.zip,cb1e53ca3c108b18b190eca62b7747e6d636a933d439d8b865dd6ed2e730b8cb,101024,,hardlink,cb1e53ca3c108b18b190eca62b7747e6d636a933d439d8b865dd6ed2e730b8cb,acquisition,
754,originals/eupho/2025/2025-5__25967c5cca39e77d.tex,files/eupho/2025/2025-5__25967c5cca39e77d.tex,25967c5cca39e77d05f43c3d88f202f50e3508a6cf2abbf065792b6b1cca82c1,3359,,hardlink,25967c5cca39e77d05f43c3d88f202f50e3508a6cf2abbf065792b6b1cca82c1,acquisition,
756,originals/eupho/2024/EuPhO_2024_Q1-3__43438581a9bacd76.pdf,files/eupho/2024/EuPhO_2024_Q1-3__43438581a9bacd76.pdf,43438581a9bacd766dc485a4518c649c281ad89c7f426589ccbde4228c1d0883,96535,1,hardlink,43438581a9bacd766dc485a4518c649c281ad89c7f426589ccbde4228c1d0883,acquisition,
757,originals/eupho/2024/EuPhO_2024_S1__f99bcd688ea3e22c.pdf,files/eupho/2024/EuPhO_2024_S1__f99bcd688ea3e22c.pdf,f99bcd688ea3e22c5e0c3e6e9fc33acd60945ba14a3eaa4b9806f397cf9d7a62,336786,5,hardlink,f99bcd688ea3e22c5e0c3e6e9fc33acd60945ba14a3eaa4b9806f397cf9d7a62,acquisition,
758,originals/eupho/2024/EuPhO_2024_Q1_tex__1c3297a08173a08d.zip,files/eupho/2024/EuPhO_2024_Q1_tex__1c3297a08173a08d.zip,1c3297a08173a08d8b9ddd21624265de488d09aa642f16e93e9be87a8bfc1823,10116,,hardlink,1c3297a08173a08d8b9ddd21624265de488d09aa642f16e93e9be87a8bfc1823,acquisition,
759,originals/eupho/2024/EuPhO_2024_S1-3__f4e69866fd6e6c53.pdf,files/eupho/2024/EuPhO_2024_S1-3__f4e69866fd6e6c53.pdf,f4e69866fd6e6c53c8bf49ba11b4bb80aff1e546bf9f017ae36a2df0bd3e0de0,1247453,14,hardlink,f4e69866fd6e6c53c8bf49ba11b4bb80aff1e546bf9f017ae36a2df0bd3e0de0,acquisition,
76,originals/ipho/2024/2024-1__669cb44bc3b939e6.tex,files/ipho/2024/2024-1__669cb44bc3b939e6.tex,669cb44bc3b939e6ee1783de193b34d07cf4a4a9cc6eb4ac7d97dd68bfc9292e,7496,,hardlink,669cb44bc3b939e6ee1783de193b34d07cf4a4a9cc6eb4ac7d97dd68bfc9292e,acquisition,
761,originals/eupho/2024/2024-1__d35abd78af7ababb.tex,files/eupho/2024/2024-1__d35abd78af7ababb.tex,d35abd78af7ababb83ad06e9466455a4d949dad0bb92786c5a3d2d414fbe5a5e,723,,hardlink,d35abd78af7ababb83ad06e9466455a4d949dad0bb92786c5a3d2d414fbe5a5e,acquisition,
768,originals/eupho/2024/EuPhO_2024_S3__9eaa1a873e1deacc.pdf,files/eupho/2024/EuPhO_2024_S3__9eaa1a873e1deacc.pdf,9eaa1a873e1deacc085a56bd563ef943991bc5addb8d56d0d68790fdef3e5217,239253,9,hardlink,9eaa1a873e1deacc085a56bd563ef943991bc5addb8d56d0d68790fdef3e5217,acquisition,
769,originals/eupho/2024/EuPhO_2024_Q3_tex__10b978e6e09496dd.zip,files/eupho/2024/EuPhO_2024_Q3_tex__10b978e6e09496dd.zip,10b978e6e09496dd0dfcc3148b8ed47c156b2a67239bf924b97aaccb91968b4b,8403,,hardlink,10b978e6e09496dd0dfcc3148b8ed47c156b2a67239bf924b97aaccb91968b4b,acquisition,
77,originals/ipho/2024/IPhO_2024_Q2__0f3b3e4f6162f1e0.pdf,files/ipho/2024/IPhO_2024_Q2__0f3b3e4f6162f1e0.pdf,0f3b3e4f6162f1e0341cfe0ab33b22e98fadb3d9750de53ebf2fb169d9263df4,1353737,6,hardlink,0f3b3e4f6162f1e0341cfe0ab33b22e98fadb3d9750de53ebf2fb169d9263df4,acquisition,
770,originals/eupho/2024/2024-3__65b3fe1d2befc0a4.tex,files/eupho/2024/2024-3__65b3fe1d2befc0a4.tex,65b3fe1d2befc0a47624b7dc68ff3ce6a60ef501409e452cbe5d292f7048b00b,1424,,hardlink,65b3fe1d2befc0a47624b7dc68ff3ce6a60ef501409e452cbe5d292f7048b00b,acquisition,
772,originals/eupho/2024/EuPhO_2024_Q4__b3930607da4bf274.pdf,files/eupho/2024/EuPhO_2024_Q4__b3930607da4bf274.pdf,b3930607da4bf274e33111db4e6cce9d55d07701e2d117a81be127ebef59a6ba,5229364,3,hardlink,b3930607da4bf274e33111db4e6cce9d55d07701e2d117a81be127ebef59a6ba,acquisition,
774,originals/eupho/2024/EuPhO_2024_Q4_tex__00b4b9b22320ef92.zip,files/eupho/2024/EuPhO_2024_Q4_tex__00b4b9b22320ef92.zip,00b4b9b22320ef923ddc7c1e07934293a5939c840a48fd794e4a067a25801ee8,132085,,hardlink,00b4b9b22320ef923ddc7c1e07934293a5939c840a48fd794e4a067a25801ee8,acquisition,
775,originals/eupho/2023/EuPhO_2023_Q1-3__7727f0faed48a058.pdf,files/eupho/2023/EuPhO_2023_Q1-3__7727f0faed48a058.pdf,7727f0faed48a05881a5c4158ac8459fa1ab33288cc1dbd1ce854330134edbb0,119681,1,hardlink,7727f0faed48a05881a5c4158ac8459fa1ab33288cc1dbd1ce854330134edbb0,acquisition,
776,originals/eupho/2024/EuPhO_2024_S4__8a7cdc0a4605ffd4.pdf,files/eupho/2024/EuPhO_2024_S4__8a7cdc0a4605ffd4.pdf,8a7cdc0a4605ffd435d201be78642b8bfe6ebc29e323c559da7203a66e5a2300,1347272,12,hardlink,8a7cdc0a4605ffd435d201be78642b8bfe6ebc29e323c559da7203a66e5a2300,acquisition,
777,originals/eupho/2024/2024-4__51ea0b12fab28a4e.tex,files/eupho/2024/2024-4__51ea0b12fab28a4e.tex,51ea0b12fab28a4e43ee21574589e65cb8405c7935976f6c634bf068ee6e1ca9,9518,,hardlink,51ea0b12fab28a4e43ee21574589e65cb8405c7935976f6c634bf068ee6e1ca9,acquisition,
778,originals/eupho/2023/EuPhO_2023_S1-3__154b3f9dd569dcd0.pdf,files/eupho/2023/EuPhO_2023_S1-3__154b3f9dd569dcd0.pdf,154b3f9dd569dcd0faa1d1e68ef47da25d0b68307f5687a026c8e7b0540a13b9,402366,14,hardlink,154b3f9dd569dcd0faa1d1e68ef47da25d0b68307f5687a026c8e7b0540a13b9,acquisition,
78,originals/ipho/2024/IPhO_2024_S2__084625e46ab1bff7.pdf,files/ipho/2024/IPhO_2024_S2__084625e46ab1bff7.pdf,084625e46ab1bff700c9434a9a663a846ab66f7c59c895bd4394bbf079c4711b,283925,8,hardlink,084625e46ab1bff700c9434a9a663a846ab66f7c59c895bd4394bbf079c4711b,acquisition,
780,originals/eupho/2023/EuPhO_2023_S1__4a3b942c923f10ce.pdf,files/eupho/2023/EuPhO_2023_S1__4a3b942c923f10ce.pdf,4a3b942c923f10cef7a2a475d986318a2d6c4e873d22bac80de6ad9064f86379,280683,7,hardlink,4a3b942c923f10cef7a2a475d986318a2d6c4e873d22bac80de6ad9064f86379,acquisition,
782,originals/eupho/2023/EuPhO_2023_Q1_tex__92ae4857b281499a.zip,files/eupho/2023/EuPhO_2023_Q1_tex__92ae4857b281499a.zip,92ae4857b281499a5419531da26ed17e3500939cc42f43f35d3aa1ca45964d83,13835,,hardlink,92ae4857b281499a5419531da26ed17e3500939cc42f43f35d3aa1ca45964d83,acquisition,
783,originals/eupho/2023/2023-1__a4479c343c35ef3a.tex,files/eupho/2023/2023-1__a4479c343c35ef3a.tex,a4479c343c35ef3afafb834533e960fe4bdda4d9a9971ea6e638ddd4e10a90d7,2123,,hardlink,a4479c343c35ef3afafb834533e960fe4bdda4d9a9971ea6e638ddd4e10a90d7,acquisition,
785,originals/eupho/2023/EuPhO_2023_S2__56cd97f07eaab770.pdf,files/eupho/2023/EuPhO_2023_S2__56cd97f07eaab770.pdf,56cd97f07eaab770a2e4115c9f19796a836fc88d6e89cca35c25e260df36368d,95665,10,hardlink,56cd97f07eaab770a2e4115c9f19796a836fc88d6e89cca35c25e260df36368d,acquisition,
787,originals/eupho/2023/EuPhO_2023_Q2_tex__c6d61e3d70dee69c.zip,files/eupho/2023/EuPhO_2023_Q2_tex__c6d61e3d70dee69c.zip,c6d61e3d70dee69ccec9b0f1f8e917c6d08b821dc62ceed8b06559a06d7e3889,13659,,hardlink,c6d61e3d70dee69ccec9b0f1f8e917c6d08b821dc62ceed8b06559a06d7e3889,acquisition,
788,originals/eupho/2023/2023-2__24a7e126ff1be968.tex,files/eupho/2023/2023-2__24a7e126ff1be968.tex,24a7e126ff1be968921e908895c4dca3a8352a31cb9d49939d1566c0d0805ea4,710,,hardlink,24a7e126ff1be968921e908895c4dca3a8352a31cb9d49939d1566c0d0805ea4,acquisition,
79,originals/ipho/2024/IPhO_2024_A2__fd3536488984dd87.pdf,files/ipho/2024/IPhO_2024_A2__fd3536488984dd87.pdf,fd3536488984dd87d921b211988cfe0ff628c98ca7520d56acf12ecfca3f19b4,506226,1,hardlink,fd3536488984dd87d921b211988cfe0ff628c98ca7520d56acf12ecfca3f19b4,acquisition,
790,originals/eupho/2023/EuPhO_2023_S3__c3ad4064b7831541.pdf,files/eupho/2023/EuPhO_2023_S3__c3ad4064b7831541.pdf,c3ad4064b78315410889b35477453c34bd45b00760ecaa0aa417fe0b426de4fd,150176,10,hardlink,c3ad4064b78315410889b35477453c34bd45b00760ecaa0aa417fe0b426de4fd,acquisition,
791,originals/eupho/2023/EuPhO_2023_Q3_tex__d7cd628bf0699663.zip,files/eupho/2023/EuPhO_2023_Q3_tex__d7cd628bf0699663.zip,d7cd628bf06996639d3ac694e46b4c42db56b22cef1bb36c6bfa6025da562fa2,15478,,hardlink,d7cd628bf06996639d3ac694e46b4c42db56b22cef1bb36c6bfa6025da562fa2,acquisition,
792,originals/eupho/2023/2023-3__87b6623b52a81556.tex,files/eupho/2023/2023-3__87b6623b52a81556.tex,87b6623b52a81556135112cea046fa85554b9300a9665284148c31a639b5d2ee,1075,,hardlink,87b6623b52a81556135112cea046fa85554b9300a9665284148c31a639b5d2ee,acquisition,
794,originals/eupho/2023/EuPhO_2023_Q4-5__d6f0c21334b99e55.pdf,files/eupho/2023/EuPhO_2023_Q4-5__d6f0c21334b99e55.pdf,d6f0c21334b99e551f813969c847a180db8a7457df6052d1c64d323e7b2790aa,776301,4,hardlink,d6f0c21334b99e551f813969c847a180db8a7457df6052d1c64d323e7b2790aa,acquisition,
795,originals/eupho/2023/EuPhO_2023_S4-5__f10122218b87e238.pdf,files/eupho/2023/EuPhO_2023_S4-5__f10122218b87e238.pdf,f10122218b87e23887ec7a9609d3be8d93d6575b0507b41180d4dd5db749fdca,1639805,11,hardlink,f10122218b87e23887ec7a9609d3be8d93d6575b0507b41180d4dd5db749fdca,acquisition,
797,originals/eupho/2023/EuPhO_2023_S4__b669e9cb6a487aae.pdf,files/eupho/2023/EuPhO_2023_S4__b669e9cb6a487aae.pdf,b669e9cb6a487aaebfcde151aff0ba2fde1b98a3524236dc5b84f65601968b98,619439,12,hardlink,b669e9cb6a487aaebfcde151aff0ba2fde1b98a3524236dc5b84f65601968b98,acquisition,
799,originals/eupho/2023/EuPhO_2023_Q4_tex__f6ff02df96a5c722.zip,files/eupho/2023/EuPhO_2023_Q4_tex__f6ff02df96a5c722.zip,f6ff02df96a5c72270a3cb5f223e9ab6338dcb12c9060c986b4f9faee1659104,109005,,hardlink,f6ff02df96a5c72270a3cb5f223e9ab6338dcb12c9060c986b4f9faee1659104,acquisition,
8,originals/ipho/2026/2026-1__0650e0513dda40f7.tex,files/ipho/2026/2026-1__0650e0513dda40f7.tex,0650e0513dda40f70c33146c4450e524c52add33e81c2b24ae7e46646e86fc94,4557,,hardlink,0650e0513dda40f70c33146c4450e524c52add33e81c2b24ae7e46646e86fc94,acquisition,
80,originals/ipho/2024/IPhO_2024_M2__489a6e4c48b343ae.pdf,files/ipho/2024/IPhO_2024_M2__489a6e4c48b343ae.pdf,489a6e4c48b343ae825925552eb44d1a53520c56d2ab60ce09d2072965175617,233117,2,hardlink,489a6e4c48b343ae825925552eb44d1a53520c56d2ab60ce09d2072965175617,acquisition,
800,originals/eupho/2023/2023-4__7d1aefe99d5f5dc0.tex,files/eupho/2023/2023-4__7d1aefe99d5f5dc0.tex,7d1aefe99d5f5dc0c3c4a5ea9f92d10e815ac3773073ad3cd5de46656733771c,6031,,hardlink,7d1aefe99d5f5dc0c3c4a5ea9f92d10e815ac3773073ad3cd5de46656733771c,acquisition,
802,originals/eupho/2023/EuPhO_2023_S5__16aa99f610789d9d.pdf,files/eupho/2023/EuPhO_2023_S5__16aa99f610789d9d.pdf,16aa99f610789d9d1568fdb140fa9c593050fdc46fd31ab4c54a65af9acb276c,435803,9,hardlink,16aa99f610789d9d1568fdb140fa9c593050fdc46fd31ab4c54a65af9acb276c,acquisition,
803,originals/eupho/2023/EuPhO_2023_Q5_tex__d1e2418ddc7d832a.zip,files/eupho/2023/EuPhO_2023_Q5_tex__d1e2418ddc7d832a.zip,d1e2418ddc7d832a3d52e2175e95386620ca1cfec92baf5fe4a0030c9db20c3c,66542,,hardlink,d1e2418ddc7d832a3d52e2175e95386620ca1cfec92baf5fe4a0030c9db20c3c,acquisition,
804,originals/eupho/2023/2023-5__500371288f51407d.tex,files/eupho/2023/2023-5__500371288f51407d.tex,500371288f51407d9c17431497a52e98c528eb2bc1e1c97de5c75338e6187429,3916,,hardlink,500371288f51407d9c17431497a52e98c528eb2bc1e1c97de5c75338e6187429,acquisition,
806,originals/eupho/2022/EuPhO_2022_Q1-3__27d731e334ec5866.pdf,files/eupho/2022/EuPhO_2022_Q1-3__27d731e334ec5866.pdf,27d731e334ec5866835122bf8d5279c171705aa69616ea60e9b9e8fe87fab26d,60991,1,hardlink,27d731e334ec5866835122bf8d5279c171705aa69616ea60e9b9e8fe87fab26d,acquisition,
807,originals/eupho/2022/EuPhO_2022_S1-3__ce39ed379dbd7421.pdf,files/eupho/2022/EuPhO_2022_S1-3__ce39ed379dbd7421.pdf,ce39ed379dbd7421c8c751640bd73de9d58964e4a175d561619c57e2e90c846f,255582,7,hardlink,ce39ed379dbd7421c8c751640bd73de9d58964e4a175d561619c57e2e90c846f,acquisition,
809,originals/eupho/2022/EuPhO_2022_S1__f0aac6bd5a7cf704.pdf,files/eupho/2022/EuPhO_2022_S1__f0aac6bd5a7cf704.pdf,f0aac6bd5a7cf70449b85f5d4be851e517b62e972495c07dfb6eba029fe1382e,83588,4,hardlink,f0aac6bd5a7cf70449b85f5d4be851e517b62e972495c07dfb6eba029fe1382e,acquisition,
81,originals/ipho/2024/IPhO_2024_Q2_tex__ab8d45b5bfceb051.zip,files/ipho/2024/IPhO_2024_Q2_tex__ab8d45b5bfceb051.zip,ab8d45b5bfceb051ab5fe9d6f4804da9584f06a576b1739bf38fc6b309c9ba54,149035,,hardlink,ab8d45b5bfceb051ab5fe9d6f4804da9584f06a576b1739bf38fc6b309c9ba54,acquisition,
811,originals/eupho/2022/EuPhO_2022_Q1_tex__b1122bb76f6198d1.zip,files/eupho/2022/EuPhO_2022_Q1_tex__b1122bb76f6198d1.zip,b1122bb76f6198d1db50191d70906bcb087172d63c75c57ed475d82ea40a7f8f,1052,,hardlink,b1122bb76f6198d1db50191d70906bcb087172d63c75c57ed475d82ea40a7f8f,acquisition,
812,originals/eupho/2022/2022-1__c06916d22f7a3264.tex,files/eupho/2022/2022-1__c06916d22f7a3264.tex,c06916d22f7a32642b36327efa377ac53ebfc8df638b81c055998f082715ed07,686,,hardlink,c06916d22f7a32642b36327efa377ac53ebfc8df638b81c055998f082715ed07,acquisition,
814,originals/eupho/2022/EuPhO_2022_S2__7e5e8a5abafc70a1.pdf,files/eupho/2022/EuPhO_2022_S2__7e5e8a5abafc70a1.pdf,7e5e8a5abafc70a1004cbb96f3f99a2f781e222a4f959ce1b3637d4fc97bd9a7,195193,4,hardlink,7e5e8a5abafc70a1004cbb96f3f99a2f781e222a4f959ce1b3637d4fc97bd9a7,acquisition,
815,originals/eupho/2022/EuPhO_2022_Q2_tex__f99747367cee1e44.zip,files/eupho/2022/EuPhO_2022_Q2_tex__f99747367cee1e44.zip,f99747367cee1e442ec012ee7f8ac5f5aedfb1c2184068caf32abcd2c9026542,4690,,hardlink,f99747367cee1e442ec012ee7f8ac5f5aedfb1c2184068caf32abcd2c9026542,acquisition,
816,originals/eupho/2022/2022-2__5bc71b3995034285.tex,files/eupho/2022/2022-2__5bc71b3995034285.tex,5bc71b39950342853b1759bdbde83726e1331d837604d0665b7c929d471023e5,1490,,hardlink,5bc71b39950342853b1759bdbde83726e1331d837604d0665b7c929d471023e5,acquisition,
819,originals/eupho/2022/EuPhO_2022_S3__ca273392d87d23ad.pdf,files/eupho/2022/EuPhO_2022_S3__ca273392d87d23ad.pdf,ca273392d87d23ad2fe50efa75bb9dfa9a3e330c0f441c56dc3d9b2e6e98f6d3,85654,6,hardlink,ca273392d87d23ad2fe50efa75bb9dfa9a3e330c0f441c56dc3d9b2e6e98f6d3,acquisition,
820,originals/eupho/2022/EuPhO_2022_Q3_tex__262abf68868e017b.zip,files/eupho/2022/EuPhO_2022_Q3_tex__262abf68868e017b.zip,262abf68868e017b2989c0bd20399dffafd8592c0a1246688010f4511b997c78,9610,,hardlink,262abf68868e017b2989c0bd20399dffafd8592c0a1246688010f4511b997c78,acquisition,
821,originals/eupho/2022/2022-3__410ba1dd94a1dd9c.tex,files/eupho/2022/2022-3__410ba1dd94a1dd9c.tex,410ba1dd94a1dd9c8b5d7b42a5e7b535aad70572a0e4300a9e238a6d4b601960,1800,,hardlink,410ba1dd94a1dd9c8b5d7b42a5e7b535aad70572a0e4300a9e238a6d4b601960,acquisition,
823,originals/eupho/2022/EuPhO_2022_S4__c4fe44539a3d3660.pdf,files/eupho/2022/EuPhO_2022_S4__c4fe44539a3d3660.pdf,c4fe44539a3d3660ec87bc400535dc1e4dc06495594c7b0c01eca73cc9a52ed3,210615,10,hardlink,c4fe44539a3d3660ec87bc400535dc1e4dc06495594c7b0c01eca73cc9a52ed3,acquisition,
825,originals/eupho/2022/EuPhO_2022_Q4_tex__9b9c3efa2156ae61.zip,files/eupho/2022/EuPhO_2022_Q4_tex__9b9c3efa2156ae61.zip,9b9c3efa2156ae61260f07299e75bccb87daae53421a9867f61670ac0a5617f6,302956,,hardlink,9b9c3efa2156ae61260f07299e75bccb87daae53421a9867f61670ac0a5617f6,acquisition,
826,originals/eupho/2022/EuPhO_2022_Q4__c2183f6fad141a2c.pdf,files/eupho/2022/EuPhO_2022_Q4__c2183f6fad141a2c.pdf,c2183f6fad141a2c90b684eaaca3419969d5e54b76b9da436b0086d93d8fbce6,3798176,3,hardlink,c2183f6fad141a2c90b684eaaca3419969d5e54b76b9da436b0086d93d8fbce6,acquisition,
827,originals/eupho/2022/2022-4__06769a2e8450aa1f.tex,files/eupho/2022/2022-4__06769a2e8450aa1f.tex,06769a2e8450aa1f309f94db0919941223cef2674e49d138d41bfba93afd1da6,10152,,hardlink,06769a2e8450aa1f309f94db0919941223cef2674e49d138d41bfba93afd1da6,acquisition,
828,originals/eupho/2021/EuPhO_2021_Q1__9311e752af53a094.pdf,files/eupho/2021/EuPhO_2021_Q1__9311e752af53a094.pdf,9311e752af53a0948b1c9026cd6f3df2ab2d30635e13d1096d34d246290d270f,68734,1,hardlink,9311e752af53a0948b1c9026cd6f3df2ab2d30635e13d1096d34d246290d270f,acquisition,
829,originals/eupho/2021/EuPhO_2021_S1__076112eaa51bd285.pdf,files/eupho/2021/EuPhO_2021_S1__076112eaa51bd285.pdf,076112eaa51bd285d3ea43aba3b903ab077947fda53435e25029bd2183b2a9eb,1073334,5,hardlink,076112eaa51bd285d3ea43aba3b903ab077947fda53435e25029bd2183b2a9eb,acquisition,
83,originals/ipho/2024/IPhO_2024_P2__792997e80e20d501.pdf,files/ipho/2024/IPhO_2024_P2__792997e80e20d501.pdf,792997e80e20d50145603a74d6e26afcec2846c2a5fdffe2aa20823e54b7b2da,1462327,31,hardlink,792997e80e20d50145603a74d6e26afcec2846c2a5fdffe2aa20823e54b7b2da,acquisition,
830,originals/eupho/2021/EuPhO_2021_ExperimentData__237a4602e7589c74.zip,files/eupho/2021/EuPhO_2021_ExperimentData__237a4602e7589c74.zip,237a4602e7589c745b1d5e4e9b6cc0a6bb35046a50fd66b7304e2a41774ef778,591722,,hardlink,237a4602e7589c745b1d5e4e9b6cc0a6bb35046a50fd66b7304e2a41774ef778,acquisition,
831,originals/eupho/2021/EuPhO_2021_Q1_tex__8eb59d8a8e45352c.zip,files/eupho/2021/EuPhO_2021_Q1_tex__8eb59d8a8e45352c.zip,8eb59d8a8e45352c2d8630fb471e44fb18508374c045615816c37580c52ef460,11086,,hardlink,8eb59d8a8e45352c2d8630fb471e44fb18508374c045615816c37580c52ef460,acquisition,
833,originals/eupho/2021/2021-1__a4a23421eb7994ca.tex,files/eupho/2021/2021-1__a4a23421eb7994ca.tex,a4a23421eb7994ca9c97089ec4a053b6a0972be0755ea2dcbdf24be7ded22f7a,861,,hardlink,a4a23421eb7994ca9c97089ec4a053b6a0972be0755ea2dcbdf24be7ded22f7a,acquisition,
834,originals/eupho/2021/EuPhO_2021_Q2__9dc92c0b5791d955.pdf,files/eupho/2021/EuPhO_2021_Q2__9dc92c0b5791d955.pdf,9dc92c0b5791d9550143467891372fb2c080305bd46253fa25bfa849323b0a04,259362,1,hardlink,9dc92c0b5791d9550143467891372fb2c080305bd46253fa25bfa849323b0a04,acquisition,
836,originals/eupho/2021/EuPhO_2021_Q2_tex__0a09cb21032e5706.zip,files/eupho/2021/EuPhO_2021_Q2_tex__0a09cb21032e5706.zip,0a09cb21032e5706eafa0f89b24c664488c0e87fe880397958c998b0ba869bb5,46149,,hardlink,0a09cb21032e5706eafa0f89b24c664488c0e87fe880397958c998b0ba869bb5,acquisition,
837,originals/eupho/2021/2021-2__710b0f7e0c816929.tex,files/eupho/2021/2021-2__710b0f7e0c816929.tex,710b0f7e0c816929c0c58906a11940a71e4775d47f1538123ba66701c1f302fc,1023,,hardlink,710b0f7e0c816929c0c58906a11940a71e4775d47f1538123ba66701c1f302fc,acquisition,
838,originals/eupho/2021/EuPhO_2021_Q3__f02aa103c5dd58cd.pdf,files/eupho/2021/EuPhO_2021_Q3__f02aa103c5dd58cd.pdf,f02aa103c5dd58cd852a7f41d61d6260599383108fe4bf2e9967b256419ad71c,3422521,2,hardlink,f02aa103c5dd58cd852a7f41d61d6260599383108fe4bf2e9967b256419ad71c,acquisition,
84,originals/ipho/2024/2024-2__2e533cc0645e1fcd.tex,files/ipho/2024/2024-2__2e533cc0645e1fcd.tex,2e533cc0645e1fcdbabe1f4d51cad289c6e494f2bcae34ad91cb26495dc37261,9372,,hardlink,2e533cc0645e1fcdbabe1f4d51cad289c6e494f2bcae34ad91cb26495dc37261,acquisition,
840,originals/eupho/2021/2021-3__392c99d1e5c6456a.tex,files/eupho/2021/2021-3__392c99d1e5c6456a.tex,392c99d1e5c6456ac9c04b41a8fbdda79d9e4e9df7e7d6f4cfb8d780cf8bd661,2202,,hardlink,392c99d1e5c6456ac9c04b41a8fbdda79d9e4e9df7e7d6f4cfb8d780cf8bd661,acquisition,
841,originals/eupho/2021/EuPhO_2021_Q3_tex__ad7c517a618c32fb.zip,files/eupho/2021/EuPhO_2021_Q3_tex__ad7c517a618c32fb.zip,ad7c517a618c32fbdb5e2b8a1e40b81c76171fa14684affad26100b5e0f07545,189221,,hardlink,ad7c517a618c32fbdb5e2b8a1e40b81c76171fa14684affad26100b5e0f07545,acquisition,
842,originals/eupho/2021/EuPhO_2021_Q4-5__4ce95ca661bc348d.pdf,files/eupho/2021/EuPhO_2021_Q4-5__4ce95ca661bc348d.pdf,4ce95ca661bc348d8353b326b93c199bc26c4d863a6910a23c203d8fa0bc7f35,84584,2,hardlink,4ce95ca661bc348d8353b326b93c199bc26c4d863a6910a23c203d8fa0bc7f35,acquisition,
844,originals/eupho/2021/EuPhO_2021_S4__582821999f8c074d.pdf,files/eupho/2021/EuPhO_2021_S4__582821999f8c074d.pdf,582821999f8c074d466c343c4581e47b316ae31db425b124af4f259abd7cafdf,147472,7,hardlink,582821999f8c074d466c343c4581e47b316ae31db425b124af4f259abd7cafdf,acquisition,
845,originals/eupho/2021/EuPhO_2021_S4-5__8f80070a0163dbdc.pdf,files/eupho/2021/EuPhO_2021_S4-5__8f80070a0163dbdc.pdf,8f80070a0163dbdc11b3c5fa69b2f30d65d6e6ea37e2429bca9a8088be59ef2b,410369,6,hardlink,8f80070a0163dbdc11b3c5fa69b2f30d65d6e6ea37e2429bca9a8088be59ef2b,acquisition,
846,originals/eupho/2021/EuPhO_2021_Q4_tex__290f611142be173a.zip,files/eupho/2021/EuPhO_2021_Q4_tex__290f611142be173a.zip,290f611142be173a5488b173ba7e933fdff11f05defdb9a3b9d304f0c31938a4,17639,,hardlink,290f611142be173a5488b173ba7e933fdff11f05defdb9a3b9d304f0c31938a4,acquisition,
847,originals/eupho/2021/2021-4__98e79a22a9067775.tex,files/eupho/2021/2021-4__98e79a22a9067775.tex,98e79a22a906777507155a339e79727efc56217810e5da4a9c780d7d95cef466,3756,,hardlink,98e79a22a906777507155a339e79727efc56217810e5da4a9c780d7d95cef466,acquisition,
849,originals/eupho/2021/EuPhO_2021_S5__5167e93ab70c54b2.pdf,files/eupho/2021/EuPhO_2021_S5__5167e93ab70c54b2.pdf,5167e93ab70c54b2526a0a1b6421a0501eafd71d3f55457e83e1a4715602bd87,321986,5,hardlink,5167e93ab70c54b2526a0a1b6421a0501eafd71d3f55457e83e1a4715602bd87,acquisition,
85,originals/ipho/2024/IPhO_2024_S3__6199c3c566ae49a2.pdf,files/ipho/2024/IPhO_2024_S3__6199c3c566ae49a2.pdf,6199c3c566ae49a2c542e70b3a6ff2cbaf70dab821a5e4a173e6dc315cd557d0,300534,8,hardlink,6199c3c566ae49a2c542e70b3a6ff2cbaf70dab821a5e4a173e6dc315cd557d0,acquisition,
851,originals/eupho/2021/EuPhO_2021_Q5_tex__1a627b3642c11915.zip,files/eupho/2021/EuPhO_2021_Q5_tex__1a627b3642c11915.zip,1a627b3642c11915f0a03f538bcb3c9ba91b41a72bbdad306daa62a7caade1ac,9625,,hardlink,1a627b3642c11915f0a03f538bcb3c9ba91b41a72bbdad306daa62a7caade1ac,acquisition,
852,originals/eupho/2021/2021-5__6fbaea186fef5d56.tex,files/eupho/2021/2021-5__6fbaea186fef5d56.tex,6fbaea186fef5d56de3f68e939ed028e14ac2a78ca456983d484bf2585869200,5652,,hardlink,6fbaea186fef5d56de3f68e939ed028e14ac2a78ca456983d484bf2585869200,acquisition,
854,originals/eupho/2020/EuPhO_2020_Q1__a97bcb738b15c221.pdf,files/eupho/2020/EuPhO_2020_Q1__a97bcb738b15c221.pdf,a97bcb738b15c221743ee73e6119590c9d01a38e2dcbacbd277c8755184ef52e,86830,1,hardlink,a97bcb738b15c221743ee73e6119590c9d01a38e2dcbacbd277c8755184ef52e,acquisition,
855,originals/eupho/2020/EuPhO_2020_ExperimentData__4a3e7d5b871eac19.zip,files/eupho/2020/EuPhO_2020_ExperimentData__4a3e7d5b871eac19.zip,4a3e7d5b871eac19c4a6ebfc76f02364b796d950b6ad626038a80ea0444d5adf,2332325,,hardlink,4a3e7d5b871eac19c4a6ebfc76f02364b796d950b6ad626038a80ea0444d5adf,acquisition,
856,originals/eupho/2020/EuPhO_2020_S1__bdceaf7add4f2210.pdf,files/eupho/2020/EuPhO_2020_S1__bdceaf7add4f2210.pdf,bdceaf7add4f2210ef085ae36530f993f54be864d9bbb31be1a492bb52984642,313958,10,hardlink,bdceaf7add4f2210ef085ae36530f993f54be864d9bbb31be1a492bb52984642,acquisition,
858,originals/eupho/2020/EuPhO_2020_Q1_tex__413b4ec890659c4e.zip,files/eupho/2020/EuPhO_2020_Q1_tex__413b4ec890659c4e.zip,413b4ec890659c4e989501fdd4f0e6e2ce54f4e68f930980007ad269d1101438,41338,,hardlink,413b4ec890659c4e989501fdd4f0e6e2ce54f4e68f930980007ad269d1101438,acquisition,
859,originals/eupho/2020/EuPhO_2020_Q2__d276707f182dc054.pdf,files/eupho/2020/EuPhO_2020_Q2__d276707f182dc054.pdf,d276707f182dc05488e2a85d8670d2aa9ab8e6cba5c2c3b2ed7c91fd72da2580,98156,1,hardlink,d276707f182dc05488e2a85d8670d2aa9ab8e6cba5c2c3b2ed7c91fd72da2580,acquisition,
86,originals/ipho/2024/IPhO_2024_Q3__2ff2d180492f1655.pdf,files/ipho/2024/IPhO_2024_Q3__2ff2d180492f1655.pdf,2ff2d180492f1655f30d2655847b2aeaff827d69ccba54ff5d0dbcb9f7489ddb,1749492,5,hardlink,2ff2d180492f1655f30d2655847b2aeaff827d69ccba54ff5d0dbcb9f7489ddb,acquisition,
860,originals/eupho/2020/2020-1__b41e4d934610be84.tex,files/eupho/2020/2020-1__b41e4d934610be84.tex,b41e4d934610be84c2fabd7f1ec58564bdec8d3ae1c4bd4df81fa5fe830ec82e,1266,,hardlink,b41e4d934610be84c2fabd7f1ec58564bdec8d3ae1c4bd4df81fa5fe830ec82e,acquisition,
862,originals/eupho/2020/EuPhO_2020_Q2_tex__947fc271095d233d.zip,files/eupho/2020/EuPhO_2020_Q2_tex__947fc271095d233d.zip,947fc271095d233da4895d40ed4d8912aa6cb75e1ad955bcb5322d5558b096e5,43922,,hardlink,947fc271095d233da4895d40ed4d8912aa6cb75e1ad955bcb5322d5558b096e5,acquisition,
863,originals/eupho/2020/2020-2__d3916775f8983724.tex,files/eupho/2020/2020-2__d3916775f8983724.tex,d3916775f89837243fab2fae3651f2cfc16f1f7d36e187ea5faa553e243f504b,777,,hardlink,d3916775f89837243fab2fae3651f2cfc16f1f7d36e187ea5faa553e243f504b,acquisition,
864,originals/eupho/2020/EuPhO_2020_Q3__881984893972159d.pdf,files/eupho/2020/EuPhO_2020_Q3__881984893972159d.pdf,881984893972159d82a8c1f315f62c8fc8ee8c3c8bd81bb595abf7fe3c028cab,1190516,2,hardlink,881984893972159d82a8c1f315f62c8fc8ee8c3c8bd81bb595abf7fe3c028cab,acquisition,
865,originals/eupho/2020/2020-3__8f3ef82cce4aac96.tex,files/eupho/2020/2020-3__8f3ef82cce4aac96.tex,8f3ef82cce4aac967da0a47737b174c49e7994dd1ea8c91f84cb1e85fa55e4a3,1759,,hardlink,8f3ef82cce4aac967da0a47737b174c49e7994dd1ea8c91f84cb1e85fa55e4a3,acquisition,
866,originals/eupho/2020/EuPhO_2020_Q3_tex__0038cbb3910045c8.zip,files/eupho/2020/EuPhO_2020_Q3_tex__0038cbb3910045c8.zip,0038cbb3910045c8dfd97bb0db1ab6ec70a14b0e3ff2d454ecdd17a3817e4a14,121306,,hardlink,0038cbb3910045c8dfd97bb0db1ab6ec70a14b0e3ff2d454ecdd17a3817e4a14,acquisition,
868,originals/eupho/2020/EuPhO_2020_Q4-5__844f292ece3a3f1c.pdf,files/eupho/2020/EuPhO_2020_Q4-5__844f292ece3a3f1c.pdf,844f292ece3a3f1c8d05c1bd38c9f79475ee47e6e914310e92686871fcb84c6d,66525,2,hardlink,844f292ece3a3f1c8d05c1bd38c9f79475ee47e6e914310e92686871fcb84c6d,acquisition,
869,originals/eupho/2020/EuPhO_2020_S4-5__95e1f42b583b63a1.pdf,files/eupho/2020/EuPhO_2020_S4-5__95e1f42b583b63a1.pdf,95e1f42b583b63a1a3343b16579bf9fb8ee9007d6ee968180856615f02ba83e8,249543,8,hardlink,95e1f42b583b63a1a3343b16579bf9fb8ee9007d6ee968180856615f02ba83e8,acquisition,
87,originals/ipho/2024/IPhO_2024_M3__2e9a7c35a59bada5.pdf,files/ipho/2024/IPhO_2024_M3__2e9a7c35a59bada5.pdf,2e9a7c35a59bada5f8dd476e12027851bac50a676cd40d88d066367819feaa2a,264462,2,hardlink,2e9a7c35a59bada5f8dd476e12027851bac50a676cd40d88d066367819feaa2a,acquisition,
871,originals/eupho/2020/EuPhO_2020_S4__fa79d35b7b3c6fda.pdf,files/eupho/2020/EuPhO_2020_S4__fa79d35b7b3c6fda.pdf,fa79d35b7b3c6fda7b2add061f8c4addc6e87de3ca25259cbfef0fba1d51dd1d,70909,6,hardlink,fa79d35b7b3c6fda7b2add061f8c4addc6e87de3ca25259cbfef0fba1d51dd1d,acquisition,
873,originals/eupho/2020/EuPhO_2020_Q4_tex__a52b4472f5a3034b.zip,files/eupho/2020/EuPhO_2020_Q4_tex__a52b4472f5a3034b.zip,a52b4472f5a3034b0ffcb53a13373c90837f65e556587a78da8fd7e6f5ffa7d1,14146,,hardlink,a52b4472f5a3034b0ffcb53a13373c90837f65e556587a78da8fd7e6f5ffa7d1,acquisition,
874,originals/eupho/2020/2020-4__bef1488561cb74b6.tex,files/eupho/2020/2020-4__bef1488561cb74b6.tex,bef1488561cb74b6ebd08c857ee136a22f046825fa0196a8de7cdb6ad2470162,3277,,hardlink,bef1488561cb74b6ebd08c857ee136a22f046825fa0196a8de7cdb6ad2470162,acquisition,
876,originals/eupho/2020/EuPhO_2020_S5__d67a2b33363a3efc.pdf,files/eupho/2020/EuPhO_2020_S5__d67a2b33363a3efc.pdf,d67a2b33363a3efc755cce7d08bcc1ce40e59d40d4ed7b3077f87559f4ff9853,222550,9,hardlink,d67a2b33363a3efc755cce7d08bcc1ce40e59d40d4ed7b3077f87559f4ff9853,acquisition,
878,originals/eupho/2020/EuPhO_2020_Q5_tex__622104f0d04dacd1.zip,files/eupho/2020/EuPhO_2020_Q5_tex__622104f0d04dacd1.zip,622104f0d04dacd1812e7f779d62bdf7f7eb3d86ca7ebdb797818461e8227d27,12735,,hardlink,622104f0d04dacd1812e7f779d62bdf7f7eb3d86ca7ebdb797818461e8227d27,acquisition,
879,originals/eupho/2019/EuPhO_2019_TheoryMarkingScheme__7216a08a60546e32.pdf,files/eupho/2019/EuPhO_2019_TheoryMarkingScheme__7216a08a60546e32.pdf,7216a08a60546e3227bcfb81c6bd5d8200059513a53a8bf2848e5e10cdaced44,77680,3,hardlink,7216a08a60546e3227bcfb81c6bd5d8200059513a53a8bf2848e5e10cdaced44,acquisition,
88,originals/ipho/2024/IPhO_2024_A3__4dc2cc361200a238.pdf,files/ipho/2024/IPhO_2024_A3__4dc2cc361200a238.pdf,4dc2cc361200a238f42d9a08f5c5b3b6430137e2a03f81118c0c334737f2eb5a,353960,2,hardlink,4dc2cc361200a238f42d9a08f5c5b3b6430137e2a03f81118c0c334737f2eb5a,acquisition,
880,originals/eupho/2020/2020-5__3fcfad923b593f80.tex,files/eupho/2020/2020-5__3fcfad923b593f80.tex,3fcfad923b593f80ea0ca5c02761a47f00122a02d367d1eeef12464a0a095867,6521,,hardlink,3fcfad923b593f80ea0ca5c02761a47f00122a02d367d1eeef12464a0a095867,acquisition,
881,originals/eupho/2019/EuPhO_2019_Q1__a97a425ed79620b7.pdf,files/eupho/2019/EuPhO_2019_Q1__a97a425ed79620b7.pdf,a97a425ed79620b797affcb63d354b9da45ad82f62c8e5ba7341d3439372f14b,91959,1,hardlink,a97a425ed79620b797affcb63d354b9da45ad82f62c8e5ba7341d3439372f14b,acquisition,
882,originals/eupho/2019/EuPhO_2019_S1__968ab12ecf108a74.pdf,files/eupho/2019/EuPhO_2019_S1__968ab12ecf108a74.pdf,968ab12ecf108a7412e2112cb7e71bafef01cc1d8f3c19c0285db556b2b44c3e,313952,3,hardlink,968ab12ecf108a7412e2112cb7e71bafef01cc1d8f3c19c0285db556b2b44c3e,acquisition,
884,originals/eupho/2019/EuPhO_2019_Q1_tex__a071cecaa95589ce.zip,files/eupho/2019/EuPhO_2019_Q1_tex__a071cecaa95589ce.zip,a071cecaa95589ce7a01ea4eccc5badf60337cc3d05625de86685751ab5a5b7d,163547,,hardlink,a071cecaa95589ce7a01ea4eccc5badf60337cc3d05625de86685751ab5a5b7d,acquisition,
885,originals/eupho/2019/2019-1__867519f28967043e.tex,files/eupho/2019/2019-1__867519f28967043e.tex,867519f28967043e5c1cff20c4d8f820af80bc6cb59ae137362963637ecf0806,1602,,hardlink,867519f28967043e5c1cff20c4d8f820af80bc6cb59ae137362963637ecf0806,acquisition,
886,originals/eupho/2019/EuPhO_2019_Q2__9e848c42bb6bf9c4.pdf,files/eupho/2019/EuPhO_2019_Q2__9e848c42bb6bf9c4.pdf,9e848c42bb6bf9c4078baa649c8f6aabb000a9c9af382625835254eb21b0b3e9,85861,1,hardlink,9e848c42bb6bf9c4078baa649c8f6aabb000a9c9af382625835254eb21b0b3e9,acquisition,
887,originals/eupho/2019/EuPhO_2019_Q2_tex__824daa7673141037.zip,files/eupho/2019/EuPhO_2019_Q2_tex__824daa7673141037.zip,824daa7673141037eaaa7714531981f87c345d1760a3641f6bd35dccb2d3776b,1294,,hardlink,824daa7673141037eaaa7714531981f87c345d1760a3641f6bd35dccb2d3776b,acquisition,
888,originals/eupho/2019/2019-2__65bda7a138dfbefa.tex,files/eupho/2019/2019-2__65bda7a138dfbefa.tex,65bda7a138dfbefacaaa7cc98535fbab4a626b8ab05174f9ff990ec11ae8a758,1114,,hardlink,65bda7a138dfbefacaaa7cc98535fbab4a626b8ab05174f9ff990ec11ae8a758,acquisition,
89,originals/ipho/2024/IPhO_2024_Q4__b3b1f0bff9aecfb4.pdf,files/ipho/2024/IPhO_2024_Q4__b3b1f0bff9aecfb4.pdf,b3b1f0bff9aecfb4e0f9e657748d4af98433a286bbec4c3deb219f259f7f7f4a,3497524,10,hardlink,b3b1f0bff9aecfb4e0f9e657748d4af98433a286bbec4c3deb219f259f7f7f4a,acquisition,
890,originals/eupho/2019/EuPhO_2019_Q3__39d6d4246695bc72.pdf,files/eupho/2019/EuPhO_2019_Q3__39d6d4246695bc72.pdf,39d6d4246695bc724a3d08eae896074e891d8b18948ef03a4ff5f2cb0e012f80,111580,1,hardlink,39d6d4246695bc724a3d08eae896074e891d8b18948ef03a4ff5f2cb0e012f80,acquisition,
892,originals/eupho/2019/EuPhO_2019_Q3_tex__ab5092d2250966ae.zip,files/eupho/2019/EuPhO_2019_Q3_tex__ab5092d2250966ae.zip,ab5092d2250966ae3ad3db6d3a66dbb64ac0696466d536461ebdbd90b9bb7cce,154566,,hardlink,ab5092d2250966ae3ad3db6d3a66dbb64ac0696466d536461ebdbd90b9bb7cce,acquisition,
893,originals/eupho/2019/2019-3__3f778c65ba5a5ea1.tex,files/eupho/2019/2019-3__3f778c65ba5a5ea1.tex,3f778c65ba5a5ea161203b3f685e3f30d3b86eb495045108c452a6591dd63648,743,,hardlink,3f778c65ba5a5ea161203b3f685e3f30d3b86eb495045108c452a6591dd63648,acquisition,
894,originals/eupho/2019/EuPhO_2019_Q4__46cc62193518996e.pdf,files/eupho/2019/EuPhO_2019_Q4__46cc62193518996e.pdf,46cc62193518996e3a3841be06e97f156ed13f8c5baca0eaf08561e57fd60bcb,417844,2,hardlink,46cc62193518996e3a3841be06e97f156ed13f8c5baca0eaf08561e57fd60bcb,acquisition,
896,originals/eupho/2019/EuPhO_2019_Q4_tex__eff0bc7e8a15f02f.zip,files/eupho/2019/EuPhO_2019_Q4_tex__eff0bc7e8a15f02f.zip,eff0bc7e8a15f02f36afa34548a10c3c902df6a18d30c97d331da6857ba4f8d1,167013,,hardlink,eff0bc7e8a15f02f36afa34548a10c3c902df6a18d30c97d331da6857ba4f8d1,acquisition,
897,originals/eupho/2019/2019-4__22eda2b6e41d1f8e.tex,files/eupho/2019/2019-4__22eda2b6e41d1f8e.tex,22eda2b6e41d1f8e4a8163e983c82ab6f9ca1b103902a9f7d12a84f75f8f39a3,6024,,hardlink,22eda2b6e41d1f8e4a8163e983c82ab6f9ca1b103902a9f7d12a84f75f8f39a3,acquisition,
898,originals/eupho/2018/EuPhO_2018_TheoryMarkingScheme__f621f8688832d371.pdf,files/eupho/2018/EuPhO_2018_TheoryMarkingScheme__f621f8688832d371.pdf,f621f8688832d371a525c3b0dce1f087a80a27e5ebb8003d10582da993165c5f,114955,3,hardlink,f621f8688832d371a525c3b0dce1f087a80a27e5ebb8003d10582da993165c5f,acquisition,
899,originals/eupho/2018/EuPhO_2018_ExperimentMarkingScheme__4b0f5ab000171bda.pdf,files/eupho/2018/EuPhO_2018_ExperimentMarkingScheme__4b0f5ab000171bda.pdf,4b0f5ab000171bda4fa351aa7ed71ade53ad67e554ea6d48f17896324bf8a915,184263,2,hardlink,4b0f5ab000171bda4fa351aa7ed71ade53ad67e554ea6d48f17896324bf8a915,acquisition,
9,originals/ipho/2026/IPhO_2026_S2__2256104b843dcaa7.pdf,files/ipho/2026/IPhO_2026_S2__2256104b843dcaa7.pdf,2256104b843dcaa7031ab3d14a9f32eea6f6be6714a3f284ee028c752b73493f,283252,5,hardlink,2256104b843dcaa7031ab3d14a9f32eea6f6be6714a3f284ee028c752b73493f,acquisition,
90,originals/ipho/2024/IPhO_2024_S5__a878d383526f7586.pdf,files/ipho/2024/IPhO_2024_S5__a878d383526f7586.pdf,a878d383526f75862a6f320d476d54c185296c65cbe5298ff629fe4c5d12a929,410591,7,hardlink,a878d383526f75862a6f320d476d54c185296c65cbe5298ff629fe4c5d12a929,acquisition,
900,originals/eupho/2018/EuPhO_2018_Q1__68ee710bd9c1876f.pdf,files/eupho/2018/EuPhO_2018_Q1__68ee710bd9c1876f.pdf,68ee710bd9c1876fa62af6be9b85fb683149ece4419b5d2beddb71f44e9f5713,34658,1,hardlink,68ee710bd9c1876fa62af6be9b85fb683149ece4419b5d2beddb71f44e9f5713,acquisition,
901,originals/eupho/2018/EuPhO_2018_S1__172f543b6db07820.pdf,files/eupho/2018/EuPhO_2018_S1__172f543b6db07820.pdf,172f543b6db078205bff49884e75699ae327efcb832bd6a30c1a006f2a4c5145,93384,1,hardlink,172f543b6db078205bff49884e75699ae327efcb832bd6a30c1a006f2a4c5145,acquisition,
903,originals/eupho/2018/EuPhO_2018_Q1_tex__5b89af721afc8774.zip,files/eupho/2018/EuPhO_2018_Q1_tex__5b89af721afc8774.zip,5b89af721afc8774605063ed0937d911def894e3607d3964ec82bd7f3533fe8f,1034,,hardlink,5b89af721afc8774605063ed0937d911def894e3607d3964ec82bd7f3533fe8f,acquisition,
904,originals/eupho/2018/EuPhO_2018_Q2__9e3d9b4b947321e7.pdf,files/eupho/2018/EuPhO_2018_Q2__9e3d9b4b947321e7.pdf,9e3d9b4b947321e7fb210f092a19341454cab0e7fa1504de3a9763cccd1cde23,90329,1,hardlink,9e3d9b4b947321e7fb210f092a19341454cab0e7fa1504de3a9763cccd1cde23,acquisition,
905,originals/eupho/2018/2018-1__3dc16533187a37a6.tex,files/eupho/2018/2018-1__3dc16533187a37a6.tex,3dc16533187a37a6ff6b3bebef35b6b871fc2ed77dabdeb3b3d626c01cc0ace2,622,,hardlink,3dc16533187a37a6ff6b3bebef35b6b871fc2ed77dabdeb3b3d626c01cc0ace2,acquisition,
906,originals/eupho/2018/EuPhO_2018_S2__0245dad7f5d82e53.pdf,files/eupho/2018/EuPhO_2018_S2__0245dad7f5d82e53.pdf,0245dad7f5d82e53a95374b92c510ae64eb5efef46b5f1661e06073fc3dce339,82940,2,hardlink,0245dad7f5d82e53a95374b92c510ae64eb5efef46b5f1661e06073fc3dce339,acquisition,
908,originals/eupho/2018/EuPhO_2018_Q2_tex__a4d53477172cf4d4.zip,files/eupho/2018/EuPhO_2018_Q2_tex__a4d53477172cf4d4.zip,a4d53477172cf4d41947a205c6c8759c29f0e3e413342666c639b37b3fbefaaf,22459,,hardlink,a4d53477172cf4d41947a205c6c8759c29f0e3e413342666c639b37b3fbefaaf,acquisition,
909,originals/eupho/2018/2018-2__34b09af5be3f8bc9.tex,files/eupho/2018/2018-2__34b09af5be3f8bc9.tex,34b09af5be3f8bc986b04341f2f67a415d2a6612954f1564e9f912f55711093c,992,,hardlink,34b09af5be3f8bc986b04341f2f67a415d2a6612954f1564e9f912f55711093c,acquisition,
91,originals/ipho/2024/IPhO_2024_P3__18f6d8f4e2fc06d8.pdf,files/ipho/2024/IPhO_2024_P3__18f6d8f4e2fc06d8.pdf,18f6d8f4e2fc06d8f782ab0d8e9450585d62ead2615d673dd62161097a1b0093,21139989,25,hardlink,18f6d8f4e2fc06d8f782ab0d8e9450585d62ead2615d673dd62161097a1b0093,acquisition,
910,originals/eupho/2018/EuPhO_2018_Q3__48d0499741e115ed.pdf,files/eupho/2018/EuPhO_2018_Q3__48d0499741e115ed.pdf,48d0499741e115edcaa3caf62a40818a9c262352385ea6c8939c00737f3aa370,112495,1,hardlink,48d0499741e115edcaa3caf62a40818a9c262352385ea6c8939c00737f3aa370,acquisition,
911,originals/eupho/2018/EuPhO_2018_S3__4a2e2ac6cd4dffc5.pdf,files/eupho/2018/EuPhO_2018_S3__4a2e2ac6cd4dffc5.pdf,4a2e2ac6cd4dffc5a5c84beddd409761621648c5b05dfb5acdf383eeca72a549,143715,1,hardlink,4a2e2ac6cd4dffc5a5c84beddd409761621648c5b05dfb5acdf383eeca72a549,acquisition,
913,originals/eupho/2018/EuPhO_2018_Q3_tex__7c6ae512fe5800c3.zip,files/eupho/2018/EuPhO_2018_Q3_tex__7c6ae512fe5800c3.zip,7c6ae512fe5800c3b80bd98171297f63a1acf8166ee39038380a1908aebc5236,106909,,hardlink,7c6ae512fe5800c3b80bd98171297f63a1acf8166ee39038380a1908aebc5236,acquisition,
914,originals/eupho/2018/2018-3__57e2ae8868ad4591.tex,files/eupho/2018/2018-3__57e2ae8868ad4591.tex,57e2ae8868ad45915d669126561a207c7bda9113275dd3101d9f0275fa1acf27,1359,,hardlink,57e2ae8868ad45915d669126561a207c7bda9113275dd3101d9f0275fa1acf27,acquisition,
915,originals/eupho/2018/EuPhO_2018_Q4__4e37a97e9523ffbc.pdf,files/eupho/2018/EuPhO_2018_Q4__4e37a97e9523ffbc.pdf,4e37a97e9523ffbcb647661e0d8e10f8595d6104d63e1ad09bd49438e67c2b7b,1798160,2,hardlink,4e37a97e9523ffbcb647661e0d8e10f8595d6104d63e1ad09bd49438e67c2b7b,acquisition,
916,originals/eupho/2018/EuPhO_2018_S4__c414b879943a14d9.pdf,files/eupho/2018/EuPhO_2018_S4__c414b879943a14d9.pdf,c414b879943a14d940f3ccb5f529b587e55fc52540e9a83f1a8adada1c6c1ca4,648426,9,hardlink,c414b879943a14d940f3ccb5f529b587e55fc52540e9a83f1a8adada1c6c1ca4,acquisition,
918,originals/eupho/2018/EuPhO_2018_Q4_tex__25d15e7f899a6e98.zip,files/eupho/2018/EuPhO_2018_Q4_tex__25d15e7f899a6e98.zip,25d15e7f899a6e9854f9e1e7d898612d02f05bff153cc0299778995c17031cd1,125410,,hardlink,25d15e7f899a6e9854f9e1e7d898612d02f05bff153cc0299778995c17031cd1,acquisition,
919,originals/eupho/2018/2018-4__66e57c21b314e6e3.tex,files/eupho/2018/2018-4__66e57c21b314e6e3.tex,66e57c21b314e6e38878f5e325e81f9293f2e86e14ab152ec631496b9294ff70,5138,,hardlink,66e57c21b314e6e38878f5e325e81f9293f2e86e14ab152ec631496b9294ff70,acquisition,
92,originals/ipho/2024/IPhO_2024_A4__a289179dba67b99a.pdf,files/ipho/2024/IPhO_2024_A4__a289179dba67b99a.pdf,a289179dba67b99ae092d63f4fb3f72ab260efa75a80d5f1a91cde6591207b2b,592269,14,hardlink,a289179dba67b99ae092d63f4fb3f72ab260efa75a80d5f1a91cde6591207b2b,acquisition,
920,originals/eupho/2017/EuPhO_2017_Q1__c3ffc37ae9f55be2.pdf,files/eupho/2017/EuPhO_2017_Q1__c3ffc37ae9f55be2.pdf,c3ffc37ae9f55be20736a077278ef5e43851250c75989c40aadd009edf7cbb93,126614,1,hardlink,c3ffc37ae9f55be20736a077278ef5e43851250c75989c40aadd009edf7cbb93,acquisition,
921,originals/eupho/2017/EuPhO_2017_S1__54d2dc6b3bf82b09.pdf,files/eupho/2017/EuPhO_2017_S1__54d2dc6b3bf82b09.pdf,54d2dc6b3bf82b09bcda1420f66ca4f87f24c7fc65b634aaf20a0763bc95e448,215659,3,hardlink,54d2dc6b3bf82b09bcda1420f66ca4f87f24c7fc65b634aaf20a0763bc95e448,acquisition,
923,originals/eupho/2017/EuPhO_2017_Q1_tex__7dcb2ff9205e9b5f.zip,files/eupho/2017/EuPhO_2017_Q1_tex__7dcb2ff9205e9b5f.zip,7dcb2ff9205e9b5fd66f33247d5310f9b45a1aafa3a6d3a1e7e7772c3ad0b9cf,125776,,hardlink,7dcb2ff9205e9b5fd66f33247d5310f9b45a1aafa3a6d3a1e7e7772c3ad0b9cf,acquisition,
924,originals/eupho/2017/EuPhO_2017_S1_tex__4e834171462737cb.pdf,files/eupho/2017/EuPhO_2017_S1_tex__4e834171462737cb.pdf,4e834171462737cbfc7385cd88def11e33d5fb19291b372c7417d4fbd7bd4d67,121814,2,hardlink,4e834171462737cbfc7385cd88def11e33d5fb19291b372c7417d4fbd7bd4d67,acquisition,
925,originals/eupho/2017/EuPhO_2017_Q2__6a2025f52290c166.pdf,files/eupho/2017/EuPhO_2017_Q2__6a2025f52290c166.pdf,6a2025f52290c1664e800de6ff70928cc66d08a183f00d550fe5a20668298f2c,63151,1,hardlink,6a2025f52290c1664e800de6ff70928cc66d08a183f00d550fe5a20668298f2c,acquisition,
926,originals/eupho/2017/2017-1__edbe104633ead10f.tex,files/eupho/2017/2017-1__edbe104633ead10f.tex,edbe104633ead10f147fbb9980774a1d5bf9e5f27c34eeb31ff3694147913076,1152,,hardlink,edbe104633ead10f147fbb9980774a1d5bf9e5f27c34eeb31ff3694147913076,acquisition,
927,originals/eupho/2017/EuPhO_2017_S2__8ab22920ee1e69d6.pdf,files/eupho/2017/EuPhO_2017_S2__8ab22920ee1e69d6.pdf,8ab22920ee1e69d6c8a06576dc9115b0b014ab00eb7e3befe265923b49c9cb39,181919,2,hardlink,8ab22920ee1e69d6c8a06576dc9115b0b014ab00eb7e3befe265923b49c9cb39,acquisition,
929,originals/eupho/2017/EuPhO_2017_Q2_tex__50de4dca7d451451.zip,files/eupho/2017/EuPhO_2017_Q2_tex__50de4dca7d451451.zip,50de4dca7d451451a9660cab94fa9c41d9274746d944d226688fa032b62e9543,3350,,hardlink,50de4dca7d451451a9660cab94fa9c41d9274746d944d226688fa032b62e9543,acquisition,
93,originals/ipho/2024/IPhO_2024_M4__19efab66affdc378.pdf,files/ipho/2024/IPhO_2024_M4__19efab66affdc378.pdf,19efab66affdc378d9889a9e253d7281150a7bdbf68e414aaa312097afc31edd,203762,2,hardlink,19efab66affdc378d9889a9e253d7281150a7bdbf68e414aaa312097afc31edd,acquisition,
930,originals/eupho/2017/EuPhO_2017_S2_tex__b2b6a95a5a944f7c.pdf,files/eupho/2017/EuPhO_2017_S2_tex__b2b6a95a5a944f7c.pdf,b2b6a95a5a944f7c4c12668f8459dfc5d7cae20023f5ef1cef65ef94642e3b80,42119,2,hardlink,b2b6a95a5a944f7c4c12668f8459dfc5d7cae20023f5ef1cef65ef94642e3b80,acquisition,
932,originals/eupho/2017/2017-2__83601de0b1385edc.tex,files/eupho/2017/2017-2__83601de0b1385edc.tex,83601de0b1385edc9fc94c7003b662c1bfa95c5af41458f63dbd7a0819c671d5,941,,hardlink,83601de0b1385edc9fc94c7003b662c1bfa95c5af41458f63dbd7a0819c671d5,acquisition,
938,originals/eupho/2017/EuPhO_2017_Q4__f130f8b548f862f5.pdf,files/eupho/2017/EuPhO_2017_Q4__f130f8b548f862f5.pdf,f130f8b548f862f5086988f45eb54901a5edb072324e2dfa802ca6b86aae6aef,70588,1,hardlink,f130f8b548f862f5086988f45eb54901a5edb072324e2dfa802ca6b86aae6aef,acquisition,
939,originals/eupho/2017/EuPhO_2017_S4__3ff07535869922c9.pdf,files/eupho/2017/EuPhO_2017_S4__3ff07535869922c9.pdf,3ff07535869922c9d31ed580d6818e357514fa574906bff3605bf449ca302701,443177,3,hardlink,3ff07535869922c9d31ed580d6818e357514fa574906bff3605bf449ca302701,acquisition,
94,originals/ipho/2024/IPhO_2024_P4__607e04ca1da084d2.pdf,files/ipho/2024/IPhO_2024_P4__607e04ca1da084d2.pdf,607e04ca1da084d2a5ee8248dd353b7d788abe8c701e54acb9531122ef7d7015,1115943,25,hardlink,607e04ca1da084d2a5ee8248dd353b7d788abe8c701e54acb9531122ef7d7015,acquisition,
940,originals/eupho/2017/EuPhO_2017_Q4_tex__3e6ef6201da7afb9.zip,files/eupho/2017/EuPhO_2017_Q4_tex__3e6ef6201da7afb9.zip,3e6ef6201da7afb9d7bf91c6ee3772ad2cb34f5bfc70ee893aae5c8e130e454c,22105,,hardlink,3e6ef6201da7afb9d7bf91c6ee3772ad2cb34f5bfc70ee893aae5c8e130e454c,acquisition,
942,originals/eupho/2017/2017-4__fe02d3cf3892d16c.tex,files/eupho/2017/2017-4__fe02d3cf3892d16c.tex,fe02d3cf3892d16cb517ad379b9aa48d5009d7bb2ed01ddfa72c442bb447904b,4724,,hardlink,fe02d3cf3892d16cb517ad379b9aa48d5009d7bb2ed01ddfa72c442bb447904b,acquisition,
943,originals/apho/2026/APhO_2026_S1__5beaae4ba919c327.pdf,files/apho/2026/APhO_2026_S1__5beaae4ba919c327.pdf,5beaae4ba919c3273d8e1621a65da7e88854ade7ca651d8c8e8b18cd19b6fa6c,87668,9,hardlink,5beaae4ba919c3273d8e1621a65da7e88854ade7ca651d8c8e8b18cd19b6fa6c,acquisition,
944,originals/apho/2026/APhO_2026_Q1__f70b8a51cfe52d48.pdf,files/apho/2026/APhO_2026_Q1__f70b8a51cfe52d48.pdf,f70b8a51cfe52d485f47ab15de9d5d440473389db1232a275bdd377652ce53a5,1475906,6,hardlink,f70b8a51cfe52d485f47ab15de9d5d440473389db1232a275bdd377652ce53a5,acquisition,
946,originals/apho/2026/2026-1__4ed18821327d3ce7.tex,files/apho/2026/2026-1__4ed18821327d3ce7.tex,4ed18821327d3ce73876f4e4088c1ad22868ac977dbed6060c8f90b6cd8a0ba5,11706,,hardlink,4ed18821327d3ce73876f4e4088c1ad22868ac977dbed6060c8f90b6cd8a0ba5,acquisition,
947,originals/apho/2026/APhO_2026_Q1_tex__4a7e634b4947a155.zip,files/apho/2026/APhO_2026_Q1_tex__4a7e634b4947a155.zip,4a7e634b4947a1554fbf4bdb45014b34f9682f80828cd9f9c5887fb939ac2bd3,198844,,hardlink,4a7e634b4947a1554fbf4bdb45014b34f9682f80828cd9f9c5887fb939ac2bd3,acquisition,
948,originals/apho/2026/APhO_2026_Q2__df0226dde76ee920.pdf,files/apho/2026/APhO_2026_Q2__df0226dde76ee920.pdf,df0226dde76ee920f7dcd984916e3661c79db0b62851262639b67e2ce452af20,162550,4,hardlink,df0226dde76ee920f7dcd984916e3661c79db0b62851262639b67e2ce452af20,acquisition,
949,originals/apho/2026/APhO_2026_S2__9259595bb70ae355.pdf,files/apho/2026/APhO_2026_S2__9259595bb70ae355.pdf,9259595bb70ae3558ca91bba35ebd976702ac6ba41bd48d089bd17f40047da37,171998,10,hardlink,9259595bb70ae3558ca91bba35ebd976702ac6ba41bd48d089bd17f40047da37,acquisition,
95,originals/ipho/2024/IPhO_2024_Q5__5b2694682b0035a7.pdf,files/ipho/2024/IPhO_2024_Q5__5b2694682b0035a7.pdf,5b2694682b0035a7d04801bc92bed8e1f97e97450b73a44577018345204e7434,3529531,11,hardlink,5b2694682b0035a7d04801bc92bed8e1f97e97450b73a44577018345204e7434,acquisition,
951,originals/apho/2026/APhO_2026_Q2_tex__905ccb9eab7f3b1d.zip,files/apho/2026/APhO_2026_Q2_tex__905ccb9eab7f3b1d.zip,905ccb9eab7f3b1d339d8eba2ebaed5825418ed7e9125ec2f076f4b360fba417,5074,,hardlink,905ccb9eab7f3b1d339d8eba2ebaed5825418ed7e9125ec2f076f4b360fba417,acquisition,
952,originals/apho/2026/2026-2__8b6f0fb925d55186.tex,files/apho/2026/2026-2__8b6f0fb925d55186.tex,8b6f0fb925d551863cd45055daac5a020d8f7a29651056aa08eb5197a5be41c4,11713,,hardlink,8b6f0fb925d551863cd45055daac5a020d8f7a29651056aa08eb5197a5be41c4,acquisition,
953,originals/apho/2026/APhO_2026_Q3__6f244f61faa5a9d5.pdf,files/apho/2026/APhO_2026_Q3__6f244f61faa5a9d5.pdf,6f244f61faa5a9d564a165e9ad51385d14ca6fdb99719d45e885d2511e1d4bce,446604,4,hardlink,6f244f61faa5a9d564a165e9ad51385d14ca6fdb99719d45e885d2511e1d4bce,acquisition,
954,originals/apho/2026/APhO_2026_S3__8625442e0f2cfce0.pdf,files/apho/2026/APhO_2026_S3__8625442e0f2cfce0.pdf,8625442e0f2cfce00c952f453a8daa40b8ae971c1cc0e02f3c7624a747ea557d,151452,6,hardlink,8625442e0f2cfce00c952f453a8daa40b8ae971c1cc0e02f3c7624a747ea557d,acquisition,
955,originals/apho/2026/APhO_2026_S4__5de7b8d8e2aecd18.pdf,files/apho/2026/APhO_2026_S4__5de7b8d8e2aecd18.pdf,5de7b8d8e2aecd18b2eabbbc1976e527b25a62c09a2b3a11b6d6e34932376c76,147091,7,hardlink,5de7b8d8e2aecd18b2eabbbc1976e527b25a62c09a2b3a11b6d6e34932376c76,acquisition,
956,originals/apho/2026/APhO_2026_S5__12865fbd346447ab.pdf,files/apho/2026/APhO_2026_S5__12865fbd346447ab.pdf,12865fbd346447ab42a405c3ad723f39e1a0a11005e58d9bf6302364a37003a7,117174,13,hardlink,12865fbd346447ab42a405c3ad723f39e1a0a11005e58d9bf6302364a37003a7,acquisition,
957,originals/apho/2026/APhO_2026_Q5__19dd68d2d384b38e.pdf,files/apho/2026/APhO_2026_Q5__19dd68d2d384b38e.pdf,19dd68d2d384b38eb234be3ad1b4c22b44f94ac610ccaf481c4a8e2e0f77252e,2088074,6,hardlink,19dd68d2d384b38eb234be3ad1b4c22b44f94ac610ccaf481c4a8e2e0f77252e,acquisition,
958,originals/apho/2025/APhO_2025_Q1__147955df3edee912.pdf,files/apho/2025/APhO_2025_Q1__147955df3edee912.pdf,147955df3edee9127aeee3eaac3e457a33773976dca5a13c03159b4f7d28bd38,331588,4,hardlink,147955df3edee9127aeee3eaac3e457a33773976dca5a13c03159b4f7d28bd38,acquisition,
959,originals/apho/2026/APhO_2026_Q4__0ad0ca419f9952d2.pdf,files/apho/2026/APhO_2026_Q4__0ad0ca419f9952d2.pdf,0ad0ca419f9952d294963e7ad8b38a4c8c6ee7d2defece211c8e5b64aa10fce4,7528547,6,hardlink,0ad0ca419f9952d294963e7ad8b38a4c8c6ee7d2defece211c8e5b64aa10fce4,acquisition,
96,originals/ipho/2024/IPhO_2024_S4__3bc21d2c2f078e92.pdf,files/ipho/2024/IPhO_2024_S4__3bc21d2c2f078e92.pdf,3bc21d2c2f078e928300882e7d89f5e4d9bad2c85708afc15048880df08e8cb6,378943,10,hardlink,3bc21d2c2f078e928300882e7d89f5e4d9bad2c85708afc15048880df08e8cb6,acquisition,
960,originals/apho/2025/APhO_2025_S1__2d21348ab2d688c0.pdf,files/apho/2025/APhO_2025_S1__2d21348ab2d688c0.pdf,2d21348ab2d688c0099fb1d769c985dc6a45a89cee9de2094f1d393d882b7f36,294399,5,hardlink,2d21348ab2d688c0099fb1d769c985dc6a45a89cee9de2094f1d393d882b7f36,acquisition,
961,originals/apho/2025/APhO_2025_A1__8cd8ba50fc1faf6a.pdf,files/apho/2025/APhO_2025_A1__8cd8ba50fc1faf6a.pdf,8cd8ba50fc1faf6ac27b8d41a2e5794e558a4189893be4d779680c8dc15d8dc7,109352,3,hardlink,8cd8ba50fc1faf6ac27b8d41a2e5794e558a4189893be4d779680c8dc15d8dc7,acquisition,
963,originals/apho/2025/APhO_2025_Q1_tex__1af6f7eb2228a420.zip,files/apho/2025/APhO_2025_Q1_tex__1af6f7eb2228a420.zip,1af6f7eb2228a4206f656dfb59cb5ea6f586eea9849940f0ad04e5c934d59ebb,102507,,hardlink,1af6f7eb2228a4206f656dfb59cb5ea6f586eea9849940f0ad04e5c934d59ebb,acquisition,
964,originals/apho/2025/2025-1__1a9874034276e567.tex,files/apho/2025/2025-1__1a9874034276e567.tex,1a9874034276e56710eef5793bcd76c5f2b7cb116f0dbbff9ea835fcd63751cc,8740,,hardlink,1a9874034276e56710eef5793bcd76c5f2b7cb116f0dbbff9ea835fcd63751cc,acquisition,
965,originals/apho/2025/APhO_2025_Q2__5d83bac49bd75466.pdf,files/apho/2025/APhO_2025_Q2__5d83bac49bd75466.pdf,5d83bac49bd75466a699c054a5cd70d0e141cac327bd5260733869154a20536f,2325364,5,hardlink,5d83bac49bd75466a699c054a5cd70d0e141cac327bd5260733869154a20536f,acquisition,
966,originals/apho/2025/APhO_2025_S2__9c3b53aa167f4fc9.pdf,files/apho/2025/APhO_2025_S2__9c3b53aa167f4fc9.pdf,9c3b53aa167f4fc963ca864f302afc48304016122cf6f33ec06738a6c9ab6719,359388,5,hardlink,9c3b53aa167f4fc963ca864f302afc48304016122cf6f33ec06738a6c9ab6719,acquisition,
967,originals/apho/2025/APhO_2025_A2__df2d6f17ccec6579.pdf,files/apho/2025/APhO_2025_A2__df2d6f17ccec6579.pdf,df2d6f17ccec6579e004607cb10705a1a6b7892d50dd8f8875b7f63da724fa03,128823,5,hardlink,df2d6f17ccec6579e004607cb10705a1a6b7892d50dd8f8875b7f63da724fa03,acquisition,
968,originals/apho/2025/APhO_2025_Q2_tex__28b9d9c2dfe73351.zip,files/apho/2025/APhO_2025_Q2_tex__28b9d9c2dfe73351.zip,28b9d9c2dfe7335194078b6010300e3ae2693cc47d11d4d0d7694957a3d2b884,125938,,hardlink,28b9d9c2dfe7335194078b6010300e3ae2693cc47d11d4d0d7694957a3d2b884,acquisition,
969,originals/apho/2025/2025-2__c2dce12e33b3fc82.tex,files/apho/2025/2025-2__c2dce12e33b3fc82.tex,c2dce12e33b3fc82cc902c8ea8e885f6b6d4bc19c499d7d7ee7fcada365c8d5b,10470,,hardlink,c2dce12e33b3fc82cc902c8ea8e885f6b6d4bc19c499d7d7ee7fcada365c8d5b,acquisition,
97,originals/ipho/2024/IPhO_2024_A5__562d6ffd1370fe87.pdf,files/ipho/2024/IPhO_2024_A5__562d6ffd1370fe87.pdf,562d6ffd1370fe87790217bacf2ea87a3c80da5533ba859204b7d60df973a1ab,294289,8,hardlink,562d6ffd1370fe87790217bacf2ea87a3c80da5533ba859204b7d60df973a1ab,acquisition,
971,originals/apho/2025/APhO_2025_S3__2e7b2dff2a82b501.pdf,files/apho/2025/APhO_2025_S3__2e7b2dff2a82b501.pdf,2e7b2dff2a82b50193208b258b1a8b7369a4b7ba7d177581088ed2a758e868b6,276729,5,hardlink,2e7b2dff2a82b50193208b258b1a8b7369a4b7ba7d177581088ed2a758e868b6,acquisition,
972,originals/apho/2025/APhO_2025_Q3__1bf6709ccd044f96.pdf,files/apho/2025/APhO_2025_Q3__1bf6709ccd044f96.pdf,1bf6709ccd044f96985d6cb75373f6711e878046493cfcf0dda5e0c72ce68258,1857889,6,hardlink,1bf6709ccd044f96985d6cb75373f6711e878046493cfcf0dda5e0c72ce68258,acquisition,
973,originals/apho/2025/APhO_2025_A3__1a3ec3d31b124c1a.pdf,files/apho/2025/APhO_2025_A3__1a3ec3d31b124c1a.pdf,1a3ec3d31b124c1a46cdb19f3f8057cbe00af74f0b82c98dcc0c61d8bbc44b43,269470,4,hardlink,1a3ec3d31b124c1a46cdb19f3f8057cbe00af74f0b82c98dcc0c61d8bbc44b43,acquisition,
974,originals/apho/2025/APhO_2025_Q3_SolutionHandwritten__4e3ca38991984e99.pdf,files/apho/2025/APhO_2025_Q3_SolutionHandwritten__4e3ca38991984e99.pdf,4e3ca38991984e99c81fbe31f70bc731d3ebb2f7a8f931d1facf0766a82e9f81,2372856,6,hardlink,4e3ca38991984e99c81fbe31f70bc731d3ebb2f7a8f931d1facf0766a82e9f81,acquisition,
975,originals/apho/2025/APhO_2025_A4__72e3657baa126b0b.pdf,files/apho/2025/APhO_2025_A4__72e3657baa126b0b.pdf,72e3657baa126b0b26d5f0acca409b594c7926a9218453982a0f72098d2e9691,542059,30,hardlink,72e3657baa126b0b26d5f0acca409b594c7926a9218453982a0f72098d2e9691,acquisition,
976,originals/apho/2025/APhO_2025_Q4__c9c8e9f6cb6396dc.pdf,files/apho/2025/APhO_2025_Q4__c9c8e9f6cb6396dc.pdf,c9c8e9f6cb6396dc00257f5f7fb76171730be07678273ec8cff43e3474d93bf8,3730068,12,hardlink,c9c8e9f6cb6396dc00257f5f7fb76171730be07678273ec8cff43e3474d93bf8,acquisition,
977,originals/apho/2025/APhO_2025_S4__76fb13ebe4c833b2.pdf,files/apho/2025/APhO_2025_S4__76fb13ebe4c833b2.pdf,76fb13ebe4c833b256717deec22415fbec185adea948814274cb857046a34616,3581256,19,hardlink,76fb13ebe4c833b256717deec22415fbec185adea948814274cb857046a34616,acquisition,
978,originals/apho/2025/APhO_2025_M4__7e92497fb8f5c8ab.pdf,files/apho/2025/APhO_2025_M4__7e92497fb8f5c8ab.pdf,7e92497fb8f5c8abbfc2ea8e123a9982a04b2f3c7cc96cfb0e8ba5c1a87e72ab,116050,3,hardlink,7e92497fb8f5c8abbfc2ea8e123a9982a04b2f3c7cc96cfb0e8ba5c1a87e72ab,acquisition,
979,originals/apho/2024/APhO_2024_Q1__2e39c2cb44119a4f.pdf,files/apho/2024/APhO_2024_Q1__2e39c2cb44119a4f.pdf,2e39c2cb44119a4f92adb2d688ac13f54d14b582956ca192d2565fee0ce64ab9,471695,3,hardlink,2e39c2cb44119a4f92adb2d688ac13f54d14b582956ca192d2565fee0ce64ab9,acquisition,
98,originals/ipho/2024/IPhO_2024_M5__d692e2ee927d646b.pdf,files/ipho/2024/IPhO_2024_M5__d692e2ee927d646b.pdf,d692e2ee927d646bc3d7e306057d02642bd73a059263ddfda8c4a8dbd509368d,142813,2,hardlink,d692e2ee927d646bc3d7e306057d02642bd73a059263ddfda8c4a8dbd509368d,acquisition,
980,originals/apho/2024/APhO_2024_S1__0479d1a959a85cdd.pdf,files/apho/2024/APhO_2024_S1__0479d1a959a85cdd.pdf,0479d1a959a85cdd88e3b90de100fe675b6dbe3a14aad1da131488d475b6e036,1240581,10,hardlink,0479d1a959a85cdd88e3b90de100fe675b6dbe3a14aad1da131488d475b6e036,acquisition,
981,originals/apho/2024/APhO_2024_Q2__bedb16eb1c7436e1.pdf,files/apho/2024/APhO_2024_Q2__bedb16eb1c7436e1.pdf,bedb16eb1c7436e141e6481a6e0a38f0db4fe4a6f15d8daa9ebb8825760c54fe,580061,4,hardlink,bedb16eb1c7436e141e6481a6e0a38f0db4fe4a6f15d8daa9ebb8825760c54fe,acquisition,
982,originals/apho/2024/APhO_2024_S2__bafdebf0c9cab740.pdf,files/apho/2024/APhO_2024_S2__bafdebf0c9cab740.pdf,bafdebf0c9cab74075b42734bceb73b32ccffc0949f629d83de4ccd67fd0e471,1265061,11,hardlink,bafdebf0c9cab74075b42734bceb73b32ccffc0949f629d83de4ccd67fd0e471,acquisition,
983,originals/apho/2024/APhO_2024_S3__5b275efc50597147.pdf,files/apho/2024/APhO_2024_S3__5b275efc50597147.pdf,5b275efc5059714722f09f05768797e4afb424c028e70e4767d35fb0719e5bf0,996722,9,hardlink,5b275efc5059714722f09f05768797e4afb424c028e70e4767d35fb0719e5bf0,acquisition,
984,originals/apho/2024/APhO_2024_Q3__b76c445714fb8c56.pdf,files/apho/2024/APhO_2024_Q3__b76c445714fb8c56.pdf,b76c445714fb8c56a197163171c4f80abbc99cc2c35bed577cfd127bba74d5dc,5522025,8,hardlink,b76c445714fb8c56a197163171c4f80abbc99cc2c35bed577cfd127bba74d5dc,acquisition,
985,originals/apho/2024/APhO_2024_S4__c4f783d3fe3e08a7.pdf,files/apho/2024/APhO_2024_S4__c4f783d3fe3e08a7.pdf,c4f783d3fe3e08a7ad1ab994ec3d057acf091017ec17b211047ad7363bf341bc,4047447,32,hardlink,c4f783d3fe3e08a7ad1ab994ec3d057acf091017ec17b211047ad7363bf341bc,acquisition,
986,originals/apho/2024/APhO_2024_Q4__97fcc45b99f4f004.pdf,files/apho/2024/APhO_2024_Q4__97fcc45b99f4f004.pdf,97fcc45b99f4f0041227ff534f46554350e184ef3bbdfd2641f2287156f0dfac,4566675,22,hardlink,97fcc45b99f4f0041227ff534f46554350e184ef3bbdfd2641f2287156f0dfac,acquisition,
987,originals/apho/2023/APhO_2023_ExperimentInstructions__4cde4f6acd6542ba.pdf,files/apho/2023/APhO_2023_ExperimentInstructions__4cde4f6acd6542ba.pdf,4cde4f6acd6542ba3474bf7d9bd40fedca169e28e35e21502e98a2e9bf076048,566313,8,hardlink,4cde4f6acd6542ba3474bf7d9bd40fedca169e28e35e21502e98a2e9bf076048,acquisition,
988,originals/apho/2023/APhO_2023_Q1__c107325e7d342179.pdf,files/apho/2023/APhO_2023_Q1__c107325e7d342179.pdf,c107325e7d34217900653f8dc337ceddb80aa9e7cd2e1ff53c591f2cd92c8e28,698891,7,hardlink,c107325e7d34217900653f8dc337ceddb80aa9e7cd2e1ff53c591f2cd92c8e28,acquisition,
989,originals/apho/2023/APhO_2023_S1__b96f04c5f589bcdd.pdf,files/apho/2023/APhO_2023_S1__b96f04c5f589bcdd.pdf,b96f04c5f589bcddb0076c92f7e691786ca5f411734001136215b30546d7fac2,709770,9,hardlink,b96f04c5f589bcddb0076c92f7e691786ca5f411734001136215b30546d7fac2,acquisition,
99,originals/ipho/2024/IPhO_2024_P5__064341b396a38eb8.pdf,files/ipho/2024/IPhO_2024_P5__064341b396a38eb8.pdf,064341b396a38eb8f69191bfa35b761d462ff5ac8379857a3888e98d513b1ecd,1471602,28,hardlink,064341b396a38eb8f69191bfa35b761d462ff5ac8379857a3888e98d513b1ecd,acquisition,
990,originals/apho/2023/APhO_2023_M1__cc3cbe67befa1906.pdf,files/apho/2023/APhO_2023_M1__cc3cbe67befa1906.pdf,cc3cbe67befa190607395f59e3b7e1a1b36529893ea4aeec1fe2ec64c3125c0b,349556,2,hardlink,cc3cbe67befa190607395f59e3b7e1a1b36529893ea4aeec1fe2ec64c3125c0b,acquisition,
991,originals/apho/2023/APhO_2023_Q2__3bbff44638e7bbd4.pdf,files/apho/2023/APhO_2023_Q2__3bbff44638e7bbd4.pdf,3bbff44638e7bbd44d369a4469014b73095efedb60708fa2d9d4dac7107add44,129782,4,hardlink,3bbff44638e7bbd44d369a4469014b73095efedb60708fa2d9d4dac7107add44,acquisition,
992,originals/apho/2023/APhO_2023_S2__58a38d67e7f097a0.pdf,files/apho/2023/APhO_2023_S2__58a38d67e7f097a0.pdf,58a38d67e7f097a033c6ec735a7a231c5476ee91556605f9bb2fd8592c0638f9,191886,15,hardlink,58a38d67e7f097a033c6ec735a7a231c5476ee91556605f9bb2fd8592c0638f9,acquisition,
993,originals/apho/2023/APhO_2023_M2__622c92d7dd16e634.pdf,files/apho/2023/APhO_2023_M2__622c92d7dd16e634.pdf,622c92d7dd16e63419605ecebcf98f6aa2b8e5bc1413dc8b7bccd88b005fef3f,129465,2,hardlink,622c92d7dd16e63419605ecebcf98f6aa2b8e5bc1413dc8b7bccd88b005fef3f,acquisition,
994,originals/apho/2023/APhO_2023_Q3__897d0121a46051f9.pdf,files/apho/2023/APhO_2023_Q3__897d0121a46051f9.pdf,897d0121a46051f906b7a141f9249a585c4ed3e389b7e8426194da709b45cba0,376224,7,hardlink,897d0121a46051f906b7a141f9249a585c4ed3e389b7e8426194da709b45cba0,acquisition,
995,originals/apho/2023/APhO_2023_S3__ece1e5c3ed1d16e7.pdf,files/apho/2023/APhO_2023_S3__ece1e5c3ed1d16e7.pdf,ece1e5c3ed1d16e798b12e213c0ce7e72fa5902003689143d26381c9c5a92355,101432,8,hardlink,ece1e5c3ed1d16e798b12e213c0ce7e72fa5902003689143d26381c9c5a92355,acquisition,
996,originals/apho/2023/APhO_2023_Q4__86fa88c1728aaaed.pdf,files/apho/2023/APhO_2023_Q4__86fa88c1728aaaed.pdf,86fa88c1728aaaed3203ff1da002a519c24fd9a623fcb2d44dbc270c1da3c24d,3730117,10,hardlink,86fa88c1728aaaed3203ff1da002a519c24fd9a623fcb2d44dbc270c1da3c24d,acquisition,
997,originals/apho/2023/APhO_2023_S4__ce0ea1c5375d1a6d.pdf,files/apho/2023/APhO_2023_S4__ce0ea1c5375d1a6d.pdf,ce0ea1c5375d1a6dd89251af7c7b7a141cdd9a4075b273cf6fddefbba38316e2,1132009,15,hardlink,ce0ea1c5375d1a6dd89251af7c7b7a141cdd9a4075b273cf6fddefbba38316e2,acquisition,
998,originals/apho/2023/APhO_2023_M3__24bd58cfc46e9b8b.pdf,files/apho/2023/APhO_2023_M3__24bd58cfc46e9b8b.pdf,24bd58cfc46e9b8b97102e6d3873acdc9779005c91b7a6fd1a527178045a679e,189914,3,hardlink,24bd58cfc46e9b8b97102e6d3873acdc9779005c91b7a6fd1a527178045a679e,acquisition,
999,originals/apho/2023/APhO_2023_S5__b158d82e3f2197e3.pdf,files/apho/2023/APhO_2023_S5__b158d82e3f2197e3.pdf,b158d82e3f2197e3bbd774974afb45904c092893f4b276462eaa400a41e21952,627229,9,hardlink,b158d82e3f2197e3bbd774974afb45904c092893f4b276462eaa400a41e21952,acquisition,
reference::apho2022_simulator_archive_326,references\apho2022_simulators_5f5ccc6c003c3fc4f037007eee4c1f9c93d7391e.zip,references/apho2022_simulators_5f5ccc6c003c3fc4f037007eee4c1f9c93d7391e.zip,ad305db8bb7f027d1738257f6ccf2e9d0ce561f9350722ea7a4ffc635f8a4df3,6147396,,hardlink,ad305db8bb7f027d1738257f6ccf2e9d0ce561f9350722ea7a4ffc635f8a4df3,screening,https://codeload.github.com/apho2022/apho2022.github.io/zip/5f5ccc6c003c3fc4f037007eee4c1f9c93d7391e
reference::arxiv_2412.13580v2,references/arxiv_2412.13580v2.pdf,references/arxiv_2412.13580v2.pdf,a423858750b0d8fd643ccdb7631b64598c1101d5e5fbc4589275aba124fce7f3,423605,17,hardlink,a423858750b0d8fd643ccdb7631b64598c1101d5e5fbc4589275aba124fce7f3,screening,https://arxiv.org/pdf/2412.13580v2
reference::ortvay_1998_q35_roland_original,references\ortvay_1998_q35_roland_original.jpg,references/ortvay_1998_q35_roland_original.jpg,4ba6dd7294373c9a08c729b9143bd6cd81c87c7450675c97e1356188d6f9b3e3,219847,,hardlink,4ba6dd7294373c9a08c729b9143bd6cd81c87c7450675c97e1356188d6f9b3e3,screening,https://ortvay.elte.hu/1998/roland.jpg
reference::ortvay_2001_q19_sheehan_provenance,references\ortvay_2001_q19_sheehan_provenance.json,references/ortvay_2001_q19_sheehan_provenance.json,d07e091cb16faaaeabe1ec9e279b2d59b82ddf85b5f0c1eb287f9d1d90796402,1092,,hardlink,d07e091cb16faaaeabe1ec9e279b2d59b82ddf85b5f0c1eb287f9d1d90796402,screening,https://www.padrak.com/ine/SHEEHAN.html
reference::ortvay_2004_q1_budapest_original,references\ortvay_2004_q1_budapest_original.jpg,references/ortvay_2004_q1_budapest_original.jpg,6a703e3b852946fc1978359c93dc97568b504353a80a1cd3ceaa1b4e76a8b5ab,1230848,,hardlink,6a703e3b852946fc1978359c93dc97568b504353a80a1cd3ceaa1b4e76a8b5ab,screening,https://ortvay.elte.hu/2004/budapest.jpg
reference::ortvay_2010_q32_Berry_Mondragon_1987,references/ortvay_2010_q32_Berry_Mondragon_1987.pdf,references/ortvay_2010_q32_Berry_Mondragon_1987.pdf,d812c3ca3f4185bd231e3e19439c196c5844f6f8e5f0ac30f41849e9ede523d0,1711193,22,hardlink,d812c3ca3f4185bd231e3e19439c196c5844f6f8e5f0ac30f41849e9ede523d0,screening,https://michaelberryphysics.wordpress.com/wp-content/uploads/2013/07/berry161.pdf
reference::ortvay_2011_q40_US_life_tables_2007,references/ortvay_2011_q40_US_life_tables_2007.pdf,references/ortvay_2011_q40_US_life_tables_2007.pdf,c57790f4ded49d9d92eb26afe7139a18ea48c62b5943e916b910c0c959a8ce8c,1536697,61,hardlink,c57790f4ded49d9d92eb26afe7139a18ea48c62b5943e916b910c0c959a8ce8c,screening,https://www.cdc.gov/nchs/data/nvsr/nvsr59/nvsr59_09.pdf
reference::ortvay_2012_q29_atmosphere_2011,references/ortvay_2012_q29_atmosphere_2011.svg,references/ortvay_2012_q29_atmosphere_2011.svg,9c9a23a9703eb40d8509732cc37d12a13153a341aee3eb45fca91608ee7078d8,8707,,hardlink,9c9a23a9703eb40d8509732cc37d12a13153a341aee3eb45fca91608ee7078d8,screening,https://upload.wikimedia.org/wikipedia/commons/archive/9/9d/20141031174254%21Comparison_US_standard_atmosphere_1962.svg
reference::ortvay_2012_q29_atmosphere_current,references/ortvay_2012_q29_atmosphere_current.svg,references/ortvay_2012_q29_atmosphere_current.svg,724629b682982eb6f09cb048d42091f536b61c08f782e94aaed4f04203fc19f3,21553,,hardlink,724629b682982eb6f09cb048d42091f536b61c08f782e94aaed4f04203fc19f3,screening,https://upload.wikimedia.org/wikipedia/commons/9/9d/Comparison_US_standard_atmosphere_1962.svg?download=1
reference::ortvay_2012_q29_graph_attribution,references/ortvay_2012_q29_graph_attribution.txt,references/ortvay_2012_q29_graph_attribution.txt,712df4a0a219c401d862d384edf4c6296e51be3deb505823a5e48a4e053a2b82,606,,hardlink,712df4a0a219c401d862d384edf4c6296e51be3deb505823a5e48a4e053a2b82,screening,https://commons.wikimedia.org/wiki/File:Comparison_US_standard_atmosphere_1962.svg
reference::ortvay_2014_q35_DR7_statement_sample_100,references/ortvay_2014_q35_DR7_statement_sample_100.csv,references/ortvay_2014_q35_DR7_statement_sample_100.csv,b81f1abf91fe1e8f2b80d58233fbb7ba5fc6f4af860a3e59d972d13fbbb6089d,3556,,hardlink,b81f1abf91fe1e8f2b80d58233fbb7ba5fc6f4af860a3e59d972d13fbbb6089d,screening,https://skyserver.sdss.org/dr7/en/tools/search/x_sql.asp?cmd=SELECT+TOP+100+p.l%2C+p.b%2C+s.z+FROM+SpecObj+s+INNER+JOIN+Star+p+ON+p.objID+%3D+s.bestObjID+WHERE+s.SpecClass+%3D+1&format=csv
reference::ortvay_2016_q08_h_vs_t,references/ortvay_2016_q08_h_vs_t.txt,references/ortvay_2016_q08_h_vs_t.txt,cd98ebb65455299c6caa7ed7a595be992e79ef4710d8ae92070b7ccffe45cd7f,4289,,hardlink,cd98ebb65455299c6caa7ed7a595be992e79ef4710d8ae92070b7ccffe45cd7f,screening,https://oroszl.web.elte.hu/szamprob/notebooks/Package05/data/BAUMGARTNER/h_vs_t
reference::ortvay_2016_q08_v_vs_t,references/ortvay_2016_q08_v_vs_t.txt,references/ortvay_2016_q08_v_vs_t.txt,90368299ade77c057e4c01f7aea687b9b5159df61bf8756b8976a9fc93fdb845,6953,,hardlink,90368299ade77c057e4c01f7aea687b9b5159df61bf8756b8976a9fc93fdb845,screening,https://oroszl.web.elte.hu/szamprob/notebooks/Package05/data/BAUMGARTNER/v_vs_t
reference::ortvay_2017_q36_arxiv_1605.01087v3,references/ortvay_2017_q36_arxiv_1605.01087v3.pdf,references/ortvay_2017_q36_arxiv_1605.01087v3.pdf,9165c7769adea5e6a03220d55cf74a30a09fad4eee2166eb98c53c4844745b12,3447731,9,hardlink,9165c7769adea5e6a03220d55cf74a30a09fad4eee2166eb98c53c4844745b12,screening,https://arxiv.org/pdf/1605.01087v3
reference::ortvay_2020_p05_data_EN,references/ortvay_2020_p05_data_EN.txt,references/ortvay_2020_p05_data_EN.txt,4f40243014e84d05b899593113edc6a12cffc5b0d19548f2e18087abe07f4dbb,602,,hardlink,4f40243014e84d05b899593113edc6a12cffc5b0d19548f2e18087abe07f4dbb,screening,https://ortvay.elte.hu/2020/p05/p05_data_EN.txt
reference::ortvay_2024_piszkes,references/ortvay_2024_piszkes.jpg,references/ortvay_2024_piszkes.jpg,69f3a71d5b4c65e28e0da9440e14a57d1216c9fac0cbbb064fd122920b18fd10,3609921,,hardlink,69f3a71d5b4c65e28e0da9440e14a57d1216c9fac0cbbb064fd122920b18fd10,screening,https://ortvay.elte.hu/2024/piszkes.jpg
reference::us2022_collision_2022-final_source,references/us2022_collision_2022-final_source.zip,references/us2022_collision_2022-final_source.zip,28a188efe7156e87c5756d40769efb70d8cb176d8e18b389cde482a077fd5c95,22728,,hardlink,28a188efe7156e87c5756d40769efb70d8cb176d8e18b389cde482a077fd5c95,screening,https://api.github.com/repos/USPhysicsTeam/2022-future-circular-collider/zipball/2022-final
reference::us2022_collision_2022-final_windows,references/us2022_collision_2022-final_windows.exe,references/us2022_collision_2022-final_windows.exe,3f766ee0f0a83c20daabb3870ae09510ab00704a86a644483bca2982bc4434e5,999424,,hardlink,3f766ee0f0a83c20daabb3870ae09510ab00704a86a644483bca2982bc4434e5,screening,https://github.com/USPhysicsTeam/2022-future-circular-collider/releases/download/2022-final/collision-black-box-windows.exe
